"Ergebnisart";"Datum";"Uhrzeit";"Soll.Wahlbezirke";"Ist.Wahlbezirke";"Satzart";"Schlüsselnummer";"Name";"Wahllokal";"A.Wahlberechtigte";"B.Wähler";"E.Ungültige.Zweitstimmen";"F.Gültige.Zweitstimmen";"F01.CDU";"F02.AfD";"F03.Die Linke";"F04.SPD";"F05.FDP";"F06.GRÜNE";"F07.FREIE WÄHLER";"F08.dieBasis";"F09.Tierschutzpartei";"F10.Gartenpartei";"F11.Die PARTEI";"F12.TIERSCHUTZALLIANZ";"F15.BSW";"F19.PdF";"F20.Volt";"C.Ungültige.Erststimmen";"D.Gültige.Erststimmen";"D01.CDU";"D02.AfD";"D03.Die Linke";"D04.SPD";"D05.FDP";"D06.GRÜNE";"D07.FREIE WÄHLER";"D09.Tierschutzpartei";"D10.Gartenpartei";"D11.Die PARTEI";"D12.TIERSCHUTZALLIANZ";"D13.HEIMAT";"D15.BSW";"D19.PdF";"D20.Volt";"D21.EB"
"Z";"06.09.2026";"20:25:21";57;47;"GEM";"15001000";"Dessau-Roßlau, Stadt";"U";47985;27127;314;26813;4151;12335;2063;2338;760;2318;230;25;335;129;71;147;1769;34;108;390;26737;6533;13133;2690;2027;1106;862;274;;;;;112;;;;
"Z";"06.09.2026";"20:20:18";22;18;"GEM";"15001000";"Dessau-Roßlau, Stadt";"B";0;10635;71;10564;2814;2233;1063;1426;407;1509;126;15;116;51;27;49;679;17;32;143;10492;4301;2315;1367;1046;638;634;136;;;;;55;;;;
"Z";"06.09.2026";"20:25:21";79;65;"GEM";"15001000";"Dessau-Roßlau, Stadt";"";47985;37762;385;37377;6965;14568;3126;3764;1167;3827;356;40;451;180;98;196;2448;51;140;533;37229;10834;15448;4057;3073;1744;1496;410;;;;;167;;;;
"Z";"06.09.2026";"20:20:34";126;75;"GEM";"15002000";"Halle (Saale), Stadt";"U";96889;49739;471;49268;5951;16937;5313;5381;1358;10142;354;74;506;170;170;252;2401;70;189;541;49198;8547;17067;12063;4121;1531;3434;245;;;;;;2056;;;134
"Z";"06.09.2026";"20:20:35";60;36;"GEM";"15002000";"Halle (Saale), Stadt";"B";0;24033;108;23925;4154;3505;3255;3901;759;6396;211;38;184;104;74;83;1137;41;83;146;23887;5752;3418;7797;2610;919;2016;190;;;;;;1127;;;58
"Z";"06.09.2026";"20:20:35";186;111;"GEM";"15002000";"Halle (Saale), Stadt";"";96889;73772;579;73193;10105;20442;8568;9282;2117;16538;565;112;690;274;244;335;3538;111;272;687;73085;14299;20485;19860;6731;2450;5450;435;;;;;;3183;;;192
"Z";"06.09.2026";"20:31:56";148;124;"GEM";"15003000";"Magdeburg, Landeshauptstadt";"U";142584;70931;662;70269;8929;29016;6785;6971;1766;10083;360;112;622;972;199;587;3431;107;329;665;70266;15136;29358;11337;5063;1659;2666;;;1358;;512;;2940;;237;
"Z";"06.09.2026";"20:28:23";70;58;"GEM";"15003000";"Magdeburg, Landeshauptstadt";"B";0;41033;154;40879;8319;7248;5251;6431;1483;7921;259;52;327;527;127;347;2279;85;223;215;40818;13297;7085;8514;4302;1511;2536;;;969;;346;;2051;;207;
"Z";"06.09.2026";"20:31:56";218;182;"GEM";"15003000";"Magdeburg, Landeshauptstadt";"";142584;111964;816;111148;17248;36264;12036;13402;3249;18004;619;164;949;1499;326;934;5710;192;552;880;111084;28433;36443;19851;9365;3170;5202;;;2327;;858;;4991;;444;
"V";"06.09.2026";"19:03:27";3;3;"GEM";"15081026";"Apenburg-Winterfeld, Flecken";"U";1315;947;14;933;145;454;71;97;24;53;5;1;7;5;3;3;62;2;1;13;934;234;460;84;59;18;23;;;;9;;;47;;;
"L";;;1;0;"GEM";"15081026";"Apenburg-Winterfeld, Flecken";"B";0;0;0;0;0;0;0;0;0;0;0;0;0;0;0;0;0;0;0;0;0;0;0;0;0;0;0;;;;0;;;0;;;
"Z";"06.09.2026";"19:03:27";4;3;"GEM";"15081026";"Apenburg-Winterfeld, Flecken";"";1315;947;14;933;145;454;71;97;24;53;5;1;7;5;3;3;62;2;1;13;934;234;460;84;59;18;23;;;;9;;;47;;;
"V";"06.09.2026";"19:36:04";16;16;"GEM";"15081030";"Arendsee (Altmark), Stadt";"U";5337;3268;39;3229;543;1573;296;238;122;177;31;12;23;10;12;11;163;5;13;45;3223;715;1556;350;249;86;71;;;;30;;;166;;;
"L";;;1;0;"GEM";"15081030";"Arendsee (Altmark), Stadt";"B";0;0;0;0;0;0;0;0;0;0;0;0;0;0;0;0;0;0;0;0;0;0;0;0;0;0;0;;;;0;;;0;;;
"Z";"06.09.2026";"19:36:04";17;16;"GEM";"15081030";"Arendsee (Altmark), Stadt";"";5337;3268;39;3229;543;1573;296;238;122;177;31;12;23;10;12;11;163;5;13;45;3223;715;1556;350;249;86;71;;;;30;;;166;;;
"Z";"06.09.2026";"19:02:23";6;5;"GEM";"15081045";"Beetzendorf";"U";1079;687;3;684;104;299;74;46;17;91;5;2;5;3;3;2;32;1;0;3;684;178;293;109;32;8;29;;;;5;;;30;;;
"L";;;1;0;"GEM";"15081045";"Beetzendorf";"B";0;0;0;0;0;0;0;0;0;0;0;0;0;0;0;0;0;0;0;0;0;0;0;0;0;0;0;;;;0;;;0;;;
"Z";"06.09.2026";"19:02:23";7;5;"GEM";"15081045";"Beetzendorf";"";1079;687;3;684;104;299;74;46;17;91;5;2;5;3;3;2;32;1;0;3;684;178;293;109;32;8;29;;;;5;;;30;;;
"V";"06.09.2026";"19:26:32";2;2;"GEM";"15081095";"Dähre";"U";1125;717;7;710;124;333;62;60;29;63;4;1;2;0;2;0;30;0;0;5;712;185;334;71;45;30;17;;;;4;;;26;;;
"L";;;1;0;"GEM";"15081095";"Dähre";"B";0;0;0;0;0;0;0;0;0;0;0;0;0;0;0;0;0;0;0;0;0;0;0;0;0;0;0;;;;0;;;0;;;
"Z";"06.09.2026";"19:26:32";3;2;"GEM";"15081095";"Dähre";"";1125;717;7;710;124;333;62;60;29;63;4;1;2;0;2;0;30;0;0;5;712;185;334;71;45;30;17;;;;4;;;26;;;
"L";;;1;0;"GEM";"15081105";"Diesdorf, Flecken";"U";0;0;0;0;0;0;0;0;0;0;0;0;0;0;0;0;0;0;0;0;0;0;0;0;0;0;0;;;;0;;;0;;;
"L";;;1;0;"GEM";"15081105";"Diesdorf, Flecken";"B";0;0;0;0;0;0;0;0;0;0;0;0;0;0;0;0;0;0;0;0;0;0;0;0;0;0;0;;;;0;;;0;;;
"L";;;2;0;"GEM";"15081105";"Diesdorf, Flecken";"";0;0;0;0;0;0;0;0;0;0;0;0;0;0;0;0;0;0;0;0;0;0;0;0;0;0;0;;;;0;;;0;;;
"Z";"06.09.2026";"19:46:03";37;34;"GEM";"15081135";"Gardelegen, Hansestadt";"U";14868;9452;110;9342;1434;4446;781;917;268;590;81;13;114;54;37;61;498;16;32;111;9341;2190;4375;870;706;337;187;;;;145;;;531;;;
"L";;;3;0;"GEM";"15081135";"Gardelegen, Hansestadt";"B";0;0;0;0;0;0;0;0;0;0;0;0;0;0;0;0;0;0;0;0;0;0;0;0;0;0;0;;;;0;;;0;;;
"Z";"06.09.2026";"19:46:03";40;34;"GEM";"15081135";"Gardelegen, Hansestadt";"";14868;9452;110;9342;1434;4446;781;917;268;590;81;13;114;54;37;61;498;16;32;111;9341;2190;4375;870;706;337;187;;;;145;;;531;;;
"V";"06.09.2026";"18:59:32";5;5;"GEM";"15081225";"Jübar";"U";1230;853;7;846;134;469;57;60;10;47;11;1;11;5;1;5;33;2;0;6;847;238;432;54;53;17;13;;;;10;;;30;;;
"L";;;1;0;"GEM";"15081225";"Jübar";"B";0;0;0;0;0;0;0;0;0;0;0;0;0;0;0;0;0;0;0;0;0;0;0;0;0;0;0;;;;0;;;0;;;
"Z";"06.09.2026";"18:59:32";6;5;"GEM";"15081225";"Jübar";"";1230;853;7;846;134;469;57;60;10;47;11;1;11;5;1;5;33;2;0;6;847;238;432;54;53;17;13;;;;10;;;30;;;
"Z";"06.09.2026";"19:23:21";17;14;"GEM";"15081240";"Kalbe (Milde), Stadt";"U";4102;2581;25;2556;417;1242;228;214;70;157;22;3;22;6;12;7;145;2;9;27;2554;567;1262;279;154;76;57;;;;29;;;130;;;
"L";;;1;0;"GEM";"15081240";"Kalbe (Milde), Stadt";"B";0;0;0;0;0;0;0;0;0;0;0;0;0;0;0;0;0;0;0;0;0;0;0;0;0;0;0;;;;0;;;0;;;
"Z";"06.09.2026";"19:23:21";18;14;"GEM";"15081240";"Kalbe (Milde), Stadt";"";4102;2581;25;2556;417;1242;228;214;70;157;22;3;22;6;12;7;145;2;9;27;2554;567;1262;279;154;76;57;;;;29;;;130;;;
"Z";"06.09.2026";"19:38:26";17;15;"GEM";"15081280";"Klötze, Stadt";"U";6024;3670;45;3625;577;1671;316;411;94;243;45;6;22;17;19;20;168;6;10;42;3628;811;1652;507;274;97;86;;;;42;;;159;;;
"L";;;2;0;"GEM";"15081280";"Klötze, Stadt";"B";0;0;0;0;0;0;0;0;0;0;0;0;0;0;0;0;0;0;0;0;0;0;0;0;0;0;0;;;;0;;;0;;;
"Z";"06.09.2026";"19:38:26";19;15;"GEM";"15081280";"Klötze, Stadt";"";6024;3670;45;3625;577;1671;316;411;94;243;45;6;22;17;19;20;168;6;10;42;3628;811;1652;507;274;97;86;;;;42;;;159;;;
"V";"06.09.2026";"19:34:01";3;3;"GEM";"15081290";"Kuhfelde";"U";857;608;8;600;105;312;40;36;15;42;11;0;1;2;4;3;27;2;0;9;599;131;310;46;36;20;18;;;;9;;;29;;;
"V";"06.09.2026";"19:33:27";1;1;"GEM";"15081290";"Kuhfelde";"B";0;100;0;100;24;20;11;10;2;15;0;0;0;1;1;3;12;0;1;0;100;31;24;15;10;3;4;;;;3;;;10;;;
"V";"06.09.2026";"19:34:01";4;4;"GEM";"15081290";"Kuhfelde";"";857;708;8;700;129;332;51;46;17;57;11;0;1;3;5;6;39;2;1;9;699;162;334;61;46;23;22;;;;12;;;39;;;
"V";"06.09.2026";"18:53:57";3;3;"GEM";"15081440";"Rohrberg";"U";820;592;5;587;92;314;34;41;7;45;5;1;10;3;2;3;30;0;0;3;589;130;316;42;43;13;10;;;;12;;;23;;;
"L";;;1;0;"GEM";"15081440";"Rohrberg";"B";0;0;0;0;0;0;0;0;0;0;0;0;0;0;0;0;0;0;0;0;0;0;0;0;0;0;0;;;;0;;;0;;;
"Z";"06.09.2026";"18:53:57";4;3;"GEM";"15081440";"Rohrberg";"";820;592;5;587;92;314;34;41;7;45;5;1;10;3;2;3;30;0;0;3;589;130;316;42;43;13;10;;;;12;;;23;;;
"Z";"06.09.2026";"19:46:47";21;16;"GEM";"15081455";"Salzwedel, Hansestadt";"U";10601;6336;79;6257;955;2851;677;595;147;453;59;15;57;23;18;32;349;12;14;90;6246;1452;2850;841;418;152;163;;;;66;;;304;;;
"Z";"06.09.2026";"19:40:37";4;1;"GEM";"15081455";"Salzwedel, Hansestadt";"B";0;953;3;950;230;215;137;135;32;108;9;0;6;4;2;2;64;2;4;3;950;330;200;194;89;37;26;;;;6;;;68;;;
"Z";"06.09.2026";"19:46:47";25;17;"GEM";"15081455";"Salzwedel, Hansestadt";"";10601;7289;82;7207;1185;3066;814;730;179;561;68;15;63;27;20;34;413;14;18;93;7196;1782;3050;1035;507;189;189;;;;72;;;372;;;
"V";"06.09.2026";"19:00:15";2;2;"GEM";"15081545";"Wallstawe";"U";685;446;8;438;69;233;32;35;10;34;5;0;2;0;0;0;13;1;4;8;438;103;227;44;26;15;7;;;;2;;;14;;;
"L";;;1;0;"GEM";"15081545";"Wallstawe";"B";0;0;0;0;0;0;0;0;0;0;0;0;0;0;0;0;0;0;0;0;0;0;0;0;0;0;0;;;;0;;;0;;;
"Z";"06.09.2026";"19:00:15";3;2;"GEM";"15081545";"Wallstawe";"";685;446;8;438;69;233;32;35;10;34;5;0;2;0;0;0;13;1;4;8;438;103;227;44;26;15;7;;;;2;;;14;;;
"Z";"06.09.2026";"19:40:40";8;7;"GEM";"15082005";"Aken (Elbe), Stadt";"U";4233;2540;31;2509;404;1364;180;151;91;106;26;3;24;7;6;16;129;1;1;40;2500;488;1418;225;138;178;53;;;;;;;;;;
"L";;;1;0;"GEM";"15082005";"Aken (Elbe), Stadt";"B";0;0;0;0;0;0;0;0;0;0;0;0;0;0;0;0;0;0;0;0;0;0;0;0;0;0;0;;;;;;;;;;
"Z";"06.09.2026";"19:40:40";9;7;"GEM";"15082005";"Aken (Elbe), Stadt";"";4233;2540;31;2509;404;1364;180;151;91;106;26;3;24;7;6;16;129;1;1;40;2500;488;1418;225;138;178;53;;;;;;;;;;
"Z";"06.09.2026";"19:55:07";25;19;"GEM";"15082015";"Bitterfeld-Wolfen, Stadt";"U";21174;11414;137;11277;1595;6319;830;738;241;546;154;5;122;51;29;67;530;11;39;150;11264;1904;6643;1021;712;281;276;427;;;;;;;;;
"Z";"06.09.2026";"19:46:22";6;3;"GEM";"15082015";"Bitterfeld-Wolfen, Stadt";"B";0;3006;13;2993;781;860;300;357;68;254;80;1;43;20;6;19;188;3;13;23;2983;915;916;411;327;93;134;187;;;;;;;;;
"Z";"06.09.2026";"19:55:07";31;22;"GEM";"15082015";"Bitterfeld-Wolfen, Stadt";"";21174;14420;150;14270;2376;7179;1130;1095;309;800;234;6;165;71;35;86;718;14;52;173;14247;2819;7559;1432;1039;374;410;614;;;;;;;;;
"Z";"06.09.2026";"20:12:41";22;18;"GEM";"15082180";"Köthen (Anhalt), Stadt";"U";12942;7170;74;7096;1111;3686;612;477;193;406;60;10;71;36;11;49;341;6;27;86;7084;1640;3666;698;426;209;200;;;;;;;245;;;
"L";;;2;0;"GEM";"15082180";"Köthen (Anhalt), Stadt";"B";0;0;0;0;0;0;0;0;0;0;0;0;0;0;0;0;0;0;0;0;0;0;0;0;0;0;0;;;;;;;0;;;
"Z";"06.09.2026";"20:12:41";24;18;"GEM";"15082180";"Köthen (Anhalt), Stadt";"";12942;7170;74;7096;1111;3686;612;477;193;406;60;10;71;36;11;49;341;6;27;86;7084;1640;3666;698;426;209;200;;;;;;;245;;;
"Z";"06.09.2026";"19:38:22";13;10;"GEM";"15082241";"Muldestausee";"U";5983;3602;32;3570;540;2000;198;177;124;176;50;5;55;21;3;28;178;8;7;43;3559;753;1989;247;169;151;82;;;;;;;168;;;
"V";"06.09.2026";"19:52:45";3;3;"GEM";"15082241";"Muldestausee";"B";0;2243;18;2225;634;664;201;200;71;225;22;1;32;11;12;12;126;8;6;34;2209;815;657;234;166;82;118;;;;;;;137;;;
"Z";"06.09.2026";"19:52:45";16;13;"GEM";"15082241";"Muldestausee";"";5983;5845;50;5795;1174;2664;399;377;195;401;72;6;87;32;15;40;304;16;13;77;5768;1568;2646;481;335;233;200;;;;;;;305;;;
"Z";"06.09.2026";"19:56:16";18;16;"GEM";"15082256";"Osternienburger Land";"U";5610;3759;60;3699;599;2076;293;175;105;138;33;3;32;13;16;22;174;3;17;73;3686;821;2139;359;158;146;63;;;;;;;;;;
"L";;;1;0;"GEM";"15082256";"Osternienburger Land";"B";0;0;0;0;0;0;0;0;0;0;0;0;0;0;0;0;0;0;0;0;0;0;0;0;0;0;0;;;;;;;;;;
"Z";"06.09.2026";"19:56:16";19;16;"GEM";"15082256";"Osternienburger Land";"";5610;3759;60;3699;599;2076;293;175;105;138;33;3;32;13;16;22;174;3;17;73;3686;821;2139;359;158;146;63;;;;;;;;;;
"Z";"06.09.2026";"19:47:54";10;9;"GEM";"15082301";"Raguhn-Jeßnitz, Stadt";"U";6026;3890;38;3852;484;2437;189;145;83;163;43;5;50;22;2;26;182;7;14;45;3845;661;2500;244;136;95;74;;;;;;;135;;;
"L";;;1;0;"GEM";"15082301";"Raguhn-Jeßnitz, Stadt";"B";0;0;0;0;0;0;0;0;0;0;0;0;0;0;0;0;0;0;0;0;0;0;0;0;0;0;0;;;;;;;0;;;
"Z";"06.09.2026";"19:47:54";11;9;"GEM";"15082301";"Raguhn-Jeßnitz, Stadt";"";6026;3890;38;3852;484;2437;189;145;83;163;43;5;50;22;2;26;182;7;14;45;3845;661;2500;244;136;95;74;;;;;;;135;;;
"V";"06.09.2026";"20:00:36";14;14;"GEM";"15082340";"Sandersdorf-Brehna, Stadt";"U";11898;6782;77;6705;949;3759;417;408;184;338;128;9;95;23;21;46;299;11;18;84;6698;1154;3877;485;404;197;235;346;;;;;;;;;
"L";;;3;0;"GEM";"15082340";"Sandersdorf-Brehna, Stadt";"B";0;0;0;0;0;0;0;0;0;0;0;0;0;0;0;0;0;0;0;0;0;0;0;0;0;0;0;0;;;;;;;;;
"Z";"06.09.2026";"20:00:36";17;14;"GEM";"15082340";"Sandersdorf-Brehna, Stadt";"";11898;6782;77;6705;949;3759;417;408;184;338;128;9;95;23;21;46;299;11;18;84;6698;1154;3877;485;404;197;235;346;;;;;;;;;
"Z";"06.09.2026";"20:06:07";27;26;"GEM";"15082377";"Südliches Anhalt, Stadt";"U";10090;6861;87;6774;1118;3823;498;344;160;271;81;6;68;24;14;35;307;12;13;79;6782;1606;3822;572;268;192;98;;;;;;;224;;;
"L";;;1;0;"GEM";"15082377";"Südliches Anhalt, Stadt";"B";0;0;0;0;0;0;0;0;0;0;0;0;0;0;0;0;0;0;0;0;0;0;0;0;0;0;0;;;;;;;0;;;
"Z";"06.09.2026";"20:06:07";28;26;"GEM";"15082377";"Südliches Anhalt, Stadt";"";10090;6861;87;6774;1118;3823;498;344;160;271;81;6;68;24;14;35;307;12;13;79;6782;1606;3822;572;268;192;98;;;;;;;224;;;
"Z";"06.09.2026";"19:47:30";33;31;"GEM";"15082430";"Zerbst/Anhalt, Stadt";"U";13974;8482;94;8388;1340;4462;547;624;190;415;136;7;82;38;21;37;440;12;37;147;8335;1906;4597;646;703;270;213;;;;;;;;;;
"Z";"06.09.2026";"19:43:35";3;1;"GEM";"15082430";"Zerbst/Anhalt, Stadt";"B";0;913;5;908;268;225;99;111;27;63;18;1;17;8;1;4;60;4;2;14;899;366;228;124;101;44;36;;;;;;;;;;
"Z";"06.09.2026";"19:47:30";36;32;"GEM";"15082430";"Zerbst/Anhalt, Stadt";"";13974;9395;99;9296;1608;4687;646;735;217;478;154;8;99;46;22;41;500;16;39;161;9234;2272;4825;770;804;314;249;;;;;;;;;;
"Z";"06.09.2026";"19:50:29";12;10;"GEM";"15082440";"Zörbig, Stadt";"U";5662;3502;49;3453;560;1942;181;201;76;157;87;5;29;15;6;19;162;8;5;51;3451;688;1996;202;202;64;74;225;;;;;;;;;
"L";;;1;0;"GEM";"15082440";"Zörbig, Stadt";"B";0;0;0;0;0;0;0;0;0;0;0;0;0;0;0;0;0;0;0;0;0;0;0;0;0;0;0;0;;;;;;;;;
"Z";"06.09.2026";"19:50:29";13;10;"GEM";"15082440";"Zörbig, Stadt";"";5662;3502;49;3453;560;1942;181;201;76;157;87;5;29;15;6;19;162;8;5;51;3451;688;1996;202;202;64;74;225;;;;;;;;;
"V";"06.09.2026";"19:15:37";3;3;"GEM";"15083020";"Altenhausen";"U";847;566;5;561;98;275;43;49;10;30;5;3;4;6;3;3;31;0;1;8;558;152;266;47;41;14;11;;;;;;;27;;;
"V";"06.09.2026";"19:31:41";1;1;"GEM";"15083020";"Altenhausen";"B";0;129;0;129;24;39;17;20;3;10;0;0;4;2;1;1;8;0;0;0;129;44;38;13;18;2;5;;;;;;;9;;;
"V";"06.09.2026";"19:31:41";4;4;"GEM";"15083020";"Altenhausen";"";847;695;5;690;122;314;60;69;13;40;5;3;8;8;4;4;39;0;1;8;687;196;304;60;59;16;16;;;;;;;36;;;
"V";"06.09.2026";"19:18:13";4;4;"GEM";"15083025";"Am Großen Bruch";"U";1646;1097;10;1087;200;640;52;61;27;27;14;1;7;9;2;2;45;0;0;13;1084;248;644;71;41;27;15;;;;;;;38;;;
"V";"06.09.2026";"19:37:05";1;1;"GEM";"15083025";"Am Großen Bruch";"B";0;252;3;249;61;72;21;41;11;11;5;0;4;2;0;2;18;1;0;5;247;93;66;27;27;6;6;;;;;;;22;;;
"V";"06.09.2026";"19:37:05";5;5;"GEM";"15083025";"Am Großen Bruch";"";1646;1349;13;1336;261;712;73;102;38;38;19;1;11;11;2;4;63;1;0;18;1331;341;710;98;68;33;21;;;;;;;60;;;
"V";"06.09.2026";"20:27:52";4;4;"GEM";"15083030";"Angern";"U";1572;1051;14;1037;173;517;86;69;17;72;15;1;6;5;1;2;71;0;2;12;1039;256;507;95;54;16;22;;;;;;;77;;;12
"L";;;1;0;"GEM";"15083030";"Angern";"B";0;0;0;0;0;0;0;0;0;0;0;0;0;0;0;0;0;0;0;0;0;0;0;0;0;0;0;;;;;;;0;;;0
"Z";"06.09.2026";"20:27:52";5;4;"GEM";"15083030";"Angern";"";1572;1051;14;1037;173;517;86;69;17;72;15;1;6;5;1;2;71;0;2;12;1039;256;507;95;54;16;22;;;;;;;77;;;12
"V";"06.09.2026";"19:10:19";2;2;"GEM";"15083035";"Ausleben";"U";1327;836;4;832;99;523;46;46;22;19;25;0;10;15;2;4;20;0;1;12;824;133;530;56;36;25;15;;;;;;;29;;;
"L";;;1;0;"GEM";"15083035";"Ausleben";"B";0;0;0;0;0;0;0;0;0;0;0;0;0;0;0;0;0;0;0;0;0;0;0;0;0;0;0;;;;;;;0;;;
"Z";"06.09.2026";"19:10:19";3;2;"GEM";"15083035";"Ausleben";"";1327;836;4;832;99;523;46;46;22;19;25;0;10;15;2;4;20;0;1;12;824;133;530;56;36;25;15;;;;;;;29;;;
"Z";"06.09.2026";"19:54:01";5;3;"GEM";"15083040";"Barleben";"U";4383;2483;27;2456;376;1285;142;165;69;189;34;2;29;9;5;10;124;5;12;23;2460;614;1279;165;129;74;52;;;;;;;105;;;42
"Z";"06.09.2026";"20:18:45";3;2;"GEM";"15083040";"Barleben";"B";0;1563;5;1558;415;381;133;212;64;181;19;0;23;9;4;15;97;0;5;6;1557;665;353;151;144;65;64;;;;;;;87;;;28
"Z";"06.09.2026";"20:18:45";8;5;"GEM";"15083040";"Barleben";"";4383;4046;32;4014;791;1666;275;377;133;370;53;2;52;18;9;25;221;5;17;29;4017;1279;1632;316;273;139;116;;;;;;;192;;;70
"V";"06.09.2026";"19:29:20";1;1;"GEM";"15083060";"Beendorf";"U";675;424;5;419;72;223;23;29;9;16;8;1;2;1;3;2;29;0;1;4;420;125;214;26;16;9;9;;;;;;;21;;;
"V";"06.09.2026";"20:12:09";1;1;"GEM";"15083060";"Beendorf";"B";0;99;1;98;24;35;8;12;1;7;1;0;0;0;0;3;7;0;0;1;98;34;35;7;9;1;3;;;;;;;9;;;
"V";"06.09.2026";"20:12:09";2;2;"GEM";"15083060";"Beendorf";"";675;523;6;517;96;258;31;41;10;23;9;1;2;1;3;5;36;0;1;5;518;159;249;33;25;10;12;;;;;;;30;;;
"V";"06.09.2026";"19:11:36";2;2;"GEM";"15083115";"Bülstringen";"U";700;512;7;505;106;254;26;45;14;14;10;1;2;1;2;4;25;1;0;7;505;181;241;15;28;13;5;;;;;;;22;;;
"V";"06.09.2026";"18:51:33";1;1;"GEM";"15083115";"Bülstringen";"B";0;88;0;88;21;22;6;16;6;6;1;0;4;0;0;2;4;0;0;0;88;46;20;3;4;5;3;;;;;;;7;;;
"V";"06.09.2026";"19:11:36";3;3;"GEM";"15083115";"Bülstringen";"";700;600;7;593;127;276;32;61;20;20;11;1;6;1;2;6;29;1;0;7;593;227;261;18;32;18;8;;;;;;;29;;;
"V";"06.09.2026";"20:16:23";4;4;"GEM";"15083120";"Burgstall";"U";1201;832;15;817;119;465;49;57;19;36;4;1;4;5;2;1;50;1;4;16;816;154;470;68;40;16;14;;;;;;;48;;;6
"L";;;1;0;"GEM";"15083120";"Burgstall";"B";0;0;0;0;0;0;0;0;0;0;0;0;0;0;0;0;0;0;0;0;0;0;0;0;0;0;0;;;;;;;0;;;0
"Z";"06.09.2026";"20:16:23";5;4;"GEM";"15083120";"Burgstall";"";1201;832;15;817;119;465;49;57;19;36;4;1;4;5;2;1;50;1;4;16;816;154;470;68;40;16;14;;;;;;;48;;;6
"V";"06.09.2026";"19:52:28";8;8;"GEM";"15083125";"Calvörde";"U";2731;1721;19;1702;300;862;136;122;33;77;19;2;22;9;10;6;94;3;7;25;1696;508;832;121;106;26;25;;;;;;;78;;;
"L";;;1;0;"GEM";"15083125";"Calvörde";"B";0;0;0;0;0;0;0;0;0;0;0;0;0;0;0;0;0;0;0;0;0;0;0;0;0;0;0;;;;;;;0;;;
"Z";"06.09.2026";"19:52:28";9;8;"GEM";"15083125";"Calvörde";"";2731;1721;19;1702;300;862;136;122;33;77;19;2;22;9;10;6;94;3;7;25;1696;508;832;121;106;26;25;;;;;;;78;;;
"Z";"06.09.2026";"20:24:21";3;2;"GEM";"15083130";"Colbitz";"U";1695;1018;3;1015;133;557;82;74;17;64;7;0;7;4;3;4;56;2;5;5;1013;189;559;107;56;26;22;;;;;;;42;;;12
"L";;;1;0;"GEM";"15083130";"Colbitz";"B";0;0;0;0;0;0;0;0;0;0;0;0;0;0;0;0;0;0;0;0;0;0;0;0;0;0;0;;;;;;;0;;;0
"Z";"06.09.2026";"20:24:21";4;2;"GEM";"15083130";"Colbitz";"";1695;1018;3;1015;133;557;82;74;17;64;7;0;7;4;3;4;56;2;5;5;1013;189;559;107;56;26;22;;;;;;;42;;;12
"V";"06.09.2026";"19:49:23";5;5;"GEM";"15083190";"Eilsleben";"U";2966;1747;25;1722;291;831;129;157;36;82;15;1;21;12;7;10;125;3;2;22;1725;447;835;123;127;51;36;;;;;;;106;;;
"V";"06.09.2026";"19:33:44";1;1;"GEM";"15083190";"Eilsleben";"B";0;590;2;588;157;147;61;77;18;55;10;0;7;1;0;2;51;1;1;2;588;229;135;53;66;15;30;;;;;;;60;;;
"V";"06.09.2026";"19:49:23";6;6;"GEM";"15083190";"Eilsleben";"";2966;2337;27;2310;448;978;190;234;54;137;25;1;28;13;7;12;176;4;3;24;2313;676;970;176;193;66;66;;;;;;;166;;;
"Z";"06.09.2026";"19:37:40";5;4;"GEM";"15083205";"Erxleben";"U";1303;874;15;859;125;439;71;70;18;52;9;2;16;4;1;5;46;0;1;20;854;222;440;67;49;17;19;;;;;;;40;;;
"V";"06.09.2026";"20:10:16";1;1;"GEM";"15083205";"Erxleben";"B";0;341;0;341;95;86;40;39;5;29;4;0;4;1;2;3;32;1;0;0;341;143;87;34;30;11;7;;;;;;;29;;;
"Z";"06.09.2026";"20:10:16";6;5;"GEM";"15083205";"Erxleben";"";1303;1215;15;1200;220;525;111;109;23;81;13;2;20;5;3;8;78;1;1;20;1195;365;527;101;79;28;26;;;;;;;69;;;
"V";"06.09.2026";"19:39:10";4;4;"GEM";"15083230";"Flechtingen";"U";2167;1337;11;1326;253;637;71;120;29;88;18;1;11;6;4;6;77;1;4;15;1322;447;626;65;82;24;20;;;;;;;58;;;
"L";;;1;0;"GEM";"15083230";"Flechtingen";"B";0;0;0;0;0;0;0;0;0;0;0;0;0;0;0;0;0;0;0;0;0;0;0;0;0;0;0;;;;;;;0;;;
"Z";"06.09.2026";"19:39:10";5;4;"GEM";"15083230";"Flechtingen";"";2167;1337;11;1326;253;637;71;120;29;88;18;1;11;6;4;6;77;1;4;15;1322;447;626;65;82;24;20;;;;;;;58;;;
"Z";"06.09.2026";"19:56:27";5;4;"GEM";"15083245";"Gröningen, Stadt";"U";1407;919;10;909;127;519;73;65;26;28;9;0;10;4;4;1;41;1;1;5;914;154;531;88;55;35;10;;;;;;;41;;;
"L";;;1;0;"GEM";"15083245";"Gröningen, Stadt";"B";0;0;0;0;0;0;0;0;0;0;0;0;0;0;0;0;0;0;0;0;0;0;0;0;0;0;0;;;;;;;0;;;
"Z";"06.09.2026";"19:56:27";6;4;"GEM";"15083245";"Gröningen, Stadt";"";1407;919;10;909;127;519;73;65;26;28;9;0;10;4;4;1;41;1;1;5;914;154;531;88;55;35;10;;;;;;;41;;;
"Z";"06.09.2026";"20:08:05";14;12;"GEM";"15083270";"Haldensleben, Stadt";"U";11882;6836;80;6756;1086;3399;508;546;163;423;65;4;78;48;18;31;365;7;15;83;6753;1878;3345;458;448;173;129;;;;;;;322;;;
"Z";"06.09.2026";"20:22:18";3;2;"GEM";"15083270";"Haldensleben, Stadt";"B";0;1255;9;1246;345;352;136;173;25;98;9;0;14;13;1;4;75;0;1;11;1244;505;336;115;158;25;35;;;;;;;70;;;
"Z";"06.09.2026";"20:22:18";17;14;"GEM";"15083270";"Haldensleben, Stadt";"";11882;8091;89;8002;1431;3751;644;719;188;521;74;4;92;61;19;35;440;7;16;94;7997;2383;3681;573;606;198;164;;;;;;;392;;;
"V";"06.09.2026";"19:24:16";1;1;"GEM";"15083275";"Harbke";"U";1126;745;7;738;122;347;42;91;14;35;10;1;12;8;2;7;45;2;0;7;738;189;359;41;73;16;17;;;;;;;43;;;
"V";"06.09.2026";"18:54:33";1;1;"GEM";"15083275";"Harbke";"B";0;145;9;136;48;42;9;14;4;9;0;0;1;1;0;0;8;0;0;9;136;57;41;9;14;5;2;;;;;;;8;;;
"V";"06.09.2026";"19:24:16";2;2;"GEM";"15083275";"Harbke";"";1126;890;16;874;170;389;51;105;18;44;10;1;13;9;2;7;53;2;0;16;874;246;400;50;87;21;19;;;;;;;51;;;
"Z";"06.09.2026";"20:27:24";16;13;"GEM";"15083298";"Hohe Börde";"U";11864;6552;76;6476;876;3660;420;427;147;396;51;2;60;41;19;42;305;10;20;74;6478;1276;3659;481;331;233;144;;;;;;;268;;;86
"L";;;4;0;"GEM";"15083298";"Hohe Börde";"B";0;0;0;0;0;0;0;0;0;0;0;0;0;0;0;0;0;0;0;0;0;0;0;0;0;0;0;;;;;;;0;;;0
"Z";"06.09.2026";"20:27:24";20;13;"GEM";"15083298";"Hohe Börde";"";11864;6552;76;6476;876;3660;420;427;147;396;51;2;60;41;19;42;305;10;20;74;6478;1276;3659;481;331;233;144;;;;;;;268;;;86
"V";"06.09.2026";"20:00:21";4;4;"GEM";"15083320";"Hötensleben";"U";2786;1649;16;1633;288;879;114;118;29;71;12;3;14;8;3;7;79;5;3;17;1632;375;887;127;113;37;23;;;;;;;70;;;
"L";;;1;0;"GEM";"15083320";"Hötensleben";"B";0;0;0;0;0;0;0;0;0;0;0;0;0;0;0;0;0;0;0;0;0;0;0;0;0;0;0;;;;;;;0;;;
"Z";"06.09.2026";"20:00:21";5;4;"GEM";"15083320";"Hötensleben";"";2786;1649;16;1633;288;879;114;118;29;71;12;3;14;8;3;7;79;5;3;17;1632;375;887;127;113;37;23;;;;;;;70;;;
"V";"06.09.2026";"19:17:34";4;4;"GEM";"15083323";"Ingersleben";"U";1038;722;10;712;105;396;29;56;14;37;24;0;9;6;0;3;29;1;3;14;708;181;390;40;42;23;7;;;;;;;25;;;
"V";"06.09.2026";"18:47:13";1;1;"GEM";"15083323";"Ingersleben";"B";0;109;0;109;37;29;9;10;5;8;1;1;2;2;0;0;5;0;0;0;109;51;27;4;17;5;1;;;;;;;4;;;
"V";"06.09.2026";"19:17:34";5;5;"GEM";"15083323";"Ingersleben";"";1038;831;10;821;142;425;38;66;19;45;25;1;11;8;0;3;34;1;3;14;817;232;417;44;59;28;8;;;;;;;29;;;
"V";"06.09.2026";"20:22:39";1;1;"GEM";"15083355";"Kroppenstedt, Stadt";"U";1079;718;9;709;105;436;23;45;25;28;7;0;2;3;1;1;32;0;1;7;711;141;439;23;45;23;13;;;;;;;27;;;
"V";"06.09.2026";"20:21:47";1;1;"GEM";"15083355";"Kroppenstedt, Stadt";"B";0;154;0;154;50;51;15;10;4;7;5;1;0;1;0;0;10;0;0;0;154;51;48;23;6;6;8;;;;;;;12;;;
"V";"06.09.2026";"20:22:39";2;2;"GEM";"15083355";"Kroppenstedt, Stadt";"";1079;872;9;863;155;487;38;55;29;35;12;1;2;4;1;1;42;0;1;7;865;192;487;46;51;29;21;;;;;;;39;;;
"V";"06.09.2026";"20:23:22";2;2;"GEM";"15083361";"Loitsche-Heinrichsberg";"U";761;505;9;496;66;263;31;41;9;34;6;1;3;3;1;2;35;0;1;6;499;97;265;37;41;8;10;;;;;;;34;;;7
"L";;;1;0;"GEM";"15083361";"Loitsche-Heinrichsberg";"B";0;0;0;0;0;0;0;0;0;0;0;0;0;0;0;0;0;0;0;0;0;0;0;0;0;0;0;;;;;;;0;;;0
"Z";"06.09.2026";"20:23:22";3;2;"GEM";"15083361";"Loitsche-Heinrichsberg";"";761;505;9;496;66;263;31;41;9;34;6;1;3;3;1;2;35;0;1;6;499;97;265;37;41;8;10;;;;;;;34;;;7
"Z";"06.09.2026";"20:17:51";9;8;"GEM";"15083390";"Niedere Börde";"U";4135;2700;24;2676;390;1407;196;213;64;153;32;2;34;18;3;14;141;4;5;26;2674;656;1412;182;179;58;61;;;;;;;126;;;
"L";;;1;0;"GEM";"15083390";"Niedere Börde";"B";0;0;0;0;0;0;0;0;0;0;0;0;0;0;0;0;0;0;0;0;0;0;0;0;0;0;0;;;;;;;0;;;
"Z";"06.09.2026";"20:17:51";10;8;"GEM";"15083390";"Niedere Börde";"";4135;2700;24;2676;390;1407;196;213;64;153;32;2;34;18;3;14;141;4;5;26;2674;656;1412;182;179;58;61;;;;;;;126;;;
"Z";"06.09.2026";"19:39:25";26;16;"GEM";"15083411";"Oebisfelde-Weferlingen, Stadt";"U";4298;2917;36;2881;527;1388;186;269;67;161;32;0;23;14;23;24;156;5;6;38;2879;688;1395;206;265;82;48;;;;43;;;152;;;
"L";;;2;0;"GEM";"15083411";"Oebisfelde-Weferlingen, Stadt";"B";0;0;0;0;0;0;0;0;0;0;0;0;0;0;0;0;0;0;0;0;0;0;0;0;0;0;0;;;;0;;;0;;;
"Z";"06.09.2026";"19:39:25";28;16;"GEM";"15083411";"Oebisfelde-Weferlingen, Stadt";"";4298;2917;36;2881;527;1388;186;269;67;161;32;0;23;14;23;24;156;5;6;38;2879;688;1395;206;265;82;48;;;;43;;;152;;;
"Z";"06.09.2026";"19:49:22";19;15;"GEM";"15083415";"Oschersleben (Bode), Stadt";"U";9941;5615;57;5558;815;3136;390;388;93;238;62;4;63;37;14;34;266;9;9;70;5545;1051;3174;469;330;103;134;;;;;;;284;;;
"L";;;2;0;"GEM";"15083415";"Oschersleben (Bode), Stadt";"B";0;0;0;0;0;0;0;0;0;0;0;0;0;0;0;0;0;0;0;0;0;0;0;0;0;0;0;;;;;;;0;;;
"Z";"06.09.2026";"19:49:22";21;15;"GEM";"15083415";"Oschersleben (Bode), Stadt";"";9941;5615;57;5558;815;3136;390;388;93;238;62;4;63;37;14;34;266;9;9;70;5545;1051;3174;469;330;103;134;;;;;;;284;;;
"V";"06.09.2026";"20:08:37";1;1;"GEM";"15083440";"Rogätz";"U";1778;1020;6;1014;129;572;68;64;14;50;8;2;9;8;2;6;74;3;5;8;1012;190;569;98;49;13;13;;;;;;;71;;;9
"L";;;1;0;"GEM";"15083440";"Rogätz";"B";0;0;0;0;0;0;0;0;0;0;0;0;0;0;0;0;0;0;0;0;0;0;0;0;0;0;0;;;;;;;0;;;0
"Z";"06.09.2026";"20:08:37";2;1;"GEM";"15083440";"Rogätz";"";1778;1020;6;1014;129;572;68;64;14;50;8;2;9;8;2;6;74;3;5;8;1012;190;569;98;49;13;13;;;;;;;71;;;9
"V";"06.09.2026";"19:07:11";3;3;"GEM";"15083485";"Sommersdorf";"U";1088;709;4;705;122;393;43;52;11;30;1;1;10;4;1;4;32;0;1;9;700;160;397;44;47;11;17;;;;;;;24;;;
"V";"06.09.2026";"19:58:28";1;1;"GEM";"15083485";"Sommersdorf";"B";0;163;0;163;31;48;15;23;4;18;0;0;2;2;4;1;15;0;0;0;163;51;47;13;18;4;14;;;;;;;16;;;
"V";"06.09.2026";"19:58:28";4;4;"GEM";"15083485";"Sommersdorf";"";1088;872;4;868;153;441;58;75;15;48;1;1;12;6;5;5;47;0;1;9;863;211;444;57;65;15;31;;;;;;;40;;;
"Z";"06.09.2026";"20:04:17";8;7;"GEM";"15083490";"Sülzetal";"U";5577;3388;41;3347;537;1743;221;236;99;207;33;4;27;34;11;20;166;4;5;38;3350;819;1765;266;168;91;90;;;;;;;151;;;
"L";;;1;0;"GEM";"15083490";"Sülzetal";"B";0;0;0;0;0;0;0;0;0;0;0;0;0;0;0;0;0;0;0;0;0;0;0;0;0;0;0;;;;;;;0;;;
"Z";"06.09.2026";"20:04:17";9;7;"GEM";"15083490";"Sülzetal";"";5577;3388;41;3347;537;1743;221;236;99;207;33;4;27;34;11;20;166;4;5;38;3350;819;1765;266;168;91;90;;;;;;;151;;;
"V";"06.09.2026";"18:58:25";1;1;"GEM";"15083505";"Ummendorf";"U";751;467;2;465;77;241;32;28;10;26;5;0;9;2;4;8;21;0;2;3;464;129;233;35;27;12;8;;;;;;;20;;;
"V";"06.09.2026";"19:20:09";1;1;"GEM";"15083505";"Ummendorf";"B";0;149;0;149;55;46;9;14;2;11;0;0;2;1;0;1;8;0;0;2;147;63;44;9;18;3;4;;;;;;;6;;;
"V";"06.09.2026";"19:20:09";2;2;"GEM";"15083505";"Ummendorf";"";751;616;2;614;132;287;41;42;12;37;5;0;11;3;4;9;29;0;2;5;611;192;277;44;45;15;12;;;;;;;26;;;
"V";"06.09.2026";"19:21:32";2;2;"GEM";"15083515";"Völpke";"U";958;594;6;588;79;348;34;49;6;17;5;0;6;1;2;4;34;1;2;5;589;111;355;33;41;9;4;;;;;;;36;;;
"V";"06.09.2026";"19:34:44";1;1;"GEM";"15083515";"Völpke";"B";0;140;0;140;30;38;18;22;8;5;2;0;0;1;0;2;9;1;4;0;140;48;38;18;22;3;3;;;;;;;8;;;
"V";"06.09.2026";"19:34:44";3;3;"GEM";"15083515";"Völpke";"";958;734;6;728;109;386;52;71;14;22;7;0;6;2;2;6;43;2;6;5;729;159;393;51;63;12;7;;;;;;;44;;;
"Z";"06.09.2026";"20:28:52";16;15;"GEM";"15083531";"Wanzleben-Börde, Stadt";"U";10052;6165;64;6101;934;3316;415;446;142;305;76;7;60;47;12;38;281;9;13;84;6081;1274;3333;494;374;160;137;;;;;;;309;;;
"L";;;2;0;"GEM";"15083531";"Wanzleben-Börde, Stadt";"B";0;0;0;0;0;0;0;0;0;0;0;0;0;0;0;0;0;0;0;0;0;0;0;0;0;0;0;;;;;;;0;;;
"Z";"06.09.2026";"20:28:52";18;15;"GEM";"15083531";"Wanzleben-Börde, Stadt";"";10052;6165;64;6101;934;3316;415;446;142;305;76;7;60;47;12;38;281;9;13;84;6081;1274;3333;494;374;160;137;;;;;;;309;;;
"V";"06.09.2026";"20:06:41";1;1;"GEM";"15083535";"Wefensleben";"U";1331;797;9;788;139;413;63;57;12;36;6;1;6;1;0;1;51;0;2;8;789;188;415;71;51;11;16;;;;;;;37;;;
"L";;;1;0;"GEM";"15083535";"Wefensleben";"B";0;0;0;0;0;0;0;0;0;0;0;0;0;0;0;0;0;0;0;0;0;0;0;0;0;0;0;;;;;;;0;;;
"Z";"06.09.2026";"20:06:41";2;1;"GEM";"15083535";"Wefensleben";"";1331;797;9;788;139;413;63;57;12;36;6;1;6;1;0;1;51;0;2;8;789;188;415;71;51;11;16;;;;;;;37;;;
"V";"06.09.2026";"20:06:54";4;4;"GEM";"15083557";"Westheide";"U";1412;944;9;935;130;527;55;76;21;41;5;1;11;3;1;4;52;3;5;10;934;195;532;65;53;23;13;;;;;;;46;;;7
"L";;;1;0;"GEM";"15083557";"Westheide";"B";0;0;0;0;0;0;0;0;0;0;0;0;0;0;0;0;0;0;0;0;0;0;0;0;0;0;0;;;;;;;0;;;0
"Z";"06.09.2026";"20:06:54";5;4;"GEM";"15083557";"Westheide";"";1412;944;9;935;130;527;55;76;21;41;5;1;11;3;1;4;52;3;5;10;934;195;532;65;53;23;13;;;;;;;46;;;7
"V";"06.09.2026";"20:18:04";10;10;"GEM";"15083565";"Wolmirstedt, Stadt";"U";9485;5467;62;5405;747;2733;388;465;124;403;61;5;70;39;19;34;275;13;29;65;5402;1180;2749;464;412;148;118;;;;;;;252;;;79
"L";;;2;0;"GEM";"15083565";"Wolmirstedt, Stadt";"B";0;0;0;0;0;0;0;0;0;0;0;0;0;0;0;0;0;0;0;0;0;0;0;0;0;0;0;;;;;;;0;;;0
"Z";"06.09.2026";"20:18:04";12;10;"GEM";"15083565";"Wolmirstedt, Stadt";"";9485;5467;62;5405;747;2733;388;465;124;403;61;5;70;39;19;34;275;13;29;65;5402;1180;2749;464;412;148;118;;;;;;;252;;;79
"V";"06.09.2026";"20:26:47";2;2;"GEM";"15083580";"Zielitz";"U";1456;913;8;905;147;459;77;76;16;54;4;1;16;6;2;5;38;3;1;8;905;200;458;95;76;21;16;;;;;;;31;;;8
"L";;;1;0;"GEM";"15083580";"Zielitz";"B";0;0;0;0;0;0;0;0;0;0;0;0;0;0;0;0;0;0;0;0;0;0;0;0;0;0;0;;;;;;;0;;;0
"Z";"06.09.2026";"20:26:47";3;2;"GEM";"15083580";"Zielitz";"";1456;913;8;905;147;459;77;76;16;54;4;1;16;6;2;5;38;3;1;8;905;200;458;95;76;21;16;;;;;;;31;;;8
"V";"06.09.2026";"19:55:54";3;3;"GEM";"15084012";"An der Poststraße";"U";1304;904;14;890;127;546;46;46;19;23;13;3;5;3;2;2;53;1;1;18;886;121;579;60;60;38;17;;;;;;;;11;;
"L";;;1;0;"GEM";"15084012";"An der Poststraße";"B";0;0;0;0;0;0;0;0;0;0;0;0;0;0;0;0;0;0;0;0;0;0;0;0;0;0;0;;;;;;;;0;;
"Z";"06.09.2026";"19:55:54";4;3;"GEM";"15084012";"An der Poststraße";"";1304;904;14;890;127;546;46;46;19;23;13;3;5;3;2;2;53;1;1;18;886;121;579;60;60;38;17;;;;;;;;11;;
"V";"06.09.2026";"20:16:15";2;2;"GEM";"15084013";"Meineweh";"U";773;487;8;479;54;303;30;21;10;20;4;1;8;0;0;1;25;0;2;9;478;98;302;29;17;9;7;;15;;;;;;;;1
"L";;;1;0;"GEM";"15084013";"Meineweh";"B";0;0;0;0;0;0;0;0;0;0;0;0;0;0;0;0;0;0;0;0;0;0;0;0;0;0;0;;0;;;;;;;;0
"Z";"06.09.2026";"20:16:15";3;2;"GEM";"15084013";"Meineweh";"";773;487;8;479;54;303;30;21;10;20;4;1;8;0;0;1;25;0;2;9;478;98;302;29;17;9;7;;15;;;;;;;;1
"V";"06.09.2026";"20:25:01";2;2;"GEM";"15084015";"Bad Bibra, Stadt";"U";2104;1158;14;1144;146;663;56;72;44;54;11;1;19;5;3;3;61;4;2;16;1142;175;693;88;81;68;28;;;;;;;;9;;
"V";"06.09.2026";"19:51:01";1;1;"GEM";"15084015";"Bad Bibra, Stadt";"B";0;406;0;406;112;133;40;40;17;21;7;1;3;2;1;1;26;2;0;9;397;99;131;61;38;39;22;;;;;;;;7;;
"V";"06.09.2026";"20:25:01";3;3;"GEM";"15084015";"Bad Bibra, Stadt";"";2104;1564;14;1550;258;796;96;112;61;75;18;2;22;7;4;4;87;6;2;25;1539;274;824;149;119;107;50;;;;;;;;16;;
"V";"06.09.2026";"19:13:20";3;3;"GEM";"15084025";"Balgstädt";"U";856;565;3;562;91;337;30;25;13;18;4;0;9;4;1;3;24;3;0;2;563;125;343;34;19;15;6;;15;;;;;;;;6
"V";"06.09.2026";"18:47:19";1;1;"GEM";"15084025";"Balgstädt";"B";0;155;1;154;49;60;12;9;3;9;1;0;1;0;0;0;10;0;0;1;154;63;59;11;6;4;4;;4;;;;;;;;3
"V";"06.09.2026";"19:13:20";4;4;"GEM";"15084025";"Balgstädt";"";856;720;4;716;140;397;42;34;16;27;5;0;10;4;1;3;34;3;0;3;717;188;402;45;25;19;10;;19;;;;;;;;9
"Z";"06.09.2026";"19:28:11";2;1;"GEM";"15084115";"Droyßig";"U";237;140;3;137;16;84;10;7;3;7;4;0;1;1;0;0;4;0;0;2;138;22;82;12;5;3;3;5;;;;;;4;;2;
"L";;;1;0;"GEM";"15084115";"Droyßig";"B";0;0;0;0;0;0;0;0;0;0;0;0;0;0;0;0;0;0;0;0;0;0;0;0;0;0;0;0;;;;;;0;;0;
"Z";"06.09.2026";"19:28:11";3;1;"GEM";"15084115";"Droyßig";"";237;140;3;137;16;84;10;7;3;7;4;0;1;1;0;0;4;0;0;2;138;22;82;12;5;3;3;5;;;;;;4;;2;
"Z";"06.09.2026";"19:39:24";3;2;"GEM";"15084125";"Eckartsberga, Stadt";"U";603;387;5;382;50;253;18;23;3;10;0;0;2;1;1;3;16;2;0;7;380;63;259;21;16;11;8;;;;;;;;2;;
"V";"06.09.2026";"20:32:04";1;1;"GEM";"15084125";"Eckartsberga, Stadt";"B";0;332;6;326;78;120;32;37;9;18;3;0;2;0;0;1;22;4;0;9;323;85;119;43;37;25;8;;;;;;;;6;;
"Z";"06.09.2026";"20:32:04";4;3;"GEM";"15084125";"Eckartsberga, Stadt";"";603;719;11;708;128;373;50;60;12;28;3;0;4;1;1;4;38;6;0;16;703;148;378;64;53;36;16;;;;;;;;8;;
"V";"06.09.2026";"19:56:47";11;11;"GEM";"15084130";"Elsteraue";"U";6506;4023;41;3982;583;2436;238;154;57;133;107;4;31;10;8;14;182;5;20;44;3979;628;2429;261;156;58;53;227;;;;;;142;;25;
"V";"06.09.2026";"20:03:14";2;2;"GEM";"15084130";"Elsteraue";"B";0;1320;8;1312;331;484;111;110;22;83;47;3;10;8;3;14;79;3;4;13;1307;345;465;129;93;22;59;110;;;;;;68;;16;
"V";"06.09.2026";"20:03:14";13;13;"GEM";"15084130";"Elsteraue";"";6506;5343;49;5294;914;2920;349;264;79;216;154;7;41;18;11;28;261;8;24;57;5286;973;2894;390;249;80;112;337;;;;;;210;;41;
"V";"06.09.2026";"19:26:49";2;2;"GEM";"15084132";"Finne";"U";893;564;5;559;93;319;30;28;12;15;7;1;10;1;1;3;35;2;2;9;555;106;328;39;31;21;18;;;;;;;;12;;
"L";;;1;0;"GEM";"15084132";"Finne";"B";0;0;0;0;0;0;0;0;0;0;0;0;0;0;0;0;0;0;0;0;0;0;0;0;0;0;0;;;;;;;;0;;
"Z";"06.09.2026";"19:26:49";3;2;"GEM";"15084132";"Finne";"";893;564;5;559;93;319;30;28;12;15;7;1;10;1;1;3;35;2;2;9;555;106;328;39;31;21;18;;;;;;;;12;;
"V";"06.09.2026";"19:53:38";2;2;"GEM";"15084133";"Finneland";"U";855;550;7;543;92;288;33;43;26;18;2;0;8;4;1;1;25;1;1;9;541;85;298;48;54;35;9;;;;;;;;12;;
"V";"06.09.2026";"20:16:23";1;1;"GEM";"15084133";"Finneland";"B";0;146;0;146;35;57;17;9;8;4;2;0;1;1;0;0;10;0;2;3;143;29;58;21;21;8;2;;;;;;;;4;;
"V";"06.09.2026";"20:16:23";3;3;"GEM";"15084133";"Finneland";"";855;696;7;689;127;345;50;52;34;22;4;0;9;5;1;1;35;1;3;12;684;114;356;69;75;43;11;;;;;;;;16;;
"V";"06.09.2026";"20:06:06";6;6;"GEM";"15084135";"Freyburg (Unstrut), Stadt";"U";3864;2054;24;2030;313;1143;135;113;55;74;27;5;33;5;9;8;101;5;4;21;2033;457;1177;170;72;61;33;;50;;;;;;;;13
"L";;;1;0;"GEM";"15084135";"Freyburg (Unstrut), Stadt";"B";0;0;0;0;0;0;0;0;0;0;0;0;0;0;0;0;0;0;0;0;0;0;0;0;0;0;0;;0;;;;;;;;0
"Z";"06.09.2026";"20:06:06";7;6;"GEM";"15084135";"Freyburg (Unstrut), Stadt";"";3864;2054;24;2030;313;1143;135;113;55;74;27;5;33;5;9;8;101;5;4;21;2033;457;1177;170;72;61;33;;50;;;;;;;;13
"V";"06.09.2026";"18:58:25";3;3;"GEM";"15084150";"Gleina";"U";929;635;10;625;136;310;41;44;19;21;6;1;6;2;0;2;32;2;3;9;626;175;320;43;27;25;12;;18;;;;;;;;6
"V";"06.09.2026";"19:17:10";1;1;"GEM";"15084150";"Gleina";"B";0;134;0;134;40;32;6;21;3;10;3;1;3;0;0;0;13;2;0;1;133;55;37;13;9;7;2;;5;;;;;;;;5
"V";"06.09.2026";"19:17:10";4;4;"GEM";"15084150";"Gleina";"";929;769;10;759;176;342;47;65;22;31;9;2;9;2;0;2;45;4;3;10;759;230;357;56;36;32;14;;23;;;;;;;;11
"V";"06.09.2026";"19:16:43";2;2;"GEM";"15084170";"Goseck";"U";802;545;3;542;94;311;29;35;6;22;5;1;3;4;0;3;27;0;2;3;542;131;321;31;20;7;11;;18;;;;;;;;3
"L";;;1;0;"GEM";"15084170";"Goseck";"B";0;0;0;0;0;0;0;0;0;0;0;0;0;0;0;0;0;0;0;0;0;0;0;0;0;0;0;;0;;;;;;;;0
"Z";"06.09.2026";"19:16:43";3;2;"GEM";"15084170";"Goseck";"";802;545;3;542;94;311;29;35;6;22;5;1;3;4;0;3;27;0;2;3;542;131;321;31;20;7;11;;18;;;;;;;;3
"Z";"06.09.2026";"19:32:04";4;2;"GEM";"15084207";"Gutenborn";"U";765;503;8;495;93;293;15;32;8;15;6;0;3;4;1;1;11;3;10;8;495;100;284;18;33;15;6;14;;;;;;9;;16;
"L";;;1;0;"GEM";"15084207";"Gutenborn";"B";0;0;0;0;0;0;0;0;0;0;0;0;0;0;0;0;0;0;0;0;0;0;0;0;0;0;0;0;;;;;;0;;0;
"Z";"06.09.2026";"19:32:04";5;2;"GEM";"15084207";"Gutenborn";"";765;503;8;495;93;293;15;32;8;15;6;0;3;4;1;1;11;3;10;8;495;100;284;18;33;15;6;14;;;;;;9;;16;
"V";"06.09.2026";"20:13:20";11;11;"GEM";"15084235";"Hohenmölsen, Stadt";"U";7735;4456;48;4408;606;2602;332;239;86;164;43;12;48;20;7;18;213;5;13;56;4400;772;2605;373;210;82;76;102;;;;;;160;;20;
"Z";"06.09.2026";"19:12:37";2;1;"GEM";"15084235";"Hohenmölsen, Stadt";"B";0;472;0;472;107;161;48;61;15;33;6;0;6;1;1;3;25;1;4;0;472;142;160;46;38;19;24;17;;;;;;19;;7;
"Z";"06.09.2026";"20:13:20";13;12;"GEM";"15084235";"Hohenmölsen, Stadt";"";7735;4928;48;4880;713;2763;380;300;101;197;49;12;54;21;8;21;238;6;17;56;4872;914;2765;419;248;101;100;119;;;;;;179;;27;
"V";"06.09.2026";"19:42:47";2;2;"GEM";"15084246";"Kaiserpfalz";"U";1232;779;8;771;109;464;65;40;16;21;11;0;4;4;3;2;31;1;0;8;771;129;466;69;56;20;16;;;;;;;;15;;
"V";"06.09.2026";"19:57:48";1;1;"GEM";"15084246";"Kaiserpfalz";"B";0;192;1;191;49;76;6;21;3;7;4;0;3;2;3;3;12;2;0;7;185;37;80;17;31;7;5;;;;;;;;8;;
"V";"06.09.2026";"19:57:48";3;3;"GEM";"15084246";"Kaiserpfalz";"";1232;971;9;962;158;540;71;61;19;28;15;0;7;6;6;5;43;3;0;15;956;166;546;86;87;27;21;;;;;;;;23;;
"V";"06.09.2026";"19:37:48";3;3;"GEM";"15084250";"Karsdorf";"U";1088;708;12;696;131;342;61;49;10;27;9;1;19;5;0;2;35;2;3;15;693;163;366;77;30;16;15;;22;;;;;;;;4
"L";;;1;0;"GEM";"15084250";"Karsdorf";"B";0;0;0;0;0;0;0;0;0;0;0;0;0;0;0;0;0;0;0;0;0;0;0;0;0;0;0;;0;;;;;;;;0
"Z";"06.09.2026";"19:37:48";4;3;"GEM";"15084250";"Karsdorf";"";1088;708;12;696;131;342;61;49;10;27;9;1;19;5;0;2;35;2;3;15;693;163;366;77;30;16;15;;22;;;;;;;;4
"Z";"06.09.2026";"19:33:55";5;2;"GEM";"15084275";"Kretzschau";"U";262;140;4;136;22;76;7;13;0;6;2;0;0;1;1;2;5;1;0;4;136;26;75;12;10;1;1;2;;;;;;6;;3;
"L";;;1;0;"GEM";"15084275";"Kretzschau";"B";0;0;0;0;0;0;0;0;0;0;0;0;0;0;0;0;0;0;0;0;0;0;0;0;0;0;0;0;;;;;;0;;0;
"Z";"06.09.2026";"19:33:55";6;2;"GEM";"15084275";"Kretzschau";"";262;140;4;136;22;76;7;13;0;6;2;0;0;1;1;2;5;1;0;4;136;26;75;12;10;1;1;2;;;;;;6;;3;
"V";"06.09.2026";"19:17:54";2;2;"GEM";"15084282";"Lanitz-Hassel-Tal";"U";840;561;6;555;106;280;29;35;23;21;8;1;5;3;1;2;37;3;1;11;550;115;291;54;35;31;18;;;;;;;;6;;
"V";"06.09.2026";"19:03:06";1;1;"GEM";"15084282";"Lanitz-Hassel-Tal";"B";0;117;0;117;28;48;10;11;2;8;1;0;2;1;2;1;2;1;0;1;116;33;48;17;10;4;3;;;;;;;;1;;
"V";"06.09.2026";"19:17:54";3;3;"GEM";"15084282";"Lanitz-Hassel-Tal";"";840;678;6;672;134;328;39;46;25;29;9;1;7;4;3;3;39;4;1;12;666;148;339;71;45;35;21;;;;;;;;7;;
"V";"06.09.2026";"19:46:24";4;4;"GEM";"15084285";"Laucha an der Unstrut, Stadt";"U";2235;1324;23;1301;215;742;75;57;38;53;18;5;20;9;2;5;62;0;0;23;1301;292;760;87;52;32;28;;38;;;;;;;;12
"L";;;1;0;"GEM";"15084285";"Laucha an der Unstrut, Stadt";"B";0;0;0;0;0;0;0;0;0;0;0;0;0;0;0;0;0;0;0;0;0;0;0;0;0;0;0;;0;;;;;;;;0
"Z";"06.09.2026";"19:46:24";5;4;"GEM";"15084285";"Laucha an der Unstrut, Stadt";"";2235;1324;23;1301;215;742;75;57;38;53;18;5;20;9;2;5;62;0;0;23;1301;292;760;87;52;32;28;;38;;;;;;;;12
"Z";"06.09.2026";"19:24:24";18;16;"GEM";"15084315";"Lützen, Stadt";"U";5123;3453;34;3419;488;2024;189;208;80;173;27;1;21;17;13;11;151;7;9;41;3412;668;2010;261;313;102;58;;;;;;;;;;
"V";"06.09.2026";"20:24:46";4;4;"GEM";"15084315";"Lützen, Stadt";"B";0;1148;14;1134;279;391;99;141;27;88;9;1;15;4;5;8;59;3;5;21;1127;347;384;113;205;39;39;;;;;;;;;;
"Z";"06.09.2026";"20:24:46";22;20;"GEM";"15084315";"Lützen, Stadt";"";5123;4601;48;4553;767;2415;288;349;107;261;36;2;36;21;18;19;210;10;14;62;4539;1015;2394;374;518;141;97;;;;;;;;;;
"V";"06.09.2026";"20:13:40";2;2;"GEM";"15084335";"Mertendorf";"U";1277;795;10;785;88;496;53;29;14;30;7;0;19;6;0;2;38;1;2;14;781;147;497;50;17;23;17;;23;;;;;;;;7
"V";"06.09.2026";"19:38:59";1;1;"GEM";"15084335";"Mertendorf";"B";0;275;2;273;82;67;22;30;7;27;5;0;7;0;0;0;23;0;3;3;272;120;78;19;18;7;12;;11;;;;;;;;7
"V";"06.09.2026";"20:13:40";3;3;"GEM";"15084335";"Mertendorf";"";1277;1070;12;1058;170;563;75;59;21;57;12;0;26;6;0;2;61;1;5;17;1053;267;575;69;35;30;29;;34;;;;;;;;14
"V";"06.09.2026";"19:41:31";1;1;"GEM";"15084341";"Molauer Land";"U";797;479;5;474;65;286;16;22;12;26;7;2;10;3;0;2;18;2;3;2;477;100;287;29;18;15;9;;18;;;;;;;;1
"L";;;1;0;"GEM";"15084341";"Molauer Land";"B";0;0;0;0;0;0;0;0;0;0;0;0;0;0;0;0;0;0;0;0;0;0;0;0;0;0;0;;0;;;;;;;;0
"Z";"06.09.2026";"19:41:31";2;1;"GEM";"15084341";"Molauer Land";"";797;479;5;474;65;286;16;22;12;26;7;2;10;3;0;2;18;2;3;2;477;100;287;29;18;15;9;;18;;;;;;;;1
"Z";"06.09.2026";"20:14:01";25;19;"GEM";"15084355";"Naumburg (Saale), Stadt";"U";16857;9364;94;9270;1431;4700;748;577;225;740;78;34;170;29;19;61;411;23;24;104;9260;2512;4717;795;326;217;332;;302;;;;;;;;59
"V";"06.09.2026";"20:25:50";6;6;"GEM";"15084355";"Naumburg (Saale), Stadt";"B";0;5256;22;5234;1379;1282;567;666;168;613;63;18;106;24;10;13;285;19;21;28;5228;2337;1252;608;321;160;302;;185;;;;;;;;63
"Z";"06.09.2026";"20:25:50";31;25;"GEM";"15084355";"Naumburg (Saale), Stadt";"";16857;14620;116;14504;2810;5982;1315;1243;393;1353;141;52;276;53;29;74;696;42;45;132;14488;4849;5969;1403;647;377;634;;487;;;;;;;;122
"V";"06.09.2026";"20:26:46";3;3;"GEM";"15084360";"Nebra (Unstrut), Stadt";"U";2415;1421;26;1395;206;857;95;67;26;31;14;0;23;7;4;6;56;1;2;27;1394;256;877;112;55;28;16;;40;;;;;;;;10
"L";;;1;0;"GEM";"15084360";"Nebra (Unstrut), Stadt";"B";0;0;0;0;0;0;0;0;0;0;0;0;0;0;0;0;0;0;0;0;0;0;0;0;0;0;0;;0;;;;;;;;0
"Z";"06.09.2026";"20:26:46";4;3;"GEM";"15084360";"Nebra (Unstrut), Stadt";"";2415;1421;26;1395;206;857;95;67;26;31;14;0;23;7;4;6;56;1;2;27;1394;256;877;112;55;28;16;;40;;;;;;;;10
"Z";"06.09.2026";"20:26:13";2;1;"GEM";"15084375";"Osterfeld, Stadt";"U";770;452;2;450;70;276;22;22;18;12;5;1;2;1;0;1;19;0;1;2;450;95;276;26;22;12;3;;12;;;;;;;;4
"V";"06.09.2026";"20:04:11";1;1;"GEM";"15084375";"Osterfeld, Stadt";"B";0;457;4;453;124;137;55;39;21;20;3;3;13;2;3;2;24;2;5;9;448;164;147;65;24;15;12;;15;;;;;;;;6
"Z";"06.09.2026";"20:26:13";3;2;"GEM";"15084375";"Osterfeld, Stadt";"";770;909;6;903;194;413;77;61;39;32;8;4;15;3;3;3;43;2;6;11;898;259;423;91;46;27;15;;27;;;;;;;;10
"Z";"06.09.2026";"19:43:27";5;4;"GEM";"15084442";"Schnaudertal";"U";621;459;5;454;55;315;21;19;4;6;7;2;3;6;1;3;9;0;3;6;453;59;324;24;15;9;1;9;;;;;;7;;5;
"V";"06.09.2026";"19:44:25";1;1;"GEM";"15084442";"Schnaudertal";"B";0;75;0;75;22;27;0;8;6;5;1;1;0;0;1;1;3;0;0;1;74;24;24;4;5;5;3;3;;;;;;3;;3;
"Z";"06.09.2026";"19:44:25";6;5;"GEM";"15084442";"Schnaudertal";"";621;534;5;529;77;342;21;27;10;11;8;3;3;6;2;4;12;0;3;7;527;83;348;28;20;14;4;12;;;;;;10;;8;
"L";;;1;0;"GEM";"15084445";"Schönburg";"U";0;0;0;0;0;0;0;0;0;0;0;0;0;0;0;0;0;0;0;0;0;0;0;0;0;0;0;;0;;;;;;;;0
"V";"06.09.2026";"19:06:29";1;1;"GEM";"15084445";"Schönburg";"B";0;164;0;164;31;66;9;9;13;14;7;0;1;3;1;0;10;0;0;1;163;62;61;8;2;13;10;;7;;;;;;;;0
"Z";"06.09.2026";"19:06:29";2;1;"GEM";"15084445";"Schönburg";"";0;164;0;164;31;66;9;9;13;14;7;0;1;3;1;0;10;0;0;1;163;62;61;8;2;13;10;;7;;;;;;;;0
"V";"06.09.2026";"19:17:15";1;1;"GEM";"15084470";"Stößen, Stadt";"U";725;409;2;407;52;239;20;29;10;14;2;3;7;1;0;2;28;0;0;2;407;92;250;23;17;8;7;;9;;;;;;;;1
"V";"06.09.2026";"19:56:20";1;1;"GEM";"15084470";"Stößen, Stadt";"B";0;152;0;152;53;39;21;12;4;9;3;0;4;1;0;2;4;0;0;0;152;79;36;14;6;6;4;;6;;;;;;;;1
"V";"06.09.2026";"19:56:20";2;2;"GEM";"15084470";"Stößen, Stadt";"";725;561;2;559;105;278;41;41;14;23;5;3;11;2;0;4;32;0;0;2;559;171;286;37;23;14;11;;15;;;;;;;;2
"V";"06.09.2026";"20:25:38";9;9;"GEM";"15084490";"Teuchern, Stadt";"U";6348;3687;41;3646;436;2369;193;169;62;117;37;9;40;17;10;17;152;6;12;58;3629;591;2427;252;193;113;53;;;;;;;;;;
"V";"06.09.2026";"19:33:09";2;2;"GEM";"15084490";"Teuchern, Stadt";"B";0;1214;8;1206;263;455;97;128;39;58;24;1;24;7;2;13;88;1;6;17;1197;365;476;119;135;74;28;;;;;;;;;;
"V";"06.09.2026";"20:25:38";11;11;"GEM";"15084490";"Teuchern, Stadt";"";6348;4901;49;4852;699;2824;290;297;101;175;61;10;64;24;12;30;240;7;18;75;4826;956;2903;371;328;187;81;;;;;;;;;;
"Z";"06.09.2026";"20:22:23";32;30;"GEM";"15084550";"Weißenfels, Stadt";"U";25651;14939;157;14782;2190;8398;1172;866;340;666;120;22;192;71;28;77;580;20;40;224;14715;3018;8495;1479;892;591;240;;;;;;;;;;
"Z";"06.09.2026";"20:26:15";7;4;"GEM";"15084550";"Weißenfels, Stadt";"B";0;2930;17;2913;768;824;323;360;105;246;25;5;31;25;8;13;158;9;13;46;2884;1057;835;399;353;148;92;;;;;;;;;;
"Z";"06.09.2026";"20:26:15";39;34;"GEM";"15084550";"Weißenfels, Stadt";"";25651;17869;174;17695;2958;9222;1495;1226;445;912;145;27;223;96;36;90;738;29;53;270;17599;4075;9330;1878;1245;739;332;;;;;;;;;;
"V";"06.09.2026";"19:59:34";1;1;"GEM";"15084560";"Wethau";"U";716;476;4;472;86;273;17;24;13;15;8;1;11;2;0;3;13;5;1;5;471;123;280;23;13;12;7;;11;;;;;;;;2
"L";;;1;0;"GEM";"15084560";"Wethau";"B";0;0;0;0;0;0;0;0;0;0;0;0;0;0;0;0;0;0;0;0;0;0;0;0;0;0;0;;0;;;;;;;;0
"Z";"06.09.2026";"19:59:34";2;1;"GEM";"15084560";"Wethau";"";716;476;4;472;86;273;17;24;13;15;8;1;11;2;0;3;13;5;1;5;471;123;280;23;13;12;7;;11;;;;;;;;2
"Z";"06.09.2026";"19:46:39";3;2;"GEM";"15084565";"Wetterzeube";"U";574;370;4;366;44;250;19;12;5;8;6;1;3;1;1;1;13;1;1;4;366;40;248;24;9;8;7;14;;;;;;13;;3;
"L";;;1;0;"GEM";"15084565";"Wetterzeube";"B";0;0;0;0;0;0;0;0;0;0;0;0;0;0;0;0;0;0;0;0;0;0;0;0;0;0;0;0;;;;;;0;;0;
"Z";"06.09.2026";"19:46:39";4;2;"GEM";"15084565";"Wetterzeube";"";574;370;4;366;44;250;19;12;5;8;6;1;3;1;1;1;13;1;1;4;366;40;248;24;9;8;7;14;;;;;;13;;3;
"Z";"06.09.2026";"20:24:32";26;25;"GEM";"15084590";"Zeitz, Stadt";"U";20075;10757;137;10620;1451;6324;708;642;181;399;199;14;105;42;26;44;423;18;44;147;10610;1723;6277;803;652;198;165;391;;;;;;322;;79;
"Z";"06.09.2026";"19:51:17";3;1;"GEM";"15084590";"Zeitz, Stadt";"B";0;859;2;857;229;300;84;88;19;46;22;2;5;5;2;5;42;1;7;4;855;242;293;79;105;18;26;44;;;;;;34;;14;
"Z";"06.09.2026";"20:24:32";29;26;"GEM";"15084590";"Zeitz, Stadt";"";20075;11616;139;11477;1680;6624;792;730;200;445;221;16;110;47;28;49;465;19;51;151;11465;1965;6570;882;757;216;191;435;;;;;;356;;93;
"V";"06.09.2026";"20:07:25";7;7;"GEM";"15085040";"Ballenstedt, Stadt";"U";7163;4140;57;4083;554;2237;288;285;96;236;76;3;32;13;14;22;212;8;7;54;4086;728;2215;303;240;121;149;113;;;;;;187;;;30
"L";;;2;0;"GEM";"15085040";"Ballenstedt, Stadt";"B";0;0;0;0;0;0;0;0;0;0;0;0;0;0;0;0;0;0;0;0;0;0;0;0;0;0;0;0;;;;;;0;;;0
"Z";"06.09.2026";"20:07:25";9;7;"GEM";"15085040";"Ballenstedt, Stadt";"";7163;4140;57;4083;554;2237;288;285;96;236;76;3;32;13;14;22;212;8;7;54;4086;728;2215;303;240;121;149;113;;;;;;187;;;30
"Z";"06.09.2026";"19:40:22";17;13;"GEM";"15085055";"Blankenburg (Harz), Stadt";"U";11060;6636;68;6568;963;3460;408;577;107;367;97;18;96;26;34;32;365;6;12;79;6557;1196;3456;564;539;135;151;210;;;;;;306;;;
"L";;;3;0;"GEM";"15085055";"Blankenburg (Harz), Stadt";"B";0;0;0;0;0;0;0;0;0;0;0;0;0;0;0;0;0;0;0;0;0;0;0;0;0;0;0;0;;;;;;0;;;
"Z";"06.09.2026";"19:40:22";20;13;"GEM";"15085055";"Blankenburg (Harz), Stadt";"";11060;6636;68;6568;963;3460;408;577;107;367;97;18;96;26;34;32;365;6;12;79;6557;1196;3456;564;539;135;151;210;;;;;;306;;;
"V";"06.09.2026";"20:03:50";1;1;"GEM";"15085090";"Ditfurt";"U";1178;806;11;795;128;446;43;44;17;56;7;1;5;2;0;4;37;1;4;10;796;150;445;55;47;22;33;12;;;;;;27;;;5
"V";"06.09.2026";"19:10:33";1;1;"GEM";"15085090";"Ditfurt";"B";0;164;5;159;35;53;14;16;2;17;5;1;1;0;0;1;13;0;1;7;157;37;50;21;11;4;10;8;;;;;;12;;;4
"V";"06.09.2026";"20:03:50";2;2;"GEM";"15085090";"Ditfurt";"";1178;970;16;954;163;499;57;60;19;73;12;2;6;2;0;5;50;1;5;17;953;187;495;76;58;26;43;20;;;;;;39;;;9
"Z";"06.09.2026";"19:53:53";8;2;"GEM";"15085110";"Falkenstein/Harz, Stadt";"U";971;603;5;598;91;348;40;45;8;18;1;0;4;2;1;2;36;0;2;6;597;100;344;43;46;8;6;;;;;;;47;3;;
"L";;;1;0;"GEM";"15085110";"Falkenstein/Harz, Stadt";"B";0;0;0;0;0;0;0;0;0;0;0;0;0;0;0;0;0;0;0;0;0;0;0;0;0;0;0;;;;;;;0;0;;
"Z";"06.09.2026";"19:53:53";9;2;"GEM";"15085110";"Falkenstein/Harz, Stadt";"";971;603;5;598;91;348;40;45;8;18;1;0;4;2;1;2;36;0;2;6;597;100;344;43;46;8;6;;;;;;;47;3;;
"L";;;1;0;"GEM";"15085125";"Groß Quenstedt";"U";0;0;0;0;0;0;0;0;0;0;0;0;0;0;0;0;0;0;0;0;0;0;0;0;0;0;0;0;;;;;;0;;;
"L";;;1;0;"GEM";"15085125";"Groß Quenstedt";"B";0;0;0;0;0;0;0;0;0;0;0;0;0;0;0;0;0;0;0;0;0;0;0;0;0;0;0;0;;;;;;0;;;
"L";;;2;0;"GEM";"15085125";"Groß Quenstedt";"";0;0;0;0;0;0;0;0;0;0;0;0;0;0;0;0;0;0;0;0;0;0;0;0;0;0;0;0;;;;;;0;;;
"Z";"06.09.2026";"20:07:27";23;18;"GEM";"15085135";"Halberstadt, Stadt";"U";21617;11137;148;10989;1601;5572;921;903;182;686;202;15;89;48;17;69;649;16;19;152;10985;2204;5628;1122;661;147;389;356;;;;;;478;;;
"Z";"06.09.2026";"20:16:06";8;3;"GEM";"15085135";"Halberstadt, Stadt";"B";0;2715;26;2689;745;621;310;366;59;258;44;2;25;18;4;15;210;2;10;29;2686;935;632;401;224;49;189;88;;;;;;168;;;
"Z";"06.09.2026";"20:16:06";31;21;"GEM";"15085135";"Halberstadt, Stadt";"";21617;13852;174;13678;2346;6193;1231;1269;241;944;246;17;114;66;21;84;859;18;29;181;13671;3139;6260;1523;885;196;578;444;;;;;;646;;;
"L";;;1;0;"GEM";"15085140";"Harsleben";"U";0;0;0;0;0;0;0;0;0;0;0;0;0;0;0;0;0;0;0;0;0;0;0;0;0;0;0;0;;;;;;0;;;0
"L";;;1;0;"GEM";"15085140";"Harsleben";"B";0;0;0;0;0;0;0;0;0;0;0;0;0;0;0;0;0;0;0;0;0;0;0;0;0;0;0;0;;;;;;0;;;0
"L";;;2;0;"GEM";"15085140";"Harsleben";"";0;0;0;0;0;0;0;0;0;0;0;0;0;0;0;0;0;0;0;0;0;0;0;0;0;0;0;0;;;;;;0;;;0
"Z";"06.09.2026";"19:40:00";11;9;"GEM";"15085145";"Harzgerode, Stadt";"U";4604;2831;33;2798;467;1582;190;186;44;111;21;4;21;11;3;11;138;3;6;34;2797;597;1564;193;209;36;28;61;;;;;;109;;;
"L";;;2;0;"GEM";"15085145";"Harzgerode, Stadt";"B";0;0;0;0;0;0;0;0;0;0;0;0;0;0;0;0;0;0;0;0;0;0;0;0;0;0;0;0;;;;;;0;;;
"Z";"06.09.2026";"19:40:00";13;9;"GEM";"15085145";"Harzgerode, Stadt";"";4604;2831;33;2798;467;1582;190;186;44;111;21;4;21;11;3;11;138;3;6;34;2797;597;1564;193;209;36;28;61;;;;;;109;;;
"L";;;1;0;"GEM";"15085160";"Hedersleben";"U";0;0;0;0;0;0;0;0;0;0;0;0;0;0;0;0;0;0;0;0;0;0;0;0;0;0;0;0;;;;;;0;;;0
"L";;;1;0;"GEM";"15085160";"Hedersleben";"B";0;0;0;0;0;0;0;0;0;0;0;0;0;0;0;0;0;0;0;0;0;0;0;0;0;0;0;0;;;;;;0;;;0
"L";;;2;0;"GEM";"15085160";"Hedersleben";"";0;0;0;0;0;0;0;0;0;0;0;0;0;0;0;0;0;0;0;0;0;0;0;0;0;0;0;0;;;;;;0;;;0
"V";"06.09.2026";"20:12:53";11;11;"GEM";"15085185";"Huy";"U";5665;3343;36;3307;481;1756;231;302;52;154;69;4;34;17;6;17;172;4;8;39;3304;580;1724;249;384;35;62;135;;;;;;135;;;
"L";;;1;0;"GEM";"15085185";"Huy";"B";0;0;0;0;0;0;0;0;0;0;0;0;0;0;0;0;0;0;0;0;0;0;0;0;0;0;0;0;;;;;;0;;;
"Z";"06.09.2026";"20:12:53";12;11;"GEM";"15085185";"Huy";"";5665;3343;36;3307;481;1756;231;302;52;154;69;4;34;17;6;17;172;4;8;39;3304;580;1724;249;384;35;62;135;;;;;;135;;;
"Z";"06.09.2026";"20:10:37";7;6;"GEM";"15085190";"Ilsenburg (Harz), Stadt";"U";6690;3903;43;3860;641;1624;277;493;80;341;69;5;42;12;18;29;182;9;38;50;3853;711;1579;346;707;73;108;157;;;;;;172;;;
"L";;;2;0;"GEM";"15085190";"Ilsenburg (Harz), Stadt";"B";0;0;0;0;0;0;0;0;0;0;0;0;0;0;0;0;0;0;0;0;0;0;0;0;0;0;0;0;;;;;;0;;;
"Z";"06.09.2026";"20:10:37";9;6;"GEM";"15085190";"Ilsenburg (Harz), Stadt";"";6690;3903;43;3860;641;1624;277;493;80;341;69;5;42;12;18;29;182;9;38;50;3853;711;1579;346;707;73;108;157;;;;;;172;;;
"V";"06.09.2026";"20:15:09";8;8;"GEM";"15085227";"Nordharz";"U";6276;4118;41;4077;570;2029;244;475;52;240;88;20;50;14;10;33;237;4;11;47;4071;683;2022;297;493;82;120;170;;;;;;204;;;
"L";;;1;0;"GEM";"15085227";"Nordharz";"B";0;0;0;0;0;0;0;0;0;0;0;0;0;0;0;0;0;0;0;0;0;0;0;0;0;0;0;0;;;;;;0;;;
"Z";"06.09.2026";"20:15:09";9;8;"GEM";"15085227";"Nordharz";"";6276;4118;41;4077;570;2029;244;475;52;240;88;20;50;14;10;33;237;4;11;47;4071;683;2022;297;493;82;120;170;;;;;;204;;;
"Z";"06.09.2026";"19:45:21";10;9;"GEM";"15085228";"Oberharz am Brocken, Stadt";"U";6589;3714;57;3657;585;1964;217;310;59;169;64;4;33;13;13;13;197;3;13;51;3663;740;1842;200;434;54;63;149;;;;;;181;;;
"Z";"06.09.2026";"19:33:52";2;1;"GEM";"15085228";"Oberharz am Brocken, Stadt";"B";0;581;2;579;168;147;45;100;12;33;11;0;8;2;3;6;43;1;0;3;578;195;130;42;125;6;14;23;;;;;;43;;;
"Z";"06.09.2026";"19:45:21";12;10;"GEM";"15085228";"Oberharz am Brocken, Stadt";"";6589;4295;59;4236;753;2111;262;410;71;202;75;4;41;15;16;19;240;4;13;54;4241;935;1972;242;559;60;77;172;;;;;;224;;;
"Z";"06.09.2026";"19:15:09";19;15;"GEM";"15085230";"Osterwieck, Stadt";"U";6472;4132;51;4081;616;2048;273;385;88;278;68;3;38;21;8;25;214;10;6;62;4070;772;2010;341;421;96;115;162;;;;;;153;;;
"L";;;2;0;"GEM";"15085230";"Osterwieck, Stadt";"B";0;0;0;0;0;0;0;0;0;0;0;0;0;0;0;0;0;0;0;0;0;0;0;0;0;0;0;0;;;;;;0;;;
"Z";"06.09.2026";"19:15:09";21;15;"GEM";"15085230";"Osterwieck, Stadt";"";6472;4132;51;4081;616;2048;273;385;88;278;68;3;38;21;8;25;214;10;6;62;4070;772;2010;341;421;96;115;162;;;;;;153;;;
"Z";"06.09.2026";"20:04:27";13;2;"GEM";"15085235";"Quedlinburg, Welterbestadt";"U";2594;1254;19;1235;219;630;86;83;20;95;17;0;10;4;4;6;60;1;0;22;1232;261;621;106;81;18;59;18;;;;;;51;;;17
"L";;;5;0;"GEM";"15085235";"Quedlinburg, Welterbestadt";"B";0;0;0;0;0;0;0;0;0;0;0;0;0;0;0;0;0;0;0;0;0;0;0;0;0;0;0;0;;;;;;0;;;0
"Z";"06.09.2026";"20:04:27";18;2;"GEM";"15085235";"Quedlinburg, Welterbestadt";"";2594;1254;19;1235;219;630;86;83;20;95;17;0;10;4;4;6;60;1;0;22;1232;261;621;106;81;18;59;18;;;;;;51;;;17
"V";"06.09.2026";"20:14:19";2;2;"GEM";"15085285";"Schwanebeck, Stadt";"U";1956;1247;20;1227;117;793;97;64;16;30;21;1;7;7;1;10;61;2;0;14;1233;150;801;104;73;16;12;27;;;;;;50;;;
"V";"06.09.2026";"19:41:21";1;1;"GEM";"15085285";"Schwanebeck, Stadt";"B";0;324;15;309;74;111;25;43;4;18;11;0;3;0;2;2;15;1;0;16;308;101;109;32;29;3;10;13;;;;;;11;;;
"V";"06.09.2026";"20:14:19";3;3;"GEM";"15085285";"Schwanebeck, Stadt";"";1956;1571;35;1536;191;904;122;107;20;48;32;1;10;7;3;12;76;3;0;30;1541;251;910;136;102;19;22;40;;;;;;61;;;
"V";"06.09.2026";"19:41:35";3;3;"GEM";"15085287";"Selke-Aue";"U";1088;817;9;808;168;431;58;44;9;36;6;1;6;3;2;3;39;2;0;13;804;180;430;63;36;13;27;16;;;;;;37;;;2
"V";"06.09.2026";"19:44:48";1;1;"GEM";"15085287";"Selke-Aue";"B";0;120;0;120;43;34;9;13;2;5;1;0;0;1;0;0;11;0;1;1;119;43;32;14;9;2;4;1;;;;;;12;;;2
"V";"06.09.2026";"19:44:48";4;4;"GEM";"15085287";"Selke-Aue";"";1088;937;9;928;211;465;67;57;11;41;7;1;6;4;2;3;50;2;1;14;923;223;462;77;45;15;31;17;;;;;;49;;;4
"Z";"06.09.2026";"20:07:12";14;11;"GEM";"15085330";"Thale, Stadt";"U";10250;5788;81;5707;788;3124;380;444;115;357;94;3;65;17;15;30;261;8;6;87;5701;1013;3135;575;307;94;174;148;;;;;;205;;;50
"Z";"06.09.2026";"20:24:11";4;3;"GEM";"15085330";"Thale, Stadt";"B";0;2078;21;2057;535;553;213;286;64;166;43;2;35;12;8;15;118;4;3;19;2059;644;553;283;211;50;107;83;;;;;;103;;;25
"Z";"06.09.2026";"20:24:11";18;14;"GEM";"15085330";"Thale, Stadt";"";10250;7866;102;7764;1323;3677;593;730;179;523;137;5;100;29;23;45;379;12;9;106;7760;1657;3688;858;518;144;281;231;;;;;;308;;;75
"V";"06.09.2026";"19:24:40";4;4;"GEM";"15085365";"Wegeleben, Stadt";"U";2007;1158;15;1143;176;659;82;50;22;52;11;1;10;4;2;10;63;1;0;18;1140;212;668;95;45;24;30;10;;;;;;47;;;9
"V";"06.09.2026";"19:53:36";1;1;"GEM";"15085365";"Wegeleben, Stadt";"B";0;400;2;398;104;108;45;39;13;24;9;0;7;4;5;4;36;0;0;4;396;128;104;44;31;15;17;17;;;;;;36;;;4
"V";"06.09.2026";"19:53:36";5;5;"GEM";"15085365";"Wegeleben, Stadt";"";2007;1558;17;1541;280;767;127;89;35;76;20;1;17;8;7;14;99;1;0;22;1536;340;772;139;76;39;47;27;;;;;;83;;;13
"Z";"06.09.2026";"19:59:24";20;18;"GEM";"15085370";"Wernigerode, Stadt";"U";22366;12066;116;11950;1777;5094;895;1709;240;1087;167;18;125;55;31;67;645;13;27;137;11929;2124;4970;945;2508;208;305;327;;;;;;542;;;
"Z";"06.09.2026";"20:21:48";6;2;"GEM";"15085370";"Wernigerode, Stadt";"B";0;2114;7;2107;465;410;214;446;68;267;39;4;32;8;6;13;122;4;9;14;2100;532;369;208;670;46;90;71;;;;;;114;;;
"Z";"06.09.2026";"20:21:48";26;20;"GEM";"15085370";"Wernigerode, Stadt";"";22366;14180;123;14057;2242;5504;1109;2155;308;1354;206;22;157;63;37;80;767;17;36;151;14029;2656;5339;1153;3178;254;395;398;;;;;;656;;;
"Z";"06.09.2026";"19:46:17";6;1;"GEM";"15086005";"Biederitz";"U";286;210;1;209;28;91;18;24;8;20;3;0;0;1;1;0;14;1;0;1;209;28;90;14;29;8;13;14;;;;;;12;;;1
"Z";"06.09.2026";"20:23:39";2;1;"GEM";"15086005";"Biederitz";"B";0;853;5;848;210;212;87;94;26;100;54;0;13;4;4;5;33;0;6;6;847;199;198;103;100;26;45;126;;;;;;24;;;26
"Z";"06.09.2026";"20:23:39";8;2;"GEM";"15086005";"Biederitz";"";286;1063;6;1057;238;303;105;118;34;120;57;0;13;5;5;5;47;1;6;7;1056;227;288;117;129;34;58;140;;;;;;36;;;27
"Z";"06.09.2026";"19:55:09";16;2;"GEM";"15086015";"Burg, Stadt";"U";720;499;6;493;108;244;22;34;10;28;6;0;6;5;1;3;25;0;1;5;494;118;222;28;32;13;17;24;;;;;;20;;;20
"L";;;3;0;"GEM";"15086015";"Burg, Stadt";"B";0;0;0;0;0;0;0;0;0;0;0;0;0;0;0;0;0;0;0;0;0;0;0;0;0;0;0;0;;;;;;0;;;0
"Z";"06.09.2026";"19:55:09";19;2;"GEM";"15086015";"Burg, Stadt";"";720;499;6;493;108;244;22;34;10;28;6;0;6;5;1;3;25;0;1;5;494;118;222;28;32;13;17;24;;;;;;20;;;20
"Z";"06.09.2026";"20:33:11";7;5;"GEM";"15086035";"Elbe-Parey";"U";3286;2057;23;2034;322;1013;162;186;32;110;30;0;35;11;2;11;104;4;12;32;2025;441;1047;193;138;33;55;;;;;;;85;;;33
"L";;;1;0;"GEM";"15086035";"Elbe-Parey";"B";0;0;0;0;0;0;0;0;0;0;0;0;0;0;0;0;0;0;0;0;0;0;0;0;0;0;0;;;;;;;0;;;0
"Z";"06.09.2026";"20:33:11";8;5;"GEM";"15086035";"Elbe-Parey";"";3286;2057;23;2034;322;1013;162;186;32;110;30;0;35;11;2;11;104;4;12;32;2025;441;1047;193;138;33;55;;;;;;;85;;;33
"Z";"06.09.2026";"20:06:14";12;5;"GEM";"15086040";"Genthin, Stadt";"U";1359;902;27;875;148;475;57;54;18;33;18;3;11;2;4;5;41;4;2;22;880;180;503;68;47;19;16;;;;;;;27;;;20
"L";;;2;0;"GEM";"15086040";"Genthin, Stadt";"B";0;0;0;0;0;0;0;0;0;0;0;0;0;0;0;0;0;0;0;0;0;0;0;0;0;0;0;;;;;;;0;;;0
"Z";"06.09.2026";"20:06:14";14;5;"GEM";"15086040";"Genthin, Stadt";"";1359;902;27;875;148;475;57;54;18;33;18;3;11;2;4;5;41;4;2;22;880;180;503;68;47;19;16;;;;;;;27;;;20
"Z";"06.09.2026";"19:46:22";14;13;"GEM";"15086055";"Gommern, Stadt";"U";7212;4338;47;4291;711;2062;278;344;161;304;79;5;46;28;8;16;228;8;13;85;4253;1136;2011;389;307;281;129;;;;;;;;;;
"L";;;1;0;"GEM";"15086055";"Gommern, Stadt";"B";0;0;0;0;0;0;0;0;0;0;0;0;0;0;0;0;0;0;0;0;0;0;0;0;0;0;0;;;;;;;;;;
"Z";"06.09.2026";"19:46:22";15;13;"GEM";"15086055";"Gommern, Stadt";"";7212;4338;47;4291;711;2062;278;344;161;304;79;5;46;28;8;16;228;8;13;85;4253;1136;2011;389;307;281;129;;;;;;;;;;
"Z";"06.09.2026";"20:35:10";12;11;"GEM";"15086080";"Jerichow, Stadt";"U";3934;2722;26;2696;411;1509;170;211;49;108;39;1;24;8;2;6;150;4;4;33;2689;538;1553;169;172;54;53;;;;;;;104;;;46
"L";;;1;0;"GEM";"15086080";"Jerichow, Stadt";"B";0;0;0;0;0;0;0;0;0;0;0;0;0;0;0;0;0;0;0;0;0;0;0;0;0;0;0;;;;;;;0;;;0
"Z";"06.09.2026";"20:35:10";13;11;"GEM";"15086080";"Jerichow, Stadt";"";3934;2722;26;2696;411;1509;170;211;49;108;39;1;24;8;2;6;150;4;4;33;2689;538;1553;169;172;54;53;;;;;;;104;;;46
"Z";"06.09.2026";"20:34:07";28;9;"GEM";"15086140";"Möckern, Stadt";"U";3309;1876;26;1850;273;1001;154;117;48;89;32;4;17;11;4;12;80;1;7;26;1850;313;985;182;88;60;53;66;;;;;;66;;;37
"L";;;2;0;"GEM";"15086140";"Möckern, Stadt";"B";0;0;0;0;0;0;0;0;0;0;0;0;0;0;0;0;0;0;0;0;0;0;0;0;0;0;0;0;;;;;;0;;;0
"Z";"06.09.2026";"20:34:07";30;9;"GEM";"15086140";"Möckern, Stadt";"";3309;1876;26;1850;273;1001;154;117;48;89;32;4;17;11;4;12;80;1;7;26;1850;313;985;182;88;60;53;66;;;;;;66;;;37
"Z";"06.09.2026";"20:05:35";7;1;"GEM";"15086145";"Möser";"U";194;124;3;121;23;44;16;16;1;10;1;0;3;0;0;0;5;0;2;2;122;28;40;13;12;3;8;10;;;;;;6;;;2
"L";;;2;0;"GEM";"15086145";"Möser";"B";0;0;0;0;0;0;0;0;0;0;0;0;0;0;0;0;0;0;0;0;0;0;0;0;0;0;0;0;;;;;;0;;;0
"Z";"06.09.2026";"20:05:35";9;1;"GEM";"15086145";"Möser";"";194;124;3;121;23;44;16;16;1;10;1;0;3;0;0;0;5;0;2;2;122;28;40;13;12;3;8;10;;;;;;6;;;2
"V";"06.09.2026";"20:03:53";1;1;"GEM";"15087010";"Ahlsdorf";"U";1259;745;6;739;96;473;40;37;18;19;2;0;6;1;2;2;40;1;2;9;736;115;480;57;38;28;13;;;;;;;;5;;
"V";"06.09.2026";"20:24:15";1;1;"GEM";"15087010";"Ahlsdorf";"B";0;268;2;266;75;83;26;28;13;10;5;0;3;2;1;0;16;4;0;2;266;76;96;44;23;16;4;;;;;;;;7;;
"V";"06.09.2026";"20:24:15";2;2;"GEM";"15087010";"Ahlsdorf";"";1259;1013;8;1005;171;556;66;65;31;29;7;0;9;3;3;2;56;5;2;11;1002;191;576;101;61;44;17;;;;;;;;12;;
"V";"06.09.2026";"20:35:28";14;14;"GEM";"15087015";"Allstedt, Stadt";"U";6258;3788;46;3742;555;2139;234;232;81;111;26;3;47;18;7;20;215;46;8;58;3730;652;2241;299;241;104;62;;;;;;;;131;;
"L";;;1;0;"GEM";"15087015";"Allstedt, Stadt";"B";0;0;0;0;0;0;0;0;0;0;0;0;0;0;0;0;0;0;0;0;0;0;0;0;0;0;0;;;;;;;;0;;
"Z";"06.09.2026";"20:35:28";15;14;"GEM";"15087015";"Allstedt, Stadt";"";6258;3788;46;3742;555;2139;234;232;81;111;26;3;47;18;7;20;215;46;8;58;3730;652;2241;299;241;104;62;;;;;;;;131;;
"V";"06.09.2026";"19:47:29";12;12;"GEM";"15087031";"Arnstein, Stadt";"U";5217;3357;47;3310;504;1943;215;184;46;97;22;5;21;12;6;24;176;49;6;48;3309;523;1909;254;176;57;58;;;;;;;191;141;;
"L";;;1;0;"GEM";"15087031";"Arnstein, Stadt";"B";0;0;0;0;0;0;0;0;0;0;0;0;0;0;0;0;0;0;0;0;0;0;0;0;0;0;0;;;;;;;0;0;;
"Z";"06.09.2026";"19:47:29";13;12;"GEM";"15087031";"Arnstein, Stadt";"";5217;3357;47;3310;504;1943;215;184;46;97;22;5;21;12;6;24;176;49;6;48;3309;523;1909;254;176;57;58;;;;;;;191;141;;
"V";"06.09.2026";"20:05:40";1;1;"GEM";"15087045";"Benndorf";"U";1614;820;13;807;126;451;70;51;16;27;4;0;9;8;0;6;34;3;2;16;804;158;469;82;51;22;10;;;;;;;;12;;
"V";"06.09.2026";"20:02:11";1;1;"GEM";"15087045";"Benndorf";"B";0;259;1;258;68;86;26;34;3;8;0;0;3;1;1;0;21;6;1;4;255;80;89;38;22;8;7;;;;;;;;11;;
"V";"06.09.2026";"20:05:40";2;2;"GEM";"15087045";"Benndorf";"";1614;1079;14;1065;194;537;96;85;19;35;4;0;12;9;1;6;55;9;3;20;1059;238;558;120;73;30;17;;;;;;;;23;;
"V";"06.09.2026";"19:45:24";3;3;"GEM";"15087055";"Berga";"U";1335;779;9;770;113;470;38;38;14;17;11;2;12;2;2;4;44;3;0;11;768;160;485;55;25;23;11;;;;;;;;9;;
"V";"06.09.2026";"19:38:06";1;1;"GEM";"15087055";"Berga";"B";0;272;2;270;84;85;15;37;9;15;1;1;2;0;0;0;21;0;0;3;269;102;86;21;25;17;13;;;;;;;;5;;
"V";"06.09.2026";"19:45:24";4;4;"GEM";"15087055";"Berga";"";1335;1051;11;1040;197;555;53;75;23;32;12;3;14;2;2;4;65;3;0;14;1037;262;571;76;50;40;24;;;;;;;;14;;
"V";"06.09.2026";"19:25:34";1;1;"GEM";"15087070";"Blankenheim";"U";942;594;2;592;83;357;40;31;18;10;7;0;8;2;1;5;25;3;2;4;590;106;371;45;29;23;4;;;;;;;;12;;
"L";;;1;0;"GEM";"15087070";"Blankenheim";"B";0;0;0;0;0;0;0;0;0;0;0;0;0;0;0;0;0;0;0;0;0;0;0;0;0;0;0;;;;;;;;0;;
"Z";"06.09.2026";"19:25:34";2;1;"GEM";"15087070";"Blankenheim";"";942;594;2;592;83;357;40;31;18;10;7;0;8;2;1;5;25;3;2;4;590;106;371;45;29;23;4;;;;;;;;12;;
"V";"06.09.2026";"19:27:43";1;1;"GEM";"15087075";"Bornstedt";"U";635;395;7;388;46;237;22;29;6;9;7;0;7;0;2;2;19;0;2;8;387;59;246;30;29;17;4;;;;;;;;2;;
"V";"06.09.2026";"18:39:43";1;1;"GEM";"15087075";"Bornstedt";"B";0;105;1;104;36;30;8;18;1;4;1;0;3;1;0;1;1;0;0;2;103;44;29;10;13;5;2;;;;;;;;0;;
"V";"06.09.2026";"19:27:43";2;2;"GEM";"15087075";"Bornstedt";"";635;500;8;492;82;267;30;47;7;13;8;0;10;1;2;3;20;0;2;10;490;103;275;40;42;22;6;;;;;;;;2;;
"V";"06.09.2026";"19:38:40";2;2;"GEM";"15087101";"Brücken-Hackpfüffel";"U";810;577;9;568;100;316;39;39;9;17;1;2;9;3;1;3;25;1;3;9;568;123;328;51;35;13;10;;;;;;;;8;;
"V";"06.09.2026";"20:14:04";1;1;"GEM";"15087101";"Brücken-Hackpfüffel";"B";0;79;0;79;16;24;6;16;1;10;1;0;1;0;0;0;4;0;0;0;79;20;25;12;11;1;10;;;;;;;;0;;
"V";"06.09.2026";"20:14:04";3;3;"GEM";"15087101";"Brücken-Hackpfüffel";"";810;656;9;647;116;340;45;55;10;27;2;2;10;3;1;3;29;1;3;9;647;143;353;63;46;14;20;;;;;;;;8;;
"V";"06.09.2026";"19:57:52";1;1;"GEM";"15087125";"Edersleben";"U";771;496;5;491;98;251;44;28;9;16;3;1;7;2;0;3;27;1;1;7;489;127;262;47;19;19;9;;;;;;;;6;;
"V";"06.09.2026";"19:50:20";1;1;"GEM";"15087125";"Edersleben";"B";0;148;1;147;26;70;9;7;3;9;2;0;1;0;2;2;15;1;0;1;147;35;76;12;10;5;4;;;;;;;;5;;
"V";"06.09.2026";"19:57:52";2;2;"GEM";"15087125";"Edersleben";"";771;644;6;638;124;321;53;35;12;25;5;1;8;2;2;5;42;2;1;8;636;162;338;59;29;24;13;;;;;;;;11;;
"Z";"06.09.2026";"20:14:21";21;19;"GEM";"15087130";"Eisleben, Lutherstadt";"U";14686;8228;103;8125;1140;4834;532;468;187;272;59;10;82;38;15;44;400;30;14;123;8105;1500;5002;731;404;244;128;;;;;;;;96;;
"V";"06.09.2026";"20:23:02";3;3;"GEM";"15087130";"Eisleben, Lutherstadt";"B";0;3009;22;2987;710;939;347;351;99;216;25;2;29;16;10;17;201;22;3;35;2974;964;977;459;258;138;109;;;;;;;;69;;
"Z";"06.09.2026";"20:23:02";24;22;"GEM";"15087130";"Eisleben, Lutherstadt";"";14686;11237;125;11112;1850;5773;879;819;286;488;84;12;111;54;25;61;601;52;17;158;11079;2464;5979;1190;662;382;237;;;;;;;;165;;
"V";"06.09.2026";"20:07:34";14;14;"GEM";"15087165";"Gerbstedt, Stadt";"U";5599;3328;50;3278;435;2041;177;167;71;119;17;4;26;20;5;15;159;15;7;64;3264;536;2116;261;150;108;57;;;;;;;;36;;
"V";"06.09.2026";"20:09:45";1;1;"GEM";"15087165";"Gerbstedt, Stadt";"B";0;1040;3;1037;282;363;112;98;28;60;14;0;9;7;2;4;49;6;3;11;1029;331;378;149;73;48;41;;;;;;;;9;;
"V";"06.09.2026";"20:09:45";15;15;"GEM";"15087165";"Gerbstedt, Stadt";"";5599;4368;53;4315;717;2404;289;265;99;179;31;4;35;27;7;19;208;21;10;75;4293;867;2494;410;223;156;98;;;;;;;;45;;
"Z";"06.09.2026";"20:12:10";2;1;"GEM";"15087205";"Helbra";"U";1509;956;12;944;145;577;62;48;17;17;7;0;10;1;5;4;48;1;2;11;945;171;606;83;41;23;13;;;;;;;;8;;
"V";"06.09.2026";"19:53:53";1;1;"GEM";"15087205";"Helbra";"B";0;650;0;650;219;185;62;74;9;28;6;0;8;5;2;4;43;5;0;4;646;256;203;93;53;14;18;;;;;;;;9;;
"Z";"06.09.2026";"20:12:10";3;2;"GEM";"15087205";"Helbra";"";1509;1606;12;1594;364;762;124;122;26;45;13;0;18;6;7;8;91;6;2;15;1591;427;809;176;94;37;31;;;;;;;;17;;
"V";"06.09.2026";"19:35:55";1;1;"GEM";"15087210";"Hergisdorf";"U";1233;649;2;647;113;379;38;34;17;9;11;0;7;1;3;3;30;1;1;2;647;133;387;54;31;32;8;;;;;;;;2;;
"V";"06.09.2026";"19:40:20";1;1;"GEM";"15087210";"Hergisdorf";"B";0;262;1;261;68;103;15;30;11;8;3;1;1;1;0;1;18;0;1;1;261;86;106;28;21;12;7;;;;;;;;1;;
"V";"06.09.2026";"19:40:20";2;2;"GEM";"15087210";"Hergisdorf";"";1233;911;3;908;181;482;53;64;28;17;14;1;8;2;3;4;48;1;2;3;908;219;493;82;52;44;15;;;;;;;;3;;
"Z";"06.09.2026";"20:15:19";12;11;"GEM";"15087220";"Hettstedt, Stadt";"U";8995;5117;53;5064;706;3066;359;278;103;143;29;8;37;17;6;19;248;31;14;72;5045;817;3195;518;237;152;66;;;;;;;;60;;
"V";"06.09.2026";"19:49:56";3;3;"GEM";"15087220";"Hettstedt, Stadt";"B";0;1616;2;1614;416;540;192;179;44;71;8;1;12;5;3;11;106;23;3;11;1605;446;572;310;133;51;45;;;;;;;;48;;
"Z";"06.09.2026";"20:15:19";15;14;"GEM";"15087220";"Hettstedt, Stadt";"";8995;6733;55;6678;1122;3606;551;457;147;214;37;9;49;22;9;30;354;54;17;83;6650;1263;3767;828;370;203;111;;;;;;;;108;;
"V";"06.09.2026";"19:26:57";5;5;"GEM";"15087250";"Kelbra (Kyffhäuser), Stadt";"U";2683;1508;20;1488;238;823;98;96;39;66;14;0;24;2;3;7;68;8;2;18;1490;314;848;133;87;53;34;;;;;;;;21;;
"V";"06.09.2026";"19:00:22";1;1;"GEM";"15087250";"Kelbra (Kyffhäuser), Stadt";"B";0;550;5;545;105;192;72;55;16;43;9;0;13;4;0;0;28;5;3;8;542;151;203;79;43;30;28;;;;;;;;8;;
"V";"06.09.2026";"19:26:57";6;6;"GEM";"15087250";"Kelbra (Kyffhäuser), Stadt";"";2683;2058;25;2033;343;1015;170;151;55;109;23;0;37;6;3;7;96;13;5;26;2032;465;1051;212;130;83;62;;;;;;;;29;;
"V";"06.09.2026";"20:06:51";1;1;"GEM";"15087260";"Klostermansfeld";"U";1841;1108;7;1101;200;620;76;64;26;38;10;0;9;2;0;2;51;2;1;11;1097;254;638;104;47;35;8;;;;;;;;11;;
"V";"06.09.2026";"19:00:24";1;1;"GEM";"15087260";"Klostermansfeld";"B";0;326;1;325;102;91;31;30;19;29;0;1;2;1;0;2;10;6;1;3;323;128;96;47;12;17;15;;;;;;;;8;;
"V";"06.09.2026";"20:06:51";2;2;"GEM";"15087260";"Klostermansfeld";"";1841;1434;8;1426;302;711;107;94;45;67;10;1;11;3;0;4;61;8;2;14;1420;382;734;151;59;52;23;;;;;;;;19;;
"Z";"06.09.2026";"20:00:08";16;13;"GEM";"15087275";"Mansfeld, Stadt";"U";4227;2682;24;2658;399;1584;190;136;58;72;26;4;16;7;6;8;108;39;5;34;2648;459;1640;247;113;79;46;;;;;;;;64;;
"V";"06.09.2026";"20:20:15";1;1;"GEM";"15087275";"Mansfeld, Stadt";"B";0;1313;6;1307;349;412;100;135;34;76;22;0;18;9;2;9;91;46;4;14;1299;419;450;151;92;39;53;;;;;;;;95;;
"Z";"06.09.2026";"20:20:15";17;14;"GEM";"15087275";"Mansfeld, Stadt";"";4227;3995;30;3965;748;1996;290;271;92;148;48;4;34;16;8;17;199;85;9;48;3947;878;2090;398;205;118;99;;;;;;;;159;;
"Z";"06.09.2026";"20:19:45";28;27;"GEM";"15087370";"Sangerhausen, Stadt";"U";19340;10597;137;10460;1684;5711;759;729;198;421;71;17;102;61;26;64;554;34;29;161;10436;2415;5931;966;533;311;189;;;;;;;;91;;
"Z";"06.09.2026";"20:23:54";5;4;"GEM";"15087370";"Sangerhausen, Stadt";"B";0;3085;20;3065;893;796;337;396;103;221;18;3;30;18;6;19;190;21;14;31;3054;1287;807;426;223;152;107;;;;;;;;52;;
"Z";"06.09.2026";"20:23:54";33;31;"GEM";"15087370";"Sangerhausen, Stadt";"";19340;13682;157;13525;2577;6507;1096;1125;301;642;89;20;132;79;32;83;744;55;43;192;13490;3702;6738;1392;756;463;296;;;;;;;;143;;
"Z";"06.09.2026";"20:18:26";13;12;"GEM";"15087386";"Seegebiet Mansfelder Land";"U";6577;4181;51;4130;476;2537;278;213;95;150;37;8;54;14;11;15;216;22;4;65;4116;663;2589;387;186;133;53;;;;;;;;105;;
"L";;;1;0;"GEM";"15087386";"Seegebiet Mansfelder Land";"B";0;0;0;0;0;0;0;0;0;0;0;0;0;0;0;0;0;0;0;0;0;0;0;0;0;0;0;;;;;;;;0;;
"Z";"06.09.2026";"20:18:26";14;12;"GEM";"15087386";"Seegebiet Mansfelder Land";"";6577;4181;51;4130;476;2537;278;213;95;150;37;8;54;14;11;15;216;22;4;65;4116;663;2589;387;186;133;53;;;;;;;;105;;
"Z";"06.09.2026";"19:50:04";16;13;"GEM";"15087412";"Südharz";"U";3875;2484;26;2458;414;1401;175;147;52;79;20;2;21;10;3;5;121;6;2;28;2456;543;1460;191;110;76;55;;;;;;;;21;;
"V";"06.09.2026";"19:31:59";2;2;"GEM";"15087412";"Südharz";"B";0;1271;6;1265;341;369;165;136;38;89;13;2;10;5;4;3;74;8;8;13;1258;446;377;190;91;66;72;;;;;;;;16;;
"Z";"06.09.2026";"19:50:04";18;15;"GEM";"15087412";"Südharz";"";3875;3755;32;3723;755;1770;340;283;90;168;33;4;31;15;7;8;195;14;10;41;3714;989;1837;381;201;142;127;;;;;;;;37;;
"V";"06.09.2026";"19:35:55";4;4;"GEM";"15087440";"Wallhausen";"U";1991;1204;11;1193;169;687;64;70;22;46;8;2;18;4;3;14;75;4;7;22;1182;244;715;98;50;27;24;;;;;;;;24;;
"V";"06.09.2026";"19:17:09";1;1;"GEM";"15087440";"Wallhausen";"B";0;322;2;320;85;85;36;42;15;22;1;1;2;3;0;1;22;4;1;6;316;113;87;39;31;24;14;;;;;;;;8;;
"V";"06.09.2026";"19:35:55";5;5;"GEM";"15087440";"Wallhausen";"";1991;1526;13;1513;254;772;100;112;37;68;9;3;20;7;3;15;97;8;8;28;1498;357;802;137;81;51;38;;;;;;;;32;;
"V";"06.09.2026";"19:39:53";1;1;"GEM";"15087470";"Wimmelburg";"U";917;493;8;485;67;306;36;30;10;9;3;0;5;0;2;1;16;0;0;9;484;93;309;42;21;15;2;;;;;;;;2;;
"V";"06.09.2026";"19:04:04";1;1;"GEM";"15087470";"Wimmelburg";"B";0;231;1;230;51;68;28;31;5;17;0;0;1;2;0;1;24;2;0;1;230;91;71;38;14;10;1;;;;;;;;5;;
"V";"06.09.2026";"19:39:53";2;2;"GEM";"15087470";"Wimmelburg";"";917;724;9;715;118;374;64;61;15;26;3;0;6;2;2;2;40;2;0;10;714;184;380;80;35;25;3;;;;;;;;7;;
"Z";"06.09.2026";"20:18:48";9;8;"GEM";"15088020";"Bad Dürrenberg, Stadt";"U";7829;4233;34;4199;634;2454;257;238;98;209;41;4;52;10;8;22;158;7;7;33;4200;769;2481;326;199;186;92;;;;;;;147;;;
"L";;;1;0;"GEM";"15088020";"Bad Dürrenberg, Stadt";"B";0;0;0;0;0;0;0;0;0;0;0;0;0;0;0;0;0;0;0;0;0;0;0;0;0;0;0;;;;;;;0;;;
"Z";"06.09.2026";"20:18:48";10;8;"GEM";"15088020";"Bad Dürrenberg, Stadt";"";7829;4233;34;4199;634;2454;257;238;98;209;41;4;52;10;8;22;158;7;7;33;4200;769;2481;326;199;186;92;;;;;;;147;;;
"Z";"06.09.2026";"20:05:51";7;4;"GEM";"15088025";"Bad Lauchstädt, Goethestadt";"U";3192;1892;13;1879;257;1189;75;86;31;81;19;3;22;7;4;7;84;6;8;17;1875;345;1224;107;82;56;33;;;;;;;;28;;
"L";;;2;0;"GEM";"15088025";"Bad Lauchstädt, Goethestadt";"B";0;0;0;0;0;0;0;0;0;0;0;0;0;0;0;0;0;0;0;0;0;0;0;0;0;0;0;;;;;;;;0;;
"Z";"06.09.2026";"20:05:51";9;4;"GEM";"15088025";"Bad Lauchstädt, Goethestadt";"";3192;1892;13;1879;257;1189;75;86;31;81;19;3;22;7;4;7;84;6;8;17;1875;345;1224;107;82;56;33;;;;;;;;28;;
"V";"06.09.2026";"19:11:12";1;1;"GEM";"15088030";"Barnstädt";"U";773;449;2;447;77;253;24;27;10;13;7;0;3;1;2;1;28;1;0;3;446;94;261;32;25;19;8;;;;;;;;7;;
"V";"06.09.2026";"19:04:19";1;1;"GEM";"15088030";"Barnstädt";"B";0;169;0;169;45;53;21;15;10;8;1;0;2;1;1;1;11;0;0;0;169;48;55;28;15;13;5;;;;;;;;5;;
"V";"06.09.2026";"19:11:12";2;2;"GEM";"15088030";"Barnstädt";"";773;618;2;616;122;306;45;42;20;21;8;0;5;2;3;2;39;1;0;3;615;142;316;60;40;32;13;;;;;;;;12;;
"Z";"06.09.2026";"19:39:05";10;8;"GEM";"15088065";"Braunsbedra, Stadt";"U";6469;3678;45;3633;568;2127;237;194;78;146;22;7;33;13;10;29;159;0;10;52;3626;730;2227;306;181;111;71;;;;;;;;;;
"L";;;1;0;"GEM";"15088065";"Braunsbedra, Stadt";"B";0;0;0;0;0;0;0;0;0;0;0;0;0;0;0;0;0;0;0;0;0;0;0;0;0;0;0;;;;;;;;;;
"Z";"06.09.2026";"19:39:05";11;8;"GEM";"15088065";"Braunsbedra, Stadt";"";6469;3678;45;3633;568;2127;237;194;78;146;22;7;33;13;10;29;159;0;10;52;3626;730;2227;306;181;111;71;;;;;;;;;;
"V";"06.09.2026";"19:53:33";2;2;"GEM";"15088100";"Farnstädt";"U";1216;789;13;776;122;474;49;34;13;17;12;3;10;5;1;2;33;1;0;10;779;135;497;62;35;21;14;;;;;;;;15;;
"V";"06.09.2026";"20:06:29";1;1;"GEM";"15088100";"Farnstädt";"B";0;182;0;182;40;55;20;22;10;15;1;0;2;1;0;0;10;5;1;0;182;48;56;31;24;9;7;;;;;;;;7;;
"V";"06.09.2026";"20:06:29";3;3;"GEM";"15088100";"Farnstädt";"";1216;971;13;958;162;529;69;56;23;32;13;3;12;6;1;2;43;6;1;10;961;183;553;93;59;30;21;;;;;;;;22;;
"Z";"06.09.2026";"20:15:18";5;2;"GEM";"15088150";"Kabelsketal";"U";2812;1591;10;1581;213;910;81;108;36;92;24;4;14;7;2;10;72;2;6;14;1577;284;927;131;84;48;35;;;;;;;68;;;
"L";;;1;0;"GEM";"15088150";"Kabelsketal";"B";0;0;0;0;0;0;0;0;0;0;0;0;0;0;0;0;0;0;0;0;0;0;0;0;0;0;0;;;;;;;0;;;
"Z";"06.09.2026";"20:15:18";6;2;"GEM";"15088150";"Kabelsketal";"";2812;1591;10;1581;213;910;81;108;36;92;24;4;14;7;2;10;72;2;6;14;1577;284;927;131;84;48;35;;;;;;;68;;;
"Z";"06.09.2026";"20:34:47";17;14;"GEM";"15088195";"Landsberg, Stadt";"U";8090;4992;47;4945;796;2629;277;335;131;338;49;7;56;11;8;30;258;10;10;63;4929;1070;2639;372;289;186;112;;;;;;;261;;;
"Z";"06.09.2026";"20:27:18";3;2;"GEM";"15088195";"Landsberg, Stadt";"B";0;1557;8;1549;425;428;157;167;54;157;11;1;16;9;4;8;109;2;1;9;1548;546;429;208;130;65;44;;;;;;;126;;;
"Z";"06.09.2026";"20:34:47";20;16;"GEM";"15088195";"Landsberg, Stadt";"";8090;6549;55;6494;1221;3057;434;502;185;495;60;8;72;20;12;38;367;12;11;72;6477;1616;3068;580;419;251;156;;;;;;;387;;;
"V";"06.09.2026";"20:20:47";11;11;"GEM";"15088205";"Leuna, Stadt";"U";11388;5856;42;5814;817;3581;320;309;117;237;41;4;64;24;19;27;239;4;11;59;5797;1119;3646;392;245;169;98;;;;;;;128;;;
"Z";"06.09.2026";"20:25:19";3;1;"GEM";"15088205";"Leuna, Stadt";"B";0;904;4;900;261;335;60;68;21;61;5;2;11;4;4;4;58;3;3;4;900;290;335;75;73;38;25;;;;;;;64;;;
"Z";"06.09.2026";"20:25:19";14;12;"GEM";"15088205";"Leuna, Stadt";"";11388;6760;46;6714;1078;3916;380;377;138;298;46;6;75;28;23;31;297;7;14;63;6697;1409;3981;467;318;207;123;;;;;;;192;;;
"Z";"06.09.2026";"19:55:43";10;7;"GEM";"15088216";"Wettin-Löbejün, Stadt";"U";4464;2743;32;2711;390;1534;146;171;61;177;23;1;34;14;3;18;126;9;4;39;2704;568;1587;191;140;122;65;;;;;;;;31;;
"L";;;2;0;"GEM";"15088216";"Wettin-Löbejün, Stadt";"B";0;0;0;0;0;0;0;0;0;0;0;0;0;0;0;0;0;0;0;0;0;0;0;0;0;0;0;;;;;;;;0;;
"Z";"06.09.2026";"19:55:43";12;7;"GEM";"15088216";"Wettin-Löbejün, Stadt";"";4464;2743;32;2711;390;1534;146;171;61;177;23;1;34;14;3;18;126;9;4;39;2704;568;1587;191;140;122;65;;;;;;;;31;;
"Z";"06.09.2026";"20:22:50";21;13;"GEM";"15088220";"Merseburg, Stadt";"U";15818;7792;78;7714;1170;4276;511;493;155;451;47;10;94;24;18;39;383;13;30;110;7682;1625;4480;687;453;262;175;;;;;;;;;;
"Z";"06.09.2026";"20:25:31";7;2;"GEM";"15088220";"Merseburg, Stadt";"B";0;1620;2;1618;462;456;189;165;46;150;15;2;12;6;12;11;82;5;5;12;1608;623;471;242;150;72;50;;;;;;;;;;
"Z";"06.09.2026";"20:25:31";28;15;"GEM";"15088220";"Merseburg, Stadt";"";15818;9412;80;9332;1632;4732;700;658;201;601;62;12;106;30;30;50;465;18;35;122;9290;2248;4951;929;603;334;225;;;;;;;;;;
"Z";"06.09.2026";"20:35:17";11;8;"GEM";"15088235";"Mücheln (Geiseltal), Stadt";"U";3957;2416;29;2387;400;1406;123;147;45;83;22;1;18;3;4;15;108;7;5;37;2379;512;1439;168;123;70;48;;;;;;;;19;;
"L";;;1;0;"GEM";"15088235";"Mücheln (Geiseltal), Stadt";"B";0;0;0;0;0;0;0;0;0;0;0;0;0;0;0;0;0;0;0;0;0;0;0;0;0;0;0;;;;;;;;0;;
"Z";"06.09.2026";"20:35:17";12;8;"GEM";"15088235";"Mücheln (Geiseltal), Stadt";"";3957;2416;29;2387;400;1406;123;147;45;83;22;1;18;3;4;15;108;7;5;37;2379;512;1439;168;123;70;48;;;;;;;;19;;
"V";"06.09.2026";"19:37:06";1;1;"GEM";"15088250";"Nemsdorf-Göhrendorf";"U";675;427;5;422;78;244;24;27;9;12;1;0;4;0;0;2;20;1;0;10;417;97;254;30;23;6;5;;;;;;;;2;;
"V";"06.09.2026";"20:21:54";1;1;"GEM";"15088250";"Nemsdorf-Göhrendorf";"B";0;140;3;137;34;39;16;19;4;7;1;0;1;2;0;1;12;0;1;4;136;51;40;25;7;8;1;;;;;;;;4;;
"V";"06.09.2026";"20:21:54";2;2;"GEM";"15088250";"Nemsdorf-Göhrendorf";"";675;567;8;559;112;283;40;46;13;19;2;0;5;2;0;3;32;1;1;14;553;148;294;55;30;14;6;;;;;;;;6;;
"V";"06.09.2026";"20:10:33";2;2;"GEM";"15088265";"Obhausen";"U";1815;1114;16;1098;150;664;73;70;19;39;6;5;7;8;3;4;45;4;1;16;1098;200;685;90;59;32;20;;;;;;;;12;;
"L";;;1;0;"GEM";"15088265";"Obhausen";"B";0;0;0;0;0;0;0;0;0;0;0;0;0;0;0;0;0;0;0;0;0;0;0;0;0;0;0;;;;;;;;0;;
"Z";"06.09.2026";"20:10:33";3;2;"GEM";"15088265";"Obhausen";"";1815;1114;16;1098;150;664;73;70;19;39;6;5;7;8;3;4;45;4;1;16;1098;200;685;90;59;32;20;;;;;;;;12;;
"Z";"06.09.2026";"20:29:58";11;8;"GEM";"15088295";"Petersberg";"U";4936;3035;32;3003;469;1632;159;180;80;197;27;1;30;11;9;21;176;7;4;37;2998;687;1707;221;137;145;75;;;;;;;0;26;;
"Z";"06.09.2026";"18:56:09";2;1;"GEM";"15088295";"Petersberg";"B";0;98;0;98;33;34;5;10;0;4;2;0;2;1;0;1;5;1;0;0;98;40;36;8;5;2;2;;;;;;;5;0;;
"Z";"06.09.2026";"20:29:58";13;9;"GEM";"15088295";"Petersberg";"";4936;3133;32;3101;502;1666;164;190;80;201;29;1;32;12;9;22;181;8;4;37;3096;727;1743;229;142;147;77;;;;;;;5;26;;
"Z";"06.09.2026";"20:35:13";13;7;"GEM";"15088305";"Querfurt, Stadt";"U";3796;2196;24;2172;245;1355;138;105;50;82;22;1;23;7;2;19;113;5;5;33;2163;345;1391;197;93;74;27;;;;;;;;36;;
"L";;;3;0;"GEM";"15088305";"Querfurt, Stadt";"B";0;0;0;0;0;0;0;0;0;0;0;0;0;0;0;0;0;0;0;0;0;0;0;0;0;0;0;;;;;;;;0;;
"Z";"06.09.2026";"20:35:13";16;7;"GEM";"15088305";"Querfurt, Stadt";"";3796;2196;24;2172;245;1355;138;105;50;82;22;1;23;7;2;19;113;5;5;33;2163;345;1391;197;93;74;27;;;;;;;;36;;
"V";"06.09.2026";"20:34:16";9;9;"GEM";"15088319";"Salzatal";"U";9559;5310;58;5252;846;2833;296;335;140;320;47;14;41;15;10;21;301;18;15;68;5242;1364;2922;388;216;193;95;;;;;;;;64;;
"L";;;2;0;"GEM";"15088319";"Salzatal";"B";0;0;0;0;0;0;0;0;0;0;0;0;0;0;0;0;0;0;0;0;0;0;0;0;0;0;0;;;;;;;;0;;
"Z";"06.09.2026";"20:34:16";11;9;"GEM";"15088319";"Salzatal";"";9559;5310;58;5252;846;2833;296;335;140;320;47;14;41;15;10;21;301;18;15;68;5242;1364;2922;388;216;193;95;;;;;;;;64;;
"V";"06.09.2026";"20:26:56";13;13;"GEM";"15088330";"Schkopau";"U";8952;5692;65;5627;812;3105;317;377;123;354;52;9;71;22;11;28;316;7;23;69;5623;1133;3147;409;373;154;122;;;;;;;285;;;
"Z";"06.09.2026";"20:23:08";2;1;"GEM";"15088330";"Schkopau";"B";0;777;2;775;246;208;73;87;24;68;6;0;13;4;2;5;34;0;5;3;774;298;203;89;84;32;28;;;;;;;40;;;
"Z";"06.09.2026";"20:26:56";15;14;"GEM";"15088330";"Schkopau";"";8952;6469;67;6402;1058;3313;390;464;147;422;58;9;84;26;13;33;350;7;28;72;6397;1431;3350;498;457;186;150;;;;;;;325;;;
"V";"06.09.2026";"19:49:10";1;1;"GEM";"15088340";"Schraplau, Stadt";"U";840;462;1;461;62;298;22;22;10;10;2;2;2;4;0;1;23;3;0;4;458;70;309;29;23;17;3;;;;;;;;7;;
"V";"06.09.2026";"19:42:45";1;1;"GEM";"15088340";"Schraplau, Stadt";"B";0;148;1;147;44;47;11;20;6;10;1;0;2;1;1;0;4;0;0;2;146;45;47;15;21;10;7;;;;;;;;1;;
"V";"06.09.2026";"19:49:10";2;2;"GEM";"15088340";"Schraplau, Stadt";"";840;610;2;608;106;345;33;42;16;20;3;2;4;5;1;1;27;3;0;6;604;115;356;44;44;27;10;;;;;;;;8;;
"V";"06.09.2026";"19:21:29";2;2;"GEM";"15088355";"Steigra";"U";897;502;7;495;92;285;28;31;7;17;6;2;3;3;0;0;16;5;0;7;495;113;292;35;30;15;5;;;;;;;;5;;
"L";;;1;0;"GEM";"15088355";"Steigra";"B";0;0;0;0;0;0;0;0;0;0;0;0;0;0;0;0;0;0;0;0;0;0;0;0;0;0;0;;;;;;;;0;;
"Z";"06.09.2026";"19:21:29";3;2;"GEM";"15088355";"Steigra";"";897;502;7;495;92;285;28;31;7;17;6;2;3;3;0;0;16;5;0;7;495;113;292;35;30;15;5;;;;;;;;5;;
"Z";"06.09.2026";"20:36:20";13;10;"GEM";"15088365";"Teutschenthal";"U";7912;4765;44;4721;709;2665;276;318;116;230;41;4;46;12;11;31;235;13;14;62;4703;1077;2761;340;226;177;70;;;;;;;;52;;
"Z";"06.09.2026";"20:04:05";2;1;"GEM";"15088365";"Teutschenthal";"B";0;1096;4;1092;262;351;105;132;32;104;14;1;7;5;4;7;61;1;6;21;1075;406;353;135;76;41;31;;;;;;;;33;;
"Z";"06.09.2026";"20:36:20";15;11;"GEM";"15088365";"Teutschenthal";"";7912;5861;48;5813;971;3016;381;450;148;334;55;5;53;17;15;38;296;14;20;83;5778;1483;3114;475;302;218;101;;;;;;;;85;;
"Z";"06.09.2026";"19:57:44";3;2;"GEM";"15089005";"Alsleben (Saale), Stadt";"U";1851;1051;7;1044;164;629;58;53;32;32;5;1;9;4;0;5;46;3;3;7;1044;219;646;68;43;53;15;;;;;;;;;;
"L";;;1;0;"GEM";"15089005";"Alsleben (Saale), Stadt";"B";0;0;0;0;0;0;0;0;0;0;0;0;0;0;0;0;0;0;0;0;0;0;0;0;0;0;0;;;;;;;;;;
"Z";"06.09.2026";"19:57:44";4;2;"GEM";"15089005";"Alsleben (Saale), Stadt";"";1851;1051;7;1044;164;629;58;53;32;32;5;1;9;4;0;5;46;3;3;7;1044;219;646;68;43;53;15;;;;;;;;;;
"Z";"06.09.2026";"20:02:56";23;20;"GEM";"15089015";"Aschersleben, Stadt";"U";16041;8825;111;8714;1209;4820;594;519;162;418;60;16;125;41;16;53;611;29;41;103;8722;1343;4771;701;581;216;192;;;;;;;819;99;;
"L";;;3;0;"GEM";"15089015";"Aschersleben, Stadt";"B";0;0;0;0;0;0;0;0;0;0;0;0;0;0;0;0;0;0;0;0;0;0;0;0;0;0;0;;;;;;;0;0;;
"Z";"06.09.2026";"20:02:56";26;20;"GEM";"15089015";"Aschersleben, Stadt";"";16041;8825;111;8714;1209;4820;594;519;162;418;60;16;125;41;16;53;611;29;41;103;8722;1343;4771;701;581;216;192;;;;;;;819;99;;
"Z";"06.09.2026";"19:22:36";13;4;"GEM";"15089026";"Barby, Stadt";"U";790;546;6;540;78;308;35;34;12;31;7;0;7;0;3;4;18;0;3;6;540;103;313;42;39;16;13;;;;;;;14;;;
"L";;;1;0;"GEM";"15089026";"Barby, Stadt";"B";0;0;0;0;0;0;0;0;0;0;0;0;0;0;0;0;0;0;0;0;0;0;0;0;0;0;0;;;;;;;0;;;
"Z";"06.09.2026";"19:22:36";14;4;"GEM";"15089026";"Barby, Stadt";"";790;546;6;540;78;308;35;34;12;31;7;0;7;0;3;4;18;0;3;6;540;103;313;42;39;16;13;;;;;;;14;;;
"V";"06.09.2026";"19:57:38";23;23;"GEM";"15089030";"Bernburg (Saale), Stadt";"U";24920;14387;186;14201;2124;7485;1173;915;515;761;85;25;187;65;33;92;678;18;45;240;14147;2906;7747;1523;766;928;277;;;;;;;;;;
"L";;;4;0;"GEM";"15089030";"Bernburg (Saale), Stadt";"B";0;0;0;0;0;0;0;0;0;0;0;0;0;0;0;0;0;0;0;0;0;0;0;0;0;0;0;;;;;;;;;;
"Z";"06.09.2026";"19:57:38";27;23;"GEM";"15089030";"Bernburg (Saale), Stadt";"";24920;14387;186;14201;2124;7485;1173;915;515;761;85;25;187;65;33;92;678;18;45;240;14147;2906;7747;1523;766;928;277;;;;;;;;;;
"V";"06.09.2026";"20:06:31";2;2;"GEM";"15089041";"Bördeaue";"U";1425;966;18;948;138;547;73;57;17;33;11;1;9;5;2;5;46;0;4;14;952;243;533;64;42;26;5;;;;;;;39;;;
"L";;;1;0;"GEM";"15089041";"Bördeaue";"B";0;0;0;0;0;0;0;0;0;0;0;0;0;0;0;0;0;0;0;0;0;0;0;0;0;0;0;;;;;;;0;;;
"Z";"06.09.2026";"20:06:31";3;2;"GEM";"15089041";"Bördeaue";"";1425;966;18;948;138;547;73;57;17;33;11;1;9;5;2;5;46;0;4;14;952;243;533;64;42;26;5;;;;;;;39;;;
"Z";"06.09.2026";"19:41:22";7;4;"GEM";"15089042";"Bördeland";"U";2119;1410;17;1393;189;790;83;104;43;59;12;6;15;11;1;12;63;0;5;23;1387;274;796;100;81;57;23;;;;;;;56;;;
"L";;;1;0;"GEM";"15089042";"Bördeland";"B";0;0;0;0;0;0;0;0;0;0;0;0;0;0;0;0;0;0;0;0;0;0;0;0;0;0;0;;;;;;;0;;;
"Z";"06.09.2026";"19:41:22";8;4;"GEM";"15089042";"Bördeland";"";2119;1410;17;1393;189;790;83;104;43;59;12;6;15;11;1;12;63;0;5;23;1387;274;796;100;81;57;23;;;;;;;56;;;
"V";"06.09.2026";"19:44:44";3;3;"GEM";"15089043";"Börde-Hakel";"U";2423;1576;9;1567;275;900;87;83;30;53;14;2;17;6;3;6;88;0;3;14;1562;431;867;87;65;31;13;;;;;;;68;;;
"L";;;1;0;"GEM";"15089043";"Börde-Hakel";"B";0;0;0;0;0;0;0;0;0;0;0;0;0;0;0;0;0;0;0;0;0;0;0;0;0;0;0;;;;;;;0;;;
"Z";"06.09.2026";"19:44:44";4;3;"GEM";"15089043";"Börde-Hakel";"";2423;1576;9;1567;275;900;87;83;30;53;14;2;17;6;3;6;88;0;3;14;1562;431;867;87;65;31;13;;;;;;;68;;;
"V";"06.09.2026";"19:42:12";1;1;"GEM";"15089045";"Borne";"U";986;601;10;591;80;361;31;29;11;19;5;0;6;4;2;6;35;1;1;11;590;207;313;25;9;11;2;;;;;;;23;;;
"L";;;1;0;"GEM";"15089045";"Borne";"B";0;0;0;0;0;0;0;0;0;0;0;0;0;0;0;0;0;0;0;0;0;0;0;0;0;0;0;;;;;;;0;;;
"Z";"06.09.2026";"19:42:12";2;1;"GEM";"15089045";"Borne";"";986;601;10;591;80;361;31;29;11;19;5;0;6;4;2;6;35;1;1;11;590;207;313;25;9;11;2;;;;;;;23;;;
"Z";"06.09.2026";"20:02:08";7;4;"GEM";"15089055";"Calbe (Saale), Stadt";"U";2754;1561;23;1538;240;824;124;121;32;70;17;3;21;12;4;16;48;2;4;31;1530;317;853;138;107;42;29;;;;;;;44;;;
"L";;;1;0;"GEM";"15089055";"Calbe (Saale), Stadt";"B";0;0;0;0;0;0;0;0;0;0;0;0;0;0;0;0;0;0;0;0;0;0;0;0;0;0;0;;;;;;;0;;;
"Z";"06.09.2026";"20:02:08";8;4;"GEM";"15089055";"Calbe (Saale), Stadt";"";2754;1561;23;1538;240;824;124;121;32;70;17;3;21;12;4;16;48;2;4;31;1530;317;853;138;107;42;29;;;;;;;44;;;
"Z";"06.09.2026";"19:28:36";3;2;"GEM";"15089075";"Egeln, Stadt";"U";1481;941;13;928;139;560;52;56;16;41;2;1;12;3;4;2;31;3;6;14;927;241;547;44;35;22;8;;;;;;;30;;;
"L";;;1;0;"GEM";"15089075";"Egeln, Stadt";"B";0;0;0;0;0;0;0;0;0;0;0;0;0;0;0;0;0;0;0;0;0;0;0;0;0;0;0;;;;;;;0;;;
"Z";"06.09.2026";"19:28:36";4;2;"GEM";"15089075";"Egeln, Stadt";"";1481;941;13;928;139;560;52;56;16;41;2;1;12;3;4;2;31;3;6;14;927;241;547;44;35;22;8;;;;;;;30;;;
"V";"06.09.2026";"19:19:22";1;1;"GEM";"15089130";"Giersleben";"U";777;506;5;501;73;281;27;35;10;16;5;0;8;1;0;5;35;1;4;7;499;92;310;40;31;11;15;;;;;;;;;;
"L";;;1;0;"GEM";"15089130";"Giersleben";"B";0;0;0;0;0;0;0;0;0;0;0;0;0;0;0;0;0;0;0;0;0;0;0;0;0;0;0;;;;;;;;;;
"Z";"06.09.2026";"19:19:22";2;1;"GEM";"15089130";"Giersleben";"";777;506;5;501;73;281;27;35;10;16;5;0;8;1;0;5;35;1;4;7;499;92;310;40;31;11;15;;;;;;;;;;
"Z";"06.09.2026";"19:54:10";5;3;"GEM";"15089165";"Güsten, Stadt";"U";1879;1148;6;1142;134;731;74;63;19;35;10;1;17;2;2;10;39;3;2;14;1134;185;754;102;46;30;17;;;;;;;;;;
"L";;;1;0;"GEM";"15089165";"Güsten, Stadt";"B";0;0;0;0;0;0;0;0;0;0;0;0;0;0;0;0;0;0;0;0;0;0;0;0;0;0;0;;;;;;;;;;
"Z";"06.09.2026";"19:54:10";6;3;"GEM";"15089165";"Güsten, Stadt";"";1879;1148;6;1142;134;731;74;63;19;35;10;1;17;2;2;10;39;3;2;14;1134;185;754;102;46;30;17;;;;;;;;;;
"Z";"06.09.2026";"20:01:27";5;4;"GEM";"15089175";"Hecklingen, Stadt";"U";4325;2558;20;2538;329;1582;159;110;35;80;23;3;38;9;5;18;140;5;2;26;2532;475;1602;178;88;54;29;;;;;;;106;;;
"L";;;1;0;"GEM";"15089175";"Hecklingen, Stadt";"B";0;0;0;0;0;0;0;0;0;0;0;0;0;0;0;0;0;0;0;0;0;0;0;0;0;0;0;;;;;;;0;;;
"Z";"06.09.2026";"20:01:27";6;4;"GEM";"15089175";"Hecklingen, Stadt";"";4325;2558;20;2538;329;1582;159;110;35;80;23;3;38;9;5;18;140;5;2;26;2532;475;1602;178;88;54;29;;;;;;;106;;;
"V";"06.09.2026";"19:48:43";1;1;"GEM";"15089185";"Ilberstedt";"U";821;537;7;530;72;338;36;18;14;13;5;1;4;5;1;2;20;1;0;10;527;78;354;42;21;26;6;;;;;;;;;;
"L";;;1;0;"GEM";"15089185";"Ilberstedt";"B";0;0;0;0;0;0;0;0;0;0;0;0;0;0;0;0;0;0;0;0;0;0;0;0;0;0;0;;;;;;;;;;
"Z";"06.09.2026";"19:48:43";2;1;"GEM";"15089185";"Ilberstedt";"";821;537;7;530;72;338;36;18;14;13;5;1;4;5;1;2;20;1;0;10;527;78;354;42;21;26;6;;;;;;;;;;
"Z";"06.09.2026";"19:33:05";10;7;"GEM";"15089195";"Könnern, Stadt";"U";4459;2757;30;2727;347;1629;169;158;99;82;34;2;28;10;7;17;133;3;9;34;2723;446;1684;212;189;163;29;;;;;;;;;;
"L";;;1;0;"GEM";"15089195";"Könnern, Stadt";"B";0;0;0;0;0;0;0;0;0;0;0;0;0;0;0;0;0;0;0;0;0;0;0;0;0;0;0;;;;;;;;;;
"Z";"06.09.2026";"19:33:05";11;7;"GEM";"15089195";"Könnern, Stadt";"";4459;2757;30;2727;347;1629;169;158;99;82;34;2;28;10;7;17;133;3;9;34;2723;446;1684;212;189;163;29;;;;;;;;;;
"Z";"06.09.2026";"19:59:27";8;7;"GEM";"15089235";"Nienburg (Saale), Stadt";"U";3487;2220;23;2197;289;1347;110;126;74;56;19;2;33;11;2;14;96;3;15;27;2193;403;1398;163;88;120;21;;;;;;;;;;
"L";;;1;0;"GEM";"15089235";"Nienburg (Saale), Stadt";"B";0;0;0;0;0;0;0;0;0;0;0;0;0;0;0;0;0;0;0;0;0;0;0;0;0;0;0;;;;;;;;;;
"Z";"06.09.2026";"19:59:27";9;7;"GEM";"15089235";"Nienburg (Saale), Stadt";"";3487;2220;23;2197;289;1347;110;126;74;56;19;2;33;11;2;14;96;3;15;27;2193;403;1398;163;88;120;21;;;;;;;;;;
"V";"06.09.2026";"19:07:06";3;3;"GEM";"15089245";"Plötzkau";"U";1012;688;5;683;80;448;31;36;23;15;8;2;7;4;2;3;23;1;0;6;682;109;460;41;28;33;11;;;;;;;;;;
"L";;;1;0;"GEM";"15089245";"Plötzkau";"B";0;0;0;0;0;0;0;0;0;0;0;0;0;0;0;0;0;0;0;0;0;0;0;0;0;0;0;;;;;;;;;;
"Z";"06.09.2026";"19:07:06";4;3;"GEM";"15089245";"Plötzkau";"";1012;688;5;683;80;448;31;36;23;15;8;2;7;4;2;3;23;1;0;6;682;109;460;41;28;33;11;;;;;;;;;;
"Z";"06.09.2026";"20:02:19";23;14;"GEM";"15089305";"Schönebeck (Elbe), Stadt";"U";12684;7466;85;7381;1146;3770;572;558;192;429;54;18;112;38;21;47;378;15;31;97;7369;1470;3857;715;634;237;149;;;;;;;307;;;
"L";;;3;0;"GEM";"15089305";"Schönebeck (Elbe), Stadt";"B";0;0;0;0;0;0;0;0;0;0;0;0;0;0;0;0;0;0;0;0;0;0;0;0;0;0;0;;;;;;;0;;;
"Z";"06.09.2026";"20:02:19";26;14;"GEM";"15089305";"Schönebeck (Elbe), Stadt";"";12684;7466;85;7381;1146;3770;572;558;192;429;54;18;112;38;21;47;378;15;31;97;7369;1470;3857;715;634;237;149;;;;;;;307;;;
"Z";"06.09.2026";"19:44:34";6;3;"GEM";"15089307";"Seeland, Stadt";"U";1661;1098;11;1087;190;642;75;37;15;31;5;0;8;4;3;4;66;3;4;16;1082;216;645;82;35;14;22;;;;;;;63;5;;
"L";;;1;0;"GEM";"15089307";"Seeland, Stadt";"B";0;0;0;0;0;0;0;0;0;0;0;0;0;0;0;0;0;0;0;0;0;0;0;0;0;0;0;;;;;;;0;0;;
"Z";"06.09.2026";"19:44:34";7;3;"GEM";"15089307";"Seeland, Stadt";"";1661;1098;11;1087;190;642;75;37;15;31;5;0;8;4;3;4;66;3;4;16;1082;216;645;82;35;14;22;;;;;;;63;5;;
"Z";"06.09.2026";"20:00:32";16;9;"GEM";"15089310";"Staßfurt, Salzstadt";"U";8245;5065;54;5011;716;2969;339;289;101;153;38;4;51;29;5;27;271;6;13;67;4998;1031;3003;315;214;116;77;;;;;;;242;;;
"L";;;3;0;"GEM";"15089310";"Staßfurt, Salzstadt";"B";0;0;0;0;0;0;0;0;0;0;0;0;0;0;0;0;0;0;0;0;0;0;0;0;0;0;0;;;;;;;0;;;
"Z";"06.09.2026";"20:00:32";19;9;"GEM";"15089310";"Staßfurt, Salzstadt";"";8245;5065;54;5011;716;2969;339;289;101;153;38;4;51;29;5;27;271;6;13;67;4998;1031;3003;315;214;116;77;;;;;;;242;;;
"V";"06.09.2026";"19:32:57";1;1;"GEM";"15089365";"Wolmirsleben";"U";1129;733;7;726;110;437;51;37;4;34;3;0;4;2;1;4;38;1;0;6;727;191;425;35;25;9;8;;;;;;;34;;;
"L";;;1;0;"GEM";"15089365";"Wolmirsleben";"B";0;0;0;0;0;0;0;0;0;0;0;0;0;0;0;0;0;0;0;0;0;0;0;0;0;0;0;;;;;;;0;;;
"Z";"06.09.2026";"19:32:57";2;1;"GEM";"15089365";"Wolmirsleben";"";1129;733;7;726;110;437;51;37;4;34;3;0;4;2;1;4;38;1;0;6;727;191;425;35;25;9;8;;;;;;;34;;;
"V";"06.09.2026";"19:47:37";4;4;"GEM";"15090003";"Aland";"U";1114;790;10;780;108;402;67;63;16;58;11;3;8;3;3;2;33;1;2;10;780;154;406;96;44;19;30;;;;;;;31;;;
"L";;;1;0;"GEM";"15090003";"Aland";"B";0;0;0;0;0;0;0;0;0;0;0;0;0;0;0;0;0;0;0;0;0;0;0;0;0;0;0;;;;;;;0;;;
"Z";"06.09.2026";"19:47:37";5;4;"GEM";"15090003";"Aland";"";1114;790;10;780;108;402;67;63;16;58;11;3;8;3;3;2;33;1;2;10;780;154;406;96;44;19;30;;;;;;;31;;;
"V";"06.09.2026";"19:14:02";5;5;"GEM";"15090007";"Altmärkische Höhe";"U";1431;938;12;926;159;494;41;79;16;52;14;0;10;4;1;3;49;1;3;16;922;208;504;61;63;20;22;;;;;;;44;;;
"V";"06.09.2026";"19:56:46";1;1;"GEM";"15090007";"Altmärkische Höhe";"B";0;251;1;250;67;62;22;43;6;20;0;1;8;2;1;0;16;0;2;1;250;76;61;37;29;5;18;;;;;;;24;;;
"V";"06.09.2026";"19:56:46";6;6;"GEM";"15090007";"Altmärkische Höhe";"";1431;1189;13;1176;226;556;63;122;22;72;14;1;18;6;2;3;65;1;5;17;1172;284;565;98;92;25;40;;;;;;;68;;;
"V";"06.09.2026";"19:05:25";4;4;"GEM";"15090008";"Altmärkische Wische";"U";710;446;7;439;64;238;35;29;14;21;3;2;3;3;0;0;25;1;1;6;440;91;237;43;22;13;15;;;;;;;19;;;
"V";"06.09.2026";"18:42:24";1;1;"GEM";"15090008";"Altmärkische Wische";"B";0;105;0;105;27;36;9;13;2;11;1;0;1;0;0;1;4;0;0;0;105;34;35;10;18;0;5;;;;;;;3;;;
"V";"06.09.2026";"19:05:25";5;5;"GEM";"15090008";"Altmärkische Wische";"";710;551;7;544;91;274;44;42;16;32;4;2;4;3;0;1;29;1;1;6;545;125;272;53;40;13;20;;;;;;;22;;;
"V";"06.09.2026";"20:21:41";2;2;"GEM";"15090010";"Arneburg, Stadt";"U";1218;752;12;740;85;403;58;79;14;46;6;1;9;5;2;0;28;1;3;14;738;125;395;99;55;24;22;;;;;;;18;;;
"L";;;1;0;"GEM";"15090010";"Arneburg, Stadt";"B";0;0;0;0;0;0;0;0;0;0;0;0;0;0;0;0;0;0;0;0;0;0;0;0;0;0;0;;;;;;;0;;;
"Z";"06.09.2026";"20:21:41";3;2;"GEM";"15090010";"Arneburg, Stadt";"";1218;752;12;740;85;403;58;79;14;46;6;1;9;5;2;0;28;1;3;14;738;125;395;99;55;24;22;;;;;;;18;;;
"Z";"06.09.2026";"19:46:50";21;20;"GEM";"15090070";"Bismark (Altmark), Stadt";"U";5619;3775;47;3728;601;1813;302;325;112;215;40;10;31;12;9;15;225;5;13;51;3724;796;1819;330;340;138;120;;;;;;;181;;;
"Z";"06.09.2026";"19:28:57";2;1;"GEM";"15090070";"Bismark (Altmark), Stadt";"B";0;477;1;476;113;116;53;85;19;35;13;0;6;1;0;4;30;1;0;6;471;148;114;55;77;30;18;;;;;;;29;;;
"Z";"06.09.2026";"19:46:50";23;21;"GEM";"15090070";"Bismark (Altmark), Stadt";"";5619;4252;48;4204;714;1929;355;410;131;250;53;10;37;13;9;19;255;6;13;57;4195;944;1933;385;417;168;138;;;;;;;210;;;
"V";"06.09.2026";"18:45:18";3;3;"GEM";"15090135";"Eichstedt (Altmark)";"U";673;508;3;505;84;258;37;45;12;23;10;1;3;4;4;0;20;2;2;7;501;96;260;73;30;20;10;;;;;;;12;;;
"V";"06.09.2026";"18:50:13";1;1;"GEM";"15090135";"Eichstedt (Altmark)";"B";0;85;2;83;26;17;9;11;7;9;0;0;0;0;0;0;4;0;0;2;83;28;18;21;5;5;2;;;;;;;4;;;
"V";"06.09.2026";"18:50:13";4;4;"GEM";"15090135";"Eichstedt (Altmark)";"";673;593;5;588;110;275;46;56;19;32;10;1;3;4;4;0;24;2;2;9;584;124;278;94;35;25;12;;;;;;;16;;;
"V";"06.09.2026";"19:27:08";2;2;"GEM";"15090180";"Goldbeck";"U";1133;723;4;719;109;347;84;57;25;41;11;3;4;4;1;1;29;0;3;9;714;119;346;136;41;30;21;;;;;;;21;;;
"V";"06.09.2026";"20:11:20";1;1;"GEM";"15090180";"Goldbeck";"B";0;210;0;210;62;33;44;28;4;14;3;0;1;0;1;0;20;0;0;1;209;67;32;72;10;3;9;;;;;;;16;;;
"V";"06.09.2026";"20:11:20";3;3;"GEM";"15090180";"Goldbeck";"";1133;933;4;929;171;380;128;85;29;55;14;3;5;4;2;1;49;0;3;10;923;186;378;208;51;33;30;;;;;;;37;;;
"V";"06.09.2026";"19:09:55";2;2;"GEM";"15090220";"Hassel";"U";763;537;4;533;96;254;33;46;9;44;6;0;4;0;0;1;39;1;0;4;533;133;249;58;38;9;19;;;;;;;27;;;
"V";"06.09.2026";"19:31:14";1;1;"GEM";"15090220";"Hassel";"B";0;114;0;114;21;26;12;22;4;17;0;0;1;0;1;0;10;0;0;0;114;36;25;24;9;4;9;;;;;;;7;;;
"V";"06.09.2026";"19:31:14";3;3;"GEM";"15090220";"Hassel";"";763;651;4;647;117;280;45;68;13;61;6;0;5;0;1;1;49;1;0;4;647;169;274;82;47;13;28;;;;;;;34;;;
"Z";"06.09.2026";"19:50:36";8;6;"GEM";"15090225";"Havelberg, Hansestadt";"U";1111;771;11;760;102;430;39;61;23;57;2;2;3;3;1;1;33;2;1;9;762;150;434;56;50;15;27;;;;;;;30;;;
"Z";"06.09.2026";"19:44:20";2;1;"GEM";"15090225";"Havelberg, Hansestadt";"B";0;557;0;557;136;126;72;83;16;49;4;2;4;2;1;4;50;3;5;4;553;186;123;92;63;17;24;;;;;;;48;;;
"Z";"06.09.2026";"19:50:36";10;7;"GEM";"15090225";"Havelberg, Hansestadt";"";1111;1328;11;1317;238;556;111;144;39;106;6;4;7;5;2;5;83;5;6;13;1315;336;557;148;113;32;51;;;;;;;78;;;
"V";"06.09.2026";"19:07:19";3;3;"GEM";"15090245";"Hohenberg-Krusemark";"U";982;683;2;681;72;390;46;54;20;33;8;1;6;1;1;3;42;3;1;3;680;88;385;77;42;34;25;;;;;;;29;;;
"V";"06.09.2026";"19:04:16";1;1;"GEM";"15090245";"Hohenberg-Krusemark";"B";0;125;1;124;21;35;12;19;1;20;0;0;1;1;1;1;12;0;0;1;124;32;35;27;7;6;5;;;;;;;12;;;
"V";"06.09.2026";"19:07:19";4;4;"GEM";"15090245";"Hohenberg-Krusemark";"";982;808;3;805;93;425;58;73;21;53;8;1;7;2;2;4;54;3;1;4;804;120;420;104;49;40;30;;;;;;;41;;;
"V";"06.09.2026";"18:57:41";2;2;"GEM";"15090270";"Iden";"U";613;384;5;379;44;189;39;33;13;26;6;0;5;2;0;1;20;0;1;5;379;53;186;69;25;15;20;;;;;;;11;;;
"V";"06.09.2026";"19:53:55";1;1;"GEM";"15090270";"Iden";"B";0;94;0;94;20;24;15;8;4;9;1;0;0;1;1;1;10;0;0;0;94;22;22;27;5;4;5;;;;;;;9;;;
"V";"06.09.2026";"19:53:55";3;3;"GEM";"15090270";"Iden";"";613;478;5;473;64;213;54;41;17;35;7;0;5;3;1;2;30;0;1;5;473;75;208;96;30;19;25;;;;;;;20;;;
"V";"06.09.2026";"19:33:55";3;3;"GEM";"15090285";"Kamern";"U";990;604;11;593;95;272;44;51;8;50;8;2;4;2;2;5;48;2;0;10;594;144;279;65;49;6;15;;;;;;;36;;;
"V";"06.09.2026";"19:46:54";1;1;"GEM";"15090285";"Kamern";"B";0;187;2;185;52;57;20;19;3;18;1;1;4;0;1;1;8;0;0;1;186;74;50;23;13;6;11;;;;;;;9;;;
"V";"06.09.2026";"19:46:54";4;4;"GEM";"15090285";"Kamern";"";990;791;13;778;147;329;64;70;11;68;9;3;8;2;3;6;56;2;0;11;780;218;329;88;62;12;26;;;;;;;45;;;
"V";"06.09.2026";"19:48:28";3;3;"GEM";"15090310";"Klietz";"U";1231;838;6;832;108;465;42;89;13;32;8;0;5;5;1;2;56;1;5;4;834;190;461;68;56;9;9;;;;;;;41;;;
"L";;;1;0;"GEM";"15090310";"Klietz";"B";0;0;0;0;0;0;0;0;0;0;0;0;0;0;0;0;0;0;0;0;0;0;0;0;0;0;0;;;;;;;0;;;
"Z";"06.09.2026";"19:48:28";4;3;"GEM";"15090310";"Klietz";"";1231;838;6;832;108;465;42;89;13;32;8;0;5;5;1;2;56;1;5;4;834;190;461;68;56;9;9;;;;;;;41;;;
"Z";"06.09.2026";"20:21:14";13;12;"GEM";"15090415";"Osterburg (Altmark), Hansestadt";"U";6349;3810;51;3759;625;1840;332;310;90;226;72;9;23;11;8;5;194;5;9;48;3762;835;1840;429;260;104;124;;;;;;;170;;;
"Z";"06.09.2026";"19:49:50";2;1;"GEM";"15090415";"Osterburg (Altmark), Hansestadt";"B";0;712;2;710;219;150;86;98;22;73;7;2;5;3;0;2;42;0;1;2;710;275;146;112;73;16;48;;;;;;;40;;;
"Z";"06.09.2026";"20:21:14";15;13;"GEM";"15090415";"Osterburg (Altmark), Hansestadt";"";6349;4522;53;4469;844;1990;418;408;112;299;79;11;28;14;8;7;236;5;10;50;4472;1110;1986;541;333;120;172;;;;;;;210;;;
"V";"06.09.2026";"19:05:44";2;2;"GEM";"15090435";"Rochau";"U";803;548;10;538;70;285;46;50;15;21;3;1;5;2;3;1;35;0;1;7;541;88;283;82;36;8;16;;;;;;;28;;;
"L";;;1;0;"GEM";"15090435";"Rochau";"B";0;0;0;0;0;0;0;0;0;0;0;0;0;0;0;0;0;0;0;0;0;0;0;0;0;0;0;;;;;;;0;;;
"Z";"06.09.2026";"19:05:44";3;2;"GEM";"15090435";"Rochau";"";803;548;10;538;70;285;46;50;15;21;3;1;5;2;3;1;35;0;1;7;541;88;283;82;36;8;16;;;;;;;28;;;
"V";"06.09.2026";"19:36:34";1;1;"GEM";"15090445";"Sandau (Elbe), Stadt";"U";707;434;4;430;58;262;18;21;10;23;10;0;3;2;1;5;17;0;0;5;429;84;265;25;20;7;9;;;;;;;19;;;
"V";"06.09.2026";"18:45:08";1;1;"GEM";"15090445";"Sandau (Elbe), Stadt";"B";0;132;0;132;40;40;14;14;0;11;1;1;0;0;0;0;11;0;0;0;132;50;39;15;11;0;5;;;;;;;12;;;
"V";"06.09.2026";"19:36:34";2;2;"GEM";"15090445";"Sandau (Elbe), Stadt";"";707;566;4;562;98;302;32;35;10;34;11;1;3;2;1;5;28;0;0;5;561;134;304;40;31;7;14;;;;;;;31;;;
"V";"06.09.2026";"19:45:31";1;1;"GEM";"15090485";"Schollene";"U";917;581;8;573;69;300;57;46;16;29;26;1;8;2;1;3;14;0;1;6;575;107;302;63;49;16;15;;;;;;;23;;;
"L";;;1;0;"GEM";"15090485";"Schollene";"B";0;0;0;0;0;0;0;0;0;0;0;0;0;0;0;0;0;0;0;0;0;0;0;0;0;0;0;;;;;;;0;;;
"Z";"06.09.2026";"19:45:31";2;1;"GEM";"15090485";"Schollene";"";917;581;8;573;69;300;57;46;16;29;26;1;8;2;1;3;14;0;1;6;575;107;302;63;49;16;15;;;;;;;23;;;
"V";"06.09.2026";"19:42:39";3;3;"GEM";"15090500";"Schönhausen (Elbe)";"U";1719;1123;11;1112;162;645;59;83;19;37;11;4;10;2;1;5;69;2;3;10;1113;228;645;79;61;22;15;;;;;;;63;;;
"L";;;1;0;"GEM";"15090500";"Schönhausen (Elbe)";"B";0;0;0;0;0;0;0;0;0;0;0;0;0;0;0;0;0;0;0;0;0;0;0;0;0;0;0;;;;;;;0;;;
"Z";"06.09.2026";"19:42:39";4;3;"GEM";"15090500";"Schönhausen (Elbe)";"";1719;1123;11;1112;162;645;59;83;19;37;11;4;10;2;1;5;69;2;3;10;1113;228;645;79;61;22;15;;;;;;;63;;;
"Z";"06.09.2026";"20:00:38";5;4;"GEM";"15090520";"Seehausen (Altmark), Hansestadt";"U";2443;1458;18;1440;216;743;121;124;37;78;22;7;9;14;2;4;62;0;1;20;1438;287;756;149;112;36;46;;;;;;;52;;;
"L";;;1;0;"GEM";"15090520";"Seehausen (Altmark), Hansestadt";"B";0;0;0;0;0;0;0;0;0;0;0;0;0;0;0;0;0;0;0;0;0;0;0;0;0;0;0;;;;;;;0;;;
"Z";"06.09.2026";"20:00:38";6;4;"GEM";"15090520";"Seehausen (Altmark), Hansestadt";"";2443;1458;18;1440;216;743;121;124;37;78;22;7;9;14;2;4;62;0;1;20;1438;287;756;149;112;36;46;;;;;;;52;;;
"Z";"06.09.2026";"20:20:16";36;30;"GEM";"15090535";"Stendal, Hansestadt";"U";22588;12427;167;12260;1718;6130;1027;1005;258;860;120;14;152;65;25;59;767;17;43;190;12237;2547;6184;1221;940;372;395;;;;;;;578;;;
"Z";"06.09.2026";"20:14:20";6;1;"GEM";"15090535";"Stendal, Hansestadt";"B";0;895;3;892;235;138;111;122;59;131;4;1;10;3;2;1;70;0;5;9;886;355;128;119;110;50;66;;;;;;;58;;;
"Z";"06.09.2026";"20:20:16";42;31;"GEM";"15090535";"Stendal, Hansestadt";"";22588;13322;170;13152;1953;6268;1138;1127;317;991;124;15;162;68;27;60;837;17;48;199;13123;2902;6312;1340;1050;422;461;;;;;;;636;;;
"Z";"06.09.2026";"20:25:00";19;11;"GEM";"15090546";"Tangerhütte, Stadt";"U";3132;2039;19;2020;273;1178;101;154;58;93;16;2;20;9;6;11;88;4;7;24;2015;385;1217;121;116;67;33;;;;;;;57;;;19
"L";;;2;0;"GEM";"15090546";"Tangerhütte, Stadt";"B";0;0;0;0;0;0;0;0;0;0;0;0;0;0;0;0;0;0;0;0;0;0;0;0;0;0;0;;;;;;;0;;;0
"Z";"06.09.2026";"20:25:00";21;11;"GEM";"15090546";"Tangerhütte, Stadt";"";3132;2039;19;2020;273;1178;101;154;58;93;16;2;20;9;6;11;88;4;7;24;2015;385;1217;121;116;67;33;;;;;;;57;;;19
"Z";"06.09.2026";"20:10:04";12;7;"GEM";"15090550";"Tangermünde, Stadt";"U";3506;2302;15;2287;324;1194;156;174;56;160;26;3;32;10;5;12;124;2;9;18;2284;464;1247;174;197;56;43;;;;;;;83;;;20
"L";;;2;0;"GEM";"15090550";"Tangermünde, Stadt";"B";0;0;0;0;0;0;0;0;0;0;0;0;0;0;0;0;0;0;0;0;0;0;0;0;0;0;0;;;;;;;0;;;0
"Z";"06.09.2026";"20:10:04";14;7;"GEM";"15090550";"Tangermünde, Stadt";"";3506;2302;15;2287;324;1194;156;174;56;160;26;3;32;10;5;12;124;2;9;18;2284;464;1247;174;197;56;43;;;;;;;83;;;20
"Z";"06.09.2026";"19:18:24";2;1;"GEM";"15090610";"Werben (Elbe), Hansestadt";"U";511;352;7;345;43;173;24;33;6;33;3;1;1;1;0;2;24;0;1;5;347;46;176;44;35;13;19;;;;;;;14;;;
"L";;;1;0;"GEM";"15090610";"Werben (Elbe), Hansestadt";"B";0;0;0;0;0;0;0;0;0;0;0;0;0;0;0;0;0;0;0;0;0;0;0;0;0;0;0;;;;;;;0;;;
"Z";"06.09.2026";"19:18:24";3;1;"GEM";"15090610";"Werben (Elbe), Hansestadt";"";511;352;7;345;43;173;24;33;6;33;3;1;1;1;0;2;24;0;1;5;347;46;176;44;35;13;19;;;;;;;14;;;
"V";"06.09.2026";"19:31:45";3;3;"GEM";"15090631";"Wust-Fischbeck";"U";966;627;11;616;75;346;33;47;19;41;18;3;3;3;1;2;23;1;1;11;616;128;358;44;30;19;15;;;;;;;22;;;
"V";"06.09.2026";"19:01:12";1;1;"GEM";"15090631";"Wust-Fischbeck";"B";0;184;1;183;39;45;20;37;2;21;4;0;0;1;0;0;14;0;0;2;182;64;47;25;20;4;9;;;;;;;13;;;
"V";"06.09.2026";"19:31:45";4;4;"GEM";"15090631";"Wust-Fischbeck";"";966;811;12;799;114;391;53;84;21;62;22;3;3;4;1;2;37;1;1;13;798;192;405;69;50;23;24;;;;;;;35;;;
"V";"06.09.2026";"19:16:52";2;2;"GEM";"15090635";"Zehrental";"U";672;458;6;452;71;231;25;55;7;27;5;0;2;3;0;2;21;1;2;7;451;94;235;39;43;10;14;;;;;;;16;;;
"V";"06.09.2026";"18:37:41";1;1;"GEM";"15090635";"Zehrental";"B";0;77;0;77;21;22;7;13;0;10;2;0;0;0;1;0;1;0;0;0;77;29;21;10;7;0;7;;;;;;;3;;;
"V";"06.09.2026";"19:16:52";3;3;"GEM";"15090635";"Zehrental";"";672;535;6;529;92;253;32;68;7;37;7;0;2;3;1;2;22;1;2;7;528;123;256;49;50;10;21;;;;;;;19;;;
"V";"06.09.2026";"20:11:25";12;12;"GEM";"15091010";"Annaburg, Stadt";"U";5145;3029;34;2995;440;1837;178;136;50;88;76;3;25;13;6;13;124;2;4;31;2998;575;1851;226;74;67;57;148;;;;;;;;;
"Z";"06.09.2026";"19:24:09";2;1;"GEM";"15091010";"Annaburg, Stadt";"B";0;509;10;499;143;158;52;38;3;23;20;0;8;4;3;3;38;1;5;15;494;179;165;61;41;5;10;33;;;;;;;;;
"Z";"06.09.2026";"20:11:25";14;13;"GEM";"15091010";"Annaburg, Stadt";"";5145;3538;44;3494;583;1995;230;174;53;111;96;3;33;17;9;16;162;3;9;46;3492;754;2016;287;115;72;67;181;;;;;;;;;
"V";"06.09.2026";"19:43:12";12;12;"GEM";"15091020";"Bad Schmiedeberg, Stadt";"U";6625;4082;45;4037;739;2117;264;250;91;220;135;8;32;9;6;14;145;3;4;46;4036;907;2139;286;214;95;83;312;;;;;;;;;
"L";;;1;0;"GEM";"15091020";"Bad Schmiedeberg, Stadt";"B";0;0;0;0;0;0;0;0;0;0;0;0;0;0;0;0;0;0;0;0;0;0;0;0;0;0;0;0;;;;;;;;;
"Z";"06.09.2026";"19:43:12";13;12;"GEM";"15091020";"Bad Schmiedeberg, Stadt";"";6625;4082;45;4037;739;2117;264;250;91;220;135;8;32;9;6;14;145;3;4;46;4036;907;2139;286;214;95;83;312;;;;;;;;;
"Z";"06.09.2026";"18:43:23";23;8;"GEM";"15091060";"Coswig (Anhalt), Stadt";"U";1416;994;9;985;190;487;56;93;27;42;17;1;7;4;2;10;46;1;2;11;983;249;508;69;61;37;14;38;;;;;7;;;;
"L";;;2;0;"GEM";"15091060";"Coswig (Anhalt), Stadt";"B";0;0;0;0;0;0;0;0;0;0;0;0;0;0;0;0;0;0;0;0;0;0;0;0;0;0;0;0;;;;;0;;;;
"Z";"06.09.2026";"18:43:23";25;8;"GEM";"15091060";"Coswig (Anhalt), Stadt";"";1416;994;9;985;190;487;56;93;27;42;17;1;7;4;2;10;46;1;2;11;983;249;508;69;61;37;14;38;;;;;7;;;;
"Z";"06.09.2026";"20:06:51";12;6;"GEM";"15091110";"Gräfenhainichen, Stadt";"U";4909;2758;38;2720;431;1546;173;178;51;124;38;2;34;12;7;14;97;6;7;41;2717;537;1573;224;151;49;65;118;;;;;;;;;
"L";;;2;0;"GEM";"15091110";"Gräfenhainichen, Stadt";"B";0;0;0;0;0;0;0;0;0;0;0;0;0;0;0;0;0;0;0;0;0;0;0;0;0;0;0;0;;;;;;;;;
"Z";"06.09.2026";"20:06:51";14;6;"GEM";"15091110";"Gräfenhainichen, Stadt";"";4909;2758;38;2720;431;1546;173;178;51;124;38;2;34;12;7;14;97;6;7;41;2717;537;1573;224;151;49;65;118;;;;;;;;;
"Z";"06.09.2026";"20:00:05";21;20;"GEM";"15091145";"Jessen (Elster), Stadt";"U";10308;6083;64;6019;987;3323;392;368;122;236;99;10;61;31;15;26;316;8;25;71;6012;1337;3381;522;298;118;88;268;;;;;;;;;
"V";"06.09.2026";"19:53:56";2;2;"GEM";"15091145";"Jessen (Elster), Stadt";"B";0;2209;10;2199;665;581;231;203;67;159;64;0;32;17;1;10;149;8;12;26;2183;840;612;286;159;54;97;135;;;;;;;;;
"Z";"06.09.2026";"20:00:05";23;22;"GEM";"15091145";"Jessen (Elster), Stadt";"";10308;8292;74;8218;1652;3904;623;571;189;395;163;10;93;48;16;36;465;16;37;97;8195;2177;3993;808;457;172;185;403;;;;;;;;;
"V";"06.09.2026";"20:12:00";15;15;"GEM";"15091160";"Kemberg, Stadt";"U";7841;4933;58;4875;961;2517;317;333;88;241;94;11;48;15;6;22;204;8;10;65;4868;1168;2564;421;286;88;85;256;;;;;;;;;
"V";"06.09.2026";"20:07:41";2;2;"GEM";"15091160";"Kemberg, Stadt";"B";0;1568;5;1563;449;433;166;168;28;140;54;0;19;9;3;12;76;1;5;14;1554;580;430;195;131;33;72;113;;;;;;;;;
"V";"06.09.2026";"20:12:00";17;17;"GEM";"15091160";"Kemberg, Stadt";"";7841;6501;63;6438;1410;2950;483;501;116;381;148;11;67;24;9;34;280;9;15;79;6422;1748;2994;616;417;121;157;369;;;;;;;;;
"L";;;12;0;"GEM";"15091241";"Oranienbaum-Wörlitz, Stadt";"U";0;0;0;0;0;0;0;0;0;0;0;0;0;0;0;0;0;0;0;0;0;0;0;0;0;0;0;0;;;;;0;;;;
"L";;;2;0;"GEM";"15091241";"Oranienbaum-Wörlitz, Stadt";"B";0;0;0;0;0;0;0;0;0;0;0;0;0;0;0;0;0;0;0;0;0;0;0;0;0;0;0;0;;;;;0;;;;
"L";;;14;0;"GEM";"15091241";"Oranienbaum-Wörlitz, Stadt";"";0;0;0;0;0;0;0;0;0;0;0;0;0;0;0;0;0;0;0;0;0;0;0;0;0;0;0;0;;;;;0;;;;
"Z";"06.09.2026";"20:11:27";37;30;"GEM";"15091375";"Wittenberg, Lutherstadt";"U";25530;13938;133;13805;2558;6821;996;919;268;919;335;21;162;65;38;75;561;24;43;160;13778;3458;6971;1227;808;249;350;715;;;;;;;;;
"Z";"06.09.2026";"20:11:52";12;6;"GEM";"15091375";"Wittenberg, Lutherstadt";"B";0;4210;28;4182;1158;952;475;525;131;521;121;5;43;18;16;28;171;8;10;44;4166;1675;1001;542;392;108;209;239;;;;;;;;;
"Z";"06.09.2026";"20:11:52";49;36;"GEM";"15091375";"Wittenberg, Lutherstadt";"";25530;18148;161;17987;3716;7773;1471;1444;399;1440;456;26;205;83;54;103;732;32;53;204;17944;5133;7972;1769;1200;357;559;954;;;;;;;;;
"Z";"06.09.2026";"19:38:16";12;11;"GEM";"15091391";"Zahna-Elster, Stadt";"U";7121;4214;42;4172;770;2172;288;254;76;197;114;8;40;15;7;23;192;7;9;42;4172;1004;2227;336;213;76;72;244;;;;;;;;;
"V";"06.09.2026";"19:56:28";2;2;"GEM";"15091391";"Zahna-Elster, Stadt";"B";0;1751;10;1741;528;462;171;174;62;130;70;4;21;13;5;9;83;5;4;16;1735;687;473;212;124;44;64;131;;;;;;;;;
"Z";"06.09.2026";"19:56:28";14;13;"GEM";"15091391";"Zahna-Elster, Stadt";"";7121;5965;52;5913;1298;2634;459;428;138;327;184;12;61;28;12;32;275;12;13;58;5907;1691;2700;548;337;120;136;375;;;;;;;;;
