{
"type": "FeatureCollection",
"name": "ltw_wahlkreise_mv",
"crs": { "type": "name", "properties": { "name": "urn:ogc:def:crs:OGC:1.3:CRS84" } },
"features": [
{ "type": "Feature", "properties": { "wkr": 1, "wkr_name": "Greifswald" }, "geometry": { "type": "MultiPolygon", "coordinates": [ [ [ [ 13.420160945966245, 54.121082814609437 ], [ 13.428258198378058, 54.118088260821651 ], [ 13.432185883791266, 54.119842859551007 ], [ 13.434528060144745, 54.120265687481314 ], [ 13.439322698105144, 54.121416023535069 ], [ 13.440548958952451, 54.120707484818652 ], [ 13.440723894277749, 54.119266503153263 ], [ 13.43964151429404, 54.114713590771778 ], [ 13.438873755106343, 54.112829832533784 ], [ 13.443989662809003, 54.107924456419994 ], [ 13.450154108439664, 54.100350666853465 ], [ 13.454627090001669, 54.097950422729497 ], [ 13.45747575789607, 54.097977974212263 ], [ 13.457271565669275, 54.096537104344684 ], [ 13.456304822942458, 54.094834728839892 ], [ 13.455949719199046, 54.092963595141896 ], [ 13.457801636802031, 54.090992343343416 ], [ 13.463926156583902, 54.08833184415591 ], [ 13.467831681200588, 54.086960031546589 ], [ 13.47208248342727, 54.08666399976002 ], [ 13.47702062496349, 54.087020712770219 ], [ 13.481791657905035, 54.08575396542345 ], [ 13.487968454909314, 54.083968206389464 ], [ 13.490318293900305, 54.083783236139894 ], [ 13.494452373678458, 54.083750189562778 ], [ 13.499903544216675, 54.084969078768722 ], [ 13.501600848963699, 54.086631638968953 ], [ 13.50123549207821, 54.087844803099898 ], [ 13.501214795580591, 54.087942478151518 ], [ 13.503547284833777, 54.087923586941784 ], [ 13.506409592834043, 54.086287099090647 ], [ 13.507290365485465, 54.084854930811261 ], [ 13.506910667991271, 54.082873474151945 ], [ 13.505644698005906, 54.082516248097207 ], [ 13.502635418727877, 54.084070734600189 ], [ 13.497900636641187, 54.076832633951234 ], [ 13.501491182151064, 54.075031866296563 ], [ 13.502452174546711, 54.070993033945264 ], [ 13.502332171008014, 54.067655109709342 ], [ 13.502300678681818, 54.0664816274343 ], [ 13.495654344590163, 54.059429215155461 ], [ 13.496986964239834, 54.055335544491122 ], [ 13.49038781857891, 54.054414934270554 ], [ 13.48900972531194, 54.056489059447209 ], [ 13.488427108267073, 54.057749761705153 ], [ 13.483251834186213, 54.059390900545885 ], [ 13.479566287456995, 54.061889541061447 ], [ 13.471285665011322, 54.061887570164643 ], [ 13.468268256074063, 54.061573753994061 ], [ 13.461296029066052, 54.061298430469087 ], [ 13.453236261610767, 54.064507852249591 ], [ 13.453223018700397, 54.060493716697437 ], [ 13.455915862738317, 54.059138262357841 ], [ 13.455775741235447, 54.056117306393467 ], [ 13.440320512466545, 54.056456141614191 ], [ 13.433307786458947, 54.0604255831324 ], [ 13.420594416194769, 54.065794263939935 ], [ 13.408818832641922, 54.070012256048742 ], [ 13.404548447085766, 54.064103681044266 ], [ 13.401769597737049, 54.059398378961653 ], [ 13.392810170683324, 54.060449026706522 ], [ 13.389145309738963, 54.060340452797 ], [ 13.385388427732114, 54.060097749121255 ], [ 13.377658404259085, 54.059835562636486 ], [ 13.361345273765787, 54.061524965346969 ], [ 13.362104396590254, 54.063948470805435 ], [ 13.358560195906133, 54.064725758654731 ], [ 13.361643103375277, 54.069312531200417 ], [ 13.357957535695359, 54.070301221464753 ], [ 13.359856620799853, 54.072423265402378 ], [ 13.359701383777253, 54.07382633946326 ], [ 13.358068847076598, 54.07720109330797 ], [ 13.359712436406362, 54.078236095556136 ], [ 13.358167682246449, 54.080673226701329 ], [ 13.356574698147059, 54.080120244785604 ], [ 13.354716825177508, 54.079688162295326 ], [ 13.355083851917783, 54.077964484684919 ], [ 13.353193980369428, 54.076878690787879 ], [ 13.335595396887451, 54.078613771370293 ], [ 13.336474115793441, 54.080582455353785 ], [ 13.319363418922595, 54.084708536569806 ], [ 13.321768289382355, 54.086171014504608 ], [ 13.321791855209041, 54.091994449590693 ], [ 13.323093643508773, 54.092313858275411 ], [ 13.328491227935933, 54.092774883285358 ], [ 13.332180910639186, 54.0926470204979 ], [ 13.334211519301864, 54.093098561837003 ], [ 13.335543982406374, 54.093813117275943 ], [ 13.336796741845426, 54.095146052145424 ], [ 13.338521069093716, 54.097924973970358 ], [ 13.341630037823732, 54.0995554462746 ], [ 13.346385783951632, 54.099892924019393 ], [ 13.352558554699666, 54.099517323216396 ], [ 13.357667655030969, 54.099617121557507 ], [ 13.361610172106801, 54.099682097268349 ], [ 13.3657041085857, 54.099289757277283 ], [ 13.369490641616435, 54.099126265535503 ], [ 13.364074796910685, 54.106803042652409 ], [ 13.370941789328834, 54.106618240904815 ], [ 13.371626865600483, 54.108916406632972 ], [ 13.374861770977571, 54.108363747471941 ], [ 13.378452046004346, 54.102382220927652 ], [ 13.380824279691474, 54.102814494847181 ], [ 13.38142133996509, 54.106672999048556 ], [ 13.388936527513891, 54.109178627262565 ], [ 13.390531493156983, 54.108650488028395 ], [ 13.394341755222241, 54.107525903686238 ], [ 13.396263119687733, 54.107542192855632 ], [ 13.3983802090375, 54.109750256872793 ], [ 13.399910183243378, 54.110987387877429 ], [ 13.401855647763449, 54.112404541583402 ], [ 13.404329647856434, 54.114031357694522 ], [ 13.410098246173924, 54.113402764884185 ], [ 13.410059547413875, 54.114216313559034 ], [ 13.407281966240069, 54.119584046446121 ], [ 13.413574470810222, 54.120721856809482 ], [ 13.413484523662431, 54.122311918198072 ], [ 13.416013780619787, 54.122477005636533 ], [ 13.420160945966245, 54.121082814609437 ] ] ], [ [ [ 13.413510788103913, 54.161057243346761 ], [ 13.411262515964614, 54.160107572300973 ], [ 13.410412863826041, 54.160298005553237 ], [ 13.410496088986562, 54.160791672634282 ], [ 13.41275459654466, 54.161678332127877 ], [ 13.413132050958291, 54.162868678431096 ], [ 13.412570623317665, 54.163661443953941 ], [ 13.410037651549008, 54.165729013065757 ], [ 13.410034033441638, 54.168638612371545 ], [ 13.407943532841374, 54.169739012265921 ], [ 13.401259122236457, 54.171097234698927 ], [ 13.399609282632863, 54.172589768113831 ], [ 13.399651411028559, 54.174604835894321 ], [ 13.400350297865776, 54.177075737806611 ], [ 13.399465489052973, 54.179086206153777 ], [ 13.396679345035301, 54.179928477979196 ], [ 13.393374460776654, 54.180327392162127 ], [ 13.39368926733076, 54.181102516415919 ], [ 13.395304105304247, 54.181212304382768 ], [ 13.397967689205734, 54.180914631233037 ], [ 13.403217502908372, 54.179380490145036 ], [ 13.411670760116943, 54.176488295557299 ], [ 13.41785075467144, 54.173728896627317 ], [ 13.421442045752364, 54.171359059250726 ], [ 13.422324248658228, 54.169995496920798 ], [ 13.422640354342075, 54.168308043839787 ], [ 13.420813799428631, 54.166339815772723 ], [ 13.418441181582267, 54.165501166552431 ], [ 13.415760408951332, 54.164577191930412 ], [ 13.41432690298193, 54.163066640790369 ], [ 13.413510788103913, 54.161057243346761 ] ] ], [ [ [ 13.370541778362396, 54.183965639445177 ], [ 13.372251538553384, 54.181882773833422 ], [ 13.371413313054456, 54.180965209375415 ], [ 13.370483158394252, 54.180616666789852 ], [ 13.367234408042139, 54.181724375271372 ], [ 13.362933591374059, 54.181563083296105 ], [ 13.360442691254775, 54.181520157098426 ], [ 13.358090088240608, 54.182236655237823 ], [ 13.35657735201748, 54.182633402236796 ], [ 13.351150197838457, 54.181108910968298 ], [ 13.346476701341661, 54.179716171134018 ], [ 13.34620079057394, 54.178924890087721 ], [ 13.34414716997772, 54.177909751039159 ], [ 13.341006108869236, 54.17850737280844 ], [ 13.339652494376294, 54.177407511118147 ], [ 13.337122373866599, 54.176889717704313 ], [ 13.336820504737588, 54.176574132401697 ], [ 13.33448919758955, 54.176704813652094 ], [ 13.332254959440652, 54.177027451771053 ], [ 13.331382492775765, 54.178259947780766 ], [ 13.331631591468225, 54.179660256174877 ], [ 13.333154556894499, 54.182461671057482 ], [ 13.337075664721038, 54.181998282848355 ], [ 13.341746726034128, 54.182475460244902 ], [ 13.343917144198036, 54.182011534265826 ], [ 13.344953753426097, 54.181550786696256 ], [ 13.347123870593803, 54.182048317798198 ], [ 13.351133545811132, 54.183178266551131 ], [ 13.354487705748562, 54.184109563035975 ], [ 13.356725392184387, 54.184881378833367 ], [ 13.357547685476737, 54.185587984037113 ], [ 13.359665150857161, 54.186312682570581 ], [ 13.362551791417086, 54.186991609519886 ], [ 13.367420080333439, 54.18543248066225 ], [ 13.370541778362396, 54.183965639445177 ] ] ] ] } },
{ "type": "Feature", "properties": { "wkr": 2, "wkr_name": "Neubrandenburg I" }, "geometry": { "type": "Polygon", "coordinates": [ [ [ 13.180665069748255, 53.465022679278405 ], [ 13.18019306277459, 53.464937714987343 ], [ 13.176783920028296, 53.464062752513989 ], [ 13.174373644564199, 53.461224924962274 ], [ 13.176393249217931, 53.46102663569247 ], [ 13.178564945688827, 53.459515763863173 ], [ 13.176586323733602, 53.456452322567849 ], [ 13.178728531436191, 53.453510024051695 ], [ 13.177628432158125, 53.450059012916405 ], [ 13.174149516749132, 53.448463939575525 ], [ 13.171800051372673, 53.445222769584213 ], [ 13.166343641543772, 53.445023635456309 ], [ 13.161684493271943, 53.444152230137611 ], [ 13.156560997158305, 53.445217005664517 ], [ 13.15413478188551, 53.445924466827783 ], [ 13.149144317996805, 53.448249204177856 ], [ 13.141761098957074, 53.449904725444576 ], [ 13.141490891213708, 53.454481888212662 ], [ 13.137734480969401, 53.455988648693527 ], [ 13.135372153371616, 53.457640665166572 ], [ 13.140147817600241, 53.461097215625486 ], [ 13.146327869036593, 53.462830242629622 ], [ 13.154291299734966, 53.465693758066593 ], [ 13.159166022729556, 53.468327732454398 ], [ 13.16138434709716, 53.473788010453774 ], [ 13.161577509143244, 53.477081625442757 ], [ 13.157820840551224, 53.479261998416064 ], [ 13.161179549239035, 53.48555731893606 ], [ 13.163565429190081, 53.486627229901124 ], [ 13.163316056391398, 53.488578358994694 ], [ 13.169807771958551, 53.490048522726852 ], [ 13.17280770049862, 53.490899929709954 ], [ 13.176719252821556, 53.493714968436599 ], [ 13.180257759191942, 53.494461270349845 ], [ 13.185327712921822, 53.493886614736496 ], [ 13.183857585062556, 53.496447394412655 ], [ 13.1856753491048, 53.499567748304358 ], [ 13.194328681126363, 53.503816772642736 ], [ 13.197650103058312, 53.506901321095526 ], [ 13.202523962053959, 53.509662432571915 ], [ 13.204530685772371, 53.512152890412594 ], [ 13.207333653486529, 53.513969249071614 ], [ 13.205742537401203, 53.51914080791807 ], [ 13.209895671135403, 53.521560375464894 ], [ 13.212602561155666, 53.523374060406553 ], [ 13.216701796370753, 53.528641580774881 ], [ 13.221327791126516, 53.530483283394524 ], [ 13.221756148359871, 53.531748229021623 ], [ 13.220271061032358, 53.535159549583788 ], [ 13.221737522958234, 53.536608025882131 ], [ 13.221446172688722, 53.536931070155489 ], [ 13.22523940334451, 53.540660688266009 ], [ 13.227972869767958, 53.543700038332609 ], [ 13.230219736966173, 53.545389641124096 ], [ 13.2330973977702, 53.546450749440417 ], [ 13.235969194617509, 53.547161311120313 ], [ 13.237555965180485, 53.547951544100307 ], [ 13.239268096766695, 53.549226319778882 ], [ 13.241381953927286, 53.549943629338927 ], [ 13.24401544030809, 53.550379094122967 ], [ 13.246347007605872, 53.550155776254407 ], [ 13.247265409373407, 53.550246724722591 ], [ 13.248353412615076, 53.551842040011564 ], [ 13.250023718077207, 53.553934798202704 ], [ 13.25468356780873, 53.552854283819983 ], [ 13.255787603307608, 53.55276875187306 ], [ 13.25769260148058, 53.553125951932124 ], [ 13.261260450654712, 53.552867009573944 ], [ 13.26400162044474, 53.55402936302854 ], [ 13.265440417021377, 53.555152712943773 ], [ 13.266366992918883, 53.556748895391976 ], [ 13.266047687799079, 53.557915254915329 ], [ 13.265397088730998, 53.558646930466566 ], [ 13.268889774470944, 53.56086496250159 ], [ 13.275206330845856, 53.55995625873966 ], [ 13.280107215549458, 53.559371734122699 ], [ 13.285875321910666, 53.55905379019746 ], [ 13.289339489832278, 53.559184227862154 ], [ 13.293096796354311, 53.559705509667772 ], [ 13.300104226826786, 53.55976104008306 ], [ 13.303404366302875, 53.559249476765459 ], [ 13.306597684036976, 53.558680108651878 ], [ 13.312513925429924, 53.558025099668164 ], [ 13.317222914943487, 53.55799357162995 ], [ 13.322602077818887, 53.559061209869931 ], [ 13.330796819417827, 53.560746374787378 ], [ 13.339716333038858, 53.561486100903963 ], [ 13.340321069768919, 53.558066513009656 ], [ 13.343017845152906, 53.550702396425002 ], [ 13.343090855423512, 53.539262549295167 ], [ 13.327882740642515, 53.539502554988275 ], [ 13.328298044431008, 53.533172145983279 ], [ 13.324382824120649, 53.533059733126422 ], [ 13.323836663968557, 53.530349128851668 ], [ 13.314446790116763, 53.526507275093756 ], [ 13.307744330354174, 53.52361435710494 ], [ 13.301775773571324, 53.521583695568481 ], [ 13.29367458693941, 53.520094965294497 ], [ 13.283444731165938, 53.519711243996078 ], [ 13.269534327937805, 53.517922252804773 ], [ 13.26746271499113, 53.512551800895721 ], [ 13.256386909631535, 53.511442059171273 ], [ 13.25974284345223, 53.517676415771056 ], [ 13.250448153519093, 53.518882691983336 ], [ 13.250119637083946, 53.517119668670468 ], [ 13.249105257594909, 53.515839489085685 ], [ 13.249501021536711, 53.513224106629316 ], [ 13.246381658054466, 53.512689115799752 ], [ 13.240904188073243, 53.51350283034369 ], [ 13.236099507363805, 53.514955751784903 ], [ 13.229999017976953, 53.515787487582905 ], [ 13.228538491282611, 53.513988863304938 ], [ 13.227043064049889, 53.510706693990898 ], [ 13.225097139592505, 53.506787137796344 ], [ 13.222784074706333, 53.504693557382296 ], [ 13.220362597004378, 53.50288428666866 ], [ 13.220106358380376, 53.499791398740683 ], [ 13.218382900281515, 53.494361842112113 ], [ 13.215172826387855, 53.491673113593684 ], [ 13.212567237707161, 53.487835727033044 ], [ 13.210002652504482, 53.484801160876287 ], [ 13.202391309229657, 53.482519101083184 ], [ 13.198251399363729, 53.478921560317971 ], [ 13.189669871392454, 53.475473558440612 ], [ 13.18633990985002, 53.472620374041448 ], [ 13.182574108167438, 53.470905486285908 ], [ 13.179057086357275, 53.470221030052031 ], [ 13.176241392793413, 53.469882306218246 ], [ 13.180687659445463, 53.46502255173624 ], [ 13.180665069748255, 53.465022679278405 ] ] ] } },
{ "type": "Feature", "properties": { "wkr": 3, "wkr_name": "Neubrandenburg II" }, "geometry": { "type": "Polygon", "coordinates": [ [ [ 13.252716287098377, 53.619095825142011 ], [ 13.252874633196249, 53.618858921650521 ], [ 13.257961906531625, 53.611261968326197 ], [ 13.264435174475118, 53.599158961903626 ], [ 13.265912836339819, 53.593162936779699 ], [ 13.266457054014865, 53.591622973743611 ], [ 13.276768241439745, 53.590544190117846 ], [ 13.284707286250004, 53.589816074680314 ], [ 13.296754230854699, 53.590407566559655 ], [ 13.311116355180619, 53.591406009359332 ], [ 13.311100291764571, 53.588771829929932 ], [ 13.311651033775755, 53.587008028577685 ], [ 13.314523554737564, 53.584929369995926 ], [ 13.312438971351934, 53.581855337981288 ], [ 13.320497649555502, 53.573032815614539 ], [ 13.322141204440623, 53.570927578771688 ], [ 13.328585384876886, 53.569792603926246 ], [ 13.33341180703678, 53.569346060572045 ], [ 13.339325504160591, 53.568510571654372 ], [ 13.33944814281775, 53.563015898156841 ], [ 13.339716156983197, 53.561477114270701 ], [ 13.330796645253065, 53.560737388154358 ], [ 13.322601905390764, 53.559052223235916 ], [ 13.317222743655249, 53.557984584995488 ], [ 13.312513755140024, 53.558016113034753 ], [ 13.306597515001787, 53.558671122020613 ], [ 13.303404197945083, 53.559240490135792 ], [ 13.300104059169035, 53.559752053454915 ], [ 13.293096630182243, 53.55969652304131 ], [ 13.28933932445646, 53.559175241235842 ], [ 13.285875157269206, 53.559044803572 ], [ 13.280107052131184, 53.559362747499463 ], [ 13.275206168467184, 53.559947272118649 ], [ 13.268889613432394, 53.560855975883882 ], [ 13.26539692843088, 53.558637943846918 ], [ 13.266047527360328, 53.557906268294396 ], [ 13.26636683241134, 53.55673990876938 ], [ 13.265440256708732, 53.555143726319223 ], [ 13.264001460436033, 53.554020376402882 ], [ 13.261260450654712, 53.552867009573944 ], [ 13.25769260148058, 53.553125951932124 ], [ 13.255787603307608, 53.55276875187306 ], [ 13.25468356780873, 53.55285428381999 ], [ 13.250023718077207, 53.553934798202704 ], [ 13.248353412615074, 53.55184204001155 ], [ 13.247265409373409, 53.550246724722591 ], [ 13.246346851335309, 53.550146789629757 ], [ 13.244015284531958, 53.550370107499624 ], [ 13.241381798708819, 53.549934642715925 ], [ 13.239267941995424, 53.549217333155653 ], [ 13.23755581077061, 53.54794255747602 ], [ 13.23596904054299, 53.547152324495556 ], [ 13.233097244303424, 53.546441762815874 ], [ 13.230219584107928, 53.545380654499318 ], [ 13.22797271738377, 53.543691051706425 ], [ 13.225239251535681, 53.540651701636762 ], [ 13.221446021678762, 53.536922083522711 ], [ 13.219744228912257, 53.538525997232874 ], [ 13.212974297270041, 53.544091158207173 ], [ 13.217365420754311, 53.544842379367481 ], [ 13.210596875071605, 53.552694620303924 ], [ 13.211648835796465, 53.557346155424668 ], [ 13.206413242292658, 53.556237289096138 ], [ 13.205423479418045, 53.554505607101419 ], [ 13.190259053721411, 53.556456450874236 ], [ 13.18330354311284, 53.562706525485602 ], [ 13.181566052591915, 53.564495892031402 ], [ 13.18072079457952, 53.56598210265404 ], [ 13.182728130462122, 53.568472732537458 ], [ 13.184241613153137, 53.569807189537812 ], [ 13.189843128849345, 53.573041522694531 ], [ 13.192741423937038, 53.574916153165432 ], [ 13.195357133130202, 53.576672465896841 ], [ 13.197295837851883, 53.576758520943208 ], [ 13.205169637409217, 53.576135939448541 ], [ 13.20865338133615, 53.578359681307369 ], [ 13.209329937698095, 53.579916157815497 ], [ 13.213111673460469, 53.581218782010119 ], [ 13.215789302002463, 53.583162577035466 ], [ 13.220874929480551, 53.583096713473893 ], [ 13.22090306693201, 53.588728446559166 ], [ 13.224262689275642, 53.588892796646945 ], [ 13.22471259733452, 53.587410410611099 ], [ 13.231570457793314, 53.588945443149832 ], [ 13.231889200563677, 53.590493298192527 ], [ 13.232018431673165, 53.592041818405391 ], [ 13.232509194021189, 53.59405162722949 ], [ 13.229673912626298, 53.595209709960592 ], [ 13.236286801985667, 53.596947061771701 ], [ 13.237369190691547, 53.597294213672832 ], [ 13.236248006535597, 53.599025901260298 ], [ 13.241441735508962, 53.601390358911587 ], [ 13.242114160183347, 53.603430018153183 ], [ 13.249179034604991, 53.60389662968111 ], [ 13.248993997201552, 53.606519390250092 ], [ 13.250444789929643, 53.609212681587877 ], [ 13.246396054457623, 53.610441562360663 ], [ 13.246910960155789, 53.611808103458216 ], [ 13.246858694584065, 53.614478273491798 ], [ 13.248957890278476, 53.617132422929274 ], [ 13.250271456266741, 53.618915714712379 ], [ 13.252376010309112, 53.619086699102631 ], [ 13.252723883817788, 53.619098024938559 ], [ 13.252716287098377, 53.619095825142011 ] ] ] } },
{ "type": "Feature", "properties": { "wkr": 4, "wkr_name": "Hansestadt Rostock I" }, "geometry": { "type": "Polygon", "coordinates": [ [ [ 12.09282929789212, 54.178714869562221 ], [ 12.096874511649572, 54.17998270645996 ], [ 12.09586395270207, 54.182194073463087 ], [ 12.098209270040105, 54.180917896672419 ], [ 12.101173721478609, 54.1793698925444 ], [ 12.104962700569319, 54.178461086630278 ], [ 12.108365990452349, 54.1786122328433 ], [ 12.11262969381435, 54.179445578812476 ], [ 12.119059020585665, 54.181802843754447 ], [ 12.122936844498469, 54.183297417313945 ], [ 12.127847360782519, 54.186349357360122 ], [ 12.131920472181656, 54.188755353930084 ], [ 12.138169921419168, 54.192557339699007 ], [ 12.147477008496056, 54.200295473591503 ], [ 12.153714058748669, 54.205581106284598 ], [ 12.156861491537272, 54.204144649579867 ], [ 12.157565946266825, 54.202571066548387 ], [ 12.168816029429772, 54.205413738354842 ], [ 12.174659388318545, 54.203734753218626 ], [ 12.168457915375233, 54.193294585742443 ], [ 12.177709351725735, 54.191762733001916 ], [ 12.174565250866676, 54.185449502474356 ], [ 12.17230174757797, 54.180637618463223 ], [ 12.174203989084928, 54.180237732547731 ], [ 12.175119318551749, 54.178033197849345 ], [ 12.153836622549953, 54.18130851744472 ], [ 12.151732327694043, 54.179259395010824 ], [ 12.14545008231792, 54.175702697233234 ], [ 12.143249289437138, 54.174239431548408 ], [ 12.098754410199895, 54.157482587871172 ], [ 12.095045827909077, 54.150567422514222 ], [ 12.094064920711764, 54.137171143178797 ], [ 12.095727688695282, 54.125511508200319 ], [ 12.09295800504052, 54.122707540395538 ], [ 12.092441596836535, 54.116522488326282 ], [ 12.081689880152719, 54.111317412610276 ], [ 12.065383660986534, 54.126741905660431 ], [ 12.063676119427431, 54.135139732771314 ], [ 12.064246913608546, 54.141904523021182 ], [ 12.057787709257665, 54.141753689473894 ], [ 12.05792925881051, 54.144219179683304 ], [ 12.058764863875789, 54.15073234518389 ], [ 12.04905700987133, 54.152147219484675 ], [ 12.046986697291267, 54.148216271381401 ], [ 12.043756421174358, 54.147588442796462 ], [ 12.043575425904242, 54.142202667978673 ], [ 12.032795776611209, 54.142199226244891 ], [ 12.030414651026355, 54.143624564045055 ], [ 12.029323342440517, 54.143076528774593 ], [ 12.027200730300018, 54.144305229321077 ], [ 12.026840171520353, 54.146284648889583 ], [ 12.02902560285732, 54.146839494830736 ], [ 12.02756652968336, 54.148863766433784 ], [ 12.025212057908792, 54.148359843741716 ], [ 12.019562055289546, 54.15497252865547 ], [ 12.027470705888414, 54.156573686618884 ], [ 12.027543761033035, 54.157780059438352 ], [ 12.032717256858547, 54.162904106830069 ], [ 12.022051678328889, 54.165929734888621 ], [ 12.01842243056155, 54.16692311973695 ], [ 12.01542600162766, 54.16749656793796 ], [ 12.01416790634886, 54.168319275912211 ], [ 12.010927842743863, 54.17149223644838 ], [ 12.009013418429699, 54.171517461884719 ], [ 12.000138755975197, 54.173412236480054 ], [ 11.998746818154219, 54.174958036587981 ], [ 12.010540249634781, 54.178168052712081 ], [ 12.016506686760776, 54.177375924888473 ], [ 12.02543167348847, 54.176674616225746 ], [ 12.032461614923026, 54.176172609389056 ], [ 12.042331178916269, 54.176290319299454 ], [ 12.052580236718688, 54.177217418115937 ], [ 12.06268717461035, 54.178055306156352 ], [ 12.070040364918665, 54.179082924893621 ], [ 12.075208542280347, 54.180434883225878 ], [ 12.079928360033053, 54.182029559671989 ], [ 12.08358752083336, 54.18342733419847 ], [ 12.087707788896005, 54.185220987312576 ], [ 12.088691600871792, 54.180422202055468 ], [ 12.09022658403204, 54.180289365583917 ], [ 12.091799033042339, 54.180456330554328 ], [ 12.09282929789212, 54.178714869562221 ] ] ] } },
{ "type": "Feature", "properties": { "wkr": 5, "wkr_name": "Hansestadt Rostock II" }, "geometry": { "type": "Polygon", "coordinates": [ [ [ 12.063914772554144, 54.083120797859692 ], [ 12.059722869493703, 54.084249787153098 ], [ 12.0598459081864, 54.086527817932463 ], [ 12.057585285433431, 54.088798409752322 ], [ 12.055261538826448, 54.089399342659341 ], [ 12.053782060976225, 54.089820274103133 ], [ 12.0519620011792, 54.090422528259523 ], [ 12.050404040487734, 54.091007018261408 ], [ 12.047411067698816, 54.091783412620053 ], [ 12.048061215154171, 54.093715385913761 ], [ 12.051844055768722, 54.095263614488083 ], [ 12.050404947466708, 54.09714229463097 ], [ 12.05451559010649, 54.103032535493263 ], [ 12.049432595975283, 54.103978329818048 ], [ 12.049492885165996, 54.106349981444211 ], [ 12.036830809914976, 54.107586063975155 ], [ 12.036445239178155, 54.11174583766325 ], [ 12.039052999692391, 54.112302252061724 ], [ 12.037150170772042, 54.116404598336722 ], [ 12.034544826591384, 54.115601059027654 ], [ 12.032556136041276, 54.119803997980746 ], [ 12.022054719104705, 54.123021361954891 ], [ 12.019938008314602, 54.125201746389372 ], [ 12.0190734449749, 54.128618637962894 ], [ 12.027298809736376, 54.127294851062494 ], [ 12.033301104210564, 54.127182606251282 ], [ 12.033992185318688, 54.130909977259584 ], [ 12.03331808080223, 54.134787498560584 ], [ 12.036752728093695, 54.135337883594687 ], [ 12.036271292422381, 54.14087487654723 ], [ 12.032795776611209, 54.142199226244891 ], [ 12.043575425904244, 54.142202667978644 ], [ 12.043756421174356, 54.147588442796483 ], [ 12.046986697291267, 54.148216271381415 ], [ 12.049057009871328, 54.152147219484696 ], [ 12.058764863875789, 54.15073234518389 ], [ 12.05792925881051, 54.144219179683283 ], [ 12.057787709257665, 54.14175368947388 ], [ 12.064246913608546, 54.141904523021154 ], [ 12.063676119427431, 54.135139732771314 ], [ 12.065383660986534, 54.126741905660431 ], [ 12.095595081294254, 54.098159422146111 ], [ 12.069676742919942, 54.088646380800256 ], [ 12.063914772554144, 54.083120797859692 ] ] ] } },
{ "type": "Feature", "properties": { "wkr": 6, "wkr_name": "Hansestadt Rostock III" }, "geometry": { "type": "Polygon", "coordinates": [ [ [ 12.131771144023896, 54.093353602343022 ], [ 12.129037182767133, 54.089692319067076 ], [ 12.127688255998907, 54.085617165444326 ], [ 12.129095319977022, 54.08274794655609 ], [ 12.12916951783304, 54.081347634289024 ], [ 12.127600479341174, 54.079625713648397 ], [ 12.136151018847137, 54.075083794013452 ], [ 12.13780682073298, 54.073978841245022 ], [ 12.141763524296879, 54.070950498368639 ], [ 12.148780572365775, 54.063302994253178 ], [ 12.146406693362563, 54.061936570879048 ], [ 12.145473961995433, 54.05833769063635 ], [ 12.134150085647423, 54.059393495025084 ], [ 12.131331520244023, 54.058981700890754 ], [ 12.126412162834241, 54.058746686863884 ], [ 12.116860719188894, 54.058559017968697 ], [ 12.10900908381613, 54.055741550937114 ], [ 12.103722961478283, 54.054137453337546 ], [ 12.098011844614945, 54.052876502137167 ], [ 12.096764949531009, 54.051089737794292 ], [ 12.096376809325081, 54.050808734839009 ], [ 12.09506591191103, 54.052471423576158 ], [ 12.09413989660767, 54.052466141140698 ], [ 12.092273200499188, 54.05247964875354 ], [ 12.090801149272332, 54.05235080959892 ], [ 12.090025289243354, 54.052080729968203 ], [ 12.088385822206824, 54.051050630836656 ], [ 12.081104156247267, 54.051430463468151 ], [ 12.079973231841411, 54.052108769253358 ], [ 12.075925876755278, 54.053977942978598 ], [ 12.075100838330041, 54.054534566306359 ], [ 12.073978061963977, 54.05528501129352 ], [ 12.073227373147573, 54.056027358106377 ], [ 12.073029750152942, 54.056487546112493 ], [ 12.072918481270925, 54.057241780808766 ], [ 12.072926622137521, 54.057897641009369 ], [ 12.072905851404423, 54.059105906214157 ], [ 12.072905298010655, 54.059507936541365 ], [ 12.072912526717275, 54.060019549136172 ], [ 12.07294858256363, 54.063602539951489 ], [ 12.064997199797702, 54.059108649059652 ], [ 12.063759617598448, 54.063267959930293 ], [ 12.073529816948328, 54.066759813348703 ], [ 12.072499889849315, 54.068342132722215 ], [ 12.066017314262885, 54.067921362246906 ], [ 12.060959261353617, 54.076272475986222 ], [ 12.060593895770072, 54.079516502810471 ], [ 12.064271847446761, 54.08133978578568 ], [ 12.063914772554144, 54.083120797859692 ], [ 12.069676742919942, 54.088646380800256 ], [ 12.095595081294254, 54.098159422146111 ], [ 12.081689880152716, 54.111317412610276 ], [ 12.092441596836535, 54.116522488326282 ], [ 12.110608191408437, 54.097852913883351 ], [ 12.109825717884517, 54.092428367085425 ], [ 12.131771144023896, 54.093353602343022 ] ] ] } },
{ "type": "Feature", "properties": { "wkr": 7, "wkr_name": "Hansestadt Rostock IV" }, "geometry": { "type": "Polygon", "coordinates": [ [ [ 12.146222411337428, 54.066090778584453 ], [ 12.141763524296879, 54.070950498368639 ], [ 12.13780682073298, 54.073978841245022 ], [ 12.136151018847135, 54.07508379401348 ], [ 12.127600479341169, 54.079625713648426 ], [ 12.12916951783304, 54.081347634289024 ], [ 12.129095319977022, 54.08274794655609 ], [ 12.127688255998907, 54.085617165444326 ], [ 12.129037182767133, 54.089692319067076 ], [ 12.131771144023896, 54.093353602343022 ], [ 12.109825717884517, 54.092428367085425 ], [ 12.110608191408437, 54.097852913883322 ], [ 12.092441596836535, 54.116522488326282 ], [ 12.09295800504052, 54.122707540395538 ], [ 12.095727688695282, 54.125511508200319 ], [ 12.094064920711764, 54.137171143178797 ], [ 12.095045827909077, 54.150567422514222 ], [ 12.098754410199895, 54.157482587871172 ], [ 12.143249289437138, 54.174239431548408 ], [ 12.14545008231792, 54.175702697233234 ], [ 12.151732327694043, 54.179259395010824 ], [ 12.153836622549953, 54.18130851744472 ], [ 12.175119318551749, 54.178033197849359 ], [ 12.174203989084928, 54.180237732547731 ], [ 12.17230174757797, 54.180637618463223 ], [ 12.174813400669683, 54.185899154358026 ], [ 12.177709351725735, 54.191762733001916 ], [ 12.168457915375233, 54.193294585742443 ], [ 12.174659388318545, 54.203734753218626 ], [ 12.168816029429772, 54.205413738354842 ], [ 12.157565946266825, 54.202571066548387 ], [ 12.156861491537272, 54.204144649579867 ], [ 12.153714058748669, 54.205581106284598 ], [ 12.159173771106957, 54.211368078901536 ], [ 12.163858378268506, 54.216426106200529 ], [ 12.171574290729193, 54.225616229338776 ], [ 12.175216080413067, 54.228672650750319 ], [ 12.177207238440939, 54.230255275050247 ], [ 12.18477231196232, 54.235959931978762 ], [ 12.195534882054188, 54.241978722842376 ], [ 12.201348687160868, 54.244700905325018 ], [ 12.202302859290159, 54.243827574212148 ], [ 12.221898845436753, 54.242126472809019 ], [ 12.225188955720958, 54.242134970793515 ], [ 12.226454438751579, 54.243146718162279 ], [ 12.232057644601694, 54.241290210305195 ], [ 12.234676539336704, 54.241842522437096 ], [ 12.238523754838825, 54.241021345206747 ], [ 12.239502530049281, 54.240886709707304 ], [ 12.240235809102952, 54.240903992866912 ], [ 12.240965447594522, 54.24115751530114 ], [ 12.241727802509946, 54.241810692539801 ], [ 12.242001869866275, 54.242101086305361 ], [ 12.242665307809668, 54.242646211737856 ], [ 12.243377610048169, 54.242903915757829 ], [ 12.243986471135791, 54.242909903999596 ], [ 12.244685060690454, 54.242814987269192 ], [ 12.245495660515974, 54.242603538955422 ], [ 12.246248933087237, 54.242362751397337 ], [ 12.247167349484728, 54.242084165806673 ], [ 12.248293316341394, 54.241875933918294 ], [ 12.252130928797271, 54.241868906719056 ], [ 12.253495322943653, 54.241982111560183 ], [ 12.254050851325998, 54.242057508352836 ], [ 12.254297051160112, 54.24208761245125 ], [ 12.254571644508301, 54.242166513273581 ], [ 12.254846720682579, 54.242319873567986 ], [ 12.255296802018647, 54.242682513978664 ], [ 12.25564047565323, 54.242901164129876 ], [ 12.256066015743011, 54.243032964110412 ], [ 12.25647530099535, 54.243076012891294 ], [ 12.257594724222351, 54.243127970711349 ], [ 12.26112303399799, 54.243086512576653 ], [ 12.26362873603594, 54.242845035760162 ], [ 12.263764012215328, 54.242681375825136 ], [ 12.264053778333023, 54.242347359938272 ], [ 12.264702369576538, 54.241815115838968 ], [ 12.267581734607401, 54.241076722797473 ], [ 12.267259426192378, 54.238101799773361 ], [ 12.267695724758322, 54.236620017591292 ], [ 12.265783336220004, 54.231015128386424 ], [ 12.264952301451624, 54.229033505303953 ], [ 12.264971475235113, 54.226056678762106 ], [ 12.264142462005864, 54.223135839538337 ], [ 12.265102503657277, 54.218775321397835 ], [ 12.264103461294393, 54.215004269007032 ], [ 12.272403054439351, 54.213935229051636 ], [ 12.27269584764448, 54.210604974092973 ], [ 12.276094613961579, 54.209365631536699 ], [ 12.287312339616458, 54.202434974502417 ], [ 12.295123762164641, 54.195698792347635 ], [ 12.267527599989663, 54.184443125230075 ], [ 12.262973746246695, 54.185990136130364 ], [ 12.259996206478805, 54.183968776324953 ], [ 12.257762897434064, 54.182692536094272 ], [ 12.25452107078261, 54.183040060930779 ], [ 12.249700161265389, 54.183594659376745 ], [ 12.246246769207788, 54.184064799919376 ], [ 12.236262957875851, 54.183090494064253 ], [ 12.231085350217077, 54.182318399601378 ], [ 12.228625962441328, 54.181436298440673 ], [ 12.228118547924685, 54.179638214189787 ], [ 12.225510578166855, 54.178667909744 ], [ 12.224238037844916, 54.178839887672119 ], [ 12.225103411199118, 54.18344420714979 ], [ 12.206607159199534, 54.18235027652667 ], [ 12.205981865180235, 54.18225712282139 ], [ 12.206146419559621, 54.180328236924169 ], [ 12.205725932810568, 54.176863756565339 ], [ 12.202533294080927, 54.174532138800068 ], [ 12.201315505396021, 54.172154790106084 ], [ 12.19979100926208, 54.170335850553471 ], [ 12.19910502846407, 54.169469257028297 ], [ 12.19781533497062, 54.167990084938936 ], [ 12.192267814233459, 54.167644545581297 ], [ 12.186613188991807, 54.166422112664236 ], [ 12.175291114566193, 54.162400227519392 ], [ 12.17629130864931, 54.159117271321975 ], [ 12.182714654242623, 54.158915992044896 ], [ 12.183926554832805, 54.156815004532355 ], [ 12.186312806862402, 54.1536103781742 ], [ 12.187728363531273, 54.148322641890424 ], [ 12.188436182129534, 54.148044018089465 ], [ 12.189673831201164, 54.147627465833587 ], [ 12.183661667572242, 54.134634833029288 ], [ 12.177725472626733, 54.130630819000395 ], [ 12.172815151957435, 54.128862104001847 ], [ 12.172846923308549, 54.12416204857815 ], [ 12.171160968247335, 54.121450616257583 ], [ 12.173346681994794, 54.118914568832174 ], [ 12.17112975212102, 54.115971668795119 ], [ 12.177192806787096, 54.113025510978467 ], [ 12.182154549440055, 54.110742147568537 ], [ 12.189713112079939, 54.107268742766671 ], [ 12.190653402570911, 54.106792968502063 ], [ 12.194318286759126, 54.104476258718691 ], [ 12.197801312701028, 54.10193466741223 ], [ 12.20119454706226, 54.097166655706111 ], [ 12.20080052723598, 54.09470125173732 ], [ 12.200600955349842, 54.093838230530302 ], [ 12.199983011636641, 54.090784181371482 ], [ 12.199572780139823, 54.089019922705099 ], [ 12.199253217619081, 54.087647059124329 ], [ 12.19820432339959, 54.084750958987456 ], [ 12.199647744338163, 54.083366828774153 ], [ 12.198783795088097, 54.080896348337617 ], [ 12.196997635126328, 54.08071621135813 ], [ 12.195295080434867, 54.079734312011389 ], [ 12.193807124662476, 54.078953024819413 ], [ 12.192945243043367, 54.078791030341819 ], [ 12.192433626898076, 54.06979214965525 ], [ 12.188725443489931, 54.068921352257817 ], [ 12.169877467751073, 54.067033568316852 ], [ 12.165543375448365, 54.07123185913732 ], [ 12.159475010172264, 54.069244853514185 ], [ 12.157233833756116, 54.067976471502433 ], [ 12.155240557899056, 54.065425496067867 ], [ 12.152347712388062, 54.064014847051304 ], [ 12.148780572365775, 54.063302994253178 ], [ 12.146222411337428, 54.066090778584453 ] ] ] } },
{ "type": "Feature", "properties": { "wkr": 8, "wkr_name": "Schwerin I" }, "geometry": { "type": "Polygon", "coordinates": [ [ [ 11.44983920983965, 53.681063703530981 ], [ 11.453642743728379, 53.676992084714279 ], [ 11.459000768589041, 53.677179985204944 ], [ 11.463481547009536, 53.678513346520781 ], [ 11.469885016029199, 53.683351279262652 ], [ 11.474215226197991, 53.682643342348584 ], [ 11.480396923253243, 53.676465559829154 ], [ 11.48065971453304, 53.672520948375464 ], [ 11.485486379295123, 53.667215123238563 ], [ 11.485581090816446, 53.663131141263435 ], [ 11.484004465438884, 53.659840597187269 ], [ 11.485701060947934, 53.651752391481523 ], [ 11.483183099785137, 53.648265211842862 ], [ 11.48490950810794, 53.645376760531917 ], [ 11.484537045884768, 53.634696733270211 ], [ 11.49988999470164, 53.627704924628738 ], [ 11.504470184508452, 53.621609888658753 ], [ 11.503706084659065, 53.614065030133574 ], [ 11.501726513434788, 53.611189021524723 ], [ 11.505309275397885, 53.607612455581922 ], [ 11.505300351470499, 53.605960459818469 ], [ 11.500013949910993, 53.602622105151305 ], [ 11.496428876054766, 53.604596607347574 ], [ 11.494930309013755, 53.602328008618343 ], [ 11.496344092630519, 53.600223814657085 ], [ 11.497181890838181, 53.598934020487114 ], [ 11.497271170165625, 53.597617475700282 ], [ 11.495514747185986, 53.597494772003088 ], [ 11.494507225794919, 53.598258794132661 ], [ 11.490838149526697, 53.6035525193182 ], [ 11.489442480764286, 53.605368744488764 ], [ 11.48853958042962, 53.606010084159934 ], [ 11.487603273970858, 53.606002073911455 ], [ 11.486629829201364, 53.605344681301169 ], [ 11.485613533634009, 53.604278925688455 ], [ 11.484793312924571, 53.603842166906034 ], [ 11.48414296313134, 53.603092279703326 ], [ 11.482821862234839, 53.603546743283317 ], [ 11.481462035118074, 53.603876415098362 ], [ 11.480160777232062, 53.603779666153251 ], [ 11.479644679858801, 53.603611462178996 ], [ 11.479455168246627, 53.602866444677453 ], [ 11.478963057103579, 53.601877614286693 ], [ 11.477356831135456, 53.601490164721291 ], [ 11.47533865279048, 53.601356259544481 ], [ 11.473109047151576, 53.602657397828423 ], [ 11.47177329352696, 53.604163169268695 ], [ 11.470538490256379, 53.605699832203406 ], [ 11.470247489527249, 53.6069370170406 ], [ 11.469692969180855, 53.608293182725305 ], [ 11.468945190026988, 53.609061490702381 ], [ 11.467993245005749, 53.609148826493225 ], [ 11.466813496476949, 53.608980008245432 ], [ 11.465101687030796, 53.608718000945387 ], [ 11.463284183226481, 53.60845504311088 ], [ 11.461819301951003, 53.607980642847288 ], [ 11.460142001733072, 53.607095671511665 ], [ 11.459128378115974, 53.606096333910365 ], [ 11.459199012360418, 53.605230053011972 ], [ 11.458923781279642, 53.604387449153471 ], [ 11.458192384179851, 53.603952282507407 ], [ 11.456594539805463, 53.603511630935181 ], [ 11.453455328080169, 53.6038790375205 ], [ 11.45051996397841, 53.604688498816536 ], [ 11.447201786569915, 53.606300744128717 ], [ 11.444649447071418, 53.608382374011015 ], [ 11.442952389242221, 53.609636133290685 ], [ 11.440150819132608, 53.611252790937009 ], [ 11.438710118949993, 53.612663747424698 ], [ 11.437404463531408, 53.614850716680799 ], [ 11.436427059177277, 53.616452208846916 ], [ 11.43551193363264, 53.617681441692511 ], [ 11.434347332587475, 53.618322253982321 ], [ 11.433287517956574, 53.619148158857314 ], [ 11.433296352844643, 53.620727068836551 ], [ 11.433156675887602, 53.622114596276681 ], [ 11.432737066682728, 53.622363738535199 ], [ 11.431583422469297, 53.622568927122231 ], [ 11.430435094968701, 53.622713514736674 ], [ 11.429383962280802, 53.623045375917705 ], [ 11.428660915750136, 53.623072754624097 ], [ 11.425655553623642, 53.623038528920169 ], [ 11.42568960261425, 53.623036592249299 ], [ 11.421736155649139, 53.622966941666448 ], [ 11.420736007046354, 53.622198728617569 ], [ 11.420014926903905, 53.621888960632518 ], [ 11.412833538953196, 53.622156002746891 ], [ 11.411467271444721, 53.622430488732974 ], [ 11.409947568992701, 53.620878100653456 ], [ 11.408065453705527, 53.618949889898722 ], [ 11.407182795385497, 53.618923364474661 ], [ 11.405300483037353, 53.618661465621116 ], [ 11.402334937739665, 53.619105498035367 ], [ 11.399926457453859, 53.620138571512634 ], [ 11.39781188555941, 53.620625671075643 ], [ 11.38925711049243, 53.621491973641682 ], [ 11.387674913240918, 53.621918600695899 ], [ 11.386595622078527, 53.622445204824551 ], [ 11.384647859254017, 53.62352282847948 ], [ 11.38297349347909, 53.623978660495474 ], [ 11.380561083370079, 53.623919933403776 ], [ 11.380058834121471, 53.623066259528784 ], [ 11.380663450324061, 53.622353314882524 ], [ 11.381540429454889, 53.621907948723944 ], [ 11.382631633640829, 53.621644264849863 ], [ 11.38440630617929, 53.620823312409406 ], [ 11.385676480716034, 53.619936946762209 ], [ 11.386236611022213, 53.618654475006792 ], [ 11.383037130764686, 53.618944351092352 ], [ 11.381182170078874, 53.618896102616532 ], [ 11.379691638273892, 53.618880278059834 ], [ 11.372448002677171, 53.620758109884292 ], [ 11.370813516911559, 53.62027531453387 ], [ 11.369841876696938, 53.620326766827034 ], [ 11.363552783628581, 53.62212385320327 ], [ 11.36133169728385, 53.619481638746471 ], [ 11.35795273443618, 53.620524839185748 ], [ 11.357810590168429, 53.62296467231247 ], [ 11.359276229183532, 53.623937768307087 ], [ 11.358951818727087, 53.624197402567233 ], [ 11.357120090601892, 53.624179733033237 ], [ 11.355710993744434, 53.624732067064009 ], [ 11.349543911157692, 53.627679442379183 ], [ 11.345965817647137, 53.632482095136076 ], [ 11.342707303869737, 53.633627088670153 ], [ 11.341106354579127, 53.633175739890952 ], [ 11.340139625210709, 53.633617087789261 ], [ 11.33505277116423, 53.63725759193926 ], [ 11.330736931927643, 53.639566399427984 ], [ 11.330552971147945, 53.640873885561184 ], [ 11.325810457898791, 53.642742608569939 ], [ 11.328087186182694, 53.645249025978949 ], [ 11.322662208255791, 53.646500003024229 ], [ 11.317311832585837, 53.647374183003087 ], [ 11.312316261898316, 53.647061410849332 ], [ 11.308951762851828, 53.647344265898781 ], [ 11.307526096218744, 53.647898099770892 ], [ 11.305138418807656, 53.650104096718614 ], [ 11.303253718700416, 53.651502153353547 ], [ 11.302193409958294, 53.653281324449651 ], [ 11.303471710716416, 53.658533611528568 ], [ 11.296813225294883, 53.659988889408829 ], [ 11.29665141328466, 53.662046634278049 ], [ 11.30324502332882, 53.662461889200607 ], [ 11.310347558620579, 53.662971046332494 ], [ 11.316873419565534, 53.663121803048732 ], [ 11.317281259955106, 53.663775941453125 ], [ 11.319578200821425, 53.666555679325405 ], [ 11.319657208709909, 53.669991382825089 ], [ 11.321525659757571, 53.671317107922015 ], [ 11.328426085090339, 53.669757594800942 ], [ 11.332880691834035, 53.670509974958421 ], [ 11.333844662848966, 53.672254986888355 ], [ 11.336608459953757, 53.671467913496649 ], [ 11.338743917895327, 53.673860006194879 ], [ 11.340034719017254, 53.674335294285008 ], [ 11.343575980356134, 53.677964532011885 ], [ 11.348592742376919, 53.675557563898394 ], [ 11.351437784203897, 53.674848705808252 ], [ 11.355039348310688, 53.675508051759593 ], [ 11.355537088865763, 53.676890498318244 ], [ 11.353912529175679, 53.67733519008754 ], [ 11.354724727707641, 53.680453729852537 ], [ 11.35479284504618, 53.681357356486053 ], [ 11.360243427586676, 53.681363220334084 ], [ 11.359831573646803, 53.676826596218916 ], [ 11.358457149868897, 53.676919166418628 ], [ 11.357731794592898, 53.675038143991145 ], [ 11.359112580703618, 53.674801031118172 ], [ 11.359002365791651, 53.672322934051472 ], [ 11.361456780274803, 53.669621330000759 ], [ 11.364485639842288, 53.66791579914711 ], [ 11.368146071559131, 53.669225276352222 ], [ 11.367578044598019, 53.670495416312988 ], [ 11.368065756205279, 53.672305895796484 ], [ 11.366728544274116, 53.673213944850424 ], [ 11.373367322787406, 53.679044740541087 ], [ 11.376568265195687, 53.67985485876131 ], [ 11.386297972683376, 53.679416988537447 ], [ 11.39034063363593, 53.675488974519155 ], [ 11.39549192746521, 53.678866000685694 ], [ 11.395032857194606, 53.680418279390729 ], [ 11.396165463242285, 53.68042864147084 ], [ 11.399551591972465, 53.67869050407964 ], [ 11.400429123828625, 53.677176293586434 ], [ 11.405714930390223, 53.677968615137175 ], [ 11.407315604997994, 53.679100850040562 ], [ 11.408171341996615, 53.682078969685904 ], [ 11.410761396710722, 53.686736079418594 ], [ 11.420053510110288, 53.686138080851016 ], [ 11.420257864548816, 53.687449262849377 ], [ 11.430769833401701, 53.686801471774366 ], [ 11.430686718123226, 53.685488352122768 ], [ 11.436677441909481, 53.684957053236872 ], [ 11.436440863008023, 53.682629312353654 ], [ 11.439107229334287, 53.681093001575384 ], [ 11.444119465977526, 53.680855637178681 ], [ 11.449839606179552, 53.681047986202913 ], [ 11.44983920983965, 53.681063703530981 ] ] ] } },
{ "type": "Feature", "properties": { "wkr": 9, "wkr_name": "Schwerin II" }, "geometry": { "type": "Polygon", "coordinates": [ [ [ 11.368603597925041, 53.61862383405407 ], [ 11.369841876696938, 53.620326766827034 ], [ 11.370813516911559, 53.62027531453387 ], [ 11.372448002677171, 53.620758109884292 ], [ 11.379691638273895, 53.618880278059812 ], [ 11.381182170078874, 53.618896102616532 ], [ 11.383037130764686, 53.618944351092352 ], [ 11.386236611022198, 53.618654475006792 ], [ 11.385676480716034, 53.619936946762202 ], [ 11.38440630617929, 53.620823312409406 ], [ 11.38263163364083, 53.621644264849841 ], [ 11.381540429454889, 53.621907948723958 ], [ 11.380663450324061, 53.622353314882524 ], [ 11.380058834121471, 53.623066259528784 ], [ 11.380561083370079, 53.623919933403776 ], [ 11.382973493479087, 53.623978660495496 ], [ 11.384647859254017, 53.62352282847948 ], [ 11.386595622078527, 53.622445204824551 ], [ 11.387674913240918, 53.621918600695899 ], [ 11.38925711049243, 53.621491973641682 ], [ 11.39781188555941, 53.620625671075643 ], [ 11.399926457453859, 53.620138571512634 ], [ 11.402334937739665, 53.619105498035367 ], [ 11.405300483037353, 53.618661465621116 ], [ 11.407182795385497, 53.618923364474625 ], [ 11.408065453705522, 53.618949889898722 ], [ 11.409947568992687, 53.620878100653456 ], [ 11.4114672714447, 53.622430488733045 ], [ 11.412833538953164, 53.622156002746884 ], [ 11.417993118130648, 53.621919898241799 ], [ 11.419126997411428, 53.621896573766236 ], [ 11.42001492690391, 53.621888960632489 ], [ 11.420225552348192, 53.621924570521699 ], [ 11.420483188842507, 53.622041459244784 ], [ 11.420736007046338, 53.622198728617569 ], [ 11.420964660422658, 53.622414168975368 ], [ 11.421244453226739, 53.622697450410527 ], [ 11.421492632758424, 53.622888363548469 ], [ 11.421736155649139, 53.622966941666448 ], [ 11.422244287242528, 53.623038946514178 ], [ 11.423002904636707, 53.623066066855593 ], [ 11.423822703417837, 53.623064542940085 ], [ 11.425689602614236, 53.623036592249299 ], [ 11.425655553623638, 53.623038528920198 ], [ 11.428660915750122, 53.623072754624097 ], [ 11.429383962280783, 53.623045375917776 ], [ 11.430435094968701, 53.622713514736674 ], [ 11.431583422469291, 53.622568927122224 ], [ 11.43273706668271, 53.622363738535249 ], [ 11.433156675887602, 53.622114596276681 ], [ 11.433296352844627, 53.620727068836551 ], [ 11.433287517956559, 53.619148158857314 ], [ 11.434347332587475, 53.618322253982321 ], [ 11.435511933632625, 53.617681441692511 ], [ 11.436427059177278, 53.61645220884688 ], [ 11.437404463531392, 53.614850716680799 ], [ 11.438710118949972, 53.612663747424769 ], [ 11.440150819132594, 53.611252790937009 ], [ 11.442952389242217, 53.609636133290714 ], [ 11.4446494470714, 53.608382374011043 ], [ 11.447201786569899, 53.606300744128717 ], [ 11.45051996397841, 53.604688498816564 ], [ 11.453455328080169, 53.603879037520535 ], [ 11.456594539805435, 53.603511630935145 ], [ 11.458192384179835, 53.603952282507436 ], [ 11.45892378127963, 53.604387449153464 ], [ 11.459199012360404, 53.605230053011972 ], [ 11.459128378115974, 53.606096333910365 ], [ 11.460142001733058, 53.607095671511665 ], [ 11.461819301951005, 53.607980642847259 ], [ 11.463284183226481, 53.60845504311088 ], [ 11.465101687030796, 53.608718000945387 ], [ 11.466813496476949, 53.608980008245432 ], [ 11.467993245005749, 53.609148826493225 ], [ 11.468945190026972, 53.609061490702381 ], [ 11.469692969180855, 53.608293182725305 ], [ 11.470247489527248, 53.606937017040629 ], [ 11.470538490256379, 53.605699832203378 ], [ 11.471773293526946, 53.604163169268695 ], [ 11.473109047151576, 53.602657397828423 ], [ 11.475338652790448, 53.60135625954441 ], [ 11.477356831135456, 53.601490164721291 ], [ 11.478963057103563, 53.601877614286693 ], [ 11.479455168246627, 53.602866444677453 ], [ 11.479644679858781, 53.603611462179032 ], [ 11.480160777232062, 53.603779666153223 ], [ 11.48146203511806, 53.603876415098355 ], [ 11.482821862234822, 53.603546743283346 ], [ 11.484142963131333, 53.603092279703297 ], [ 11.484793312924554, 53.60384216690607 ], [ 11.485613533633991, 53.604278925688497 ], [ 11.486629829201364, 53.605344681301169 ], [ 11.487603273970858, 53.606002073911498 ], [ 11.488539580429602, 53.606010084159934 ], [ 11.489442480764286, 53.605368744488764 ], [ 11.490838149526681, 53.603552519318228 ], [ 11.494507225794905, 53.598258794132661 ], [ 11.495514747185988, 53.597494772003053 ], [ 11.497271170165611, 53.597617475700275 ], [ 11.497055815977516, 53.596993541808978 ], [ 11.49691985839646, 53.596680211977251 ], [ 11.496770265086644, 53.596463339113519 ], [ 11.496719949992157, 53.596357356124528 ], [ 11.496578047126446, 53.596283689675431 ], [ 11.495919679261256, 53.596195600699765 ], [ 11.493966233677099, 53.59610489039796 ], [ 11.493361990923523, 53.595953120136201 ], [ 11.49295870957028, 53.595770665933287 ], [ 11.492520448016466, 53.595470478716813 ], [ 11.491287511632063, 53.594335664263582 ], [ 11.487891182729729, 53.579866756600516 ], [ 11.481713574176672, 53.577853324173894 ], [ 11.483667023033663, 53.582802856575945 ], [ 11.475821700411084, 53.583514355105279 ], [ 11.473329962322472, 53.579175660439027 ], [ 11.450049135511225, 53.573045189516243 ], [ 11.451971578003979, 53.569611743226851 ], [ 11.481068382589921, 53.561207273786657 ], [ 11.483722080036609, 53.558302298418788 ], [ 11.466079872482995, 53.556365786615217 ], [ 11.468493190142562, 53.552637164195438 ], [ 11.461194468764678, 53.55170157316887 ], [ 11.461746278662119, 53.5501275598699 ], [ 11.424580583727005, 53.545286293753463 ], [ 11.422589049740326, 53.549563635238407 ], [ 11.404876018266993, 53.546991406780002 ], [ 11.383953517145459, 53.544452141914917 ], [ 11.384049351935536, 53.546195302098376 ], [ 11.388299430812925, 53.546567966810194 ], [ 11.391116744906396, 53.552151578437289 ], [ 11.387322796865513, 53.552679587199982 ], [ 11.38884014305251, 53.556049844881521 ], [ 11.385312750312767, 53.556625745134632 ], [ 11.383977187321932, 53.554520005761695 ], [ 11.380453211629282, 53.555011924568532 ], [ 11.379136304760321, 53.553438582688713 ], [ 11.366243520474534, 53.555886854498262 ], [ 11.379410862814828, 53.578287728818118 ], [ 11.376875514365395, 53.581407030916317 ], [ 11.369702244390187, 53.586528919056967 ], [ 11.357010493737924, 53.594469941620332 ], [ 11.356182383231422, 53.596791287866843 ], [ 11.36173375211103, 53.597498390894607 ], [ 11.3619133114208, 53.598641500006529 ], [ 11.36206453386132, 53.601383722422902 ], [ 11.366193133784186, 53.608657117453696 ], [ 11.361706680619987, 53.611879788033953 ], [ 11.360492821988123, 53.613439513768235 ], [ 11.355991546143354, 53.613364200463032 ], [ 11.356480547182757, 53.620764406132999 ], [ 11.35795675596021, 53.620515894704759 ], [ 11.36133169728385, 53.619481638746471 ], [ 11.368603597925041, 53.61862383405407 ] ] ] } },
{ "type": "Feature", "properties": { "wkr": 10, "wkr_name": "Wismar" }, "geometry": { "type": "MultiPolygon", "coordinates": [ [ [ [ 11.447752878521753, 53.86799522890928 ], [ 11.446317272609456, 53.864407106597845 ], [ 11.4439472793285, 53.865113510996984 ], [ 11.445814334959822, 53.867279452254472 ], [ 11.444344789098997, 53.86827913488429 ], [ 11.44618153807416, 53.86970593703677 ], [ 11.447962399790582, 53.871094034020544 ], [ 11.449228258414257, 53.870184566974721 ], [ 11.449060214691787, 53.868581824527205 ], [ 11.447752878521753, 53.86799522890928 ] ] ], [ [ [ 11.516193382355613, 53.927802260006914 ], [ 11.515709923306053, 53.925553861027502 ], [ 11.515435274236381, 53.923627195506135 ], [ 11.512041438552119, 53.920903925345449 ], [ 11.509278191584521, 53.918273667919166 ], [ 11.512745140168283, 53.917703358991879 ], [ 11.511373316505725, 53.913869784098573 ], [ 11.506130999313013, 53.912017462335378 ], [ 11.503940577296367, 53.910438015351652 ], [ 11.503028375345517, 53.90792396380504 ], [ 11.504662776427569, 53.903744928001736 ], [ 11.514875257046835, 53.901488608714132 ], [ 11.533502766404958, 53.900335176333002 ], [ 11.530095017557969, 53.896354404350504 ], [ 11.527417255769096, 53.89177310018944 ], [ 11.524000469866555, 53.89219826575787 ], [ 11.523124417537931, 53.890998424465238 ], [ 11.527391021887038, 53.890005608635022 ], [ 11.524087213447752, 53.885706421590328 ], [ 11.521563932172763, 53.886464676188972 ], [ 11.519266244727765, 53.886528556450088 ], [ 11.520000071117083, 53.884931073529266 ], [ 11.519065085654223, 53.882403526588377 ], [ 11.51083485381087, 53.884317396676231 ], [ 11.509751508008813, 53.881963578778148 ], [ 11.515287945182903, 53.879203038840743 ], [ 11.513270318154145, 53.876499962287909 ], [ 11.508022211157931, 53.877104628454383 ], [ 11.503015846997529, 53.875889818576688 ], [ 11.501530311999458, 53.874942858610673 ], [ 11.500547858163163, 53.873306219204345 ], [ 11.495041630960944, 53.873912605519976 ], [ 11.491711619784621, 53.874108590103795 ], [ 11.486591510591072, 53.867648787081052 ], [ 11.483876319516339, 53.868350765255641 ], [ 11.483184103548096, 53.866749469092575 ], [ 11.468436583314604, 53.869451637704067 ], [ 11.465703362723774, 53.870249611877107 ], [ 11.462388963245157, 53.869829676693286 ], [ 11.459069067296028, 53.874132487897946 ], [ 11.452642013263754, 53.872368688899726 ], [ 11.451182191821557, 53.870900426538419 ], [ 11.450595724838855, 53.870800878048613 ], [ 11.449843997486532, 53.873006270725583 ], [ 11.4469348531635, 53.873676479425427 ], [ 11.44723917848367, 53.874406833646447 ], [ 11.443740729168471, 53.875228897523364 ], [ 11.444189197688241, 53.876560174886976 ], [ 11.439023474129771, 53.877620909344635 ], [ 11.437240794638294, 53.872039799620254 ], [ 11.434181460485641, 53.872488256335956 ], [ 11.430618093285558, 53.865132480525318 ], [ 11.429764754610652, 53.865365028447812 ], [ 11.42876091701001, 53.866999811432215 ], [ 11.426005032492757, 53.868112412933272 ], [ 11.422119920789372, 53.868611288547356 ], [ 11.420035444745871, 53.87042462940547 ], [ 11.417360951958353, 53.871079464630036 ], [ 11.418371328659445, 53.873131178538038 ], [ 11.417274064119606, 53.874376449394617 ], [ 11.417778435355732, 53.878881479741558 ], [ 11.419794219816438, 53.879526283940649 ], [ 11.413891487956031, 53.885124315574167 ], [ 11.410495315870453, 53.886105470888722 ], [ 11.408982544421564, 53.888103671834649 ], [ 11.400148309311358, 53.892425544613033 ], [ 11.396680498382977, 53.892864633079036 ], [ 11.390519796927343, 53.893541130342093 ], [ 11.39180110461675, 53.901049520454237 ], [ 11.395497190059105, 53.913745783620691 ], [ 11.393057590258129, 53.914216942021049 ], [ 11.393615035268832, 53.91622777137826 ], [ 11.39156461151836, 53.917524361170813 ], [ 11.392679819326753, 53.920041107883918 ], [ 11.390912188594822, 53.920927122717558 ], [ 11.394429216598008, 53.92486569172042 ], [ 11.395136911174186, 53.924018950835276 ], [ 11.395267156366948, 53.92229094720927 ], [ 11.400609575631329, 53.922835018544625 ], [ 11.4029694276378, 53.922800887989403 ], [ 11.405219023263925, 53.92093909505671 ], [ 11.414193971332416, 53.916505353671653 ], [ 11.423434906166051, 53.913893562402116 ], [ 11.428441189162527, 53.912780303881902 ], [ 11.432692352519618, 53.911128354676073 ], [ 11.436759905212201, 53.907574545786261 ], [ 11.437081823353086, 53.904590158103296 ], [ 11.435562344189128, 53.902832168283226 ], [ 11.434751380945661, 53.901058587718687 ], [ 11.437587095661858, 53.900864085505489 ], [ 11.44218813219647, 53.900095080111704 ], [ 11.443170051192782, 53.898994520833192 ], [ 11.444925524211001, 53.899287618198258 ], [ 11.450279640090745, 53.899891013665709 ], [ 11.453223329371907, 53.89504691568559 ], [ 11.454850809095813, 53.895216419818894 ], [ 11.452911302321573, 53.899525263898013 ], [ 11.453789528181758, 53.899632319687832 ], [ 11.455336613435328, 53.899111292512231 ], [ 11.456410666914802, 53.898652287390348 ], [ 11.45761322206763, 53.898205333174161 ], [ 11.458859213138782, 53.897228765595834 ], [ 11.459738065724226, 53.896452011188636 ], [ 11.460659718427708, 53.896882103250213 ], [ 11.460192254773267, 53.897597315607335 ], [ 11.458571720931568, 53.898922381527854 ], [ 11.457711825290831, 53.899501339390547 ], [ 11.461350995205066, 53.898516480585755 ], [ 11.462819821799739, 53.898080340457064 ], [ 11.463214809541352, 53.899060377641867 ], [ 11.455395425292838, 53.900891865077234 ], [ 11.455507812730298, 53.901984334372749 ], [ 11.463341474567121, 53.901610444604323 ], [ 11.463217996413432, 53.902252483303691 ], [ 11.457012741939488, 53.902797852297837 ], [ 11.453431744215045, 53.903054485266637 ], [ 11.450865012344261, 53.903391941770955 ], [ 11.447816098754101, 53.904706789047921 ], [ 11.446584463421683, 53.906326906372882 ], [ 11.446031195613699, 53.908818165285616 ], [ 11.445493972004373, 53.910296331377744 ], [ 11.445679853318818, 53.912122770489546 ], [ 11.450465548207958, 53.91460963637941 ], [ 11.456490487848283, 53.916201197627593 ], [ 11.458814150687351, 53.917077195525778 ], [ 11.460581164738501, 53.918826706091323 ], [ 11.464280095968334, 53.922049520625293 ], [ 11.468450883160966, 53.925365167348986 ], [ 11.472665330236129, 53.928155816333842 ], [ 11.475472484627687, 53.928966525805428 ], [ 11.476711418305413, 53.926455886052615 ], [ 11.478874076408838, 53.92599420584569 ], [ 11.480135522181333, 53.926433418954772 ], [ 11.481510077686801, 53.92805046085526 ], [ 11.481520760932044, 53.931165795725768 ], [ 11.478751922239391, 53.93233602825223 ], [ 11.478191068690071, 53.935715406373426 ], [ 11.479831031897778, 53.938617784820813 ], [ 11.486684536486795, 53.938541723434199 ], [ 11.486517634259886, 53.934390077048768 ], [ 11.508657865383533, 53.930890191522217 ], [ 11.509814828056491, 53.92822524234618 ], [ 11.516193382355613, 53.927802260006914 ] ], [ [ 11.450550989197081, 53.874191609872803 ], [ 11.453112946401172, 53.873895740147212 ], [ 11.45425390103715, 53.875482197624656 ], [ 11.451884228427705, 53.876316940104566 ], [ 11.450550989197081, 53.874191609872803 ] ] ], [ [ [ 11.42786138479733, 53.942489361659248 ], [ 11.428228303993039, 53.940698347511102 ], [ 11.427661796394553, 53.939228910808104 ], [ 11.426894162375428, 53.938314593216646 ], [ 11.425931591574022, 53.938588734355818 ], [ 11.425041592456788, 53.940296326262228 ], [ 11.424421645605145, 53.9412922660647 ], [ 11.423537919704367, 53.942323955668336 ], [ 11.425677692944252, 53.942154952194286 ], [ 11.428070055547719, 53.943822975271949 ], [ 11.42786138479733, 53.942489361659248 ] ] ] ] } },
{ "type": "Feature", "properties": { "wkr": 11, "wkr_name": "Landkreis Rostock I" }, "geometry": { "type": "MultiPolygon", "coordinates": [ [ [ [ 11.514819757688265, 54.039269832543475 ], [ 11.514401918285689, 54.038513436355323 ], [ 11.51295339253649, 54.03946642136011 ], [ 11.511419339737222, 54.045247468155516 ], [ 11.511378773445916, 54.049242323161813 ], [ 11.511769434711333, 54.05417508790908 ], [ 11.51230648616786, 54.055780861232911 ], [ 11.513725939232183, 54.058611298393494 ], [ 11.515812731661839, 54.061009432574323 ], [ 11.518215911518205, 54.0643895392883 ], [ 11.520109512414246, 54.066446597156741 ], [ 11.521918936933115, 54.068006948522125 ], [ 11.523630060648021, 54.069249707131462 ], [ 11.521864503014626, 54.066441910816174 ], [ 11.519224631241961, 54.06356687315315 ], [ 11.515881404531051, 54.058193835702987 ], [ 11.515200048810499, 54.055612201009254 ], [ 11.51527137633067, 54.052903610844979 ], [ 11.516738569100621, 54.048617650022031 ], [ 11.515555000431153, 54.044464571504626 ], [ 11.514620373416525, 54.040465969860648 ], [ 11.514819757688265, 54.039269832543475 ] ] ], [ [ [ 11.976960787943897, 54.15306469834217 ], [ 11.976355413132076, 54.146975641342998 ], [ 11.987232760412033, 54.145241359640167 ], [ 11.993946472352793, 54.145867173514581 ], [ 11.994855280125911, 54.141115974593006 ], [ 11.996988276657136, 54.139235268231857 ], [ 12.009643751277499, 54.133224410157702 ], [ 12.011193245214805, 54.129132698965869 ], [ 12.019073444974897, 54.128618637962923 ], [ 12.019938008314632, 54.125201746389372 ], [ 12.0220547191047, 54.123021361954891 ], [ 12.019956622754904, 54.122938416146795 ], [ 12.020426675559655, 54.119513083558779 ], [ 12.018455534380726, 54.117667102448095 ], [ 11.999937306672962, 54.116447873847861 ], [ 12.001176635002999, 54.110106288690027 ], [ 11.998484309852703, 54.109640743926541 ], [ 11.997365934223565, 54.106538586490011 ], [ 11.993944626483428, 54.103518264617179 ], [ 11.990443969032411, 54.102343656872577 ], [ 11.985144919686798, 54.103511983749932 ], [ 11.984842146363434, 54.103571463667741 ], [ 11.984958751537285, 54.103428045773498 ], [ 11.991743578687581, 54.094418506276 ], [ 11.989772144819167, 54.093816797304797 ], [ 11.989647219757076, 54.090768498067895 ], [ 11.987026415474945, 54.088701738770489 ], [ 11.98465410135505, 54.088693324252034 ], [ 11.998034654963249, 54.075021113259986 ], [ 11.994590705629147, 54.075551712558543 ], [ 11.994952968921664, 54.074697606073293 ], [ 11.997155201621606, 54.072688846204976 ], [ 11.996916555050811, 54.068343480541387 ], [ 11.994780122724114, 54.064902253335539 ], [ 11.991133903924416, 54.061326270359707 ], [ 11.99100959618276, 54.061195452703473 ], [ 11.991218110234621, 54.06101221134336 ], [ 11.996599050355879, 54.056994038117196 ], [ 12.00024760986531, 54.055234612979632 ], [ 12.003456537435307, 54.050854514554146 ], [ 11.983480237986083, 54.045374826585849 ], [ 11.981850871401624, 54.045367372372262 ], [ 11.973958642950896, 54.040772043767269 ], [ 11.970662710911434, 54.038989285615969 ], [ 11.970966062886284, 54.035716092411541 ], [ 11.976463247265304, 54.036343857979283 ], [ 11.983590349613483, 54.036975816461435 ], [ 11.986910064979938, 54.032550518862251 ], [ 11.990590942898137, 54.032324482568512 ], [ 11.992023864110084, 54.031252968543001 ], [ 11.999072707515992, 54.030355167591047 ], [ 12.000232958662933, 54.030467026211504 ], [ 12.000485341839148, 54.029694899253784 ], [ 12.001302364514894, 54.0263523308248 ], [ 11.997594904790807, 54.021687603894229 ], [ 11.999064300715549, 54.01812957093739 ], [ 12.000796518784741, 54.015290757087094 ], [ 12.00102472942403, 54.010490706729982 ], [ 12.003224397405855, 54.010233787218851 ], [ 12.004540522955171, 54.004934112931217 ], [ 12.013342405579001, 53.99608212333672 ], [ 12.019133263430975, 53.991472746419149 ], [ 12.023035022628791, 53.988764244985667 ], [ 12.020529747493432, 53.986768369240188 ], [ 12.011997446577658, 53.982727975796188 ], [ 12.007874322485508, 53.982102592542432 ], [ 12.005616734019984, 53.98001481648533 ], [ 12.012309085319412, 53.978152624158128 ], [ 12.013962637756558, 53.97658386368235 ], [ 12.009878460693113, 53.976480561717601 ], [ 12.008864912386622, 53.972725283856249 ], [ 12.00280689348695, 53.967798569924454 ], [ 12.002638539874692, 53.965668248314337 ], [ 11.999529765169344, 53.963330699385196 ], [ 11.998936950093478, 53.962962479813733 ], [ 11.992200798350602, 53.963706506765476 ], [ 11.989345734551886, 53.96577874272915 ], [ 11.985950996187723, 53.968424949438514 ], [ 11.981922580449277, 53.967041147709175 ], [ 11.977927718792888, 53.966736657736384 ], [ 11.972448053171037, 53.964764830787701 ], [ 11.970191524008097, 53.962789839707263 ], [ 11.96722736790141, 53.962580946142843 ], [ 11.962881249635959, 53.961538917490522 ], [ 11.957081781853972, 53.962260844966792 ], [ 11.952235497953128, 53.960501813167063 ], [ 11.945939373347954, 53.958712221383898 ], [ 11.94100997211042, 53.959360363694152 ], [ 11.938471403866771, 53.959221858912983 ], [ 11.93706083025814, 53.960535035974374 ], [ 11.937276977672736, 53.963583497838222 ], [ 11.932636179965666, 53.967625509016663 ], [ 11.931912229404318, 53.970063301644757 ], [ 11.926671218210155, 53.971981237272026 ], [ 11.924715930052177, 53.974500740383426 ], [ 11.925380969528458, 53.976448395232033 ], [ 11.924665660093472, 53.978115100971543 ], [ 11.92493976262517, 53.980512902052183 ], [ 11.929085573300434, 53.985369976525668 ], [ 11.925383572027254, 53.986977512296292 ], [ 11.924626953270824, 53.986204132346948 ], [ 11.921113489515459, 53.984733820670073 ], [ 11.919080072222393, 53.982936296672136 ], [ 11.910805964012216, 53.982081415996603 ], [ 11.901800703626069, 53.980281782822573 ], [ 11.902820022229092, 53.977626787333371 ], [ 11.893386186916057, 53.974030901722287 ], [ 11.89106458158726, 53.970177426252782 ], [ 11.88409442937972, 53.97026196823942 ], [ 11.880904499575546, 53.968035611362048 ], [ 11.875968683270838, 53.968206550161796 ], [ 11.871335181009989, 53.957504673583585 ], [ 11.867277715309754, 53.951594885546015 ], [ 11.865544861924912, 53.948258220005918 ], [ 11.859443248550114, 53.952446840269573 ], [ 11.85123867656543, 53.946485244689555 ], [ 11.852779421274539, 53.945339572738192 ], [ 11.851524675095639, 53.943865859367065 ], [ 11.846541605526783, 53.943540911986865 ], [ 11.848003639401487, 53.938574800183439 ], [ 11.846321084760405, 53.935724300818748 ], [ 11.847876168083801, 53.934492327602797 ], [ 11.845594840583827, 53.933287115937283 ], [ 11.840535474098175, 53.936094285635519 ], [ 11.837910495783287, 53.936150453426201 ], [ 11.835967535607494, 53.936119608344335 ], [ 11.834215338788233, 53.937610181213685 ], [ 11.827447956437389, 53.941676340347797 ], [ 11.823789485902939, 53.940562373660775 ], [ 11.819266847761424, 53.940582971729803 ], [ 11.811185515309676, 53.941273868504979 ], [ 11.811541895495838, 53.942746575109133 ], [ 11.809966104212485, 53.943766118014267 ], [ 11.806911193588174, 53.941721267260775 ], [ 11.80333202730308, 53.938196595262426 ], [ 11.801437331853094, 53.939430933352263 ], [ 11.801594422708241, 53.940979560758876 ], [ 11.798573828065285, 53.942546663181197 ], [ 11.795081512164526, 53.942349444664494 ], [ 11.793211824369843, 53.944633270562328 ], [ 11.792847735299443, 53.945839336851201 ], [ 11.796771126092894, 53.95205961387429 ], [ 11.799274141335909, 53.956121987586087 ], [ 11.795197742922017, 53.956225198008447 ], [ 11.795949804601308, 53.957199986691762 ], [ 11.798657838920896, 53.958492122361328 ], [ 11.797983741261271, 53.962629502722372 ], [ 11.804449877913328, 53.965976957986406 ], [ 11.803922440291299, 53.966652035057159 ], [ 11.800141873156086, 53.968084580790617 ], [ 11.797520639416842, 53.968764811697049 ], [ 11.794026755381269, 53.969466809684512 ], [ 11.788929166773482, 53.971241334368521 ], [ 11.785498904277871, 53.973360417677675 ], [ 11.781854190220503, 53.974357213169341 ], [ 11.775041084485409, 53.974772949462668 ], [ 11.770853797344666, 53.975004906986818 ], [ 11.767487685723944, 53.976169464409367 ], [ 11.763924487141596, 53.977348315133852 ], [ 11.759927413293807, 53.973021988022147 ], [ 11.749858077303163, 53.972010160159734 ], [ 11.74576890713511, 53.973952590498214 ], [ 11.744191309920927, 53.970897788116574 ], [ 11.741009724943293, 53.968967212373954 ], [ 11.748825499009277, 53.963672858408543 ], [ 11.748864801789502, 53.961679489704863 ], [ 11.748296824615345, 53.96006329234465 ], [ 11.742305161707595, 53.958197523821191 ], [ 11.739797316214919, 53.957298517299861 ], [ 11.7365526610755, 53.955709578519475 ], [ 11.73175906094729, 53.953061623445699 ], [ 11.731073102353967, 53.955505058749807 ], [ 11.727813536888794, 53.956092110445397 ], [ 11.725833383968897, 53.956280878087746 ], [ 11.721005292509426, 53.955940531914273 ], [ 11.714665091389165, 53.955278182064141 ], [ 11.706273233766892, 53.955502200835618 ], [ 11.70176919325027, 53.954042734647992 ], [ 11.697259778457262, 53.953526462867089 ], [ 11.697895179161375, 53.951626319438624 ], [ 11.699826712531621, 53.9489115508892 ], [ 11.697733530984008, 53.94693138712347 ], [ 11.694995666408287, 53.942551063738293 ], [ 11.691705084334506, 53.94089635051909 ], [ 11.690201532333109, 53.939172357506266 ], [ 11.688715152456657, 53.936592794241612 ], [ 11.686711938422661, 53.934364465130123 ], [ 11.680688634423836, 53.935091544291033 ], [ 11.677468079119732, 53.935614402538967 ], [ 11.674337034105472, 53.9359941341406 ], [ 11.674861374617741, 53.937906866641946 ], [ 11.675751456355417, 53.94017924026268 ], [ 11.674518280169419, 53.942034557241684 ], [ 11.673191149095018, 53.944392235722972 ], [ 11.667483163097637, 53.947428370564033 ], [ 11.669913481661874, 53.948651809675333 ], [ 11.670079060517567, 53.950422655512114 ], [ 11.666912283906527, 53.955188162597835 ], [ 11.668492748507552, 53.95710357022309 ], [ 11.671194434013328, 53.95936232265479 ], [ 11.673295266178515, 53.960259344540418 ], [ 11.677759451901304, 53.96218479997728 ], [ 11.670131042276255, 53.964771735218065 ], [ 11.66466298132589, 53.968914091492636 ], [ 11.663072492264892, 53.971420299303446 ], [ 11.658901568680974, 53.970685029837803 ], [ 11.657847483038454, 53.972087975112892 ], [ 11.654985257775893, 53.973079955778438 ], [ 11.651622050148175, 53.973590355541234 ], [ 11.651880749222205, 53.976161183640457 ], [ 11.655963691420647, 53.976584023024635 ], [ 11.65854741480336, 53.977094424693789 ], [ 11.659732064648828, 53.980060763291213 ], [ 11.657206911561909, 53.98235795473478 ], [ 11.657815238002666, 53.984430717463319 ], [ 11.654420352678402, 53.98514938854585 ], [ 11.650638460007819, 53.985836452686648 ], [ 11.649072084885939, 53.987235010808554 ], [ 11.646326701796704, 53.987668491177132 ], [ 11.639039125611285, 53.988623110199114 ], [ 11.631073977795875, 53.989522880468904 ], [ 11.623197912465479, 53.992807920429712 ], [ 11.618459521109065, 53.990759809131653 ], [ 11.614026358406532, 53.992879809793173 ], [ 11.612726518445214, 53.993934428632706 ], [ 11.609338679284077, 53.992702622735358 ], [ 11.612585761280123, 53.990099749113519 ], [ 11.614255242561693, 53.989400633019351 ], [ 11.614127258795634, 53.986019675020778 ], [ 11.611179646492428, 53.985586167852951 ], [ 11.607047372113513, 53.98606658774424 ], [ 11.60452027554787, 53.985687852977229 ], [ 11.59790121655352, 53.986714753060255 ], [ 11.594110448756972, 53.987426984198187 ], [ 11.587716252611283, 53.98667150939 ], [ 11.585050624688739, 53.98861115539102 ], [ 11.582649710030788, 53.989275006641599 ], [ 11.582146554367581, 53.993495362978017 ], [ 11.585341431315596, 53.994124572262855 ], [ 11.585509739028089, 53.995614872480672 ], [ 11.587295202792337, 53.998242975684164 ], [ 11.588741341681429, 54.000708939142712 ], [ 11.58711910324179, 54.004347868340425 ], [ 11.5807959184972, 54.006797787248033 ], [ 11.580664329885284, 54.012583986054636 ], [ 11.5753808488274, 54.017687357417678 ], [ 11.579177570205587, 54.019260297000251 ], [ 11.562249571629208, 54.028213517795777 ], [ 11.566835931769765, 54.02995086517177 ], [ 11.576438998667799, 54.035547600188245 ], [ 11.582631907372168, 54.041383921078719 ], [ 11.585079542171284, 54.044429078420706 ], [ 11.58685823495685, 54.046333165916778 ], [ 11.586690048077681, 54.051560128270097 ], [ 11.58421564353382, 54.056645354569653 ], [ 11.582236218806704, 54.061599614997412 ], [ 11.582093145744096, 54.062851630758665 ], [ 11.583354682929178, 54.063948548985351 ], [ 11.587361647110143, 54.064357330580812 ], [ 11.59075958944649, 54.065708919593789 ], [ 11.594684966903023, 54.067376887548249 ], [ 11.597946354502449, 54.067685207620144 ], [ 11.602717861597215, 54.067564818956733 ], [ 11.605417997426885, 54.068908346675201 ], [ 11.607442871486354, 54.069366337484546 ], [ 11.610203324939231, 54.068159128558868 ], [ 11.611373531079153, 54.068670769114462 ], [ 11.61001205572107, 54.069637322774753 ], [ 11.611508251190415, 54.069837356617803 ], [ 11.611407612306136, 54.070863265814715 ], [ 11.611907528178071, 54.071740699454317 ], [ 11.614695838160946, 54.073612437406496 ], [ 11.61811055008023, 54.074269490087914 ], [ 11.621249177608107, 54.07533309292473 ], [ 11.623045655151165, 54.076480850658299 ], [ 11.624481026264078, 54.07702617336443 ], [ 11.623985789164598, 54.079953214794173 ], [ 11.624328080202851, 54.081595229150146 ], [ 11.624864730151069, 54.083961862063532 ], [ 11.625594676373945, 54.086044677323507 ], [ 11.626060401199343, 54.088161507360525 ], [ 11.626233033346875, 54.09005149172976 ], [ 11.623021623278156, 54.092264112841391 ], [ 11.620809913583281, 54.095398250424097 ], [ 11.616832593237863, 54.099208267202393 ], [ 11.614227963962167, 54.102089923474651 ], [ 11.612218578178725, 54.103271571652165 ], [ 11.605671841996138, 54.103472978918568 ], [ 11.600172919566482, 54.100219143497746 ], [ 11.600104253453376, 54.098516222096698 ], [ 11.601778020771171, 54.096977274374069 ], [ 11.601563330555976, 54.09547092060437 ], [ 11.595904225759467, 54.094481673094904 ], [ 11.593010898175772, 54.094706059444974 ], [ 11.586990127568098, 54.092837619948163 ], [ 11.581716354830975, 54.089205765986023 ], [ 11.57973732211164, 54.087275234958959 ], [ 11.57726791732202, 54.082490996319457 ], [ 11.576662362754679, 54.080752387991893 ], [ 11.574379228902291, 54.07988529381462 ], [ 11.569631046703705, 54.078933435352717 ], [ 11.566852524042034, 54.076391385801962 ], [ 11.563685282124895, 54.074317788406177 ], [ 11.558804909896004, 54.069741974788116 ], [ 11.55361119712806, 54.067337397442138 ], [ 11.551499187336441, 54.066060284249872 ], [ 11.548597240949752, 54.066413976821359 ], [ 11.549069462706163, 54.064684031875494 ], [ 11.544662237469939, 54.060553914816083 ], [ 11.543136090530211, 54.059564803848239 ], [ 11.542037741260955, 54.058390271929788 ], [ 11.539896693771842, 54.058372736129748 ], [ 11.538157160969151, 54.057192509642178 ], [ 11.539248305762394, 54.056256401935592 ], [ 11.540504506965359, 54.057526197490418 ], [ 11.541898988397136, 54.057474787521279 ], [ 11.542395573205805, 54.056816402724721 ], [ 11.542791936343997, 54.055874181470578 ], [ 11.542382415984102, 54.05511624259362 ], [ 11.539430211553551, 54.053263925309444 ], [ 11.537098300622588, 54.052141889393141 ], [ 11.534817682443546, 54.051271913029829 ], [ 11.533223278923943, 54.050755697180897 ], [ 11.532598090374819, 54.050088376778149 ], [ 11.532352115457309, 54.049140663852 ], [ 11.530620696249484, 54.049992422111735 ], [ 11.530789375873342, 54.051047494251144 ], [ 11.531815922099973, 54.053578148332065 ], [ 11.533169384767056, 54.055228805593771 ], [ 11.53620201647775, 54.056105040702178 ], [ 11.536795186627385, 54.05812439497948 ], [ 11.536278161136936, 54.061228253965872 ], [ 11.536242674521771, 54.063350231033432 ], [ 11.534795873498872, 54.065577277504964 ], [ 11.53407082454936, 54.068910710703825 ], [ 11.535268315966672, 54.072796814595115 ], [ 11.534434132548789, 54.074144099519707 ], [ 11.533653839992706, 54.074676580174433 ], [ 11.532314930490305, 54.075261025286437 ], [ 11.529841478909189, 54.073349687036803 ], [ 11.527156804574691, 54.07131099244986 ], [ 11.525854765106287, 54.069852611362514 ], [ 11.525101277084531, 54.070355399952319 ], [ 11.526362018103036, 54.072038426644681 ], [ 11.529518195461629, 54.074199786874708 ], [ 11.532682721180244, 54.076633556962648 ], [ 11.536655767298718, 54.079770129557588 ], [ 11.544450648916206, 54.085567749156965 ], [ 11.549858991644813, 54.090274243098655 ], [ 11.553740428051949, 54.093836256146886 ], [ 11.562991918903434, 54.097187651769204 ], [ 11.569819850292951, 54.098502312851487 ], [ 11.577851406226223, 54.099004231284226 ], [ 11.586584047307284, 54.099264137381816 ], [ 11.597406399728504, 54.101931204101881 ], [ 11.607456215581264, 54.105885078319012 ], [ 11.614813295090903, 54.11019271309501 ], [ 11.621801424049318, 54.114310652556384 ], [ 11.628233846458766, 54.119427966815742 ], [ 11.631500634005416, 54.122163069034073 ], [ 11.638591981451562, 54.126626673569938 ], [ 11.651248493654291, 54.134344485651674 ], [ 11.664347604877257, 54.143070351105855 ], [ 11.675558148666722, 54.149766893275284 ], [ 11.682434340684971, 54.153060850619184 ], [ 11.689167090865078, 54.153674221223476 ], [ 11.698605381707701, 54.153899507212842 ], [ 11.707474139178267, 54.153913538863378 ], [ 11.722492717250361, 54.153472191502978 ], [ 11.727767601054888, 54.153343681641338 ], [ 11.733565825320229, 54.153256566765371 ], [ 11.739036668943207, 54.153479229356918 ], [ 11.745475465748536, 54.153710187721536 ], [ 11.751917579661175, 54.154378789106033 ], [ 11.759201424714936, 54.154650449644826 ], [ 11.761799045988619, 54.15448075268111 ], [ 11.76389081715493, 54.153703612472221 ], [ 11.766895470631987, 54.152819757164139 ], [ 11.773060665540413, 54.151273053723045 ], [ 11.778075359781893, 54.150076531174221 ], [ 11.782664726481695, 54.149110378216584 ], [ 11.794551264315423, 54.147182968480273 ], [ 11.805145067105999, 54.146048206803293 ], [ 11.816858480605193, 54.145175305789031 ], [ 11.824213423063911, 54.145027863502449 ], [ 11.827807322403583, 54.145143448756833 ], [ 11.836725866850712, 54.144597887648672 ], [ 11.843112598141435, 54.144697556793993 ], [ 11.850620792444897, 54.144991874990041 ], [ 11.858656185999289, 54.146045580550961 ], [ 11.869876931210545, 54.147929368648896 ], [ 11.880550175158811, 54.149663029099365 ], [ 11.890714910967949, 54.151671770960945 ], [ 11.900024285201919, 54.153892824747295 ], [ 11.910130924186028, 54.156342008878198 ], [ 11.918749793447851, 54.159074650781854 ], [ 11.926464874901164, 54.160620803426362 ], [ 11.936080144161496, 54.162335372489778 ], [ 11.946835646665209, 54.164939637792763 ], [ 11.953329150776597, 54.16531686336851 ], [ 11.960803639486389, 54.166177033911893 ], [ 11.967260048180162, 54.167054298000579 ], [ 11.973148154124235, 54.168654003066742 ], [ 11.982463414205588, 54.171344987925352 ], [ 11.987804990980111, 54.172559192761334 ], [ 11.987602561715425, 54.172470963013446 ], [ 11.987798228798351, 54.172197570083419 ], [ 11.98787814862054, 54.168979814007344 ], [ 11.987685707862473, 54.166438807351255 ], [ 11.987330311389057, 54.164945889655755 ], [ 11.976960787943897, 54.15306469834217 ] ] ] ] } },
{ "type": "Feature", "properties": { "wkr": 12, "wkr_name": "Landkreis Rostock II" }, "geometry": { "type": "MultiPolygon", "coordinates": [ [ [ [ 12.019562055289553, 54.154972528655442 ], [ 12.025212057908812, 54.148359843741716 ], [ 12.027566529683376, 54.148863766433792 ], [ 12.029025602857327, 54.146839494830736 ], [ 12.026840171520353, 54.146284648889569 ], [ 12.027200730300034, 54.14430522932107 ], [ 12.029323342440533, 54.143076528774635 ], [ 12.030414651026351, 54.143624564045041 ], [ 12.032795776611195, 54.142199226244891 ], [ 12.036271292422416, 54.140874876547237 ], [ 12.036752728093703, 54.135337883594687 ], [ 12.033318080802241, 54.134787498560584 ], [ 12.033992185318693, 54.13090997725957 ], [ 12.033301104210576, 54.127182606251289 ], [ 12.027298809736378, 54.127294851062494 ], [ 12.019073444974897, 54.128618637962923 ], [ 12.011193245214805, 54.129132698965869 ], [ 12.009643751277499, 54.133224410157702 ], [ 11.996988276657136, 54.139235268231857 ], [ 11.994855280125911, 54.141115974593006 ], [ 11.993946472352793, 54.145867173514581 ], [ 11.987232760412033, 54.145241359640167 ], [ 11.976355413132076, 54.146975641342998 ], [ 11.976960787943897, 54.15306469834217 ], [ 11.987330311389057, 54.164945889655755 ], [ 11.987685707862473, 54.166438807351255 ], [ 11.98787814862054, 54.168979814007344 ], [ 11.987804990980111, 54.172559192761334 ], [ 11.99092134707502, 54.173240773592504 ], [ 11.998439427937514, 54.175031000500944 ], [ 11.999546930057662, 54.173591555024437 ], [ 12.009013418429713, 54.171517461884783 ], [ 12.010927842743857, 54.171492236448401 ], [ 12.01416790634886, 54.168319275912211 ], [ 12.015426001627665, 54.167496567937981 ], [ 12.018422430561561, 54.166923119736943 ], [ 12.022051678328918, 54.165929734888628 ], [ 12.032717256858575, 54.162904106830084 ], [ 12.027543761033035, 54.157780059438394 ], [ 12.027470705888421, 54.156573686618913 ], [ 12.019562055289553, 54.154972528655442 ] ] ], [ [ [ 12.311977582008645, 54.24513251792856 ], [ 12.312661887186854, 54.244091591589175 ], [ 12.313015201020411, 54.243270175805876 ], [ 12.312919547413408, 54.24250185240296 ], [ 12.311908095134942, 54.239429662399189 ], [ 12.311624342837689, 54.234279469188976 ], [ 12.319236438512938, 54.235485728682711 ], [ 12.318742109686024, 54.231042390377347 ], [ 12.323476089580849, 54.230409730994687 ], [ 12.324051894257499, 54.229492079430983 ], [ 12.323380550553473, 54.228053445933725 ], [ 12.327098447841625, 54.228951469218579 ], [ 12.331898962170644, 54.22881928068491 ], [ 12.330055871855697, 54.224637238387189 ], [ 12.349694577003355, 54.221954834997298 ], [ 12.346110660837898, 54.216893395472738 ], [ 12.348780163872874, 54.214334953847732 ], [ 12.349810821658842, 54.213477010171907 ], [ 12.350857028972147, 54.212613069814637 ], [ 12.351560706854359, 54.212054839496481 ], [ 12.352444573379989, 54.211472163643592 ], [ 12.353780406677211, 54.2109305725619 ], [ 12.355248338168334, 54.210858590127891 ], [ 12.35938515948691, 54.211259831834994 ], [ 12.364213357072487, 54.210262068319956 ], [ 12.367862499813794, 54.209750019877049 ], [ 12.369879455054225, 54.208952468258651 ], [ 12.371657622753283, 54.207862722480513 ], [ 12.370985668349091, 54.206969937949786 ], [ 12.372763322055153, 54.205635194739557 ], [ 12.371418888863387, 54.20390009336608 ], [ 12.370923374755716, 54.200777510047388 ], [ 12.372114492846492, 54.198946168574963 ], [ 12.370831445312705, 54.197237390699662 ], [ 12.370605033138922, 54.196615765138702 ], [ 12.370877815503786, 54.195132855868259 ], [ 12.371512205235774, 54.19350975853505 ], [ 12.372737892543753, 54.190476874940195 ], [ 12.370917838633842, 54.188686062150069 ], [ 12.370152114153333, 54.188462448152563 ], [ 12.366026591742383, 54.187209212504875 ], [ 12.363985175230976, 54.186905107263961 ], [ 12.3547612567396, 54.185557915551954 ], [ 12.35155569476119, 54.185094910752902 ], [ 12.351985978563604, 54.183858241211837 ], [ 12.355359374755308, 54.184257857335538 ], [ 12.358249021907344, 54.1785575735788 ], [ 12.359086863653264, 54.178642599226762 ], [ 12.369104329167694, 54.17955978253849 ], [ 12.375103378239819, 54.177152418078272 ], [ 12.371430487513443, 54.174474662579598 ], [ 12.368786110612939, 54.171321948459415 ], [ 12.366898464970046, 54.168170369671266 ], [ 12.365660221748309, 54.165783302990064 ], [ 12.365728059476631, 54.164154969144775 ], [ 12.366111894482771, 54.161981300615963 ], [ 12.368883292872299, 54.1609406498102 ], [ 12.382136020973789, 54.157467224075482 ], [ 12.37925246218196, 54.154829176189303 ], [ 12.378878029969856, 54.152730930202956 ], [ 12.372824434733309, 54.152725186179339 ], [ 12.37451918015933, 54.148772008990669 ], [ 12.37796569887584, 54.14595538653132 ], [ 12.381343518989318, 54.142954333192556 ], [ 12.380861423167133, 54.139896835692376 ], [ 12.384737208317693, 54.135341944442573 ], [ 12.388220888399294, 54.134506251697289 ], [ 12.391600211446626, 54.133923951841204 ], [ 12.392164847933037, 54.132788156709161 ], [ 12.39160371554842, 54.131338725793412 ], [ 12.389161449285936, 54.130841794027752 ], [ 12.387869703905739, 54.13172065971839 ], [ 12.38437818412805, 54.131827911717181 ], [ 12.385029310493454, 54.130489384550991 ], [ 12.38459971964758, 54.121137025086824 ], [ 12.384237876071397, 54.11685097626679 ], [ 12.388111872814006, 54.11465729518968 ], [ 12.386496012942425, 54.113263491685203 ], [ 12.388988961637997, 54.112571333896987 ], [ 12.390991321287913, 54.112809582871485 ], [ 12.394473999412678, 54.112759819847504 ], [ 12.395409860983241, 54.111808686747906 ], [ 12.397825120111518, 54.112420176864298 ], [ 12.400828395110027, 54.112585201858145 ], [ 12.401445371031903, 54.114598531806067 ], [ 12.406870045556204, 54.114604268902362 ], [ 12.411923502247825, 54.113619804086632 ], [ 12.41802259381608, 54.115713332528422 ], [ 12.423693276300725, 54.11685256967818 ], [ 12.422197507599673, 54.11714552196792 ], [ 12.418449623874549, 54.119704595961394 ], [ 12.426535352975197, 54.120889107480842 ], [ 12.431850199516754, 54.119141667464994 ], [ 12.43295071907137, 54.119562825785586 ], [ 12.433388243320199, 54.121421996700427 ], [ 12.432748251604341, 54.122720828079295 ], [ 12.435465574780254, 54.124281921500362 ], [ 12.449871895946913, 54.116873660423657 ], [ 12.45998547160452, 54.107248350814501 ], [ 12.459588462116683, 54.107050354615197 ], [ 12.454757831369839, 54.104423896927898 ], [ 12.455824286729555, 54.097834239007554 ], [ 12.459365565083511, 54.092340887639146 ], [ 12.46429609628567, 54.093104283165111 ], [ 12.467496696087153, 54.093997981908053 ], [ 12.473820009660662, 54.094645603617558 ], [ 12.477592569634979, 54.095038247308089 ], [ 12.483860608553007, 54.097630796070241 ], [ 12.485956068924986, 54.09638501864611 ], [ 12.491276535089535, 54.095616446362705 ], [ 12.494719584521594, 54.091091383173662 ], [ 12.498096680725354, 54.091927964147679 ], [ 12.501886060506912, 54.093416016195448 ], [ 12.513764843269898, 54.093901284920783 ], [ 12.515136887930639, 54.093133214158378 ], [ 12.518873985092062, 54.093389570984499 ], [ 12.518938582223001, 54.095440371948861 ], [ 12.521592018848386, 54.09438705872185 ], [ 12.532393359347951, 54.092181173775735 ], [ 12.535942940463688, 54.091082533911695 ], [ 12.536255892791377, 54.089543840982259 ], [ 12.540051341281931, 54.08767789041049 ], [ 12.55685358842195, 54.093610536524224 ], [ 12.559451138251157, 54.091779794645433 ], [ 12.562569307007575, 54.090392871223877 ], [ 12.564333642579788, 54.087220079165064 ], [ 12.566353022714583, 54.085386481112238 ], [ 12.566943888866927, 54.084047516851449 ], [ 12.569408311048575, 54.082196334193796 ], [ 12.576838730977052, 54.077000058428737 ], [ 12.581620012500197, 54.07228440345289 ], [ 12.583653090409735, 54.072081567740362 ], [ 12.584466463472813, 54.071977844198166 ], [ 12.585385219229575, 54.071744493063953 ], [ 12.585893978129038, 54.071345936408122 ], [ 12.586698382442428, 54.070350434442183 ], [ 12.587314606195982, 54.070069880774319 ], [ 12.588695648451301, 54.070239335113968 ], [ 12.59085368619129, 54.07091075535179 ], [ 12.593887312150242, 54.071652516670312 ], [ 12.595993426453944, 54.072095193882532 ], [ 12.594987926994333, 54.073780480900552 ], [ 12.596976754840655, 54.074453879563883 ], [ 12.598595820363892, 54.075847633078645 ], [ 12.600964232497997, 54.074704543792372 ], [ 12.604410364829771, 54.076477725681322 ], [ 12.602531305871963, 54.077830419245394 ], [ 12.606015648451116, 54.078142623559586 ], [ 12.6084281887263, 54.077312113894095 ], [ 12.608481344815779, 54.07715034541323 ], [ 12.609356997397175, 54.073805032034521 ], [ 12.613505559474484, 54.07045286701824 ], [ 12.616712939398315, 54.070102304159747 ], [ 12.627568514067775, 54.067564259266135 ], [ 12.634325300277645, 54.063577894284094 ], [ 12.636064248978313, 54.061264864149337 ], [ 12.640340930571991, 54.058529343549523 ], [ 12.645227809047494, 54.05575711421627 ], [ 12.647362011209816, 54.053633401665884 ], [ 12.653916715057028, 54.050987325634026 ], [ 12.656457938671805, 54.049329093881738 ], [ 12.659129244157523, 54.046411219873441 ], [ 12.656964922676245, 54.039161747662625 ], [ 12.650940142655626, 54.03960152034265 ], [ 12.645781947942899, 54.038782207726413 ], [ 12.646370150625772, 54.033814001673846 ], [ 12.634249879580914, 54.033432585729869 ], [ 12.631503958037312, 54.032527556522737 ], [ 12.628901899597601, 54.032251550309816 ], [ 12.627675303389506, 54.029781570938233 ], [ 12.62522397398005, 54.027090268618316 ], [ 12.621295815982197, 54.011508721919533 ], [ 12.6219032480849, 54.009710999508698 ], [ 12.61854929022164, 54.008904876271629 ], [ 12.617625857245281, 54.005223803938271 ], [ 12.614346286104519, 54.005046633864012 ], [ 12.61060690606068, 54.004061303768545 ], [ 12.602761399118716, 54.007076776401313 ], [ 12.601162359109676, 54.008468277061837 ], [ 12.592997567213656, 54.008366403973262 ], [ 12.587817335305264, 54.00748778181724 ], [ 12.583855515978296, 54.007714462991729 ], [ 12.589042353228175, 54.010497147442884 ], [ 12.577990138851725, 54.013332965211276 ], [ 12.577688910515706, 54.016340869415032 ], [ 12.570063148644856, 54.016029635548293 ], [ 12.566933334215449, 54.013921418540747 ], [ 12.564267488626495, 54.013248522703591 ], [ 12.565162301048627, 54.012095668682299 ], [ 12.56267476205722, 54.010766918586484 ], [ 12.56013327901619, 54.008984177050529 ], [ 12.554759243211146, 54.008005891533813 ], [ 12.551924937916375, 54.006049853224965 ], [ 12.548409142972353, 54.006510980817659 ], [ 12.540108265085372, 54.009162586571371 ], [ 12.536685760886105, 54.006802123299899 ], [ 12.533753312853536, 54.0058813465903 ], [ 12.527209789850826, 54.008010904910279 ], [ 12.529067057162223, 54.010198730693652 ], [ 12.525647602306959, 54.011348889263502 ], [ 12.524084123465862, 54.010312760159977 ], [ 12.520079513947314, 54.010658780131124 ], [ 12.521082953189726, 54.007913739603545 ], [ 12.522921411454723, 54.006382084943439 ], [ 12.5258348705198, 54.004427947729432 ], [ 12.530433442812333, 54.004270674841806 ], [ 12.534734417791878, 54.003753920322076 ], [ 12.537596679690468, 54.004537895321427 ], [ 12.541081962855426, 54.002427124588863 ], [ 12.548305793997374, 53.999665183924058 ], [ 12.552816899259543, 53.998798525928727 ], [ 12.558819219561869, 53.995346919572597 ], [ 12.559971661923084, 53.993721720865047 ], [ 12.554791722844266, 53.992699570826574 ], [ 12.55099001112735, 53.989779253551276 ], [ 12.549966079074457, 53.987113133143573 ], [ 12.549483545104847, 53.985225436035471 ], [ 12.548486421751269, 53.983235924182999 ], [ 12.547575379090059, 53.981566174066046 ], [ 12.552151311834137, 53.977802913021996 ], [ 12.550719858742873, 53.977466267174194 ], [ 12.544553840323228, 53.976395728215344 ], [ 12.540464897108819, 53.976207576055451 ], [ 12.533753087856478, 53.975585937584647 ], [ 12.52562536749616, 53.976154381115762 ], [ 12.520836866035838, 53.976424381279891 ], [ 12.513692715761785, 53.975440647732491 ], [ 12.511841052369395, 53.974064315783757 ], [ 12.509892541878274, 53.971813018902473 ], [ 12.51339595444408, 53.962698458613659 ], [ 12.51443686057066, 53.959560402939587 ], [ 12.516772164268874, 53.957839990156195 ], [ 12.517999681086385, 53.956737148681221 ], [ 12.516986044940454, 53.955950840279492 ], [ 12.514037364548368, 53.955889657209553 ], [ 12.512434667947065, 53.953140273386481 ], [ 12.515099205145411, 53.951944733964055 ], [ 12.513167518830519, 53.950577537218933 ], [ 12.50831908636612, 53.952054926283765 ], [ 12.503585399865852, 53.953595582109983 ], [ 12.498781069409308, 53.955150656307701 ], [ 12.497126212599758, 53.956442884104248 ], [ 12.494238497750146, 53.957289616994281 ], [ 12.485684494585088, 53.957959164421297 ], [ 12.480393778046022, 53.957903869454995 ], [ 12.478593438330089, 53.960369978783511 ], [ 12.478731603169805, 53.962045898395829 ], [ 12.478068904316029, 53.965163889535113 ], [ 12.476325617788721, 53.96665794743565 ], [ 12.474936480646075, 53.96979489278938 ], [ 12.475566104716435, 53.971375334884073 ], [ 12.478434597002797, 53.974777543471873 ], [ 12.477623494178557, 53.976429492259896 ], [ 12.47397333683514, 53.976284546262988 ], [ 12.470969698308716, 53.975941028484264 ], [ 12.467951941933007, 53.976224440438692 ], [ 12.46381569926632, 53.978294331704085 ], [ 12.461685334956783, 53.979932337900486 ], [ 12.458009370885687, 53.979004891718269 ], [ 12.455826671899668, 53.97990881908445 ], [ 12.45593225805948, 53.982602106975648 ], [ 12.448109490511595, 53.983942650628151 ], [ 12.439519345678574, 53.985506329747352 ], [ 12.431408138954955, 53.985019717842604 ], [ 12.42301786926023, 53.983066087020433 ], [ 12.415266353286032, 53.979857378443498 ], [ 12.412692312927335, 53.978180706077708 ], [ 12.409011613807621, 53.978519979330436 ], [ 12.407289839850035, 53.979595246605442 ], [ 12.408237041418094, 53.981494365284533 ], [ 12.407558284830671, 53.982873798287862 ], [ 12.407232416672276, 53.984133072976562 ], [ 12.405467296959632, 53.984328951386885 ], [ 12.401831855409796, 53.982943784171475 ], [ 12.401675543352653, 53.981703723636755 ], [ 12.402332994493003, 53.978510329853087 ], [ 12.401203131138901, 53.977889196355775 ], [ 12.40007038182671, 53.97822268010971 ], [ 12.398703712421398, 53.9803555577354 ], [ 12.397520255225633, 53.979792782829882 ], [ 12.395539636651977, 53.978217779137438 ], [ 12.39143209196533, 53.974519534681733 ], [ 12.390094124679957, 53.975185005718842 ], [ 12.387126002303068, 53.975046623148415 ], [ 12.384428468798385, 53.972917504869265 ], [ 12.380532804200566, 53.970435370705729 ], [ 12.375583969559546, 53.968749033349503 ], [ 12.372287934503605, 53.965401909745509 ], [ 12.367814764036963, 53.959526850122394 ], [ 12.362133064934522, 53.960779768180664 ], [ 12.356915360703828, 53.962072961564566 ], [ 12.354805749967102, 53.963846812624212 ], [ 12.350571761371912, 53.965341637160627 ], [ 12.347168505370837, 53.964143238753529 ], [ 12.344169707931142, 53.966092865170594 ], [ 12.342734114967964, 53.96795130850743 ], [ 12.339518434587164, 53.972056198210453 ], [ 12.341630262390311, 53.973474339159395 ], [ 12.341101452893389, 53.975016178948039 ], [ 12.335855659608081, 53.980614769248795 ], [ 12.343130567404803, 53.983971047744731 ], [ 12.345190578546548, 53.984989148487756 ], [ 12.344974727897585, 53.98651797783193 ], [ 12.344390908469483, 53.988245578529202 ], [ 12.342019693017642, 53.991790156404797 ], [ 12.339856361498587, 53.995578909780008 ], [ 12.337620427928529, 53.999463558458693 ], [ 12.32987547140657, 53.9998691171999 ], [ 12.32999139638941, 54.001178805288497 ], [ 12.320453905906149, 54.000520616801523 ], [ 12.321265495760837, 53.998937278436138 ], [ 12.321600275536644, 53.995603975929001 ], [ 12.321171469305375, 53.993984155601652 ], [ 12.317782286871804, 53.992547475254888 ], [ 12.313635801333827, 53.990830673855051 ], [ 12.309873278844753, 53.988816007083543 ], [ 12.306069500804854, 53.989523308097397 ], [ 12.30442152700749, 53.989856842962389 ], [ 12.303335629671606, 53.990133665511188 ], [ 12.302346150239279, 53.990136300913598 ], [ 12.299756369231648, 53.98973445759912 ], [ 12.303139584779426, 53.985097777164725 ], [ 12.29954237385699, 53.98498511154294 ], [ 12.296417893256272, 53.984871385238364 ], [ 12.294922014226371, 53.982674413675866 ], [ 12.292860649792026, 53.979729753485742 ], [ 12.286952846153834, 53.975475085585408 ], [ 12.282069432773339, 53.971891643158315 ], [ 12.281668395219931, 53.971414643839573 ], [ 12.283456037130566, 53.969969537399194 ], [ 12.285339455503683, 53.968280710722681 ], [ 12.28901691457842, 53.9669335988048 ], [ 12.292690562340123, 53.965516550009482 ], [ 12.293115913571532, 53.964299200560014 ], [ 12.291480923232655, 53.959590564567485 ], [ 12.297880540184275, 53.958477642237987 ], [ 12.299484536981234, 53.955809856408855 ], [ 12.291499222933016, 53.956327001044947 ], [ 12.288745652799905, 53.953614967478849 ], [ 12.286191846381605, 53.954726167250584 ], [ 12.284194685435821, 53.954337960326818 ], [ 12.279582447153082, 53.955541034581202 ], [ 12.27461532748492, 53.957268737173813 ], [ 12.270119349408654, 53.959283842312431 ], [ 12.258214338418039, 53.960575851232825 ], [ 12.249782509091251, 53.96476627364661 ], [ 12.245755599251444, 53.964853481904264 ], [ 12.238863455089474, 53.964766914633351 ], [ 12.231463361714491, 53.9627212592356 ], [ 12.227504516248048, 53.962902360776333 ], [ 12.216043321385007, 53.965399724709869 ], [ 12.215227378363945, 53.962041030931786 ], [ 12.210628723635427, 53.965138236277951 ], [ 12.209882866551768, 53.967641244522561 ], [ 12.206108517634616, 53.975666455224157 ], [ 12.205340720464681, 53.977417689007034 ], [ 12.199463712792518, 53.978093562958293 ], [ 12.194890686692043, 53.977876496334645 ], [ 12.1914549251025, 53.977783380173193 ], [ 12.192600919408449, 53.975118634503218 ], [ 12.191275680387536, 53.971766551726262 ], [ 12.191611024313996, 53.967620834339172 ], [ 12.191405240226079, 53.966683642863266 ], [ 12.19108283581587, 53.962727390317717 ], [ 12.187510201244308, 53.963642720209222 ], [ 12.182274256248354, 53.965541996697873 ], [ 12.18081574915459, 53.969860609984103 ], [ 12.177995416481314, 53.973810262366065 ], [ 12.167907334544612, 53.974080960776078 ], [ 12.164962240394924, 53.971607505238715 ], [ 12.162759861608256, 53.96972369094496 ], [ 12.157025907103488, 53.971246603814031 ], [ 12.153750082283516, 53.972659209831747 ], [ 12.148601404135098, 53.97230776737365 ], [ 12.145237646419648, 53.971134290724507 ], [ 12.142168849833524, 53.970938059721355 ], [ 12.14097421295032, 53.971176794129498 ], [ 12.139980970867809, 53.971470071920834 ], [ 12.135329305750044, 53.973195340143832 ], [ 12.130032577382858, 53.975359009354349 ], [ 12.126909980571309, 53.975624975954119 ], [ 12.128269338581791, 53.978408159679837 ], [ 12.128882250050042, 53.980827130418128 ], [ 12.126817527043803, 53.98260856158133 ], [ 12.126002444397511, 53.985968547589856 ], [ 12.125935561553627, 53.986940673349423 ], [ 12.115770080527469, 53.983623587023025 ], [ 12.117234490223034, 53.98040329111101 ], [ 12.111649590763099, 53.979508113811157 ], [ 12.109409258550876, 53.982879364024704 ], [ 12.105941163503266, 53.981020822611136 ], [ 12.10324292086179, 53.982158664376698 ], [ 12.105282629508414, 53.983878656285228 ], [ 12.098540071419674, 53.985596008349745 ], [ 12.094124651554461, 53.984710911166871 ], [ 12.093242979825076, 53.987409579334624 ], [ 12.087987027068662, 53.988893026380083 ], [ 12.087298215805703, 53.990648505944016 ], [ 12.08626927827993, 53.994229769987371 ], [ 12.084184166947384, 53.998989329678338 ], [ 12.079210767107675, 53.999271455489897 ], [ 12.078834515582129, 54.001490327265827 ], [ 12.070297976045696, 54.003003443211092 ], [ 12.068696994112695, 53.999040145458345 ], [ 12.071482954604107, 53.996672249268769 ], [ 12.072569069749196, 53.994257419833353 ], [ 12.069570076212717, 53.991777463607519 ], [ 12.070259372805571, 53.989398334432074 ], [ 12.070805527480623, 53.987535137721046 ], [ 12.063626630771934, 53.985369494319677 ], [ 12.063660996693455, 53.982276812705642 ], [ 12.066561979030471, 53.980803328787054 ], [ 12.070321408139122, 53.979901334662401 ], [ 12.071418181977776, 53.978798984558459 ], [ 12.072916035814556, 53.976746752040349 ], [ 12.073470930353075, 53.975720060982106 ], [ 12.068660057479889, 53.975609682362858 ], [ 12.067964471560995, 53.975595705021682 ], [ 12.062425554146451, 53.975509322058443 ], [ 12.058477515171386, 53.976944869317585 ], [ 12.052573749875627, 53.977114900509314 ], [ 12.049972318192644, 53.975366128288591 ], [ 12.044749096291961, 53.973607063445343 ], [ 12.039686215156239, 53.971943227022592 ], [ 12.031084974434119, 53.973746485638294 ], [ 12.029157539470834, 53.975379325326529 ], [ 12.025655623050437, 53.97446349816282 ], [ 12.024791920611566, 53.974206753892659 ], [ 12.019985157083013, 53.975339148917804 ], [ 12.017003023221646, 53.973257880938526 ], [ 12.013962480523537, 53.974362391526022 ], [ 12.013962637756558, 53.97658386368235 ], [ 12.012309085319412, 53.978152624158128 ], [ 12.005616734019984, 53.98001481648533 ], [ 12.007874322485508, 53.982102592542432 ], [ 12.011997446577658, 53.982727975796188 ], [ 12.020529747493432, 53.986768369240188 ], [ 12.023035022628791, 53.988764244985667 ], [ 12.019133263430975, 53.991472746419149 ], [ 12.013342405579001, 53.99608212333672 ], [ 12.004540522955171, 54.004934112931217 ], [ 12.003224397405855, 54.010233787218851 ], [ 12.00102472942403, 54.010490706729982 ], [ 12.000796518784741, 54.015290757087094 ], [ 11.999064300715549, 54.01812957093739 ], [ 11.997594904790807, 54.021687603894229 ], [ 12.001302364514894, 54.0263523308248 ], [ 12.000485341839148, 54.029694899253784 ], [ 12.000232958662933, 54.030467026211504 ], [ 11.999072707515992, 54.030355167591047 ], [ 11.992023864110084, 54.031252968543001 ], [ 11.990590942898137, 54.032324482568512 ], [ 11.986910064979938, 54.032550518862251 ], [ 11.983590349613483, 54.036975816461435 ], [ 11.976463247265304, 54.036343857979283 ], [ 11.970966062886284, 54.035716092411541 ], [ 11.970662710911434, 54.038989285615969 ], [ 11.973958642950896, 54.040772043767269 ], [ 11.981850871401624, 54.045367372372262 ], [ 11.983480237986083, 54.045374826585849 ], [ 12.003456537435307, 54.050854514554146 ], [ 12.00024760986531, 54.055234612979632 ], [ 11.996599050355879, 54.056994038117196 ], [ 11.991218110234621, 54.06101221134336 ], [ 11.99100959618276, 54.061195452703473 ], [ 11.991133903924416, 54.061326270359707 ], [ 11.994780122724114, 54.064902253335539 ], [ 11.996916555050811, 54.068343480541387 ], [ 11.997155201621606, 54.072688846204976 ], [ 11.994952968921664, 54.074697606073293 ], [ 11.994590705629147, 54.075551712558543 ], [ 11.998034654963249, 54.075021113259986 ], [ 11.98465410135505, 54.088693324252034 ], [ 11.987026415474945, 54.088701738770489 ], [ 11.989647219757076, 54.090768498067895 ], [ 11.989772144819167, 54.093816797304797 ], [ 11.991743578687581, 54.094418506276 ], [ 11.984958751537285, 54.103428045773498 ], [ 11.984842146363434, 54.103571463667741 ], [ 11.985144919686798, 54.103511983749932 ], [ 11.990443969032411, 54.102343656872577 ], [ 11.993944626483428, 54.103518264617179 ], [ 11.997365934223565, 54.106538586490011 ], [ 11.998484309852703, 54.109640743926541 ], [ 12.001176635002999, 54.110106288690027 ], [ 11.999937306672962, 54.116447873847861 ], [ 12.018455534380726, 54.117667102448095 ], [ 12.020426675559655, 54.119513083558779 ], [ 12.019956622754904, 54.122938416146795 ], [ 12.0220547191047, 54.123021361954891 ], [ 12.032556136041292, 54.11980399798076 ], [ 12.034544826591395, 54.115601059027668 ], [ 12.037150170772046, 54.116404598336729 ], [ 12.039052999692403, 54.112302252061703 ], [ 12.036445239178176, 54.111745837663271 ], [ 12.036830809914973, 54.10758606397517 ], [ 12.049492885166003, 54.106349981444254 ], [ 12.049432595975299, 54.103978329818062 ], [ 12.054515590106512, 54.103032535493263 ], [ 12.050404947466729, 54.097142294630949 ], [ 12.051844055768726, 54.095263614488132 ], [ 12.048061215154162, 54.093715385913796 ], [ 12.047411067698834, 54.091783412620067 ], [ 12.050404040487743, 54.091007018261436 ], [ 12.051962001179202, 54.090422528259545 ], [ 12.054147934150942, 54.089705719930599 ], [ 12.057585285433435, 54.088798409752307 ], [ 12.059845908186398, 54.086527817932463 ], [ 12.059722869493717, 54.084249787153098 ], [ 12.06391477255414, 54.083120797859685 ], [ 12.064271847446777, 54.081339785785708 ], [ 12.060593895770072, 54.079516502810492 ], [ 12.060959261353631, 54.076272475986251 ], [ 12.066017314262886, 54.067921362246942 ], [ 12.072499889849322, 54.068342132722229 ], [ 12.073529816948328, 54.066759813348718 ], [ 12.063759617598455, 54.063267959930293 ], [ 12.064997199797713, 54.059108649059652 ], [ 12.072948582563622, 54.063602539951496 ], [ 12.072900137685437, 54.058701105740184 ], [ 12.073227373147589, 54.056027358106356 ], [ 12.075925876755294, 54.053977942978598 ], [ 12.079973231841423, 54.05210876925338 ], [ 12.081104156247283, 54.051430463468165 ], [ 12.088385822206819, 54.051050630836677 ], [ 12.090730084835995, 54.052337784864307 ], [ 12.095065911911025, 54.052471423576137 ], [ 12.09637680932509, 54.05080873483903 ], [ 12.096764949531007, 54.0510897377943 ], [ 12.098011844614948, 54.052876502137167 ], [ 12.10372296147828, 54.054137453337532 ], [ 12.109009083816137, 54.055741550937135 ], [ 12.116860719188908, 54.058559017968726 ], [ 12.126412162834258, 54.058746686863898 ], [ 12.13133152024402, 54.058981700890769 ], [ 12.134150085647418, 54.059393495025112 ], [ 12.145473961995446, 54.058337690636357 ], [ 12.146406693362595, 54.061936570879062 ], [ 12.148780572365784, 54.063302994253206 ], [ 12.152347712388078, 54.064014847051297 ], [ 12.155240557899088, 54.065425496067888 ], [ 12.157233833756115, 54.067976471502476 ], [ 12.159475010172283, 54.069244853514157 ], [ 12.161923505774151, 54.070036149412644 ], [ 12.165543375448371, 54.071231859137313 ], [ 12.169877467751114, 54.067033568316852 ], [ 12.188725443489943, 54.068921352257881 ], [ 12.192433626898083, 54.069792149655228 ], [ 12.192945243043367, 54.078791030341861 ], [ 12.193807124662472, 54.078953024819434 ], [ 12.195295080434867, 54.079734312011418 ], [ 12.196997635126339, 54.080716211358165 ], [ 12.198783795088112, 54.080896348337625 ], [ 12.199647744338144, 54.083366828774174 ], [ 12.198204323399601, 54.084750958987442 ], [ 12.199253217619077, 54.087647059124329 ], [ 12.199572780139846, 54.08901992270512 ], [ 12.199983011636638, 54.090784181371482 ], [ 12.200600955349836, 54.093838230530316 ], [ 12.200800527235986, 54.09470125173732 ], [ 12.201194547062277, 54.09716665570614 ], [ 12.197801312701031, 54.101934667412252 ], [ 12.194318286759142, 54.104476258718719 ], [ 12.190653402570922, 54.106792968502049 ], [ 12.18971311207995, 54.107268742766699 ], [ 12.182154549440073, 54.110742147568594 ], [ 12.177192806787094, 54.113025510978467 ], [ 12.171129752121038, 54.115971668795147 ], [ 12.17334668199482, 54.118914568832189 ], [ 12.171160968247346, 54.12145061625759 ], [ 12.172846923308578, 54.124162048578164 ], [ 12.17281515195743, 54.128862104001854 ], [ 12.177725472626728, 54.130630819000416 ], [ 12.183661667572247, 54.134634833029324 ], [ 12.189673831201178, 54.147627465833608 ], [ 12.188436182129548, 54.148044018089458 ], [ 12.187728363531289, 54.148322641890438 ], [ 12.186312806862421, 54.153610378174214 ], [ 12.183926554832825, 54.156815004532383 ], [ 12.182714654242645, 54.158915992044903 ], [ 12.176291308649295, 54.159117271322017 ], [ 12.175291114566184, 54.162400227519434 ], [ 12.186613188991828, 54.166422112664229 ], [ 12.192267814233475, 54.167644545581275 ], [ 12.197815334970612, 54.16799008493895 ], [ 12.199105028464079, 54.169469257028318 ], [ 12.199791009262077, 54.170335850553499 ], [ 12.201315505396025, 54.172154790106099 ], [ 12.202533294080935, 54.174532138800068 ], [ 12.205725932810578, 54.176863756565353 ], [ 12.206146419559641, 54.18032823692414 ], [ 12.205981865180238, 54.182257122821369 ], [ 12.206607159199551, 54.182350276526677 ], [ 12.225103411199116, 54.18344420714979 ], [ 12.224238037844925, 54.178839887672119 ], [ 12.225510578166867, 54.178667909744021 ], [ 12.228118547924687, 54.179638214189801 ], [ 12.228625962441344, 54.181436298440644 ], [ 12.2310853502171, 54.1823183996014 ], [ 12.236262957875859, 54.183090494064253 ], [ 12.246246769207788, 54.184064799919383 ], [ 12.249700161265398, 54.18359465937673 ], [ 12.25452107078261, 54.1830400609308 ], [ 12.257762897434063, 54.182692536094294 ], [ 12.259996206478824, 54.183968776324953 ], [ 12.262973746246706, 54.1859901361304 ], [ 12.267527599989663, 54.184443125230089 ], [ 12.295123762164662, 54.195698792347628 ], [ 12.287312339616451, 54.202434974502431 ], [ 12.276094613961575, 54.209365631536748 ], [ 12.272695847644467, 54.210604974092995 ], [ 12.272403054439371, 54.213935229051614 ], [ 12.264103461294404, 54.215004269007039 ], [ 12.265102503657277, 54.218775321397843 ], [ 12.26414246200588, 54.223135839538372 ], [ 12.26497147523512, 54.22605667876212 ], [ 12.264952301451642, 54.229033505303953 ], [ 12.265783336219997, 54.231015128386417 ], [ 12.267695724758349, 54.236620017591328 ], [ 12.26725942619238, 54.238101799773382 ], [ 12.267581734607427, 54.24107672279748 ], [ 12.264702369576538, 54.241815115839003 ], [ 12.264053778333025, 54.242347359938243 ], [ 12.263764012215326, 54.242681375825114 ], [ 12.263628736035956, 54.24284503576019 ], [ 12.261123033997983, 54.243086512576674 ], [ 12.257594724222377, 54.243127970711356 ], [ 12.256475300995367, 54.243076012891322 ], [ 12.256066015743029, 54.243032964110427 ], [ 12.255640475653227, 54.242901164129876 ], [ 12.255296802018654, 54.242682513978664 ], [ 12.254846720682593, 54.242319873568007 ], [ 12.254571644508301, 54.242166513273567 ], [ 12.254297051160117, 54.242087612451272 ], [ 12.254050851326001, 54.242057508352836 ], [ 12.253495322943655, 54.241982111560183 ], [ 12.252130928797291, 54.241868906719056 ], [ 12.248293316341405, 54.241875933918315 ], [ 12.247167349484748, 54.242084165806673 ], [ 12.24624893308723, 54.242362751397337 ], [ 12.245495660515969, 54.242603538955422 ], [ 12.244685060690482, 54.242814987269192 ], [ 12.243986471135791, 54.242909903999617 ], [ 12.243377610048169, 54.242903915757829 ], [ 12.242665307809663, 54.242646211737878 ], [ 12.242001869866296, 54.242101086305397 ], [ 12.24172780250996, 54.241810692539772 ], [ 12.240965447594528, 54.241157515301111 ], [ 12.240235809102952, 54.240903992866933 ], [ 12.23950253004929, 54.240886709707311 ], [ 12.238523754838806, 54.241021345206725 ], [ 12.234676539336704, 54.241842522437125 ], [ 12.23205764460169, 54.241290210305216 ], [ 12.226454438751585, 54.243146718162279 ], [ 12.225188955720947, 54.242134970793558 ], [ 12.221898845436735, 54.242126472809041 ], [ 12.202302859290182, 54.243827574212148 ], [ 12.201348687160879, 54.24470090532504 ], [ 12.204325675766874, 54.246066166922816 ], [ 12.208936516538461, 54.248347257010558 ], [ 12.218484928943591, 54.252027069155794 ], [ 12.223314390237448, 54.25399376577208 ], [ 12.226536336885877, 54.255041931218734 ], [ 12.230832710029016, 54.256249617779602 ], [ 12.235613032034991, 54.257647246674701 ], [ 12.239802671480833, 54.258949003962307 ], [ 12.242379552038463, 54.259871218000733 ], [ 12.247207821216531, 54.261616445633237 ], [ 12.252852786429109, 54.26345778410419 ], [ 12.259989051516644, 54.266309305917297 ], [ 12.274604556546164, 54.271416209578547 ], [ 12.284212914046085, 54.274432243203648 ], [ 12.284979556066677, 54.273326520152573 ], [ 12.283414845122143, 54.265975781940369 ], [ 12.279537678005521, 54.263838422708282 ], [ 12.278448106623253, 54.262004218505389 ], [ 12.280127171398298, 54.260967821487078 ], [ 12.292268204151823, 54.257274572292168 ], [ 12.300236164260133, 54.25526034173388 ], [ 12.297797788294767, 54.252403235395299 ], [ 12.308204779867635, 54.252304290132194 ], [ 12.311251024680312, 54.250503748922867 ], [ 12.312060890981165, 54.249674185754486 ], [ 12.312198797366687, 54.248982652727598 ], [ 12.31148673592754, 54.247290080221852 ], [ 12.311326075096662, 54.246721853808218 ], [ 12.311458820024525, 54.246047962828975 ], [ 12.311977582008645, 54.24513251792856 ] ] ] ] } },
{ "type": "Feature", "properties": { "wkr": 13, "wkr_name": "Mecklenburgische Seenplatte I – Vorpommern-Greifswald I" }, "geometry": { "type": "Polygon", "coordinates": [ [ [ 13.371630790863311, 53.848095004409004 ], [ 13.370768733934144, 53.845808426892887 ], [ 13.369183244927063, 53.844524808876194 ], [ 13.366847703859944, 53.843603716849593 ], [ 13.363201233431091, 53.84346299270392 ], [ 13.356878100776544, 53.844940745507529 ], [ 13.354060822348, 53.846768968969755 ], [ 13.348458877789509, 53.847290614276446 ], [ 13.342050868101964, 53.848179315029256 ], [ 13.340119370746597, 53.848435078139936 ], [ 13.337583818087817, 53.849175757943314 ], [ 13.333170300430726, 53.834070601148397 ], [ 13.330404167986989, 53.8337413192139 ], [ 13.323615044659423, 53.832893592510842 ], [ 13.320989022058672, 53.83213259180463 ], [ 13.315953299085766, 53.831348929364637 ], [ 13.309393922471328, 53.825706821969987 ], [ 13.303023215312695, 53.823728770031437 ], [ 13.303322642625353, 53.821771932175224 ], [ 13.302142831724446, 53.815490098901812 ], [ 13.301329617142247, 53.813716488616556 ], [ 13.300768097421935, 53.81129508176069 ], [ 13.29913761205237, 53.811200672042268 ], [ 13.291289722489887, 53.811093092340123 ], [ 13.288131359138262, 53.810261956640218 ], [ 13.281179989496742, 53.810363140786649 ], [ 13.278188460414174, 53.813386184085573 ], [ 13.274700642215675, 53.815033743779523 ], [ 13.272071499065127, 53.817345573248858 ], [ 13.270021176727948, 53.818754378306146 ], [ 13.26575501694253, 53.817973834028976 ], [ 13.257255644744808, 53.815731362124545 ], [ 13.247730268409539, 53.813857132792485 ], [ 13.244220166505855, 53.812021212512022 ], [ 13.233750188710683, 53.807974013523172 ], [ 13.229058697923207, 53.806731009682544 ], [ 13.224838854277808, 53.807452209693238 ], [ 13.216778526460878, 53.805179987664474 ], [ 13.218058007987308, 53.800954912498426 ], [ 13.218601409403977, 53.798486130482836 ], [ 13.217098557671967, 53.795000156121795 ], [ 13.213628381356498, 53.795951738151921 ], [ 13.207301011423972, 53.794478246510067 ], [ 13.203796944035222, 53.794084628044359 ], [ 13.195705059428601, 53.792528790054 ], [ 13.191473632800893, 53.793571682101899 ], [ 13.185387174161949, 53.798683061130781 ], [ 13.183951287467922, 53.799633591844739 ], [ 13.164196620876796, 53.800305767726307 ], [ 13.166187337367084, 53.805281698918058 ], [ 13.157216069525102, 53.803866408624607 ], [ 13.15939355494576, 53.800307634214825 ], [ 13.146219795912462, 53.797301387938518 ], [ 13.137605135930631, 53.79548102327125 ], [ 13.13917723866771, 53.792870653716626 ], [ 13.141123345396768, 53.790220043001376 ], [ 13.143765332793418, 53.787640613235347 ], [ 13.141499736609116, 53.784535470702615 ], [ 13.135830432050893, 53.784221374684435 ], [ 13.130245841846426, 53.783238060687644 ], [ 13.122059721238662, 53.781237780500447 ], [ 13.118946730349938, 53.780142035158029 ], [ 13.111937877697713, 53.781378534019936 ], [ 13.107920072335236, 53.778272047851338 ], [ 13.107314636323048, 53.777411877090387 ], [ 13.104579686898253, 53.776791792764904 ], [ 13.100894221286408, 53.774019358242406 ], [ 13.095883265905908, 53.772678599673277 ], [ 13.095231475390277, 53.77140518245568 ], [ 13.089355712228404, 53.763803598030677 ], [ 13.085854972003025, 53.760230379281708 ], [ 13.082985130705559, 53.759434856776075 ], [ 13.081289688980414, 53.757836841892818 ], [ 13.079009132059518, 53.756187826657843 ], [ 13.075442850373868, 53.75656610923452 ], [ 13.071020816216558, 53.756201622438525 ], [ 13.067719777696325, 53.756270417607737 ], [ 13.067757142704503, 53.758348201452065 ], [ 13.067448693077331, 53.759118599324857 ], [ 13.066247800289013, 53.759964879933648 ], [ 13.064261000900901, 53.760033939106791 ], [ 13.06207341900107, 53.758126597726815 ], [ 13.058724043419611, 53.756518863764335 ], [ 13.05563514988428, 53.7553271982338 ], [ 13.054461482833371, 53.754218006521704 ], [ 13.05226583716161, 53.751679230661736 ], [ 13.049948903097809, 53.749918840676656 ], [ 13.047890934387324, 53.748582241077727 ], [ 13.045971144277967, 53.748435656510836 ], [ 13.037524871510167, 53.748218826152204 ], [ 13.036061011296399, 53.748892103472365 ], [ 13.032247114905227, 53.749139898854246 ], [ 13.028654849219441, 53.748613799039134 ], [ 13.027851510202794, 53.750000515937664 ], [ 13.026404441742441, 53.750276776231829 ], [ 13.024201523585539, 53.749907347489355 ], [ 13.022587544555075, 53.749394054934271 ], [ 13.020259265974083, 53.748969857742892 ], [ 13.017374533931529, 53.748791530726642 ], [ 13.01371706948501, 53.749625609829806 ], [ 13.012315062194039, 53.748415534211865 ], [ 13.009524279620138, 53.747089227208441 ], [ 13.006279651730731, 53.743960888380812 ], [ 13.004581505639706, 53.7425111060871 ], [ 13.003202124195195, 53.740662484103233 ], [ 12.999720755367544, 53.740779815528228 ], [ 12.998175565068717, 53.740201849910981 ], [ 12.994155798733681, 53.737935192738561 ], [ 12.990861032200829, 53.736427173155803 ], [ 12.987719905317739, 53.736100293078124 ], [ 12.985720134497051, 53.735153286414238 ], [ 12.983545921793722, 53.732481498816256 ], [ 12.980681030767073, 53.731393947912629 ], [ 12.972718235648481, 53.733621484184148 ], [ 12.966597731517846, 53.734576826813957 ], [ 12.962546369966757, 53.734056462568418 ], [ 12.960339161206115, 53.734600893904961 ], [ 12.951817940938888, 53.735637417980662 ], [ 12.954912192205528, 53.74030881044942 ], [ 12.952185481356338, 53.742164192268774 ], [ 12.952172568409399, 53.743678603701113 ], [ 12.950843948785304, 53.744179556407673 ], [ 12.946812778557323, 53.744748497392457 ], [ 12.944461794429003, 53.745561920149903 ], [ 12.944102502926249, 53.746594501236558 ], [ 12.947666937408952, 53.755009366040326 ], [ 12.945360993211448, 53.756042227147674 ], [ 12.948858082950677, 53.760280379045163 ], [ 12.947896699321875, 53.763316147776415 ], [ 12.941288192942679, 53.763630528649919 ], [ 12.932083936112704, 53.765130787325013 ], [ 12.92770821135262, 53.769313094119163 ], [ 12.926272250405379, 53.771084180794347 ], [ 12.921031466254352, 53.771046108368068 ], [ 12.916801571999841, 53.770703801838515 ], [ 12.91855350124102, 53.774360383897928 ], [ 12.916829524695165, 53.774536826617471 ], [ 12.913253836423095, 53.775359814798918 ], [ 12.909036717613979, 53.775925363249698 ], [ 12.909350599222154, 53.773316676035698 ], [ 12.909108094716041, 53.770873187522511 ], [ 12.90630599780966, 53.76902112013768 ], [ 12.895340862186018, 53.77502706375892 ], [ 12.892273389681414, 53.772824333700335 ], [ 12.889730157332254, 53.771032741602738 ], [ 12.881780112577868, 53.77596515765709 ], [ 12.879292894573043, 53.778673845987839 ], [ 12.873292308867628, 53.782342398989783 ], [ 12.864023037998216, 53.784151589986791 ], [ 12.867203906457117, 53.786125255290123 ], [ 12.868789210691045, 53.788830004567863 ], [ 12.86980935027216, 53.791071342224498 ], [ 12.873413171781912, 53.795088877609224 ], [ 12.876110993392087, 53.797788022419994 ], [ 12.875045508267062, 53.800452868461647 ], [ 12.877378413952259, 53.802275112947413 ], [ 12.87940057584207, 53.803987710064213 ], [ 12.883174728152163, 53.804744348137696 ], [ 12.887474488555954, 53.804528244903942 ], [ 12.890450233447444, 53.804614763800885 ], [ 12.894573562192836, 53.803941541125994 ], [ 12.896248982231494, 53.804134022189565 ], [ 12.897501827545769, 53.80464415862312 ], [ 12.900182140568347, 53.807226427893774 ], [ 12.900765048148241, 53.80999683980491 ], [ 12.901356378368453, 53.813692802741052 ], [ 12.903495536115411, 53.815997730513985 ], [ 12.908548565013001, 53.819310970416467 ], [ 12.911696994752367, 53.821877600862706 ], [ 12.912498734785046, 53.823986763310359 ], [ 12.912408240995973, 53.826101068778947 ], [ 12.911436219307161, 53.829802054507788 ], [ 12.91246646617857, 53.832057719316602 ], [ 12.914086388766332, 53.838710022876839 ], [ 12.913885649358772, 53.841220077682344 ], [ 12.911221919027424, 53.844000965615528 ], [ 12.908568969680541, 53.845925819268047 ], [ 12.903450733929215, 53.847923593400552 ], [ 12.89999861782931, 53.848925201551175 ], [ 12.896503815755022, 53.848990034066325 ], [ 12.889932032528227, 53.847370313683022 ], [ 12.88858636505004, 53.84684648082343 ], [ 12.884886523997823, 53.845141333078892 ], [ 12.882191376350384, 53.843167982819779 ], [ 12.878044445150046, 53.841529116382205 ], [ 12.873943789999887, 53.838115238969714 ], [ 12.870348039084949, 53.835506235231016 ], [ 12.86824328945788, 53.833876752256039 ], [ 12.866022641170515, 53.834945727799422 ], [ 12.864998219277055, 53.835252012397447 ], [ 12.853502949779156, 53.837843005500098 ], [ 12.845970082928394, 53.839206923646351 ], [ 12.837792436982287, 53.840763007332349 ], [ 12.833917728748608, 53.843102644072793 ], [ 12.832300985671695, 53.844021223107063 ], [ 12.829396352202332, 53.844747535368072 ], [ 12.826396990284373, 53.845516706139094 ], [ 12.822113435162679, 53.846286702307886 ], [ 12.818119705909089, 53.847226706767039 ], [ 12.814979401307864, 53.847996024417576 ], [ 12.816016605162046, 53.851048542510668 ], [ 12.812753898696004, 53.852679689500988 ], [ 12.810680530379569, 53.853924555817805 ], [ 12.807344108404825, 53.850725681439606 ], [ 12.796167501311528, 53.850297820685782 ], [ 12.79356106312852, 53.855389605025316 ], [ 12.790500403114519, 53.856419948225074 ], [ 12.788111476483426, 53.857363483682001 ], [ 12.78476351074517, 53.857398976571474 ], [ 12.785186885503702, 53.862052278079133 ], [ 12.77900522636368, 53.865195138856166 ], [ 12.776490750913904, 53.866084027047094 ], [ 12.77354316981282, 53.864205845731213 ], [ 12.771921835313323, 53.869865473211384 ], [ 12.77820475285583, 53.872332376349796 ], [ 12.784196585262976, 53.874321069567934 ], [ 12.785395860852331, 53.873399705539477 ], [ 12.788526783806706, 53.871941601175443 ], [ 12.794334038182779, 53.87175553507246 ], [ 12.794906256776718, 53.873252794955206 ], [ 12.79729608236892, 53.872499337897018 ], [ 12.800321731727646, 53.871867884372477 ], [ 12.801382645382144, 53.872489960538871 ], [ 12.802313333850377, 53.874693873990779 ], [ 12.803244024913123, 53.876897746561532 ], [ 12.801343939473025, 53.877027964519243 ], [ 12.796698043846625, 53.877579985986216 ], [ 12.791340892741125, 53.877506489800417 ], [ 12.787685852262877, 53.879055697983432 ], [ 12.785160971551102, 53.880811264893381 ], [ 12.786864711292466, 53.882721476000448 ], [ 12.7830669480854, 53.884061923198566 ], [ 12.7816554747011, 53.88335727204305 ], [ 12.77763620556143, 53.886448011425159 ], [ 12.780976155378717, 53.889383937235884 ], [ 12.783801005750854, 53.891716386467159 ], [ 12.783826951298694, 53.893219145273385 ], [ 12.782282584348597, 53.894058164405642 ], [ 12.78038735137029, 53.895100028195493 ], [ 12.770668390338384, 53.896160623302592 ], [ 12.770423281385794, 53.897176375385065 ], [ 12.765958403249151, 53.897940249256415 ], [ 12.764693161974082, 53.899903882059867 ], [ 12.766468998372597, 53.901789524198193 ], [ 12.770080322724047, 53.904612631369027 ], [ 12.773491782716773, 53.908894005386109 ], [ 12.784297967474847, 53.922902650878683 ], [ 12.790066307611559, 53.921223412129571 ], [ 12.797751535935005, 53.920747102577529 ], [ 12.801490285505459, 53.920405944865017 ], [ 12.802893209031394, 53.920868532529575 ], [ 12.800315429298392, 53.9239895283742 ], [ 12.795652498602424, 53.92759741426282 ], [ 12.804482658615983, 53.929237467073392 ], [ 12.80955950829202, 53.924631535508887 ], [ 12.811989707621425, 53.924313586188944 ], [ 12.80966668362186, 53.930294706890635 ], [ 12.81157761620169, 53.930580850258764 ], [ 12.813692912065378, 53.930409476643881 ], [ 12.809228828750847, 53.937830673595251 ], [ 12.805738535965753, 53.94367019729755 ], [ 12.802086618385411, 53.946509222036646 ], [ 12.799368524082563, 53.948409121881411 ], [ 12.796960444592008, 53.950185046727377 ], [ 12.795492405663367, 53.95210182865393 ], [ 12.791615464961408, 53.952775409541239 ], [ 12.788644831716651, 53.952117200476174 ], [ 12.78724017770285, 53.953202968501678 ], [ 12.789147291989023, 53.953657008774591 ], [ 12.789017070333342, 53.95536240153691 ], [ 12.791081613971311, 53.958356831443865 ], [ 12.788183359141897, 53.959070723881652 ], [ 12.792172393221865, 53.96280903456563 ], [ 12.796077226601245, 53.965774616590764 ], [ 12.796471547590512, 53.970724869272367 ], [ 12.798954516685217, 53.974496448901419 ], [ 12.800677824846586, 53.97359490290706 ], [ 12.806758146015538, 53.980880383429287 ], [ 12.809950118348272, 53.982122223804211 ], [ 12.812165368808241, 53.984650041273859 ], [ 12.815823112977117, 53.988303206910238 ], [ 12.810440385413827, 53.99115976777113 ], [ 12.807776245588322, 53.994245038932959 ], [ 12.81225736509443, 53.996468660754417 ], [ 12.809986852383485, 53.997530911970415 ], [ 12.808357226833627, 53.99674180047181 ], [ 12.802364209827756, 53.998462806570181 ], [ 12.804077612290154, 54.001249177350033 ], [ 12.808553648988545, 54.00477769572862 ], [ 12.812073438412044, 54.002644792742338 ], [ 12.817432620349306, 54.001466612156989 ], [ 12.822228810674503, 53.999624435817296 ], [ 12.825181629168723, 53.997659924690289 ], [ 12.828706863777036, 53.996401991984719 ], [ 12.829963290472085, 53.994608374780881 ], [ 12.833138219564978, 53.99397571298482 ], [ 12.835336735742754, 53.991419336046484 ], [ 12.840328011446783, 53.989275526403468 ], [ 12.842225316347442, 53.987957743049215 ], [ 12.843738688896602, 53.986253699553053 ], [ 12.845411816119004, 53.98446782609048 ], [ 12.846607226688507, 53.982855272176167 ], [ 12.848099602778849, 53.981525959406454 ], [ 12.849186161188216, 53.9804712287009 ], [ 12.851057972015418, 53.979477349449283 ], [ 12.85399106633837, 53.977944853674167 ], [ 12.856183272861793, 53.976863810170492 ], [ 12.857738706629249, 53.975864895415725 ], [ 12.865225451820919, 53.973476962883773 ], [ 12.871020114699293, 53.973250988232181 ], [ 12.874339290627329, 53.973122857484668 ], [ 12.872513660006469, 53.976592206841659 ], [ 12.877099250426289, 53.979895411801266 ], [ 12.884275886000307, 53.980487178706717 ], [ 12.894897883924923, 53.980348132015699 ], [ 12.902722374081494, 53.981676392486349 ], [ 12.90869344395322, 53.983204581334967 ], [ 12.90973249907298, 53.984911976597438 ], [ 12.911654288457472, 53.988247674359911 ], [ 12.913567277228884, 53.990639269539045 ], [ 12.921632818173164, 53.993731770796536 ], [ 12.925708481119241, 53.994778616409228 ], [ 12.927980987277804, 53.994659336635642 ], [ 12.937245166356055, 53.994070739125057 ], [ 12.954633224770722, 54.001034747555792 ], [ 12.957495069172959, 54.00430950013061 ], [ 12.961748133384132, 54.004069925544954 ], [ 12.968563120484093, 54.004380049791692 ], [ 12.983811150332107, 54.004096880937787 ], [ 12.985015922607147, 54.003927015877764 ], [ 12.986911219430597, 54.003753979207843 ], [ 12.993018412901565, 54.008691712597113 ], [ 12.997390279388746, 54.01679926097615 ], [ 12.999913531643537, 54.016075073078618 ], [ 13.004071637192087, 54.015500114002457 ], [ 13.0095964519021, 54.015077004665258 ], [ 13.018027913391355, 54.01446832259613 ], [ 13.022829799941755, 54.013568162822239 ], [ 13.027564865688252, 54.017440389800036 ], [ 13.028725194421133, 54.0197477747733 ], [ 13.035439517181549, 54.022502853084426 ], [ 13.040526685851647, 54.025046205095407 ], [ 13.042808255277652, 54.025649695419936 ], [ 13.049437368198982, 54.026065726958613 ], [ 13.053694009137228, 54.025767367895455 ], [ 13.058646135706315, 54.027977410242272 ], [ 13.078763523106744, 54.03178720815729 ], [ 13.081009860889392, 54.029827042107414 ], [ 13.084440442493658, 54.031536665939463 ], [ 13.087546821261649, 54.037205958410922 ], [ 13.097225850094773, 54.03526459927366 ], [ 13.100727162098133, 54.039727070607327 ], [ 13.110758870933928, 54.03821353795594 ], [ 13.108360118196925, 54.030931137476806 ], [ 13.122812696239798, 54.02700636421784 ], [ 13.129413887305564, 54.025414229943827 ], [ 13.129818504488334, 54.027360190120604 ], [ 13.132469292379993, 54.027292063173014 ], [ 13.131547769216857, 54.022447236226277 ], [ 13.142804591874182, 54.022111483509384 ], [ 13.153271683905835, 54.021626150414548 ], [ 13.157568061357345, 54.021495333340738 ], [ 13.155899622324146, 54.025035619771025 ], [ 13.154591407292786, 54.027937332803489 ], [ 13.177692584134592, 54.031793366003022 ], [ 13.181381236425878, 54.031381507683399 ], [ 13.183393534621603, 54.032818867430393 ], [ 13.187490807695141, 54.03463767507899 ], [ 13.190441627423892, 54.035847160062254 ], [ 13.194312434861777, 54.035043239532655 ], [ 13.195551279098138, 54.035416166853636 ], [ 13.195389611249448, 54.037268760364142 ], [ 13.198970731128478, 54.036132404554451 ], [ 13.204431663042762, 54.034319439247163 ], [ 13.207844929889985, 54.034634263570005 ], [ 13.209998952720063, 54.038330233703185 ], [ 13.213800683821763, 54.039781318760141 ], [ 13.213160037409136, 54.041124089166168 ], [ 13.212529949560034, 54.043079080689616 ], [ 13.212742904191337, 54.044526746151412 ], [ 13.220667851955096, 54.04844042337038 ], [ 13.221878543129826, 54.049799376581689 ], [ 13.224670652998411, 54.05340412216168 ], [ 13.231275873785457, 54.053343670779114 ], [ 13.233666907945569, 54.055748674611493 ], [ 13.235865599379672, 54.053688948394665 ], [ 13.237584335659985, 54.052008231079625 ], [ 13.23959425774011, 54.049511608764796 ], [ 13.240008606517172, 54.048062282148258 ], [ 13.238638071621727, 54.045596774893639 ], [ 13.239616375462736, 54.039617014030924 ], [ 13.240263486710329, 54.037941611837873 ], [ 13.241624014382175, 54.03618882222478 ], [ 13.2433785951171, 54.034851875287977 ], [ 13.249417641339125, 54.034261799045943 ], [ 13.252667211439364, 54.03412457729916 ], [ 13.25509698930113, 54.032510264896352 ], [ 13.257737289972249, 54.029777983241175 ], [ 13.258048922603665, 54.029756175393395 ], [ 13.259769257843219, 54.029949900855527 ], [ 13.266374178035079, 54.03045989776367 ], [ 13.271918679565077, 54.03050454622835 ], [ 13.275170822323176, 54.030940055237011 ], [ 13.275641794821791, 54.03123817558054 ], [ 13.282669282191481, 54.023775276265901 ], [ 13.283014134981139, 54.021130919739377 ], [ 13.285929018406406, 54.021020211347377 ], [ 13.290264467653342, 54.012834795112965 ], [ 13.291113511320722, 54.00777653902329 ], [ 13.306580964475179, 54.00582079707241 ], [ 13.31961347247381, 54.004207345048592 ], [ 13.316773263614744, 53.999635176871443 ], [ 13.32533500285432, 53.998882600254142 ], [ 13.325565932650713, 53.998742035183916 ], [ 13.332138436330411, 53.993103690424093 ], [ 13.332332925380369, 53.991720608321842 ], [ 13.33261203985065, 53.990427305423509 ], [ 13.331500796196174, 53.988225161816032 ], [ 13.342361562273325, 53.984673515008886 ], [ 13.34256621147034, 53.983001796420773 ], [ 13.338783811417715, 53.977753965819161 ], [ 13.336870961892501, 53.976572374835939 ], [ 13.338008534243523, 53.972484240232454 ], [ 13.338232267461365, 53.966884368937144 ], [ 13.33971276893395, 53.965206696655962 ], [ 13.341139880805475, 53.963474500855064 ], [ 13.335044181323676, 53.961074056912366 ], [ 13.327257430891546, 53.962516957363654 ], [ 13.324290396150735, 53.961779504442866 ], [ 13.321387865192994, 53.961894853692229 ], [ 13.317168929282955, 53.959731879786382 ], [ 13.314568803898702, 53.958158827263233 ], [ 13.311697040891314, 53.95749938700763 ], [ 13.311913217358496, 53.957246324062289 ], [ 13.316942373024451, 53.951485581971674 ], [ 13.320463102951408, 53.946813616811824 ], [ 13.323923158571368, 53.94376713720964 ], [ 13.328991753291543, 53.940970905641819 ], [ 13.333273663519536, 53.938201456329857 ], [ 13.333589475027317, 53.937999386414567 ], [ 13.333994162894351, 53.937850571839782 ], [ 13.338659186987275, 53.936058213298587 ], [ 13.341017142792577, 53.933554131675542 ], [ 13.343848136352634, 53.928419993341279 ], [ 13.34886744114897, 53.925799368841368 ], [ 13.355371771865405, 53.924101617508526 ], [ 13.365332012482749, 53.922948733769275 ], [ 13.368813297475963, 53.921349730302886 ], [ 13.37543856183588, 53.916177946813171 ], [ 13.377893568497454, 53.9131069002757 ], [ 13.382086601352185, 53.910407421052774 ], [ 13.388132145548811, 53.909029519911542 ], [ 13.394022735431776, 53.909553241612841 ], [ 13.400353891208329, 53.909138830277357 ], [ 13.403477366426957, 53.909665163368615 ], [ 13.404209971203873, 53.909816263859881 ], [ 13.409699171036547, 53.902410301656559 ], [ 13.406444238461217, 53.899695943852578 ], [ 13.405990031080679, 53.892446632105965 ], [ 13.395405177350987, 53.893873550117938 ], [ 13.387635788829005, 53.894718300233734 ], [ 13.380391810011842, 53.893915210790666 ], [ 13.377340204692189, 53.893531243628694 ], [ 13.372969146371439, 53.889590926890925 ], [ 13.373492302726026, 53.887440722918527 ], [ 13.372335621405638, 53.883372155866482 ], [ 13.377400673060611, 53.880768809867462 ], [ 13.379911940175862, 53.87994200478947 ], [ 13.382339707992957, 53.877473378193336 ], [ 13.38778890207759, 53.872373698768328 ], [ 13.390535287221091, 53.868069245966772 ], [ 13.38594926692531, 53.867090939759692 ], [ 13.381693856257247, 53.86780813039573 ], [ 13.364954526099499, 53.862888682211867 ], [ 13.378172808914895, 53.856461831675873 ], [ 13.376586357585774, 53.85541182777299 ], [ 13.374191279438561, 53.854587688807506 ], [ 13.371630790863311, 53.848095004409004 ] ] ] } },
{ "type": "Feature", "properties": { "wkr": 14, "wkr_name": "Mecklenburgische Seenplatte II" }, "geometry": { "type": "Polygon", "coordinates": [ [ [ 13.432063269586299, 53.749545996717778 ], [ 13.432077442072824, 53.749200846949989 ], [ 13.428991741469961, 53.742606075130986 ], [ 13.422939558146435, 53.734262964764888 ], [ 13.418962878221144, 53.727203154829077 ], [ 13.418175586285651, 53.719918009698766 ], [ 13.416415809687255, 53.712630282770412 ], [ 13.415134404297902, 53.710373574970177 ], [ 13.410676005368735, 53.70630515014291 ], [ 13.403671596376268, 53.702998518514782 ], [ 13.398362237778974, 53.70019719172879 ], [ 13.393722199935279, 53.697318661012048 ], [ 13.381352905815001, 53.691934211920888 ], [ 13.350525118757652, 53.681210550917832 ], [ 13.345285730323839, 53.67959756021429 ], [ 13.338234539143672, 53.678408122144276 ], [ 13.326303735649283, 53.676327387855878 ], [ 13.309336003340569, 53.67246187993193 ], [ 13.309001619317749, 53.672387709361963 ], [ 13.308594758356756, 53.67228256301253 ], [ 13.297238121664714, 53.669027074101677 ], [ 13.27817121168491, 53.662848279464001 ], [ 13.273750088272255, 53.662479031959933 ], [ 13.269347178055936, 53.663555583780528 ], [ 13.267615762771161, 53.662130075520658 ], [ 13.269430133238117, 53.660089147017985 ], [ 13.269927155176413, 53.65759353035034 ], [ 13.272262957350248, 53.653529444931635 ], [ 13.269583862880474, 53.651996180360115 ], [ 13.26559474228138, 53.649370677148788 ], [ 13.265353247041842, 53.649219586799511 ], [ 13.265091476882068, 53.649142415967816 ], [ 13.262812594043808, 53.648377065063883 ], [ 13.26152971467855, 53.645091718494101 ], [ 13.257468946313193, 53.643809005578035 ], [ 13.256351335117751, 53.640397641698712 ], [ 13.258946254257738, 53.638399327821666 ], [ 13.255909326226135, 53.637113911679698 ], [ 13.255577240674894, 53.636993168964842 ], [ 13.255679607595976, 53.636735618450778 ], [ 13.256589313559145, 53.63429434925208 ], [ 13.253934266018737, 53.632720061058585 ], [ 13.252916782216309, 53.630099774609569 ], [ 13.256242506775049, 53.629192605400057 ], [ 13.257881336017606, 53.628268170631145 ], [ 13.257486155347083, 53.626768089950737 ], [ 13.251574366424874, 53.624264651554569 ], [ 13.252621351833595, 53.619500851207633 ], [ 13.252723805042887, 53.619093531673677 ], [ 13.252376128416026, 53.619093438999755 ], [ 13.250271574038401, 53.618922454609312 ], [ 13.248957968654318, 53.617136916194873 ], [ 13.239368418446599, 53.617026701856375 ], [ 13.228111385227127, 53.6161459167622 ], [ 13.218434205697378, 53.61824599007948 ], [ 13.212735524612356, 53.620670504145117 ], [ 13.210862485359115, 53.619084557704568 ], [ 13.205053259592296, 53.607929039234051 ], [ 13.200805532996656, 53.608408355516644 ], [ 13.199731659380543, 53.604182789014715 ], [ 13.194278587156163, 53.600908900633542 ], [ 13.186323499818037, 53.602689972999357 ], [ 13.181373574165754, 53.603627968698092 ], [ 13.172116349642438, 53.603894882739688 ], [ 13.167191594754771, 53.600846723872095 ], [ 13.164394041433301, 53.600245190376043 ], [ 13.163711704238144, 53.597586915383957 ], [ 13.161482867696973, 53.596329467413057 ], [ 13.151754251162119, 53.594348615736585 ], [ 13.149265402122284, 53.596413909039185 ], [ 13.138163724831573, 53.594544227790415 ], [ 13.135114767285465, 53.588591297529149 ], [ 13.134493475882758, 53.587220842686229 ], [ 13.130685102347075, 53.585595918377194 ], [ 13.125921601187569, 53.584416255601155 ], [ 13.122253153416738, 53.583296758241886 ], [ 13.118769166988574, 53.583556399026449 ], [ 13.111031156737171, 53.582240471438077 ], [ 13.106764299532738, 53.5795190598582 ], [ 13.094177831925141, 53.577075520878374 ], [ 13.091382113693248, 53.574499801936355 ], [ 13.096803797520327, 53.570274724878729 ], [ 13.098591308059293, 53.569344783076588 ], [ 13.095274285350834, 53.568573891164817 ], [ 13.093869024742771, 53.5640785654872 ], [ 13.092336684768657, 53.562294878173859 ], [ 13.088903621525635, 53.561042329630702 ], [ 13.090235907823898, 53.558269903949821 ], [ 13.089017267424254, 53.552862199915857 ], [ 13.086251493351673, 53.554454890054515 ], [ 13.0761789294328, 53.551814518727738 ], [ 13.073945601879736, 53.544911338133289 ], [ 13.069996529949307, 53.546204690783128 ], [ 13.070007241252137, 53.548920594950452 ], [ 13.068261483371145, 53.557836978256148 ], [ 13.062084321736888, 53.557975623356448 ], [ 13.051642851052389, 53.560441230108246 ], [ 13.033300115403421, 53.568071941858712 ], [ 13.02116243454101, 53.563720897778786 ], [ 13.018608777697802, 53.563913830625488 ], [ 13.017985581237935, 53.566004126673569 ], [ 13.015740412219392, 53.566332203773811 ], [ 13.011303543926841, 53.565057509888028 ], [ 13.006125670210704, 53.56424216399035 ], [ 13.004344078838505, 53.565091821808139 ], [ 13.004394252829398, 53.567514287646752 ], [ 13.002020269468051, 53.570110054057288 ], [ 13.000434807183542, 53.571176480829052 ], [ 12.995334700842644, 53.569025273377733 ], [ 12.993280461559241, 53.569220193333557 ], [ 12.981978083312145, 53.570127494295157 ], [ 12.978847793575554, 53.570893671997261 ], [ 12.977983332946843, 53.568595724671916 ], [ 12.976796053287346, 53.568056668802441 ], [ 12.975340929198627, 53.571074696978549 ], [ 12.975801698103059, 53.572680575207293 ], [ 12.96900312910409, 53.575704079134624 ], [ 12.968289823185994, 53.578224216882383 ], [ 12.964622881468609, 53.57911941881158 ], [ 12.964280615369352, 53.580712398392876 ], [ 12.960102690264236, 53.589426945676998 ], [ 12.958671222805517, 53.591018275414029 ], [ 12.953512892729426, 53.589793007399265 ], [ 12.94428691187321, 53.589453120000911 ], [ 12.941158740421756, 53.589842555489625 ], [ 12.937902702899176, 53.59069802735646 ], [ 12.931322212202444, 53.590930432220105 ], [ 12.925581870253177, 53.592663174915835 ], [ 12.922647805078762, 53.595008868496805 ], [ 12.915184182126362, 53.59616806371033 ], [ 12.912163023652454, 53.595305122741109 ], [ 12.911093254312243, 53.592714905816855 ], [ 12.910331361123243, 53.590343579633313 ], [ 12.902636864532095, 53.598352504433812 ], [ 12.905722810898535, 53.598538219476154 ], [ 12.906576340683021, 53.601380147287131 ], [ 12.895965978068469, 53.601323809543018 ], [ 12.870218334850271, 53.599571911434786 ], [ 12.85445665416059, 53.597479453065787 ], [ 12.852143478836245, 53.602054202843789 ], [ 12.849189624297162, 53.603920532427509 ], [ 12.845448014496862, 53.605559838961625 ], [ 12.843378532024913, 53.605626268023478 ], [ 12.84041165238968, 53.605416560015911 ], [ 12.839371165705844, 53.602763954257505 ], [ 12.83594887049648, 53.601083767264022 ], [ 12.830961490210415, 53.599744861716616 ], [ 12.826821314196751, 53.596711540353013 ], [ 12.831620668222273, 53.592893538956112 ], [ 12.834896442357241, 53.593730768010403 ], [ 12.835603406164399, 53.591049242255188 ], [ 12.83538034660717, 53.589869227165593 ], [ 12.833813229502177, 53.588963986267011 ], [ 12.829030671047082, 53.587996472551289 ], [ 12.826544506017427, 53.586755112301539 ], [ 12.817626258865028, 53.585315663548116 ], [ 12.816989501044739, 53.587298567906046 ], [ 12.814209265700402, 53.589165783868268 ], [ 12.799363813018333, 53.592759883230556 ], [ 12.797497336204911, 53.592852077390468 ], [ 12.796893552918441, 53.593826643056872 ], [ 12.798589787916049, 53.601614552016827 ], [ 12.798161913551766, 53.60555158820592 ], [ 12.797159840684765, 53.607835275830226 ], [ 12.796437137691504, 53.609004558958148 ], [ 12.796888177575683, 53.611055721381945 ], [ 12.792729625589697, 53.611168773637154 ], [ 12.789392225513089, 53.611515673446441 ], [ 12.787046508949198, 53.611963502014753 ], [ 12.783442910270345, 53.612641080758983 ], [ 12.779828842258814, 53.612869263396171 ], [ 12.775061319304788, 53.613528928008137 ], [ 12.770218036869069, 53.614179581400734 ], [ 12.763864291623303, 53.614709935052019 ], [ 12.760255462743139, 53.613140020360824 ], [ 12.757007692786791, 53.611794124377326 ], [ 12.742499548044369, 53.615086656363474 ], [ 12.729967574305808, 53.617333752020507 ], [ 12.71889653978147, 53.618203199342901 ], [ 12.71727580872825, 53.623095630144654 ], [ 12.717439876483862, 53.625813621354375 ], [ 12.719506623078791, 53.627306303733278 ], [ 12.722338609938948, 53.628424997917278 ], [ 12.723476706781382, 53.629247224053827 ], [ 12.724541573781856, 53.629822649794406 ], [ 12.729496768636194, 53.632929272636119 ], [ 12.731645040546804, 53.63408945626896 ], [ 12.717633946531889, 53.63960855249087 ], [ 12.728686899260131, 53.65000794408035 ], [ 12.729531135553017, 53.65495659025639 ], [ 12.732285053516129, 53.661385053403471 ], [ 12.719427342991859, 53.663178511527491 ], [ 12.709083297875679, 53.664688296936525 ], [ 12.702948885342096, 53.665489943137111 ], [ 12.697085129291057, 53.663473053435133 ], [ 12.68629530377407, 53.660371280691756 ], [ 12.685794396521231, 53.657405034877009 ], [ 12.682029712225244, 53.657396851385229 ], [ 12.679820972804606, 53.657287286480575 ], [ 12.675457044312157, 53.657282310122412 ], [ 12.672134493217614, 53.65567144149469 ], [ 12.668088999377236, 53.653800805955726 ], [ 12.66630248435424, 53.65308035733932 ], [ 12.663150352837727, 53.652640364968697 ], [ 12.656606387546244, 53.6532672129647 ], [ 12.655546168466071, 53.653513595594021 ], [ 12.647013425898955, 53.655329641785137 ], [ 12.654233714844507, 53.656055728480453 ], [ 12.656104160635774, 53.659586258572538 ], [ 12.657850413074362, 53.662448470289021 ], [ 12.650158999493055, 53.667581122855289 ], [ 12.64796484735797, 53.668297418175477 ], [ 12.641596777581984, 53.669649105015431 ], [ 12.639127552579923, 53.672092659519301 ], [ 12.637899350459675, 53.673057196567136 ], [ 12.635942378373668, 53.674535843454244 ], [ 12.632839143212751, 53.677186176150784 ], [ 12.630171504332578, 53.680314234660706 ], [ 12.628557870138646, 53.682454397358072 ], [ 12.625639313765907, 53.686984749777459 ], [ 12.623669868665491, 53.690987757463361 ], [ 12.62426809619978, 53.691596891864798 ], [ 12.625205202732582, 53.693878384551908 ], [ 12.624789206227369, 53.696888972358309 ], [ 12.625047189864775, 53.69854434294966 ], [ 12.627552622646764, 53.70255409297237 ], [ 12.629877133656196, 53.705312713818863 ], [ 12.63353147683998, 53.70959529204373 ], [ 12.636039145408597, 53.713881182063922 ], [ 12.639400795652941, 53.715657627339034 ], [ 12.638879419551165, 53.716488601967541 ], [ 12.636591397874788, 53.718649151335548 ], [ 12.638770016468573, 53.720482849226677 ], [ 12.636730742685719, 53.724432604622407 ], [ 12.634171334791516, 53.724737438513991 ], [ 12.627748599186305, 53.725927932656369 ], [ 12.62890479654072, 53.730858252670984 ], [ 12.629458466203403, 53.732261093866541 ], [ 12.627153700243241, 53.733173071010263 ], [ 12.627516192363981, 53.735736658823505 ], [ 12.629720178359644, 53.741821252473976 ], [ 12.627717251724098, 53.742733244446001 ], [ 12.62910595346125, 53.744787392552404 ], [ 12.62938277175137, 53.751849820804694 ], [ 12.628617149734351, 53.753594938493301 ], [ 12.641300002961602, 53.753357276742193 ], [ 12.646384806906029, 53.754039790648008 ], [ 12.6470706931658, 53.756032153878586 ], [ 12.648080124719501, 53.759130237806133 ], [ 12.647896639760164, 53.764070708145105 ], [ 12.647622638704869, 53.766140290272915 ], [ 12.645237022397231, 53.768949092299032 ], [ 12.64352555787077, 53.770967032130741 ], [ 12.647114480383658, 53.772358026922319 ], [ 12.658459419216729, 53.771466306361717 ], [ 12.683600856659131, 53.768800892025297 ], [ 12.686769466406579, 53.770378080647937 ], [ 12.68995583421637, 53.77157320408844 ], [ 12.694849678842573, 53.770240815336848 ], [ 12.696480072649493, 53.772486179161682 ], [ 12.699089694987896, 53.774855532771248 ], [ 12.695202942841922, 53.777752395004015 ], [ 12.696232059311098, 53.780106460441012 ], [ 12.696626846598537, 53.782654237260211 ], [ 12.698031602440459, 53.783858489935078 ], [ 12.700326583967344, 53.784760360109168 ], [ 12.702242545828643, 53.786038035442758 ], [ 12.703139188552266, 53.787243081125474 ], [ 12.703406087404, 53.789808036800004 ], [ 12.703290997696977, 53.792146762242588 ], [ 12.70307896265296, 53.793956500398053 ], [ 12.702495239959738, 53.797705658821386 ], [ 12.701798303661093, 53.798957882070724 ], [ 12.700612507951897, 53.799971755942735 ], [ 12.702984951537756, 53.802717730524115 ], [ 12.704221855557551, 53.806071973548953 ], [ 12.703699803373912, 53.808165436759509 ], [ 12.703609653443674, 53.810685985507995 ], [ 12.703582684575851, 53.81427692412251 ], [ 12.709967738526174, 53.81393913836007 ], [ 12.713266249612687, 53.814799585807826 ], [ 12.717706191094409, 53.816706935142165 ], [ 12.726856389971712, 53.817149644744681 ], [ 12.731428333205724, 53.816849795308606 ], [ 12.734876487889544, 53.817344745344627 ], [ 12.744473495120346, 53.822030324438941 ], [ 12.749613993244671, 53.823727966365873 ], [ 12.749658480293107, 53.824693986683201 ], [ 12.7481328965627, 53.827649775761451 ], [ 12.749702567556664, 53.830829184655848 ], [ 12.750981367115019, 53.833609157264632 ], [ 12.751480342782429, 53.836910978639558 ], [ 12.752727815314801, 53.83888936745474 ], [ 12.755576921819264, 53.843210791375512 ], [ 12.756474665790849, 53.844695432258263 ], [ 12.755160037236077, 53.846847548457802 ], [ 12.753643742106862, 53.851323618661887 ], [ 12.754986001354611, 53.852237592967498 ], [ 12.752944941318244, 53.85482170170782 ], [ 12.753402164960095, 53.857205266948966 ], [ 12.753013639660962, 53.860318613405653 ], [ 12.756683260078288, 53.861601979615273 ], [ 12.760391122189874, 53.862726920290768 ], [ 12.763715177862879, 53.863852610497297 ], [ 12.765255416619617, 53.865356889428227 ], [ 12.766030750153808, 53.867318727554434 ], [ 12.768616951882056, 53.872215289296548 ], [ 12.769506772699886, 53.871611438529676 ], [ 12.771921862405472, 53.869869966055859 ], [ 12.773543183452571, 53.86420809215614 ], [ 12.776490764709434, 53.866086273472476 ], [ 12.779005240295037, 53.865197385283111 ], [ 12.785186899770107, 53.862054524509695 ], [ 12.784763524994338, 53.857401223003372 ], [ 12.788111490912048, 53.857365730115326 ], [ 12.790500417672263, 53.856422194659601 ], [ 12.793561077851457, 53.855391851461484 ], [ 12.796167516179979, 53.850300067124834 ], [ 12.803026845086904, 53.850561980351905 ], [ 12.8073441238716, 53.850727927882652 ], [ 12.810680546021494, 53.853926802261341 ], [ 12.812753914450425, 53.852681935945611 ], [ 12.816016621093089, 53.85105078895721 ], [ 12.814979417186734, 53.8479982708648 ], [ 12.81811972195703, 53.847228953215797 ], [ 12.822113451425594, 53.846288948758449 ], [ 12.826397006777588, 53.845518952591597 ], [ 12.829396368857044, 53.844749781821911 ], [ 12.832301002482765, 53.844023469562359 ], [ 12.833917745647275, 53.843104890528821 ], [ 12.83779245409098, 53.840765253790714 ], [ 12.845970100476691, 53.839209170108241 ], [ 12.853502967732268, 53.837845251965291 ], [ 12.864998237848374, 53.83525425886765 ], [ 12.866022659796997, 53.834947974270108 ], [ 12.868243308204336, 53.833878998727968 ], [ 12.870348057942467, 53.835508481703108 ], [ 12.873943809047347, 53.838117485442055 ], [ 12.878044464413714, 53.841531362854866 ], [ 12.882191395834548, 53.843170229293307 ], [ 12.884886543624422, 53.845143579552598 ], [ 12.888586384873168, 53.846848727297832 ], [ 12.88993205242293, 53.84737256015768 ], [ 12.896503836000228, 53.84899228054261 ], [ 12.899998638261792, 53.848927448028739 ], [ 12.903450754547578, 53.847925839879522 ], [ 12.908568990574949, 53.845928065749284 ], [ 12.91122194006571, 53.844003212098336 ], [ 12.913885670542285, 53.841222324167099 ], [ 12.914086409962909, 53.838712269362425 ], [ 12.91246648729452, 53.832059965804092 ], [ 12.911436240370039, 53.829804300995633 ], [ 12.912408262114294, 53.826103315268483 ], [ 12.912498755910164, 53.823989009800712 ], [ 12.911697015836518, 53.821879847353443 ], [ 12.908548585931037, 53.819313216907133 ], [ 12.903495556766154, 53.81599997700404 ], [ 12.901356398906907, 53.813695049231185 ], [ 12.900765068658552, 53.809999086296166 ], [ 12.900182161050088, 53.807228674385769 ], [ 12.897501847886597, 53.804646405115115 ], [ 12.896249002505797, 53.804136268681319 ], [ 12.894573582377724, 53.803943787617342 ], [ 12.890450253411139, 53.804617010290599 ], [ 12.887474508360572, 53.804530491392697 ], [ 12.883174747726605, 53.804746594624817 ], [ 12.879400595215388, 53.803989956550396 ], [ 12.877378433219119, 53.802277359433546 ], [ 12.875045527410972, 53.800455114947525 ], [ 12.876111012595622, 53.797790268907093 ], [ 12.873413190843877, 53.79509112409638 ], [ 12.869809369145472, 53.791073588711818 ], [ 12.868789229512087, 53.788832251055503 ], [ 12.867203925196147, 53.786127501778147 ], [ 12.864023056569248, 53.784153836474182 ], [ 12.873292327935854, 53.782344645481253 ], [ 12.879292913965573, 53.778676092482605 ], [ 12.881780132105957, 53.775967404153725 ], [ 12.889730177289863, 53.771034988103892 ], [ 12.892273409773164, 53.772826580201652 ], [ 12.895340882439539, 53.775029310260486 ], [ 12.906306018654623, 53.769023366644987 ], [ 12.90910811570896, 53.770875434030081 ], [ 12.909350620225764, 53.773318922542479 ], [ 12.909036738598401, 53.775927609755477 ], [ 12.913253857633354, 53.77536206130624 ], [ 12.916829546097214, 53.774539073126306 ], [ 12.918553522735333, 53.774362630407325 ], [ 12.916801593403894, 53.770706048348607 ], [ 12.921031487884049, 53.771048354879468 ], [ 12.926272272315, 53.771086427307424 ], [ 12.927708233340537, 53.769315340633128 ], [ 12.93208395833804, 53.765133033841856 ], [ 12.941288215660901, 53.763632775169974 ], [ 12.947896722393278, 53.763318394298821 ], [ 12.948858106076008, 53.760282625568813 ], [ 12.945361016153671, 53.756044473671736 ], [ 12.947666960475175, 53.75501161256539 ], [ 12.944102525809406, 53.746596747763526 ], [ 12.944461817332227, 53.745564166677227 ], [ 12.946812801586709, 53.744750743920804 ], [ 12.950843972030309, 53.74418180293754 ], [ 12.952172591725724, 53.743680850231492 ], [ 12.952185504674626, 53.742166438799813 ], [ 12.95491221567088, 53.740311056981831 ], [ 12.95181796424308, 53.735639664513712 ], [ 12.96033918496577, 53.73460314044101 ], [ 12.96254639384461, 53.734058709105334 ], [ 12.966597755611401, 53.734579073351732 ], [ 12.972718260069319, 53.733623730724112 ], [ 12.980681055614458, 53.731396194455527 ], [ 12.983545946793068, 53.732483745359623 ], [ 12.985720159610295, 53.735155532957279 ], [ 12.987719930536942, 53.736102539621285 ], [ 12.990861057587361, 53.736429419699725 ], [ 12.994155824294852, 53.73793743928276 ], [ 12.998175590842644, 53.740204096455521 ], [ 12.999720781223481, 53.740782062073052 ], [ 13.003202150236989, 53.740664730648916 ], [ 13.004581531753734, 53.7425133526325 ], [ 13.006279677934302, 53.743963134926275 ], [ 13.009524305994578, 53.747091473753507 ], [ 13.01231508871647, 53.74841778075713 ], [ 13.013717096081381, 53.749627856375177 ], [ 13.017374560723733, 53.748793777273143 ], [ 13.02025929292013, 53.748972104290146 ], [ 13.022587571625102, 53.74939630148176 ], [ 13.024201550741353, 53.749909594037128 ], [ 13.026404469015581, 53.750279022780056 ], [ 13.027851537553364, 53.750002762486432 ], [ 13.028654876613855, 53.748616045588548 ], [ 13.032247142491022, 53.749142145404122 ], [ 13.036061039085929, 53.748894350023448 ], [ 13.037524899378283, 53.748221072703949 ], [ 13.045971172596751, 53.748437903064463 ], [ 13.047890962808484, 53.748584487631661 ], [ 13.049948931627934, 53.749921087230604 ], [ 13.052265865814269, 53.751681477215527 ], [ 13.054461511601605, 53.754220253075097 ], [ 13.055635178714448, 53.755329444787222 ], [ 13.058724072413936, 53.756521110317905 ], [ 13.062073448173207, 53.758128844280606 ], [ 13.064261030188648, 53.760036185660333 ], [ 13.066247829682883, 53.759967126487794 ], [ 13.067448722535852, 53.759120845879508 ], [ 13.067757172179974, 53.758350448007029 ], [ 13.067719807171081, 53.756272664163482 ], [ 13.071020845867604, 53.756203868994966 ], [ 13.075442880260773, 53.756568355791856 ], [ 13.079009162137059, 53.756190073215969 ], [ 13.081289719178738, 53.757839088450822 ], [ 13.082985160993463, 53.759437103333859 ], [ 13.085855002443697, 53.760232625839961 ], [ 13.08935574285395, 53.76380584458834 ], [ 13.095231506325325, 53.771407429011653 ], [ 13.095883296875053, 53.772680846229072 ], [ 13.100894252522499, 53.77402160479879 ], [ 13.104579718329726, 53.776794039320883 ], [ 13.107314667900308, 53.777414123646736 ], [ 13.107920103944382, 53.778274294407495 ], [ 13.111937909519886, 53.781380780575788 ], [ 13.118946762547289, 53.780144281715636 ], [ 13.122059753601802, 53.781240027058075 ], [ 13.130245874646011, 53.783240307246075 ], [ 13.135830465148461, 53.784223621243427 ], [ 13.141499770009512, 53.784537717262616 ], [ 13.143765366313435, 53.787642859794666 ], [ 13.141123378774353, 53.790222289559289 ], [ 13.139177271939994, 53.792872900273267 ], [ 13.13760516911762, 53.795483269826676 ], [ 13.146219829559179, 53.79730363449481 ], [ 13.159393589295556, 53.800309880771998 ], [ 13.157216103756879, 53.803868655180196 ], [ 13.166187372078054, 53.805283945474535 ], [ 13.164196655483417, 53.800308014284383 ], [ 13.183951323131183, 53.799635838405806 ], [ 13.185387209902361, 53.798685307692445 ], [ 13.191473668868671, 53.793573928666191 ], [ 13.195705095722985, 53.792531036619174 ], [ 13.203796980761643, 53.794086874609988 ], [ 13.207301048337587, 53.794480493075945 ], [ 13.2136284186079, 53.795953984718061 ], [ 13.217098595109219, 53.79500240268856 ], [ 13.218601446920447, 53.798488377048606 ], [ 13.218058045473922, 53.800957159063302 ], [ 13.216778563877691, 53.8051822342278 ], [ 13.224838892125007, 53.807454456256579 ], [ 13.229058735996341, 53.80673325624651 ], [ 13.233750227034374, 53.807976260087365 ], [ 13.244220205388467, 53.812023459075832 ], [ 13.247730307479443, 53.813859379355925 ], [ 13.257255684323852, 53.815733608688156 ], [ 13.265755056975809, 53.81797608059248 ], [ 13.270021216989322, 53.818756624869735 ], [ 13.272071539436526, 53.817347819813065 ], [ 13.274700682728243, 53.815035990344676 ], [ 13.27818850111368, 53.813388430651692 ], [ 13.281180030356907, 53.810365387353897 ], [ 13.288131400370284, 53.81026420320817 ], [ 13.291289763890711, 53.811095338907904 ], [ 13.29913765387299, 53.811202918610469 ], [ 13.300768139329762, 53.811297328329061 ], [ 13.301329659079723, 53.81371873518399 ], [ 13.302142873705145, 53.815492345468677 ], [ 13.303322684668188, 53.821774178739979 ], [ 13.303023257339197, 53.823731016595524 ], [ 13.309393964838499, 53.825709068533669 ], [ 13.315953341803262, 53.831351175926613 ], [ 13.320989065045657, 53.832134838366542 ], [ 13.323615087786898, 53.832895839072741 ], [ 13.330404211477843, 53.83374356577562 ], [ 13.333170344069641, 53.834072847710154 ], [ 13.337583861961681, 53.849178004499727 ], [ 13.340119414756355, 53.848437324696789 ], [ 13.3420509122152, 53.848181561586209 ], [ 13.348458922246049, 53.847292860834024 ], [ 13.354060867104637, 53.846771215527539 ], [ 13.356878145684176, 53.844942992066002 ], [ 13.363201278677435, 53.843465239263118 ], [ 13.366847749301591, 53.84360596340867 ], [ 13.369183290493757, 53.844527055435094 ], [ 13.370768779585735, 53.845810673451247 ], [ 13.371630836561017, 53.848097250966532 ], [ 13.3783002774947, 53.844856605066965 ], [ 13.381787467814114, 53.840003272565248 ], [ 13.386064536931107, 53.838210111444411 ], [ 13.38882034901482, 53.836382720112503 ], [ 13.394096891556138, 53.834366726090785 ], [ 13.396505075539345, 53.8304187323767 ], [ 13.396482959639592, 53.828188988818418 ], [ 13.393660441963158, 53.824389476434028 ], [ 13.392155489023081, 53.82021376089493 ], [ 13.392048175935114, 53.819961666027787 ], [ 13.392121430876548, 53.81967250426603 ], [ 13.39300254538054, 53.816219314877962 ], [ 13.392247705968604, 53.814695800906932 ], [ 13.387695608862987, 53.810994023102495 ], [ 13.387517821734701, 53.807332269744442 ], [ 13.385114408550256, 53.806014208048438 ], [ 13.383094462314164, 53.805194407963668 ], [ 13.382844613898781, 53.803024308322904 ], [ 13.376664780700654, 53.799930146197561 ], [ 13.365966865572506, 53.799887896646844 ], [ 13.360523212653492, 53.801934547823976 ], [ 13.352902403670598, 53.803895204214463 ], [ 13.344096092113464, 53.804269226511259 ], [ 13.343818044070796, 53.787556750736272 ], [ 13.348994069686746, 53.786554680900217 ], [ 13.352229162438833, 53.78538561227694 ], [ 13.354125380314375, 53.781839792318301 ], [ 13.357812820807069, 53.780724720085715 ], [ 13.359685823054145, 53.779220302709476 ], [ 13.36119203940819, 53.775651315474995 ], [ 13.367844663102305, 53.771943137066785 ], [ 13.371065625341714, 53.77085310056777 ], [ 13.375790129862621, 53.766776291540367 ], [ 13.374102678684855, 53.765200757002461 ], [ 13.367345157134856, 53.761900860881902 ], [ 13.36394727920384, 53.760455447797298 ], [ 13.360227370751153, 53.757583085779309 ], [ 13.367293890932242, 53.755164686648811 ], [ 13.365699182651351, 53.753345925043824 ], [ 13.369071186382838, 53.752094251189355 ], [ 13.3670952906753, 53.749998458030632 ], [ 13.371050126838732, 53.748209594765243 ], [ 13.377039567293348, 53.750087711978303 ], [ 13.385486607058478, 53.755050999417364 ], [ 13.389873125571174, 53.75924357880649 ], [ 13.391874130753813, 53.762414482182848 ], [ 13.399995862150517, 53.76115785011978 ], [ 13.406546359064329, 53.759407098980439 ], [ 13.410509086199863, 53.757824890342278 ], [ 13.424242614839583, 53.752715547891036 ], [ 13.431297857623354, 53.751828025639199 ], [ 13.431989470711047, 53.751804954985424 ], [ 13.432063269586299, 53.749545996717778 ] ] ] } },
{ "type": "Feature", "properties": { "wkr": 15, "wkr_name": "Landkreis Rostock III" }, "geometry": { "type": "Polygon", "coordinates": [ [ [ 12.657850382176781, 53.662439484523453 ], [ 12.656104130093613, 53.659577272806672 ], [ 12.65423368468033, 53.656046742713301 ], [ 12.647013397266992, 53.655320656031641 ], [ 12.642599553433492, 53.653837308527969 ], [ 12.632390811686697, 53.645598340785888 ], [ 12.626161289642811, 53.640862186314521 ], [ 12.625100269978393, 53.642143333222968 ], [ 12.621892124304452, 53.642716780552746 ], [ 12.611140481842115, 53.642832056686828 ], [ 12.608205314939838, 53.644189919258146 ], [ 12.605127529760841, 53.645260865833677 ], [ 12.605536247740398, 53.647353125816906 ], [ 12.600048538477184, 53.647991204573387 ], [ 12.597586797137867, 53.649355430134023 ], [ 12.595551020831358, 53.651675288400753 ], [ 12.592880049764256, 53.652750941533014 ], [ 12.586114640714246, 53.65306657509624 ], [ 12.582296777622592, 53.653460854355586 ], [ 12.580882031235923, 53.653543676556417 ], [ 12.568563579436544, 53.652586234003117 ], [ 12.564173055242545, 53.65321506611663 ], [ 12.560214269819033, 53.657969191007567 ], [ 12.557529107242031, 53.65990622865737 ], [ 12.552853524694742, 53.658730066847788 ], [ 12.550943399648784, 53.659989972779933 ], [ 12.546302520332368, 53.659646171038155 ], [ 12.541956066660592, 53.658128763263214 ], [ 12.531219836351084, 53.657900697365072 ], [ 12.529487275607451, 53.656507846627278 ], [ 12.522146408154011, 53.654335628176327 ], [ 12.515371167458152, 53.654030404004921 ], [ 12.5109015826035, 53.653879825830764 ], [ 12.508534044096761, 53.65549701972342 ], [ 12.503579362331772, 53.658441557665647 ], [ 12.503646752457739, 53.660418331375666 ], [ 12.50237096724492, 53.664663829315877 ], [ 12.498371244461643, 53.667697711264047 ], [ 12.501826812934786, 53.66906509070995 ], [ 12.500927896442645, 53.672025512320232 ], [ 12.497573921590531, 53.674362768852781 ], [ 12.502074540395613, 53.678022836548678 ], [ 12.487152589097727, 53.69011988453348 ], [ 12.479217935386094, 53.687216795817157 ], [ 12.468185876233964, 53.683329719303643 ], [ 12.465882116215408, 53.686746046232393 ], [ 12.466134379285634, 53.688112298521744 ], [ 12.468519417857911, 53.690670141249988 ], [ 12.472344303339003, 53.69320490269471 ], [ 12.473421764409162, 53.69634176590754 ], [ 12.472970603698258, 53.698597263289265 ], [ 12.467360416201275, 53.697252825182993 ], [ 12.464464571430346, 53.696310434722022 ], [ 12.462800219340565, 53.695476288060817 ], [ 12.460372435369804, 53.693803892534625 ], [ 12.457790682634331, 53.693280150812804 ], [ 12.457733883769064, 53.692985290097262 ], [ 12.460506422626381, 53.691727904451334 ], [ 12.461617295794028, 53.689110999832991 ], [ 12.458904417136498, 53.686598732713847 ], [ 12.458343025624821, 53.682188093177963 ], [ 12.459878995440173, 53.680366686175482 ], [ 12.457705715522415, 53.678543327025579 ], [ 12.453493687007096, 53.675959624323127 ], [ 12.450630761021277, 53.678873625848048 ], [ 12.446940496706997, 53.676811771866014 ], [ 12.46207546568024, 53.668265865343415 ], [ 12.466303412097833, 53.666656287903209 ], [ 12.468008161247003, 53.662527228011115 ], [ 12.462424188618245, 53.662603136986085 ], [ 12.459769912354616, 53.659996305294335 ], [ 12.4567134100914, 53.660470021130578 ], [ 12.450313175028487, 53.662444208996639 ], [ 12.452454140192732, 53.663230100685951 ], [ 12.443073465438728, 53.667200066324362 ], [ 12.439189734248734, 53.666688427310369 ], [ 12.433424668752496, 53.67298817352539 ], [ 12.4215382090229, 53.671173799853243 ], [ 12.399354166987003, 53.667155656337791 ], [ 12.396277109332416, 53.665907991864401 ], [ 12.396287291867521, 53.665788801291804 ], [ 12.397437330969185, 53.662534437984611 ], [ 12.401244039289065, 53.658310072468552 ], [ 12.406884188961254, 53.651709162524973 ], [ 12.412257334407682, 53.648449350471054 ], [ 12.416669225226391, 53.646814564252978 ], [ 12.414190528085914, 53.642300416779428 ], [ 12.408074049731656, 53.63637316213395 ], [ 12.410246050011239, 53.635160600797853 ], [ 12.412548838868101, 53.625965327869082 ], [ 12.407204552458269, 53.625287422810864 ], [ 12.409111151284254, 53.619853037932174 ], [ 12.411114594691632, 53.615647954417227 ], [ 12.411879435162309, 53.610945506083326 ], [ 12.406729007158468, 53.608089325364965 ], [ 12.403124437104667, 53.607113322584098 ], [ 12.405089737099537, 53.604178836709217 ], [ 12.403687129880597, 53.603039326225769 ], [ 12.401008278250721, 53.603492899453457 ], [ 12.398579917437935, 53.602884334809183 ], [ 12.401652715826089, 53.599620481290835 ], [ 12.416239615469477, 53.584068709152746 ], [ 12.41079506661637, 53.575396653685196 ], [ 12.402116626638938, 53.572627985094336 ], [ 12.398631171868447, 53.567389300153756 ], [ 12.391435208689558, 53.568783168197058 ], [ 12.392296275615291, 53.571689768360798 ], [ 12.390623209357534, 53.573875265941005 ], [ 12.388600903848372, 53.575323301891466 ], [ 12.375391934573441, 53.575861921325902 ], [ 12.371097870373452, 53.576814856937844 ], [ 12.374804974451445, 53.585341762996585 ], [ 12.362654704325141, 53.58485239556888 ], [ 12.35422696758623, 53.585752084733869 ], [ 12.35171624258831, 53.58997369392997 ], [ 12.34896451071538, 53.593640342634728 ], [ 12.346162991002506, 53.592800546889137 ], [ 12.342079365627445, 53.592567392706343 ], [ 12.336472346232265, 53.590813644632036 ], [ 12.339196201915733, 53.585873677263592 ], [ 12.335873120485223, 53.583805187882909 ], [ 12.334057571378766, 53.582030344761698 ], [ 12.329261113448286, 53.579970083645605 ], [ 12.326358383255391, 53.579121057454934 ], [ 12.324393786607438, 53.57885938729963 ], [ 12.317324911884576, 53.575501445756402 ], [ 12.317132985109266, 53.573019763000389 ], [ 12.315025808479081, 53.570702151440543 ], [ 12.311335239158224, 53.568760505627331 ], [ 12.305679541548534, 53.567808622516452 ], [ 12.299066967295271, 53.568027515697231 ], [ 12.289938229470105, 53.570619634810448 ], [ 12.287796447059737, 53.573598109579244 ], [ 12.288904857539812, 53.577957039026998 ], [ 12.28272116019571, 53.581803170792227 ], [ 12.2762555703384, 53.582341189048918 ], [ 12.254439691994911, 53.58229541523216 ], [ 12.250393245857772, 53.583592401816666 ], [ 12.250359331952948, 53.586674496861221 ], [ 12.248895114112564, 53.590561937635854 ], [ 12.241635418682455, 53.592487701770366 ], [ 12.234935399263145, 53.595764578390416 ], [ 12.229169481936905, 53.596910091288571 ], [ 12.227494148942123, 53.597287923450011 ], [ 12.217044746843701, 53.598695688213347 ], [ 12.209539233882868, 53.603094217652476 ], [ 12.214517705078983, 53.61115556147729 ], [ 12.202549589695833, 53.622833939954496 ], [ 12.198270244536049, 53.63903305210107 ], [ 12.198669491172895, 53.642390216968515 ], [ 12.199289243396857, 53.644981026892609 ], [ 12.201374018084694, 53.647980083872824 ], [ 12.204299983759238, 53.651418843929058 ], [ 12.205667164758374, 53.653370322186319 ], [ 12.206591158692804, 53.657324491181086 ], [ 12.20748375905271, 53.660482302291271 ], [ 12.206865612740611, 53.663838386062913 ], [ 12.208331076305123, 53.664190695680972 ], [ 12.210935098616588, 53.664421895377799 ], [ 12.214951203535799, 53.665002659707099 ], [ 12.223678212248355, 53.665170423805257 ], [ 12.231235249509773, 53.661267863939848 ], [ 12.239648943192934, 53.657951036682512 ], [ 12.243860091035581, 53.657438406602274 ], [ 12.249241496274466, 53.663226983924666 ], [ 12.251914620211249, 53.664507549649549 ], [ 12.251712583582471, 53.666418732910081 ], [ 12.250117251864634, 53.667883383034095 ], [ 12.250085821790263, 53.670783216951413 ], [ 12.248774402295171, 53.671505261900812 ], [ 12.249908750188865, 53.68079904940388 ], [ 12.250495425909431, 53.685072866929829 ], [ 12.248800497859364, 53.686859283289571 ], [ 12.247533914281982, 53.689312948758577 ], [ 12.246024150815213, 53.690726820744828 ], [ 12.244378894631112, 53.690550888259516 ], [ 12.242023237235635, 53.691619845140735 ], [ 12.239255716098556, 53.689846662311034 ], [ 12.231568489972595, 53.684773727804476 ], [ 12.225981339126959, 53.685391776426179 ], [ 12.199526875861883, 53.682561413848454 ], [ 12.198306809697085, 53.679974615604117 ], [ 12.19661480303747, 53.67455036758021 ], [ 12.198614948098188, 53.671741717731258 ], [ 12.190393732936585, 53.67084783042435 ], [ 12.186292814479932, 53.672061887373445 ], [ 12.189124173779932, 53.674515063913645 ], [ 12.193197972815415, 53.68088458141402 ], [ 12.193694477587176, 53.689803166168595 ], [ 12.187681928746247, 53.691680214528844 ], [ 12.181965062465373, 53.690783414231035 ], [ 12.181481978062681, 53.692082305863501 ], [ 12.181905073987663, 53.694013359269888 ], [ 12.177261101328245, 53.694925814441575 ], [ 12.168590644037621, 53.696133187852645 ], [ 12.168305882063128, 53.701508851220439 ], [ 12.167485880844774, 53.703127780915977 ], [ 12.168922961810036, 53.704052396250482 ], [ 12.166073313530989, 53.705391155157173 ], [ 12.166187601420903, 53.709514770676094 ], [ 12.167243443367056, 53.710286875796101 ], [ 12.166894722826903, 53.713085711399735 ], [ 12.165502626370406, 53.713850518421765 ], [ 12.16817201059636, 53.716442457425977 ], [ 12.170663906559119, 53.717595140251682 ], [ 12.167936859975402, 53.71872810836765 ], [ 12.169003096534301, 53.721658466642729 ], [ 12.170020251168129, 53.723030112695731 ], [ 12.171235139793454, 53.723679020184932 ], [ 12.17500886198164, 53.720395674344275 ], [ 12.177161157539254, 53.721242750008685 ], [ 12.180516621045811, 53.721835356134974 ], [ 12.179639736595618, 53.724343903388778 ], [ 12.178696166710029, 53.725808894974122 ], [ 12.194935756572949, 53.726951572370993 ], [ 12.20289504708188, 53.72479485082598 ], [ 12.208557681182304, 53.725841909381408 ], [ 12.215212581095896, 53.729530962719039 ], [ 12.218436725311641, 53.729347011612937 ], [ 12.221593337043073, 53.728981623983167 ], [ 12.225664069382965, 53.72806402244511 ], [ 12.230050023396677, 53.72725330632764 ], [ 12.231348389520621, 53.724335204900221 ], [ 12.232415742727698, 53.722484528065081 ], [ 12.234869392791055, 53.720014397454364 ], [ 12.236572550905754, 53.720522131265419 ], [ 12.239225648588068, 53.720958954503686 ], [ 12.241119642427334, 53.722170246572702 ], [ 12.248947694105494, 53.719541830270884 ], [ 12.250756041113529, 53.718971958912221 ], [ 12.252493643687123, 53.719622319073281 ], [ 12.25236328460044, 53.722849872761621 ], [ 12.25709278573758, 53.724978864926278 ], [ 12.258368660596132, 53.725186695761039 ], [ 12.256791135582221, 53.728804927947714 ], [ 12.254104463575427, 53.732488140464504 ], [ 12.260396847785868, 53.735254394332877 ], [ 12.261344148712796, 53.736491971730665 ], [ 12.258701273424949, 53.739475261614821 ], [ 12.257587751867717, 53.743241892561869 ], [ 12.255778174047562, 53.744373323949993 ], [ 12.26089047703071, 53.745881417593864 ], [ 12.265232559696948, 53.746582584636371 ], [ 12.269900676382884, 53.746655177556882 ], [ 12.272714299229206, 53.74701944423731 ], [ 12.277444034334385, 53.747629624059329 ], [ 12.285537586866075, 53.748281143704027 ], [ 12.286257456231885, 53.749374057868302 ], [ 12.286418459858528, 53.750547868698789 ], [ 12.286235081333436, 53.752135415114338 ], [ 12.283494417410051, 53.754226763696437 ], [ 12.286063236325946, 53.75492542018462 ], [ 12.288609518319483, 53.755536225490452 ], [ 12.291936005116465, 53.755079876418428 ], [ 12.292391772694202, 53.756620158335224 ], [ 12.29139365589408, 53.758831798694466 ], [ 12.292148864453985, 53.760902842917233 ], [ 12.293360159929716, 53.764205084775597 ], [ 12.292179000988565, 53.774982144039882 ], [ 12.293970171425718, 53.775525418082438 ], [ 12.294521891304255, 53.782021046265946 ], [ 12.292231821828471, 53.785498432614986 ], [ 12.286751866058042, 53.791210155741446 ], [ 12.28885549001849, 53.79439414909249 ], [ 12.292452672919492, 53.793354410160134 ], [ 12.300581780318225, 53.79937168519966 ], [ 12.31141614376873, 53.80127447181291 ], [ 12.320695211010774, 53.80263391115912 ], [ 12.322655731083461, 53.804333519162007 ], [ 12.327783506612853, 53.804088804761854 ], [ 12.329423247683833, 53.805061152904081 ], [ 12.332880064705037, 53.806145668622904 ], [ 12.336711846344429, 53.80473334491883 ], [ 12.338185768437654, 53.80351143120307 ], [ 12.340437982776162, 53.802173877732159 ], [ 12.346691498012477, 53.798499440493629 ], [ 12.351007089251386, 53.79595619574193 ], [ 12.356450073712896, 53.800978581504765 ], [ 12.358196902305201, 53.804114686939783 ], [ 12.359639695743336, 53.810266762297069 ], [ 12.361701274046412, 53.811817992041497 ], [ 12.359159015172905, 53.814003118674634 ], [ 12.361109204028097, 53.814789062896701 ], [ 12.361743950250547, 53.815544600842159 ], [ 12.361938873142124, 53.817775380687223 ], [ 12.360639633812212, 53.818040931984044 ], [ 12.359657284210492, 53.818216964993844 ], [ 12.36074401018918, 53.821873038953846 ], [ 12.363482321865042, 53.825565004062945 ], [ 12.368869603797117, 53.830781037193809 ], [ 12.370340394399157, 53.831751535438208 ], [ 12.371882973985866, 53.83079843904077 ], [ 12.373954404349302, 53.83344259280117 ], [ 12.374033353662265, 53.834573971230121 ], [ 12.372588972364218, 53.838386740202289 ], [ 12.375080916989761, 53.841408234133048 ], [ 12.37348411176634, 53.842563063030916 ], [ 12.372239810698328, 53.84396855239337 ], [ 12.372781430357096, 53.845379704899493 ], [ 12.367672691359175, 53.852403982027546 ], [ 12.362432509604934, 53.854384873810538 ], [ 12.356409366018017, 53.855617367074366 ], [ 12.353559158592331, 53.855077751212775 ], [ 12.350666253712346, 53.853447060773476 ], [ 12.344786997050726, 53.851609793964492 ], [ 12.339606189074878, 53.851429224799716 ], [ 12.337238625326266, 53.850624841804716 ], [ 12.333147626771325, 53.849649437810768 ], [ 12.330454164353569, 53.849771044531401 ], [ 12.327617248686096, 53.849479147242654 ], [ 12.324696629521187, 53.852594181997013 ], [ 12.327714960932449, 53.857290244553631 ], [ 12.329415605055962, 53.859928825253022 ], [ 12.332449644895084, 53.864288243277784 ], [ 12.334325883601265, 53.865556871833761 ], [ 12.318758435556223, 53.867323626520253 ], [ 12.308298315328077, 53.866709939532917 ], [ 12.301189217283886, 53.869724612538718 ], [ 12.301826719514388, 53.871217326365596 ], [ 12.294797539879008, 53.87338096873443 ], [ 12.299078203001587, 53.875608122132363 ], [ 12.291388638040008, 53.877327376850616 ], [ 12.280411589604636, 53.87869348365075 ], [ 12.264775542128802, 53.881944753809449 ], [ 12.249533947093166, 53.875077260888474 ], [ 12.237224099156595, 53.871515827692043 ], [ 12.235222129317453, 53.866876061336463 ], [ 12.22995372348055, 53.867961380593648 ], [ 12.225481091308762, 53.871155738699976 ], [ 12.218375367629864, 53.876627475482373 ], [ 12.21962929035292, 53.879579288913497 ], [ 12.219694735787773, 53.882397038301647 ], [ 12.221160548386099, 53.884153518049473 ], [ 12.217895206498527, 53.886687819343813 ], [ 12.213177123294434, 53.888844876431172 ], [ 12.21154048332725, 53.888409886688933 ], [ 12.191401101516401, 53.886098167633698 ], [ 12.188715754554599, 53.885311314943657 ], [ 12.174059534083847, 53.883774602641957 ], [ 12.175938619777607, 53.889452741313313 ], [ 12.175858563600308, 53.892417245466312 ], [ 12.163053309396862, 53.893314979924845 ], [ 12.14999901201441, 53.894228484971194 ], [ 12.131434709393513, 53.894793000671456 ], [ 12.125193036708806, 53.897725940274682 ], [ 12.114948307213313, 53.90232946955804 ], [ 12.112218703696055, 53.902922943186368 ], [ 12.110787752114538, 53.902602611758482 ], [ 12.111745393220742, 53.900760132693158 ], [ 12.115398006088189, 53.899069933194838 ], [ 12.1180619173824, 53.897639111770701 ], [ 12.121019164601469, 53.895990047338287 ], [ 12.117005467045805, 53.893572564878973 ], [ 12.119309053480226, 53.890393474917737 ], [ 12.122047620074891, 53.88636841308017 ], [ 12.122623984317636, 53.883709460588925 ], [ 12.12345888440665, 53.879899211456809 ], [ 12.122110723807054, 53.879644881751666 ], [ 12.114213033469097, 53.876681193269718 ], [ 12.110271452210506, 53.864257648661351 ], [ 12.106477108174909, 53.863269707557031 ], [ 12.101132573421115, 53.860753123110918 ], [ 12.099503144533584, 53.86073248010247 ], [ 12.094064023071505, 53.863282423539225 ], [ 12.08861697300194, 53.864588117286274 ], [ 12.082361330656081, 53.863561928063781 ], [ 12.076210236638888, 53.866831471361927 ], [ 12.06879525489131, 53.870867702658316 ], [ 12.061210954589583, 53.875376819880479 ], [ 12.055704124648258, 53.878506347773502 ], [ 12.046130891923237, 53.881713144409474 ], [ 12.045394659162943, 53.879715668172203 ], [ 12.041000609414329, 53.879656312587485 ], [ 12.040313994543663, 53.882188455369267 ], [ 12.037597671681848, 53.880984421141562 ], [ 12.027956153657321, 53.876883436019028 ], [ 12.023574308526287, 53.874893096939203 ], [ 12.020218852723445, 53.872631765933058 ], [ 12.018810542332632, 53.872968872662824 ], [ 12.01769255898011, 53.87406445664277 ], [ 12.02660720556041, 53.878805963190359 ], [ 12.025094212498958, 53.882973891760479 ], [ 12.029662582191643, 53.884514063576468 ], [ 12.031775684922364, 53.887296247962574 ], [ 12.034224461292416, 53.891021822290092 ], [ 12.029959687423899, 53.892405308132325 ], [ 12.036803635561297, 53.901421324085518 ], [ 12.026739002104692, 53.904979968459457 ], [ 12.023738462014373, 53.902214568618078 ], [ 12.016829015928996, 53.904864575507474 ], [ 12.018563007419781, 53.909415210092185 ], [ 12.003241121995972, 53.913527451185502 ], [ 12.000231855697468, 53.908988612767331 ], [ 11.992708212782601, 53.910145818233737 ], [ 11.989486607512584, 53.911982609542207 ], [ 11.985739999071253, 53.92124795063873 ], [ 11.985208139064335, 53.924045409491107 ], [ 11.979250342669962, 53.929041034400569 ], [ 11.984009577337826, 53.928709036551012 ], [ 11.986055820705623, 53.928587508949121 ], [ 11.988727565877822, 53.927060555145253 ], [ 11.996643893417749, 53.929768649671125 ], [ 11.994330229936729, 53.933075722547528 ], [ 11.991533858802061, 53.937043355057405 ], [ 11.988414625510959, 53.940426941445814 ], [ 11.996264856057326, 53.941681891752879 ], [ 11.99666495119917, 53.944316164363023 ], [ 12.002116440159813, 53.95218281957964 ], [ 12.004215142594697, 53.954066673092576 ], [ 12.006429738907435, 53.95704340650569 ], [ 12.005708274585944, 53.958713189509204 ], [ 12.002292536571085, 53.959945918040745 ], [ 11.999409700307975, 53.961449882039773 ], [ 11.998937006392039, 53.962957988087048 ], [ 12.002638595789699, 53.965663756582423 ], [ 12.00280694939538, 53.967794078193663 ], [ 12.00886496766978, 53.972720792117372 ], [ 12.009878515887475, 53.976476069979299 ], [ 12.013962692511852, 53.976579371936438 ], [ 12.013962535266899, 53.974357899778695 ], [ 12.017003077631774, 53.973253389184713 ], [ 12.019985211183343, 53.975334657159806 ], [ 12.024791974188465, 53.974202262124948 ], [ 12.025655676535719, 53.974459006393758 ], [ 12.029157592584085, 53.975374833551541 ], [ 12.031085027331201, 53.973741993858653 ], [ 12.039686267118018, 53.971938735225912 ], [ 12.044749147717598, 53.973602571640477 ], [ 12.049972369065323, 53.975361636475412 ], [ 12.052573800477434, 53.977110408692582 ], [ 12.058477565136801, 53.976940377489989 ], [ 12.062425603679399, 53.975504830222739 ], [ 12.067964520498199, 53.975591213176017 ], [ 12.068660106342291, 53.975605190515999 ], [ 12.073470978698175, 53.975715569126699 ], [ 12.072916084224698, 53.976742260186612 ], [ 12.071418230559738, 53.978794492708751 ], [ 12.070321456844855, 53.979896842815464 ], [ 12.066562028145579, 53.980798836947457 ], [ 12.063661046128546, 53.982272320872241 ], [ 12.063626680226779, 53.98536500248845 ], [ 12.07080557617364, 53.987530645878294 ], [ 12.070259421567037, 53.989393842591561 ], [ 12.069570125060682, 53.991772971769819 ], [ 12.072569118286955, 53.994252927991973 ], [ 12.071483003271327, 53.996667757430934 ], [ 12.068697043092268, 53.999035653627104 ], [ 12.070298024873278, 54.002998951379645 ], [ 12.078834563482159, 54.00148583541808 ], [ 12.079210814955754, 53.999266963640025 ], [ 12.084184214258219, 53.998984837819421 ], [ 12.086269325341858, 53.994225278121533 ], [ 12.087298262738539, 53.990644014073979 ], [ 12.087987073918336, 53.988888534507616 ], [ 12.093243026101222, 53.987405087451933 ], [ 12.094124697721972, 53.984706419280798 ], [ 12.098540117116213, 53.985591516456481 ], [ 12.105282674470287, 53.983874164379039 ], [ 12.103242966034616, 53.982154172472924 ], [ 12.105941208379869, 53.98101633070187 ], [ 12.109409303063396, 53.982874872110671 ], [ 12.11164963501755, 53.979503621890906 ], [ 12.11723453388071, 53.980398799181707 ], [ 12.115770124358855, 53.983619095098426 ], [ 12.125935604306862, 53.986936181409533 ], [ 12.126002487138734, 53.985964055649177 ], [ 12.126817569680666, 53.982604069637027 ], [ 12.128882292455787, 53.980822638469071 ], [ 12.128269381041578, 53.978403667730234 ], [ 12.12691002316371, 53.97562048400497 ], [ 12.130032619637809, 53.975354517399673 ], [ 12.135329347424246, 53.973190848178596 ], [ 12.139981012032909, 53.971465579946511 ], [ 12.140974254007094, 53.971172302153377 ], [ 12.142168890760558, 53.970933567743032 ], [ 12.145237687017366, 53.971129798741067 ], [ 12.14860144437649, 53.972303275385364 ], [ 12.153750121972461, 53.97265471783502 ], [ 12.157025946433043, 53.971242111810867 ], [ 12.162759900313384, 53.96971919893118 ], [ 12.164962278872046, 53.971603013222527 ], [ 12.167907372716606, 53.974076468756678 ], [ 12.177995453566179, 53.973805770329768 ], [ 12.180815785917206, 53.969856117940495 ], [ 12.182274292833654, 53.965537504648985 ], [ 12.187510237257262, 53.963638228150479 ], [ 12.191082871440148, 53.962722898252601 ], [ 12.191405275834182, 53.966679150800246 ], [ 12.191611059904366, 53.967616342276422 ], [ 12.191275716033392, 53.971762059666851 ], [ 12.19260095492738, 53.975114142443907 ], [ 12.191454960757286, 53.977778888117527 ], [ 12.194890721977387, 53.977872004273443 ], [ 12.199463747586579, 53.978089070889844 ], [ 12.20534075462294, 53.977413196928708 ], [ 12.206108551702137, 53.975661963143345 ], [ 12.209882900175982, 53.967636752430316 ], [ 12.210628757167841, 53.965133744182786 ], [ 12.215227411387305, 53.962036538827192 ], [ 12.216043354336016, 53.965395232606227 ], [ 12.227504547954446, 53.962897868652846 ], [ 12.231463392994137, 53.962716767105782 ], [ 12.238863485582129, 53.964762422493266 ], [ 12.245755629002902, 53.964848989753463 ], [ 12.249782538409015, 53.964761781489557 ], [ 12.258214366810021, 53.960571359059941 ], [ 12.270119376514184, 53.959279350120461 ], [ 12.274615354098005, 53.957264244973643 ], [ 12.279582473224368, 53.955536542372379 ], [ 12.284194711005817, 53.9543334681102 ], [ 12.286191871738446, 53.954721675031244 ], [ 12.288745677877266, 53.953610475254905 ], [ 12.291499247725863, 53.956322508818744 ], [ 12.299484560912921, 53.955805364170416 ], [ 12.297880564299863, 53.958473150003734 ], [ 12.291480948041446, 53.959586072343576 ], [ 12.293115938224606, 53.964294708336794 ], [ 12.292690587044168, 53.965512057787706 ], [ 12.289016939683881, 53.966929106589461 ], [ 12.28533948101065, 53.968276218513815 ], [ 12.283456062847549, 53.969965045194243 ], [ 12.281668421135542, 53.971410151638288 ], [ 12.282069458647879, 53.971887150956782 ], [ 12.286952871518189, 53.975470593378923 ], [ 12.292860674538685, 53.97972526127333 ], [ 12.294922038763724, 53.982669921462374 ], [ 12.296417917641921, 53.984866893024233 ], [ 12.2995423979067, 53.984980619324205 ], [ 12.303139608442267, 53.985093284940717 ], [ 12.299756393278541, 53.989729965383255 ], [ 12.302346174008957, 53.990131808694137 ], [ 12.303335653334692, 53.990129173290299 ], [ 12.304421550552464, 53.989852350739746 ], [ 12.306069524170967, 53.98951881587211 ], [ 12.3098733017982, 53.988811514852109 ], [ 12.313635823890539, 53.990826181619482 ], [ 12.317782308989107, 53.992542983014374 ], [ 12.321171491063637, 53.993979663357244 ], [ 12.321600297255488, 53.995599483685105 ], [ 12.321265517529669, 53.998932786194992 ], [ 12.32045392776903, 54.00051612456263 ], [ 12.329991417227427, 54.001174313036245 ], [ 12.329875492251656, 53.999864624946923 ], [ 12.337620447937509, 53.999459066194355 ], [ 12.33985638125074, 53.995574417509914 ], [ 12.342019712521244, 53.991785664129033 ], [ 12.344390927703218, 53.988241086247605 ], [ 12.344974747061391, 53.986513485548386 ], [ 12.345190597680881, 53.98498465620284 ], [ 12.343130586756764, 53.983966555462047 ], [ 12.335855679729567, 53.980610276974183 ], [ 12.341101472427166, 53.975011686662256 ], [ 12.341630281860859, 53.973469846871758 ], [ 12.339518454279196, 53.972051705924862 ], [ 12.342734134297118, 53.967946816214486 ], [ 12.34416972709823, 53.966088372874374 ], [ 12.347168524207287, 53.964138746451759 ], [ 12.350571779847041, 53.965337144854765 ], [ 12.354805767980606, 53.963842320311421 ], [ 12.356915378483192, 53.96206846924764 ], [ 12.362133082147327, 53.960775275855532 ], [ 12.367814780633514, 53.959522357788508 ], [ 12.372287950642248, 53.965397417409427 ], [ 12.375583985356798, 53.968744541011098 ], [ 12.380532819471867, 53.970430878361682 ], [ 12.384428483660141, 53.97291301252163 ], [ 12.387126016882833, 53.975042130798521 ], [ 12.390094138940768, 53.975180513365039 ], [ 12.391432106079526, 53.974515042325628 ], [ 12.395539650338387, 53.978213286778306 ], [ 12.39752026870492, 53.979788290469187 ], [ 12.398703725775466, 53.980351065373476 ], [ 12.400070395025418, 53.978218187744538 ], [ 12.401203144214366, 53.977884703988821 ], [ 12.402333007449235, 53.978505837485052 ], [ 12.401675556391966, 53.981699231271726 ], [ 12.401831868437066, 53.982939291807064 ], [ 12.405467309600773, 53.984324459018588 ], [ 12.407232429122617, 53.984128580605756 ], [ 12.407558297241069, 53.982869305915813 ], [ 12.40823705375016, 53.981489872910657 ], [ 12.407289852276797, 53.979590754231531 ], [ 12.409011626044908, 53.978515486953462 ], [ 12.412692324767081, 53.978176213695612 ], [ 12.41526636485505, 53.979852886059106 ], [ 12.423017880006798, 53.983061594628069 ], [ 12.431408148805437, 53.985015225440598 ], [ 12.439519354657437, 53.985501837335171 ], [ 12.448109498559695, 53.983938158203941 ], [ 12.455932265260385, 53.982597614540545 ], [ 12.455826679102115, 53.979904326647642 ], [ 12.45800937784985, 53.979000399278128 ], [ 12.46168534152857, 53.979927845456302 ], [ 12.463815705602851, 53.978289839256128 ], [ 12.467951947816774, 53.976219947984127 ], [ 12.470969703866627, 53.975936536025742 ], [ 12.473973342070964, 53.976280053801005 ], [ 12.477623499021975, 53.97642499979348 ], [ 12.478434601753039, 53.974773051003325 ], [ 12.475566109763301, 53.971370842416718 ], [ 12.474936485755075, 53.969790400321827 ], [ 12.47632562273702, 53.966653454964138 ], [ 12.478068909071444, 53.965159397060454 ], [ 12.478731607842834, 53.962041405918193 ], [ 12.478593443012011, 53.96036548630488 ], [ 12.480393782525512, 53.95789937697257 ], [ 12.485684498495633, 53.95795467193237 ], [ 12.494238500738176, 53.957285124494469 ], [ 12.497126215274207, 53.956438391600329 ], [ 12.498781071901236, 53.955146163800904 ], [ 12.503585401835664, 53.953591089596351 ], [ 12.508319087821505, 53.952050433763397 ], [ 12.513167519759383, 53.950573044691829 ], [ 12.515099205871204, 53.95194024143553 ], [ 12.512434668963509, 53.953135780861992 ], [ 12.514037365401816, 53.955885164684993 ], [ 12.516986045476919, 53.955946347751485 ], [ 12.517999681516489, 53.956732656152532 ], [ 12.516772164834778, 53.957835497629759 ], [ 12.514436861393648, 53.959555910417116 ], [ 12.513395955389759, 53.962693966094506 ], [ 12.509892543232164, 53.971808526393708 ], [ 12.511841053521273, 53.974059823274196 ], [ 12.513692716719062, 53.975436155221722 ], [ 12.520836866227413, 53.976419888761335 ], [ 12.525625367171386, 53.976149888591387 ], [ 12.533753086654865, 53.975581445050423 ], [ 12.540464895186794, 53.976203083513894 ], [ 12.544553837961677, 53.976391235669212 ], [ 12.550719855721059, 53.97746177462178 ], [ 12.552151308659335, 53.977798420468098 ], [ 12.547575376420182, 53.981561681519992 ], [ 12.548486418988791, 53.983231431637051 ], [ 12.549483542241527, 53.985220943489729 ], [ 12.549966076165365, 53.987108640598571 ], [ 12.550990008116692, 53.989774761006991 ], [ 12.55479171943368, 53.992695078279937 ], [ 12.559971657957876, 53.993717228313272 ], [ 12.558819215726048, 53.995342427023168 ], [ 12.552816896081548, 53.998794033388513 ], [ 12.548305791308257, 53.999660691389543 ], [ 12.54108196095372, 54.002422632064444 ], [ 12.53759667817131, 54.004533402802551 ], [ 12.534734416578541, 54.003749427805943 ], [ 12.530433442064197, 54.004266182331016 ], [ 12.525834870267715, 54.004423455224114 ], [ 12.522921411523189, 54.006377592442853 ], [ 12.521082953461509, 54.007909247106141 ], [ 12.520079514336558, 54.010654287636783 ], [ 12.524084123422321, 54.010308267660704 ], [ 12.52564760209837, 54.011344396763093 ], [ 12.529067056581228, 54.01019423818849 ], [ 12.527209789462621, 54.008006412405777 ], [ 12.533753311753035, 54.005876854076753 ], [ 12.53668575947264, 54.006797630783531 ], [ 12.540108263310916, 54.009158094052758 ], [ 12.548409140294565, 54.006506488287663 ], [ 12.551924934858176, 54.006045360690671 ], [ 12.554759239853876, 54.008001398997621 ], [ 12.560133275082938, 54.008979684508994 ], [ 12.562674757855811, 54.010762426043335 ], [ 12.565162296583358, 54.012091176137233 ], [ 12.564267484261395, 54.013244030160358 ], [ 12.566933329565167, 54.013916925995012 ], [ 12.570063143663903, 54.016025143000476 ], [ 12.577688904713682, 54.016336376859044 ], [ 12.577990133007686, 54.013328472652923 ], [ 12.589042346183962, 54.010492654870475 ], [ 12.58385550948435, 54.007709970423122 ], [ 12.587817328383673, 54.007483289244178 ], [ 12.592997559736503, 54.008361911395227 ], [ 12.601162350752917, 54.008463784475076 ], [ 12.602761390585336, 54.007072283811858 ], [ 12.610606896672662, 54.004056811168724 ], [ 12.614346276316544, 54.005042141260979 ], [ 12.617625847104431, 54.005219311331906 ], [ 12.618549279992328, 54.008900383666806 ], [ 12.621903237496545, 54.009706506900983 ], [ 12.621295805464682, 54.011504229313651 ], [ 12.625223963085569, 54.027085776019035 ], [ 12.627675292238635, 54.029777078338263 ], [ 12.628901888321725, 54.032247057710279 ], [ 12.631503946481605, 54.032523063920728 ], [ 12.634249867731645, 54.033428093125636 ], [ 12.646370137470178, 54.033809509057654 ], [ 12.645781934865179, 54.038777715114172 ], [ 12.650940129023731, 54.039597027725826 ], [ 12.656964908393036, 54.039157255039576 ], [ 12.65912922966141, 54.046406727253192 ], [ 12.667755972881732, 54.044233567652782 ], [ 12.6740724485588, 54.044176451658934 ], [ 12.6796270996982, 54.040301253283431 ], [ 12.688028486741148, 54.037628606986985 ], [ 12.693909253344495, 54.036717039923957 ], [ 12.696433725846989, 54.036266432592569 ], [ 12.697482821330455, 54.035263057014589 ], [ 12.698277527448001, 54.034579021001932 ], [ 12.696990614998199, 54.034186274729102 ], [ 12.693006891968716, 54.033684519333725 ], [ 12.689341404005784, 54.030776803159682 ], [ 12.690433931531159, 54.030328798753366 ], [ 12.691865755500524, 54.031517373168491 ], [ 12.693810790087738, 54.033149985003213 ], [ 12.696589147482193, 54.033244875572095 ], [ 12.696750686701247, 54.031708143149622 ], [ 12.693125742989437, 54.030772070199689 ], [ 12.691775235143002, 54.029882161008764 ], [ 12.692784350886477, 54.029384308235478 ], [ 12.715925939223133, 54.018820710289098 ], [ 12.723710487845523, 54.020999334298985 ], [ 12.724493374864295, 54.023751248892232 ], [ 12.729553065967247, 54.023996481798818 ], [ 12.733002476246675, 54.024877898546805 ], [ 12.736018339848314, 54.026011576602635 ], [ 12.737422956750207, 54.026896490263006 ], [ 12.73882868887285, 54.027972269511352 ], [ 12.741535154507069, 54.031260806175837 ], [ 12.745682769301361, 54.033580089049515 ], [ 12.747685423589589, 54.032572973022539 ], [ 12.749124058459294, 54.031376768222501 ], [ 12.755977343080785, 54.030447666831741 ], [ 12.75650705824728, 54.029174730645302 ], [ 12.759011503337179, 54.02961079667223 ], [ 12.760932037738188, 54.026308031301291 ], [ 12.763378164519429, 54.02614370803159 ], [ 12.763724790655329, 54.024894678404863 ], [ 12.765980792670076, 54.023850072018391 ], [ 12.767388403027946, 54.022515118914541 ], [ 12.770986869391836, 54.021384580243101 ], [ 12.772463235905969, 54.019840127471326 ], [ 12.77598856654504, 54.020843195559763 ], [ 12.779096894781741, 54.017952574625028 ], [ 12.790161925061737, 54.012434179835552 ], [ 12.790013614046799, 54.011518170284646 ], [ 12.788098335266186, 54.01081478020037 ], [ 12.789226552280107, 54.010104672283695 ], [ 12.792190504435625, 54.009892504571432 ], [ 12.794300707837232, 54.007929609502206 ], [ 12.799192022136374, 54.007188845597106 ], [ 12.801676937523847, 54.006953984712773 ], [ 12.804952128076598, 54.005155959073626 ], [ 12.808553618272322, 54.004773202947632 ], [ 12.804077582048244, 54.001244684570104 ], [ 12.802364179764107, 53.998458313789676 ], [ 12.808357196120451, 53.996737307685436 ], [ 12.809986821496532, 53.997526419183302 ], [ 12.812257333960497, 53.996464167964859 ], [ 12.807776214932098, 53.994240546145313 ], [ 12.810440354463699, 53.991155274979292 ], [ 12.815823081440897, 53.98829871411224 ], [ 12.812165337657753, 53.98464554847623 ], [ 12.809950087430632, 53.982117731006468 ], [ 12.806758115438768, 53.980875890633214 ], [ 12.800677794907799, 53.973590410110795 ], [ 12.798954486933981, 53.974491956107109 ], [ 12.796471518097862, 53.970720376477438 ], [ 12.796077197139631, 53.965770123792758 ], [ 12.79217236417356, 53.962804541768719 ], [ 12.788183330514059, 53.959066231085359 ], [ 12.791081585030025, 53.958352338644758 ], [ 12.789017041607176, 53.955357908737376 ], [ 12.789147263244876, 53.953652515973786 ], [ 12.787240149162763, 53.953198475702109 ], [ 12.788644803022956, 53.952112707674729 ], [ 12.791615435949746, 53.952770916737848 ], [ 12.795492376233181, 53.952097335846979 ], [ 12.79696041499953, 53.950180553917875 ], [ 12.799368494227052, 53.948404629068776 ], [ 12.802086588233275, 53.946504729220578 ], [ 12.805738505414508, 53.943665704476629 ], [ 12.809228797811203, 53.937826180767516 ], [ 12.813692880629304, 53.930404983807541 ], [ 12.811577584993323, 53.930576357424194 ], [ 12.80966665261821, 53.930290214057329 ], [ 12.81198967635474, 53.924309093349713 ], [ 12.809559477287154, 53.924627042671752 ], [ 12.80448262816703, 53.929232974243462 ], [ 12.795652469098583, 53.927592921438759 ], [ 12.80031539928526, 53.923985035544 ], [ 12.802893178734211, 53.920864039695132 ], [ 12.80149025535793, 53.920401452031342 ], [ 12.797751506189897, 53.920742609747094 ], [ 12.790066278693155, 53.921218919305623 ], [ 12.784297939180069, 53.922898158060605 ], [ 12.77349175554949, 53.908889512567256 ], [ 12.770080295912795, 53.904608138550081 ], [ 12.766468971942242, 53.901785031380356 ], [ 12.764693135729804, 53.899899389242229 ], [ 12.76595837686431, 53.897935756436326 ], [ 12.770423254519871, 53.897171882560706 ], [ 12.770668363443717, 53.896156130477337 ], [ 12.780387323429974, 53.895095535361406 ], [ 12.78228255620242, 53.894053671569282 ], [ 12.783826922984803, 53.893214652435177 ], [ 12.78380097743622, 53.891711893627935 ], [ 12.780976127361724, 53.889379444397392 ], [ 12.777636177895857, 53.886443518587434 ], [ 12.781655446597012, 53.883352779199818 ], [ 12.783066919831544, 53.88405743035468 ], [ 12.786864682628037, 53.882716983152548 ], [ 12.785160943064984, 53.880806772045545 ], [ 12.787685823501814, 53.879051205132335 ], [ 12.791340863584422, 53.877501996945249 ], [ 12.796698014115497, 53.877575493126805 ], [ 12.801343909242332, 53.87702347165574 ], [ 12.803243994478345, 53.87689325369643 ], [ 12.802313303510404, 53.874689381124902 ], [ 12.801382615136962, 53.872485467672213 ], [ 12.800321701594811, 53.871863391506217 ], [ 12.79729605256199, 53.872494845033572 ], [ 12.794906227227806, 53.873248302094211 ], [ 12.794334008691774, 53.871751042210924 ], [ 12.788526754938873, 53.871937108318711 ], [ 12.785395832323653, 53.873395212686376 ], [ 12.784196556865073, 53.874316576716438 ], [ 12.778204725095806, 53.872327883501818 ], [ 12.771921808221151, 53.869860980366937 ], [ 12.769506719041859, 53.871602452847206 ], [ 12.768616898417775, 53.872206303616451 ], [ 12.766030697220533, 53.867309741871829 ], [ 12.765255363843103, 53.865347903744265 ], [ 12.76371512540932, 53.863843624813896 ], [ 12.760391070443523, 53.862717934611453 ], [ 12.756683209121382, 53.861592993940718 ], [ 12.753013589484445, 53.860309627735617 ], [ 12.753402114684931, 53.857196281273957 ], [ 12.752944891129319, 53.854812716030402 ], [ 12.754985950715497, 53.852228607282996 ], [ 12.753643691750909, 53.851314632978436 ], [ 12.75515998653316, 53.846838562765484 ], [ 12.756474614795666, 53.844686446560893 ], [ 12.755576871009142, 53.843201805677516 ], [ 12.752727765093756, 53.838880381755601 ], [ 12.751480292818817, 53.836901992939978 ], [ 12.750981317241939, 53.833600171561393 ], [ 12.749702517943678, 53.830820198950882 ], [ 12.748132847270046, 53.827640790054879 ], [ 12.749658430659141, 53.824685000969843 ], [ 12.749613943615431, 53.823718980651286 ], [ 12.744473446583166, 53.822021338730927 ], [ 12.734876441383113, 53.817335759647044 ], [ 12.731428287434818, 53.816840809616529 ], [ 12.72685634518092, 53.817140659061323 ], [ 12.717706148259843, 53.816697949474623 ], [ 12.713266207718439, 53.814790600145813 ], [ 12.709967697333347, 53.813930152702916 ], [ 12.703582644751332, 53.814267938477734 ], [ 12.703609613594276, 53.810676999858387 ], [ 12.703699763491828, 53.808156451106044 ], [ 12.704221815552637, 53.806062987891636 ], [ 12.70298491177963, 53.802708744864503 ], [ 12.700612468686639, 53.799962770283777 ], [ 12.701798264136775, 53.798948896408127 ], [ 12.702495200279682, 53.797696673155819 ], [ 12.7030789228281, 53.793947514726192 ], [ 12.703290957817137, 53.792137776567927 ], [ 12.703406047487109, 53.789799051121904 ], [ 12.703139148678799, 53.787234095444276 ], [ 12.702242506140465, 53.786029049761687 ], [ 12.700326544681973, 53.784751374429867 ], [ 12.698031563640903, 53.783849504258761 ], [ 12.69662680809282, 53.782645251584945 ], [ 12.696232020876083, 53.780097474762989 ], [ 12.69520290461422, 53.77774340932465 ], [ 12.699089655913953, 53.774846547080664 ], [ 12.696480034120537, 53.772477193472717 ], [ 12.694849640649929, 53.770231829647827 ], [ 12.689955797076649, 53.771564218410553 ], [ 12.686769429941229, 53.770369094974498 ], [ 12.683600820862216, 53.768791906355723 ], [ 12.658459388806756, 53.771457320744979 ], [ 12.647114452403072, 53.772349041329399 ], [ 12.643525530649057, 53.770958046543313 ], [ 12.645236994798163, 53.768940106705465 ], [ 12.647622610579932, 53.766131304670495 ], [ 12.647896611564779, 53.764061722539424 ], [ 12.648080096456527, 53.759121252193232 ], [ 12.6470706651006, 53.756023168263461 ], [ 12.646384778975833, 53.754030805031533 ], [ 12.641299976113308, 53.753348291135126 ], [ 12.628617125595818, 53.753585952912509 ], [ 12.629382747439061, 53.751840835219916 ], [ 12.629105929166421, 53.74477840695851 ], [ 12.627717227713594, 53.742724258852299 ], [ 12.62972015391623, 53.741812266874668 ], [ 12.627516168355083, 53.735727673220488 ], [ 12.627153676296551, 53.73316408540456 ], [ 12.629458441759537, 53.732252108254769 ], [ 12.628904772206724, 53.730849267058417 ], [ 12.627748575069907, 53.72591894703951 ], [ 12.634171309297988, 53.724728452882061 ], [ 12.636730716644436, 53.724423618984893 ], [ 12.638769989969303, 53.720473863579613 ], [ 12.6365913718295, 53.718640165690381 ], [ 12.638879393005338, 53.716479616314665 ], [ 12.639400768991099, 53.71564864168402 ], [ 12.636039119453262, 53.713872196413334 ], [ 12.633531451394282, 53.709586306392367 ], [ 12.62987710896442, 53.70530372816917 ], [ 12.627552598434226, 53.702545107323708 ], [ 12.625047166162537, 53.698535357300607 ], [ 12.6247891825703, 53.696879986707657 ], [ 12.625205178969047, 53.693869398896233 ], [ 12.624268072622403, 53.691587906207985 ], [ 12.623669845211969, 53.690978771806833 ], [ 12.625639289869099, 53.686975764111459 ], [ 12.628557845593418, 53.682445411679709 ], [ 12.630171479431086, 53.680305248975962 ], [ 12.632839117724792, 53.67717719045627 ], [ 12.635942352209419, 53.674526857749697 ], [ 12.637899323870119, 53.673048210856535 ], [ 12.639127525723259, 53.672083673804856 ], [ 12.641596750185441, 53.669640119292765 ], [ 12.647964818597963, 53.66828843243789 ], [ 12.650158970261852, 53.667572137112245 ], [ 12.657850382176781, 53.662439484523453 ] ] ] } },
{ "type": "Feature", "properties": { "wkr": 16, "wkr_name": "Landkreis Rostock IV" }, "geometry": { "type": "Polygon", "coordinates": [ [ [ 12.174059497002711, 53.883779094732326 ], [ 12.188715719038601, 53.885315807057083 ], [ 12.191401066284833, 53.886102659750961 ], [ 12.211540450245819, 53.888414378837247 ], [ 12.213177090386615, 53.888849368581774 ], [ 12.217895174106824, 53.886692311503396 ], [ 12.221160516356283, 53.884158010216026 ], [ 12.219694703608722, 53.88240153046695 ], [ 12.219629258179697, 53.879583781080662 ], [ 12.218375335335615, 53.876631967649523 ], [ 12.225481059801451, 53.871160230882104 ], [ 12.229953692467287, 53.867965872785014 ], [ 12.235222098873948, 53.866880553536895 ], [ 12.237224068906894, 53.871520319892433 ], [ 12.249533918147671, 53.875081753105654 ], [ 12.26477551478782, 53.881949246045501 ], [ 12.280411563955056, 53.878697975912765 ], [ 12.291388613573705, 53.877331869129996 ], [ 12.299078179367346, 53.875612614424391 ], [ 12.294797515795162, 53.873385461021641 ], [ 12.30182669619353, 53.871221818664658 ], [ 12.301189193900994, 53.869729104837852 ], [ 12.308298292720169, 53.866714431844613 ], [ 12.318758414067238, 53.867328118846864 ], [ 12.334325863788653, 53.865561364184025 ], [ 12.332449624886541, 53.864292735626208 ], [ 12.329415584740142, 53.85993331760006 ], [ 12.327714940445256, 53.857294736899988 ], [ 12.324696608729964, 53.852598674342183 ], [ 12.327617228220724, 53.849483639594141 ], [ 12.330454144190966, 53.849775536886767 ], [ 12.333147606897821, 53.849653930170135 ], [ 12.33723860588711, 53.850629334169305 ], [ 12.339606169886125, 53.851433717167154 ], [ 12.344786978416389, 53.851614286339171 ], [ 12.350666235700578, 53.853451553155267 ], [ 12.353559140883998, 53.855082243597522 ], [ 12.356409348612972, 53.855621859462765 ], [ 12.36243249285033, 53.854389366208203 ], [ 12.367672675174026, 53.852408474433851 ], [ 12.372781414747191, 53.845384197317671 ], [ 12.372239795035984, 53.843973044811754 ], [ 12.373484096242846, 53.842567555452021 ], [ 12.375080901641882, 53.841412726557117 ], [ 12.372588956761366, 53.838391232624929 ], [ 12.374033338229175, 53.83457846365738 ], [ 12.373954388912225, 53.833447085229068 ], [ 12.371882958337439, 53.830802931467623 ], [ 12.370340378581782, 53.831756027862248 ], [ 12.36886958782611, 53.830785529616463 ], [ 12.363482305338005, 53.825569496481691 ], [ 12.360743993383771, 53.821877531371193 ], [ 12.359657267303405, 53.818221457412157 ], [ 12.36063961701096, 53.818045424403891 ], [ 12.361938856480988, 53.817779873109053 ], [ 12.361743933577461, 53.815549093265261 ], [ 12.361109187290106, 53.814793555319405 ], [ 12.359158998229375, 53.814007611095114 ], [ 12.361701257383659, 53.81182248446698 ], [ 12.359639678866197, 53.810271254720782 ], [ 12.358196885298362, 53.804119179365621 ], [ 12.356450056531791, 53.800983073930247 ], [ 12.351007071508388, 53.795960688163177 ], [ 12.346691479797665, 53.798503932907046 ], [ 12.340437963877564, 53.802178370134186 ], [ 12.338185749292686, 53.803515923600983 ], [ 12.336711827036796, 53.804737837313731 ], [ 12.332880044981705, 53.80615016101136 ], [ 12.329423227595168, 53.80506564528833 ], [ 12.327783486352788, 53.804093297144377 ], [ 12.322655710273866, 53.804338011536913 ], [ 12.320695189998522, 53.802638403532356 ], [ 12.311416121769648, 53.80127896417347 ], [ 12.300581757168365, 53.799376177545518 ], [ 12.292452648925885, 53.793358902497914 ], [ 12.288855465635789, 53.794398641424223 ], [ 12.286751841464042, 53.791214648072177 ], [ 12.292231797844757, 53.785502924957797 ], [ 12.294521867580135, 53.782025538614526 ], [ 12.293970147670287, 53.775529910434557 ], [ 12.292178977044044, 53.774986636389684 ], [ 12.293360136157299, 53.764209577134572 ], [ 12.292148840566263, 53.760907335276585 ], [ 12.291393631934534, 53.758836291054088 ], [ 12.292391748850672, 53.756624650697795 ], [ 12.291935981230832, 53.755084368781375 ], [ 12.288609494076704, 53.755540717848085 ], [ 12.286063211813888, 53.754929912538877 ], [ 12.283494392626702, 53.754231256047284 ], [ 12.286235056851675, 53.752139907470777 ], [ 12.286418435403149, 53.750552361056556 ], [ 12.28625743176435, 53.749378550226595 ], [ 12.285537562326372, 53.748285636061972 ], [ 12.277444008933493, 53.747634116405443 ], [ 12.272714273326063, 53.747023936576696 ], [ 12.269900650180974, 53.74665966989226 ], [ 12.265232532997059, 53.746587076964623 ], [ 12.260890449870397, 53.745885909915934 ], [ 12.255778146348188, 53.744377816265185 ], [ 12.257587724366457, 53.743246384880642 ], [ 12.258701246059083, 53.739479753937808 ], [ 12.261344121642038, 53.736496464059734 ], [ 12.26039682061945, 53.735258886661342 ], [ 12.25410443574979, 53.732492632785139 ], [ 12.256791108059423, 53.72880942027502 ], [ 12.258368633257499, 53.725191188093206 ], [ 12.257092758263775, 53.724983357256583 ], [ 12.252363256631572, 53.722854365086079 ], [ 12.252493615746397, 53.719626811400104 ], [ 12.250756012990378, 53.718976451236792 ], [ 12.248947665786986, 53.719546322592244 ], [ 12.241119613262333, 53.722174738880014 ], [ 12.239225619226479, 53.720963446808874 ], [ 12.236572521263179, 53.720526623566748 ], [ 12.234869362969121, 53.720018889753362 ], [ 12.232415712633017, 53.722489020358537 ], [ 12.231348359303787, 53.724339697190729 ], [ 12.23004999302823, 53.727257798614133 ], [ 12.225664038543009, 53.7280685147241 ], [ 12.221593305764722, 53.728986116255037 ], [ 12.218436693694889, 53.729351503879542 ], [ 12.215212549134367, 53.729535454980351 ], [ 12.20855764852775, 53.72584640163452 ], [ 12.202895013828147, 53.724799343070636 ], [ 12.194935722460276, 53.726956064601339 ], [ 12.178696130870483, 53.725813387178519 ], [ 12.179639700863598, 53.72434839559574 ], [ 12.180516585419092, 53.721839848345056 ], [ 12.177161121557468, 53.721247242213607 ], [ 12.175008825774315, 53.720400166546213 ], [ 12.171235103168165, 53.723683512378351 ], [ 12.170020214416335, 53.723034604887616 ], [ 12.16900305968052, 53.721662958833875 ], [ 12.167936823021803, 53.718732600558987 ], [ 12.170663869901679, 53.717599632448319 ], [ 12.168171973678668, 53.716446949619232 ], [ 12.165502589180401, 53.713855010612257 ], [ 12.166894685788947, 53.713090203593097 ], [ 12.167243406379551, 53.710291367991921 ], [ 12.166187564324504, 53.709519262870685 ], [ 12.166073276441979, 53.705395647354372 ], [ 12.168922925031092, 53.704056888453323 ], [ 12.167485843917051, 53.703132273116999 ], [ 12.168305845230462, 53.70151334342394 ], [ 12.168590607260764, 53.696137680060239 ], [ 12.177261065480877, 53.694930306664411 ], [ 12.181905038639353, 53.694017851501002 ], [ 12.181481942678339, 53.692086798095232 ], [ 12.181965027138579, 53.690787906464443 ], [ 12.187681894024276, 53.691684706771071 ], [ 12.193694443514429, 53.689807658421884 ], [ 12.193197938731137, 53.680889073672532 ], [ 12.189124139291474, 53.674519556169791 ], [ 12.18629277970148, 53.67206637962655 ], [ 12.190393698600328, 53.670852322685086 ], [ 12.198614914632953, 53.671746210004784 ], [ 12.196614769346333, 53.674554859848577 ], [ 12.198306776161045, 53.679979107871588 ], [ 12.199526842443833, 53.682565906116132 ], [ 12.225981308513427, 53.685396268734486 ], [ 12.231568459956904, 53.684778220122077 ], [ 12.23925568687897, 53.689851154637317 ], [ 12.242023208302969, 53.691624337470174 ], [ 12.244378865954143, 53.690555380593359 ], [ 12.246024122312727, 53.690731313081123 ], [ 12.247533885946586, 53.689317441098211 ], [ 12.248800469669739, 53.686863775632801 ], [ 12.250495397908219, 53.685077359276946 ], [ 12.249908722144051, 53.680803541752923 ], [ 12.248774374170639, 53.671509754254394 ], [ 12.250085793808523, 53.67078770930749 ], [ 12.250117223899043, 53.667887875392211 ], [ 12.251712555793143, 53.66642322527165 ], [ 12.251914592451843, 53.664512042012753 ], [ 12.249241468236225, 53.663231476284523 ], [ 12.243860062450334, 53.657442898957726 ], [ 12.239648914157348, 53.657955529030971 ], [ 12.231235219564088, 53.661272356272804 ], [ 12.223678181480878, 53.665174916123568 ], [ 12.214951171840287, 53.665007152011583 ], [ 12.210935066496303, 53.664426387676208 ], [ 12.208331043908762, 53.664195187975366 ], [ 12.206865580189907, 53.663842878355155 ], [ 12.207483726583158, 53.660486794586781 ], [ 12.206591126142738, 53.657328983477285 ], [ 12.205667132128122, 53.653374814483726 ], [ 12.204299950992509, 53.651423336225541 ], [ 12.201373985022533, 53.64798457616687 ], [ 12.199289210126775, 53.644985519185298 ], [ 12.198669457848847, 53.642394709261936 ], [ 12.186946870842895, 53.642071981928645 ], [ 12.184017357432245, 53.641670639401589 ], [ 12.181588248912576, 53.640915178349147 ], [ 12.168900760070203, 53.63982053317514 ], [ 12.159166068293418, 53.635797843521487 ], [ 12.142482593480702, 53.635539803412733 ], [ 12.1384008369439, 53.63647067001186 ], [ 12.128704717137317, 53.644293679117389 ], [ 12.123769491555757, 53.646173512000139 ], [ 12.120168909947886, 53.647583580344339 ], [ 12.113801316191882, 53.644523512074436 ], [ 12.107509546169627, 53.642415836799245 ], [ 12.106103383287582, 53.644688557443644 ], [ 12.10279468652857, 53.645688583087718 ], [ 12.095668798769422, 53.644652349019495 ], [ 12.095048660754598, 53.642816269076668 ], [ 12.090570575768284, 53.643434203669138 ], [ 12.088741174161724, 53.645512511749203 ], [ 12.084114682160051, 53.646772512855669 ], [ 12.080296327232155, 53.648837109989479 ], [ 12.078226934580435, 53.653321393485257 ], [ 12.075012114305258, 53.655396016750878 ], [ 12.071404600239493, 53.653837757592079 ], [ 12.070910177738462, 53.657730705096718 ], [ 12.069006410447782, 53.659170126785575 ], [ 12.069376363433019, 53.661429642236214 ], [ 12.050522213860562, 53.66604304951322 ], [ 12.052605687956952, 53.670074325880933 ], [ 12.050484296515112, 53.672287543184552 ], [ 12.051602659764347, 53.675048690375263 ], [ 12.048950028976316, 53.677244927212989 ], [ 12.044114917106993, 53.674526235373968 ], [ 12.043354246069113, 53.67710126727291 ], [ 12.03890408598717, 53.678090110624595 ], [ 12.035799829272895, 53.684804090493522 ], [ 12.030149590435936, 53.688491645056317 ], [ 12.026744855393778, 53.692205497757406 ], [ 12.033235725706456, 53.69977857856648 ], [ 12.032710577977495, 53.702225186864077 ], [ 12.027547212537076, 53.706416972602547 ], [ 12.029249408132069, 53.7092159213367 ], [ 12.03751907986285, 53.707928781603208 ], [ 12.039055995351154, 53.710577931073011 ], [ 12.036814318941007, 53.710803149357055 ], [ 12.035511681005289, 53.713213839385368 ], [ 12.033888484055199, 53.714674811725608 ], [ 12.03123224209453, 53.715834208467413 ], [ 12.029413117907506, 53.715977218806763 ], [ 12.026005386793505, 53.716288949631092 ], [ 12.023918468626642, 53.717143734331493 ], [ 12.020389051858599, 53.718000897797161 ], [ 12.019657252186361, 53.716968977163489 ], [ 12.02139153755283, 53.714841136235037 ], [ 12.02177628217993, 53.712369869546805 ], [ 12.017157875868236, 53.712009231906215 ], [ 12.014829428970289, 53.713075839524393 ], [ 12.013736651086846, 53.714541913223037 ], [ 12.01215852107531, 53.715565912385294 ], [ 12.009930017359896, 53.715555290941097 ], [ 12.007712167779042, 53.71446923988951 ], [ 12.005909306569261, 53.718813484488606 ], [ 12.006535736834941, 53.722800620058003 ], [ 12.001242434611816, 53.722729069395633 ], [ 12.000438477568055, 53.727406723987059 ], [ 11.995523580110035, 53.72820947141863 ], [ 11.987556682597084, 53.725941832001773 ], [ 11.976047306449695, 53.724452685417283 ], [ 11.97548612176157, 53.726728707339078 ], [ 11.975148707187437, 53.729314850194598 ], [ 11.987174735861293, 53.73038515294558 ], [ 11.997036392505256, 53.735111560086402 ], [ 11.996050478133565, 53.735890664901682 ], [ 11.991329082493152, 53.739196673868868 ], [ 11.987908202897877, 53.740068764588294 ], [ 11.982749357414576, 53.742954475010812 ], [ 11.9806594985324, 53.743421187342584 ], [ 11.976986900098851, 53.742928388874418 ], [ 11.973127827949401, 53.741621621246942 ], [ 11.968550595945054, 53.74107729430655 ], [ 11.965252726267023, 53.740635368886167 ], [ 11.959168404173464, 53.738057769751173 ], [ 11.936066288181634, 53.742733540097092 ], [ 11.932519533013672, 53.741411300061849 ], [ 11.929156018707925, 53.739191417078473 ], [ 11.926355882414118, 53.738685692175594 ], [ 11.922055264846113, 53.739007837476045 ], [ 11.91616920161632, 53.740251806864642 ], [ 11.904242683810629, 53.73637063810677 ], [ 11.904895264413206, 53.73214478306032 ], [ 11.883419765236795, 53.736558089547515 ], [ 11.881034854967035, 53.738984511465503 ], [ 11.880484010081616, 53.740544880447246 ], [ 11.878171352738997, 53.742888612766443 ], [ 11.873109590198247, 53.745835109957653 ], [ 11.871397792976577, 53.74626834155471 ], [ 11.869578397929763, 53.7438685939834 ], [ 11.854499012710713, 53.747684739007255 ], [ 11.841561723871106, 53.750089448727948 ], [ 11.838586018107469, 53.752037897732194 ], [ 11.842157393096093, 53.755220365227871 ], [ 11.844604939753696, 53.758093338572031 ], [ 11.844493178735334, 53.760093874959097 ], [ 11.843231307261778, 53.761710507370289 ], [ 11.842186947572307, 53.763254361424728 ], [ 11.840173213138437, 53.764491719740391 ], [ 11.830417749329216, 53.764386362564871 ], [ 11.827299554102572, 53.762897245293843 ], [ 11.824724571545385, 53.763666091944032 ], [ 11.821807443302156, 53.765169688011099 ], [ 11.819396391774836, 53.76584068363146 ], [ 11.815187110050113, 53.765472428225316 ], [ 11.81250713298544, 53.767513883813557 ], [ 11.810375998289661, 53.766423172300513 ], [ 11.808302858406796, 53.766754534929042 ], [ 11.805238878175961, 53.767030515732891 ], [ 11.801978599889425, 53.769263768885317 ], [ 11.797646063434078, 53.77085470878685 ], [ 11.794652837447765, 53.772062933110909 ], [ 11.793568572245844, 53.772498741211621 ], [ 11.794446317420157, 53.774365902006046 ], [ 11.794577516586186, 53.776424013273463 ], [ 11.791979512051997, 53.778416061713948 ], [ 11.794087482693, 53.779859769158811 ], [ 11.799522229448444, 53.787128983085729 ], [ 11.801205298423866, 53.788504665939577 ], [ 11.802788012929408, 53.7895495187596 ], [ 11.804599899383067, 53.79014867002595 ], [ 11.808022165284573, 53.788749746794508 ], [ 11.810452342168556, 53.794866471266388 ], [ 11.807966132415897, 53.80187477161153 ], [ 11.804336958066861, 53.806563581405278 ], [ 11.80072390202081, 53.808906182701286 ], [ 11.801598475442466, 53.811887171055474 ], [ 11.798792874127882, 53.813489693345332 ], [ 11.800694601043435, 53.815890793926215 ], [ 11.80165522472401, 53.817857265813387 ], [ 11.793644032111413, 53.82216141284318 ], [ 11.790428985817641, 53.822340047200278 ], [ 11.783870808914385, 53.820598994447799 ], [ 11.781958396977833, 53.819828141505077 ], [ 11.778593959213049, 53.820121786060163 ], [ 11.776842646592634, 53.821707725077736 ], [ 11.771647726435182, 53.822674658954547 ], [ 11.766174714819641, 53.82390474207309 ], [ 11.763205993502822, 53.824130775930243 ], [ 11.757509858447808, 53.824038497818528 ], [ 11.756839469179139, 53.825287377740239 ], [ 11.759284217349022, 53.826455123207126 ], [ 11.765029965900693, 53.827178810837353 ], [ 11.766645280086161, 53.828839635521085 ], [ 11.771009532730993, 53.83041682900609 ], [ 11.760663458630219, 53.833365545468851 ], [ 11.767704764798882, 53.845690840692292 ], [ 11.766191636972595, 53.84661106603847 ], [ 11.763376219950342, 53.848553923365131 ], [ 11.761100308764426, 53.850057721334323 ], [ 11.759363532067635, 53.851564916471453 ], [ 11.762639027209143, 53.853800296803698 ], [ 11.76572692533917, 53.854453281272811 ], [ 11.767726361366197, 53.856489499316872 ], [ 11.775391514533208, 53.85868904597303 ], [ 11.777297827598346, 53.859585888792672 ], [ 11.778127034824076, 53.861235059744345 ], [ 11.778182695720448, 53.862800841336252 ], [ 11.775897755124642, 53.86352551694587 ], [ 11.774075096466586, 53.86664943161211 ], [ 11.772529600267349, 53.868068100451801 ], [ 11.766130214200185, 53.870174905078088 ], [ 11.763173574468933, 53.871642924423796 ], [ 11.761432153855761, 53.873150086213904 ], [ 11.763744859798358, 53.876603247610973 ], [ 11.767434994568083, 53.879779917852524 ], [ 11.771346878046085, 53.881435068047487 ], [ 11.773136542838207, 53.882744314570061 ], [ 11.776912253941051, 53.88332940651847 ], [ 11.781570638078465, 53.883223569548925 ], [ 11.787764109514695, 53.886215172402082 ], [ 11.791641341591905, 53.885365270630004 ], [ 11.792113249954399, 53.886199160491593 ], [ 11.794317428322088, 53.888198108825101 ], [ 11.795879644289096, 53.889752795924878 ], [ 11.79827324501877, 53.891232578705861 ], [ 11.794922378809197, 53.892461877554872 ], [ 11.791183164350729, 53.891996154690716 ], [ 11.788473963663243, 53.89400234289446 ], [ 11.789890401921951, 53.898693130360982 ], [ 11.794209753102857, 53.901149826750391 ], [ 11.795418413819855, 53.903306354414205 ], [ 11.792981603073978, 53.906314417948749 ], [ 11.794431484678878, 53.907796598565355 ], [ 11.796810691507378, 53.908348162412253 ], [ 11.794764034268205, 53.909933015645471 ], [ 11.78904807670785, 53.910249915442805 ], [ 11.791027160690005, 53.914086812503591 ], [ 11.801390699652046, 53.912939264939347 ], [ 11.802103215899978, 53.917707164876006 ], [ 11.804927326195997, 53.91873259977725 ], [ 11.801739035808721, 53.92741481535564 ], [ 11.800647167854892, 53.929711648657488 ], [ 11.799167251687519, 53.929904773542425 ], [ 11.791957277060165, 53.932547362571547 ], [ 11.791549706507384, 53.936234727220693 ], [ 11.79380312499854, 53.937524131516824 ], [ 11.794032267723477, 53.939051551498288 ], [ 11.792147172892138, 53.941004264566516 ], [ 11.795081512164531, 53.942349444664465 ], [ 11.795629056623209, 53.942230183986496 ], [ 11.796549458211755, 53.942278419310853 ], [ 11.79857382806529, 53.942546663181162 ], [ 11.801594422708217, 53.940979560758869 ], [ 11.801437331853082, 53.939430933352263 ], [ 11.803332027303066, 53.938196595262418 ], [ 11.806911193588167, 53.941721267260775 ], [ 11.809966104212483, 53.94376611801426 ], [ 11.811541895495832, 53.942746575109091 ], [ 11.811185515309658, 53.941273868504979 ], [ 11.819266847761426, 53.940582971729789 ], [ 11.823789485902919, 53.940562373660747 ], [ 11.827447956437373, 53.941676340347783 ], [ 11.834215338788228, 53.937610181213671 ], [ 11.835967535607487, 53.936119608344299 ], [ 11.83791049578328, 53.936150453426201 ], [ 11.840535474098154, 53.936094285635541 ], [ 11.845594840583795, 53.933287115937276 ], [ 11.847876168083793, 53.934492327602818 ], [ 11.846321084760401, 53.93572430081872 ], [ 11.848003639401481, 53.938574800183432 ], [ 11.846541605526774, 53.943540911986872 ], [ 11.851524675095634, 53.943865859367037 ], [ 11.852779421274523, 53.945339572738199 ], [ 11.85123867656541, 53.946485244689562 ], [ 11.859443248550114, 53.952446840269552 ], [ 11.865544861924908, 53.948258220005897 ], [ 11.867277715309738, 53.951594885546008 ], [ 11.871335181009981, 53.957504673583571 ], [ 11.875968683270836, 53.968206550161796 ], [ 11.880904499575555, 53.968035611362012 ], [ 11.884094429379701, 53.970261968239399 ], [ 11.891064581587262, 53.970177426252775 ], [ 11.89338618691604, 53.974030901722287 ], [ 11.902820022229063, 53.977626787333371 ], [ 11.901800703626042, 53.980281782822544 ], [ 11.910805964012209, 53.982081415996603 ], [ 11.919080072222375, 53.982936296672129 ], [ 11.921113489515452, 53.984733820670073 ], [ 11.92462695327081, 53.986204132346934 ], [ 11.925383572027263, 53.986977512296292 ], [ 11.929085573300421, 53.985369976525647 ], [ 11.924939762625179, 53.980512902052162 ], [ 11.924665660093467, 53.978115100971536 ], [ 11.925380969528465, 53.976448395232012 ], [ 11.924715930052173, 53.974500740383419 ], [ 11.926671218210156, 53.971981237272026 ], [ 11.931912229404308, 53.970063301644721 ], [ 11.932636179965659, 53.967625509016671 ], [ 11.937276977672733, 53.963583497838222 ], [ 11.937060830258137, 53.960535035974374 ], [ 11.938471403866757, 53.959221858912976 ], [ 11.941009972110415, 53.959360363694145 ], [ 11.945939373347944, 53.958712221383884 ], [ 11.952235497953108, 53.960501813167049 ], [ 11.957081781853976, 53.962260844966799 ], [ 11.96288124963595, 53.9615389174905 ], [ 11.967227367901399, 53.962580946142808 ], [ 11.970191524008071, 53.962789839707263 ], [ 11.972448053171012, 53.964764830787708 ], [ 11.977927718792886, 53.966736657736384 ], [ 11.981922580449282, 53.967041147709175 ], [ 11.985950996187718, 53.968424949438507 ], [ 11.989345734551859, 53.965778742729121 ], [ 11.992200798350568, 53.963706506765469 ], [ 11.998936950093475, 53.962962479813733 ], [ 11.999409644068468, 53.961454373768419 ], [ 12.002292480649887, 53.959950409775828 ], [ 12.00570821903888, 53.958717681251549 ], [ 12.006429683447015, 53.957047898250472 ], [ 12.004215086912195, 53.954071164835192 ], [ 12.002116384261809, 53.952187311319527 ], [ 11.99666489475773, 53.944320656097872 ], [ 11.996264799587221, 53.941686383488758 ], [ 11.988414568203785, 53.940431433167596 ], [ 11.991533801848707, 53.937047846787415 ], [ 11.994330173305592, 53.933080214285454 ], [ 11.996643837053274, 53.929773141415673 ], [ 11.988727508677494, 53.927065046876542 ], [ 11.986055763209848, 53.928592000674215 ], [ 11.984009519621504, 53.928713528272162 ], [ 11.979250284440404, 53.929045526112382 ], [ 11.985208081502403, 53.924049901217693 ], [ 11.985739941581807, 53.921252442368214 ], [ 11.989486550476302, 53.911987101285028 ], [ 11.99270815610231, 53.910150309983898 ], [ 12.000231799831363, 53.908993104532513 ], [ 12.003241066428414, 53.913531942953334 ], [ 12.018562953519744, 53.909419701891593 ], [ 12.016828961867168, 53.904869067306656 ], [ 12.023738408708484, 53.902219060431939 ], [ 12.026738949106194, 53.904984460276985 ], [ 12.036803583662163, 53.901425815924036 ], [ 12.029959634837937, 53.892409799964284 ], [ 12.034224409171436, 53.891026314130848 ], [ 12.031775632558359, 53.887300739801269 ], [ 12.029662529615685, 53.884518555413095 ], [ 12.025094159441098, 53.882978383589681 ], [ 12.026607152687024, 53.878810455025139 ], [ 12.017692505175926, 53.874068948464128 ], [ 12.018810488654195, 53.872973364487024 ], [ 12.020218799197835, 53.872636257760092 ], [ 12.02357425534845, 53.874897588770963 ], [ 12.027956100938836, 53.876887927857616 ], [ 12.037597619975804, 53.880988912995221 ], [ 12.040313943122653, 53.882192947227104 ], [ 12.041000558080304, 53.879660804448278 ], [ 12.045394608299921, 53.879720160041025 ], [ 12.046130841128715, 53.881717636278303 ], [ 12.055704074897355, 53.878510839661914 ], [ 12.061210905445554, 53.875381311780991 ], [ 12.068795206583902, 53.87087219457554 ], [ 12.076210189147254, 53.866835963295138 ], [ 12.082361283840592, 53.863566420010152 ], [ 12.088616926851856, 53.864592609243147 ], [ 12.094063977511961, 53.863286915506535 ], [ 12.099503099569938, 53.860736972081099 ], [ 12.101132528632027, 53.860757615092375 ], [ 12.106477063946107, 53.863274199546147 ], [ 12.110271408383539, 53.864262140656457 ], [ 12.114212990002885, 53.876685685263332 ], [ 12.12211068117324, 53.879649373757026 ], [ 12.123458841916184, 53.879903703464301 ], [ 12.122623941718787, 53.88371395259238 ], [ 12.122047577401061, 53.886372905080833 ], [ 12.119309010492627, 53.890397966910982 ], [ 12.117005423795231, 53.893577056866057 ], [ 12.121019121769672, 53.895994539330765 ], [ 12.11806187422502, 53.897643603756983 ], [ 12.115397962637767, 53.899074425175492 ], [ 12.111745349369818, 53.90076462466633 ], [ 12.110787708151621, 53.902607103728734 ], [ 12.112218659885157, 53.902927435158922 ], [ 12.114948263698407, 53.902333961535717 ], [ 12.125192994316418, 53.897730432273171 ], [ 12.131434667685479, 53.894797492682599 ], [ 12.149998972301493, 53.894232977014283 ], [ 12.163053271089325, 53.89331947199048 ], [ 12.175858526671259, 53.892421737553811 ], [ 12.17593858287119, 53.889457233402965 ], [ 12.174059497002711, 53.883779094732326 ] ] ] } },
{ "type": "Feature", "properties": { "wkr": 17, "wkr_name": "Ludwigslust-Parchim I" }, "geometry": { "type": "Polygon", "coordinates": [ [ [ 11.049570840745771, 53.346018083471385 ], [ 11.05598539216424, 53.347432347565025 ], [ 11.059859222905187, 53.348228677074161 ], [ 11.063126441895548, 53.348462031056386 ], [ 11.067082107646817, 53.348577109567906 ], [ 11.074994927917311, 53.348590054641178 ], [ 11.078833617296507, 53.347967330793416 ], [ 11.08853556673626, 53.346597602996646 ], [ 11.096533022266206, 53.34821386193012 ], [ 11.099252276068928, 53.34573062350011 ], [ 11.101939980778409, 53.343515854724657 ], [ 11.108388292131295, 53.344809709567706 ], [ 11.115516538078738, 53.343552045286394 ], [ 11.120753301540873, 53.345755207582584 ], [ 11.128078092887229, 53.347347215629128 ], [ 11.123503702797739, 53.356878277050257 ], [ 11.127566469008745, 53.359633842771466 ], [ 11.130955556776815, 53.359052952287684 ], [ 11.137449922271587, 53.357623031263429 ], [ 11.14083056970706, 53.354889007828199 ], [ 11.138306019610187, 53.349468843576382 ], [ 11.143961075184848, 53.349721700304691 ], [ 11.143276453254273, 53.35705886405276 ], [ 11.141711008128166, 53.357528448422634 ], [ 11.137226849174287, 53.360110128460178 ], [ 11.138575723208278, 53.360569812016543 ], [ 11.145694207110665, 53.360037594220941 ], [ 11.148713304857075, 53.356114681660465 ], [ 11.161675254936728, 53.353760021902318 ], [ 11.159480691641672, 53.356253934271415 ], [ 11.163394447114383, 53.356520483086619 ], [ 11.165774363224088, 53.353268136216784 ], [ 11.16930268614475, 53.353153273110941 ], [ 11.171120597515955, 53.349210845280751 ], [ 11.171982472351454, 53.347363818859407 ], [ 11.171218142090817, 53.345539828704382 ], [ 11.172489074045538, 53.344261132111512 ], [ 11.172954954240273, 53.342959403591692 ], [ 11.171610115879691, 53.341181346366788 ], [ 11.167281235330424, 53.338220609088317 ], [ 11.161510358492897, 53.336674589649952 ], [ 11.167704860224873, 53.336200796993744 ], [ 11.168347092727906, 53.333665737884921 ], [ 11.16578947793526, 53.331954787131849 ], [ 11.169522904358079, 53.322128420586353 ], [ 11.165079831122059, 53.321835852516791 ], [ 11.165914336043258, 53.318546094879729 ], [ 11.170614811604221, 53.318793281001462 ], [ 11.16865833648103, 53.310093508603359 ], [ 11.15445975659987, 53.311937137929966 ], [ 11.136156919610398, 53.309098974562623 ], [ 11.13934767739074, 53.307341074764423 ], [ 11.152916450021429, 53.305703224053374 ], [ 11.159673408157683, 53.29672428959563 ], [ 11.172888539446781, 53.294994809041377 ], [ 11.212633953676065, 53.290317975524808 ], [ 11.220651858656154, 53.263669063886937 ], [ 11.242224415582136, 53.260839928320515 ], [ 11.243524197268247, 53.262323633777548 ], [ 11.24370358372277, 53.265443597882765 ], [ 11.245944637897622, 53.265157544455022 ], [ 11.248554651874141, 53.26408657528178 ], [ 11.252032992451403, 53.264343350326186 ], [ 11.261211553342781, 53.261710414045893 ], [ 11.263802917835012, 53.259525139798946 ], [ 11.264327635602134, 53.258863556376639 ], [ 11.267769938215029, 53.258670706690623 ], [ 11.268209548704139, 53.261606931703106 ], [ 11.272463632069357, 53.261758485741737 ], [ 11.275860470579298, 53.260351348699622 ], [ 11.278424425105571, 53.261592816165304 ], [ 11.281364506069044, 53.260670743962507 ], [ 11.289380153921449, 53.26417404147535 ], [ 11.289616520360733, 53.264823260227864 ], [ 11.290805739448363, 53.265291254308742 ], [ 11.292080309407327, 53.265074568768675 ], [ 11.306860419791999, 53.269178551947839 ], [ 11.31036912830394, 53.267797371242793 ], [ 11.317008260417555, 53.271407179637563 ], [ 11.318719713489886, 53.271839657545478 ], [ 11.321106540326097, 53.271445123469178 ], [ 11.320635364770192, 53.270567623398094 ], [ 11.320378470052614, 53.2695251548691 ], [ 11.3256253040774, 53.26940920723171 ], [ 11.327006651507455, 53.267735847458752 ], [ 11.328909531707547, 53.26417127790041 ], [ 11.324365245076864, 53.26382432943138 ], [ 11.32567861938487, 53.262256678967887 ], [ 11.328541620383614, 53.261554189011321 ], [ 11.330247285176581, 53.256870954805919 ], [ 11.341596286855582, 53.254102270070035 ], [ 11.341420722435272, 53.250640474153023 ], [ 11.344552674118457, 53.249177360067875 ], [ 11.346977676765119, 53.247736738760842 ], [ 11.349308344016338, 53.246119720758067 ], [ 11.366628890078713, 53.241379227087826 ], [ 11.371988332637624, 53.23868750133304 ], [ 11.381875286725226, 53.236472787529905 ], [ 11.3869465374285, 53.236037741136997 ], [ 11.389913266185157, 53.235695326337236 ], [ 11.391927529250259, 53.235252320964939 ], [ 11.394391774794634, 53.234500383557126 ], [ 11.396367141010327, 53.23386493419514 ], [ 11.394157234484554, 53.231402074267876 ], [ 11.398056861859075, 53.22953595913269 ], [ 11.405938035975655, 53.229882792872608 ], [ 11.407417218810009, 53.229559613490949 ], [ 11.407090532781455, 53.228371838329053 ], [ 11.405637872479229, 53.227044060588746 ], [ 11.409592430201412, 53.225725488430008 ], [ 11.404159706122728, 53.220837942463454 ], [ 11.406540892595089, 53.217616599513235 ], [ 11.408285986494118, 53.21583037667039 ], [ 11.406806996269383, 53.213046088336007 ], [ 11.405104450932301, 53.211284654527866 ], [ 11.3993598315077, 53.210083533037469 ], [ 11.402964319801283, 53.207882873850672 ], [ 11.403519446603772, 53.206358786969176 ], [ 11.402784990248227, 53.204968262648812 ], [ 11.394086173490676, 53.199817490119202 ], [ 11.383351160036577, 53.196542972478206 ], [ 11.378485901501024, 53.194428835256417 ], [ 11.377966423495476, 53.195457966030396 ], [ 11.374410826448649, 53.195055202488582 ], [ 11.373595397597638, 53.193275564903281 ], [ 11.374390783486204, 53.191141794969539 ], [ 11.378953207429623, 53.187845127023408 ], [ 11.380664102037535, 53.186401252594244 ], [ 11.384216715562591, 53.188634885139265 ], [ 11.388132754102429, 53.191090529391666 ], [ 11.39825857520291, 53.190478264252242 ], [ 11.40422960768729, 53.187726142374586 ], [ 11.405742087736142, 53.186338814612967 ], [ 11.40777428202343, 53.183772477087501 ], [ 11.409084670976053, 53.180608669175982 ], [ 11.40950919916804, 53.178469811289638 ], [ 11.409799205880153, 53.17662629477492 ], [ 11.410472361371482, 53.174417987371918 ], [ 11.405365452643485, 53.167134473340646 ], [ 11.403456372785152, 53.165050583030386 ], [ 11.404800612211806, 53.160559818716195 ], [ 11.389713399912306, 53.159458531410671 ], [ 11.394518649085205, 53.144659754898733 ], [ 11.395639925047478, 53.140219445995776 ], [ 11.393896307093913, 53.136332626140671 ], [ 11.392769481718036, 53.133737954175189 ], [ 11.392241958901279, 53.12877753722249 ], [ 11.394243086284698, 53.125171092906548 ], [ 11.398510489366993, 53.118475021947532 ], [ 11.399533098499983, 53.117179545320823 ], [ 11.400480307037247, 53.115472428546667 ], [ 11.396632714108792, 53.113384031607985 ], [ 11.393483456228084, 53.11130189444895 ], [ 11.389916235250556, 53.111535900880597 ], [ 11.386917812056126, 53.112163711374436 ], [ 11.385314231447357, 53.111097430670526 ], [ 11.380712505019861, 53.110499574253112 ], [ 11.378202301407399, 53.110713922045505 ], [ 11.374366930940733, 53.111075253157921 ], [ 11.370154111537728, 53.11189106189785 ], [ 11.368091362581417, 53.114110717160983 ], [ 11.365571019725644, 53.114562768201665 ], [ 11.360687164350468, 53.114754245897252 ], [ 11.359507696800351, 53.115991795184719 ], [ 11.336760852811464, 53.113736441209262 ], [ 11.333919762046628, 53.114573459954435 ], [ 11.330733690259169, 53.115337231147734 ], [ 11.330286449668064, 53.117237124279384 ], [ 11.326437419069162, 53.118070642560582 ], [ 11.324364628999474, 53.119183921808421 ], [ 11.320471318813023, 53.118893985162771 ], [ 11.317812137979942, 53.119496960600316 ], [ 11.31235755891084, 53.117726532763974 ], [ 11.308081849916078, 53.116300245688954 ], [ 11.302949936952286, 53.116801157415104 ], [ 11.2986048155233, 53.116665301259729 ], [ 11.294654933720613, 53.116948801244533 ], [ 11.291059783543496, 53.11682465871003 ], [ 11.2892720004133, 53.118540307551079 ], [ 11.286126794697507, 53.119269608251201 ], [ 11.283090750875273, 53.121284602779852 ], [ 11.278850695004605, 53.121115411169484 ], [ 11.274963508963793, 53.120614890600393 ], [ 11.268734426377781, 53.121592817897586 ], [ 11.266689166501886, 53.122117536964247 ], [ 11.263948755520087, 53.123937547165752 ], [ 11.261293524932082, 53.126162556054908 ], [ 11.259035454476033, 53.127814414071771 ], [ 11.25561243653442, 53.129972878407514 ], [ 11.25100697560352, 53.133100285327536 ], [ 11.247875695510823, 53.135090911642578 ], [ 11.244849609486318, 53.136790663254871 ], [ 11.24085174045222, 53.13888637373406 ], [ 11.238127952120808, 53.140070338561578 ], [ 11.233955894802236, 53.141470072236167 ], [ 11.23008840393652, 53.142410275931852 ], [ 11.22564009982433, 53.143404719794795 ], [ 11.221103245762478, 53.144106084722154 ], [ 11.217060071398668, 53.144410646164765 ], [ 11.214179348921069, 53.144435728955443 ], [ 11.211214301106621, 53.143884589750051 ], [ 11.206941791132436, 53.142277390761357 ], [ 11.202330948759551, 53.138993065504067 ], [ 11.197609926938616, 53.136284539461791 ], [ 11.191321735653807, 53.134656879464508 ], [ 11.185224348077359, 53.13608996541911 ], [ 11.18203491832392, 53.139868178138265 ], [ 11.180254556687069, 53.144816361114955 ], [ 11.179173378815827, 53.148729983249567 ], [ 11.177056246483428, 53.151999039023863 ], [ 11.173688444519657, 53.155313493354932 ], [ 11.180294463480664, 53.158815160426727 ], [ 11.181985572832618, 53.16032521068567 ], [ 11.185111210256306, 53.163564748677011 ], [ 11.189026170482531, 53.165323871428313 ], [ 11.19071110697476, 53.167056062859032 ], [ 11.191799175452058, 53.172062879320805 ], [ 11.195760701050707, 53.176503839896974 ], [ 11.194803343169299, 53.179325780780232 ], [ 11.193743810689208, 53.180861148076538 ], [ 11.192107924748596, 53.182278331252178 ], [ 11.189837985424344, 53.183519987816105 ], [ 11.181438846956627, 53.186259143823492 ], [ 11.178069173799539, 53.186893104145419 ], [ 11.156518379515244, 53.189485601120708 ], [ 11.139692531291445, 53.191818444435199 ], [ 11.137481145868898, 53.192332104104864 ], [ 11.139128362551743, 53.193907670172024 ], [ 11.145716024681155, 53.197636645892693 ], [ 11.139841406155552, 53.198910294319418 ], [ 11.136963353801695, 53.199548994826856 ], [ 11.138758012773877, 53.201806404053158 ], [ 11.132025552485281, 53.202622790427817 ], [ 11.126325790949865, 53.20400782080015 ], [ 11.119210772987548, 53.203444829546186 ], [ 11.110428389744483, 53.206324727546416 ], [ 11.102226792099728, 53.210401380399674 ], [ 11.092449443831848, 53.21319424287914 ], [ 11.084980021821924, 53.218125374907238 ], [ 11.082797371173683, 53.219296465924799 ], [ 11.081307972356687, 53.220093980204609 ], [ 11.079641659499556, 53.22124134420028 ], [ 11.078941216039448, 53.223617820360666 ], [ 11.074285534488997, 53.225426134202777 ], [ 11.072148424484061, 53.230020125477587 ], [ 11.064316500725278, 53.233878435014397 ], [ 11.060664956363462, 53.239053530585664 ], [ 11.05745376935435, 53.24579697469806 ], [ 11.054476936506365, 53.249338300192512 ], [ 11.050244351882538, 53.25323701720356 ], [ 11.04787421238558, 53.257084382538565 ], [ 11.0462060257045, 53.258779671576299 ], [ 11.043166222203849, 53.260381801989773 ], [ 11.040238205180998, 53.262432232776511 ], [ 11.037571304576883, 53.267692820863402 ], [ 11.034557101221592, 53.272127086993429 ], [ 11.031223618391712, 53.275144980660613 ], [ 11.027638101973077, 53.278077918268579 ], [ 11.021956181359824, 53.280614680164057 ], [ 11.014152086269286, 53.280364576644182 ], [ 11.011126036136547, 53.280854388269901 ], [ 11.009194078141613, 53.282842337547351 ], [ 11.00876229240874, 53.28575194943722 ], [ 11.008592432598419, 53.289320613252464 ], [ 11.005985090880751, 53.292717168408558 ], [ 11.003113406723076, 53.293053781441543 ], [ 11.003544892486008, 53.295071379470969 ], [ 11.005974068570245, 53.29666725651574 ], [ 11.008884350373881, 53.298864407285237 ], [ 11.008963632277109, 53.300132022959346 ], [ 11.007266483091609, 53.302347393179666 ], [ 11.002438880321655, 53.305194961939932 ], [ 11.00376539625714, 53.309907585933345 ], [ 10.998955302529026, 53.315735303974243 ], [ 10.998429025654277, 53.320125916156613 ], [ 10.995892128226496, 53.321434594935788 ], [ 10.992005683126123, 53.325708438004803 ], [ 10.988549535564589, 53.324992873397179 ], [ 10.984200252480269, 53.326300448364073 ], [ 10.984222153977218, 53.327895365523347 ], [ 10.98539632320732, 53.329475556648767 ], [ 10.988121386661225, 53.333339284676178 ], [ 10.959291330612148, 53.338560307623496 ], [ 10.955610635637482, 53.333592013587619 ], [ 10.944281135188616, 53.336947293952846 ], [ 10.941128554258762, 53.338098421055861 ], [ 10.936624883132602, 53.338636555053682 ], [ 10.932567869697619, 53.340595351316033 ], [ 10.933730633909994, 53.34284748874552 ], [ 10.931694944290202, 53.344013045725859 ], [ 10.929372122591404, 53.346142693065687 ], [ 10.928045258526451, 53.348065650938331 ], [ 10.926904900357217, 53.348050580526859 ], [ 10.926233088277757, 53.347949621437273 ], [ 10.923333213709617, 53.347775957268233 ], [ 10.918778560614953, 53.348180919665324 ], [ 10.918485288725142, 53.34815610682643 ], [ 10.918407358784856, 53.347969377809299 ], [ 10.917553647810879, 53.345760891690219 ], [ 10.915274020986791, 53.343495904440438 ], [ 10.91271006958344, 53.342118812116958 ], [ 10.912680791600838, 53.339585164669735 ], [ 10.910350278189712, 53.338089720411048 ], [ 10.907782628508658, 53.337219878535237 ], [ 10.903690455160637, 53.336985139757786 ], [ 10.900779272545615, 53.334879807412143 ], [ 10.8995849789983, 53.334535963532048 ], [ 10.896875358797244, 53.334739601907103 ], [ 10.896320031828456, 53.336227215863303 ], [ 10.894210229798333, 53.336558084770481 ], [ 10.893759556398035, 53.335175363722755 ], [ 10.89119692219051, 53.334184062890735 ], [ 10.887842839319767, 53.334482439067351 ], [ 10.884719210910459, 53.334736422766291 ], [ 10.881207431889367, 53.335434242320872 ], [ 10.879613111799079, 53.334743342089034 ], [ 10.879743690452843, 53.331315917548771 ], [ 10.885162137387578, 53.328710377164064 ], [ 10.886694267153359, 53.328178708492075 ], [ 10.889650403292897, 53.326157079928798 ], [ 10.888947915952008, 53.325029549725116 ], [ 10.885749341402162, 53.32401821285503 ], [ 10.880258118013368, 53.320961117953303 ], [ 10.878042668152849, 53.323688573726145 ], [ 10.872799140129381, 53.324065846493134 ], [ 10.871964928601203, 53.326362898775521 ], [ 10.869701076194913, 53.327003336068628 ], [ 10.867065159879036, 53.326846457716414 ], [ 10.866964964127607, 53.32681813414802 ], [ 10.866945390767006, 53.326741510583616 ], [ 10.866539898919985, 53.325021968005565 ], [ 10.870082655183865, 53.323505395018344 ], [ 10.870988806867494, 53.322475823964147 ], [ 10.870593779273763, 53.319860850743616 ], [ 10.867652121841695, 53.316271983469683 ], [ 10.85992889280986, 53.316506940368924 ], [ 10.851478091687358, 53.315100856992451 ], [ 10.850904831997404, 53.310922300237351 ], [ 10.849851264083652, 53.308991945602898 ], [ 10.836473689100394, 53.306858552270555 ], [ 10.835964398702769, 53.304919745628879 ], [ 10.833239606444614, 53.306334499146573 ], [ 10.827206664373259, 53.308823418393686 ], [ 10.828976353760792, 53.311309611710918 ], [ 10.826193734980837, 53.312462985867448 ], [ 10.822588220940744, 53.312412004534984 ], [ 10.817835102227807, 53.312939754325797 ], [ 10.813109100121521, 53.312872603941074 ], [ 10.804095675090451, 53.314161293450162 ], [ 10.796091273262736, 53.315241377351967 ], [ 10.788541232060567, 53.318626987612674 ], [ 10.784008489399861, 53.31952048259749 ], [ 10.776380560935317, 53.324051980545747 ], [ 10.771436775397664, 53.325810298074302 ], [ 10.771189220863855, 53.32913024886107 ], [ 10.766942534290754, 53.330424775606559 ], [ 10.763291105170364, 53.32907551905263 ], [ 10.75823073325812, 53.331089937971427 ], [ 10.759235212333994, 53.333862351385001 ], [ 10.763844825002169, 53.336925577477096 ], [ 10.763823513849506, 53.338825162392482 ], [ 10.761251883057502, 53.339407389633024 ], [ 10.758504384059137, 53.340000478978844 ], [ 10.75530273918543, 53.338722605181147 ], [ 10.751379926724148, 53.340232365553902 ], [ 10.747898699035181, 53.340032867165668 ], [ 10.745406290292532, 53.340144294220529 ], [ 10.743432767825121, 53.341338133224049 ], [ 10.740437267477303, 53.342503742869155 ], [ 10.738108064898313, 53.34231839235003 ], [ 10.736365979281741, 53.34657312045362 ], [ 10.73107516162187, 53.354013584733934 ], [ 10.727623350612484, 53.357312958860959 ], [ 10.723597343137008, 53.35959122788433 ], [ 10.712307088032684, 53.364952889241081 ], [ 10.703903667685221, 53.369083421798898 ], [ 10.696912809704388, 53.370522550848143 ], [ 10.692040905808929, 53.370177159302138 ], [ 10.684743551546935, 53.368224702935663 ], [ 10.680196092438722, 53.367435980933443 ], [ 10.673909229648652, 53.36758118633113 ], [ 10.666715628336936, 53.367731123702967 ], [ 10.657805324351216, 53.367866832201322 ], [ 10.650622634491203, 53.368595067509716 ], [ 10.644280285689494, 53.369693476734156 ], [ 10.636332717785901, 53.370625897245965 ], [ 10.622499563297502, 53.369774091541586 ], [ 10.610325488877903, 53.368876502804468 ], [ 10.597238417609192, 53.365069701791562 ], [ 10.595531627133521, 53.364514518041517 ], [ 10.59422476380777, 53.367871077146603 ], [ 10.597521077003041, 53.370203728739462 ], [ 10.599780999204103, 53.377441786630826 ], [ 10.607714010657261, 53.379766873793031 ], [ 10.617414698618669, 53.383583480318521 ], [ 10.615738923602256, 53.38572863464524 ], [ 10.617843789906892, 53.387897665974307 ], [ 10.617849056005435, 53.390233236156924 ], [ 10.618342525643278, 53.391557019943754 ], [ 10.618207524263751, 53.393328949897494 ], [ 10.619181205094142, 53.394923087704363 ], [ 10.618598940801951, 53.396952914131653 ], [ 10.619732238712125, 53.399863288553178 ], [ 10.620361215546486, 53.401862908406336 ], [ 10.62083775196963, 53.403997038317328 ], [ 10.617411671292555, 53.405072343596395 ], [ 10.618431729999262, 53.406896279635177 ], [ 10.617216860066366, 53.410723813714952 ], [ 10.618933305604818, 53.412214918225636 ], [ 10.619697009846242, 53.413949728431916 ], [ 10.61856608504611, 53.417154311946987 ], [ 10.620244685361449, 53.420239503846702 ], [ 10.619286820568629, 53.423184092560199 ], [ 10.618851153444453, 53.425627191498783 ], [ 10.621148607594375, 53.425960029665447 ], [ 10.62109470335135, 53.427174073959975 ], [ 10.621644130132825, 53.428433603973176 ], [ 10.622793892727634, 53.432264922789926 ], [ 10.624255831934747, 53.434064361233368 ], [ 10.623959769891115, 53.435737180629005 ], [ 10.624636749284798, 53.436668603283266 ], [ 10.625286721406615, 53.438125077636791 ], [ 10.6247844211067, 53.439529651736564 ], [ 10.626277207726677, 53.440640138460047 ], [ 10.627375545292253, 53.440722608419982 ], [ 10.629078998028728, 53.440814614978052 ], [ 10.628995015978029, 53.441437581257844 ], [ 10.626293023599295, 53.44274456286157 ], [ 10.626128722972208, 53.443990548642688 ], [ 10.627124139179552, 53.445124605028774 ], [ 10.627748946227904, 53.447238643632659 ], [ 10.629666000078922, 53.448715089258961 ], [ 10.629992738989161, 53.450002507448779 ], [ 10.632571548039081, 53.451491584848995 ], [ 10.632634161617124, 53.452543534792589 ], [ 10.632796474629636, 53.453893480051732 ], [ 10.634862159360926, 53.454485151574616 ], [ 10.63570092431199, 53.455838062348931 ], [ 10.641503909368833, 53.455517361842013 ], [ 10.643094497717739, 53.45641844471352 ], [ 10.647325304107296, 53.457507131053887 ], [ 10.649067682814779, 53.459389518564478 ], [ 10.651604044027508, 53.461358955108395 ], [ 10.659151559567567, 53.461118981185137 ], [ 10.665146857649948, 53.459792393694457 ], [ 10.670555814184068, 53.458355428700102 ], [ 10.680751915627798, 53.45749458058576 ], [ 10.692740549644451, 53.455213457307131 ], [ 10.701954928967668, 53.478117843718131 ], [ 10.721002488359929, 53.475791032015081 ], [ 10.723768047727637, 53.477170212136116 ], [ 10.726056217815673, 53.479427582466379 ], [ 10.726877669086235, 53.480968256185179 ], [ 10.732104397527365, 53.479458785029585 ], [ 10.737899544522193, 53.481503550592556 ], [ 10.744357267739902, 53.482108862884395 ], [ 10.752443856995798, 53.484184148632671 ], [ 10.755558317012474, 53.483573307385022 ], [ 10.757898014032618, 53.484438819719813 ], [ 10.760930492436858, 53.486604520384013 ], [ 10.761706537121743, 53.486996056870908 ], [ 10.762515442495561, 53.48786631309293 ], [ 10.765264800288668, 53.490997119160703 ], [ 10.777775485644788, 53.494892706531182 ], [ 10.777868049586543, 53.497013923751027 ], [ 10.783749843803518, 53.506307634654789 ], [ 10.786388463198991, 53.510446528373315 ], [ 10.806805233262745, 53.515598061872417 ], [ 10.814305959733181, 53.51445271974648 ], [ 10.822535331060747, 53.512696496562128 ], [ 10.823838061052756, 53.513894673770857 ], [ 10.824389415777816, 53.515340096538317 ], [ 10.82446575958574, 53.518086084090257 ], [ 10.813310705446012, 53.521160130644141 ], [ 10.815587175898386, 53.522537745881493 ], [ 10.820883667360656, 53.523342554979742 ], [ 10.822061027285283, 53.52400074628239 ], [ 10.818606137466043, 53.52646965571283 ], [ 10.818545475996039, 53.531482873253232 ], [ 10.818440598539166, 53.533446056766593 ], [ 10.825503944511228, 53.538399144795882 ], [ 10.831938225933719, 53.542713179680064 ], [ 10.832224142606647, 53.544223500560747 ], [ 10.827681244156979, 53.553326037238435 ], [ 10.824830774320777, 53.555811962527457 ], [ 10.825605519578449, 53.557597983184145 ], [ 10.826136048707713, 53.558391989412819 ], [ 10.826478976510392, 53.559336109779785 ], [ 10.826223478231414, 53.561465228542403 ], [ 10.826234326622634, 53.564349876227269 ], [ 10.826859271460753, 53.566955101198779 ], [ 10.82440030846362, 53.570696199096908 ], [ 10.822826620481557, 53.574313627179215 ], [ 10.825221195755541, 53.575587027985421 ], [ 10.830491026509707, 53.575926591333811 ], [ 10.833568704757786, 53.574688881186148 ], [ 10.836478660399804, 53.575592571057868 ], [ 10.840635986855316, 53.575297282946458 ], [ 10.846282554819119, 53.570889604770805 ], [ 10.846062702957958, 53.568763034110461 ], [ 10.847616388024672, 53.567640815723749 ], [ 10.850653753257337, 53.565200955852234 ], [ 10.854366983264688, 53.565903307728775 ], [ 10.856248692216118, 53.565857953760855 ], [ 10.862902271411793, 53.564482227341244 ], [ 10.865128432039194, 53.564817949819613 ], [ 10.867113544621303, 53.565872124393373 ], [ 10.868857501283818, 53.567038024261699 ], [ 10.873295888957742, 53.568412280587992 ], [ 10.876658805066544, 53.568684515964634 ], [ 10.882399488957542, 53.568621577222338 ], [ 10.894893956116643, 53.572418243571164 ], [ 10.903666403384266, 53.57246117286153 ], [ 10.907608990648923, 53.571251167680167 ], [ 10.911025943096559, 53.571834787895803 ], [ 10.92363473240345, 53.584614990778817 ], [ 10.923912694233131, 53.588113439240161 ], [ 10.92346376435985, 53.589930234477151 ], [ 10.920072926166432, 53.592100484016051 ], [ 10.918444574400928, 53.595772825638917 ], [ 10.917758227598162, 53.599533390362481 ], [ 10.919768324775134, 53.60005985470886 ], [ 10.922297524623973, 53.602731054107601 ], [ 10.922180013271067, 53.605176408846674 ], [ 10.928435872381034, 53.625611505384569 ], [ 10.929410968568527, 53.629032190808296 ], [ 10.932368328146245, 53.630406727857789 ], [ 10.933523390397385, 53.632355510998643 ], [ 10.937868468102497, 53.634417274433559 ], [ 10.940024879005238, 53.637597134241553 ], [ 10.945779467131054, 53.6413407766861 ], [ 10.947774444498855, 53.64257630586436 ], [ 10.947710642809936, 53.643840276100981 ], [ 10.946197601235589, 53.644974155887908 ], [ 10.945979594850169, 53.645834822220536 ], [ 10.947121646654102, 53.646102935002467 ], [ 10.94848287088357, 53.645328730311796 ], [ 10.950840631205862, 53.645321568870457 ], [ 10.952760121956942, 53.647305116633206 ], [ 10.959693281295491, 53.645902374044695 ], [ 10.966457006821591, 53.644476766426024 ], [ 10.968442552790771, 53.645930510495326 ], [ 10.970379721929005, 53.643537712467115 ], [ 10.974779409811635, 53.642136361864949 ], [ 10.979506875835654, 53.643216733248188 ], [ 10.980773842177276, 53.642792561743121 ], [ 10.98493462972762, 53.639021673709337 ], [ 10.985571608784838, 53.636775255976588 ], [ 10.989518715183129, 53.635147607313186 ], [ 10.990823828241236, 53.636154568667109 ], [ 10.992220764442644, 53.636898356886427 ], [ 10.992293741680106, 53.63694378316427 ], [ 10.999772428402684, 53.634967221086271 ], [ 11.002369465881499, 53.631541285629744 ], [ 11.002907708319679, 53.630779324452902 ], [ 11.003054529902622, 53.629266550833243 ], [ 11.001960198523999, 53.62746563298375 ], [ 11.002028936197746, 53.6255419357798 ], [ 11.004679498741023, 53.625356490051786 ], [ 11.006573304614536, 53.623947617455471 ], [ 11.01180780361577, 53.619944395895068 ], [ 11.01114593139812, 53.617735749667084 ], [ 11.011283460107114, 53.613833522656599 ], [ 11.009543555231183, 53.607980849529774 ], [ 11.011359437745186, 53.60767352629798 ], [ 11.009787643654427, 53.603718486015801 ], [ 11.006803045295085, 53.603708745183411 ], [ 11.005121789994417, 53.603420338038603 ], [ 11.00661716941214, 53.602565586641028 ], [ 11.013029055218722, 53.601581641561097 ], [ 11.012683142224729, 53.600332465298585 ], [ 11.012396579077533, 53.597474695136789 ], [ 11.01090287299372, 53.595935473284094 ], [ 11.015206964227847, 53.591339168732532 ], [ 11.013200380411359, 53.583978269182545 ], [ 11.019519953686364, 53.582432161284451 ], [ 11.01850387525962, 53.581259452350366 ], [ 11.019890158753197, 53.579441340777713 ], [ 11.021564523405765, 53.577479484228398 ], [ 11.021936685013765, 53.576148563063207 ], [ 11.017411024156122, 53.572532242350491 ], [ 11.013002080016944, 53.571949113525207 ], [ 11.012709175924241, 53.570770725612277 ], [ 11.00528844844551, 53.561005116920356 ], [ 11.007252000161113, 53.559517986593342 ], [ 11.008860802020374, 53.557192453625667 ], [ 11.009589014712487, 53.553181885403113 ], [ 11.011825776872913, 53.549687599209044 ], [ 11.003371406202426, 53.547232578497457 ], [ 11.00442742651545, 53.540645548041219 ], [ 11.004805908045649, 53.537374364805252 ], [ 11.003648918274086, 53.534153663969036 ], [ 11.001071885853298, 53.533860562359493 ], [ 11.001127140251558, 53.531323872950203 ], [ 10.998960016486958, 53.529546035690714 ], [ 10.996054165752708, 53.528445500924903 ], [ 10.989641168136444, 53.527114277791014 ], [ 10.985434728098909, 53.524800245910463 ], [ 10.98124920004344, 53.524692532493283 ], [ 10.977759973239124, 53.521491576405751 ], [ 10.974105789871015, 53.519763638005749 ], [ 10.972879542990274, 53.516974473627442 ], [ 10.978254264939819, 53.5118109220547 ], [ 10.981096720767294, 53.510421663366564 ], [ 10.978717300990562, 53.502620585784499 ], [ 10.979747121686854, 53.499857101215909 ], [ 10.979222669551016, 53.496046435227591 ], [ 10.976329084134791, 53.491491249166117 ], [ 10.977096520512372, 53.487609117846524 ], [ 10.974002596553868, 53.482782752980405 ], [ 10.98841962822612, 53.480430891953787 ], [ 10.993940177371755, 53.480185917894893 ], [ 10.996457290736382, 53.477840766885087 ], [ 10.996332283529888, 53.475658650753843 ], [ 10.997736971837369, 53.473448039321077 ], [ 11.001565311571921, 53.47426242932648 ], [ 11.004250253489678, 53.47326606490752 ], [ 11.006249590546386, 53.473482885520703 ], [ 11.009024768980133, 53.472296663557259 ], [ 11.012051433445365, 53.471878948352021 ], [ 11.014384373238364, 53.470953679822586 ], [ 11.012907311057957, 53.468467694883593 ], [ 11.010190969004704, 53.462803743649836 ], [ 11.021647567252067, 53.462030945732053 ], [ 11.028718082699047, 53.459910557295039 ], [ 11.035604445429291, 53.458592355870046 ], [ 11.038446015606763, 53.457140757703016 ], [ 11.039681732820782, 53.455892815014181 ], [ 11.037404218420413, 53.453808493821342 ], [ 11.030458904959342, 53.452166068318228 ], [ 11.021310178976991, 53.449979817317974 ], [ 11.018906784674144, 53.449159256199444 ], [ 11.014522451005329, 53.447869022259688 ], [ 11.010437668312706, 53.446783882737343 ], [ 11.00948517717411, 53.437878351694422 ], [ 11.009667606172883, 53.433581474888889 ], [ 11.007688748461494, 53.42947996666831 ], [ 11.012621891445665, 53.427290502423638 ], [ 11.019040718786698, 53.428512765352721 ], [ 11.022550130257761, 53.428295188949029 ], [ 11.02799753172015, 53.427803634097671 ], [ 11.029695416947529, 53.428936021183901 ], [ 11.035939143782864, 53.430826290041018 ], [ 11.041062129666457, 53.424129788833319 ], [ 11.033802939778852, 53.419854308810152 ], [ 11.031210294862019, 53.421113584871897 ], [ 11.025644906303043, 53.419245112726117 ], [ 11.030236510970283, 53.414689208222299 ], [ 11.03579824496595, 53.408486208728107 ], [ 11.041207895083421, 53.409671387147618 ], [ 11.050062440038374, 53.412122283666761 ], [ 11.052653989831303, 53.409164992522498 ], [ 11.059246468013896, 53.411416101472227 ], [ 11.061739620308245, 53.408808142185755 ], [ 11.05708028767129, 53.40683747677992 ], [ 11.047141034534096, 53.404670613231325 ], [ 11.040521905750431, 53.402117320594968 ], [ 11.042431261753983, 53.396911653051646 ], [ 11.039009494677623, 53.395409658424697 ], [ 11.036363007035868, 53.394785104827569 ], [ 11.034741326765173, 53.391703856759371 ], [ 11.039554421847791, 53.388299602730498 ], [ 11.035519467354767, 53.379690559947747 ], [ 11.041619879905225, 53.378210518752987 ], [ 11.04198666691242, 53.375466616731131 ], [ 11.047183694800118, 53.36716707369618 ], [ 11.040422581994045, 53.354027066639333 ], [ 11.042943881533768, 53.351762957521402 ], [ 11.044137765013771, 53.350028221237622 ], [ 11.044430649810714, 53.34773212920269 ], [ 11.047817772762702, 53.347353155131806 ], [ 11.049570840745771, 53.346018083471385 ] ] ] } },
{ "type": "Feature", "properties": { "wkr": 18, "wkr_name": "Ludwigslust-Parchim II" }, "geometry": { "type": "MultiPolygon", "coordinates": [ [ [ [ 11.369841876696947, 53.620326766827041 ], [ 11.368603597925063, 53.618623834054105 ], [ 11.361331697283845, 53.619481638746485 ], [ 11.36355278362859, 53.622123853203256 ], [ 11.369841876696947, 53.620326766827041 ] ] ], [ [ [ 11.291110375750772, 53.65300678596914 ], [ 11.294880455088935, 53.650460508703183 ], [ 11.298125240244884, 53.651591683922213 ], [ 11.300787742515221, 53.652220540057513 ], [ 11.302189180155063, 53.653297002178896 ], [ 11.303253718700434, 53.651502153353576 ], [ 11.305138418807683, 53.6501040967186 ], [ 11.307526096218758, 53.647898099770835 ], [ 11.308951762851844, 53.647344265898802 ], [ 11.312316261898314, 53.647061410849354 ], [ 11.317311832585842, 53.647374183003038 ], [ 11.322662208255787, 53.646500003024308 ], [ 11.328087186182712, 53.645249025978934 ], [ 11.325810457898799, 53.642742608569954 ], [ 11.33055297114797, 53.640873885561213 ], [ 11.330736931927659, 53.63956639942792 ], [ 11.335052771164245, 53.637257591939317 ], [ 11.340139625210718, 53.63361708778929 ], [ 11.34110635457913, 53.63317573989093 ], [ 11.342707303869734, 53.633627088670167 ], [ 11.345965817647144, 53.632482095136076 ], [ 11.349543911157719, 53.62767944237924 ], [ 11.35571099374442, 53.624732067064009 ], [ 11.357120090601891, 53.624179733033301 ], [ 11.358951818727096, 53.624197402567255 ], [ 11.359276229183557, 53.623937768307158 ], [ 11.357810590168421, 53.622964672312506 ], [ 11.357952734436193, 53.620524839185748 ], [ 11.356476525322414, 53.620773350558473 ], [ 11.355987524957804, 53.613373144890872 ], [ 11.360488801740241, 53.613448458363052 ], [ 11.361702660790879, 53.611888732678089 ], [ 11.366189115235784, 53.608666062273372 ], [ 11.362060515209038, 53.601392667109401 ], [ 11.361912069977233, 53.598790080603315 ], [ 11.361729733796913, 53.597507335579692 ], [ 11.356178363825931, 53.596800232347746 ], [ 11.35700647474993, 53.594478886138397 ], [ 11.369698228898917, 53.586537864068085 ], [ 11.376871500915982, 53.581415976207701 ], [ 11.379406850223965, 53.578296674212076 ], [ 11.366239507465947, 53.555895799465993 ], [ 11.379132294710628, 53.553447528141277 ], [ 11.380449201691233, 53.55502087006554 ], [ 11.38397317817412, 53.554528951390623 ], [ 11.385308741224982, 53.556634690807222 ], [ 11.388836134764482, 53.556058790686343 ], [ 11.387318788611351, 53.552688532957944 ], [ 11.391112737502789, 53.552160524337182 ], [ 11.388295423401672, 53.546576912621184 ], [ 11.384045343672375, 53.546204247753003 ], [ 11.383949509044262, 53.544461087570809 ], [ 11.404872014286184, 53.547000353203359 ], [ 11.42258504920491, 53.549572582309416 ], [ 11.424576584054503, 53.545295240909766 ], [ 11.425822252826849, 53.540953395128348 ], [ 11.415909050762705, 53.539634860818111 ], [ 11.41931540001152, 53.528977548091504 ], [ 11.41617269844634, 53.528809421452429 ], [ 11.38162819165116, 53.530135275201317 ], [ 11.380665459539836, 53.52783824542896 ], [ 11.37572537827735, 53.525968219552674 ], [ 11.372675194945442, 53.521887781029349 ], [ 11.361605407839674, 53.523834119684949 ], [ 11.362123070169723, 53.518062623594567 ], [ 11.351030764688083, 53.514088803691777 ], [ 11.353597869115557, 53.512535519678032 ], [ 11.355353723762175, 53.512227002627107 ], [ 11.35585948198249, 53.510856803885517 ], [ 11.356284337244748, 53.506960631138384 ], [ 11.356022904548793, 53.503540132161973 ], [ 11.356587911407933, 53.500196280031318 ], [ 11.356260914712276, 53.496440636279971 ], [ 11.362765138601342, 53.495980782516369 ], [ 11.363672994421606, 53.491877284619875 ], [ 11.367986311919323, 53.491127735993409 ], [ 11.369296588546252, 53.494139994428863 ], [ 11.375676720826641, 53.49620735565405 ], [ 11.378390264634366, 53.496894301545041 ], [ 11.382332030238365, 53.498281409327234 ], [ 11.387148049422111, 53.495949472520415 ], [ 11.394715390938448, 53.497453934151608 ], [ 11.399035112121393, 53.491535604273849 ], [ 11.403476747261456, 53.491984681589209 ], [ 11.401639211191847, 53.485820790616977 ], [ 11.404853446597611, 53.483710322107619 ], [ 11.407194116130414, 53.482458592715467 ], [ 11.406427552070635, 53.482399841479641 ], [ 11.402153786833871, 53.482411844389645 ], [ 11.395013663642807, 53.4830906441411 ], [ 11.387025884456532, 53.484106000421093 ], [ 11.389189261483716, 53.48189432215797 ], [ 11.371299612015267, 53.473252112115603 ], [ 11.375294140736228, 53.467315282407064 ], [ 11.363239012780184, 53.46719000228557 ], [ 11.363091953193296, 53.464898616003218 ], [ 11.360218356743607, 53.463146605274183 ], [ 11.359182142777094, 53.460343732459457 ], [ 11.357360866571154, 53.458553039728635 ], [ 11.350540643700018, 53.456817647152569 ], [ 11.346837472642084, 53.456637101849886 ], [ 11.341757240403796, 53.456274250693724 ], [ 11.340981976879055, 53.457150884938855 ], [ 11.339483778415389, 53.457276830790072 ], [ 11.338567213833624, 53.456400927501925 ], [ 11.336906826652283, 53.453283197022522 ], [ 11.337718239039267, 53.451920528799754 ], [ 11.335800518812587, 53.449921218515719 ], [ 11.332148317360261, 53.447797850469662 ], [ 11.327300201577643, 53.444007108235787 ], [ 11.323771221050899, 53.441299794926465 ], [ 11.320000060080174, 53.437926002509919 ], [ 11.320130189723516, 53.436404468243474 ], [ 11.325606719535466, 53.436155572315357 ], [ 11.334867361958286, 53.438625308477867 ], [ 11.340205025217312, 53.435150570593976 ], [ 11.323647144149556, 53.429302324338671 ], [ 11.323947485596298, 53.427163449326045 ], [ 11.32041179530218, 53.426428890628884 ], [ 11.319840604964408, 53.424474028359398 ], [ 11.320546961461524, 53.422736010448098 ], [ 11.318552354246467, 53.421102645532322 ], [ 11.332198050377649, 53.417165710555977 ], [ 11.335886791872683, 53.416583166951547 ], [ 11.340158430929536, 53.415443617143183 ], [ 11.341519181692156, 53.413937178849402 ], [ 11.351216840195905, 53.412399741974312 ], [ 11.358400888947612, 53.415041125540363 ], [ 11.361924320935287, 53.415925390294099 ], [ 11.366128189920499, 53.416638162707223 ], [ 11.372655359421193, 53.419187377588585 ], [ 11.37487375174948, 53.416918597649726 ], [ 11.37877624901245, 53.415128110811452 ], [ 11.381034634776208, 53.415158533006611 ], [ 11.384225959991753, 53.412599197702797 ], [ 11.385846830096735, 53.41317605035384 ], [ 11.389723605817554, 53.414033249683072 ], [ 11.389720904337002, 53.415744602725098 ], [ 11.396157181893306, 53.419274983005465 ], [ 11.39878372753404, 53.421630232518012 ], [ 11.406513398525524, 53.413598287154564 ], [ 11.411268938116722, 53.412192460606214 ], [ 11.410994432111044, 53.411896166969626 ], [ 11.408993539260479, 53.411487142407708 ], [ 11.408139490274184, 53.410641576494164 ], [ 11.405984805922667, 53.410938417674018 ], [ 11.403890787832051, 53.409069603183411 ], [ 11.404932343967015, 53.406877193269061 ], [ 11.411011840539269, 53.407827878072347 ], [ 11.414943451884184, 53.410041788709115 ], [ 11.417385159143921, 53.40801139618705 ], [ 11.419175629519899, 53.406783520670231 ], [ 11.422783991002108, 53.408118373046861 ], [ 11.42520203393156, 53.407657369545113 ], [ 11.427287459387781, 53.406692710767409 ], [ 11.430030479604341, 53.403009011289804 ], [ 11.430297862141151, 53.399852386670432 ], [ 11.433268941331187, 53.396860938787405 ], [ 11.432908389860589, 53.392571587512954 ], [ 11.43003654666289, 53.390660005030384 ], [ 11.426727882459323, 53.390016893446933 ], [ 11.42413772036892, 53.387946885140515 ], [ 11.422932320983959, 53.384307084001883 ], [ 11.424717431916541, 53.382742281509039 ], [ 11.425339592259181, 53.381254388362819 ], [ 11.422393540296394, 53.381308501942421 ], [ 11.420911188295564, 53.38051791931052 ], [ 11.416403280800916, 53.381790317138652 ], [ 11.415750452655896, 53.377526360839767 ], [ 11.421868913901266, 53.37707319609045 ], [ 11.421591595472517, 53.376778041752345 ], [ 11.416655968750364, 53.376090171055914 ], [ 11.401157657603113, 53.373250023151179 ], [ 11.397461417106008, 53.372128576994733 ], [ 11.394530257478534, 53.370798533307472 ], [ 11.3923778349817, 53.370902708320905 ], [ 11.388730486358828, 53.371997778534151 ], [ 11.383233493213851, 53.370252685821399 ], [ 11.380239052956647, 53.368910902515374 ], [ 11.382129914968743, 53.366089414170744 ], [ 11.383619957412302, 53.357715949320387 ], [ 11.383549776888398, 53.355015874804792 ], [ 11.381183033559852, 53.348180514827021 ], [ 11.379363176658, 53.346069177834792 ], [ 11.373967362644299, 53.346644118330282 ], [ 11.367476988863078, 53.347302378011157 ], [ 11.363915310217047, 53.343770920573192 ], [ 11.365988219175989, 53.342978724049921 ], [ 11.364090823537923, 53.341722238899415 ], [ 11.363899426112145, 53.337267469460393 ], [ 11.361257156759914, 53.336585891877412 ], [ 11.35841735777913, 53.334748359294352 ], [ 11.357816221506864, 53.334607794646267 ], [ 11.352388312399128, 53.333320974945671 ], [ 11.345806520525999, 53.333989615320853 ], [ 11.334980580472932, 53.336576179698348 ], [ 11.327385853721481, 53.340866423914314 ], [ 11.323908545089038, 53.341415748419998 ], [ 11.320212021258794, 53.344196111846742 ], [ 11.307899628549896, 53.34431175767358 ], [ 11.301844535045261, 53.339642896496478 ], [ 11.303720056130841, 53.33766281108084 ], [ 11.289634396573737, 53.335278354326903 ], [ 11.283230760469179, 53.333831997221374 ], [ 11.280575338797405, 53.332428346628419 ], [ 11.277344381792748, 53.330566432176155 ], [ 11.272235175130126, 53.326882456192813 ], [ 11.267449295872208, 53.322128578518061 ], [ 11.266352878141992, 53.313967685008492 ], [ 11.232154032370424, 53.314698469303153 ], [ 11.230119492883233, 53.313316358684219 ], [ 11.223008567782715, 53.308903063229856 ], [ 11.219513272119064, 53.30095464538018 ], [ 11.222019537493015, 53.292127599918231 ], [ 11.220154851457876, 53.292062653430378 ], [ 11.220462601568325, 53.289294571153434 ], [ 11.213143945107211, 53.290251038475724 ], [ 11.212633953676081, 53.290317975524815 ], [ 11.172888539446774, 53.294994809041405 ], [ 11.159673408157689, 53.296724289595652 ], [ 11.152916450021443, 53.305703224053374 ], [ 11.13934767739074, 53.307341074764444 ], [ 11.136156919610404, 53.309098974562637 ], [ 11.154459756599877, 53.311937137929966 ], [ 11.168658336481027, 53.310093508603394 ], [ 11.170614811604221, 53.318793281001469 ], [ 11.165914336043251, 53.318546094879757 ], [ 11.165079831122062, 53.321835852516791 ], [ 11.169522904358093, 53.322128420586374 ], [ 11.167375526592632, 53.327760235346645 ], [ 11.16578947793527, 53.331954787131878 ], [ 11.168347092727911, 53.333665737884914 ], [ 11.167704860224903, 53.336200796993772 ], [ 11.16151035849289, 53.336674589649959 ], [ 11.163739184632991, 53.337260095097719 ], [ 11.167281235330419, 53.338220609088317 ], [ 11.171610115879686, 53.34118134636681 ], [ 11.172954954240298, 53.342959403591721 ], [ 11.172489074045545, 53.344261132111555 ], [ 11.171218142090812, 53.345539828704418 ], [ 11.171982472351448, 53.347363818859392 ], [ 11.169302686144773, 53.353153273110955 ], [ 11.165774363224086, 53.353268136216805 ], [ 11.16339444711439, 53.356520483086655 ], [ 11.159480691641685, 53.356253934271422 ], [ 11.161675254936721, 53.353760021902353 ], [ 11.14871330485709, 53.356114681660465 ], [ 11.145694207110665, 53.360037594220955 ], [ 11.138575723208312, 53.360569812016536 ], [ 11.137226849174274, 53.360110128460207 ], [ 11.141711008128194, 53.357528448422663 ], [ 11.143276453254289, 53.357058864052782 ], [ 11.143961075184844, 53.349721700304713 ], [ 11.138306019610196, 53.349468843576375 ], [ 11.140830569707077, 53.354889007828199 ], [ 11.137449922271614, 53.357623031263444 ], [ 11.13095555677684, 53.359052952287705 ], [ 11.127566469008752, 53.35963384277148 ], [ 11.123505510653223, 53.356980080137618 ], [ 11.12807809288725, 53.347347215629149 ], [ 11.120753301540882, 53.345755207582584 ], [ 11.115516538078738, 53.343552045286408 ], [ 11.108388292131309, 53.344809709567727 ], [ 11.101939980778425, 53.34351585472465 ], [ 11.09925227606894, 53.34573062350011 ], [ 11.096533022266211, 53.348213861930162 ], [ 11.088535566736272, 53.346597602996667 ], [ 11.078634783352905, 53.347964955653417 ], [ 11.074796091612521, 53.348587673046445 ], [ 11.059660390419022, 53.348226270266863 ], [ 11.049570840745799, 53.346018083471421 ], [ 11.047817772762723, 53.347353155131827 ], [ 11.044430649810712, 53.347732129202711 ], [ 11.044137765013806, 53.350028221237622 ], [ 11.042943881533763, 53.351762957521423 ], [ 11.040422581994045, 53.354027066639333 ], [ 11.047183694800143, 53.367167073696187 ], [ 11.041986666912436, 53.375466616731146 ], [ 11.041619879905223, 53.378210518752979 ], [ 11.03551946735478, 53.379690559947768 ], [ 11.039554421847777, 53.388299602730527 ], [ 11.034741326765191, 53.391703856759385 ], [ 11.036363007035863, 53.394785104827598 ], [ 11.039425262005706, 53.395575010454145 ], [ 11.04243126175397, 53.39691165305166 ], [ 11.041179481513456, 53.400315525591111 ], [ 11.040521905750442, 53.402117320594989 ], [ 11.047141034534105, 53.404670613231332 ], [ 11.057080287671285, 53.406837476779913 ], [ 11.061739620308273, 53.408808142185777 ], [ 11.059246468013914, 53.411416101472248 ], [ 11.052653989831308, 53.40916499252252 ], [ 11.050062440038376, 53.412122283666761 ], [ 11.041008778536135, 53.409668944002448 ], [ 11.035798244965953, 53.408486208728121 ], [ 11.025644906303045, 53.419245112726138 ], [ 11.031210294862051, 53.421113584871883 ], [ 11.033802939778859, 53.419854308810173 ], [ 11.041062129666473, 53.424129788833348 ], [ 11.035939143782866, 53.430826290041018 ], [ 11.029695416947549, 53.428936021183929 ], [ 11.02799753172016, 53.427803634097671 ], [ 11.022550130257764, 53.42829518894905 ], [ 11.019040718786703, 53.428512765352743 ], [ 11.012621891445672, 53.427290502423645 ], [ 11.007688748461502, 53.429479966668325 ], [ 11.009667606172906, 53.433581474888882 ], [ 11.009485177174101, 53.437878351694444 ], [ 11.010437668312704, 53.446783882737343 ], [ 11.014522451005339, 53.447869022259688 ], [ 11.018906784674176, 53.449159256199444 ], [ 11.021310178976993, 53.449979817317974 ], [ 11.030458904959362, 53.452166068318263 ], [ 11.037404218420422, 53.453808493821356 ], [ 11.039681732820799, 53.455892815014195 ], [ 11.03844601560678, 53.457140757703037 ], [ 11.035604445429311, 53.45859235587006 ], [ 11.028718082699042, 53.459910557295061 ], [ 11.021647567252076, 53.462030945732074 ], [ 11.010190969004706, 53.462803743649829 ], [ 11.012880897909616, 53.468469610075502 ], [ 11.01438437323838, 53.470953679822607 ], [ 11.012051433445377, 53.471878948352057 ], [ 11.009024768980138, 53.472296663557259 ], [ 11.006275927772023, 53.47348321660445 ], [ 11.004215915262971, 53.473279107097383 ], [ 11.001603016268456, 53.474260659054792 ], [ 10.997736971837364, 53.473448039321099 ], [ 10.996332283529883, 53.475658650753843 ], [ 10.99645729073638, 53.477840766885116 ], [ 10.993940177371769, 53.480185917894914 ], [ 10.988220187810445, 53.480428354607305 ], [ 10.974028938923189, 53.482783091284524 ], [ 10.977122865935184, 53.48760945552295 ], [ 10.97635543195117, 53.49149158705616 ], [ 10.979249020250229, 53.496046772531024 ], [ 10.979773474761538, 53.49985743844698 ], [ 10.978743655760955, 53.502620923274293 ], [ 10.980508773686172, 53.508419546496832 ], [ 10.981123080428493, 53.510422000419972 ], [ 10.97828062540893, 53.511811259751312 ], [ 10.972905906563236, 53.516974812569238 ], [ 10.974132155201197, 53.519763976708688 ], [ 10.977786339714257, 53.5214919143217 ], [ 10.981245433110255, 53.524692484323971 ], [ 10.983576037578667, 53.524753704100441 ], [ 10.985430961144594, 53.524800197872985 ], [ 10.989637400964995, 53.527114229882478 ], [ 10.996050398445314, 53.528445453216456 ], [ 10.998956249073837, 53.529545988072137 ], [ 11.00112337267451, 53.531323825397045 ], [ 11.001068118050989, 53.533860514800494 ], [ 11.003645150438675, 53.534153616490848 ], [ 11.004802139920812, 53.537374317358399 ], [ 11.004423658100869, 53.540645500577106 ], [ 11.003367637205031, 53.547232530989412 ], [ 11.011822007634002, 53.549687551963778 ], [ 11.009585245168857, 53.553181838081571 ], [ 11.008857032121869, 53.557192406274744 ], [ 11.007248230060066, 53.559517939187849 ], [ 11.005284678217478, 53.561005069450538 ], [ 11.012705404806409, 53.570770678360859 ], [ 11.012998308793337, 53.571949066281121 ], [ 11.017407252868537, 53.572532195244662 ], [ 11.021932913391725, 53.576148516094307 ], [ 11.021560751666144, 53.577479437245664 ], [ 11.019886386843314, 53.579441293738974 ], [ 11.018500103191478, 53.581259405265016 ], [ 11.019516181510939, 53.582432114229235 ], [ 11.013196608115395, 53.583978221925399 ], [ 11.015203191270142, 53.591339121526865 ], [ 11.010899099637854, 53.595935425935146 ], [ 11.012392805580296, 53.597474647832506 ], [ 11.012679368471767, 53.600332417998715 ], [ 11.013025281353327, 53.601581594270229 ], [ 11.006613395476499, 53.602565539146148 ], [ 11.005118015986609, 53.603420290495109 ], [ 11.006799271256959, 53.603708697692518 ], [ 11.009783869607242, 53.603718438619097 ], [ 11.011101524205142, 53.60323501646419 ], [ 11.012580246137128, 53.602801348392738 ], [ 11.014767913794495, 53.602653612251594 ], [ 11.017496256736347, 53.602717188904215 ], [ 11.019947871250887, 53.601290515601683 ], [ 11.023588885856082, 53.600372442059545 ], [ 11.027180444798816, 53.599480655098724 ], [ 11.033850991235937, 53.597775949593171 ], [ 11.034473908547737, 53.596270259832039 ], [ 11.035363773186484, 53.59686046698846 ], [ 11.037816162408891, 53.598074450128259 ], [ 11.042027866160002, 53.599307681429572 ], [ 11.044624224480968, 53.599146025701366 ], [ 11.048058439513271, 53.598721638445738 ], [ 11.051631329217724, 53.598352346260285 ], [ 11.056803979947496, 53.598579858843372 ], [ 11.063576956431563, 53.599239305369657 ], [ 11.063076317601176, 53.600334899128477 ], [ 11.06434833797675, 53.603731816404206 ], [ 11.0661151395887, 53.604746861473288 ], [ 11.071025362165797, 53.604528298698177 ], [ 11.07782327173603, 53.603152680444488 ], [ 11.078549886920582, 53.602144429171211 ], [ 11.080776076129837, 53.601923885014429 ], [ 11.081375853211725, 53.60338947556405 ], [ 11.082602188323118, 53.605465610591395 ], [ 11.085259250638428, 53.606212375352179 ], [ 11.086866037674049, 53.606562880169271 ], [ 11.089749435177451, 53.607394425510975 ], [ 11.092272785993879, 53.608001600586881 ], [ 11.095869044248319, 53.605596499525397 ], [ 11.099150248837564, 53.605634585849174 ], [ 11.101179624254735, 53.604338044072058 ], [ 11.102665920408594, 53.605626650003437 ], [ 11.10354433274609, 53.604146684666176 ], [ 11.104731700437393, 53.601849972007464 ], [ 11.106545799981076, 53.600109603409116 ], [ 11.109649846018586, 53.598495410235465 ], [ 11.114619948265155, 53.593630132175136 ], [ 11.116109115942274, 53.591633848826511 ], [ 11.114714990675209, 53.590070258557702 ], [ 11.114761643910153, 53.58866174606063 ], [ 11.120269629310824, 53.589893943234848 ], [ 11.126404942991554, 53.591342012717831 ], [ 11.131906736081211, 53.592780232998621 ], [ 11.134826627952542, 53.593640537168817 ], [ 11.137526717116529, 53.592328751959322 ], [ 11.140505000373802, 53.591401920769094 ], [ 11.140506307708614, 53.58961409431182 ], [ 11.145131743205004, 53.58956371702277 ], [ 11.14687235559594, 53.587809896881005 ], [ 11.146918806722384, 53.587753827849319 ], [ 11.148186771447739, 53.58626181650083 ], [ 11.144684892666167, 53.583677329354558 ], [ 11.141215162031882, 53.578481273739868 ], [ 11.145840700954645, 53.578395021904676 ], [ 11.146522331128969, 53.577740413277006 ], [ 11.146115268947813, 53.576325398165267 ], [ 11.143162790017881, 53.57533931139767 ], [ 11.142456975534227, 53.573639924352186 ], [ 11.142177309877596, 53.571309752609444 ], [ 11.141097745970599, 53.569573351038777 ], [ 11.141516269808845, 53.56734350314143 ], [ 11.144618891654069, 53.566457127204707 ], [ 11.147529869519255, 53.566813310473798 ], [ 11.149894083761176, 53.567405229341283 ], [ 11.151276043268926, 53.567777845039984 ], [ 11.153231810863073, 53.568096079572769 ], [ 11.157289244323994, 53.569856193542705 ], [ 11.159371299279318, 53.570708736452801 ], [ 11.16391684160657, 53.570217354859622 ], [ 11.168128434050629, 53.570333217868701 ], [ 11.171920979351313, 53.571408055758475 ], [ 11.17508495748597, 53.572227706009457 ], [ 11.18144809530178, 53.575454162466002 ], [ 11.185402018372576, 53.576948933502848 ], [ 11.190951766475971, 53.577876666271919 ], [ 11.19821151203579, 53.580510299914359 ], [ 11.199499768030449, 53.581599238358734 ], [ 11.200187053009664, 53.582782474362538 ], [ 11.203186488014422, 53.584849844463619 ], [ 11.201586107579109, 53.590228339396234 ], [ 11.203999075520201, 53.597162780391827 ], [ 11.206287905026446, 53.597898484847114 ], [ 11.207096004384679, 53.598713062332081 ], [ 11.20743199388529, 53.599448847692472 ], [ 11.20715321874215, 53.600654032866899 ], [ 11.206742903655016, 53.601123941532059 ], [ 11.210129228837355, 53.60099412184077 ], [ 11.211862237575977, 53.600256140280464 ], [ 11.213213426358498, 53.600270814849488 ], [ 11.21653365673893, 53.59834280753185 ], [ 11.217819447999567, 53.599301872254358 ], [ 11.219234709643018, 53.599743545542118 ], [ 11.220549846076322, 53.599757340360732 ], [ 11.221281628841261, 53.600522063055955 ], [ 11.222512206291093, 53.600654357507864 ], [ 11.223080456632353, 53.601583494349519 ], [ 11.224170892025688, 53.60235206272835 ], [ 11.225788424798637, 53.60281833537455 ], [ 11.228695143950604, 53.602779497719155 ], [ 11.231096882450879, 53.603539936988845 ], [ 11.234884069812626, 53.60341428825889 ], [ 11.236175407354906, 53.602788115660744 ], [ 11.237137505547073, 53.602562652722561 ], [ 11.23759176663633, 53.602024140732638 ], [ 11.238241688636263, 53.601507851309805 ], [ 11.239838389081624, 53.601405763292099 ], [ 11.241124799649528, 53.601064599972084 ], [ 11.239090803605956, 53.599987965685976 ], [ 11.237349565304424, 53.598920145080037 ], [ 11.23547008438109, 53.596775584054697 ], [ 11.234803961453464, 53.595459136274648 ], [ 11.237187765074243, 53.594278577751389 ], [ 11.239364601677403, 53.593331746626454 ], [ 11.240280017418097, 53.591991627786292 ], [ 11.240209391033265, 53.590311044057231 ], [ 11.24038129090947, 53.588608319565282 ], [ 11.241704511910955, 53.588184445639115 ], [ 11.241837428669925, 53.588214029995513 ], [ 11.244104993873153, 53.58909715479286 ], [ 11.2470064552996, 53.590499974919744 ], [ 11.247477490234065, 53.592068177278115 ], [ 11.24814821700207, 53.593588867361156 ], [ 11.249241001098243, 53.595540836053488 ], [ 11.252672180907851, 53.595294120176789 ], [ 11.253222290229957, 53.596860354636156 ], [ 11.260000371404685, 53.59769106143019 ], [ 11.266032078811223, 53.596963833519077 ], [ 11.273351106796161, 53.59597343651658 ], [ 11.274305871075009, 53.595544405121437 ], [ 11.279000102456846, 53.591271699956344 ], [ 11.281417729035303, 53.589001376435014 ], [ 11.282354240171054, 53.588145858802335 ], [ 11.284754240507793, 53.588294994999679 ], [ 11.290460445348474, 53.590492931758618 ], [ 11.295002454612511, 53.592023205870071 ], [ 11.297725798774934, 53.592489490584505 ], [ 11.29872109382627, 53.592665774400515 ], [ 11.299273529168239, 53.592752222601355 ], [ 11.299513639399752, 53.592804063163243 ], [ 11.299749959299422, 53.592988367364327 ], [ 11.300131984109354, 53.593225800140324 ], [ 11.301616631824514, 53.594377423558427 ], [ 11.302209313374837, 53.595827507098704 ], [ 11.30249821371182, 53.597988664742921 ], [ 11.301423225641415, 53.602294160147864 ], [ 11.301081453094282, 53.603191061264745 ], [ 11.297227527968879, 53.603675270251422 ], [ 11.29741701091066, 53.604056910778702 ], [ 11.300662515169687, 53.605553868875184 ], [ 11.304974180253231, 53.608762836190564 ], [ 11.305434292195791, 53.609832943576528 ], [ 11.307747773869041, 53.611534770743326 ], [ 11.31461733920117, 53.61338032705445 ], [ 11.313366813896179, 53.615863995090663 ], [ 11.316950900217341, 53.621213150875612 ], [ 11.306747957993419, 53.62235630166694 ], [ 11.298212192926126, 53.619624157571216 ], [ 11.293409908671297, 53.620989731731008 ], [ 11.293122272434848, 53.622581315807203 ], [ 11.294602931516676, 53.625522799140683 ], [ 11.294395188326014, 53.628094230007555 ], [ 11.292765900948208, 53.629452163291297 ], [ 11.294445921788689, 53.630383227881147 ], [ 11.296172197628673, 53.628453844593366 ], [ 11.297755966456064, 53.629213737476576 ], [ 11.303358442413101, 53.629092437742045 ], [ 11.306960359747707, 53.634332898430038 ], [ 11.304449920130098, 53.636750920362068 ], [ 11.301017814725103, 53.635864845180279 ], [ 11.298704628401254, 53.635594143752925 ], [ 11.297941990135298, 53.637144950561158 ], [ 11.29436359441172, 53.63739154139985 ], [ 11.294208686308123, 53.638629588685433 ], [ 11.293858474385827, 53.64035979015474 ], [ 11.290743805429733, 53.640965809966914 ], [ 11.289422754360526, 53.643323779470002 ], [ 11.282699007110061, 53.647790350125312 ], [ 11.282036349462675, 53.648527376460258 ], [ 11.283428976244123, 53.648525823228383 ], [ 11.286983639848112, 53.647994842431899 ], [ 11.291110375750772, 53.65300678596914 ] ] ] ] } },
{ "type": "Feature", "properties": { "wkr": 19, "wkr_name": "Ludwigslust-Parchim III" }, "geometry": { "type": "Polygon", "coordinates": [ [ [ 11.212637700546567, 53.29031801603626 ], [ 11.220466348368653, 53.289294611417134 ], [ 11.220158598499898, 53.292062693708075 ], [ 11.222023284545379, 53.292127640137366 ], [ 11.219517019938582, 53.300954685691764 ], [ 11.223012316307681, 53.308903103443612 ], [ 11.230123241812857, 53.313316398681103 ], [ 11.232157781426292, 53.314698509238184 ], [ 11.266356627217645, 53.313967723866639 ], [ 11.267453045666496, 53.322128617354075 ], [ 11.27223892535325, 53.32688249488546 ], [ 11.277348132351671, 53.330566470713677 ], [ 11.28057908952762, 53.332428385067111 ], [ 11.28323451132907, 53.333832035578553 ], [ 11.289638147576085, 53.335278392484867 ], [ 11.303723807376425, 53.337662848799148 ], [ 11.301848286460261, 53.339642934276775 ], [ 11.307903380389561, 53.344311795270336 ], [ 11.320215773117598, 53.344196149055875 ], [ 11.323912296712315, 53.341415785508651 ], [ 11.327389605304715, 53.340866460892698 ], [ 11.334984331697241, 53.336576216431347 ], [ 11.345810271548578, 53.333989651709366 ], [ 11.352392063378375, 53.333321011126174 ], [ 11.357819972611766, 53.334607830657831 ], [ 11.358421108897772, 53.334748395287264 ], [ 11.361260908046569, 53.33658592778373 ], [ 11.363903177464804, 53.337267505284551 ], [ 11.364094575282342, 53.341722274724134 ], [ 11.36599197103522, 53.342978759816759 ], [ 11.36391906214109, 53.343770956406416 ], [ 11.367480741105698, 53.347302413737573 ], [ 11.373971114844119, 53.346644153851379 ], [ 11.379368214894155, 53.346046794428055 ], [ 11.381183033559836, 53.348180514827021 ], [ 11.383549776888399, 53.355015874804764 ], [ 11.383619957412293, 53.357715949320365 ], [ 11.382213253338662, 53.365889747955698 ], [ 11.380239052956613, 53.36891090251536 ], [ 11.383233493213854, 53.370252685821399 ], [ 11.388767144184847, 53.371998767328527 ], [ 11.392377834981689, 53.370902708320905 ], [ 11.39453025747852, 53.370798533307457 ], [ 11.39746141710601, 53.372128576994726 ], [ 11.401326324610213, 53.373262811568139 ], [ 11.406494363233616, 53.374265311982924 ], [ 11.421876423873153, 53.377073264205997 ], [ 11.415757962786115, 53.377526426491201 ], [ 11.41618063994018, 53.380280971505741 ], [ 11.416410791578873, 53.381790385612057 ], [ 11.4209186988698, 53.38051798749639 ], [ 11.42240105101655, 53.381308570037262 ], [ 11.425347102983123, 53.381254456271954 ], [ 11.424724942899756, 53.382742349461694 ], [ 11.422939832234778, 53.384307152071507 ], [ 11.424145232266481, 53.387946953144777 ], [ 11.426735394733331, 53.390016961294066 ], [ 11.430044059065139, 53.390660072671068 ], [ 11.432915902612637, 53.392571654978276 ], [ 11.433276454840962, 53.396861006242496 ], [ 11.43030537616503, 53.399852454321312 ], [ 11.430037994183699, 53.403009078966683 ], [ 11.427294974604544, 53.406692778627743 ], [ 11.425209549309107, 53.407657437539577 ], [ 11.422791506450084, 53.408118441194979 ], [ 11.41918687478309, 53.406796553514845 ], [ 11.41728152325371, 53.408095795924567 ], [ 11.414950967636052, 53.410041857356745 ], [ 11.411019355882706, 53.407827946961142 ], [ 11.404939859115085, 53.406877262537989 ], [ 11.403983680174409, 53.408404576730433 ], [ 11.403898303362165, 53.409069672524403 ], [ 11.40420706889509, 53.409650863316045 ], [ 11.404785439555315, 53.4102513589254 ], [ 11.405598903532065, 53.410773165577218 ], [ 11.405992321792045, 53.410938486888583 ], [ 11.406213632820601, 53.410985449483555 ], [ 11.406435698643591, 53.410974018519028 ], [ 11.406677480202326, 53.410926834263137 ], [ 11.40715092515992, 53.410787453271098 ], [ 11.407559730695109, 53.410676672621442 ], [ 11.407816367588163, 53.4106363603278 ], [ 11.407982236062105, 53.410617672099406 ], [ 11.408236618019595, 53.410664928121896 ], [ 11.408432609086139, 53.410790253461137 ], [ 11.408581021344435, 53.411011714911332 ], [ 11.408724983808737, 53.411260086060814 ], [ 11.408878890215037, 53.411414220732013 ], [ 11.409056212116129, 53.411534881803348 ], [ 11.409556608050623, 53.411663000449188 ], [ 11.410058045837216, 53.411750700433842 ], [ 11.410994432111051, 53.411896166969605 ], [ 11.411268938116708, 53.412192460606178 ], [ 11.406520914866684, 53.413598356343627 ], [ 11.398791245257774, 53.421630302217451 ], [ 11.396164699189191, 53.419275052863519 ], [ 11.389728420980205, 53.415744672978263 ], [ 11.389731122158736, 53.414033319931001 ], [ 11.385854346268827, 53.413176120843552 ], [ 11.384233476054595, 53.412599268292915 ], [ 11.381042151276015, 53.415158603805267 ], [ 11.378783765496472, 53.415128181752287 ], [ 11.374881268531498, 53.416918668841674 ], [ 11.372662876593459, 53.419187448926984 ], [ 11.366135706612482, 53.416638234449309 ], [ 11.361931837481933, 53.415925462298894 ], [ 11.358408405321789, 53.415041197764467 ], [ 11.351224356070354, 53.41239981464323 ], [ 11.341526697792451, 53.413937252133735 ], [ 11.340165947289325, 53.415443690517748 ], [ 11.335894308413474, 53.416583240598605 ], [ 11.332205567003856, 53.417165784437096 ], [ 11.318559871503034, 53.421102720284857 ], [ 11.320554479015957, 53.422736085079869 ], [ 11.319848122822391, 53.424474103040886 ], [ 11.320419313508099, 53.426428965280145 ], [ 11.323955003948717, 53.427163523756789 ], [ 11.323654662878345, 53.429302398794654 ], [ 11.340212545057517, 53.435150644024063 ], [ 11.334874882387439, 53.438625382254671 ], [ 11.325614239484356, 53.436155646668333 ], [ 11.320137709690409, 53.436404542942306 ], [ 11.320007580315325, 53.437926077221476 ], [ 11.323778741900266, 53.441299869410436 ], [ 11.327307722922333, 53.444007182505473 ], [ 11.332155839398171, 53.447797924445069 ], [ 11.335808041243247, 53.449921292267312 ], [ 11.337725761832564, 53.451920602436374 ], [ 11.336914349682811, 53.453283270714394 ], [ 11.338574737423544, 53.456401001098328 ], [ 11.339491302164602, 53.457276904331309 ], [ 11.340989500613038, 53.457150958385348 ], [ 11.3417647639863, 53.456274324088689 ], [ 11.346844996312669, 53.456637174925731 ], [ 11.350548167419895, 53.45681771999557 ], [ 11.357368390629969, 53.45855311214688 ], [ 11.359189667161289, 53.460343804768229 ], [ 11.360225881628713, 53.463146677525863 ], [ 11.363099478401923, 53.464898688078918 ], [ 11.363246538395124, 53.467190074358712 ], [ 11.375301666429307, 53.467315353720686 ], [ 11.37130713874113, 53.473252183698477 ], [ 11.389196789823151, 53.481894392638296 ], [ 11.387033413177956, 53.484106071044316 ], [ 11.395021192220973, 53.483090714257763 ], [ 11.402161315324419, 53.482411914054076 ], [ 11.406435080578509, 53.482399910874591 ], [ 11.407201644652211, 53.482458662062221 ], [ 11.404860975330566, 53.483710391605655 ], [ 11.401646740284177, 53.485820860323848 ], [ 11.403484277454904, 53.491984751198139 ], [ 11.399042642214946, 53.49153567416154 ], [ 11.394722922061757, 53.497454004329015 ], [ 11.387155580243823, 53.495949543170646 ], [ 11.382339561451516, 53.498281480288021 ], [ 11.378397795583291, 53.49689437275029 ], [ 11.375684251641182, 53.496207427028359 ], [ 11.369304118964566, 53.494140066199456 ], [ 11.36799384179745, 53.491127807837778 ], [ 11.363680524412578, 53.491877356738492 ], [ 11.36277266931574, 53.495980854704285 ], [ 11.356268445477907, 53.496440708879447 ], [ 11.356595442841252, 53.500196352621273 ], [ 11.356030436572739, 53.503540204797353 ], [ 11.356291869876864, 53.506960703767398 ], [ 11.355867015304129, 53.510856876552793 ], [ 11.3553612573247, 53.512227075330316 ], [ 11.353605402724622, 53.512535592492952 ], [ 11.351038298560917, 53.514088876673199 ], [ 11.362130604799987, 53.518062695888034 ], [ 11.361612943492656, 53.523834192028133 ], [ 11.372682730304122, 53.521887852668414 ], [ 11.375732914375048, 53.525968291011374 ], [ 11.38067299599266, 53.527838316581416 ], [ 11.381635728516613, 53.530135346299772 ], [ 11.416180235234236, 53.528809490367678 ], [ 11.419322936843528, 53.528977616808959 ], [ 11.415916589473786, 53.539634929781364 ], [ 11.425829791817257, 53.54095346346994 ], [ 11.424584123811524, 53.545295309342542 ], [ 11.461749827063599, 53.550136574485073 ], [ 11.464242956633649, 53.542018227740925 ], [ 11.466641120461224, 53.532997069245425 ], [ 11.467972195420954, 53.521222660242174 ], [ 11.477984725680443, 53.494838978947527 ], [ 11.488952579157665, 53.492506824005275 ], [ 11.489961543272328, 53.491026103752141 ], [ 11.483210461535984, 53.489023136210228 ], [ 11.488969128021811, 53.480317257093667 ], [ 11.480705717179472, 53.480378139073736 ], [ 11.473702287928489, 53.480572642900384 ], [ 11.469211835584126, 53.477611429004561 ], [ 11.470933501947391, 53.475855240016465 ], [ 11.474178865429597, 53.475127117299067 ], [ 11.476079883494263, 53.469413771509458 ], [ 11.476744530181723, 53.464633346643183 ], [ 11.475379692980173, 53.460932214057536 ], [ 11.473563123930742, 53.458827113875536 ], [ 11.469940417854643, 53.454623955726774 ], [ 11.498543961951325, 53.450825220582935 ], [ 11.501136701670026, 53.45287045010123 ], [ 11.508487159597902, 53.451756601428009 ], [ 11.510643386335214, 53.446758900059422 ], [ 11.52638691111081, 53.447318562405947 ], [ 11.532282982427871, 53.447390663896904 ], [ 11.546221593863239, 53.446703561676088 ], [ 11.547908494841923, 53.448438622936045 ], [ 11.551963372498205, 53.45376476697151 ], [ 11.555634794193121, 53.458733931015786 ], [ 11.553417979874771, 53.461004464018394 ], [ 11.550631670827586, 53.465039906261339 ], [ 11.547215338750549, 53.465188555501882 ], [ 11.547277517432249, 53.467472530730099 ], [ 11.543951980060077, 53.467425809315273 ], [ 11.549187052303509, 53.471597561455653 ], [ 11.550911303328439, 53.473881219913487 ], [ 11.553617997042975, 53.476271343091753 ], [ 11.555376813005491, 53.475811934178807 ], [ 11.557266222578138, 53.475552405114975 ], [ 11.577989743913406, 53.485674668192495 ], [ 11.584769505252405, 53.481055117479819 ], [ 11.603128367039567, 53.469869723605733 ], [ 11.607857273444665, 53.46643527376532 ], [ 11.630362198385424, 53.463604482027776 ], [ 11.643503061186125, 53.462206726024654 ], [ 11.643853441573915, 53.461077164777095 ], [ 11.64126667006494, 53.460280223588491 ], [ 11.639349799188004, 53.458520124671026 ], [ 11.638537434921107, 53.457574058880198 ], [ 11.618336507723987, 53.432441445415428 ], [ 11.624714273362104, 53.430586903608493 ], [ 11.631533170703705, 53.430483732914702 ], [ 11.635060689803142, 53.429986498948026 ], [ 11.636270838780369, 53.429375172432863 ], [ 11.634962396704777, 53.428098731456139 ], [ 11.633587204212754, 53.426571341134071 ], [ 11.6319457276719, 53.424192522469589 ], [ 11.628236401951922, 53.419623101788893 ], [ 11.627662312298966, 53.418514461506014 ], [ 11.629206346820839, 53.410520060804856 ], [ 11.634834973675263, 53.41177211349892 ], [ 11.640099975230482, 53.413457137450955 ], [ 11.648473154141604, 53.407292260645256 ], [ 11.646129987692992, 53.405392533262912 ], [ 11.655376119061623, 53.398704778031572 ], [ 11.660359355654546, 53.396563049468995 ], [ 11.667493091563633, 53.394527264916164 ], [ 11.672252051594313, 53.394213684818105 ], [ 11.678888435255939, 53.395291663100686 ], [ 11.681946697677711, 53.395475876144509 ], [ 11.684788311729267, 53.395207951662378 ], [ 11.687693822284865, 53.394148537100627 ], [ 11.684354997365325, 53.392269654124199 ], [ 11.680488729002281, 53.390723511710895 ], [ 11.686272740993509, 53.380363256683552 ], [ 11.689225449508992, 53.374118553836638 ], [ 11.697061039592858, 53.370300430623473 ], [ 11.697302942612948, 53.36523930419262 ], [ 11.698963618231979, 53.364247464934046 ], [ 11.697616021737439, 53.360127340139364 ], [ 11.696071070196123, 53.358592693752676 ], [ 11.691471639441156, 53.355676826144581 ], [ 11.688293088599783, 53.349415097101492 ], [ 11.690122590407517, 53.347274465797547 ], [ 11.69093912478246, 53.345405268746731 ], [ 11.693431596904741, 53.341090829830151 ], [ 11.703844326250332, 53.337696836013805 ], [ 11.709782760266172, 53.329048109736803 ], [ 11.711768882667704, 53.323378496457039 ], [ 11.716428106049801, 53.310363864267885 ], [ 11.720824319529264, 53.311580168483722 ], [ 11.724884235203152, 53.308504564628073 ], [ 11.730263404834036, 53.309481020337458 ], [ 11.73598979919892, 53.308908937293275 ], [ 11.739452316950596, 53.307110478078606 ], [ 11.746179649731257, 53.31048253670329 ], [ 11.754038998930637, 53.31170481770684 ], [ 11.762447814890921, 53.310578056315954 ], [ 11.764437671349009, 53.308688181049767 ], [ 11.767776700292597, 53.308531574163744 ], [ 11.771768242490367, 53.306687332075725 ], [ 11.774912806405029, 53.305457713872762 ], [ 11.776053736976557, 53.29957539947501 ], [ 11.779926414180109, 53.299599027865156 ], [ 11.782069935938228, 53.299439164433878 ], [ 11.78264180639807, 53.296392313095659 ], [ 11.787439403318125, 53.29645738407374 ], [ 11.790718697827543, 53.29516062266844 ], [ 11.780811750160526, 53.292107464450638 ], [ 11.779277235174321, 53.290371998839817 ], [ 11.789560558148787, 53.277406185831623 ], [ 11.785524033455179, 53.275804496109899 ], [ 11.790129301044383, 53.274236884701246 ], [ 11.793134163447888, 53.27401857173944 ], [ 11.798822076709941, 53.273474494409683 ], [ 11.801547020653247, 53.274842119421756 ], [ 11.804425452754682, 53.276314450461854 ], [ 11.806709740857301, 53.276705083676191 ], [ 11.810973251267368, 53.276314489351329 ], [ 11.813924358393514, 53.276423709956504 ], [ 11.815992423593322, 53.276669307192613 ], [ 11.818343067606863, 53.277302811847861 ], [ 11.821998411300372, 53.277449553432731 ], [ 11.821957782467701, 53.280014542846814 ], [ 11.821521294234843, 53.282902805645612 ], [ 11.819647496364123, 53.286080184689993 ], [ 11.819434360009081, 53.288962864497336 ], [ 11.824653777213314, 53.290297861843477 ], [ 11.827583431555114, 53.293360344399751 ], [ 11.840858637978389, 53.293615069902032 ], [ 11.844721025237597, 53.284058348572735 ], [ 11.849677583440846, 53.279334670592426 ], [ 11.852449920971145, 53.276098172772215 ], [ 11.852994887066869, 53.273224373680641 ], [ 11.852339890108279, 53.270818916884394 ], [ 11.848528613057692, 53.27071633678257 ], [ 11.845210686155751, 53.268439219580053 ], [ 11.845670271279836, 53.266657399683261 ], [ 11.842888315803602, 53.266087933183584 ], [ 11.841318002342225, 53.264851765266947 ], [ 11.841264755815407, 53.263356118036199 ], [ 11.838729986477677, 53.261696579499485 ], [ 11.834869560421819, 53.260000629229772 ], [ 11.832380023772387, 53.257743192414829 ], [ 11.827271337329938, 53.25720767229982 ], [ 11.819480822828572, 53.25700030694275 ], [ 11.812998022473568, 53.25352453320469 ], [ 11.81101835171715, 53.253173008510068 ], [ 11.807415214830645, 53.253190140729522 ], [ 11.804486258403186, 53.252966282134878 ], [ 11.801736672231664, 53.254374132256096 ], [ 11.796470220579428, 53.25326270475923 ], [ 11.799362028635121, 53.250297002172076 ], [ 11.801537106850651, 53.249637291126298 ], [ 11.803581851879768, 53.247114432804935 ], [ 11.805573199393537, 53.246226556036966 ], [ 11.807700341984882, 53.246262623751768 ], [ 11.811383467706078, 53.245382020153983 ], [ 11.817379883760006, 53.244892703930802 ], [ 11.823433913120587, 53.240446217541503 ], [ 11.825581644704728, 53.237933822709479 ], [ 11.829957318308447, 53.236354950578857 ], [ 11.832751337848656, 53.231721238545965 ], [ 11.82896840533671, 53.231149680800726 ], [ 11.829026235059688, 53.228892444886064 ], [ 11.825037389023073, 53.228824797971576 ], [ 11.819876057504478, 53.22903343786583 ], [ 11.816733799286437, 53.227270157595903 ], [ 11.813309511193449, 53.226297808339055 ], [ 11.808677432826086, 53.226430250601133 ], [ 11.800347726114463, 53.226302759713192 ], [ 11.794921849791832, 53.226668250895138 ], [ 11.792391060389859, 53.227605545277662 ], [ 11.78999890641472, 53.228305478736893 ], [ 11.787088259842948, 53.228447489022521 ], [ 11.781818556700834, 53.227303876054854 ], [ 11.773888294621702, 53.2270173742506 ], [ 11.769509618960317, 53.227412699945781 ], [ 11.758855897282357, 53.22446487503256 ], [ 11.755157535750048, 53.221923829638229 ], [ 11.749470551784745, 53.219918045102688 ], [ 11.743470799715906, 53.219754296883139 ], [ 11.739717954003151, 53.218243302040349 ], [ 11.735939079973086, 53.217991825515405 ], [ 11.730422129781363, 53.217222275917337 ], [ 11.727737865123478, 53.219585608909561 ], [ 11.727082159221329, 53.226485641157218 ], [ 11.727653176016952, 53.231489106919014 ], [ 11.722463016808993, 53.231473373995172 ], [ 11.718341311363915, 53.23169799456705 ], [ 11.717365980742567, 53.231606247592929 ], [ 11.716606530063665, 53.230888760414004 ], [ 11.713877869380857, 53.232510313661408 ], [ 11.710286544265804, 53.233598198632521 ], [ 11.707331773576891, 53.234261371933009 ], [ 11.708460865308709, 53.237579589058846 ], [ 11.707125286886347, 53.238114245449367 ], [ 11.703025479352821, 53.240135228982219 ], [ 11.701038482532358, 53.242316290639579 ], [ 11.699827389487726, 53.243806196365753 ], [ 11.695976019607221, 53.244239607983239 ], [ 11.693483537506706, 53.243219646520792 ], [ 11.691415659568754, 53.241696237140886 ], [ 11.687783115384137, 53.241922877376439 ], [ 11.684142125631048, 53.242403166893347 ], [ 11.675208317537864, 53.242215711911669 ], [ 11.672940096128258, 53.243915591025932 ], [ 11.662344816019953, 53.243852516789161 ], [ 11.660892117481252, 53.24232387801505 ], [ 11.658617191851024, 53.240675613090154 ], [ 11.652716741316285, 53.239040419832101 ], [ 11.645383799733075, 53.239158480514483 ], [ 11.639251077689472, 53.238611013082441 ], [ 11.62905878729546, 53.241930010245042 ], [ 11.619213849216084, 53.23716569681433 ], [ 11.616960730802532, 53.230801690003361 ], [ 11.616586989773937, 53.230235118742854 ], [ 11.610111268018157, 53.229219045445397 ], [ 11.598147739756827, 53.224231755778753 ], [ 11.588442968771629, 53.215986686994299 ], [ 11.578093787100288, 53.212311057657359 ], [ 11.56593812023481, 53.213136647133851 ], [ 11.560379648874783, 53.212088600814518 ], [ 11.55028236908387, 53.207990272005361 ], [ 11.554429120726661, 53.205721248382176 ], [ 11.558875570296477, 53.201868549884296 ], [ 11.55639182525311, 53.19454712391228 ], [ 11.559157452838956, 53.188855094232572 ], [ 11.556464248167968, 53.185183963658844 ], [ 11.566695407897882, 53.182565062477984 ], [ 11.565687683509712, 53.18025720939589 ], [ 11.56363990905575, 53.177303325533821 ], [ 11.562910897604731, 53.175873858004593 ], [ 11.563922688371463, 53.174040051673749 ], [ 11.566885299717779, 53.172639061175239 ], [ 11.569247379735083, 53.169558036116157 ], [ 11.569169980513887, 53.166233322149068 ], [ 11.568395778747737, 53.164881894060123 ], [ 11.565315163987314, 53.164417474810165 ], [ 11.56355860397611, 53.161847656054654 ], [ 11.557892469167033, 53.156607924595527 ], [ 11.557305336993714, 53.154761480406869 ], [ 11.555832963660492, 53.153752494175535 ], [ 11.556632306572821, 53.150524553543242 ], [ 11.552879917826958, 53.150077041913818 ], [ 11.551510433585875, 53.152210951174048 ], [ 11.549788587729369, 53.151182058049159 ], [ 11.553263778136474, 53.141914166908265 ], [ 11.555773169373541, 53.138622485315629 ], [ 11.553556709199045, 53.136990296828166 ], [ 11.546947095827914, 53.134574820660148 ], [ 11.54856427974825, 53.130690576375969 ], [ 11.54314954936598, 53.130020492620908 ], [ 11.53662806452914, 53.128921136495045 ], [ 11.534482597048717, 53.125175298863383 ], [ 11.527846550983226, 53.126044312763035 ], [ 11.522922961663665, 53.125166127226038 ], [ 11.509967437443885, 53.125436491448063 ], [ 11.50666193518923, 53.122087025305895 ], [ 11.501401963193279, 53.121248033087369 ], [ 11.500234931190858, 53.126159009801874 ], [ 11.49292278619631, 53.127808801687145 ], [ 11.483908687966121, 53.129070925688715 ], [ 11.477589943236858, 53.128345015378009 ], [ 11.473372118265383, 53.127136236118247 ], [ 11.472875546209366, 53.128230178269156 ], [ 11.472716358627919, 53.129419186725826 ], [ 11.474026485766439, 53.131791053011852 ], [ 11.474123549406414, 53.13351015520432 ], [ 11.473821261906998, 53.134596831229004 ], [ 11.467148465625415, 53.136883911949198 ], [ 11.460314666752497, 53.140175616968833 ], [ 11.445517474417057, 53.138661783710532 ], [ 11.444287613171431, 53.137186149531352 ], [ 11.436903510890279, 53.13704399905599 ], [ 11.432628266209438, 53.138800096934787 ], [ 11.426185015443426, 53.140095988918901 ], [ 11.421828893628158, 53.140883260720074 ], [ 11.417710132322661, 53.139408881407043 ], [ 11.416282088742447, 53.138443512816679 ], [ 11.414857458852319, 53.137318715429508 ], [ 11.410254493645239, 53.136640955882406 ], [ 11.405896671758713, 53.136760292617737 ], [ 11.402701921707447, 53.137842509411861 ], [ 11.397501029038986, 53.139594296908633 ], [ 11.396819120658369, 53.139823825727092 ], [ 11.395643659266939, 53.140219480531648 ], [ 11.39452238368761, 53.144659789476322 ], [ 11.389717135789292, 53.159458566160865 ], [ 11.404804348218883, 53.160559852994382 ], [ 11.403460109179537, 53.16505061735738 ], [ 11.405369189223382, 53.167134507610754 ], [ 11.410476098596376, 53.174418021492336 ], [ 11.409802943295627, 53.176626328919724 ], [ 11.40951293674325, 53.178469845446223 ], [ 11.409088408736402, 53.180608703349066 ], [ 11.40777802005614, 53.183772511306394 ], [ 11.405745825987617, 53.186338848899453 ], [ 11.404233346056099, 53.187726176710598 ], [ 11.398262313797741, 53.190478298779752 ], [ 11.388136492727432, 53.191090564238173 ], [ 11.384220453964819, 53.18863492010513 ], [ 11.380667840237161, 53.186401287668403 ], [ 11.378956945751005, 53.187845162153423 ], [ 11.374394522084094, 53.191141830247673 ], [ 11.373599136379495, 53.193275600209624 ], [ 11.374414565387372, 53.195055237771889 ], [ 11.377970162477466, 53.195458001202681 ], [ 11.37848964039458, 53.194428870410846 ], [ 11.383354899125445, 53.196543007482951 ], [ 11.394089912889365, 53.199817524791577 ], [ 11.402788730115525, 53.204968297055508 ], [ 11.403523186593924, 53.20635882135479 ], [ 11.402968059923005, 53.207882908255975 ], [ 11.399363571813041, 53.210083567559266 ], [ 11.405108191355412, 53.211284688870919 ], [ 11.40681073684992, 53.213046122628185 ], [ 11.408289727320787, 53.215830410920212 ], [ 11.406544633573562, 53.217616633820484 ], [ 11.404163447376753, 53.220837976850255 ], [ 11.409596171894158, 53.225725522653221 ], [ 11.405641614278053, 53.227044094938158 ], [ 11.407094274699444, 53.22837187263476 ], [ 11.407420960832395, 53.229559647788101 ], [ 11.405941778022891, 53.229882827216713 ], [ 11.398060603858104, 53.229535993723999 ], [ 11.394160976637554, 53.231402108984433 ], [ 11.396370883383346, 53.233864968845886 ], [ 11.394395517218621, 53.234500418270883 ], [ 11.391931271734256, 53.23525235575719 ], [ 11.389917008703222, 53.235695361193443 ], [ 11.386950279969655, 53.236037776087031 ], [ 11.381879029292723, 53.236472822639897 ], [ 11.371992075375715, 53.238687536756984 ], [ 11.366632633039464, 53.241379262684191 ], [ 11.349312087350848, 53.246119756905891 ], [ 11.34698142023545, 53.247736774984325 ], [ 11.344556417708977, 53.249177396369731 ], [ 11.341424466146297, 53.250640510555421 ], [ 11.341600030869543, 53.254102306472127 ], [ 11.330251029405851, 53.25687099156886 ], [ 11.328545365018288, 53.261554225834907 ], [ 11.325682364074211, 53.262256715882486 ], [ 11.324368989900178, 53.263824366389628 ], [ 11.328913276571939, 53.264171314716322 ], [ 11.327010396679114, 53.2677358843398 ], [ 11.325629049392168, 53.269409244158702 ], [ 11.320382215365104, 53.269525191961236 ], [ 11.320639110174488, 53.270567660483692 ], [ 11.321110285808277, 53.271445160541326 ], [ 11.318723459000926, 53.27183969469322 ], [ 11.317012005886697, 53.271407216838462 ], [ 11.310372873441517, 53.267797408647041 ], [ 11.306864165042029, 53.269178589464438 ], [ 11.29208405426302, 53.265074606743774 ], [ 11.290809484319951, 53.265291292324164 ], [ 11.289620265188526, 53.264823298280021 ], [ 11.289383898691899, 53.264174079533966 ], [ 11.281368250513856, 53.260670782267781 ], [ 11.278428169623899, 53.26159285456437 ], [ 11.275864214982873, 53.260351387177458 ], [ 11.272467376587734, 53.261758524328435 ], [ 11.268213293198942, 53.261606970423308 ], [ 11.267773682452061, 53.25867074542014 ], [ 11.264331379847649, 53.258863595214727 ], [ 11.263806662137089, 53.259525178654542 ], [ 11.261215297829606, 53.261710452986236 ], [ 11.252036737146037, 53.26434338955913 ], [ 11.248558396537803, 53.264086614623615 ], [ 11.245948382648535, 53.265157583880566 ], [ 11.243707328493196, 53.265443637379221 ], [ 11.243527941765402, 53.262323673274871 ], [ 11.24222815994637, 53.260839967856398 ], [ 11.220655603214452, 53.26366910410529 ], [ 11.212637700546567, 53.29031801603626 ] ] ] } },
{ "type": "Feature", "properties": { "wkr": 20, "wkr_name": "Mecklenburgische Seenplatte III" }, "geometry": { "type": "Polygon", "coordinates": [ [ [ 12.910331339897979, 53.590341333062618 ], [ 12.909484340403893, 53.58902236921702 ], [ 12.906459241287799, 53.588577690491931 ], [ 12.909152053507903, 53.586992500465215 ], [ 12.910866350136191, 53.58641889308749 ], [ 12.909783078722326, 53.583544139008332 ], [ 12.908185456878758, 53.581446542631838 ], [ 12.905932834834809, 53.580341931453617 ], [ 12.905719731034234, 53.579195982901744 ], [ 12.905401004902606, 53.577458945613429 ], [ 12.901251150712197, 53.577225900020231 ], [ 12.900770317447162, 53.57609840143067 ], [ 12.90158324845159, 53.574914613729938 ], [ 12.899804075879072, 53.573446042430717 ], [ 12.899130833568623, 53.572886576257673 ], [ 12.897838379693175, 53.57179927619395 ], [ 12.896654258879716, 53.570767047281372 ], [ 12.894811060640235, 53.569124259743909 ], [ 12.887724766997232, 53.565965188758533 ], [ 12.890173094145371, 53.565288561806824 ], [ 12.889587435882145, 53.563523197205129 ], [ 12.888470060345204, 53.561746784247333 ], [ 12.883018074242949, 53.55883135272294 ], [ 12.88012387211773, 53.557278607016436 ], [ 12.883553910222565, 53.555429374303536 ], [ 12.8808587122069, 53.552986067680827 ], [ 12.87735396967895, 53.550687479825527 ], [ 12.877295040576383, 53.547653637095991 ], [ 12.87323078788399, 53.544623347629951 ], [ 12.874695625027774, 53.543786133658472 ], [ 12.874587999595068, 53.541614003136324 ], [ 12.881083718117265, 53.54037148245704 ], [ 12.884222952116367, 53.5393086951321 ], [ 12.886468963357839, 53.538306444160703 ], [ 12.884547928148541, 53.535481239750403 ], [ 12.883183086662745, 53.533377492472582 ], [ 12.880380257585371, 53.530373406810853 ], [ 12.874755607437107, 53.529158050772061 ], [ 12.871946829115965, 53.524791774787012 ], [ 12.864552211077685, 53.525544211519886 ], [ 12.861828515228293, 53.523495581610334 ], [ 12.859769754048724, 53.51857032888433 ], [ 12.867324620625091, 53.515691281917299 ], [ 12.878009714769448, 53.516042051770967 ], [ 12.880592391927104, 53.515116344629419 ], [ 12.891984120074454, 53.515858945313703 ], [ 12.896561060487155, 53.514966860605789 ], [ 12.893562929336108, 53.513239282974382 ], [ 12.89179709660316, 53.510449727994619 ], [ 12.890220731366885, 53.504994169319566 ], [ 12.889195696855857, 53.499780318108755 ], [ 12.887462312433151, 53.497068345476194 ], [ 12.877151849388195, 53.490386899526513 ], [ 12.885746798138294, 53.487264255140822 ], [ 12.885058223968617, 53.484856728607447 ], [ 12.889943961014394, 53.480870993174292 ], [ 12.885343529580323, 53.479190891400975 ], [ 12.891018699206359, 53.47537882168649 ], [ 12.886232200602386, 53.47209652150628 ], [ 12.881892553471994, 53.46778672707007 ], [ 12.885291445058533, 53.465345505742938 ], [ 12.88564057472113, 53.465139046953283 ], [ 12.885235494576923, 53.464981722829478 ], [ 12.884318470740761, 53.464631801403947 ], [ 12.881259533632086, 53.464211008700488 ], [ 12.875206535781313, 53.464087006409869 ], [ 12.876924522968867, 53.458635021626961 ], [ 12.876044058883661, 53.455305731107302 ], [ 12.875494460920745, 53.4453577525966 ], [ 12.885516399613216, 53.435711152457444 ], [ 12.874551173010587, 53.428389447416684 ], [ 12.871909370741015, 53.42604521335663 ], [ 12.87022710651809, 53.425137899223046 ], [ 12.867901923072548, 53.423535316600471 ], [ 12.868521165136189, 53.421608705402221 ], [ 12.868047007905103, 53.420660640870949 ], [ 12.867261073254069, 53.419584702362386 ], [ 12.861434918660541, 53.418980913055435 ], [ 12.857449562136436, 53.417097608409463 ], [ 12.85085302855577, 53.417163751803066 ], [ 12.849814975207195, 53.408772019097803 ], [ 12.848289863345753, 53.403723585016834 ], [ 12.846855524931009, 53.398967901429394 ], [ 12.846381749504598, 53.397377743544844 ], [ 12.844172357462059, 53.390264418710963 ], [ 12.850854799211493, 53.388295588309333 ], [ 12.85682491155651, 53.384863564951509 ], [ 12.856447814917068, 53.382789990439477 ], [ 12.855932067993773, 53.379944971398309 ], [ 12.854973495221708, 53.374418718315553 ], [ 12.854604285354917, 53.372467439658493 ], [ 12.851950600705075, 53.360531056785028 ], [ 12.849234599411851, 53.360544678076366 ], [ 12.846459984204758, 53.357724292283656 ], [ 12.843341365639738, 53.356656584654274 ], [ 12.841706012773244, 53.360170120430858 ], [ 12.832350953405777, 53.356682467123029 ], [ 12.831343192102601, 53.355319186233061 ], [ 12.832307226972418, 53.352784919598477 ], [ 12.824902606553925, 53.351115190165039 ], [ 12.824354735763221, 53.349545449499196 ], [ 12.822672337281784, 53.347310834318073 ], [ 12.823420499512061, 53.344956309971749 ], [ 12.822558535826062, 53.342521938628501 ], [ 12.818458927369521, 53.34002491678379 ], [ 12.816390180161312, 53.338374579922522 ], [ 12.815601674496433, 53.336170097368544 ], [ 12.811953412836651, 53.3354451823215 ], [ 12.810589543748073, 53.334073437756814 ], [ 12.81324631470447, 53.332993683006144 ], [ 12.814184166032495, 53.332201955493396 ], [ 12.814244261594938, 53.331073466983447 ], [ 12.814142902787014, 53.329566963894997 ], [ 12.811889729526937, 53.326242280870538 ], [ 12.812522050352117, 53.324373954708577 ], [ 12.811110971936321, 53.322088275639196 ], [ 12.811299666373753, 53.320103408636925 ], [ 12.809470076228171, 53.317270249400828 ], [ 12.810517327555312, 53.316106826577986 ], [ 12.810523427498691, 53.314278642245668 ], [ 12.809948830649505, 53.311472525635274 ], [ 12.80490717313411, 53.306651517114688 ], [ 12.804146816084375, 53.305557977404426 ], [ 12.801415265989236, 53.304486444032548 ], [ 12.797443252609343, 53.304948940219219 ], [ 12.792509330519954, 53.304858942119701 ], [ 12.788023336051998, 53.304774764547588 ], [ 12.779989845103252, 53.303819267293107 ], [ 12.7751108262879, 53.302706438249729 ], [ 12.767103338538666, 53.301177042188883 ], [ 12.766678638780524, 53.298420907913659 ], [ 12.766561262138522, 53.290371298919695 ], [ 12.764072167343825, 53.286704515637567 ], [ 12.768197644254597, 53.284850573309072 ], [ 12.773923949641228, 53.283106236109376 ], [ 12.775755122405398, 53.281452282632699 ], [ 12.777349821355386, 53.279149298819434 ], [ 12.774711441317155, 53.278293799834742 ], [ 12.769554859412089, 53.276669995915917 ], [ 12.760453723377456, 53.273601161254362 ], [ 12.758345218853501, 53.272919569221401 ], [ 12.755784162278207, 53.270537564284247 ], [ 12.7581129707381, 53.269615418489458 ], [ 12.75871224640917, 53.267453171382869 ], [ 12.757247998079672, 53.265656610456524 ], [ 12.755536379342409, 53.265059303680758 ], [ 12.754752054398729, 53.264642397225359 ], [ 12.753521636619059, 53.258980748937645 ], [ 12.752912990091961, 53.253585721297725 ], [ 12.753979340210737, 53.251190502432749 ], [ 12.757402962625759, 53.249887525905493 ], [ 12.763872262799232, 53.242034578038876 ], [ 12.775885442014653, 53.238235697943495 ], [ 12.782139479116458, 53.238520396929736 ], [ 12.789861117498926, 53.237054685071612 ], [ 12.791116605288748, 53.236113474283499 ], [ 12.793995223345538, 53.234879216830478 ], [ 12.80033260738003, 53.235763949429 ], [ 12.800446941551469, 53.23467625580512 ], [ 12.801790080150971, 53.231966309499768 ], [ 12.804294469576194, 53.22235544907997 ], [ 12.803284910532451, 53.216766374487399 ], [ 12.801344385269127, 53.211274131332644 ], [ 12.797165120707252, 53.2105928673775 ], [ 12.797146286755734, 53.209450132585722 ], [ 12.806626222378624, 53.20930033679992 ], [ 12.81187861773733, 53.210344023533622 ], [ 12.815169648978966, 53.208875008148453 ], [ 12.812962194559301, 53.207546607211157 ], [ 12.810391181434872, 53.207631351571798 ], [ 12.808396026310207, 53.20548646701176 ], [ 12.810843962332637, 53.203006431038233 ], [ 12.81480563336803, 53.199331560625211 ], [ 12.815029728807037, 53.1957339698304 ], [ 12.814963467907127, 53.194361401809317 ], [ 12.814235258070459, 53.192019347442759 ], [ 12.810357791349864, 53.194855870189471 ], [ 12.810645895921231, 53.196365666918247 ], [ 12.812398084516312, 53.197112862776933 ], [ 12.809957794834856, 53.197496600927423 ], [ 12.806670516558885, 53.196584993537734 ], [ 12.805399456056108, 53.194156253824822 ], [ 12.800440148872571, 53.193249964106528 ], [ 12.79924611479745, 53.192079158991334 ], [ 12.799658242132518, 53.191115118736633 ], [ 12.797212680607471, 53.19070032261456 ], [ 12.796021799038504, 53.189951316408603 ], [ 12.793375604073203, 53.19083573525549 ], [ 12.790166560651901, 53.190886857971059 ], [ 12.788348102103628, 53.189718405159162 ], [ 12.784291225340567, 53.188303776654479 ], [ 12.780996020921572, 53.187774694612052 ], [ 12.778365889615118, 53.188861477446949 ], [ 12.775503886368083, 53.188784819984861 ], [ 12.77152244558274, 53.187955719420451 ], [ 12.766575410563306, 53.18880540584194 ], [ 12.764158534152905, 53.1893561176473 ], [ 12.759222511853672, 53.195230735464186 ], [ 12.75003839435511, 53.196573424849888 ], [ 12.747169688284535, 53.198023831576819 ], [ 12.739915184949128, 53.199382185736496 ], [ 12.739647295488675, 53.200092078628842 ], [ 12.744947908585369, 53.203184598957748 ], [ 12.749381841660231, 53.206062681215464 ], [ 12.752756950743152, 53.210707217323041 ], [ 12.754160562851887, 53.213249686379733 ], [ 12.75549315597409, 53.21578106002616 ], [ 12.756458744042906, 53.217634721089347 ], [ 12.758054696921224, 53.220960818369726 ], [ 12.758502900001785, 53.223246087344386 ], [ 12.757896795318691, 53.223979835851111 ], [ 12.749350779350328, 53.225390814644264 ], [ 12.747148993121288, 53.225325551394455 ], [ 12.745551743156497, 53.223567345632141 ], [ 12.740048618734127, 53.22284586898185 ], [ 12.731738778935769, 53.222275908113119 ], [ 12.72797376747449, 53.22244695705249 ], [ 12.722573063496647, 53.22192716670525 ], [ 12.72025872287435, 53.223250010643667 ], [ 12.715619863518443, 53.224651321426528 ], [ 12.707807323434409, 53.22554544218869 ], [ 12.69693769122336, 53.226812858650128 ], [ 12.690946507366661, 53.226381224028835 ], [ 12.686183300075099, 53.227195907942338 ], [ 12.68288343506735, 53.226834643188496 ], [ 12.672752169687818, 53.22948934086422 ], [ 12.66555077044497, 53.231993189763962 ], [ 12.664458771648047, 53.234340091059444 ], [ 12.668865281001144, 53.236093059319707 ], [ 12.669851818636122, 53.237486893413596 ], [ 12.66618901872584, 53.238370523308738 ], [ 12.66632126425201, 53.240643808991948 ], [ 12.670729587099776, 53.242690972379698 ], [ 12.671957150997619, 53.244376544127583 ], [ 12.675755254628458, 53.246350308624763 ], [ 12.675392916246613, 53.247523584220424 ], [ 12.67417617705209, 53.248772117738028 ], [ 12.668185076754922, 53.248194318292249 ], [ 12.667089521488519, 53.24966282204398 ], [ 12.665880802387807, 53.252964922401887 ], [ 12.657694991505567, 53.254880529516917 ], [ 12.648071211177877, 53.254935127682657 ], [ 12.638665441220271, 53.254049554615889 ], [ 12.627858394224379, 53.254110527544327 ], [ 12.627196070766949, 53.253100280887175 ], [ 12.624328820501205, 53.252013746164501 ], [ 12.621004184379103, 53.251257727734412 ], [ 12.618190707573449, 53.251626783246408 ], [ 12.616349602330981, 53.249501014221494 ], [ 12.614024402848122, 53.248404540223028 ], [ 12.610965863018455, 53.247526714269583 ], [ 12.609129853207598, 53.245695202542521 ], [ 12.607685668619721, 53.245200460260619 ], [ 12.605703273158021, 53.244305363073707 ], [ 12.603912626789921, 53.244574797652916 ], [ 12.601427614246109, 53.244895293358098 ], [ 12.600632814780051, 53.24658830557118 ], [ 12.598753410187994, 53.248264920843006 ], [ 12.596236660285273, 53.248435318965768 ], [ 12.58772025910554, 53.250999582365594 ], [ 12.580737285173321, 53.25251473345709 ], [ 12.569705671505972, 53.254866628887136 ], [ 12.561115428418713, 53.257510799862423 ], [ 12.549593668232538, 53.261957814016981 ], [ 12.543276446828001, 53.262895977114482 ], [ 12.53314600706784, 53.26416134826453 ], [ 12.52932831017581, 53.264647342464848 ], [ 12.516108935799435, 53.263487892683202 ], [ 12.500698420303397, 53.262021686865076 ], [ 12.500751379435931, 53.257820801414034 ], [ 12.500541717502852, 53.256897473227085 ], [ 12.49739886462646, 53.254909139692479 ], [ 12.494709305057324, 53.255054856386593 ], [ 12.485906082391537, 53.255569432318609 ], [ 12.476855970736324, 53.255788867767116 ], [ 12.471198964366653, 53.256265807020434 ], [ 12.464284288882302, 53.255511243605277 ], [ 12.456562409951758, 53.253362985914194 ], [ 12.446055589862764, 53.249757065910714 ], [ 12.445072842323681, 53.251376425072273 ], [ 12.441403333371071, 53.253135809997801 ], [ 12.439811200396377, 53.255774545189098 ], [ 12.436017521991456, 53.257166219792964 ], [ 12.434097960994707, 53.260608990898028 ], [ 12.432066900687309, 53.262453301722068 ], [ 12.431784907392998, 53.267352665003344 ], [ 12.431962098338724, 53.271095277617604 ], [ 12.428623967916959, 53.274934563929499 ], [ 12.420679751188985, 53.276319665053308 ], [ 12.414319025973061, 53.278377115685146 ], [ 12.410373351083871, 53.279488318512499 ], [ 12.40134164299767, 53.279240397046664 ], [ 12.394541565205008, 53.282534221813421 ], [ 12.393193314662778, 53.284950106122544 ], [ 12.393629788843837, 53.288618919125184 ], [ 12.397652487604944, 53.29300989295767 ], [ 12.398092337720227, 53.29551504871867 ], [ 12.397540786714059, 53.297790757988061 ], [ 12.396745346900174, 53.299537777332759 ], [ 12.39595109825809, 53.300772608556564 ], [ 12.394134382230003, 53.302169842025684 ], [ 12.392253623561039, 53.302258663222432 ], [ 12.388438905569497, 53.301847654423284 ], [ 12.380749689229225, 53.302399087881241 ], [ 12.378099501696679, 53.303267872961491 ], [ 12.373850465113792, 53.305725289270349 ], [ 12.363380659435434, 53.306506309244782 ], [ 12.358334833121573, 53.309119391796528 ], [ 12.35322184002918, 53.312468920489422 ], [ 12.347050082737006, 53.314898043609766 ], [ 12.34267318728863, 53.3156849792325 ], [ 12.338829326075457, 53.316315309828255 ], [ 12.33192850045369, 53.317894973325885 ], [ 12.336873976020778, 53.324521994481977 ], [ 12.342919041142782, 53.331804756096709 ], [ 12.34453553703157, 53.333234818505211 ], [ 12.343949994628831, 53.334448064468788 ], [ 12.341189342204972, 53.338355702178426 ], [ 12.339159422945247, 53.341089409512804 ], [ 12.338170681524831, 53.342019674236234 ], [ 12.333461796051131, 53.343106423903734 ], [ 12.326921190908909, 53.343753357854382 ], [ 12.326342056220062, 53.346600898357579 ], [ 12.322863082534456, 53.351287098146123 ], [ 12.318654436166952, 53.35707007973447 ], [ 12.315207831414277, 53.356992237110454 ], [ 12.311803498295355, 53.352072072344654 ], [ 12.289998443886075, 53.354753027203422 ], [ 12.296368211199136, 53.35894979284474 ], [ 12.299633722034901, 53.358969150861604 ], [ 12.300142539172743, 53.362790176935491 ], [ 12.311656218040596, 53.362183112865416 ], [ 12.312064009072683, 53.365629536079446 ], [ 12.302097517888578, 53.369359603572306 ], [ 12.290642670160398, 53.370534937510101 ], [ 12.287948296392361, 53.372288979356576 ], [ 12.283437649582503, 53.373657746690363 ], [ 12.278896024028343, 53.375802287208657 ], [ 12.27506851761553, 53.378678273159885 ], [ 12.279940042117275, 53.381417410976255 ], [ 12.287260492845423, 53.383812346605723 ], [ 12.293631400707957, 53.387328827093071 ], [ 12.304095133044967, 53.392176824818193 ], [ 12.307474730607526, 53.393873791568218 ], [ 12.309180548195696, 53.392256044185899 ], [ 12.311696838323975, 53.391616046348943 ], [ 12.314195543424761, 53.391236819708482 ], [ 12.316344969133898, 53.391896596098775 ], [ 12.316579223271059, 53.392770951670215 ], [ 12.316927178417361, 53.394173897801927 ], [ 12.316443865222572, 53.395441113557453 ], [ 12.312715347991354, 53.396255558872994 ], [ 12.31117264513856, 53.399129540012737 ], [ 12.307710994935116, 53.402258552983106 ], [ 12.303077337583177, 53.40544288221259 ], [ 12.303912887296431, 53.411041044895924 ], [ 12.303244340133659, 53.413771091204055 ], [ 12.307414289908056, 53.414710241318019 ], [ 12.310168390489096, 53.413408490255478 ], [ 12.310893764808709, 53.415899465761406 ], [ 12.304799131220902, 53.418095998944409 ], [ 12.300150704220194, 53.425415310473682 ], [ 12.304440032651454, 53.427051103460585 ], [ 12.306248820711222, 53.42859603030972 ], [ 12.309351628202627, 53.431024128621978 ], [ 12.309336095808911, 53.433634871016828 ], [ 12.310892415066585, 53.438021871864862 ], [ 12.30938812501056, 53.441634726576389 ], [ 12.309072514763061, 53.445283761012796 ], [ 12.307701729182536, 53.447159414856706 ], [ 12.312720330072811, 53.450488605775405 ], [ 12.314831446258678, 53.452923668717879 ], [ 12.319842737453845, 53.453504580319475 ], [ 12.326391346166144, 53.452399291812299 ], [ 12.329273557902455, 53.452986946476472 ], [ 12.331069528345802, 53.454595535673924 ], [ 12.333397306331689, 53.456434008810668 ], [ 12.338167998401792, 53.4578671593815 ], [ 12.340120899696009, 53.458952621364098 ], [ 12.342887266823807, 53.459983173559557 ], [ 12.345632431899915, 53.464414332315009 ], [ 12.34673095560516, 53.466772126509703 ], [ 12.347238486157615, 53.469573235495744 ], [ 12.347856012693438, 53.471960402725422 ], [ 12.350560841959718, 53.474527783933283 ], [ 12.355274601630434, 53.475750611155505 ], [ 12.360332579774735, 53.477605651136251 ], [ 12.365677596336745, 53.479124031598282 ], [ 12.355467921676199, 53.479403286731859 ], [ 12.349062913789325, 53.479311615132879 ], [ 12.336605041423873, 53.479043337645727 ], [ 12.335903821564148, 53.478119057479184 ], [ 12.330919868661988, 53.477938600866366 ], [ 12.325070385288793, 53.480773933629941 ], [ 12.323574525876213, 53.482719200270857 ], [ 12.321075344759569, 53.485742145897703 ], [ 12.319969757122145, 53.488341346232879 ], [ 12.317358648458645, 53.492377802220595 ], [ 12.318915474431002, 53.493099547655099 ], [ 12.303222207026643, 53.497875662664363 ], [ 12.301424387147767, 53.498616771505354 ], [ 12.303134522373616, 53.501617883306665 ], [ 12.302203101077852, 53.504732540227252 ], [ 12.300385730967102, 53.50808764200594 ], [ 12.298471327184432, 53.510570758400739 ], [ 12.294598499163762, 53.513454959701676 ], [ 12.289333935917396, 53.51725969259995 ], [ 12.293094953111165, 53.520526352125238 ], [ 12.295022746751471, 53.5270558148814 ], [ 12.294086938816806, 53.529117899832961 ], [ 12.297118275978599, 53.536424262305843 ], [ 12.300602173028022, 53.54424316504555 ], [ 12.304231562112795, 53.553517246220544 ], [ 12.302406248062468, 53.55677198004912 ], [ 12.306263621382083, 53.562656092988831 ], [ 12.304956593217018, 53.565255685076522 ], [ 12.305694743407024, 53.567786185717722 ], [ 12.311350438404848, 53.568738068080059 ], [ 12.315041006519133, 53.570679713415167 ], [ 12.317148182916256, 53.57299732471143 ], [ 12.317340110526688, 53.575479007461034 ], [ 12.324408982801138, 53.578836948085907 ], [ 12.326373578515232, 53.579098617980861 ], [ 12.329276307502571, 53.579947643790447 ], [ 12.334072763688592, 53.58200790428203 ], [ 12.335888312509743, 53.583782747174581 ], [ 12.339211392972944, 53.585851236127638 ], [ 12.336487540584445, 53.590791203897837 ], [ 12.342094557692331, 53.592544951237166 ], [ 12.346178181007593, 53.592778104876814 ], [ 12.34897969956358, 53.59361790025504 ], [ 12.351731428607259, 53.589951251154943 ], [ 12.35424215069429, 53.585729641591485 ], [ 12.362669882662583, 53.584829951295823 ], [ 12.374820146583287, 53.585319317108002 ], [ 12.371113041246552, 53.576792411477811 ], [ 12.375407102830513, 53.5758394752865 ], [ 12.388616064957994, 53.575300854088894 ], [ 12.390638368859715, 53.57385281785816 ], [ 12.392311433416753, 53.571667320038614 ], [ 12.391450365851901, 53.56876071996723 ], [ 12.398646324724501, 53.567366850955729 ], [ 12.402131779629414, 53.572605535472576 ], [ 12.410810216082627, 53.575374202930327 ], [ 12.416254765327551, 53.584046257739914 ], [ 12.401667879203945, 53.599598031936566 ], [ 12.398595083660881, 53.602861885888721 ], [ 12.401023443424338, 53.603470450214466 ], [ 12.403702293473435, 53.603016876626846 ], [ 12.405104900382604, 53.604156386932381 ], [ 12.403139602526254, 53.607090873091096 ], [ 12.40674417104939, 53.608066875399764 ], [ 12.411894597415612, 53.610923055454712 ], [ 12.411129759116756, 53.615625503926132 ], [ 12.409126318347109, 53.619830587739607 ], [ 12.407219722571385, 53.625264972913278 ], [ 12.412564006420682, 53.625942877265651 ], [ 12.41026122224007, 53.635138150570739 ], [ 12.408089223562092, 53.636350712205044 ], [ 12.414205700925313, 53.642277966081735 ], [ 12.416684398459841, 53.646792113259757 ], [ 12.41227251058376, 53.648426900077283 ], [ 12.406899369199927, 53.651686712871104 ], [ 12.401259224992689, 53.658287623615827 ], [ 12.397452520275433, 53.662511989670996 ], [ 12.396302483009324, 53.665766353156215 ], [ 12.396292300524619, 53.665885543731022 ], [ 12.399369357026879, 53.667133207804113 ], [ 12.421553388872452, 53.671151348397132 ], [ 12.433439843012057, 53.672965720502241 ], [ 12.439204903090427, 53.666665973473151 ], [ 12.443088632423299, 53.667177611974878 ], [ 12.452469300730796, 53.663207645060311 ], [ 12.450328336400625, 53.662421753649461 ], [ 12.456728567342502, 53.660447564918513 ], [ 12.459785067814337, 53.659973848672898 ], [ 12.462439343657966, 53.66258068003188 ], [ 12.46802331331069, 53.662504770315238 ], [ 12.466318566614992, 53.66663383046464 ], [ 12.462090623035259, 53.668243408478141 ], [ 12.44695566527211, 53.676789317075283 ], [ 12.450645928414792, 53.678851170582533 ], [ 12.45350885179071, 53.675937168655331 ], [ 12.457720879055115, 53.678520870817856 ], [ 12.459894158511997, 53.680344229692906 ], [ 12.458358190194167, 53.682165636913076 ], [ 12.458919583071449, 53.68657627640755 ], [ 12.461632461242584, 53.689088543185399 ], [ 12.460521589648307, 53.691705447970939 ], [ 12.457749052730044, 53.692962833994564 ], [ 12.457805851676479, 53.693257694704755 ], [ 12.460387603245181, 53.693781436087619 ], [ 12.4628153865635, 53.695453831304 ], [ 12.464479738088171, 53.696287977750494 ], [ 12.467375581683871, 53.697230367834052 ], [ 12.472985766722314, 53.698574805205681 ], [ 12.473436926344753, 53.696319307747174 ], [ 12.472359464662066, 53.693182444653793 ], [ 12.468534580247129, 53.690647683697762 ], [ 12.466149541971266, 53.688089841266859 ], [ 12.465897278519558, 53.686723589000771 ], [ 12.468201036034129, 53.683307261740538 ], [ 12.479233090821506, 53.687194336819253 ], [ 12.487167741433117, 53.690097424504891 ], [ 12.502089680296036, 53.678000374451628 ], [ 12.497589062492791, 53.674340307324819 ], [ 12.500943034694918, 53.672003050330318 ], [ 12.501841949600022, 53.669042628578879 ], [ 12.49838638243812, 53.66767524958059 ], [ 12.502386101969593, 53.664641367079838 ], [ 12.503661884914564, 53.660395868938956 ], [ 12.503594494082028, 53.65841909522311 ], [ 12.508549172126175, 53.655474556602698 ], [ 12.510916708776319, 53.653857362384535 ], [ 12.515386291327967, 53.654007939968118 ], [ 12.522161528561435, 53.654313163245099 ], [ 12.529502392953377, 53.656485380740946 ], [ 12.531234953304267, 53.657878231259943 ], [ 12.541971178029568, 53.658106295740126 ], [ 12.546317629974299, 53.659623702951784 ], [ 12.550958506968284, 53.659967504082829 ], [ 12.552868630533526, 53.658707597888998 ], [ 12.557544211051569, 53.659883759089581 ], [ 12.560229371485132, 53.657946721070822 ], [ 12.564188153038772, 53.653192595622031 ], [ 12.568578674678788, 53.652563762924295 ], [ 12.580897120329992, 53.653521203859079 ], [ 12.582311865938429, 53.653438381470998 ], [ 12.586129726866083, 53.653044101705177 ], [ 12.592895132224472, 53.652728467247584 ], [ 12.595566101478896, 53.651652813755319 ], [ 12.597601875843781, 53.649332955203271 ], [ 12.600063615373491, 53.647968729308197 ], [ 12.605551321500011, 53.647330649823935 ], [ 12.605142602955569, 53.645238389879253 ], [ 12.608220386109458, 53.644167442890485 ], [ 12.611155550955047, 53.642809579922627 ], [ 12.621907187695836, 53.642694302372135 ], [ 12.625115331461547, 53.64212085461596 ], [ 12.626176350088111, 53.640839707558534 ], [ 12.632405870606242, 53.645575861244801 ], [ 12.642614610028808, 53.653814827704082 ], [ 12.647028452082179, 53.655298174638119 ], [ 12.656628937992879, 53.65322674962821 ], [ 12.663172896699191, 53.652599900325399 ], [ 12.66632502546098, 53.653039892075512 ], [ 12.668111539187525, 53.653760340345904 ], [ 12.672157030226296, 53.655630975104252 ], [ 12.67547957906139, 53.657241843091924 ], [ 12.679843503399223, 53.65724681858449 ], [ 12.682052240777162, 53.657356383052395 ], [ 12.685816921491044, 53.657364565797856 ], [ 12.686317829933316, 53.660330811548498 ], [ 12.697107646910831, 53.663432582190119 ], [ 12.702971398505872, 53.665449470754332 ], [ 12.709098312906752, 53.664663560997731 ], [ 12.719442351437571, 53.663153774217257 ], [ 12.732300053807503, 53.661360314390414 ], [ 12.729546135054628, 53.654931851557009 ], [ 12.728701897411391, 53.649983205454916 ], [ 12.717648947244504, 53.639583815239646 ], [ 12.731660031056501, 53.634064717135885 ], [ 12.729511759964172, 53.63290453377644 ], [ 12.724556566836837, 53.629797911562257 ], [ 12.723491700241709, 53.629222485957229 ], [ 12.72235360375538, 53.628400259964103 ], [ 12.719521618126059, 53.627281566143701 ], [ 12.717454872177829, 53.625788884025134 ], [ 12.717290803507009, 53.623070892816706 ], [ 12.718911531799492, 53.618178461765211 ], [ 12.729982559565343, 53.617309012982169 ], [ 12.742514525184747, 53.615061915663539 ], [ 12.757022660272268, 53.611769381750285 ], [ 12.760270428839451, 53.613115277318201 ], [ 12.763879256203371, 53.614685191548155 ], [ 12.770232997558471, 53.614154837060475 ], [ 12.775076276937176, 53.613504183028823 ], [ 12.779843796874935, 53.612844517787771 ], [ 12.783457862700622, 53.612616334675735 ], [ 12.787061459033396, 53.611938755454823 ], [ 12.789407174067662, 53.611490926576167 ], [ 12.79274457207538, 53.611144026327715 ], [ 12.796903121601479, 53.611030973527818 ], [ 12.796452081221025, 53.608979811147918 ], [ 12.797174783361733, 53.607810527916747 ], [ 12.798176854801834, 53.60552684014457 ], [ 12.798604727462148, 53.601589803870333 ], [ 12.796908490572649, 53.593801895074606 ], [ 12.797512273148204, 53.592827329322155 ], [ 12.799378748842972, 53.592735134917511 ], [ 12.814224191571588, 53.589141033588696 ], [ 12.817004424611536, 53.587273817249482 ], [ 12.817641181330437, 53.58529091279393 ], [ 12.826559423831604, 53.586730360393616 ], [ 12.829045587874148, 53.587971720327964 ], [ 12.832934026599951, 53.588760513332915 ], [ 12.833828143906469, 53.588939233426785 ], [ 12.834634296090087, 53.589400686066178 ], [ 12.835395225936182, 53.589839981038757 ], [ 12.835618285777516, 53.59101999610855 ], [ 12.83491132345047, 53.593701521978105 ], [ 12.831635551256866, 53.592864293346892 ], [ 12.826836201946834, 53.596682295404662 ], [ 12.8309763762395, 53.599715616249078 ], [ 12.835963753592953, 53.601054521152747 ], [ 12.839386047072134, 53.602734707710589 ], [ 12.840426534024207, 53.605387313353702 ], [ 12.84546283942014, 53.605523852011842 ], [ 12.849204445438254, 53.603884544968111 ], [ 12.85215829677793, 53.602018214976987 ], [ 12.85447146843428, 53.597443464851864 ], [ 12.870233136555944, 53.599535921158051 ], [ 12.887239496551446, 53.600695262306537 ], [ 12.895980758616588, 53.601287815887382 ], [ 12.906587503435805, 53.601362137260779 ], [ 12.905733973230273, 53.598520209517815 ], [ 12.902648028118083, 53.598334494774889 ], [ 12.905137788758301, 53.59573317135203 ], [ 12.910331339897979, 53.590341333062618 ] ] ] } },
{ "type": "Feature", "properties": { "wkr": 21, "wkr_name": "Mecklenburgische Seenplatte IV" }, "geometry": { "type": "Polygon", "coordinates": [ [ [ 13.180687659445464, 53.465022551736212 ], [ 13.182664850120501, 53.462895788502891 ], [ 13.188755572149864, 53.448058176823196 ], [ 13.186279635478023, 53.443156493490136 ], [ 13.188800431775144, 53.440218071526509 ], [ 13.193724252211856, 53.441608246595983 ], [ 13.198155125414909, 53.438759028705235 ], [ 13.194353672149164, 53.438071619591653 ], [ 13.195313351415063, 53.435798762719024 ], [ 13.190740994112648, 53.435154919900704 ], [ 13.191044963242353, 53.432527693021207 ], [ 13.194425038329294, 53.431891784447856 ], [ 13.202129644673855, 53.43167001736915 ], [ 13.202456086428374, 53.43453272118213 ], [ 13.203619628586154, 53.43426447343596 ], [ 13.204998133322572, 53.433311759361402 ], [ 13.207717203244334, 53.432494423005046 ], [ 13.209421700769726, 53.43526706056582 ], [ 13.214247710610794, 53.435135898443896 ], [ 13.226516110358153, 53.434321338620734 ], [ 13.228545392241523, 53.44081794662857 ], [ 13.2322818627615, 53.449910644040116 ], [ 13.238450084991801, 53.449374061685162 ], [ 13.237550406264114, 53.448046075616922 ], [ 13.245029887152612, 53.445580457582601 ], [ 13.249035806954206, 53.443807854610583 ], [ 13.24868140647585, 53.438368362435838 ], [ 13.255630337762339, 53.437664259345055 ], [ 13.252911159880513, 53.435795832805347 ], [ 13.252981079669135, 53.434137886185354 ], [ 13.264290023680067, 53.434074700202181 ], [ 13.265478283681379, 53.437752823023793 ], [ 13.268486479599991, 53.438895567235157 ], [ 13.270086204131394, 53.439993939825804 ], [ 13.273915140288592, 53.440049732226683 ], [ 13.276585502163586, 53.438028605479118 ], [ 13.278087698718176, 53.436335696017139 ], [ 13.281835351251077, 53.431144152154467 ], [ 13.286259098549682, 53.423635363203168 ], [ 13.292040443289434, 53.425147928589567 ], [ 13.296332329440151, 53.425722433433755 ], [ 13.29772195334661, 53.426889877304454 ], [ 13.299917744391138, 53.429494544918704 ], [ 13.300546758060202, 53.430475639539694 ], [ 13.302483868414891, 53.42993097773261 ], [ 13.304673378662081, 53.430305306099143 ], [ 13.305950488192941, 53.431925057785428 ], [ 13.307341269741309, 53.433088383632104 ], [ 13.310286030973607, 53.434358080075206 ], [ 13.312583779844642, 53.436251147814943 ], [ 13.31563518717997, 53.436639281586658 ], [ 13.317183794867534, 53.437257201789677 ], [ 13.317648418869746, 53.437408616336072 ], [ 13.317956557730655, 53.437130608096133 ], [ 13.319109403618327, 53.43599929929858 ], [ 13.318684494637697, 53.434620484656726 ], [ 13.323915865394657, 53.433205472836335 ], [ 13.326620967052939, 53.432673277414956 ], [ 13.335469871327241, 53.429247959143922 ], [ 13.337391286893185, 53.430479247617086 ], [ 13.340180596369915, 53.431315520467777 ], [ 13.342193799695014, 53.431288993987899 ], [ 13.346538646210053, 53.430488729876089 ], [ 13.350057097864479, 53.431689771013879 ], [ 13.355434095156326, 53.433301549552894 ], [ 13.364235550931358, 53.436054573892214 ], [ 13.372264463988182, 53.436680260827131 ], [ 13.376667595663392, 53.436739058079056 ], [ 13.383933496394244, 53.4320889255672 ], [ 13.394150048260935, 53.427699524216948 ], [ 13.400434169828747, 53.424602829386217 ], [ 13.406028110841422, 53.425192664635894 ], [ 13.408233716957488, 53.424018051636878 ], [ 13.406992414506774, 53.422453896819533 ], [ 13.404001910751841, 53.421639359042743 ], [ 13.403190096289968, 53.416384621898501 ], [ 13.410009502533645, 53.411057142022464 ], [ 13.421835863843395, 53.402353222558332 ], [ 13.431447995229606, 53.405522293805845 ], [ 13.442529003924028, 53.407548342472936 ], [ 13.448884876905852, 53.408536658758926 ], [ 13.454552685116083, 53.409324510852599 ], [ 13.458875230536307, 53.409210112048648 ], [ 13.464496426658245, 53.40893820038233 ], [ 13.466438180704859, 53.409646638745023 ], [ 13.471069266098134, 53.410717258547592 ], [ 13.471791003590219, 53.411035028950167 ], [ 13.476631692232093, 53.411584361021184 ], [ 13.477755553318099, 53.408419542710028 ], [ 13.480910225185401, 53.408716259820892 ], [ 13.482716634251041, 53.410545697808807 ], [ 13.485222779650721, 53.409305132822467 ], [ 13.4844030240002, 53.407557203402511 ], [ 13.493299370407946, 53.407126684676797 ], [ 13.510958469204191, 53.406861882747911 ], [ 13.514096883728255, 53.406529275240317 ], [ 13.513637085389565, 53.405687553106709 ], [ 13.526829539373633, 53.402479782523471 ], [ 13.529671701306242, 53.401160094971679 ], [ 13.526738745761818, 53.395778793392154 ], [ 13.524703801293095, 53.392069258551068 ], [ 13.52777112732846, 53.391541483278509 ], [ 13.531412036377095, 53.390157270159854 ], [ 13.535082053117987, 53.387663172941579 ], [ 13.53793803919659, 53.388863088738951 ], [ 13.541884100232375, 53.388711298835098 ], [ 13.546582025152665, 53.389488035361836 ], [ 13.549208585276896, 53.388919587028745 ], [ 13.550852632282636, 53.388518272562443 ], [ 13.554017633601458, 53.388374919987328 ], [ 13.555455877528304, 53.387842226883997 ], [ 13.555914778522169, 53.386313814447973 ], [ 13.554243906326139, 53.384550930064655 ], [ 13.554055784894269, 53.382733188027743 ], [ 13.552613778259799, 53.38156159760203 ], [ 13.549917645199367, 53.381330576329653 ], [ 13.551280683437861, 53.379902989110164 ], [ 13.556554367357057, 53.379784728839638 ], [ 13.55664457452237, 53.378561492371695 ], [ 13.556752860706663, 53.377207756920527 ], [ 13.556593768646906, 53.376337114312356 ], [ 13.555513326599307, 53.3760050145167 ], [ 13.552146435916004, 53.374169332616283 ], [ 13.546830816688798, 53.37098653369344 ], [ 13.543049869790279, 53.364133999703157 ], [ 13.534224387038936, 53.364356268393692 ], [ 13.532891446429764, 53.365028289746043 ], [ 13.529612873174992, 53.366229611705094 ], [ 13.525954839147266, 53.367067670937097 ], [ 13.525567601996896, 53.366264190898285 ], [ 13.516805407523039, 53.352242078269676 ], [ 13.525330885736548, 53.350816688812387 ], [ 13.525220850800432, 53.346831155801553 ], [ 13.523895506556016, 53.342588532728513 ], [ 13.522076334781056, 53.341871262572973 ], [ 13.519831578993795, 53.339773507694261 ], [ 13.519848644022247, 53.337488054735452 ], [ 13.521444884495454, 53.336247473327113 ], [ 13.521984557190706, 53.335101269869746 ], [ 13.523246979925332, 53.334665722872877 ], [ 13.521230969193176, 53.333244815325884 ], [ 13.5218954032831, 53.331250470807149 ], [ 13.521989392658792, 53.329622658164169 ], [ 13.523086124191151, 53.324112236116413 ], [ 13.52373456288707, 53.320511244176259 ], [ 13.523078231499387, 53.319579695528681 ], [ 13.519031231353816, 53.318571364506447 ], [ 13.514650915875933, 53.318060209867312 ], [ 13.512895394956336, 53.318036838372549 ], [ 13.510938323035855, 53.318125300444919 ], [ 13.510861304157043, 53.319959610691456 ], [ 13.509435148205366, 53.321879468555551 ], [ 13.508488346270534, 53.323280612555315 ], [ 13.506569048768899, 53.324984376502265 ], [ 13.504900504762567, 53.326978098099495 ], [ 13.503438022973603, 53.327356624553538 ], [ 13.501709345753962, 53.326784581614987 ], [ 13.501800819396376, 53.325390553852621 ], [ 13.50433057480355, 53.322333427626283 ], [ 13.504760394036465, 53.320965840319111 ], [ 13.506043864073215, 53.318240483661576 ], [ 13.506634893675599, 53.317354638269734 ], [ 13.506356999031095, 53.315963794142036 ], [ 13.505405194340842, 53.314893067703814 ], [ 13.499360893807152, 53.310082912872005 ], [ 13.496951804588322, 53.306507526463562 ], [ 13.497401581055108, 53.304964409817593 ], [ 13.497709573884043, 53.302393278686147 ], [ 13.496333194669852, 53.301011560107227 ], [ 13.494460985639066, 53.299633715188257 ], [ 13.491229889138085, 53.297460514980131 ], [ 13.488244845160333, 53.295431340026049 ], [ 13.487333192371478, 53.293620764170974 ], [ 13.484004593813331, 53.291571599366726 ], [ 13.477000210606471, 53.291077897577054 ], [ 13.468211084447228, 53.289711566105346 ], [ 13.46091796017472, 53.288923143895502 ], [ 13.458155588982098, 53.291349744582639 ], [ 13.456657799286592, 53.294163936910472 ], [ 13.456343811037303, 53.297746067788765 ], [ 13.453667361419338, 53.29849982537506 ], [ 13.445165593307896, 53.298403180739832 ], [ 13.44156278251025, 53.298389646983338 ], [ 13.438834709257339, 53.299637182513536 ], [ 13.437029446765495, 53.299146656887729 ], [ 13.437658647399994, 53.297486816259941 ], [ 13.435093831928413, 53.294760801302978 ], [ 13.436336756814201, 53.291997204492247 ], [ 13.437896576154047, 53.292324271493577 ], [ 13.43837156625125, 53.291474423014463 ], [ 13.435253407677838, 53.290989994560682 ], [ 13.43388725927456, 53.28978374983717 ], [ 13.438911408701298, 53.287151253268433 ], [ 13.442089093072184, 53.28704094474309 ], [ 13.441137143378075, 53.285524838734304 ], [ 13.437364901213876, 53.284156742981722 ], [ 13.434342226330349, 53.282591572776447 ], [ 13.431784552497968, 53.284119302186468 ], [ 13.427628595651646, 53.281272995949287 ], [ 13.42852589538991, 53.280460778969015 ], [ 13.427153704051907, 53.278905200876537 ], [ 13.426457887075481, 53.276202808641564 ], [ 13.422601677331574, 53.271534554722145 ], [ 13.420523105693359, 53.269392770099969 ], [ 13.418384715765344, 53.268434009734577 ], [ 13.417622597668096, 53.267611098968942 ], [ 13.414266018816399, 53.265216623059167 ], [ 13.414659301045354, 53.264319160512876 ], [ 13.412515101051106, 53.26306583324012 ], [ 13.408807394537451, 53.263013148797334 ], [ 13.408333459264304, 53.262502217132571 ], [ 13.40878714352916, 53.261981918034017 ], [ 13.407872308016554, 53.259487837813211 ], [ 13.408835775290147, 53.258091765290949 ], [ 13.407822691948493, 53.257146706742425 ], [ 13.407736287839732, 53.25607548404394 ], [ 13.407180932010561, 53.255048213687644 ], [ 13.405707702762045, 53.254106612253956 ], [ 13.404468264183411, 53.251812723489913 ], [ 13.403748644482683, 53.249119482425314 ], [ 13.405917423868388, 53.248388324946085 ], [ 13.40506644685626, 53.246509137788379 ], [ 13.401048103824674, 53.245865400980271 ], [ 13.397596480250197, 53.245979008111128 ], [ 13.393436964303465, 53.243282202088999 ], [ 13.389332030295755, 53.242593709707435 ], [ 13.387636915204093, 53.243413000360576 ], [ 13.385673230498087, 53.245564600470971 ], [ 13.385377544867506, 53.247153191797935 ], [ 13.384806438079012, 53.248348454524518 ], [ 13.386411862188018, 53.249170183970676 ], [ 13.386034438527689, 53.250125693352871 ], [ 13.385592072591043, 53.250836733047223 ], [ 13.382797541663736, 53.250390064916843 ], [ 13.378817124095688, 53.254554071285845 ], [ 13.377337091743557, 53.25615720221581 ], [ 13.376837454280619, 53.256705573993116 ], [ 13.376435607980543, 53.257150317997599 ], [ 13.373312540255716, 53.260463657558567 ], [ 13.370720140822431, 53.261990401543997 ], [ 13.369990603333539, 53.268346032246555 ], [ 13.36767714991479, 53.272018871200402 ], [ 13.365795597159984, 53.273575736180469 ], [ 13.364708274097755, 53.275608255799128 ], [ 13.3609433091334, 53.277936944593094 ], [ 13.349198143740209, 53.278180485452303 ], [ 13.344612725648098, 53.27741963660641 ], [ 13.340353931831983, 53.276258110491518 ], [ 13.341029477257356, 53.273592832077824 ], [ 13.337386006426197, 53.273459591141631 ], [ 13.331391297678804, 53.274391385934713 ], [ 13.328008865291114, 53.274916020359093 ], [ 13.320425789839701, 53.276514417782259 ], [ 13.316146876669263, 53.277815614618127 ], [ 13.309709040840627, 53.278762817183711 ], [ 13.3059740624595, 53.279311680886067 ], [ 13.298594818457051, 53.280862205601679 ], [ 13.296917895893445, 53.280206194790352 ], [ 13.296494716660604, 53.278820354222532 ], [ 13.294507662924282, 53.278174722322419 ], [ 13.289443564029094, 53.275568024101297 ], [ 13.288700662316966, 53.275132425301173 ], [ 13.287240032798648, 53.27602279522084 ], [ 13.284915728431834, 53.275602130853528 ], [ 13.283625047266368, 53.273944186149286 ], [ 13.283734724497961, 53.272711229305585 ], [ 13.279333893539256, 53.2708344036459 ], [ 13.276752868253682, 53.267397521086806 ], [ 13.276044978040757, 53.265537026957034 ], [ 13.272054788505725, 53.263938267529447 ], [ 13.269938283211905, 53.263992176103407 ], [ 13.26469163768863, 53.26378752970367 ], [ 13.258841209116209, 53.261642899246596 ], [ 13.254074383822628, 53.261349290578465 ], [ 13.253300271361612, 53.259154362641866 ], [ 13.248487240282937, 53.256690362128118 ], [ 13.247098938938503, 53.254204852560264 ], [ 13.245959304476548, 53.251791981515773 ], [ 13.246048756837304, 53.249957813194889 ], [ 13.243946908736598, 53.24865198477783 ], [ 13.244975020003231, 53.24701197831228 ], [ 13.246788258266147, 53.247000572420006 ], [ 13.248272010796738, 53.248081101340787 ], [ 13.250885152224608, 53.246774997616022 ], [ 13.249620400432836, 53.245263987329871 ], [ 13.246037025845398, 53.243904461743412 ], [ 13.246788935253251, 53.243061848775383 ], [ 13.247968903616878, 53.24263424806054 ], [ 13.243649735792488, 53.239099468712823 ], [ 13.241465542270666, 53.239499511348377 ], [ 13.239992495338438, 53.237697528807587 ], [ 13.242710246606848, 53.237386340012051 ], [ 13.240862315270494, 53.235764317029265 ], [ 13.241145771875578, 53.231780747560435 ], [ 13.238223838975737, 53.228884412399331 ], [ 13.236974476768628, 53.227424842917799 ], [ 13.238595121823863, 53.225635204426105 ], [ 13.235339189473876, 53.223100400358518 ], [ 13.233326741743552, 53.221213951856775 ], [ 13.230924193778504, 53.217972781182944 ], [ 13.229578513398891, 53.21654293805701 ], [ 13.226304658238048, 53.217332389651958 ], [ 13.222682421218078, 53.217856615244585 ], [ 13.218790451500567, 53.218843117094302 ], [ 13.213101617442234, 53.22097453781344 ], [ 13.205695808391141, 53.220501608155054 ], [ 13.200798711189051, 53.224399703756497 ], [ 13.19931061970818, 53.227468653178406 ], [ 13.196799935537484, 53.229501115048016 ], [ 13.190660026693863, 53.235185620613493 ], [ 13.190977247849268, 53.239583303887933 ], [ 13.185854867940568, 53.248122139343138 ], [ 13.183438041140665, 53.249749207115727 ], [ 13.179987724889413, 53.250713200449312 ], [ 13.178636808659384, 53.247722643334157 ], [ 13.174220191681123, 53.246794773888197 ], [ 13.171853156574668, 53.249451656373417 ], [ 13.168444241820367, 53.249689656547325 ], [ 13.163767785647197, 53.249841378439704 ], [ 13.16215232574203, 53.249346475237758 ], [ 13.159632468959781, 53.249194190652851 ], [ 13.158073458649632, 53.247650580988697 ], [ 13.151977899457304, 53.246385265141129 ], [ 13.152358828746014, 53.248531230102159 ], [ 13.152031566481698, 53.251098998965439 ], [ 13.147355385477933, 53.249144874695723 ], [ 13.142787707455044, 53.246309051617359 ], [ 13.138249254464501, 53.245160338718186 ], [ 13.135374543624254, 53.240994089653391 ], [ 13.133020239216705, 53.238952823000588 ], [ 13.133605919950524, 53.23726451363968 ], [ 13.128708676393098, 53.236850097060135 ], [ 13.127764601054848, 53.239128969857688 ], [ 13.125140813368095, 53.239455676539194 ], [ 13.122535825857115, 53.2403523759303 ], [ 13.119430715135863, 53.240343867397833 ], [ 13.119152807087314, 53.240810425676351 ], [ 13.11747855689511, 53.241112837917285 ], [ 13.115084603339861, 53.239507392712888 ], [ 13.111619711145959, 53.240014993410441 ], [ 13.110252790988657, 53.238723128849827 ], [ 13.108323036159486, 53.238592421530335 ], [ 13.107572828928575, 53.237191937805413 ], [ 13.104453565424411, 53.236033118333381 ], [ 13.106144202298909, 53.231613964276832 ], [ 13.107483283337686, 53.227515662553209 ], [ 13.108015407791683, 53.22541659773642 ], [ 13.105249521005121, 53.220177352305704 ], [ 13.106751523738131, 53.215156793130355 ], [ 13.097365889209451, 53.212900893312622 ], [ 13.094084646255755, 53.217078523294703 ], [ 13.087343802317976, 53.215498419898601 ], [ 13.088091237218636, 53.213490458000109 ], [ 13.086485505955329, 53.213541337980331 ], [ 13.084379864864575, 53.212504407506167 ], [ 13.086062944542373, 53.211031100090061 ], [ 13.085098486482542, 53.209746014948607 ], [ 13.082532355107162, 53.210208421809554 ], [ 13.081819974520798, 53.209290686106783 ], [ 13.082230962107554, 53.208575957492933 ], [ 13.080127236505755, 53.205779737994085 ], [ 13.078518239090513, 53.204394503707753 ], [ 13.080670689068132, 53.201667525935221 ], [ 13.07939375831487, 53.200208714351682 ], [ 13.076113228467452, 53.200013379130318 ], [ 13.071988924444986, 53.200244487771883 ], [ 13.071047528075365, 53.202343090521396 ], [ 13.068971955326502, 53.203568514644147 ], [ 13.067138479197091, 53.202154797846063 ], [ 13.065245870521116, 53.201533612511327 ], [ 13.062858153471719, 53.200372088352893 ], [ 13.060636869026737, 53.200594648183568 ], [ 13.058664650800448, 53.199888609034375 ], [ 13.055320795922533, 53.200281787237536 ], [ 13.050966414545176, 53.199026415230094 ], [ 13.047065865212337, 53.197120811303911 ], [ 13.042997601287496, 53.196714623962073 ], [ 13.040295645773863, 53.195482038594982 ], [ 13.038680518061204, 53.193141568243433 ], [ 13.035130928506398, 53.192350666114109 ], [ 13.030330040074068, 53.189219849710106 ], [ 13.030311078056634, 53.187678542474856 ], [ 13.028417809990868, 53.185817464042323 ], [ 13.022463962626645, 53.184998840960148 ], [ 13.019047255478005, 53.185162069798288 ], [ 13.018174867893986, 53.183844723051138 ], [ 13.018756320912978, 53.181202115503609 ], [ 13.019964337013011, 53.180244236301881 ], [ 13.020020069290055, 53.177725245616372 ], [ 13.019910474024499, 53.175768632680331 ], [ 13.016771050475436, 53.174513759079382 ], [ 13.012299093620824, 53.171918953471248 ], [ 13.00986796768122, 53.172807835496492 ], [ 13.005556050767966, 53.169894077736316 ], [ 13.006858851360219, 53.167812326693529 ], [ 13.001898284508487, 53.166952621037723 ], [ 13.001919330214813, 53.168754524396462 ], [ 12.99829292490433, 53.168812585487871 ], [ 12.995896223609167, 53.168173270367554 ], [ 12.991664329031597, 53.168545503900376 ], [ 12.984528746539187, 53.166752521947387 ], [ 12.984755884384917, 53.164992220168685 ], [ 12.98254294912717, 53.163345185802967 ], [ 12.979804545144733, 53.162522599646444 ], [ 12.97626919215274, 53.163327675225126 ], [ 12.975798113300515, 53.164923086948789 ], [ 12.973926390339537, 53.165810763722405 ], [ 12.969927206333855, 53.165592844155221 ], [ 12.967253809439187, 53.167638974785497 ], [ 12.965685421125448, 53.170954677366659 ], [ 12.965649242034248, 53.174181229457318 ], [ 12.965143776235104, 53.175511090765603 ], [ 12.963773184066479, 53.176736492650072 ], [ 12.961014970039166, 53.177592023529435 ], [ 12.959056319081672, 53.176974857202701 ], [ 12.952966943131834, 53.174735551159095 ], [ 12.948691400975026, 53.172823879465049 ], [ 12.944639834960341, 53.172293135437137 ], [ 12.942290336829441, 53.174355504557582 ], [ 12.944678239323652, 53.176148042690315 ], [ 12.947492613521677, 53.1783577988922 ], [ 12.952937775887319, 53.178714844156346 ], [ 12.956575510411385, 53.179664976727253 ], [ 12.960846895861005, 53.181448232406794 ], [ 12.960873526686251, 53.183962443840343 ], [ 12.965220644454513, 53.186125141323146 ], [ 12.968718386331124, 53.186864237584238 ], [ 12.973144007488647, 53.189612624635338 ], [ 12.978525964137646, 53.190514563836423 ], [ 12.97985617009636, 53.191052979877554 ], [ 12.9797951186231, 53.19197429475588 ], [ 12.976778927706333, 53.193918700707314 ], [ 12.976069641097995, 53.195761663809897 ], [ 12.976719298561232, 53.197561393301903 ], [ 12.969745401169847, 53.198274522446674 ], [ 12.964951564920675, 53.20003633881241 ], [ 12.957823163214734, 53.19897632711691 ], [ 12.954063954848374, 53.199788126814909 ], [ 12.951827951314009, 53.19908339394236 ], [ 12.947847595765445, 53.198930748121747 ], [ 12.945923749590399, 53.197414386310101 ], [ 12.942926583950449, 53.195556008520477 ], [ 12.93726254606714, 53.194109814084555 ], [ 12.938576695859663, 53.193098397263547 ], [ 12.941590626976298, 53.191858324610187 ], [ 12.944021321008384, 53.19067426015706 ], [ 12.944316844041714, 53.188134257276744 ], [ 12.943456020843488, 53.185915302492681 ], [ 12.938225328105149, 53.186145904407901 ], [ 12.93670658977673, 53.18761632917716 ], [ 12.933082112506318, 53.188006986000843 ], [ 12.928258448619683, 53.186683061686978 ], [ 12.923870523914017, 53.187410978177553 ], [ 12.919675441578534, 53.186461883580854 ], [ 12.919555110024838, 53.188306969214025 ], [ 12.927532972385391, 53.190076116919073 ], [ 12.929979013436533, 53.191536790521766 ], [ 12.930489085224657, 53.193545814334186 ], [ 12.928798100185594, 53.194690952251413 ], [ 12.92416268573225, 53.19583078538021 ], [ 12.918706127555325, 53.194510771983452 ], [ 12.913483039973931, 53.195241164547646 ], [ 12.909346853698278, 53.193453465558434 ], [ 12.904750704026993, 53.194015073025199 ], [ 12.902856498284766, 53.193057521892605 ], [ 12.902483908661173, 53.190418700557295 ], [ 12.899894645879767, 53.189548851610134 ], [ 12.890457282154941, 53.187567073005525 ], [ 12.889332691687921, 53.186440629303071 ], [ 12.888766134171265, 53.183317187362313 ], [ 12.888508317690645, 53.181704742796853 ], [ 12.886348822031414, 53.180289571871867 ], [ 12.88411889788118, 53.180591026192118 ], [ 12.879226823600646, 53.179308040019173 ], [ 12.874227158960082, 53.181963688547903 ], [ 12.870458504081105, 53.183889712623802 ], [ 12.867555039178466, 53.18683292713731 ], [ 12.864138791254124, 53.187135397610305 ], [ 12.860254691513001, 53.187409925078356 ], [ 12.857335410341243, 53.18901387225155 ], [ 12.853335309338775, 53.194722519081211 ], [ 12.849662148616931, 53.197541861710413 ], [ 12.849539512666706, 53.199469927166142 ], [ 12.848081421610846, 53.200647810130015 ], [ 12.845229568298182, 53.20103348557361 ], [ 12.843760199603626, 53.200574279112189 ], [ 12.841382017253945, 53.199828508445655 ], [ 12.839273101290985, 53.198115824115916 ], [ 12.837383047039529, 53.19720061360762 ], [ 12.833825304491688, 53.197127036766865 ], [ 12.830874330085269, 53.195888554944851 ], [ 12.82844702715192, 53.196387196905185 ], [ 12.826631580335768, 53.196266409466908 ], [ 12.825311672795007, 53.196856443622231 ], [ 12.824044837275034, 53.196639529139638 ], [ 12.822299801046411, 53.195357141539496 ], [ 12.821336585354848, 53.19371245847254 ], [ 12.819704922057102, 53.193562317824288 ], [ 12.819027331356168, 53.195551985991912 ], [ 12.816091412025356, 53.19562329283103 ], [ 12.814944314578725, 53.194300791467022 ], [ 12.815045444288897, 53.198198654135723 ], [ 12.814805832433374, 53.199358520689948 ], [ 12.810844158861672, 53.203033391068622 ], [ 12.808396221268884, 53.205513427019966 ], [ 12.810391377617808, 53.207658311580673 ], [ 12.812962392357997, 53.207573567232735 ], [ 12.8151698481464, 53.208901968175084 ], [ 12.811878814818241, 53.21037098353834 ], [ 12.806626416174627, 53.209327296783698 ], [ 12.797146474595724, 53.209477092522548 ], [ 12.797165308543473, 53.21061982730965 ], [ 12.801344575721041, 53.211301091282436 ], [ 12.803285102128942, 53.216793334423784 ], [ 12.804294661731458, 53.22238240899793 ], [ 12.801790270602259, 53.23199326936539 ], [ 12.800447131121675, 53.2347032156529 ], [ 12.800332796863575, 53.235790909271685 ], [ 12.793995408857153, 53.234906176645673 ], [ 12.791116788973698, 53.236140434079289 ], [ 12.789861300381563, 53.23708164485722 ], [ 12.782139657124015, 53.238547356670544 ], [ 12.775885616094152, 53.238262657653756 ], [ 12.766401731829786, 53.241261239261533 ], [ 12.763872429270954, 53.242061537671631 ], [ 12.757403124915053, 53.249914485471756 ], [ 12.753979500327533, 53.25121746197555 ], [ 12.752913149502824, 53.253612680824936 ], [ 12.753293666560948, 53.257043487622703 ], [ 12.753521796333686, 53.25900770844563 ], [ 12.75387058112257, 53.261456933482187 ], [ 12.754752214804624, 53.26466935671629 ], [ 12.755536540235822, 53.265086263174062 ], [ 12.757248160041556, 53.26568356995633 ], [ 12.758712409266417, 53.267480130882817 ], [ 12.758113133186678, 53.269642377977291 ], [ 12.755784323247477, 53.270564523756015 ], [ 12.758345381400156, 53.27294652869665 ], [ 12.760453887241553, 53.273628120737818 ], [ 12.769555028961747, 53.276696955433749 ], [ 12.771825784128414, 53.27742027039028 ], [ 12.774711614090355, 53.278320759372228 ], [ 12.777349995777712, 53.279176258366732 ], [ 12.775755295791006, 53.281479242162341 ], [ 12.773924121850211, 53.283133195622852 ], [ 12.768197812832449, 53.284877532785828 ], [ 12.764072333296745, 53.286731475085318 ], [ 12.766561429606437, 53.290398258365052 ], [ 12.766678806206686, 53.298447867326132 ], [ 12.767103506192834, 53.301204001592069 ], [ 12.775110998966385, 53.302733397687554 ], [ 12.779990020840801, 53.303846226751055 ], [ 12.788023516839157, 53.304801724041823 ], [ 12.792509514133233, 53.304885901635835 ], [ 12.797443439330952, 53.304975899759299 ], [ 12.801415455220486, 53.304513403593944 ], [ 12.804147007022641, 53.305584936974668 ], [ 12.804907364536854, 53.306678476684091 ], [ 12.809949025165382, 53.31149948520887 ], [ 12.81052362233928, 53.31430560181029 ], [ 12.810517522367588, 53.316133786134948 ], [ 12.809470270364567, 53.31729720894792 ], [ 12.811299861625931, 53.320130368181005 ], [ 12.811111167042988, 53.322115235174117 ], [ 12.812522246318183, 53.324400914240712 ], [ 12.811889925069277, 53.326269240391831 ], [ 12.81414309970631, 53.329593923413171 ], [ 12.814244458558159, 53.331100426495816 ], [ 12.814184362942816, 53.33222891500079 ], [ 12.813246511012574, 53.333020642505787 ], [ 12.810589738365623, 53.33410039723924 ], [ 12.811953608296381, 53.335472141804729 ], [ 12.815601872248402, 53.336197056866148 ], [ 12.816390378381607, 53.338401539414697 ], [ 12.818459126873428, 53.340051876278899 ], [ 12.82255873788432, 53.342548898132456 ], [ 12.823420702082464, 53.344983269469623 ], [ 12.822672539349121, 53.347337793802588 ], [ 12.824354938863326, 53.349572408982276 ], [ 12.824902809979406, 53.351142149644119 ], [ 12.832307435050962, 53.352811879104998 ], [ 12.831343399539804, 53.35534614572456 ], [ 12.832351161461728, 53.356709426613456 ], [ 12.841706226692091, 53.36019707994955 ], [ 12.843341580635691, 53.356683544195 ], [ 12.846460201156507, 53.357751251833911 ], [ 12.849234818080399, 53.360571637627316 ], [ 12.851950821089, 53.360558016348158 ], [ 12.85683265018781, 53.384890502197479 ], [ 12.850862534623889, 53.388322525896562 ], [ 12.844180088963942, 53.390291356684436 ], [ 12.846878078745187, 53.398967836674693 ], [ 12.849837534220926, 53.408771953835497 ], [ 12.850875592016806, 53.417163686388797 ], [ 12.857472125586828, 53.417097541747914 ], [ 12.861457483123059, 53.418980845650431 ], [ 12.867283638057556, 53.419584633859174 ], [ 12.868069573281366, 53.420660572224769 ], [ 12.868543731016402, 53.421608636671444 ], [ 12.867924489971262, 53.423535247996789 ], [ 12.870249674274314, 53.425137830188135 ], [ 12.871931938984067, 53.426045144008455 ], [ 12.874573742505406, 53.428389377581276 ], [ 12.885538973027915, 53.435711080586977 ], [ 12.875517039416522, 53.44535768267118 ], [ 12.876066642660685, 53.455305661129856 ], [ 12.876947108516536, 53.458634951500137 ], [ 12.875229124218109, 53.464086936636406 ], [ 12.881282122156129, 53.464210937782774 ], [ 12.884341059499004, 53.46463172990984 ], [ 12.885258083524219, 53.464981651163846 ], [ 12.885663163753389, 53.465138975211744 ], [ 12.885966036263909, 53.465419750220825 ], [ 12.88797058244846, 53.467176121358406 ], [ 12.893190847041918, 53.466095409147357 ], [ 12.897769388371715, 53.464683188252934 ], [ 12.901070831404326, 53.462136191658558 ], [ 12.90492279742038, 53.457252498783788 ], [ 12.921970956059564, 53.454676460074154 ], [ 12.92796682515718, 53.453900079605702 ], [ 12.940687513824555, 53.45100507452532 ], [ 12.942251396007245, 53.453677364068803 ], [ 12.945049642613604, 53.457630146400376 ], [ 12.942380674155462, 53.460443475280556 ], [ 12.941337484305551, 53.462436558429587 ], [ 12.943390134218706, 53.462397224991037 ], [ 12.947247221663591, 53.462956120401564 ], [ 12.954026809681093, 53.46289434047906 ], [ 12.955521465069708, 53.465235475498019 ], [ 12.962555403079985, 53.46555391540079 ], [ 12.965219218901334, 53.46538194656975 ], [ 12.965761025133245, 53.465348409545733 ], [ 12.966136689314913, 53.465270575274367 ], [ 12.968524862375334, 53.464681701963016 ], [ 12.971110613003399, 53.463744685126215 ], [ 12.974106522771107, 53.462804148658918 ], [ 12.975547285992802, 53.463599916426617 ], [ 12.977266170867493, 53.464288071288323 ], [ 12.977103194132184, 53.465772410052217 ], [ 12.990036964401346, 53.465439782301978 ], [ 13.000496238706521, 53.466772622455565 ], [ 13.005531671343844, 53.465646241368297 ], [ 13.012778209784619, 53.46659053634275 ], [ 13.024420854893132, 53.464305616353684 ], [ 13.027353358387995, 53.466723241400558 ], [ 13.029665425411933, 53.466649449890184 ], [ 13.032067636510863, 53.464541146592111 ], [ 13.036794386260189, 53.464123604837525 ], [ 13.038137991870631, 53.464972186183054 ], [ 13.041711029170552, 53.467618476791493 ], [ 13.044085270912541, 53.468151838850012 ], [ 13.051616581417939, 53.469305861387568 ], [ 13.056214037930992, 53.469341095257946 ], [ 13.061247812933189, 53.468212661073494 ], [ 13.064514037431122, 53.467441273188051 ], [ 13.066380886155045, 53.466974161403066 ], [ 13.067282016044999, 53.465393602825834 ], [ 13.069622975416577, 53.466696749890872 ], [ 13.072912493239491, 53.469501655893296 ], [ 13.07473107762608, 53.470082009703091 ], [ 13.079224816028626, 53.470705502869045 ], [ 13.086462556717612, 53.473961616655103 ], [ 13.091985293503331, 53.470141749242465 ], [ 13.095331885084404, 53.467607943268668 ], [ 13.099937586058992, 53.467735839359868 ], [ 13.10088179617914, 53.469348646018652 ], [ 13.098262402190109, 53.47012589581513 ], [ 13.101700543460518, 53.474710532267338 ], [ 13.106941092061653, 53.473783334815018 ], [ 13.114064196697901, 53.47803609774467 ], [ 13.116322358443256, 53.47783218578035 ], [ 13.116395150813972, 53.476174154301567 ], [ 13.116172018486994, 53.472510160591618 ], [ 13.117357534268761, 53.471725195919525 ], [ 13.120555712996097, 53.4710334196551 ], [ 13.124075550072337, 53.469488479639004 ], [ 13.124590748469023, 53.475160423901023 ], [ 13.120850544459733, 53.478332103084171 ], [ 13.124963089614059, 53.479857397760284 ], [ 13.133179685557796, 53.473976527947414 ], [ 13.131822383145389, 53.472125055742268 ], [ 13.132744850970939, 53.468650198584228 ], [ 13.136106785604404, 53.464125033810539 ], [ 13.140170405148455, 53.461097095728462 ], [ 13.135394739076219, 53.457640546156973 ], [ 13.137757065801123, 53.455988529229565 ], [ 13.141513475252109, 53.454481768031449 ], [ 13.141783680566718, 53.449904605191385 ], [ 13.149166898740472, 53.448249082520988 ], [ 13.154157361404005, 53.445924344216785 ], [ 13.156583576305421, 53.445216882591488 ], [ 13.161707071862384, 53.444152106090996 ], [ 13.166366220603772, 53.445023510532685 ], [ 13.171822630546654, 53.445222643629698 ], [ 13.174172097646272, 53.448463813191296 ], [ 13.177651013906811, 53.450058885881511 ], [ 13.178751115017967, 53.453509896824222 ], [ 13.176608908874046, 53.456452195758629 ], [ 13.178587532458574, 53.459515636693489 ], [ 13.176415836786729, 53.461026508940172 ], [ 13.174396232235289, 53.461224798592902 ], [ 13.176806509210024, 53.464062625701459 ], [ 13.180215652425995, 53.464937587533967 ], [ 13.180665069748253, 53.465022679278427 ], [ 13.180687659445464, 53.465022551736212 ] ] ] } },
{ "type": "Feature", "properties": { "wkr": 22, "wkr_name": "Mecklenburgische Seenplatte V" }, "geometry": { "type": "MultiPolygon", "coordinates": [ [ [ [ 13.218434318396069, 53.618252729966969 ], [ 13.228111499469938, 53.616152656655196 ], [ 13.239368534482395, 53.617033441752 ], [ 13.248957890278486, 53.617132422929267 ], [ 13.246851059925472, 53.61447382669688 ], [ 13.24690332596713, 53.611803656668506 ], [ 13.246388420567168, 53.61043711553949 ], [ 13.250437155826694, 53.609208235022528 ], [ 13.248986363732611, 53.60651494359535 ], [ 13.249171401583208, 53.603892183039889 ], [ 13.242106527997093, 53.603425571067532 ], [ 13.241434103757266, 53.60138591178508 ], [ 13.236240375757747, 53.599021453808618 ], [ 13.237361560102311, 53.597289766292889 ], [ 13.236279171573472, 53.596942614323943 ], [ 13.229666283227413, 53.595205262097927 ], [ 13.232501564526254, 53.594047179546116 ], [ 13.232010802587865, 53.59203737069268 ], [ 13.231881571767468, 53.590488850472852 ], [ 13.231562829306185, 53.588940995411185 ], [ 13.224704969850512, 53.58740596244207 ], [ 13.224255061576082, 53.588888348448492 ], [ 13.220895439619509, 53.588723998149455 ], [ 13.220867303171737, 53.583092265066618 ], [ 13.215781676223534, 53.583158128308206 ], [ 13.21310404831196, 53.581214333115923 ], [ 13.209322313183682, 53.579911708684477 ], [ 13.208645757170176, 53.578355232134918 ], [ 13.205162014009055, 53.576131490058685 ], [ 13.197288215179823, 53.576754071057891 ], [ 13.195349510679936, 53.576668015889695 ], [ 13.192733802077122, 53.574911702995166 ], [ 13.189835507630814, 53.573037072343475 ], [ 13.18423399310505, 53.569802738837261 ], [ 13.182720510811933, 53.568468281742774 ], [ 13.180713175584833, 53.565977651735189 ], [ 13.181558433770707, 53.564491441166815 ], [ 13.183295924423842, 53.562702074731597 ], [ 13.190251435399764, 53.55645200056221 ], [ 13.2054158598282, 53.554501157744035 ], [ 13.206405622290461, 53.556232839799669 ], [ 13.211641215040483, 53.557341706456498 ], [ 13.210589255252371, 53.552690171273134 ], [ 13.217357801606967, 53.544837930768132 ], [ 13.212966678722836, 53.544086709332348 ], [ 13.219736610631195, 53.538521548787884 ], [ 13.221737522958229, 53.536608025882117 ], [ 13.220263443291692, 53.535155101174418 ], [ 13.221748531065559, 53.531743780708183 ], [ 13.221320174101725, 53.530478835055128 ], [ 13.216694180163783, 53.528637132145967 ], [ 13.212594946316836, 53.523369611524039 ], [ 13.209888056905214, 53.521555926413662 ], [ 13.205734924040513, 53.51913635860766 ], [ 13.207326040871534, 53.513964799865143 ], [ 13.204523073776427, 53.512148441031364 ], [ 13.202516350711575, 53.509657983066518 ], [ 13.197642492721876, 53.506896871286109 ], [ 13.194321071687947, 53.50381232262707 ], [ 13.185667741336436, 53.499563297748544 ], [ 13.183849978038403, 53.49644294374518 ], [ 13.185320106193611, 53.493882164163288 ], [ 13.180250152900918, 53.494456819457938 ], [ 13.176711647038235, 53.493710517323116 ], [ 13.172800095627764, 53.490895478353146 ], [ 13.169800167556666, 53.490044071182375 ], [ 13.163308452938697, 53.488573907043943 ], [ 13.163557826055101, 53.486622777967654 ], [ 13.161171946546299, 53.485552866853716 ], [ 13.157813239325444, 53.479257546128039 ], [ 13.161569907902788, 53.477077173392196 ], [ 13.161376746457778, 53.473783558393656 ], [ 13.159158423287973, 53.468323280259511 ], [ 13.15428370127507, 53.465689305568077 ], [ 13.146320271926706, 53.462825789633996 ], [ 13.140162875965732, 53.461097135694686 ], [ 13.134859042819329, 53.465674697731799 ], [ 13.132722259424051, 53.468650317042325 ], [ 13.131799789753924, 53.47212517400996 ], [ 13.13315709118007, 53.473976646463342 ], [ 13.124940492125358, 53.479857514694949 ], [ 13.120827947789442, 53.47833221924791 ], [ 13.124568153477595, 53.475160540786931 ], [ 13.124052958095749, 53.469488596453488 ], [ 13.120533120205206, 53.471033535796678 ], [ 13.117334941116278, 53.471725311453049 ], [ 13.116149424919632, 53.472510275897235 ], [ 13.116372555299021, 53.476174269632502 ], [ 13.11629976204719, 53.477832301089776 ], [ 13.114041600197707, 53.478036212626051 ], [ 13.106918497835512, 53.473783448368707 ], [ 13.101677948751945, 53.474710644825436 ], [ 13.098239609060089, 53.470130499625071 ], [ 13.100859204321328, 53.469348758446728 ], [ 13.099914995059851, 53.467735951616895 ], [ 13.095309294162504, 53.467608054655216 ], [ 13.091962701242172, 53.470141859984146 ], [ 13.086439962438185, 53.473961726334281 ], [ 13.079202223494764, 53.470705611194475 ], [ 13.074708485433202, 53.470082117181498 ], [ 13.072889901358904, 53.469501763030415 ], [ 13.069600385033361, 53.466696856419063 ], [ 13.067259426359124, 53.465393708917446 ], [ 13.066358295631638, 53.466974267316772 ], [ 13.064491446663759, 53.467441378746472 ], [ 13.061225221763436, 53.46821276601046 ], [ 13.056191446173241, 53.469341199237348 ], [ 13.051593989689589, 53.469305964497536 ], [ 13.044062679815063, 53.468151940540992 ], [ 13.041688438362101, 53.467618578035953 ], [ 13.038115402476516, 53.464972286764443 ], [ 13.036771797320041, 53.464123705168909 ], [ 13.032045047360551, 53.464541246027423 ], [ 13.029642835147714, 53.466649548861 ], [ 13.027330768090357, 53.466723339933694 ], [ 13.024398265887005, 53.464305714343944 ], [ 13.012755619594691, 53.466590632119754 ], [ 13.005509081674527, 53.465646335779368 ], [ 13.000473648452394, 53.466772715908675 ], [ 12.990014374883645, 53.46543987378336 ], [ 12.977080604474089, 53.465772499085645 ], [ 12.977243581997334, 53.464288160359892 ], [ 12.975524697493073, 53.463600005176538 ], [ 12.974083934698101, 53.46280423714019 ], [ 12.971088024439522, 53.463744773036318 ], [ 12.96850227332129, 53.464681789379426 ], [ 12.966114099955027, 53.465270662236072 ], [ 12.965738435733135, 53.465348496435944 ], [ 12.965196629485005, 53.465382033357365 ], [ 12.962532813580131, 53.465554001683785 ], [ 12.955498875759915, 53.465235560452136 ], [ 12.954004221619229, 53.462894425162212 ], [ 12.947224633589499, 53.462956203802129 ], [ 12.943367546453267, 53.462397307664979 ], [ 12.941314896525538, 53.462436640715062 ], [ 12.942358087430629, 53.460443557773409 ], [ 12.945027057374345, 53.457630229412153 ], [ 12.942228812874953, 53.453677446571291 ], [ 12.940664932115427, 53.451005156745566 ], [ 12.927944241951508, 53.453900159405642 ], [ 12.921948372461033, 53.45467653873628 ], [ 12.904900212510377, 53.457252574208574 ], [ 12.901048243914072, 53.462136266329765 ], [ 12.897746799539913, 53.464683262286556 ], [ 12.893168257475622, 53.466095482307772 ], [ 12.887947992326078, 53.467176193525809 ], [ 12.885943447081441, 53.465419822018163 ], [ 12.88564057472113, 53.465139046953283 ], [ 12.885291445058519, 53.46534550574296 ], [ 12.881892553471989, 53.467786727070099 ], [ 12.886232200602402, 53.472096521506295 ], [ 12.891018699206359, 53.47537882168649 ], [ 12.88534352958033, 53.479190891400975 ], [ 12.889943961014406, 53.480870993174307 ], [ 12.885058223968613, 53.484856728607475 ], [ 12.885746798138301, 53.487264255140857 ], [ 12.877151849388186, 53.490386899526513 ], [ 12.887462312433179, 53.497068345476201 ], [ 12.889195696855859, 53.499780318108755 ], [ 12.890220731366894, 53.504994169319588 ], [ 12.891797096603179, 53.510449727994626 ], [ 12.892722465192369, 53.511925753774136 ], [ 12.893562929336108, 53.513239282974382 ], [ 12.896561060487162, 53.514966860605789 ], [ 12.891984120074458, 53.515858945313724 ], [ 12.88059239192712, 53.515116344629455 ], [ 12.878009714769453, 53.516042051770967 ], [ 12.867324620625066, 53.515691281917327 ], [ 12.859769754048735, 53.51857032888433 ], [ 12.861828515228307, 53.523495581610355 ], [ 12.86454100961666, 53.525540281191418 ], [ 12.871946829115977, 53.524791774787026 ], [ 12.8747556074371, 53.529158050772061 ], [ 12.880380257585374, 53.530373406810853 ], [ 12.883183086662761, 53.533377492472582 ], [ 12.884547928148566, 53.535481239750418 ], [ 12.886468963357814, 53.538306444160703 ], [ 12.88422295211638, 53.539308695132107 ], [ 12.88108371811726, 53.540371482457076 ], [ 12.874587999595077, 53.541614003136324 ], [ 12.874695625027778, 53.543786133658486 ], [ 12.87323078788399, 53.544623347629972 ], [ 12.877295040576357, 53.547653637096005 ], [ 12.877353969678945, 53.550687479825527 ], [ 12.880858712206885, 53.55298606768082 ], [ 12.883553910222572, 53.555429374303536 ], [ 12.880123872117746, 53.557278607016464 ], [ 12.888470060345217, 53.561746784247347 ], [ 12.889587435882163, 53.563523197205157 ], [ 12.890173094145362, 53.565288561806824 ], [ 12.887724766997227, 53.565965188758554 ], [ 12.894811060640226, 53.569124259743937 ], [ 12.897838379693182, 53.571799276193964 ], [ 12.901583248451594, 53.574914613729966 ], [ 12.900770317447185, 53.576098401430691 ], [ 12.901251150712211, 53.577225900020267 ], [ 12.905401004902611, 53.577458945613429 ], [ 12.905932834834813, 53.580341931453624 ], [ 12.908185456878748, 53.581446542631845 ], [ 12.909783078722356, 53.58354413900831 ], [ 12.910866350136198, 53.58641889308749 ], [ 12.90915205350789, 53.586992500465229 ], [ 12.906459241287788, 53.588577690491945 ], [ 12.90948434040388, 53.589022369217012 ], [ 12.910331276222182, 53.590334593350519 ], [ 12.9110933181028, 53.592721645527099 ], [ 12.912163087606192, 53.595311862449705 ], [ 12.915184246558796, 53.596174803420986 ], [ 12.922647870702839, 53.595015608215832 ], [ 12.925581936350726, 53.592669914640155 ], [ 12.93132227921858, 53.590937171951644 ], [ 12.937902770963582, 53.590704767094287 ], [ 12.941158809006746, 53.589849295231417 ], [ 12.944286980957218, 53.589459859745908 ], [ 12.953512963281325, 53.589799747152284 ], [ 12.958671294175609, 53.591025015170331 ], [ 12.960102761866141, 53.589433685436219 ], [ 12.964280687657832, 53.580719138165108 ], [ 12.964622953815491, 53.579126158585581 ], [ 12.968289896118614, 53.578230956660477 ], [ 12.969003202156335, 53.575710818916086 ], [ 12.97580177224433, 53.572687314997658 ], [ 12.975341003270435, 53.571081436770349 ], [ 12.976796127597874, 53.568063408598491 ], [ 12.977983407444956, 53.56860246446837 ], [ 12.978847868205724, 53.570900411792074 ], [ 12.981978158442111, 53.57013423409331 ], [ 12.993280538489342, 53.569226933142041 ], [ 12.995334778099998, 53.569032013188064 ], [ 13.000434885247371, 53.571183220641196 ], [ 13.002020347786493, 53.570116793871804 ], [ 13.004394331531294, 53.567521027465993 ], [ 13.004344157537821, 53.565098561629739 ], [ 13.006125749195267, 53.564248903814253 ], [ 13.011303623733177, 53.565064249715228 ], [ 13.015740492728677, 53.566338943603029 ], [ 13.01798566210504, 53.566010866504904 ], [ 13.018608858668523, 53.563920570459494 ], [ 13.021162515918315, 53.563727637614853 ], [ 13.03330019870223, 53.568078681699284 ], [ 13.051642937283967, 53.560447969969815 ], [ 13.062084409633581, 53.557982363227765 ], [ 13.068261572250371, 53.557843718131764 ], [ 13.070007330425438, 53.548927334836556 ], [ 13.069996619125918, 53.546211430672109 ], [ 13.073945691686403, 53.5449180780262 ], [ 13.076179019581927, 53.551821258614844 ], [ 13.086251585097454, 53.554461629945173 ], [ 13.089017359612544, 53.552868939809976 ], [ 13.090236000196574, 53.558276643838965 ], [ 13.088903713681635, 53.561049069516152 ], [ 13.092336777468462, 53.562301618060104 ], [ 13.093869117683232, 53.564085305372494 ], [ 13.095274378507165, 53.568580631046132 ], [ 13.098591401741967, 53.56935152295916 ], [ 13.096803890917078, 53.57028146475934 ], [ 13.091382206220192, 53.574506541809249 ], [ 13.094177924892515, 53.577082260750188 ], [ 13.106764394498933, 53.579525799734839 ], [ 13.111031252377995, 53.582247211314296 ], [ 13.11876926385886, 53.583563138905639 ], [ 13.122253250841938, 53.583303498123293 ], [ 13.125921699194926, 53.58442299548333 ], [ 13.130685201110854, 53.585602658260541 ], [ 13.134493575250334, 53.587227582569952 ], [ 13.135114866749905, 53.588598037411785 ], [ 13.138163824772771, 53.594550967668361 ], [ 13.149265503828522, 53.59642064892067 ], [ 13.151754353267467, 53.594355355621502 ], [ 13.16148297134875, 53.596336207300538 ], [ 13.1637118082432, 53.597593655271204 ], [ 13.164394145543554, 53.60025193026086 ], [ 13.167191699309788, 53.600853463757417 ], [ 13.172116454977928, 53.603901622623937 ], [ 13.181373680976053, 53.603634708586753 ], [ 13.186323607417808, 53.602696712891003 ], [ 13.194278696024957, 53.600915640530374 ], [ 13.199731769114184, 53.604189528910219 ], [ 13.200805642896755, 53.60841509540797 ], [ 13.205053370169573, 53.607935779127693 ], [ 13.210862596850367, 53.619091297588376 ], [ 13.212735636400478, 53.620677244028116 ], [ 13.218434318396069, 53.618252729966969 ] ] ], [ [ [ 13.438597974569094, 53.749284934262526 ], [ 13.445457880262619, 53.74811475213982 ], [ 13.445971466764648, 53.750310681007228 ], [ 13.453780756432112, 53.749466873870006 ], [ 13.456201235759586, 53.748613179594962 ], [ 13.459874547900162, 53.748377272357146 ], [ 13.466359248940336, 53.74847317191562 ], [ 13.470920134019531, 53.746615639218938 ], [ 13.473861397654169, 53.746324654138206 ], [ 13.493363690808902, 53.744689698426996 ], [ 13.499247704859604, 53.743916599357789 ], [ 13.503597084561861, 53.742732757079906 ], [ 13.506406510967176, 53.740960757899288 ], [ 13.508058873294058, 53.739120708815754 ], [ 13.511334517218266, 53.737297701803151 ], [ 13.515111222887448, 53.736781510409507 ], [ 13.518242625271833, 53.734467891259477 ], [ 13.51597021164681, 53.733235830669443 ], [ 13.518342771839192, 53.731195361243557 ], [ 13.521322892360269, 53.728238500895323 ], [ 13.525490413095499, 53.726446338401779 ], [ 13.525606151523034, 53.724629492323402 ], [ 13.526524858297496, 53.722373490888167 ], [ 13.523740107267756, 53.721394272617189 ], [ 13.523204579623474, 53.715967939168117 ], [ 13.524415365211501, 53.715331895096639 ], [ 13.5275018399456, 53.711600442480801 ], [ 13.531552648917547, 53.706767154161128 ], [ 13.539552897781578, 53.700337351219353 ], [ 13.542418381273716, 53.699670230616178 ], [ 13.544956119806193, 53.697269204670327 ], [ 13.548814509273244, 53.696123378119651 ], [ 13.554902489779417, 53.694715849578827 ], [ 13.559844973047001, 53.695385187616225 ], [ 13.576946595290668, 53.697444292549946 ], [ 13.588515358320322, 53.699123489915472 ], [ 13.597077462783174, 53.700471309592338 ], [ 13.613931322346287, 53.702026189799618 ], [ 13.623558704141173, 53.702791842031296 ], [ 13.640761109089034, 53.703845331105754 ], [ 13.642774872191163, 53.703982889573631 ], [ 13.646435579419686, 53.700087815714575 ], [ 13.650368942337609, 53.699023952208101 ], [ 13.657185852957612, 53.698069396155375 ], [ 13.6603065165628, 53.698277383470142 ], [ 13.6630419380236, 53.697863770569406 ], [ 13.672282044069444, 53.697055975865077 ], [ 13.679603288078747, 53.696843655236123 ], [ 13.685490317598854, 53.69729866953665 ], [ 13.691386174573626, 53.697301723810938 ], [ 13.699873042131307, 53.699088021012066 ], [ 13.704126563355814, 53.699124727247359 ], [ 13.707187026354545, 53.699017986563149 ], [ 13.709410893774686, 53.699003909327587 ], [ 13.709934052807627, 53.698990768048027 ], [ 13.710313462235193, 53.698916241946847 ], [ 13.72570383972154, 53.696067167008941 ], [ 13.733511745599513, 53.693156254315028 ], [ 13.733857365435764, 53.693010652894486 ], [ 13.734205318325579, 53.692917721216197 ], [ 13.737902848020624, 53.691684442306261 ], [ 13.742520695130809, 53.690142686473784 ], [ 13.745756043587791, 53.688981350685737 ], [ 13.746165672471054, 53.687192821116042 ], [ 13.747547627176063, 53.688360263607436 ], [ 13.751438404070592, 53.690236347967399 ], [ 13.755514035352343, 53.689294715614551 ], [ 13.753411416210875, 53.686790510883974 ], [ 13.7598460589365, 53.685335170503627 ], [ 13.769170439942293, 53.684459292009066 ], [ 13.779839495174629, 53.684865510701997 ], [ 13.790130268582569, 53.685161190946481 ], [ 13.792752642051559, 53.685055054249808 ], [ 13.795315340207962, 53.685387102954046 ], [ 13.792495265262016, 53.678852683058295 ], [ 13.781787262154312, 53.679080856191405 ], [ 13.764747988458534, 53.679243803690788 ], [ 13.762305730807768, 53.678483794498575 ], [ 13.760532152092207, 53.677601919298148 ], [ 13.75740824471926, 53.674977955184929 ], [ 13.750723602849973, 53.672212812217204 ], [ 13.742914705794867, 53.671401224083567 ], [ 13.723787703102243, 53.66820455979871 ], [ 13.71830385189438, 53.664084167220366 ], [ 13.71346927034473, 53.662256214701948 ], [ 13.706150086129629, 53.658845997337757 ], [ 13.70146428202535, 53.655888374371465 ], [ 13.694552862694605, 53.650755026593629 ], [ 13.709056161287736, 53.644415045512623 ], [ 13.712911310235851, 53.643406297146662 ], [ 13.716601685237691, 53.642330734147642 ], [ 13.719518847423375, 53.640264818796389 ], [ 13.724287453965635, 53.639733700149755 ], [ 13.728320721956072, 53.639010120328493 ], [ 13.73150615325317, 53.638141720295799 ], [ 13.734158778741206, 53.637159572293044 ], [ 13.735675200692251, 53.634159716473093 ], [ 13.736550395104175, 53.632002382593924 ], [ 13.735932214905054, 53.629064800011889 ], [ 13.732311545832207, 53.627105934768736 ], [ 13.730197403350271, 53.6256262546041 ], [ 13.732390889738493, 53.625044684792293 ], [ 13.734852873871356, 53.625864506287769 ], [ 13.739099226617828, 53.625338137576172 ], [ 13.744832220213652, 53.627088440624419 ], [ 13.749035718819711, 53.625055706686474 ], [ 13.758901849336848, 53.622478994060167 ], [ 13.759689305192969, 53.621111175016537 ], [ 13.762196502585944, 53.62127600794004 ], [ 13.762012030202943, 53.619639665851018 ], [ 13.765905661126101, 53.616651359948044 ], [ 13.762982866233871, 53.615207500632707 ], [ 13.760342267501745, 53.614807469750119 ], [ 13.756314751650855, 53.615277416577072 ], [ 13.75449920711285, 53.614974418107408 ], [ 13.75717646853189, 53.612060288636393 ], [ 13.753776967001253, 53.610286896032058 ], [ 13.750229308748064, 53.61044280459646 ], [ 13.744463308800432, 53.610985559071366 ], [ 13.738703271679451, 53.607035060454045 ], [ 13.735089631027929, 53.604787245782077 ], [ 13.73498422477458, 53.60368844952518 ], [ 13.72897891820503, 53.603047325153383 ], [ 13.724802748135364, 53.601727545990613 ], [ 13.724278996042429, 53.600573230639199 ], [ 13.721643738171055, 53.59969248736256 ], [ 13.718570980450492, 53.59954527036507 ], [ 13.707390058111706, 53.592231257039359 ], [ 13.704852345666222, 53.591378870374676 ], [ 13.701786213434668, 53.592639513171079 ], [ 13.699233364610388, 53.591779474228268 ], [ 13.702528606349984, 53.590082004293677 ], [ 13.704483949203194, 53.588700665596761 ], [ 13.70428544418148, 53.587362632924631 ], [ 13.709692099236324, 53.584823725382329 ], [ 13.709882725167899, 53.583722514447871 ], [ 13.709781336947367, 53.582712449950478 ], [ 13.708933454347473, 53.581304801991379 ], [ 13.70969615252605, 53.57976736158826 ], [ 13.708962781725191, 53.576147621857373 ], [ 13.72569220261879, 53.572286802771295 ], [ 13.720043862851174, 53.562247294616277 ], [ 13.71818648805673, 53.56111854839132 ], [ 13.72163913050697, 53.557767446969493 ], [ 13.721593629567112, 53.556259765876582 ], [ 13.721461485412808, 53.555114878802556 ], [ 13.722678643424821, 53.552391077937649 ], [ 13.723519500548488, 53.548443475901905 ], [ 13.723897403150103, 53.54552496865368 ], [ 13.724157537137138, 53.543182783964561 ], [ 13.721515509246275, 53.541142931810676 ], [ 13.716670035851772, 53.542027787828971 ], [ 13.713319913331752, 53.540962486490905 ], [ 13.705991833877317, 53.536130618047494 ], [ 13.70286793626344, 53.536759442843788 ], [ 13.69847214377462, 53.537858823537199 ], [ 13.691065504815198, 53.536920778144243 ], [ 13.682478258510669, 53.535906006854944 ], [ 13.679013323817243, 53.535492412109591 ], [ 13.678554823158459, 53.531701904916453 ], [ 13.681169547987562, 53.526399999108634 ], [ 13.68312650491862, 53.523843185711677 ], [ 13.680333342481051, 53.520973532183291 ], [ 13.671814089026197, 53.516494221238048 ], [ 13.670884390379026, 53.513904392236846 ], [ 13.669313443720181, 53.510470423275954 ], [ 13.670112464984797, 53.509211773921081 ], [ 13.677024746885859, 53.508866532739724 ], [ 13.683484982678285, 53.508260148964261 ], [ 13.689370023380654, 53.508804752241005 ], [ 13.693103379629001, 53.508224606030659 ], [ 13.695592814030524, 53.506812933181372 ], [ 13.695740620775961, 53.503173212100592 ], [ 13.693579032510719, 53.498505820981428 ], [ 13.690486442001479, 53.495807686335795 ], [ 13.687809247978278, 53.491365241192376 ], [ 13.690808386769545, 53.490047778494848 ], [ 13.695002850444606, 53.487731230987634 ], [ 13.699133265666545, 53.485228708402538 ], [ 13.702038699637441, 53.483618010988359 ], [ 13.704015482177942, 53.482451426761649 ], [ 13.704919821964967, 53.481260267593193 ], [ 13.706832426942485, 53.479902173924728 ], [ 13.709718216441271, 53.478765623429958 ], [ 13.709112624254457, 53.478312257869057 ], [ 13.707165365854726, 53.47614399325937 ], [ 13.702435199791065, 53.473255100664552 ], [ 13.695500407698084, 53.471490399059441 ], [ 13.692250023563513, 53.469468431837626 ], [ 13.688495138879487, 53.467159304605431 ], [ 13.682564519770541, 53.465970442070102 ], [ 13.678339014478599, 53.464324118144972 ], [ 13.673165395848287, 53.460100511181153 ], [ 13.6690850423161, 53.458616504462753 ], [ 13.663110154726253, 53.458083363866685 ], [ 13.662000662606202, 53.456357274115192 ], [ 13.656882375831364, 53.45264879062843 ], [ 13.654249942594584, 53.45084086678083 ], [ 13.655550174771149, 53.448589222146872 ], [ 13.65202740619582, 53.445946577899662 ], [ 13.650980570035122, 53.443536124625069 ], [ 13.647877325704229, 53.445405194640529 ], [ 13.64050923308556, 53.447085305696461 ], [ 13.633934911974789, 53.440032438110535 ], [ 13.639041135167485, 53.438004419501155 ], [ 13.637381799821524, 53.435745902124268 ], [ 13.636208070147617, 53.433190605662908 ], [ 13.629410104515582, 53.431566602055085 ], [ 13.633964984986836, 53.427195843721734 ], [ 13.636100891072161, 53.424535036680119 ], [ 13.634927303312764, 53.421979753332465 ], [ 13.633131528480757, 53.419061516787011 ], [ 13.630077188636564, 53.414982654746261 ], [ 13.628289509113539, 53.412358838123325 ], [ 13.62627080572874, 53.410249601043922 ], [ 13.624279248579199, 53.40916927459034 ], [ 13.622052888535054, 53.408601218628696 ], [ 13.619901830381121, 53.409475248147722 ], [ 13.619435370781645, 53.411780727995179 ], [ 13.617262440465204, 53.413120063574958 ], [ 13.608918266303114, 53.413345731720767 ], [ 13.604813540244402, 53.411255281027842 ], [ 13.59718253980116, 53.410518209961197 ], [ 13.595800254105622, 53.409213806720786 ], [ 13.594180642601213, 53.408272573712395 ], [ 13.592208031896298, 53.407925079237081 ], [ 13.589255811048986, 53.409551797890771 ], [ 13.5827761462475, 53.408670893294108 ], [ 13.579861399309141, 53.407773368598001 ], [ 13.572320151383337, 53.407883689398815 ], [ 13.572049883644453, 53.40678487120983 ], [ 13.569815577139691, 53.405705920806895 ], [ 13.569637703371285, 53.40384451527342 ], [ 13.569131549498241, 53.402997255302807 ], [ 13.566543640177338, 53.402507844430332 ], [ 13.563259664690708, 53.400936923387057 ], [ 13.560952557453486, 53.399842752229276 ], [ 13.558156664991522, 53.400820108921053 ], [ 13.55408737324732, 53.400269289465044 ], [ 13.550110460789323, 53.398935574209467 ], [ 13.548979950785384, 53.396066781202826 ], [ 13.546108806600758, 53.394568232394505 ], [ 13.547482520366108, 53.39277868082452 ], [ 13.553712297958041, 53.392641018995533 ], [ 13.556369371337194, 53.391388627896085 ], [ 13.55483486201112, 53.389370733682107 ], [ 13.555455877528329, 53.387842226883997 ], [ 13.554040182746592, 53.388374721561632 ], [ 13.550875181507006, 53.388518074735295 ], [ 13.546604574894324, 53.389487838344962 ], [ 13.541906649568277, 53.38871110270302 ], [ 13.537960588616752, 53.38886289335305 ], [ 13.535104601906649, 53.387662978090852 ], [ 13.531434586487862, 53.390157076011548 ], [ 13.527793678174522, 53.391541289823103 ], [ 13.524726352421037, 53.392069065677106 ], [ 13.526761298849598, 53.395778600147167 ], [ 13.529694257237798, 53.401159901192095 ], [ 13.526852096006051, 53.402479589285726 ], [ 13.513659643730987, 53.405687362373705 ], [ 13.514119442514742, 53.406529084423497 ], [ 13.510981028169299, 53.406861692525354 ], [ 13.493321929526564, 53.40712649779244 ], [ 13.484425583352609, 53.407557018200897 ], [ 13.485245339927776, 53.409304947472492 ], [ 13.482739195186364, 53.410545512937119 ], [ 13.480932785153465, 53.408716075283685 ], [ 13.477778113130999, 53.408419358767901 ], [ 13.47665425372092, 53.411584177303361 ], [ 13.471813564790969, 53.411034846145157 ], [ 13.471091827131032, 53.410717075877734 ], [ 13.466460741173496, 53.409646456946334 ], [ 13.464518986752861, 53.4089380189479 ], [ 13.458897790777561, 53.409209931677587 ], [ 13.454575245419806, 53.409324331298869 ], [ 13.44890743679489, 53.408536480273256 ], [ 13.4425515632923, 53.407548165184679 ], [ 13.43147055352906, 53.405522118603827 ], [ 13.421858420468173, 53.402353049160503 ], [ 13.410032063766907, 53.41105697089354 ], [ 13.403212660344641, 53.416384452079441 ], [ 13.404024477589545, 53.421639189090818 ], [ 13.407014981775687, 53.422453726305633 ], [ 13.408256285054929, 53.424017880894446 ], [ 13.406050679561426, 53.425192494314956 ], [ 13.400456738236695, 53.424602660120414 ], [ 13.394150048260938, 53.427699524216948 ], [ 13.38393349639424, 53.432088925567207 ], [ 13.376667595663378, 53.436739058079077 ], [ 13.372264463988175, 53.43668026082716 ], [ 13.364235550931339, 53.436054573892207 ], [ 13.35543409515633, 53.433301549552922 ], [ 13.350057097864484, 53.431689771013879 ], [ 13.346538646210055, 53.430488729876132 ], [ 13.342193799695005, 53.431288993987913 ], [ 13.340180596369899, 53.431315520467798 ], [ 13.337391286893167, 53.430479247617122 ], [ 13.335469871327277, 53.429247959143943 ], [ 13.326620967052936, 53.432673277414978 ], [ 13.323915865394666, 53.433205472836363 ], [ 13.31868449463769, 53.434620484656747 ], [ 13.319109403618329, 53.43599929929858 ], [ 13.31795655773065, 53.437130608096162 ], [ 13.317648418869743, 53.437408616336079 ], [ 13.317183794867535, 53.437257201789691 ], [ 13.315635187179959, 53.436639281586672 ], [ 13.312583779844635, 53.43625114781495 ], [ 13.310286030973627, 53.434358080075242 ], [ 13.307341269741304, 53.433088383632104 ], [ 13.305950488192934, 53.431925057785442 ], [ 13.304673378662091, 53.430305306099143 ], [ 13.302483868414884, 53.429930977732631 ], [ 13.300546758060181, 53.430475639539715 ], [ 13.299917744391129, 53.429494544918718 ], [ 13.297721953346626, 53.42688987730449 ], [ 13.296332329440146, 53.425722433433791 ], [ 13.292040443289427, 53.425147928589588 ], [ 13.286259098549682, 53.423635363203175 ], [ 13.28183535125107, 53.431144152154488 ], [ 13.278087698718176, 53.436335696017139 ], [ 13.276585502163606, 53.438028605479154 ], [ 13.27391514028858, 53.440049732226711 ], [ 13.270086204131394, 53.439993939825847 ], [ 13.268486479599984, 53.438895567235157 ], [ 13.265478283681395, 53.437752823023828 ], [ 13.264290023680068, 53.434074700202196 ], [ 13.252981079669135, 53.434137886185354 ], [ 13.252911159880499, 53.435795832805347 ], [ 13.255630337762337, 53.437664259345084 ], [ 13.248681406475843, 53.438368362435838 ], [ 13.249035806954193, 53.443807854610576 ], [ 13.245029887152601, 53.445580457582608 ], [ 13.237550406264125, 53.448046075616922 ], [ 13.238450084991772, 53.449374061685177 ], [ 13.2322818627615, 53.449910644040138 ], [ 13.22854539224153, 53.440817946628592 ], [ 13.22651611035816, 53.434321338620748 ], [ 13.214247710610818, 53.435135898443917 ], [ 13.209421700769717, 53.435267060565835 ], [ 13.207717203244322, 53.432494423005046 ], [ 13.204998133322562, 53.433311759361416 ], [ 13.203619628586164, 53.43426447343596 ], [ 13.202456086428372, 53.434532721182158 ], [ 13.20212964467385, 53.431670017369186 ], [ 13.194425038329301, 53.431891784447885 ], [ 13.191044963242337, 53.432527693021221 ], [ 13.190740994112664, 53.435154919900704 ], [ 13.195313351415058, 53.435798762719038 ], [ 13.194353672149155, 53.438071619591653 ], [ 13.198155125414923, 53.438759028705235 ], [ 13.193724252211874, 53.441608246595983 ], [ 13.188800431775118, 53.44021807152653 ], [ 13.186279635478021, 53.44315649349015 ], [ 13.188755572149871, 53.44805817682321 ], [ 13.182664850120515, 53.462895788502905 ], [ 13.180665069748246, 53.465022679278476 ], [ 13.176248994323538, 53.469886757342515 ], [ 13.179064688246005, 53.470225480999922 ], [ 13.18258171055021, 53.470909937013602 ], [ 13.186347512934887, 53.472624824534087 ], [ 13.189677475333951, 53.475478008726526 ], [ 13.198259004824422, 53.478926010067724 ], [ 13.20239891576467, 53.482523550575699 ], [ 13.210010260250236, 53.484805609892526 ], [ 13.212574846260987, 53.487840175890526 ], [ 13.215180435896015, 53.491677562290363 ], [ 13.218390510605452, 53.494366290609094 ], [ 13.220113969846851, 53.499795847133406 ], [ 13.220370209044779, 53.502888735047669 ], [ 13.222791687323756, 53.504698005610422 ], [ 13.225104752825745, 53.506791585880691 ], [ 13.227050678183101, 53.510711141955888 ], [ 13.228546106155294, 53.513993311178297 ], [ 13.23000663332302, 53.515791935365876 ], [ 13.236107123210564, 53.514960199183683 ], [ 13.240911804173058, 53.513507277439288 ], [ 13.246389274591779, 53.512693562550346 ], [ 13.249508638499883, 53.513228553184121 ], [ 13.249112874979058, 53.51584393566732 ], [ 13.250127254802438, 53.517124115189198 ], [ 13.250455771584631, 53.518887138482611 ], [ 13.259750462290894, 53.517680861684944 ], [ 13.256394527010132, 53.511446505291666 ], [ 13.267470333741601, 53.512556246320223 ], [ 13.269541947859244, 53.517926698102706 ], [ 13.283452352880435, 53.519715688419922 ], [ 13.293682209807194, 53.52009940907466 ], [ 13.301783397562319, 53.52158813883954 ], [ 13.307751955338302, 53.523618800001572 ], [ 13.314454416324869, 53.52651171757018 ], [ 13.323844291854209, 53.530353570739173 ], [ 13.324390452545321, 53.533064174981263 ], [ 13.328305673290881, 53.53317658759152 ], [ 13.327890370582354, 53.539506996626827 ], [ 13.343098486933652, 53.539266989975054 ], [ 13.343025478688295, 53.550706837116927 ], [ 13.340328704327604, 53.558070953876339 ], [ 13.339455778164101, 53.563020339081788 ], [ 13.33933314047156, 53.56851501259063 ], [ 13.333419442868596, 53.569350501881686 ], [ 13.328593020275667, 53.56979704554049 ], [ 13.322148839356975, 53.570932020792974 ], [ 13.320505284671853, 53.573037257740808 ], [ 13.31244126481551, 53.581874641219578 ], [ 13.314531191336558, 53.584933812506691 ], [ 13.311658670439504, 53.587012471270896 ], [ 13.311107928683857, 53.588776272659096 ], [ 13.31112399257071, 53.591410452089271 ], [ 13.296761866539963, 53.5904120101941 ], [ 13.284714920548735, 53.58982051907342 ], [ 13.276775875023555, 53.590548635011608 ], [ 13.272368300286233, 53.591009792276758 ], [ 13.268636458463897, 53.591399754508124 ], [ 13.266464686693512, 53.591627419287555 ], [ 13.265920469234535, 53.593167382358985 ], [ 13.264442808279654, 53.599163407580264 ], [ 13.25796954180182, 53.611266414419184 ], [ 13.252723883817806, 53.619098024938573 ], [ 13.25262127306981, 53.619496357943035 ], [ 13.251574287774842, 53.624260158293481 ], [ 13.257486076070126, 53.626763596690353 ], [ 13.257881256699402, 53.628263677371706 ], [ 13.256242427631472, 53.629188112141541 ], [ 13.25291670342666, 53.630095281352389 ], [ 13.253934187122324, 53.632715567803039 ], [ 13.256589234381288, 53.634289855997224 ], [ 13.255679528516058, 53.636731125197841 ], [ 13.255577161606006, 53.636988675712068 ], [ 13.255909247122011, 53.637109418426846 ], [ 13.25894617483139, 53.638394834569198 ], [ 13.256351255968314, 53.640393148448155 ], [ 13.257468867046645, 53.643804512329559 ], [ 13.261529634980802, 53.645087225246002 ], [ 13.262812514211205, 53.648372571817838 ], [ 13.265091396807467, 53.649137922721891 ], [ 13.265353166939441, 53.649215093553615 ], [ 13.265594662153378, 53.64936618390287 ], [ 13.269583782329388, 53.651991687115405 ], [ 13.27226287651486, 53.653524951687629 ], [ 13.269927074591335, 53.657589037109631 ], [ 13.269430052707067, 53.660084653779109 ], [ 13.267615682434091, 53.66212558228348 ], [ 13.269347097535306, 53.66355109054409 ], [ 13.273750007282626, 53.662474538722016 ], [ 13.278171130224976, 53.662843786225622 ], [ 13.297238038178005, 53.669022580865196 ], [ 13.3085946736623, 53.672278069777107 ], [ 13.30899866002394, 53.672382973831468 ], [ 13.309335918567257, 53.672457386696472 ], [ 13.326303649070717, 53.676322894621535 ], [ 13.338234451295325, 53.678403628910488 ], [ 13.345285641724939, 53.679593066980978 ], [ 13.350525029601117, 53.68120605768533 ], [ 13.381352813376147, 53.691929718695079 ], [ 13.393722106178656, 53.697314167790076 ], [ 13.398362143527885, 53.700192698509056 ], [ 13.403671501559247, 53.702994025297144 ], [ 13.410675909804993, 53.706300656927723 ], [ 13.415134308258528, 53.710369081758252 ], [ 13.416415713511018, 53.712625789560022 ], [ 13.418175730832845, 53.719924749506482 ], [ 13.418962878221135, 53.727203154829112 ], [ 13.42293615664353, 53.734280966263611 ], [ 13.428991887752909, 53.742612814913656 ], [ 13.432074249305149, 53.749527936987953 ], [ 13.432000451070044, 53.75178689527332 ], [ 13.432513361420868, 53.75176030778519 ], [ 13.43664521805113, 53.751505109322785 ], [ 13.43701330514387, 53.750439843199416 ], [ 13.438597974569094, 53.749284934262526 ] ] ] ] } },
{ "type": "Feature", "properties": { "wkr": 23, "wkr_name": "Vorpommern-Rügen I" }, "geometry": { "type": "MultiPolygon", "coordinates": [ [ [ [ 12.527495837489681, 54.36369088211034 ], [ 12.526222999746851, 54.362805771319898 ], [ 12.524830654871415, 54.36284154637287 ], [ 12.524468861846097, 54.363513094189557 ], [ 12.52495308834861, 54.364645203656167 ], [ 12.5268911733779, 54.366237931604914 ], [ 12.527860491952698, 54.366273969180959 ], [ 12.528645283529212, 54.365919155300595 ], [ 12.528103125052805, 54.36521157290133 ], [ 12.527495837489681, 54.36369088211034 ] ] ], [ [ [ 12.528694896823717, 54.36746224482836 ], [ 12.527179422150207, 54.367107207336701 ], [ 12.52463679089475, 54.367142852941704 ], [ 12.523363360730729, 54.367636834426669 ], [ 12.523182366594538, 54.368133203803772 ], [ 12.523966892504077, 54.368663395565491 ], [ 12.525967152006746, 54.368841086197946 ], [ 12.528086761582149, 54.368735743161572 ], [ 12.528756262969653, 54.368133843532306 ], [ 12.528694896823717, 54.36746224482836 ] ] ], [ [ [ 12.524050858324372, 54.370422135856778 ], [ 12.522839192638225, 54.370019899060672 ], [ 12.520553880486698, 54.370569855412512 ], [ 12.519583943231572, 54.371602888142981 ], [ 12.518898825834262, 54.3722721406738 ], [ 12.520063913613649, 54.372660630747049 ], [ 12.521437469303477, 54.373126099881588 ], [ 12.522756910266915, 54.373606950481062 ], [ 12.52253420958769, 54.372340122960637 ], [ 12.523153908015043, 54.371812351979116 ], [ 12.524569883922245, 54.371122979540949 ], [ 12.524554687338558, 54.370718688463803 ], [ 12.524050858324372, 54.370422135856778 ] ] ], [ [ [ 12.736004072591969, 54.412677327327685 ], [ 12.737381823942956, 54.41168226694451 ], [ 12.73678962833543, 54.410256904415711 ], [ 12.736866436187711, 54.40936945980026 ], [ 12.735873590305324, 54.407870536709552 ], [ 12.734223799861834, 54.407500326233496 ], [ 12.731238611784791, 54.405645246023127 ], [ 12.72953227988272, 54.404686522626442 ], [ 12.72660692073593, 54.404875274344796 ], [ 12.724956809401151, 54.404412764733756 ], [ 12.722620926567934, 54.404697105206587 ], [ 12.719910435814947, 54.404730366388982 ], [ 12.717782402277846, 54.4050143123034 ], [ 12.71875134648457, 54.406468397696017 ], [ 12.721603890422411, 54.409817785798822 ], [ 12.724126457646969, 54.412473525170874 ], [ 12.725187910529803, 54.413011007416095 ], [ 12.726697476467786, 54.413001942547403 ], [ 12.729036911081634, 54.412409903392771 ], [ 12.732173898608899, 54.413024867290325 ], [ 12.734516232666319, 54.41320755897052 ], [ 12.736004072591969, 54.412677327327685 ] ] ], [ [ [ 12.67099283773624, 54.417104434108573 ], [ 12.670719603626612, 54.415970381495825 ], [ 12.669278302534833, 54.41689959685398 ], [ 12.668553606886054, 54.417940351277281 ], [ 12.669152737406613, 54.419866953994308 ], [ 12.670279970468247, 54.420674386330532 ], [ 12.6708726618429, 54.420521011024775 ], [ 12.670673308658063, 54.419595791967062 ], [ 12.670605285353268, 54.418787234232759 ], [ 12.670673488062835, 54.418019180610052 ], [ 12.67099283773624, 54.417104434108573 ] ] ], [ [ [ 12.642849232248489, 54.420659242510993 ], [ 12.644089298972924, 54.419115017141415 ], [ 12.64527191042604, 54.417725816053547 ], [ 12.645214564188226, 54.416434313249155 ], [ 12.645104892793578, 54.415742588072277 ], [ 12.644511545812778, 54.415648781919295 ], [ 12.643704422787732, 54.416278433714943 ], [ 12.643000941539343, 54.416784448295424 ], [ 12.641271429342995, 54.416691625021436 ], [ 12.640516959241499, 54.416849511263109 ], [ 12.640572475616965, 54.417478393449898 ], [ 12.641381440430402, 54.417540585166975 ], [ 12.642194670499283, 54.417762246515352 ], [ 12.641872763112435, 54.418391458629905 ], [ 12.641116022542024, 54.419180526474861 ], [ 12.639764821358311, 54.419464709642455 ], [ 12.639224490025169, 54.419024920356264 ], [ 12.638629459576688, 54.418268464082978 ], [ 12.638410954346941, 54.417134329354525 ], [ 12.6386243552216, 54.416219954223642 ], [ 12.637811180985734, 54.416000515446122 ], [ 12.636518370589895, 54.416504739519695 ], [ 12.635868641403523, 54.416979220419137 ], [ 12.636086693606462, 54.417956127054772 ], [ 12.636363371629011, 54.419278895797291 ], [ 12.636527369000879, 54.420192953381346 ], [ 12.63658229019552, 54.420601711767766 ], [ 12.635608256834074, 54.420791194672191 ], [ 12.635016149434016, 54.421234176035135 ], [ 12.635395368477337, 54.421957133950848 ], [ 12.636749758997935, 54.422933102524802 ], [ 12.637506063168603, 54.423469307928869 ], [ 12.63804549962742, 54.423531748349973 ], [ 12.638478740301165, 54.422711529062674 ], [ 12.639393366820327, 54.421859451970839 ], [ 12.641013637164557, 54.421323469283948 ], [ 12.642849232248489, 54.420659242510993 ] ] ], [ [ [ 12.929673782334977, 54.428739719955814 ], [ 12.928741323618103, 54.427105133110054 ], [ 12.928421709725905, 54.428332620509636 ], [ 12.926828147985644, 54.430545891408272 ], [ 12.924457657439879, 54.431687843351 ], [ 12.922793070485474, 54.432921921825404 ], [ 12.925441312822487, 54.432630442084744 ], [ 12.926842435814672, 54.431994025608539 ], [ 12.928446408296502, 54.430954036638298 ], [ 12.929579993439489, 54.430222600641933 ], [ 12.929673782334977, 54.428739719955814 ] ] ], [ [ [ 12.696830424087569, 54.430881304088977 ], [ 12.697785639923756, 54.429824414477558 ], [ 12.700234714926825, 54.430441230097635 ], [ 12.705599688488805, 54.428044060506274 ], [ 12.709632616158574, 54.42602360274082 ], [ 12.713528823722127, 54.425454313542112 ], [ 12.717020829087717, 54.424988809265187 ], [ 12.720853750281734, 54.424983181290656 ], [ 12.723725166808622, 54.425320305598248 ], [ 12.725001436098175, 54.424729872062542 ], [ 12.727278327232877, 54.423082161219746 ], [ 12.729708353029659, 54.422076565615733 ], [ 12.729896482124675, 54.420263563579404 ], [ 12.73121044523921, 54.417871513528802 ], [ 12.731335161747158, 54.416523577247681 ], [ 12.730472381056105, 54.415675856042839 ], [ 12.728356761810709, 54.415409605131863 ], [ 12.72484882441973, 54.415547540225042 ], [ 12.72319881573487, 54.415186126607331 ], [ 12.721349689930406, 54.415074341514988 ], [ 12.717321524258782, 54.416043914059372 ], [ 12.714325392805549, 54.417020721440743 ], [ 12.707307183995201, 54.417776432712607 ], [ 12.702464453774352, 54.418414205084268 ], [ 12.699492223826125, 54.418728112185413 ], [ 12.696583084867807, 54.418421910060268 ], [ 12.692284159431475, 54.418274618447818 ], [ 12.68778801310774, 54.416815628653737 ], [ 12.684278251361127, 54.415393495659075 ], [ 12.681172537473737, 54.414934416779921 ], [ 12.678928295116501, 54.415244726724993 ], [ 12.676817640326323, 54.41636572314988 ], [ 12.675632481171567, 54.417869755335325 ], [ 12.675172934847692, 54.418678897279939 ], [ 12.675639913866103, 54.420142900522116 ], [ 12.677298302834656, 54.421953728248745 ], [ 12.679415976049771, 54.422838576291852 ], [ 12.682125366954873, 54.423257736756263 ], [ 12.68563328056014, 54.423985862597277 ], [ 12.68845482225751, 54.424501325331541 ], [ 12.69106336150289, 54.424684526830852 ], [ 12.691523884414227, 54.426292281047928 ], [ 12.691392708623519, 54.427294251667007 ], [ 12.693366898133553, 54.428776436823988 ], [ 12.689480002573072, 54.427835697969932 ], [ 12.687294310010458, 54.427481254652832 ], [ 12.688489514960629, 54.428800527939863 ], [ 12.690876276932036, 54.430417115821498 ], [ 12.694054189506042, 54.431298153782443 ], [ 12.696830424087569, 54.430881304088977 ] ] ], [ [ [ 12.525769747697952, 54.477777073309085 ], [ 12.526690849039372, 54.476139565722441 ], [ 12.528151462545743, 54.477746711560727 ], [ 12.528638253863296, 54.477462683343411 ], [ 12.528626147640974, 54.475228608738533 ], [ 12.527666184348524, 54.473301909522966 ], [ 12.525936201787113, 54.472861040100824 ], [ 12.522904540319212, 54.47248289647105 ], [ 12.520195829578357, 54.474059085930072 ], [ 12.520087556692115, 54.475727520693397 ], [ 12.522154147955556, 54.4768356556933 ], [ 12.52127473796795, 54.476898390167655 ], [ 12.519518003976904, 54.476359105198597 ], [ 12.517503798750372, 54.475100472189787 ], [ 12.519413840622969, 54.473448046206236 ], [ 12.519915775438339, 54.472654420986771 ], [ 12.520489560932564, 54.471787989270489 ], [ 12.520886381542146, 54.470950186824574 ], [ 12.521830279321552, 54.469165197983436 ], [ 12.52344599232387, 54.4693002723738 ], [ 12.52295949130451, 54.471821407427754 ], [ 12.525368207592386, 54.47165135467867 ], [ 12.527861227703877, 54.469550182450277 ], [ 12.531656698820303, 54.466136526647688 ], [ 12.535189235044552, 54.463504364119657 ], [ 12.54027507215195, 54.460512764295956 ], [ 12.54563770402209, 54.458111665067754 ], [ 12.553204834171868, 54.455851645230808 ], [ 12.560991276719038, 54.454507525195972 ], [ 12.57077409311947, 54.453384833661865 ], [ 12.581859574513693, 54.452561871367735 ], [ 12.590890196579231, 54.451832893833227 ], [ 12.598514006567411, 54.451324361593628 ], [ 12.606302893961319, 54.450563619911073 ], [ 12.614631529784344, 54.449992828331233 ], [ 12.626307086421523, 54.448282519101873 ], [ 12.633765933264888, 54.446828504856654 ], [ 12.643061924421213, 54.445087154278291 ], [ 12.653710374880246, 54.443563774355596 ], [ 12.660683299033597, 54.442642936249896 ], [ 12.668740325471635, 54.442066795360347 ], [ 12.677056342379244, 54.441576990131836 ], [ 12.688797555866925, 54.441887519177442 ], [ 12.707005985735512, 54.442284925658697 ], [ 12.725350295315078, 54.442181950900441 ], [ 12.733083054179339, 54.442013248667543 ], [ 12.739353711149111, 54.442097518255927 ], [ 12.74378884952697, 54.442059346512274 ], [ 12.749356512965401, 54.441891336668732 ], [ 12.75611485469158, 54.441818553986685 ], [ 12.766602037911497, 54.44176501353148 ], [ 12.772932706942177, 54.441787301589144 ], [ 12.77645800880989, 54.441511081032068 ], [ 12.781666612683834, 54.441186795714003 ], [ 12.786137043128306, 54.440902366063661 ], [ 12.792475306952188, 54.440618221335221 ], [ 12.797305820573813, 54.440366032680068 ], [ 12.806704764146305, 54.440523771435309 ], [ 12.819983368239983, 54.440212883313677 ], [ 12.832831855921771, 54.440553022683929 ], [ 12.842137203626738, 54.440527419757245 ], [ 12.849969668045597, 54.44055818041398 ], [ 12.863453694374453, 54.441070450807089 ], [ 12.874867817938561, 54.442094495276358 ], [ 12.882567700800927, 54.442811932737271 ], [ 12.888552133796127, 54.443238737276367 ], [ 12.892927397586989, 54.443454443768154 ], [ 12.898249001798943, 54.44374701459963 ], [ 12.906300191728144, 54.444604409881762 ], [ 12.914148748220411, 54.445242722678458 ], [ 12.919769279652259, 54.444970904280304 ], [ 12.921174961852529, 54.444714561299961 ], [ 12.921107474687176, 54.443896319253753 ], [ 12.920616593543901, 54.443016402804574 ], [ 12.920282991272998, 54.442323874386943 ], [ 12.919735779353015, 54.441537775996679 ], [ 12.919245147643455, 54.44100481408141 ], [ 12.917835088567188, 54.440344897787647 ], [ 12.916638067380706, 54.439784251661685 ], [ 12.915346912622221, 54.438427667230407 ], [ 12.919021646574974, 54.434227557360046 ], [ 12.926276330894872, 54.429476840070116 ], [ 12.926582828285161, 54.427647327645296 ], [ 12.925031082617375, 54.42526886563806 ], [ 12.919671653577144, 54.422693431786378 ], [ 12.91544359220156, 54.421603586785757 ], [ 12.911651165015968, 54.420543760300824 ], [ 12.910618939997352, 54.419948777761306 ], [ 12.905054404442074, 54.420123140950835 ], [ 12.902300728644155, 54.420801307478982 ], [ 12.899487603635809, 54.420045663958994 ], [ 12.899640737592204, 54.419068045575827 ], [ 12.895257515063827, 54.418827530200375 ], [ 12.89330317345625, 54.417761694289219 ], [ 12.888707703817243, 54.417711992063083 ], [ 12.88367604044066, 54.417097446021607 ], [ 12.877823599804888, 54.415002331743601 ], [ 12.875597658949884, 54.413620279597069 ], [ 12.872204950901528, 54.415080794825897 ], [ 12.868225304380456, 54.417360387110207 ], [ 12.862568891877672, 54.419552289602002 ], [ 12.859336119110504, 54.420412164590196 ], [ 12.8527420495884, 54.421491851329627 ], [ 12.846854930066222, 54.421850570578336 ], [ 12.842053491724466, 54.422408346913933 ], [ 12.835513615154102, 54.422550514619694 ], [ 12.832222606000853, 54.422906796547267 ], [ 12.830862723638472, 54.422090186145311 ], [ 12.823828316237734, 54.420909479965985 ], [ 12.822369430074213, 54.421038511072581 ], [ 12.819864643501191, 54.420316465241498 ], [ 12.815248051471119, 54.418282904741737 ], [ 12.80909202988733, 54.415176673120989 ], [ 12.806263258021168, 54.412505314961756 ], [ 12.803765019619338, 54.410273486924602 ], [ 12.802730121486571, 54.408635923803431 ], [ 12.800081013532365, 54.408673117526519 ], [ 12.797287853515089, 54.410916368458075 ], [ 12.791320467353854, 54.416223390435285 ], [ 12.784360510987071, 54.417466532600471 ], [ 12.780300072114912, 54.416688454765904 ], [ 12.778414146450441, 54.417572591200624 ], [ 12.773930996522783, 54.417581065380325 ], [ 12.76743795561284, 54.416333301508764 ], [ 12.764460755782123, 54.414919254807536 ], [ 12.764236709848021, 54.413376500741023 ], [ 12.763796334085596, 54.412431608174828 ], [ 12.761907601533666, 54.412843913746066 ], [ 12.75834732739029, 54.413953273396494 ], [ 12.755595506177361, 54.414308543090421 ], [ 12.750895725577557, 54.414819991809026 ], [ 12.745602415440391, 54.415269378507972 ], [ 12.74158853449684, 54.415103102369827 ], [ 12.737666686940369, 54.416450549853522 ], [ 12.735542365422186, 54.417635507259575 ], [ 12.733175408190942, 54.420485269972076 ], [ 12.730774795466454, 54.422791446187219 ], [ 12.727288543745242, 54.427015278065525 ], [ 12.724607341957562, 54.431309736135788 ], [ 12.722763112034126, 54.429926630219555 ], [ 12.7223906937627, 54.431281905462853 ], [ 12.721475104075278, 54.432260051134698 ], [ 12.719962897648205, 54.432704810381885 ], [ 12.71790344871685, 54.431351145090915 ], [ 12.716219553936027, 54.429495972066803 ], [ 12.713459879643693, 54.428302672518512 ], [ 12.709516456044565, 54.428685628801666 ], [ 12.706331873658131, 54.43004439003866 ], [ 12.699904436895848, 54.431757844074959 ], [ 12.696500351012709, 54.432233957969544 ], [ 12.691995217672224, 54.431920685816635 ], [ 12.688765946517135, 54.430700499620528 ], [ 12.68426760366448, 54.42783745387672 ], [ 12.677829309566238, 54.425266273057147 ], [ 12.67179330731369, 54.422972830397313 ], [ 12.668515441395892, 54.420541471206697 ], [ 12.66725953087132, 54.416699536492999 ], [ 12.667358865430986, 54.413893980374986 ], [ 12.667567468253244, 54.411656546486753 ], [ 12.667616749117119, 54.410113318614513 ], [ 12.665343153736858, 54.40835013175716 ], [ 12.660428140550488, 54.409112109021891 ], [ 12.656634335930633, 54.410142285513871 ], [ 12.653030721614813, 54.410410798534059 ], [ 12.651362228699753, 54.412838221844666 ], [ 12.650230686683193, 54.41450818952945 ], [ 12.648395101073662, 54.415174656757266 ], [ 12.647699702545781, 54.417255248527162 ], [ 12.647487331148472, 54.418546940250515 ], [ 12.646729674031661, 54.418958631481701 ], [ 12.645652178648792, 54.419305496906922 ], [ 12.644839876012716, 54.419400564553236 ], [ 12.644141485742278, 54.420346736176981 ], [ 12.643222867788163, 54.42129214284639 ], [ 12.640147418386524, 54.422146839422815 ], [ 12.639121558958731, 54.423250588619325 ], [ 12.640206500631027, 54.424289695803289 ], [ 12.644802315280842, 54.424443014432356 ], [ 12.645128345693342, 54.425419855902518 ], [ 12.640643540133265, 54.4251070509603 ], [ 12.637824271129345, 54.425304792880141 ], [ 12.632964794006075, 54.422781713500981 ], [ 12.631713816081012, 54.421396704841385 ], [ 12.626791608577879, 54.419729164767588 ], [ 12.624310005116932, 54.420456596207799 ], [ 12.619993177655347, 54.419175015903292 ], [ 12.617209214734789, 54.417751243878513 ], [ 12.618220646771654, 54.416176143433177 ], [ 12.618046412225025, 54.415094328405537 ], [ 12.617029391464637, 54.414286848559065 ], [ 12.61448808713093, 54.414206133845923 ], [ 12.611604298662161, 54.412768902847652 ], [ 12.610790625919877, 54.411017898174784 ], [ 12.61290085413281, 54.40992015448564 ], [ 12.615590012406495, 54.408555126426187 ], [ 12.617059342973436, 54.407682672441901 ], [ 12.616838446109909, 54.406914621853161 ], [ 12.61558755585102, 54.40717820022752 ], [ 12.614156505110961, 54.40791804667451 ], [ 12.612558278355623, 54.408805209410794 ], [ 12.610592158526609, 54.409260628060352 ], [ 12.602102531008226, 54.409301719330514 ], [ 12.601396628257895, 54.408457461369785 ], [ 12.597634670935399, 54.40846824198843 ], [ 12.591534865957067, 54.408077896066175 ], [ 12.586251618979521, 54.407785829946448 ], [ 12.582371958612585, 54.405624129572466 ], [ 12.577820060340661, 54.404493517983582 ], [ 12.576047342951384, 54.402674696712104 ], [ 12.575703281082518, 54.400996962005678 ], [ 12.576552379193252, 54.399035842390404 ], [ 12.577643527392375, 54.396724199750729 ], [ 12.580018435905364, 54.396451607403414 ], [ 12.584616582621928, 54.394659837135045 ], [ 12.585985223623334, 54.393181381257527 ], [ 12.589775746812069, 54.392443153398496 ], [ 12.593144572295241, 54.393129113268614 ], [ 12.595926701796845, 54.392586515547691 ], [ 12.597527284394863, 54.392093885762797 ], [ 12.59811091438273, 54.391010947900654 ], [ 12.596761660598654, 54.38924371930937 ], [ 12.595158488780825, 54.387523940273717 ], [ 12.593640614100758, 54.386392575949273 ], [ 12.59287852847733, 54.383589681434614 ], [ 12.591527690841126, 54.383590295804893 ], [ 12.591868027055547, 54.384967065547912 ], [ 12.59212380924591, 54.386393276032756 ], [ 12.591290454890018, 54.387819913220554 ], [ 12.587678067137592, 54.389099445479275 ], [ 12.582266951109361, 54.389299241200156 ], [ 12.580414919018276, 54.388464176287158 ], [ 12.57749367834643, 54.388399954937448 ], [ 12.572999298895571, 54.389546760096358 ], [ 12.568111530580609, 54.389795075543766 ], [ 12.562384219959497, 54.389106690994218 ], [ 12.55997486279267, 54.388979074568873 ], [ 12.556130358432535, 54.389893813663498 ], [ 12.554059769680872, 54.39006701692189 ], [ 12.551896619675141, 54.389615767330987 ], [ 12.548906149986202, 54.389234198328616 ], [ 12.547220124942555, 54.387830499412715 ], [ 12.546504089874494, 54.386720890541021 ], [ 12.542671088567678, 54.386258257015101 ], [ 12.53702546079221, 54.384488415868994 ], [ 12.536102119974123, 54.383309104409456 ], [ 12.535174807794668, 54.381734461027875 ], [ 12.528267851023944, 54.381096111774781 ], [ 12.523381742337515, 54.378979810204058 ], [ 12.520758587913802, 54.377014009600728 ], [ 12.521517569159094, 54.374900467448597 ], [ 12.520779461015167, 54.373552685602434 ], [ 12.517305734635503, 54.372932201918069 ], [ 12.516401179175505, 54.373807967197507 ], [ 12.513429991436576, 54.375242611729988 ], [ 12.511156705098221, 54.376668310389043 ], [ 12.507800413324841, 54.378388068473797 ], [ 12.501732228070285, 54.381335524799766 ], [ 12.495409266623852, 54.382155320866737 ], [ 12.486227975727392, 54.382167224039087 ], [ 12.472898687755926, 54.382052766972507 ], [ 12.469786384314803, 54.381642200984807 ], [ 12.458515973195295, 54.381561083341879 ], [ 12.451526393740288, 54.380623990262606 ], [ 12.439314353891513, 54.378646996368424 ], [ 12.43611621264197, 54.378987746702677 ], [ 12.434936881976604, 54.378250012329772 ], [ 12.433930883625665, 54.375937904139576 ], [ 12.432028603399578, 54.375114115644877 ], [ 12.428037460827033, 54.37426150809587 ], [ 12.425598712995843, 54.372734142495268 ], [ 12.420883852542847, 54.372188293618599 ], [ 12.418533141836615, 54.369629903777337 ], [ 12.417363383262403, 54.367122126086741 ], [ 12.415341946425317, 54.366578697230821 ], [ 12.414169633753421, 54.365003038108654 ], [ 12.416530299018898, 54.364071089799978 ], [ 12.415696275032355, 54.361316563541969 ], [ 12.417047030411181, 54.358418255256133 ], [ 12.416125171178381, 54.356793444827716 ], [ 12.419585340086696, 54.354436282323675 ], [ 12.42035809180544, 54.349176729596145 ], [ 12.420981130794155, 54.343755275432819 ], [ 12.419880489797992, 54.340178468974322 ], [ 12.417531499570588, 54.337667279188231 ], [ 12.415746305064076, 54.335657420902315 ], [ 12.410303529366747, 54.335743832906381 ], [ 12.407422811597842, 54.336331446103266 ], [ 12.404453575384986, 54.339284004264428 ], [ 12.401441367376741, 54.342274590739756 ], [ 12.400431113667038, 54.343207801328305 ], [ 12.397752580276798, 54.342957650009843 ], [ 12.391846492024538, 54.343343647235699 ], [ 12.388903585638731, 54.342848176975131 ], [ 12.388656749351806, 54.340929736812456 ], [ 12.384454218967418, 54.340187773191744 ], [ 12.386733367357436, 54.338173662214352 ], [ 12.389598000256346, 54.336849774183449 ], [ 12.389349549458764, 54.335423287983524 ], [ 12.394321217571594, 54.33375825093492 ], [ 12.396766840686608, 54.33228546726086 ], [ 12.394170620532721, 54.327365796077878 ], [ 12.395354933674181, 54.326039728471287 ], [ 12.396035625959843, 54.323679918054594 ], [ 12.394943530360262, 54.322843072149332 ], [ 12.391333588224683, 54.321217126546159 ], [ 12.391007126305544, 54.31797111537707 ], [ 12.38807275622076, 54.315656215137736 ], [ 12.383871623297193, 54.314175357773628 ], [ 12.384973047384754, 54.312406836760637 ], [ 12.383716213574345, 54.310536476107501 ], [ 12.379688331935059, 54.309154445546575 ], [ 12.375822850446099, 54.308511449983172 ], [ 12.373882675160978, 54.309591398477906 ], [ 12.370184266001893, 54.309438052407224 ], [ 12.365808764616812, 54.310467355333387 ], [ 12.363712790638358, 54.308348519885968 ], [ 12.360190861487347, 54.306328281498295 ], [ 12.361211661980345, 54.303969508971043 ], [ 12.358778561020078, 54.302688065542192 ], [ 12.357526368210378, 54.300078439143149 ], [ 12.359721134974675, 54.298754193685589 ], [ 12.363257638817931, 54.296104524938116 ], [ 12.36453533678324, 54.292665436590276 ], [ 12.365719809472559, 54.290355905324837 ], [ 12.368587104987295, 54.287705100400821 ], [ 12.376278376428404, 54.282374431324406 ], [ 12.379796266934134, 54.279899426215152 ], [ 12.382796093641339, 54.278214668137856 ], [ 12.380312809873345, 54.276360713317324 ], [ 12.379060073009319, 54.273752257456252 ], [ 12.377137453931097, 54.271686567197932 ], [ 12.370756958727652, 54.270399828800159 ], [ 12.364295903754554, 54.268224182550583 ], [ 12.363972020799254, 54.265866816296295 ], [ 12.36816812329041, 54.265331420251862 ], [ 12.370279107489216, 54.263267984026072 ], [ 12.37439898564978, 54.261944828542951 ], [ 12.382304032329163, 54.259250628776748 ], [ 12.387186142402813, 54.256307033610653 ], [ 12.392769727791938, 54.254640404735412 ], [ 12.396265172174246, 54.253267720683645 ], [ 12.398035423861293, 54.251549270363157 ], [ 12.402574049238819, 54.250078616080252 ], [ 12.410414887299259, 54.24852378041669 ], [ 12.419971187792116, 54.246395076205864 ], [ 12.425505758993031, 54.246317165460134 ], [ 12.436338694466663, 54.2453920183261 ], [ 12.439613063104588, 54.24583510072685 ], [ 12.448425620812861, 54.246234948275379 ], [ 12.454553305424428, 54.246780633724207 ], [ 12.457742502487973, 54.247766548372304 ], [ 12.460762653902295, 54.248898260514949 ], [ 12.460426218740489, 54.25042314170603 ], [ 12.457736062181558, 54.251108760649572 ], [ 12.457638863182364, 54.25178924554654 ], [ 12.451098262385637, 54.25395694895704 ], [ 12.445215124949559, 54.255084521367543 ], [ 12.440514660291194, 54.255622197832814 ], [ 12.433877575234209, 54.255861654663761 ], [ 12.430779491628465, 54.25672590468487 ], [ 12.428499218808154, 54.257334785997692 ], [ 12.424467301640268, 54.2573311282802 ], [ 12.421024890006267, 54.257770368603737 ], [ 12.417576852672429, 54.25875086746418 ], [ 12.416561567730396, 54.260962245181091 ], [ 12.41521490412099, 54.26228837076718 ], [ 12.413238995724472, 54.264846882456986 ], [ 12.410901224702631, 54.267710488197402 ], [ 12.409065018456161, 54.269510046941143 ], [ 12.410400587734967, 54.272018058086985 ], [ 12.409216028973971, 54.274132672488584 ], [ 12.408451950442677, 54.276687907121783 ], [ 12.409452085353216, 54.279689758234362 ], [ 12.411629886474733, 54.281756170110988 ], [ 12.414729740543288, 54.28490619652198 ], [ 12.416318155156171, 54.287760385294817 ], [ 12.419169902905301, 54.28938481936239 ], [ 12.421860073328943, 54.289829907122581 ], [ 12.424293429607886, 54.291552666890901 ], [ 12.426222508102185, 54.292342833955388 ], [ 12.428240815577432, 54.292836559847771 ], [ 12.430672722732368, 54.293770905836645 ], [ 12.432829219113117, 54.295832525751116 ], [ 12.436467250591956, 54.296722798461403 ], [ 12.438947218198162, 54.297003308282832 ], [ 12.440867546573847, 54.297695240255194 ], [ 12.443743659315306, 54.29774007121668 ], [ 12.446987620534982, 54.29817367221272 ], [ 12.448486116366253, 54.298601027449727 ], [ 12.454118712587482, 54.299047494003844 ], [ 12.455913717101204, 54.299345416570851 ], [ 12.457164368846879, 54.300035763221516 ], [ 12.459672425345087, 54.300686402248878 ], [ 12.461072578813264, 54.300256979305161 ], [ 12.464394382934444, 54.301552081301466 ], [ 12.467118898281408, 54.302157432905993 ], [ 12.470882464028071, 54.302244776081579 ], [ 12.474422685458359, 54.302765395565558 ], [ 12.476341434437821, 54.303887124396091 ], [ 12.478099357188919, 54.304095885543418 ], [ 12.478465105098527, 54.304670863066917 ], [ 12.479394801794674, 54.302795486017928 ], [ 12.472855473175118, 54.299714962155043 ], [ 12.47068317244077, 54.297674817753091 ], [ 12.467953500877252, 54.295063232799947 ], [ 12.47286268475227, 54.29272039595179 ], [ 12.47619472469413, 54.290799463690547 ], [ 12.479990649844094, 54.286050755933161 ], [ 12.481381999092996, 54.284924304680466 ], [ 12.484348679845105, 54.284246871601411 ], [ 12.488943682343027, 54.28439487147412 ], [ 12.491016355709247, 54.284734850887929 ], [ 12.495923197656335, 54.285387783203689 ], [ 12.508142244468544, 54.285986854975029 ], [ 12.508050504508763, 54.283331972806373 ], [ 12.509206383886319, 54.281849969582616 ], [ 12.510343286772859, 54.281480821516354 ], [ 12.511942488486314, 54.280787909904447 ], [ 12.512223680030063, 54.278728118321155 ], [ 12.515692171083026, 54.27798081981107 ], [ 12.515228338747267, 54.27649829467321 ], [ 12.511309680283444, 54.276288794489503 ], [ 12.511533206154493, 54.274440249338561 ], [ 12.520276324514766, 54.275676925006984 ], [ 12.52073745530442, 54.273909337399566 ], [ 12.531110399973029, 54.271475451063317 ], [ 12.53184475546052, 54.273584672491999 ], [ 12.53197624430018, 54.275258100823962 ], [ 12.53017613963684, 54.275190585251117 ], [ 12.531104249193849, 54.281385604591961 ], [ 12.55899398851777, 54.278277176754976 ], [ 12.560274420410581, 54.281262268871743 ], [ 12.56126926694226, 54.28330550871609 ], [ 12.562272041367919, 54.285215609916463 ], [ 12.56812078092927, 54.284225505637544 ], [ 12.572018520481709, 54.282411096427055 ], [ 12.570538521869384, 54.281078019735141 ], [ 12.57398760460155, 54.27925712867912 ], [ 12.576985124960038, 54.277491421830966 ], [ 12.578711599193209, 54.276613050976145 ], [ 12.582749413941251, 54.274217365531044 ], [ 12.591818731799327, 54.271514644447748 ], [ 12.593280275234855, 54.267588907788934 ], [ 12.615464562592834, 54.263876010640054 ], [ 12.613208388842468, 54.260014068368527 ], [ 12.608141973652582, 54.252782340475342 ], [ 12.611927171357173, 54.250313516605466 ], [ 12.609109877886373, 54.245299566276636 ], [ 12.612753073851712, 54.243160992254239 ], [ 12.61738594845694, 54.243157756959263 ], [ 12.6182312451719, 54.243896155609256 ], [ 12.624551935150375, 54.243664633784356 ], [ 12.629488544950517, 54.242268239347247 ], [ 12.631157430517572, 54.240872020752356 ], [ 12.632034423024093, 54.238701461289253 ], [ 12.634941792531853, 54.237358100767288 ], [ 12.637407363406506, 54.235754477623971 ], [ 12.640647806885013, 54.234392694157187 ], [ 12.644501186762302, 54.235757171625679 ], [ 12.653857509695719, 54.235068772908065 ], [ 12.659940317345637, 54.242096815635819 ], [ 12.664543540370792, 54.249904454386474 ], [ 12.679817290442207, 54.249682891462975 ], [ 12.691064411637088, 54.248801733108387 ], [ 12.694855052467002, 54.249030505187406 ], [ 12.700717961170488, 54.2494987633901 ], [ 12.702925431876427, 54.250288899505456 ], [ 12.715600106558865, 54.2479423159253 ], [ 12.723325101555073, 54.246191196491417 ], [ 12.730910156155922, 54.243463082740462 ], [ 12.733555899898352, 54.242553405191494 ], [ 12.7366829413681, 54.241278946575648 ], [ 12.73685192251466, 54.240818370956433 ], [ 12.736066227659526, 54.239337122305983 ], [ 12.735038017470803, 54.238752622778918 ], [ 12.73371004691241, 54.237721514673083 ], [ 12.732429717040626, 54.236229823229209 ], [ 12.731329290340664, 54.235436482615086 ], [ 12.732436425573217, 54.232740417926898 ], [ 12.735873380719783, 54.232819608132338 ], [ 12.739578150517969, 54.232814861453768 ], [ 12.745614866070854, 54.232402556841286 ], [ 12.755034765462911, 54.233105358521371 ], [ 12.758595209995272, 54.233323513045029 ], [ 12.759759441535975, 54.228224412056903 ], [ 12.75829454425209, 54.226958714315437 ], [ 12.751601456801641, 54.23049046866538 ], [ 12.749620691736377, 54.230509525293286 ], [ 12.747897500074924, 54.226066524019807 ], [ 12.746266626845454, 54.224316051087143 ], [ 12.750645656326999, 54.222320526340958 ], [ 12.750891218637733, 54.219950343316128 ], [ 12.750616392040302, 54.218658086003252 ], [ 12.74957488218403, 54.216466933896278 ], [ 12.747151040966438, 54.215264788834169 ], [ 12.744523137145904, 54.214015988503 ], [ 12.742862393594441, 54.212272660553268 ], [ 12.746841519873362, 54.211397505192608 ], [ 12.749087792293945, 54.210557146978424 ], [ 12.751171818041568, 54.209194794456657 ], [ 12.748829005687661, 54.200447452038105 ], [ 12.752710334784913, 54.199231610434261 ], [ 12.751685397684513, 54.196046106810655 ], [ 12.754912809717228, 54.195229329286263 ], [ 12.757714455921574, 54.195457868649306 ], [ 12.759816431958464, 54.195932394365798 ], [ 12.762963856162608, 54.195448535659452 ], [ 12.765292403626988, 54.194623670223706 ], [ 12.767654310786144, 54.193673257374911 ], [ 12.770878277951359, 54.189318168065036 ], [ 12.77972360880622, 54.188857900616462 ], [ 12.779963976084497, 54.185478946955577 ], [ 12.785179179383555, 54.186514938475028 ], [ 12.790769374965997, 54.185615836860862 ], [ 12.791283008478386, 54.183804196121784 ], [ 12.792228925538899, 54.180762969820499 ], [ 12.796674558554134, 54.179470635467077 ], [ 12.798624716573098, 54.17758554414295 ], [ 12.798817361800539, 54.176003674809273 ], [ 12.795089943400848, 54.173361272841859 ], [ 12.795487659027932, 54.172095691928014 ], [ 12.798112339672473, 54.171220505176791 ], [ 12.798826765222822, 54.167460739190986 ], [ 12.802046793063727, 54.165198115680482 ], [ 12.801974156631882, 54.164052633821399 ], [ 12.799668510269909, 54.162119237053929 ], [ 12.799658161649209, 54.16053781860937 ], [ 12.81307224929167, 54.16070362826175 ], [ 12.821954847003187, 54.1589422349088 ], [ 12.821991346329245, 54.156901789421426 ], [ 12.824155840869681, 54.154681707462103 ], [ 12.821475008282018, 54.153308825660801 ], [ 12.820056303737434, 54.151813879139191 ], [ 12.819068169117399, 54.148925137494331 ], [ 12.816234165798317, 54.146350747961648 ], [ 12.815783916913871, 54.144853470577111 ], [ 12.816305934394888, 54.143973907002696 ], [ 12.819876100623038, 54.138491004231774 ], [ 12.820484720496456, 54.137435994755897 ], [ 12.820297299431843, 54.135785348114858 ], [ 12.818959355349302, 54.133153526917418 ], [ 12.818510577717063, 54.131865167750263 ], [ 12.817525811716621, 54.129387492363918 ], [ 12.816634093764099, 54.127635172978472 ], [ 12.815748783769806, 54.126810590594729 ], [ 12.810765768850816, 54.124015335295638 ], [ 12.813727717584182, 54.123181647629877 ], [ 12.821136211615233, 54.121681156393137 ], [ 12.825125087218199, 54.119056537400681 ], [ 12.82882218814609, 54.1173917244801 ], [ 12.833859205715067, 54.116507378364972 ], [ 12.845129386439135, 54.115736787272468 ], [ 12.846102969780516, 54.117041620286933 ], [ 12.849070143090326, 54.117033713671148 ], [ 12.847007855289387, 54.099951087387268 ], [ 12.845231029521297, 54.098194657762377 ], [ 12.849575356616329, 54.097026334201537 ], [ 12.852741505671846, 54.097224584664957 ], [ 12.853517836120023, 54.095310838785977 ], [ 12.860015790734938, 54.094466540200955 ], [ 12.862553592044762, 54.093062324511934 ], [ 12.866771598989159, 54.09341222438853 ], [ 12.869601486959837, 54.092705739477317 ], [ 12.873809679228904, 54.091867025468275 ], [ 12.874147643472362, 54.090215102940931 ], [ 12.877984669657684, 54.088885425527515 ], [ 12.882735759206099, 54.089491575717993 ], [ 12.885014131660892, 54.088709977032536 ], [ 12.889235554720921, 54.089059074234669 ], [ 12.891556727116779, 54.090541494341053 ], [ 12.893987904345767, 54.089768201788445 ], [ 12.89542009725082, 54.092708994122546 ], [ 12.898933127614827, 54.092387856455517 ], [ 12.904692933527601, 54.095459351975087 ], [ 12.909248403236539, 54.095869700307311 ], [ 12.911741402781868, 54.097656771625211 ], [ 12.9170920796785, 54.096813035732012 ], [ 12.919097555748312, 54.096301108172369 ], [ 12.92051900548544, 54.097898311371907 ], [ 12.924752423441381, 54.098544967628619 ], [ 12.927201784103541, 54.098083147135306 ], [ 12.928631495734948, 54.100506918140319 ], [ 12.931710347128428, 54.100703338085239 ], [ 12.933636470273159, 54.100128464175924 ], [ 12.934148345106887, 54.098525001083289 ], [ 12.936658010570591, 54.094084193334496 ], [ 12.94041494354502, 54.093319017102679 ], [ 12.940076623640438, 54.083756883101266 ], [ 12.928420316996617, 54.082254884203977 ], [ 12.925296594814331, 54.078017157686368 ], [ 12.917861630014084, 54.077311797855081 ], [ 12.916563823863926, 54.074406246630858 ], [ 12.914861935189222, 54.071054196244198 ], [ 12.930733276844101, 54.067764774080011 ], [ 12.930584540617858, 54.066610581916898 ], [ 12.934371905541159, 54.066478696435112 ], [ 12.939095542942773, 54.064869775390406 ], [ 12.934182055788936, 54.062221767763944 ], [ 12.930474783717731, 54.058307202208667 ], [ 12.923690496299804, 54.051963091971025 ], [ 12.917543899917719, 54.049127879296961 ], [ 12.90936892986999, 54.048518115956412 ], [ 12.907437868411284, 54.0469044577885 ], [ 12.905844347475453, 54.045878342044929 ], [ 12.903134235283339, 54.043723038602195 ], [ 12.897143500709822, 54.047369798775996 ], [ 12.894309378487444, 54.048479312439518 ], [ 12.890952844371295, 54.046281269737015 ], [ 12.88865730024893, 54.044363011414688 ], [ 12.892510707875035, 54.042841758462231 ], [ 12.894528291920297, 54.040386616089769 ], [ 12.873226407599637, 54.02171954391919 ], [ 12.881607460555125, 54.017206451997346 ], [ 12.887435986410177, 54.017934788892845 ], [ 12.891057191266205, 54.017618368965607 ], [ 12.889842899245933, 54.012183284777237 ], [ 12.895203718067936, 54.011805255683669 ], [ 12.894669004027596, 54.007742859971486 ], [ 12.891662562990357, 54.003005497636401 ], [ 12.895989384259694, 53.999826954581245 ], [ 12.898904574518953, 53.996888458295032 ], [ 12.895393078036891, 53.995591813496596 ], [ 12.89662479756063, 53.99259801274868 ], [ 12.903767958170159, 53.988240161539821 ], [ 12.906886362162293, 53.987001462861691 ], [ 12.902718583239484, 53.981678650974153 ], [ 12.894894092788631, 53.98035039025423 ], [ 12.88427209428548, 53.980489436604529 ], [ 12.877095458383927, 53.979897669469551 ], [ 12.872509868024899, 53.976594464366876 ], [ 12.874335499063115, 53.973125115072655 ], [ 12.871016322946609, 53.973253245713515 ], [ 12.865221659738987, 53.973479220178938 ], [ 12.857734913928452, 53.97586715246787 ], [ 12.856179479985995, 53.976866067171464 ], [ 12.85398727324606, 53.97794711060353 ], [ 12.851054178625494, 53.979479606282631 ], [ 12.849182367606886, 53.980473485473013 ], [ 12.848095809042276, 53.981528216142429 ], [ 12.846603432749717, 53.98285752886256 ], [ 12.845408021967577, 53.984470082736564 ], [ 12.843985271326709, 53.985985063886147 ], [ 12.842221521703937, 53.987959999588803 ], [ 12.840324216580459, 53.989277782880492 ], [ 12.835332940412608, 53.99142159236068 ], [ 12.83313442388145, 53.993977969225362 ], [ 12.829959494561081, 53.994610630918636 ], [ 12.828703067633242, 53.996404248079969 ], [ 12.825177832720927, 53.997662180670815 ], [ 12.822225013887808, 53.999626691700591 ], [ 12.817428823136876, 54.001468867883958 ], [ 12.812069640805358, 54.0026470482957 ], [ 12.808549850997121, 54.004779951166256 ], [ 12.804948360185328, 54.00516270717295 ], [ 12.801673168934775, 54.006960732700755 ], [ 12.799188253125008, 54.007195593502878 ], [ 12.794296937968159, 54.007936357245441 ], [ 12.792186734040467, 54.009899252241418 ], [ 12.789222781387606, 54.010111419855598 ], [ 12.788094564124654, 54.010821527733697 ], [ 12.790009843146759, 54.011524917879733 ], [ 12.790158154098568, 54.012440927433779 ], [ 12.779093121512567, 54.017959321847869 ], [ 12.775984792500408, 54.020849942674509 ], [ 12.77245946138912, 54.019846874471661 ], [ 12.770983094490269, 54.021391327191807 ], [ 12.767384627439331, 54.022521865742306 ], [ 12.76597701672771, 54.023856818797078 ], [ 12.763721014250205, 54.024901425107061 ], [ 12.763374387939544, 54.026150454719946 ], [ 12.760928260748704, 54.02631477790861 ], [ 12.759007725723777, 54.029617543209724 ], [ 12.756497220158735, 54.029157514529416 ], [ 12.755973564898945, 54.0304544132674 ], [ 12.749120279085105, 54.031383514429969 ], [ 12.747657300669216, 54.03255737741101 ], [ 12.745678989162741, 54.033586835139026 ], [ 12.74153137392164, 54.031267552132661 ], [ 12.738824908165309, 54.0279790153851 ], [ 12.737419175918902, 54.026903236092352 ], [ 12.736014558875242, 54.026018322387252 ], [ 12.732998694896178, 54.024884644233936 ], [ 12.729549284145484, 54.024003227373512 ], [ 12.724489592251352, 54.023757994300013 ], [ 12.723706705369251, 54.021006079686231 ], [ 12.71592215570181, 54.018827455422894 ], [ 12.692780562630542, 54.029391052581865 ], [ 12.691771446676977, 54.029888905320689 ], [ 12.693121954655711, 54.030778814554651 ], [ 12.696746898861541, 54.031714887622961 ], [ 12.696585359469491, 54.033251620037049 ], [ 12.693807001636776, 54.03315672937628 ], [ 12.691861966892603, 54.031524117480259 ], [ 12.690430142806484, 54.030335543019888 ], [ 12.689337615062341, 54.03078354738917 ], [ 12.693003103337183, 54.033691263679053 ], [ 12.696986826960064, 54.034193019205539 ], [ 12.69827373957952, 54.034585765520227 ], [ 12.69747903326861, 54.035269801505272 ], [ 12.696429937520172, 54.036273177046525 ], [ 12.693905464568042, 54.036723784293308 ], [ 12.688024696930476, 54.037635351159523 ], [ 12.679623308278666, 54.040307997171922 ], [ 12.674068655873352, 54.044183195355444 ], [ 12.667752179173565, 54.044240311139447 ], [ 12.659125434355465, 54.046413470448869 ], [ 12.65899221411239, 54.046530427782052 ], [ 12.656454128456051, 54.049331344367324 ], [ 12.653912904551882, 54.050989576035462 ], [ 12.64735820010989, 54.053635651852495 ], [ 12.645223997636318, 54.055759364331372 ], [ 12.640337118642739, 54.058531593503339 ], [ 12.636060436566828, 54.061267113961605 ], [ 12.634321487558076, 54.063580144037189 ], [ 12.627564700617395, 54.067566508796077 ], [ 12.61670912513436, 54.070104553335895 ], [ 12.613501745007431, 54.070455116090365 ], [ 12.609353182396774, 54.073807280968374 ], [ 12.608477529456504, 54.077152594314462 ], [ 12.608424373349081, 54.077314362793373 ], [ 12.606011832868205, 54.078144872379866 ], [ 12.602527490133113, 54.077832667953579 ], [ 12.604406549317051, 54.076479974451907 ], [ 12.600960416967878, 54.074706792454002 ], [ 12.598592004601178, 54.075849881662251 ], [ 12.596972939122169, 54.074456128097069 ], [ 12.594984111233085, 54.073782729370329 ], [ 12.595989610903466, 54.072097442387005 ], [ 12.593883496529287, 54.071654765107318 ], [ 12.590849870478575, 54.070913003691786 ], [ 12.588691832686678, 54.070241583385069 ], [ 12.587310790373868, 54.070072129001041 ], [ 12.586694566561395, 54.070352682648654 ], [ 12.585890162112307, 54.071348184587315 ], [ 12.585381403148652, 54.071746741226178 ], [ 12.584462647321292, 54.071980092330399 ], [ 12.583649274205372, 54.072083815846199 ], [ 12.581616196168913, 54.072286651492782 ], [ 12.576834913951354, 54.077002306307946 ], [ 12.569404493142683, 54.082198581825942 ], [ 12.566940070657102, 54.084049764401534 ], [ 12.566349204348176, 54.085388728641405 ], [ 12.564329823934672, 54.087222326626559 ], [ 12.562565487972019, 54.090395118624166 ], [ 12.559447318920252, 54.091782041943077 ], [ 12.556849768781777, 54.093612783735402 ], [ 12.540047521305077, 54.08768013708616 ], [ 12.536252072438471, 54.089546087532646 ], [ 12.53593911995014, 54.091084780449911 ], [ 12.532389538543153, 54.092183420197649 ], [ 12.521588197263853, 54.094389304791314 ], [ 12.518934760399061, 54.095442617931099 ], [ 12.518870163456755, 54.09339181696739 ], [ 12.515133066121086, 54.093135460020633 ], [ 12.513761021315645, 54.093903530737599 ], [ 12.501882237968017, 54.09341826162845 ], [ 12.498092858124958, 54.091930209459953 ], [ 12.494715761820478, 54.09109362837777 ], [ 12.491272711781845, 54.095618691449154 ], [ 12.485952245263112, 54.096387263559237 ], [ 12.48385678466324, 54.097633040913841 ], [ 12.47758874565595, 54.095040491952147 ], [ 12.473816185518492, 54.094647848139942 ], [ 12.467492871670597, 54.094000226226449 ], [ 12.464292271783261, 54.093106527381039 ], [ 12.459361740391481, 54.092343131696325 ], [ 12.45582046133463, 54.097836482942604 ], [ 12.454754005300122, 54.104426140819378 ], [ 12.459584636056528, 54.107052598659656 ], [ 12.459981645546799, 54.107250594871573 ], [ 12.44986806844927, 54.116875904139818 ], [ 12.435461745822693, 54.124284164739286 ], [ 12.432744422649492, 54.12272307123218 ], [ 12.433384414521324, 54.121424239875843 ], [ 12.432946890424057, 54.119565068949406 ], [ 12.431846370850661, 54.119143910593721 ], [ 12.426531523863176, 54.120891350434668 ], [ 12.418445794445365, 54.11970683865465 ], [ 12.422193678609672, 54.11714776478626 ], [ 12.423689447417498, 54.116854812545462 ], [ 12.418018764739436, 54.115715575213258 ], [ 12.411919673044844, 54.113622046576467 ], [ 12.406866215993048, 54.114606511226874 ], [ 12.401441541181939, 54.114600773954635 ], [ 12.40082456541667, 54.112587443989462 ], [ 12.397821290274633, 54.11242241889834 ], [ 12.395406031075964, 54.111810928704472 ], [ 12.394470169366466, 54.112762061772322 ], [ 12.3909874910526, 54.112811824683234 ], [ 12.388985131319075, 54.112573575644078 ], [ 12.386492182426448, 54.11326573335036 ], [ 12.388108042252506, 54.114659536905378 ], [ 12.384234045098465, 54.116853217853709 ], [ 12.384595888290677, 54.121139266679513 ], [ 12.385025478279122, 54.130491626144718 ], [ 12.384374351753262, 54.131830153287886 ], [ 12.387865871725969, 54.13172290140264 ], [ 12.389157617257331, 54.130844035755082 ], [ 12.391599883602426, 54.131340967599392 ], [ 12.392161015880326, 54.13279039853132 ], [ 12.39159637925712, 54.133926193643482 ], [ 12.388217055975911, 54.134508493389056 ], [ 12.384733375631026, 54.13534418602007 ], [ 12.380857589846167, 54.13989907713772 ], [ 12.381339685405841, 54.142956574649304 ], [ 12.377961864830594, 54.145957627874161 ], [ 12.374515345665955, 54.148774250217727 ], [ 12.372820599777452, 54.152727427345738 ], [ 12.378874195334364, 54.152733171566062 ], [ 12.379248627368497, 54.154831417561674 ], [ 12.382132186064467, 54.157469465537844 ], [ 12.368879456932717, 54.160942890837127 ], [ 12.366108058298055, 54.1619835415515 ], [ 12.365724223066508, 54.164157210064793 ], [ 12.365656385180955, 54.165785543905599 ], [ 12.366894628243058, 54.168172610623742 ], [ 12.368782273688572, 54.171324189468784 ], [ 12.371426650431706, 54.17447690367058 ], [ 12.375099541100058, 54.177154659284859 ], [ 12.369100491482328, 54.179562023546808 ], [ 12.35908302552321, 54.17864483991076 ], [ 12.358245183740864, 54.178559814235605 ], [ 12.355355535896996, 54.184260097890551 ], [ 12.351982139564129, 54.183860481657717 ], [ 12.351551855622018, 54.185097151183086 ], [ 12.354757417726686, 54.185560156085735 ], [ 12.3639813365801, 54.186907348095623 ], [ 12.366022753171086, 54.187211453402512 ], [ 12.370148275682551, 54.188464689182538 ], [ 12.370914000182594, 54.188688303204643 ], [ 12.372734054019848, 54.190479116051407 ], [ 12.371508366360164, 54.193511999602208 ], [ 12.370873976441089, 54.195135096912551 ], [ 12.370601193921544, 54.196618006172066 ], [ 12.370827606048591, 54.197239631739542 ], [ 12.372110653488896, 54.19894840965415 ], [ 12.370919535161745, 54.200779751085285 ], [ 12.371415049000435, 54.203902334415844 ], [ 12.372759482099516, 54.205637435830539 ], [ 12.370981828172795, 54.206972178981118 ], [ 12.371653782528217, 54.207864963532444 ], [ 12.369875614631589, 54.208954709251351 ], [ 12.367858659208613, 54.209752260803008 ], [ 12.364209516225014, 54.210264309126572 ], [ 12.359381318288676, 54.211262072483187 ], [ 12.355244496788373, 54.210860830642169 ], [ 12.353776565212497, 54.210932813028322 ], [ 12.352440731793084, 54.211474404065797 ], [ 12.351556865165367, 54.212057079889178 ], [ 12.350853187192904, 54.212615310183672 ], [ 12.349806979742302, 54.213479250505685 ], [ 12.348776321820365, 54.21433719414685 ], [ 12.346106818401395, 54.216895635681404 ], [ 12.349690734277813, 54.221957075315466 ], [ 12.330052027833089, 54.22463947806267 ], [ 12.331895117849475, 54.228821520414492 ], [ 12.327094603253023, 54.228953708791771 ], [ 12.323376705852612, 54.228055685387119 ], [ 12.324048049455874, 54.229494318904251 ], [ 12.323472244661639, 54.230411970447868 ], [ 12.318738264455492, 54.23104462967558 ], [ 12.319232592887166, 54.235487967990814 ], [ 12.311620496922176, 54.234281708250897 ], [ 12.311904248745812, 54.239431901463135 ], [ 12.312915700786444, 54.242504091495505 ], [ 12.313011354325571, 54.243272414900453 ], [ 12.312658040395279, 54.244093830671034 ], [ 12.311973735081907, 54.245134756986729 ], [ 12.311454972983329, 54.246050201868933 ], [ 12.311322227984462, 54.246724092842918 ], [ 12.311482888769939, 54.247292319260971 ], [ 12.312194950086155, 54.248984891787522 ], [ 12.312057043627641, 54.249676424808946 ], [ 12.31124717720499, 54.250505987949751 ], [ 12.308200932059467, 54.252306529057364 ], [ 12.297793939924423, 54.252405473981383 ], [ 12.300232315747841, 54.255262580395332 ], [ 12.2922643550249, 54.257276810691216 ], [ 12.28012332127544, 54.260970059485253 ], [ 12.278444256312685, 54.262006456447374 ], [ 12.279533827578417, 54.263840660683137 ], [ 12.283410994697663, 54.265978020038524 ], [ 12.284975705026076, 54.273328758291292 ], [ 12.284209062859533, 54.274434481315808 ], [ 12.299586278318397, 54.279723853172364 ], [ 12.308670581838673, 54.283205357607656 ], [ 12.319365081089828, 54.287732362088832 ], [ 12.323610690360214, 54.289723440797289 ], [ 12.332526935255219, 54.294687883601732 ], [ 12.336020278833621, 54.296709822430778 ], [ 12.341302232792106, 54.300822072399072 ], [ 12.34636632218211, 54.305098893609511 ], [ 12.3509778529294, 54.309536787589899 ], [ 12.357641066227403, 54.316656753786972 ], [ 12.365819988609008, 54.325744805987966 ], [ 12.375403683487111, 54.337100178790465 ], [ 12.381524315650202, 54.345553709253196 ], [ 12.385813135497891, 54.35198551421648 ], [ 12.388015415601499, 54.354415403403287 ], [ 12.394847765028757, 54.360284734889674 ], [ 12.40215456066413, 54.370501790706257 ], [ 12.405490234587178, 54.373845408506945 ], [ 12.406346863872246, 54.376714543121516 ], [ 12.408449203964699, 54.377348048665311 ], [ 12.415440774503569, 54.38092441774981 ], [ 12.424805888384318, 54.385201266153572 ], [ 12.432115302481835, 54.388965739036735 ], [ 12.436791553500189, 54.391923410159507 ], [ 12.443149019293012, 54.397195750704178 ], [ 12.446760774926204, 54.400084847499897 ], [ 12.450296719550201, 54.402670537015858 ], [ 12.455010896747639, 54.407282979157422 ], [ 12.460608031421842, 54.413917190109636 ], [ 12.464367628135845, 54.417322457972567 ], [ 12.469212909568768, 54.423654860997843 ], [ 12.472333350381019, 54.430242216070617 ], [ 12.473343217816062, 54.432246302004856 ], [ 12.475186484299252, 54.435946605343887 ], [ 12.476856393111388, 54.439887159489345 ], [ 12.479550856317008, 54.444268467714444 ], [ 12.485131415774154, 54.452399753935502 ], [ 12.489593468517356, 54.459584758752975 ], [ 12.494862840374651, 54.466841781697575 ], [ 12.497207416865155, 54.470157902500269 ], [ 12.498547596550532, 54.471818254636034 ], [ 12.503544833821001, 54.476527774488808 ], [ 12.505490915941186, 54.478229481686533 ], [ 12.507475828765251, 54.479824504782776 ], [ 12.513215562123131, 54.483762188375636 ], [ 12.518787458438554, 54.484517738325941 ], [ 12.519921786434603, 54.483701165386066 ], [ 12.525441154223911, 54.483196661211338 ], [ 12.529232526784257, 54.481778970234217 ], [ 12.527553541081506, 54.48092831321533 ], [ 12.52560732334007, 54.478911212777568 ], [ 12.525769747697952, 54.477777073309085 ] ] ] ] } },
{ "type": "Feature", "properties": { "wkr": 24, "wkr_name": "Vorpommern-Rügen II – Stralsund III" }, "geometry": { "type": "Polygon", "coordinates": [ [ [ 12.902722374081494, 53.981676392486349 ], [ 12.906890153273437, 53.986999204246594 ], [ 12.90377174956183, 53.988237903026231 ], [ 12.8966285897353, 53.992595754469278 ], [ 12.895396870553705, 53.995589555260224 ], [ 12.898908366968376, 53.996886199947667 ], [ 12.895993177135974, 53.999824696330826 ], [ 12.89166635639096, 54.003003239528582 ], [ 12.894672797705788, 54.007740601772873 ], [ 12.895207512093171, 54.011802997472756 ], [ 12.889846693591975, 54.012181026738723 ], [ 12.891060986050132, 54.017616110894679 ], [ 12.8874397814165, 54.017932530938445 ], [ 12.881611255804904, 54.017204194229073 ], [ 12.873230203713932, 54.021717286425307 ], [ 12.894532088626354, 54.040384357934677 ], [ 12.892514504916219, 54.042839500374839 ], [ 12.888661097636788, 54.044360753452715 ], [ 12.890956641814309, 54.046279011703639 ], [ 12.894313175954894, 54.048477054301117 ], [ 12.897147297923111, 54.047367540545366 ], [ 12.903138031838917, 54.043720780174972 ], [ 12.905848144085928, 54.045876083533336 ], [ 12.907441665031691, 54.04690219922697 ], [ 12.909372726536725, 54.048515857334877 ], [ 12.917547696204187, 54.049125620413911 ], [ 12.923694292520423, 54.05196083289421 ], [ 12.930478580163429, 54.058304942921829 ], [ 12.934185852399088, 54.062219508362801 ], [ 12.939099339535506, 54.064867515834855 ], [ 12.934375702535652, 54.06647643703289 ], [ 12.930588337827128, 54.066608322636377 ], [ 12.930737074152399, 54.06776251479598 ], [ 12.914865733651224, 54.071051937473229 ], [ 12.91656762254587, 54.074403987809177 ], [ 12.91786542889616, 54.077309538995273 ], [ 12.925300393364131, 54.07801489858889 ], [ 12.928424115772447, 54.082252625011243 ], [ 12.940080421931841, 54.083754623536485 ], [ 12.940418742705623, 54.093316757538219 ], [ 12.936661810003372, 54.094081933891488 ], [ 12.934152145086374, 54.098522741725972 ], [ 12.93364027042896, 54.100126204836961 ], [ 12.931714147440784, 54.100701078808704 ], [ 12.928635296193898, 54.100504658962336 ], [ 12.927205584413931, 54.098080888000375 ], [ 12.924756223925765, 54.098542708572808 ], [ 12.920522806136384, 54.09789605245119 ], [ 12.919101356326999, 54.096298849295373 ], [ 12.91709588041209, 54.096810776919952 ], [ 12.911745203880212, 54.097654512985869 ], [ 12.90925220430227, 54.095867441745902 ], [ 12.904696734798987, 54.095457093559375 ], [ 12.898936928909011, 54.092385598221036 ], [ 12.895423898762736, 54.092706736001197 ], [ 12.893991705661094, 54.089765943709594 ], [ 12.891560528633951, 54.090539236341186 ], [ 12.889239356224531, 54.089056816307533 ], [ 12.885017933357798, 54.088707719240574 ], [ 12.882739561097454, 54.089489318000119 ], [ 12.877988471746733, 54.08888316796147 ], [ 12.874151445890103, 54.090212845499707 ], [ 12.873813481818241, 54.091864768039869 ], [ 12.869605289852132, 54.092703482185108 ], [ 12.866775402098403, 54.09340996718813 ], [ 12.862557395346965, 54.093060067446579 ], [ 12.860019594303344, 54.094464283218805 ], [ 12.85352164011427, 54.095308582013658 ], [ 12.852745309885581, 54.097222327919866 ], [ 12.849579160980843, 54.097024077557968 ], [ 12.845234834226662, 54.098192401259872 ], [ 12.847011660063233, 54.09994883082976 ], [ 12.849073949344119, 54.11703145706803 ], [ 12.846106776193745, 54.11703936377917 ], [ 12.845133192782873, 54.115734530794469 ], [ 12.833863012733259, 54.116505122250224 ], [ 12.828825995515947, 54.117389468528408 ], [ 12.825128894940864, 54.11905428156993 ], [ 12.821140019795784, 54.121678900693873 ], [ 12.813731526300693, 54.123179392170748 ], [ 12.810769577803372, 54.124013079932809 ], [ 12.815752592716649, 54.126808335075026 ], [ 12.81663790274051, 54.127632917431306 ], [ 12.817529620808802, 54.12938523679022 ], [ 12.818514386987678, 54.131862912147881 ], [ 12.818963164716099, 54.133151271302168 ], [ 12.820301108972609, 54.135783092459775 ], [ 12.820488530181182, 54.137433739096799 ], [ 12.819879910438781, 54.138488748593595 ], [ 12.816309744913355, 54.14397165148609 ], [ 12.815787727542391, 54.144851215078319 ], [ 12.816237976542531, 54.14634849245023 ], [ 12.819071979950358, 54.148922881894848 ], [ 12.82006011478723, 54.151811623511428 ], [ 12.821478819395514, 54.153306569989233 ], [ 12.824159651967896, 54.154679451705995 ], [ 12.821995157750701, 54.156899533737587 ], [ 12.821958658617239, 54.158939979228663 ], [ 12.813076061545837, 54.160701372869617 ], [ 12.799661974605804, 54.160535563648835 ], [ 12.799672323373771, 54.162116982095029 ], [ 12.801977969793132, 54.164050378790655 ], [ 12.802050606328164, 54.165195860648723 ], [ 12.798830578871213, 54.167458484265715 ], [ 12.798116153710755, 54.171218250279161 ], [ 12.795491473288594, 54.172093437115976 ], [ 12.795093757801222, 54.173359018044202 ], [ 12.798821176248568, 54.176001419894774 ], [ 12.798628531179476, 54.177583289236644 ], [ 12.796678373441361, 54.179468380625899 ], [ 12.79223274078514, 54.180760715124045 ], [ 12.791286824060009, 54.183801941459549 ], [ 12.790773190744728, 54.185613582217449 ], [ 12.785182995545831, 54.186512684012719 ], [ 12.779967792429, 54.185476692660004 ], [ 12.779727425480104, 54.188855646332847 ], [ 12.770882095141978, 54.18931591406696 ], [ 12.767658128557526, 54.193671003486159 ], [ 12.765296221613896, 54.19462141641224 ], [ 12.762967674351531, 54.195446281924092 ], [ 12.75982025036128, 54.195930140732507 ], [ 12.757718274392429, 54.195455615083191 ], [ 12.75491662831663, 54.195227075810173 ], [ 12.751689216533251, 54.196043853439669 ], [ 12.752714153877518, 54.199229357034199 ], [ 12.748832825102122, 54.200445198764676 ], [ 12.751175638151329, 54.209192541118576 ], [ 12.749091612643214, 54.210554893709222 ], [ 12.746845340421805, 54.211395251996898 ], [ 12.742866214438129, 54.212270407486997 ], [ 12.744526958064331, 54.214013735385379 ], [ 12.747154861861386, 54.215262535633279 ], [ 12.749578703061987, 54.216464680618763 ], [ 12.750620213068233, 54.21865583269485 ], [ 12.750895039772304, 54.21994809000045 ], [ 12.750649477697335, 54.222318273036159 ], [ 12.746270448637889, 54.224313797926065 ], [ 12.747901321944404, 54.226064270808315 ], [ 12.74962451393101, 54.230507272031765 ], [ 12.751605278888311, 54.230488215339918 ], [ 12.75829836564821, 54.226956460769721 ], [ 12.759763262972477, 54.228222158465506 ], [ 12.758599031973292, 54.233321259497508 ], [ 12.75503858761132, 54.233103105088432 ], [ 12.745618688658089, 54.232400303711323 ], [ 12.739581973467489, 54.232812608519062 ], [ 12.735877203868283, 54.232817355317152 ], [ 12.732440248898454, 54.23273816522255 ], [ 12.731333113978705, 54.235434229949838 ], [ 12.732433540694331, 54.236227570529415 ], [ 12.733713870637773, 54.237719261933833 ], [ 12.735041841221971, 54.238750369998137 ], [ 12.736070051410572, 54.239334869492744 ], [ 12.736855746362901, 54.240816118119703 ], [ 12.736686765268749, 54.241276693744915 ], [ 12.733559724086479, 54.242551152463257 ], [ 12.730913980571446, 54.243460830098762 ], [ 12.723328926633853, 54.246188944097966 ], [ 12.729917033283881, 54.252416246024637 ], [ 12.721128452089332, 54.254972864755402 ], [ 12.72568273788813, 54.260055803733088 ], [ 12.726010418386089, 54.264570359573867 ], [ 12.727543529739997, 54.266677161147285 ], [ 12.722563855644443, 54.267830547455731 ], [ 12.72017436410635, 54.263514545412903 ], [ 12.711435571697637, 54.265872718884644 ], [ 12.709818643891204, 54.270356335413382 ], [ 12.707749620147608, 54.271235364423859 ], [ 12.706208969856997, 54.271956624470121 ], [ 12.704163118938865, 54.271992185669809 ], [ 12.7016725016317, 54.272963412092935 ], [ 12.703585853884213, 54.274230786108085 ], [ 12.706971937362052, 54.27426238578753 ], [ 12.712969880720957, 54.273432159507813 ], [ 12.717888616523613, 54.273909863736129 ], [ 12.723388747485849, 54.275583712598603 ], [ 12.726459224470783, 54.276364994172475 ], [ 12.727413545298871, 54.276062448803401 ], [ 12.725739426045195, 54.272664284019662 ], [ 12.726375654366274, 54.272476817464572 ], [ 12.73391911447853, 54.278749485474663 ], [ 12.742410232619099, 54.281882228927017 ], [ 12.740232412100411, 54.283966159697989 ], [ 12.74349946100992, 54.284737884555888 ], [ 12.745485889653139, 54.28505119585575 ], [ 12.748356767415521, 54.285659278607319 ], [ 12.752088354467933, 54.284958753862028 ], [ 12.759939330274088, 54.286278735166512 ], [ 12.765564828963708, 54.288503341359259 ], [ 12.768979327383891, 54.28871254644303 ], [ 12.770427219663173, 54.287429449525263 ], [ 12.781915149346181, 54.287467179183722 ], [ 12.786749145855392, 54.28807399078427 ], [ 12.789157669096182, 54.285403706816346 ], [ 12.793653711585428, 54.282354958418985 ], [ 12.800038359632813, 54.284219144744938 ], [ 12.805425954728181, 54.285595548703455 ], [ 12.80789668665602, 54.287029875384256 ], [ 12.809448404600426, 54.286918476776648 ], [ 12.810813699311911, 54.286701958701329 ], [ 12.811769927206234, 54.286387645055889 ], [ 12.813727986307011, 54.286383170687479 ], [ 12.815120304934485, 54.286748368094514 ], [ 12.816514411653753, 54.287374120065152 ], [ 12.817655139557383, 54.287998199474366 ], [ 12.819302878898013, 54.289553232228457 ], [ 12.820320793807584, 54.289824979884919 ], [ 12.821979017045367, 54.290304038656018 ], [ 12.823413801524405, 54.291226133329779 ], [ 12.825309418865551, 54.29324557029004 ], [ 12.827575065337795, 54.294340845143843 ], [ 12.829778344483787, 54.294746604139974 ], [ 12.831355383528226, 54.296724041680946 ], [ 12.83521630252986, 54.300104299844563 ], [ 12.836912787041324, 54.302613811813032 ], [ 12.837061419625087, 54.305088919144438 ], [ 12.836560551406709, 54.307004024993873 ], [ 12.837842998288403, 54.309033728492103 ], [ 12.839289386052148, 54.311406749074131 ], [ 12.83960061681519, 54.312463996425954 ], [ 12.840267783681357, 54.313859511896247 ], [ 12.841346654461962, 54.315278645596877 ], [ 12.845532947529081, 54.314407916113012 ], [ 12.855416366995088, 54.314794128611531 ], [ 12.86159555520471, 54.315310197429554 ], [ 12.865845472915447, 54.315477650710818 ], [ 12.861546066579434, 54.30713301573801 ], [ 12.860173997162581, 54.29426707749117 ], [ 12.880569546861688, 54.286164937947447 ], [ 12.883374944154486, 54.284060291057898 ], [ 12.883978450388996, 54.280320414319959 ], [ 12.880333858657925, 54.279857032572565 ], [ 12.878646502498796, 54.278675739838107 ], [ 12.876784758283701, 54.277556924944371 ], [ 12.875379508917964, 54.275059985732248 ], [ 12.874768589634122, 54.271980154261435 ], [ 12.873485655692653, 54.26955846127521 ], [ 12.871939794379339, 54.267745739907539 ], [ 12.866667150117397, 54.265319468021325 ], [ 12.864087002131242, 54.263175085505566 ], [ 12.862708753043396, 54.260155255443109 ], [ 12.8650439708953, 54.258669157816684 ], [ 12.869115551781407, 54.259215051087303 ], [ 12.872363338052851, 54.258489496404565 ], [ 12.876565183850863, 54.2580823218482 ], [ 12.88022545578178, 54.258071925359751 ], [ 12.884024474665289, 54.25813964536254 ], [ 12.886870709795017, 54.258052791000146 ], [ 12.890128110745575, 54.258043294743977 ], [ 12.893789718163704, 54.258189708479897 ], [ 12.897611522383947, 54.258654578616294 ], [ 12.902333506344135, 54.2580854768714 ], [ 12.905984506711434, 54.257043247918766 ], [ 12.908431465724433, 54.257786002342286 ], [ 12.911546764000654, 54.258538405271729 ], [ 12.911615900930588, 54.252099354022761 ], [ 12.900058127980694, 54.247927018130412 ], [ 12.895320613106907, 54.241851642173522 ], [ 12.889158400238017, 54.239861884313029 ], [ 12.896303542343832, 54.235711801117787 ], [ 12.904588097136928, 54.24156530377801 ], [ 12.907872185901752, 54.242107825704466 ], [ 12.929049541759717, 54.243613766359687 ], [ 12.930744959290838, 54.240056557444554 ], [ 12.934658315541547, 54.24010824755571 ], [ 12.934918575465106, 54.23700995504251 ], [ 12.930316164897473, 54.235769556043593 ], [ 12.908065710457464, 54.235484902945942 ], [ 12.908130470230899, 54.231598345799952 ], [ 12.906985928639395, 54.227558320524437 ], [ 12.905883995609985, 54.225243417416976 ], [ 12.904598291285891, 54.223378372313952 ], [ 12.908249048310962, 54.222652723166462 ], [ 12.916505967612716, 54.221753110435266 ], [ 12.920974370419327, 54.221181733713934 ], [ 12.922996352608848, 54.220141877303078 ], [ 12.926775523365619, 54.220051777220363 ], [ 12.92703380773581, 54.219004090858753 ], [ 12.92398828098807, 54.218018040113719 ], [ 12.924249217295964, 54.217233264892215 ], [ 12.92550378326653, 54.216944026089699 ], [ 12.930921344541707, 54.213527896169197 ], [ 12.933268141226559, 54.214432114173498 ], [ 12.937817153909855, 54.212239575324517 ], [ 12.937132941374772, 54.211628664724898 ], [ 12.936675120129673, 54.209094011762403 ], [ 12.944032309537475, 54.209222038735142 ], [ 12.944043204399607, 54.206193568982521 ], [ 12.943279283243687, 54.20260646501891 ], [ 12.945692929462625, 54.200058617287226 ], [ 12.949308710140448, 54.195916029844014 ], [ 12.950752910029372, 54.197784527306737 ], [ 12.956325225495076, 54.19641696269661 ], [ 12.957788950152372, 54.197188233429529 ], [ 12.960546274283667, 54.197505300481168 ], [ 12.966417039158252, 54.198079206410114 ], [ 12.969312607964964, 54.202733294985691 ], [ 12.968955371325352, 54.206369479424218 ], [ 12.975412052747997, 54.207698281077583 ], [ 12.980436002566247, 54.206890774767182 ], [ 12.987739623932583, 54.20715453233538 ], [ 12.994055601632848, 54.207999308211058 ], [ 12.998795840212775, 54.20809415987955 ], [ 12.997079720699949, 54.210377192925712 ], [ 13.010183205914066, 54.213440630781911 ], [ 13.015388424311118, 54.214453212061827 ], [ 13.018190213262189, 54.212157641337498 ], [ 13.026912096842697, 54.210728062118406 ], [ 13.032021781947282, 54.21080271948577 ], [ 13.033232038247551, 54.21079628773952 ], [ 13.034388780732332, 54.214291802087992 ], [ 13.036409376777252, 54.215741386911347 ], [ 13.042427841786878, 54.217771315274966 ], [ 13.045488288825984, 54.219274058969752 ], [ 13.055462769481672, 54.22293605256494 ], [ 13.056662833756256, 54.224265305460712 ], [ 13.055756315539147, 54.22474993000381 ], [ 13.050585729958803, 54.222432686606048 ], [ 13.046445601834888, 54.224958544203858 ], [ 13.041695565373974, 54.226627127811909 ], [ 13.040180129210869, 54.229761675929801 ], [ 13.037592881375236, 54.230002563867529 ], [ 13.037221882130705, 54.234429310284675 ], [ 13.039298830181062, 54.234793463553856 ], [ 13.040392538694103, 54.24226362754348 ], [ 13.041763648824494, 54.243841544831376 ], [ 13.050297144234229, 54.242235678472369 ], [ 13.053052656515593, 54.241854539721032 ], [ 13.05472783150763, 54.242737565452991 ], [ 13.058915936732712, 54.24192867372674 ], [ 13.060704884257088, 54.241262747247703 ], [ 13.061274417512276, 54.239911072083295 ], [ 13.056383888827533, 54.237711335992984 ], [ 13.057650351021522, 54.233108351506722 ], [ 13.074343970699278, 54.232616311893196 ], [ 13.07674883238672, 54.232659419955574 ], [ 13.080909560627626, 54.23150405305595 ], [ 13.085794645426768, 54.230908782863381 ], [ 13.097133938206058, 54.230101678912405 ], [ 13.10401934869618, 54.22950869361123 ], [ 13.111540205814528, 54.228731996912529 ], [ 13.110562469443918, 54.230790013934872 ], [ 13.113363917072139, 54.231071054123639 ], [ 13.11411588736815, 54.232262447923446 ], [ 13.115406320665979, 54.233454584838036 ], [ 13.116639882673704, 54.233911432047627 ], [ 13.120989963346373, 54.233309822008671 ], [ 13.12171768557233, 54.236859834640725 ], [ 13.125024278341469, 54.236675815075984 ], [ 13.130853794478345, 54.241235480440515 ], [ 13.132937393547829, 54.244879327332406 ], [ 13.11782596711236, 54.254452633974303 ], [ 13.113122743491543, 54.257220523837383 ], [ 13.109499820982624, 54.258547540018341 ], [ 13.099185789358167, 54.262766123961519 ], [ 13.086123128412634, 54.264213047014977 ], [ 13.083098719646486, 54.261600744248987 ], [ 13.08177143499808, 54.263651143890144 ], [ 13.08639155673713, 54.271054711435731 ], [ 13.089436842475221, 54.276284037781103 ], [ 13.097407931619921, 54.282301288082465 ], [ 13.106064289576361, 54.282224386263138 ], [ 13.108567530590911, 54.280280589486843 ], [ 13.111282744516371, 54.278418758426355 ], [ 13.125448879399205, 54.271979112405681 ], [ 13.131316317656431, 54.269728610814816 ], [ 13.136289215035685, 54.268838992320141 ], [ 13.142887933142303, 54.26838590565265 ], [ 13.148781921407648, 54.268037106991763 ], [ 13.152792730494021, 54.268551424355948 ], [ 13.157612941907447, 54.271568443893358 ], [ 13.160462809822018, 54.274224894687507 ], [ 13.164232736118208, 54.277289892087758 ], [ 13.166070483823127, 54.27797902289057 ], [ 13.167591535952136, 54.276531044855858 ], [ 13.17205417049537, 54.274411499552222 ], [ 13.177064402088561, 54.27146908178937 ], [ 13.178399847383673, 54.269480469696667 ], [ 13.177994517251332, 54.268091994383973 ], [ 13.176076344753433, 54.266664419740174 ], [ 13.170953689772766, 54.266979145011447 ], [ 13.167950447361212, 54.267857523180936 ], [ 13.162122675461111, 54.268011490610931 ], [ 13.157459889427788, 54.266267584485128 ], [ 13.156028767406502, 54.264506820026696 ], [ 13.152765879909001, 54.26263409477955 ], [ 13.151483778664643, 54.261324098833931 ], [ 13.148747484500289, 54.261462108250392 ], [ 13.146342794940548, 54.260364040647445 ], [ 13.14465995135477, 54.258143973506925 ], [ 13.14187734021351, 54.257304330708003 ], [ 13.142607389322309, 54.254503630856533 ], [ 13.14378360442833, 54.25334745759865 ], [ 13.147694065770093, 54.25366012236438 ], [ 13.150038998409494, 54.254821777687823 ], [ 13.150641722478836, 54.256311849673182 ], [ 13.155866232836155, 54.258257614456241 ], [ 13.159492967743997, 54.258557921272697 ], [ 13.162925701981898, 54.2607282474127 ], [ 13.162630586344466, 54.264043519733583 ], [ 13.16637687770088, 54.265850490332838 ], [ 13.169849437882075, 54.266052411905491 ], [ 13.170776252840504, 54.264182920522678 ], [ 13.172232088655296, 54.263267630422853 ], [ 13.17480570513491, 54.263170838715673 ], [ 13.178984006114844, 54.263849536340899 ], [ 13.181816734021051, 54.265108270127179 ], [ 13.184501153003735, 54.266203733450965 ], [ 13.187235982574501, 54.265860953726005 ], [ 13.188969531583048, 54.264573295130681 ], [ 13.190611673528835, 54.261893165741562 ], [ 13.190794988795757, 54.260371249143653 ], [ 13.189845877044821, 54.259318277640766 ], [ 13.191262113237212, 54.25884774623583 ], [ 13.193200248116883, 54.25838337389812 ], [ 13.19581880328748, 54.25824101832287 ], [ 13.197743110679989, 54.258592246695088 ], [ 13.202462391120669, 54.257373239747267 ], [ 13.204702042186582, 54.256347640461961 ], [ 13.206639587292717, 54.25444525750796 ], [ 13.208992062244487, 54.252118126091624 ], [ 13.212070534678931, 54.250800081055559 ], [ 13.215556886549386, 54.250268247233073 ], [ 13.216526427375831, 54.249498967998889 ], [ 13.216566305511426, 54.24773065155383 ], [ 13.21550651974348, 54.247201944123951 ], [ 13.212253748542469, 54.245820648148836 ], [ 13.210336839920124, 54.244476688275533 ], [ 13.212770591097152, 54.242941989733353 ], [ 13.214752878042555, 54.241259347152983 ], [ 13.218127535740994, 54.240283242995481 ], [ 13.222373710747807, 54.240065895985062 ], [ 13.227734798993929, 54.23977682993047 ], [ 13.239610743361295, 54.239838389006252 ], [ 13.244655602373397, 54.240127838362646 ], [ 13.24834735855705, 54.240236369974347 ], [ 13.256876003056796, 54.241014648449543 ], [ 13.260182500905799, 54.241021734542784 ], [ 13.264294973414886, 54.239312014667405 ], [ 13.272876457074076, 54.238745317213862 ], [ 13.275915846525683, 54.237767359370018 ], [ 13.281354217941036, 54.236902560711897 ], [ 13.286441528010197, 54.235305062390161 ], [ 13.289758110559038, 54.23483728222935 ], [ 13.290549210924812, 54.232372172273863 ], [ 13.291832205470051, 54.231020611579964 ], [ 13.294394900743715, 54.227735615646502 ], [ 13.296797296691727, 54.224718902647822 ], [ 13.297539119096045, 54.223152754230583 ], [ 13.298806487208452, 54.219527559947338 ], [ 13.300849303332548, 54.216182726120138 ], [ 13.302563435111221, 54.213318560632899 ], [ 13.303765060283382, 54.210738392828866 ], [ 13.304039333098279, 54.208786500780654 ], [ 13.305222007658099, 54.205406659822664 ], [ 13.309202533613274, 54.201453802469146 ], [ 13.314255714986929, 54.19831630709475 ], [ 13.319940046458671, 54.193359067901376 ], [ 13.319161038324202, 54.192885862138482 ], [ 13.308870862041456, 54.186499594269904 ], [ 13.301472249754807, 54.181038067746066 ], [ 13.298190705011102, 54.178270929986773 ], [ 13.296125936464399, 54.174493779255812 ], [ 13.291815756910566, 54.167612297979304 ], [ 13.288830344175848, 54.165346146966698 ], [ 13.287867546847227, 54.159164760329638 ], [ 13.288822966534402, 54.156134703833054 ], [ 13.292732953155971, 54.150385515986358 ], [ 13.28748874860805, 54.149079499913789 ], [ 13.287497698655637, 54.144509613955137 ], [ 13.288920804979361, 54.14289207665189 ], [ 13.291472573318556, 54.139504222916209 ], [ 13.290102606906014, 54.136523416306346 ], [ 13.290721123866541, 54.13389963624536 ], [ 13.2808272957702, 54.132623881462713 ], [ 13.271105369020688, 54.132223022239224 ], [ 13.259934142348783, 54.130592492147578 ], [ 13.256000375980385, 54.129432153736005 ], [ 13.252951734753829, 54.12878095056189 ], [ 13.250643297944212, 54.127123211239585 ], [ 13.248808077596111, 54.125241056316085 ], [ 13.245752726199816, 54.124198061960797 ], [ 13.244491547321402, 54.12270026685983 ], [ 13.246535368255875, 54.120125476309809 ], [ 13.242747992650866, 54.120425571205537 ], [ 13.239733308280352, 54.121782502725438 ], [ 13.236959269670791, 54.120295788048963 ], [ 13.222635463786474, 54.120544599467408 ], [ 13.21796550444642, 54.119291779346483 ], [ 13.216367286463131, 54.11753209861795 ], [ 13.217533592032026, 54.116283063553674 ], [ 13.218689365809109, 54.11170681929822 ], [ 13.222131581135555, 54.107618345233803 ], [ 13.225506595791657, 54.105048939518312 ], [ 13.231187081807306, 54.104557810358223 ], [ 13.23775921736233, 54.103676754740476 ], [ 13.239495915129314, 54.102388273724941 ], [ 13.245741084637915, 54.101625592432548 ], [ 13.247991432530304, 54.100219244099812 ], [ 13.250863322674725, 54.096358683863173 ], [ 13.252805870113901, 54.093501977178619 ], [ 13.256026831386571, 54.087742299769651 ], [ 13.258055140489411, 54.08441163199474 ], [ 13.260124006169075, 54.082761312842457 ], [ 13.266016719337552, 54.080849434269211 ], [ 13.289022722787818, 54.073026243155311 ], [ 13.278095769527031, 54.063524168095675 ], [ 13.268014138756371, 54.063818275327392 ], [ 13.264164899953826, 54.065792143591445 ], [ 13.261523617595952, 54.065895964719346 ], [ 13.255565679389164, 54.06701520815546 ], [ 13.252247641237279, 54.066866806439833 ], [ 13.248377080354709, 54.067671994709315 ], [ 13.245390961343182, 54.065294920717548 ], [ 13.242128199382783, 54.06258017329705 ], [ 13.239481021051205, 54.062709170177961 ], [ 13.234503819915476, 54.059727968775476 ], [ 13.233666907945569, 54.055748674611493 ], [ 13.231275835666434, 54.053341424301586 ], [ 13.224670615235901, 54.05340187568487 ], [ 13.221878505516893, 54.049797130103855 ], [ 13.22066781440707, 54.048438176892233 ], [ 13.212742867069673, 54.044524499672747 ], [ 13.212529912449385, 54.043076834210481 ], [ 13.213160000263848, 54.041121842686287 ], [ 13.213800646641479, 54.039779072279721 ], [ 13.209998915744375, 54.038327987222679 ], [ 13.207844893029238, 54.034632017088448 ], [ 13.204431626365997, 54.03431719276589 ], [ 13.198970694746889, 54.036130158074471 ], [ 13.19538957506143, 54.037266513885051 ], [ 13.195551242900731, 54.035413920373863 ], [ 13.19431239873105, 54.035040993052903 ], [ 13.190441591502237, 54.035844913583269 ], [ 13.187490771932191, 54.034635428599884 ], [ 13.18339349907893, 54.032816620951294 ], [ 13.18138120099117, 54.031379261204052 ], [ 13.177692548898973, 54.031791119524328 ], [ 13.154591373301292, 54.027935086326657 ], [ 13.155899588260827, 54.025033373293077 ], [ 13.157568027202515, 54.021493086861376 ], [ 13.153271649982679, 54.021623903935833 ], [ 13.142804558515525, 54.022109237032531 ], [ 13.13154773646523, 54.022444989751307 ], [ 13.132469259581043, 54.027289816699678 ], [ 13.129818471832351, 54.02735794364775 ], [ 13.129413854670437, 54.025411983470335 ], [ 13.122812663961399, 54.02700411774601 ], [ 13.108360086699912, 54.030928891009012 ], [ 13.110758839311421, 54.038211291490235 ], [ 13.100727131017589, 54.039724824144031 ], [ 13.097225819200629, 54.03526235280939 ], [ 13.087546790890677, 54.037203711949296 ], [ 13.084440412286945, 54.031534419476493 ], [ 13.08100983086668, 54.029824795644579 ], [ 13.078763493206333, 54.031784961695571 ], [ 13.058646106888428, 54.027975163783516 ], [ 13.053693980584947, 54.025765121436983 ], [ 13.049437339876414, 54.026063480501222 ], [ 13.042808227312245, 54.025647448963923 ], [ 13.040526658008854, 54.025043958639721 ], [ 13.035439489611315, 54.022500606629016 ], [ 13.028725167210974, 54.019745528318559 ], [ 13.027564838539041, 54.017438143344798 ], [ 13.022829773045054, 54.013565916366787 ], [ 13.018027886754094, 54.014466076142064 ], [ 13.00959642571971, 54.015074758213494 ], [ 13.004071611307781, 54.015497867552369 ], [ 12.999913505983775, 54.016072826629838 ], [ 12.997390253865536, 54.016797014528272 ], [ 12.993018387607814, 54.00868946614753 ], [ 12.986911194462108, 54.003751732758211 ], [ 12.985015897740901, 54.003924769428693 ], [ 12.983811125530908, 54.004094634488993 ], [ 12.968563096504628, 54.004377803347296 ], [ 12.961748109771584, 54.004067679102384 ], [ 12.957495045789749, 54.004307253689355 ], [ 12.954633201538959, 54.001032501114253 ], [ 12.937245144054911, 53.99406849268621 ], [ 12.927980965476129, 53.994657090199809 ], [ 12.925708459440058, 53.99477636997419 ], [ 12.921632796712544, 53.993729524362422 ], [ 12.913567256199801, 53.990637023106352 ], [ 12.911654267529201, 53.988245427926977 ], [ 12.909732478245095, 53.984909730164006 ], [ 12.908693423179685, 53.983202334901328 ], [ 12.902722353627979, 53.981674146054118 ], [ 12.902722374081494, 53.981676392486349 ] ] ] } },
{ "type": "Feature", "properties": { "wkr": 25, "wkr_name": "Vorpommern-Rügen III – Stralsund I" }, "geometry": { "type": "MultiPolygon", "coordinates": [ [ [ [ 12.529880786779749, 54.34610163518537 ], [ 12.529334895273562, 54.345888208899879 ], [ 12.528246673927542, 54.34659564897553 ], [ 12.527519301712221, 54.349142700072541 ], [ 12.527092031449387, 54.350771106272767 ], [ 12.526911003618361, 54.351795325509542 ], [ 12.527456908453264, 54.352186207949366 ], [ 12.528426018970402, 54.351761779735185 ], [ 12.528910727452617, 54.350912782965281 ], [ 12.529999189364506, 54.349603373612503 ], [ 12.529607442196998, 54.347262901331028 ], [ 12.529880786779749, 54.34610163518537 ] ] ], [ [ [ 12.534335641188632, 54.35576031623291 ], [ 12.533185933418078, 54.354983098591795 ], [ 12.531290040761998, 54.355131231643639 ], [ 12.529859559380684, 54.354933491011089 ], [ 12.530363662124865, 54.35375431766019 ], [ 12.531367536465135, 54.35229436506642 ], [ 12.531121694063195, 54.350459251926843 ], [ 12.530279542530444, 54.351337433994217 ], [ 12.529006468700125, 54.352646829472967 ], [ 12.528037089382005, 54.353992177510371 ], [ 12.52888623444305, 54.356680877958397 ], [ 12.528762833003929, 54.357988117200321 ], [ 12.529431893709953, 54.358412694308029 ], [ 12.53003565395163, 54.358554249753162 ], [ 12.532154832190624, 54.357846864983664 ], [ 12.534093194864687, 54.357105742152463 ], [ 12.534912405604565, 54.356310626620711 ], [ 12.534335641188632, 54.35576031623291 ] ] ], [ [ [ 12.527586069288217, 54.357835250571547 ], [ 12.527089963422144, 54.357731876353242 ], [ 12.52533586381921, 54.359005240004542 ], [ 12.525335362289075, 54.360456240875145 ], [ 12.526546741042388, 54.360809020535584 ], [ 12.526665845304773, 54.361199860287918 ], [ 12.527331215787735, 54.36119992980823 ], [ 12.527877388841533, 54.361092169774757 ], [ 12.528058272818731, 54.360667668148622 ], [ 12.527877751064377, 54.359818612584711 ], [ 12.528001039377182, 54.359041462412009 ], [ 12.527839725327752, 54.35847543554145 ], [ 12.527586069288217, 54.357835250571547 ] ] ], [ [ [ 12.584395706204665, 54.375358733602518 ], [ 12.583306728714605, 54.375217620955112 ], [ 12.581610438365267, 54.375642741311339 ], [ 12.580760637733338, 54.376139431918453 ], [ 12.580761477729943, 54.376988479213864 ], [ 12.582402447469258, 54.378827518429325 ], [ 12.584343586363934, 54.380558611348796 ], [ 12.585251584121076, 54.380452706292914 ], [ 12.58567430965255, 54.379958392684713 ], [ 12.58409848283768, 54.378047495429591 ], [ 12.584097613036294, 54.377234386120712 ], [ 12.584881180520071, 54.375996463690626 ], [ 12.584395706204665, 54.375358733602518 ] ] ], [ [ [ 12.662322129137568, 54.403678887846645 ], [ 12.660902295860627, 54.402683015311254 ], [ 12.658958914019532, 54.402990455031969 ], [ 12.658417167322705, 54.403381821533891 ], [ 12.658666025440512, 54.404232898893021 ], [ 12.659933858249737, 54.404617988734188 ], [ 12.660784765311915, 54.40461714689296 ], [ 12.661942093133158, 54.404074638574791 ], [ 12.662322129137568, 54.403678887846645 ] ] ], [ [ [ 12.665578301375851, 54.407101086941353 ], [ 12.664776173317842, 54.405448721612572 ], [ 12.661263523676542, 54.405057061183754 ], [ 12.662742416406285, 54.406432402271896 ], [ 12.65949700969472, 54.406642351067305 ], [ 12.658077895377915, 54.405920450013902 ], [ 12.656542293724643, 54.406164499323467 ], [ 12.656279996058808, 54.407352971474324 ], [ 12.657198441220331, 54.408073120874427 ], [ 12.659012776897708, 54.408325168883096 ], [ 12.660406284755055, 54.408182288897038 ], [ 12.661922373965163, 54.407825881533931 ], [ 12.663919545039519, 54.407399333925397 ], [ 12.665578301375851, 54.407101086941353 ] ] ], [ [ [ 13.034096384328887, 54.425225995084737 ], [ 13.03344881354869, 54.423914428865722 ], [ 13.03097611238452, 54.423636892042047 ], [ 13.028358964456027, 54.423195945495998 ], [ 13.025912927993009, 54.422235348328812 ], [ 13.023955226011775, 54.420214717568072 ], [ 13.022791433495984, 54.416890186808061 ], [ 13.02211150176476, 54.413109889398136 ], [ 13.021925830850066, 54.409410794261959 ], [ 13.02235329291025, 54.405468878972229 ], [ 13.023888454207327, 54.402086393295683 ], [ 13.025936306975678, 54.399434070409107 ], [ 13.024892574949764, 54.397441263908938 ], [ 13.02935562631653, 54.393963746148408 ], [ 13.034289209029174, 54.391571475938115 ], [ 13.037968288331315, 54.389900675093571 ], [ 13.039902082315164, 54.386850990838312 ], [ 13.043523786795159, 54.383383119760829 ], [ 13.046012167342328, 54.38166996410331 ], [ 13.048691999077066, 54.379908723233108 ], [ 13.052868299249676, 54.380580632822969 ], [ 13.058017252163124, 54.380558649778024 ], [ 13.064591105897058, 54.380914409094409 ], [ 13.069643572084249, 54.382361538642392 ], [ 13.072608795203756, 54.383094349834437 ], [ 13.07463879958787, 54.382346328540962 ], [ 13.07899159255253, 54.381174458830806 ], [ 13.082420266186862, 54.379391179307 ], [ 13.08610604459931, 54.375838612605108 ], [ 13.090752629741287, 54.370515845497891 ], [ 13.092338077530892, 54.367961064639523 ], [ 13.093825928708666, 54.364739435806577 ], [ 13.091847649604045, 54.362659283552212 ], [ 13.088802869543873, 54.361359024822654 ], [ 13.086109289589992, 54.359850354993767 ], [ 13.084810520929985, 54.357924302709996 ], [ 13.08152551662584, 54.354400851137015 ], [ 13.076623559928287, 54.349541225504105 ], [ 13.07585397449613, 54.345961486764715 ], [ 13.079171602766149, 54.336286646360946 ], [ 13.080777387735624, 54.335291005555987 ], [ 13.071587383718908, 54.331323565113834 ], [ 13.06328076881028, 54.327734504878563 ], [ 13.065105830177989, 54.325959225845544 ], [ 13.062679746306721, 54.324841238724616 ], [ 13.062001100610466, 54.323382173006046 ], [ 13.062182382695493, 54.319714886965919 ], [ 13.057244674760337, 54.319812950100221 ], [ 13.054884772771285, 54.319778152019587 ], [ 13.049781673933074, 54.319094690762498 ], [ 13.047758528836409, 54.318570357350637 ], [ 13.046329240976409, 54.321737801617417 ], [ 13.036634143210668, 54.320217355889952 ], [ 13.036759170871131, 54.317554770338859 ], [ 13.039950497909949, 54.315145981353922 ], [ 13.037349792646916, 54.313927989914831 ], [ 13.031406429296442, 54.313950287851469 ], [ 13.028191846211909, 54.314057787280532 ], [ 13.025287954850926, 54.314783782169847 ], [ 13.021701844808808, 54.315009371428218 ], [ 13.01841507583317, 54.314867498480616 ], [ 13.012275507664217, 54.313227185031728 ], [ 13.009330014333374, 54.313014086046707 ], [ 13.00811655955707, 54.314422900561937 ], [ 13.007814240978577, 54.316207696738232 ], [ 13.005892591654256, 54.316498217058943 ], [ 13.001679345488997, 54.313600939832504 ], [ 13.002339177625579, 54.311805656917024 ], [ 12.999404252864204, 54.310808306472921 ], [ 12.995973077835494, 54.309734118337509 ], [ 12.99677548404502, 54.307451095896504 ], [ 12.995887417050163, 54.304996899319647 ], [ 12.994146743691259, 54.302887421667108 ], [ 13.02461671770876, 54.303375769111469 ], [ 13.023290815791523, 54.294923229215243 ], [ 13.032210031755328, 54.288726761016143 ], [ 13.039088053131128, 54.289701619663553 ], [ 13.04321346904765, 54.290767614682011 ], [ 13.043119948482857, 54.286935511982563 ], [ 13.048650238717439, 54.284876632702463 ], [ 13.049678109559478, 54.287543298882667 ], [ 13.05333485684981, 54.287341090800915 ], [ 13.051518588047193, 54.281254796821976 ], [ 13.058588811524348, 54.281612361579981 ], [ 13.058496843584109, 54.284436417414902 ], [ 13.061710521887893, 54.285664045822593 ], [ 13.067014666577544, 54.284206204922178 ], [ 13.070852576236726, 54.283122870203471 ], [ 13.074063696560756, 54.283408253230149 ], [ 13.077907382563893, 54.284035129968537 ], [ 13.075404478917337, 54.278058635376873 ], [ 13.074947946863404, 54.276616192918219 ], [ 13.079892184564359, 54.275439311438433 ], [ 13.080093602809724, 54.273243452869117 ], [ 13.080988773883382, 54.27087951107395 ], [ 13.081771434998101, 54.263651143890137 ], [ 13.083098719646499, 54.261600744248987 ], [ 13.086123128412636, 54.264213047015012 ], [ 13.099185789358188, 54.262766123961541 ], [ 13.109499820982641, 54.258547540018355 ], [ 13.113122743491539, 54.257220523837383 ], [ 13.117825967112376, 54.254452633974303 ], [ 13.132937393547836, 54.244879327332441 ], [ 13.130853794478345, 54.241235480440537 ], [ 13.125024278341487, 54.236675815075984 ], [ 13.121717685572337, 54.236859834640725 ], [ 13.120989963346364, 54.233309822008671 ], [ 13.116639882673718, 54.233911432047627 ], [ 13.11540632066599, 54.233454584838036 ], [ 13.114115887368166, 54.232262447923461 ], [ 13.113363917072133, 54.231071054123674 ], [ 13.110562469443931, 54.2307900139349 ], [ 13.11154020581453, 54.228731996912551 ], [ 13.1040193486962, 54.229508693611251 ], [ 13.097133938206055, 54.230101678912412 ], [ 13.085794645426782, 54.230908782863402 ], [ 13.080909560627637, 54.231504053055964 ], [ 13.076748832386736, 54.232659419955603 ], [ 13.074343970699296, 54.232616311893196 ], [ 13.057650351021516, 54.233108351506736 ], [ 13.056383888827531, 54.237711335992962 ], [ 13.061274417512287, 54.239911072083309 ], [ 13.060704884257101, 54.241262747247703 ], [ 13.058915936732705, 54.241928673726768 ], [ 13.054727831507638, 54.242737565453012 ], [ 13.053052656515622, 54.241854539721025 ], [ 13.050297144234229, 54.242235678472383 ], [ 13.041763648824519, 54.243841544831376 ], [ 13.04039253869411, 54.24226362754348 ], [ 13.039298830181069, 54.234793463553864 ], [ 13.037221882130742, 54.234429310284675 ], [ 13.037592881375252, 54.230002563867529 ], [ 13.040180129210862, 54.229761675929844 ], [ 13.041695565373967, 54.226627127811931 ], [ 13.046445601834883, 54.224958544203879 ], [ 13.050585729958806, 54.222432686606041 ], [ 13.055756315539154, 54.22474993000381 ], [ 13.056662833756258, 54.224265305460712 ], [ 13.055462769481689, 54.22293605256494 ], [ 13.045488288825984, 54.219274058969731 ], [ 13.0424278417869, 54.217771315274987 ], [ 13.036409376777264, 54.215741386911375 ], [ 13.034388780732352, 54.214291802087992 ], [ 13.033232038247546, 54.210796287739555 ], [ 13.032021781947289, 54.21080271948577 ], [ 13.026912096842709, 54.210728062118413 ], [ 13.018190213262184, 54.212157641337534 ], [ 13.015388424311137, 54.214453212061827 ], [ 13.010183205914087, 54.213440630781911 ], [ 12.997079720699947, 54.210377192925726 ], [ 12.998795840212779, 54.208094159879543 ], [ 12.994055601632867, 54.207999308211058 ], [ 12.987739623932605, 54.207154532335409 ], [ 12.98043600256627, 54.206890774767174 ], [ 12.975412052747998, 54.207698281077612 ], [ 12.968955371325354, 54.206369479424247 ], [ 12.969312607964975, 54.202733294985684 ], [ 12.966417039158246, 54.198079206410128 ], [ 12.960546274283674, 54.197505300481161 ], [ 12.957788950152391, 54.197188233429543 ], [ 12.956325225495085, 54.196416962696617 ], [ 12.950752910029367, 54.197784527306759 ], [ 12.949308710140457, 54.195916029844014 ], [ 12.945692929462625, 54.200058617287233 ], [ 12.943279283243694, 54.202606465018945 ], [ 12.944043204399604, 54.206193568982542 ], [ 12.944032309537484, 54.209222038735142 ], [ 12.936675120129678, 54.209094011762396 ], [ 12.937132941374786, 54.211628664724898 ], [ 12.937817153909874, 54.212239575324539 ], [ 12.933268141226579, 54.214432114173512 ], [ 12.930921344541737, 54.213527896169197 ], [ 12.925503783266532, 54.21694402608972 ], [ 12.924249217295978, 54.217233264892215 ], [ 12.923988280988064, 54.218018040113755 ], [ 12.927033807735828, 54.21900409085876 ], [ 12.926775523365636, 54.220051777220391 ], [ 12.922996352608882, 54.220141877303092 ], [ 12.920974370419335, 54.221181733713969 ], [ 12.916505967612707, 54.22175311043528 ], [ 12.908249048310967, 54.222652723166455 ], [ 12.9045982912859, 54.22337837231396 ], [ 12.905883995610006, 54.225243417417005 ], [ 12.90698592863942, 54.227558320524444 ], [ 12.908130470230908, 54.231598345799952 ], [ 12.908065710457471, 54.235484902945963 ], [ 12.930316164897492, 54.235769556043607 ], [ 12.934918575465106, 54.23700995504251 ], [ 12.934658315541563, 54.240108247555717 ], [ 12.930744959290848, 54.240056557444568 ], [ 12.929049541759738, 54.243613766359694 ], [ 12.907872185901764, 54.242107825704473 ], [ 12.904588097136925, 54.241565303778025 ], [ 12.896303542343823, 54.235711801117766 ], [ 12.889158400238021, 54.239861884313015 ], [ 12.895320613106902, 54.241851642173515 ], [ 12.900058127980687, 54.247927018130447 ], [ 12.911615900930622, 54.252099354022782 ], [ 12.911546764000658, 54.258538405271729 ], [ 12.908431465724451, 54.257786002342314 ], [ 12.905984506711439, 54.257043247918766 ], [ 12.902333506344148, 54.258085476871415 ], [ 12.897611522383954, 54.258654578616287 ], [ 12.89378971816371, 54.258189708479932 ], [ 12.890128110745575, 54.258043294743992 ], [ 12.886870709795021, 54.258052791000154 ], [ 12.884024474665319, 54.258139645362547 ], [ 12.880225455781792, 54.258071925359779 ], [ 12.876565183850875, 54.258082321848221 ], [ 12.872363338052871, 54.25848949640455 ], [ 12.869115551781404, 54.259215051087345 ], [ 12.865043970895323, 54.258669157816684 ], [ 12.862708753043403, 54.260155255443131 ], [ 12.864087002131237, 54.263175085505573 ], [ 12.866667150117399, 54.265319468021332 ], [ 12.871939794379335, 54.267745739907546 ], [ 12.873485655692656, 54.269558461275224 ], [ 12.874768589634135, 54.271980154261435 ], [ 12.875379508917954, 54.275059985732298 ], [ 12.876784758283701, 54.277556924944392 ], [ 12.878646502498791, 54.278675739838121 ], [ 12.880333858657922, 54.279857032572579 ], [ 12.883978450389002, 54.280320414319988 ], [ 12.883374944154482, 54.284060291057926 ], [ 12.880569546861716, 54.28616493794744 ], [ 12.860173997162601, 54.29426707749117 ], [ 12.861546066579429, 54.30713301573801 ], [ 12.865845472915449, 54.315477650710832 ], [ 12.86159555520474, 54.315310197429554 ], [ 12.855416366995101, 54.31479412861156 ], [ 12.845532947529088, 54.314407916113019 ], [ 12.841346654461983, 54.315278645596877 ], [ 12.840267783681385, 54.313859511896247 ], [ 12.839600616815195, 54.31246399642594 ], [ 12.839289386052174, 54.311406749074152 ], [ 12.837842998288401, 54.309033728492103 ], [ 12.836560551406702, 54.307004024993873 ], [ 12.837061419625089, 54.30508891914446 ], [ 12.836912787041319, 54.302613811813025 ], [ 12.835216302529854, 54.300104299844584 ], [ 12.831355383528248, 54.29672404168096 ], [ 12.829778344483787, 54.294746604139974 ], [ 12.827575065337824, 54.294340845143864 ], [ 12.825309418865567, 54.293245570290061 ], [ 12.823413801524401, 54.291226133329786 ], [ 12.821979017045377, 54.290304038656018 ], [ 12.820320793807589, 54.289824979884905 ], [ 12.819302878898032, 54.289553232228457 ], [ 12.817655139557404, 54.287998199474394 ], [ 12.816514411653756, 54.287374120065188 ], [ 12.815120304934503, 54.28674836809455 ], [ 12.813727986307001, 54.286383170687515 ], [ 12.811769927206244, 54.286387645055896 ], [ 12.810813699311904, 54.286701958701329 ], [ 12.809448404600438, 54.286918476776655 ], [ 12.80789668665601, 54.287029875384256 ], [ 12.805425954728182, 54.285595548703441 ], [ 12.800038359632827, 54.284219144744966 ], [ 12.793653711585421, 54.282354958418985 ], [ 12.789157669096182, 54.285403706816346 ], [ 12.786749145855396, 54.288073990784255 ], [ 12.781915149346188, 54.287467179183722 ], [ 12.770427219663205, 54.287429449525291 ], [ 12.768979327383898, 54.28871254644303 ], [ 12.765564828963726, 54.288503341359295 ], [ 12.759939330274106, 54.286278735166526 ], [ 12.752088354467929, 54.284958753862028 ], [ 12.748356767415515, 54.285659278607319 ], [ 12.74548588965313, 54.285051195855729 ], [ 12.743499461009938, 54.284737884555902 ], [ 12.740232412100418, 54.283966159698004 ], [ 12.742410232619122, 54.281882228927032 ], [ 12.733919114478509, 54.27874948547467 ], [ 12.726375654366272, 54.2724768174646 ], [ 12.725739426045203, 54.272664284019662 ], [ 12.727413545298887, 54.276062448803408 ], [ 12.726459224470783, 54.276364994172475 ], [ 12.723388747485847, 54.27558371259861 ], [ 12.717888616523611, 54.273909863736144 ], [ 12.712969880720962, 54.273432159507813 ], [ 12.706971937362056, 54.27426238578753 ], [ 12.703585853884203, 54.274230786108063 ], [ 12.7016725016317, 54.272963412092921 ], [ 12.704163118938864, 54.271992185669795 ], [ 12.706208969857004, 54.271956624470157 ], [ 12.707749620147624, 54.271235364423887 ], [ 12.709818643891213, 54.270356335413396 ], [ 12.711435571697631, 54.26587271888468 ], [ 12.720174364106365, 54.263514545412896 ], [ 12.722563855644438, 54.267830547455752 ], [ 12.72754352974002, 54.266677161147285 ], [ 12.726010418386094, 54.264570359573867 ], [ 12.725682737888148, 54.260055803733074 ], [ 12.721128452089349, 54.254972864755437 ], [ 12.729917033283888, 54.252416246024637 ], [ 12.723328926633842, 54.246188944097952 ], [ 12.715603932216521, 54.247940063783467 ], [ 12.702929258434196, 54.250286647775951 ], [ 12.700721787772119, 54.24949651173084 ], [ 12.694858879338625, 54.249028253716901 ], [ 12.69106823869021, 54.248799481760074 ], [ 12.679821118180772, 54.249680640479056 ], [ 12.664547368948046, 54.24990220389644 ], [ 12.659944145433492, 54.24209456528461 ], [ 12.653861337446934, 54.235066522744532 ], [ 12.644505015078838, 54.235754921765469 ], [ 12.640651635279028, 54.23439044441983 ], [ 12.637411192102103, 54.235752227993174 ], [ 12.634945621510466, 54.237355851218226 ], [ 12.632038252284834, 54.238699211836014 ], [ 12.631161260029776, 54.240869771330246 ], [ 12.629492374683602, 54.242265989980915 ], [ 12.624555765279128, 54.243662384579508 ], [ 12.618235075660504, 54.243893906609173 ], [ 12.617389778921043, 54.243155507985584 ], [ 12.612756904563813, 54.243158743430456 ], [ 12.609113708995009, 54.24529731757346 ], [ 12.611931002788266, 54.2503112678177 ], [ 12.608145805519081, 54.252780091813264 ], [ 12.61321222112066, 54.260011819551842 ], [ 12.615468395114986, 54.263873761755328 ], [ 12.593284109294519, 54.267586659627113 ], [ 12.591822566308227, 54.271512396338402 ], [ 12.582753249190805, 54.274215117718875 ], [ 12.578715434885311, 54.276610803297956 ], [ 12.576988960827565, 54.277489174209876 ], [ 12.573991440796446, 54.279254881157392 ], [ 12.570542358421047, 54.281075772327547 ], [ 12.572022357080346, 54.282408848973262 ], [ 12.568124617908101, 54.284223258312466 ], [ 12.562275878753329, 54.285213362782116 ], [ 12.561273104200492, 54.283303261611806 ], [ 12.560278257528612, 54.28126002179696 ], [ 12.558997825421779, 54.278274929717853 ], [ 12.531108087882979, 54.281383358462975 ], [ 12.530179977788933, 54.275188339144009 ], [ 12.531980082362544, 54.275255854658589 ], [ 12.531848593371457, 54.273582426328652 ], [ 12.531114237723591, 54.271473204920909 ], [ 12.520741293839496, 54.273907091596755 ], [ 12.520280163241793, 54.275674679221559 ], [ 12.511537045231441, 54.274438003835066 ], [ 12.51131351954742, 54.276286548995692 ], [ 12.515232177821764, 54.276496049052604 ], [ 12.515696010273164, 54.277978574177347 ], [ 12.512227519476275, 54.278725872800912 ], [ 12.511946328142651, 54.280785664396177 ], [ 12.510347126580296, 54.281478576060763 ], [ 12.509210223789442, 54.281847724164471 ], [ 12.508054344614077, 54.283329727427663 ], [ 12.508146084820558, 54.285984609596852 ], [ 12.495927038604252, 54.28538553822127 ], [ 12.491020196857296, 54.284732606063805 ], [ 12.488947523569525, 54.284392626716823 ], [ 12.484352521302929, 54.284244626993079 ], [ 12.481385840773479, 54.284922060169343 ], [ 12.479994491705684, 54.286048511468714 ], [ 12.476198567208813, 54.290797219355767 ], [ 12.472866527627136, 54.29271815172779 ], [ 12.467957344236565, 54.29506098873852 ], [ 12.470687015902193, 54.297672573606512 ], [ 12.472859316714191, 54.299712717940672 ], [ 12.479398645276842, 54.302793241595367 ], [ 12.478495046131439, 54.304651796072548 ], [ 12.478334728507095, 54.305343512362917 ], [ 12.478060799426704, 54.306525357145858 ], [ 12.477144164410598, 54.307617116983472 ], [ 12.479496889769976, 54.308009101084103 ], [ 12.47999197924773, 54.309766833347965 ], [ 12.480015957690568, 54.310814400031774 ], [ 12.479208245665459, 54.311555288237123 ], [ 12.477135205200369, 54.313318957413387 ], [ 12.4778885578855, 54.315336908664079 ], [ 12.473936840854801, 54.319584655552788 ], [ 12.471653520912341, 54.322710058513067 ], [ 12.472462065989346, 54.326750589495639 ], [ 12.473325933394618, 54.329298831568146 ], [ 12.477363016440718, 54.330677747017141 ], [ 12.483588985636922, 54.330629294347773 ], [ 12.492508301077855, 54.330979119174017 ], [ 12.496125516689595, 54.330584729225855 ], [ 12.499259453015947, 54.331578271076637 ], [ 12.503274308253301, 54.333489547606547 ], [ 12.511262374084261, 54.334870186067235 ], [ 12.513451440359219, 54.335360408558749 ], [ 12.516564430160633, 54.335215317567027 ], [ 12.521524976121077, 54.333492301177891 ], [ 12.524724001157894, 54.334427716533568 ], [ 12.526915968797166, 54.334724574153334 ], [ 12.534737418511595, 54.338116712161344 ], [ 12.538358455294386, 54.341560177957746 ], [ 12.539619688402347, 54.34465760088333 ], [ 12.535663411926306, 54.344902579355264 ], [ 12.536843636612968, 54.347609141736335 ], [ 12.539531200902161, 54.349902359833543 ], [ 12.540207818607325, 54.351640902120494 ], [ 12.54627210392459, 54.353949649468824 ], [ 12.551406344759833, 54.356161771287717 ], [ 12.552105586200305, 54.357224306752485 ], [ 12.552106211939737, 54.359170017419402 ], [ 12.550403532408664, 54.360191503935262 ], [ 12.548803822988999, 54.361027155546545 ], [ 12.542596201163073, 54.362061717359623 ], [ 12.538296314436675, 54.362240414375805 ], [ 12.534656754915485, 54.363438938588111 ], [ 12.53498780145811, 54.365433887041036 ], [ 12.538530914283699, 54.367325648207483 ], [ 12.543443010536873, 54.367801804410817 ], [ 12.547154163062981, 54.369032879622338 ], [ 12.550068629118599, 54.37076591289469 ], [ 12.553437425735037, 54.372388444367296 ], [ 12.554561772811553, 54.373007544707761 ], [ 12.553439051926762, 54.374795615143093 ], [ 12.553858862540654, 54.37641952500271 ], [ 12.553379010890124, 54.379341865071765 ], [ 12.554956161814783, 54.378337641050962 ], [ 12.555628853091491, 54.376664184004255 ], [ 12.55735177667496, 54.374828805421345 ], [ 12.560848259132934, 54.373222234972069 ], [ 12.566660329036784, 54.371646446204174 ], [ 12.573560733096583, 54.371101196444073 ], [ 12.577017562079645, 54.372477160186129 ], [ 12.580550465058352, 54.373673178999645 ], [ 12.582081555754948, 54.373544623482445 ], [ 12.580975866908796, 54.372082855131261 ], [ 12.580047311709098, 54.370656831307471 ], [ 12.579388531203943, 54.369155384322653 ], [ 12.576338654351931, 54.366872997985652 ], [ 12.575238188842171, 54.363233406494608 ], [ 12.574468243383528, 54.36039811907888 ], [ 12.574812296057786, 54.358070991966351 ], [ 12.577526958206839, 54.357465909198353 ], [ 12.580283306354957, 54.356398057006793 ], [ 12.584743857646822, 54.356003373891774 ], [ 12.588975383781911, 54.357055161026345 ], [ 12.594011242194677, 54.358393954182759 ], [ 12.596371304468766, 54.360223561468104 ], [ 12.599409590169758, 54.362778221449993 ], [ 12.600420315470242, 54.36479475667759 ], [ 12.599501854269871, 54.367892724954551 ], [ 12.600595582996522, 54.368925318012352 ], [ 12.598623665451166, 54.369984277599215 ], [ 12.597420816990825, 54.370878832726895 ], [ 12.597860370544796, 54.37158167340727 ], [ 12.60051322898124, 54.370547080540213 ], [ 12.603334122889486, 54.371131932525223 ], [ 12.610285991786402, 54.371280728998343 ], [ 12.619182352004746, 54.37223432634152 ], [ 12.621942682713735, 54.373164742521034 ], [ 12.627812134005948, 54.375990725289412 ], [ 12.632241909206796, 54.376609697752649 ], [ 12.636117305919358, 54.378585635234771 ], [ 12.639697244846957, 54.379225114242757 ], [ 12.64239726990526, 54.380274004636632 ], [ 12.645850083955141, 54.380745007246517 ], [ 12.652423938217618, 54.382657362569994 ], [ 12.656353569520633, 54.38423272533165 ], [ 12.659849096002771, 54.385992613971801 ], [ 12.661368700797082, 54.387123199940163 ], [ 12.662527784189873, 54.389909571132364 ], [ 12.664407572187367, 54.389184336481435 ], [ 12.667016159047211, 54.388887363723946 ], [ 12.669174007488625, 54.389675719917989 ], [ 12.670185309563552, 54.390606861772866 ], [ 12.671415105421305, 54.392422682140243 ], [ 12.671271695604421, 54.394532007799533 ], [ 12.669174558566647, 54.396010047865289 ], [ 12.666321041069201, 54.398164927029249 ], [ 12.663988044791159, 54.398151582550526 ], [ 12.660389485785625, 54.398453988027406 ], [ 12.660382333452807, 54.399949921685604 ], [ 12.662821618982546, 54.403251544781035 ], [ 12.664920772039418, 54.403590854816223 ], [ 12.668347755851293, 54.404948558635482 ], [ 12.668022983016218, 54.405773269683962 ], [ 12.666406834847846, 54.407376520704744 ], [ 12.668739000680286, 54.408202858141628 ], [ 12.669801994265663, 54.408269157390215 ], [ 12.670628921596636, 54.407958280827032 ], [ 12.670365969424177, 54.40700010359334 ], [ 12.673325422367551, 54.406875319075105 ], [ 12.671805473380889, 54.40795617804396 ], [ 12.673167152201149, 54.408162174523071 ], [ 12.675410962164444, 54.407847409570259 ], [ 12.677138959389861, 54.40757820833926 ], [ 12.678545080790068, 54.406631008466334 ], [ 12.682483196727729, 54.406341152390254 ], [ 12.684343185915857, 54.406404097904037 ], [ 12.686756282952288, 54.407167165707392 ], [ 12.690389270088561, 54.408755247502441 ], [ 12.695750623318871, 54.410096266554085 ], [ 12.698820937016869, 54.410411256947825 ], [ 12.701670532667924, 54.410425502171343 ], [ 12.704633592898285, 54.411809656609712 ], [ 12.706539138902626, 54.411649814834064 ], [ 12.709355123450154, 54.410947345653682 ], [ 12.711108563130059, 54.409383822965907 ], [ 12.713700735337923, 54.405885021908695 ], [ 12.714681174291071, 54.404609972232045 ], [ 12.714349201742905, 54.403489563765845 ], [ 12.712154976042889, 54.402661592866963 ], [ 12.708826480778923, 54.402192327245345 ], [ 12.703472533463678, 54.402572521772079 ], [ 12.699008228047861, 54.402039359213767 ], [ 12.69352913643945, 54.401918379349844 ], [ 12.691069775192988, 54.401108337341896 ], [ 12.688594892885416, 54.400199427974243 ], [ 12.686501462663477, 54.397198786832057 ], [ 12.685727268527858, 54.394897351106373 ], [ 12.685618743284323, 54.393592467553283 ], [ 12.688698611094001, 54.38952080584199 ], [ 12.690625507485008, 54.388071838037455 ], [ 12.69129405898985, 54.386680602640268 ], [ 12.693194414581633, 54.386431139088771 ], [ 12.692767845717214, 54.385569161050256 ], [ 12.690722848026038, 54.385160694001158 ], [ 12.689522303311751, 54.384155809177777 ], [ 12.687873092535158, 54.382497881399239 ], [ 12.685283006063864, 54.381353185429447 ], [ 12.682323936910873, 54.380289811819573 ], [ 12.679065354217165, 54.374949939566598 ], [ 12.678917693543656, 54.373265384810466 ], [ 12.676732409872482, 54.372034665569451 ], [ 12.676235132528115, 54.370595467437226 ], [ 12.680605527255938, 54.370617327339481 ], [ 12.681727487603565, 54.371330401511344 ], [ 12.68461137705828, 54.370915868289231 ], [ 12.687561258513375, 54.368569455526526 ], [ 12.68728702565228, 54.370378035535218 ], [ 12.687416312551933, 54.372080468237669 ], [ 12.685782145331139, 54.373423448557858 ], [ 12.682656837564306, 54.374186459144596 ], [ 12.684255124046944, 54.375727659154684 ], [ 12.686180554417122, 54.376215025359791 ], [ 12.686891360943873, 54.378062813550684 ], [ 12.690276375167938, 54.37986904061475 ], [ 12.692926313492308, 54.381595351686826 ], [ 12.69567247881041, 54.384276082830894 ], [ 12.696711291181876, 54.386231217961111 ], [ 12.696651207967117, 54.389643265335955 ], [ 12.696467660006194, 54.392008799894583 ], [ 12.698345101875466, 54.395777765681004 ], [ 12.698792054560796, 54.397886382185845 ], [ 12.700219401155309, 54.39865046595488 ], [ 12.702464845981673, 54.398923788760726 ], [ 12.707395710469454, 54.39875084777254 ], [ 12.711649120063635, 54.398619144487711 ], [ 12.714721420940302, 54.398657438110632 ], [ 12.714692520408676, 54.397298529829285 ], [ 12.714859324895876, 54.395768594577547 ], [ 12.714491062918851, 54.394261919626629 ], [ 12.715112671667637, 54.39109607324766 ], [ 12.714752294675336, 54.389575872923153 ], [ 12.713751877764134, 54.386906561039453 ], [ 12.716900840138841, 54.381722194629241 ], [ 12.717030549296641, 54.379666705293971 ], [ 12.71942036264236, 54.377895366371646 ], [ 12.719328345139107, 54.373580444636332 ], [ 12.720590310159995, 54.371853474339403 ], [ 12.725306793074465, 54.371805860403505 ], [ 12.729117246455186, 54.371319217862357 ], [ 12.731778309254688, 54.371177948198344 ], [ 12.73564109572713, 54.371104391053919 ], [ 12.73678025172458, 54.371178922211413 ], [ 12.738757124110231, 54.372646976801903 ], [ 12.741892174226944, 54.374090634752605 ], [ 12.742446390051509, 54.375686834460119 ], [ 12.743078990714109, 54.378352073138103 ], [ 12.74316761022828, 54.381516878728462 ], [ 12.743176819043121, 54.383365561155259 ], [ 12.744234792938792, 54.384064605870698 ], [ 12.745420437753827, 54.381841060718706 ], [ 12.746816380379915, 54.379374496353712 ], [ 12.75067574922284, 54.376366721464564 ], [ 12.753588031097458, 54.374748893512368 ], [ 12.753398701221901, 54.372374939830408 ], [ 12.756772028539496, 54.370767244951509 ], [ 12.762178356654312, 54.371646959192724 ], [ 12.766064308227843, 54.370992855967906 ], [ 12.769629754105804, 54.372868454143294 ], [ 12.771652347353568, 54.375380412077895 ], [ 12.772672317073704, 54.38158720639202 ], [ 12.775886219319418, 54.389759617958028 ], [ 12.778714064884811, 54.391555553193569 ], [ 12.780832490400776, 54.391805250398384 ], [ 12.783013628668673, 54.391594199485226 ], [ 12.784433454690923, 54.393442228872658 ], [ 12.783407544015839, 54.395066172500236 ], [ 12.785229443367637, 54.39652257449734 ], [ 12.787054514644129, 54.395943813549586 ], [ 12.787467256475724, 54.394175183624007 ], [ 12.787354217357073, 54.393279136741747 ], [ 12.785751139916025, 54.390398169267534 ], [ 12.784680034016755, 54.386997239484749 ], [ 12.784585515887082, 54.3840278460207 ], [ 12.785012133247534, 54.381356165271782 ], [ 12.785614028723266, 54.379052553075219 ], [ 12.794054715608677, 54.378211757988787 ], [ 12.79648265792806, 54.376889099308372 ], [ 12.799775462001303, 54.375300856224619 ], [ 12.803580745334916, 54.370384605350466 ], [ 12.805749431933156, 54.363017034132341 ], [ 12.807830728471551, 54.362449750285776 ], [ 12.808824607232113, 54.354546151174787 ], [ 12.808946339120903, 54.351669783667504 ], [ 12.809004240940892, 54.349944460973056 ], [ 12.807096202486695, 54.348632468187233 ], [ 12.808494714582363, 54.347274787523965 ], [ 12.808547992364794, 54.345443953286598 ], [ 12.809664867716561, 54.343408538993671 ], [ 12.81052166054956, 54.345046442823943 ], [ 12.812504781035972, 54.347220838361658 ], [ 12.814132975398309, 54.348657018778944 ], [ 12.816819412923097, 54.350748904704545 ], [ 12.819987740671793, 54.351273904678401 ], [ 12.823231264819938, 54.352088475843658 ], [ 12.826713755943878, 54.351869072287791 ], [ 12.828420321659319, 54.351741485385595 ], [ 12.830588289631454, 54.351617197832816 ], [ 12.833540160950324, 54.350886651798078 ], [ 12.837903027394976, 54.351698126186335 ], [ 12.843266656064632, 54.351058014879492 ], [ 12.845783910135353, 54.351370624286815 ], [ 12.848137473215758, 54.351903720742925 ], [ 12.850938747486616, 54.352635580460536 ], [ 12.854489218197578, 54.35427290899878 ], [ 12.858523551996653, 54.357263404579136 ], [ 12.863203055706919, 54.36103150308729 ], [ 12.866312112488519, 54.362626980468022 ], [ 12.869839158934843, 54.363084681008779 ], [ 12.87567379481794, 54.36441412077528 ], [ 12.878300452940334, 54.365262582676891 ], [ 12.880088342114837, 54.36701650497006 ], [ 12.881811433142889, 54.368361686602327 ], [ 12.883265279740547, 54.369700872200781 ], [ 12.884272075641757, 54.372317242212958 ], [ 12.885514442791145, 54.376853555130296 ], [ 12.884499565301491, 54.38296212901934 ], [ 12.888894746906509, 54.387963239481763 ], [ 12.890335152006941, 54.389877449471086 ], [ 12.893870799876483, 54.391482252187437 ], [ 12.895576266664575, 54.393287804812523 ], [ 12.896939422575496, 54.395995117190658 ], [ 12.897270120585418, 54.401708887498174 ], [ 12.900584459685167, 54.402110205596898 ], [ 12.909263408558651, 54.405570222436836 ], [ 12.912000360971341, 54.406334580198035 ], [ 12.918053458120681, 54.409660611277133 ], [ 12.92340408454119, 54.413127982747561 ], [ 12.929231507638825, 54.414392082872155 ], [ 12.935853770481968, 54.414163960367482 ], [ 12.943759792523879, 54.415618111890232 ], [ 12.949468883394434, 54.416499807952491 ], [ 12.954837463441184, 54.416813916151341 ], [ 12.955134031996876, 54.418333757009457 ], [ 12.955285586270115, 54.420377429889712 ], [ 12.956928136445667, 54.422054297371623 ], [ 12.959143614442075, 54.422866607944727 ], [ 12.966105909658244, 54.422242460757147 ], [ 12.969999389348173, 54.423953921943514 ], [ 12.973376367169344, 54.423450019755798 ], [ 12.977054052007736, 54.424420744001729 ], [ 12.98593544471321, 54.424907350433458 ], [ 12.990486255954796, 54.426406819627104 ], [ 12.994147498821613, 54.427563530453106 ], [ 12.997208845821579, 54.430182500580479 ], [ 12.998453693103569, 54.434371858787387 ], [ 12.999729557036703, 54.436128216694122 ], [ 13.004131535134086, 54.437596387680067 ], [ 13.008977345909013, 54.438426794250532 ], [ 13.013947628868543, 54.438998171084513 ], [ 13.016774758492462, 54.439193810425124 ], [ 13.021351123236734, 54.438034591660632 ], [ 13.027463768410321, 54.436765762275201 ], [ 13.030832852779314, 54.435229097188397 ], [ 13.032937106101336, 54.434277014708229 ], [ 13.033131411347252, 54.433123873780708 ], [ 13.033722176151539, 54.431598382147222 ], [ 13.034002292865043, 54.429582212665828 ], [ 13.033783609464441, 54.427410837453202 ], [ 13.034096384328887, 54.425225995084737 ] ] ], [ [ [ 12.97669708495167, 54.437520292492351 ], [ 12.975359381356647, 54.436750101933725 ], [ 12.973203520310678, 54.436951008252166 ], [ 12.972422212993765, 54.437775979204034 ], [ 12.972360362851358, 54.439591286293798 ], [ 12.973658229239884, 54.440604274238964 ], [ 12.97556405464004, 54.440426665796913 ], [ 12.976281228304593, 54.439368316959317 ], [ 12.976864917095952, 54.43844295325075 ], [ 12.97669708495167, 54.437520292492351 ] ] ], [ [ [ 12.971413639590248, 54.440587395556086 ], [ 12.971347862510637, 54.43946446434407 ], [ 12.970940454733435, 54.438464027081679 ], [ 12.970669320245198, 54.437964047361909 ], [ 12.970337167549454, 54.436792618431625 ], [ 12.969171372221046, 54.436603553437656 ], [ 12.967890462084966, 54.437933445473789 ], [ 12.967768251089606, 54.43878300693931 ], [ 12.968208158001872, 54.439581194150513 ], [ 12.968260443238227, 54.439581468760352 ], [ 12.969832454175217, 54.440123538282478 ], [ 12.971413639590248, 54.440587395556086 ] ] ], [ [ [ 12.983553152774469, 54.438775959087835 ], [ 12.981633333147787, 54.437646308035305 ], [ 12.97968965452726, 54.438235186922611 ], [ 12.977716914289395, 54.44007989038117 ], [ 12.976029469003189, 54.441224900276765 ], [ 12.973580016870537, 54.441426491199763 ], [ 12.9770760748521, 54.442164690344462 ], [ 12.980231490240087, 54.442418306127216 ], [ 12.982757063174718, 54.441802545752971 ], [ 12.983678922261225, 54.441149947963012 ], [ 12.983931147785169, 54.439877570355272 ], [ 12.983553152774469, 54.438775959087835 ] ] ], [ [ [ 12.959288512645628, 54.441269368556711 ], [ 12.961390819019963, 54.440146991815496 ], [ 12.961765408716811, 54.438903330741311 ], [ 12.961013318940704, 54.437774064662968 ], [ 12.959116999968998, 54.437369906018667 ], [ 12.957390990107877, 54.438805283502838 ], [ 12.954700899501654, 54.43929525984889 ], [ 12.951898860912635, 54.43998627225924 ], [ 12.949722300110446, 54.440304551575409 ], [ 12.947403542691202, 54.440210988001951 ], [ 12.94417790456998, 54.439209267585255 ], [ 12.940516775905298, 54.439038845530668 ], [ 12.938115660138969, 54.438017706780016 ], [ 12.936060795786087, 54.436191657810724 ], [ 12.933734578911924, 54.435053539063759 ], [ 12.933025809639883, 54.434137110866089 ], [ 12.932653615536966, 54.432819672035478 ], [ 12.929645935530372, 54.432085765085823 ], [ 12.926904222487904, 54.433186328814401 ], [ 12.925192571607814, 54.433924085416436 ], [ 12.924080840718039, 54.435178217714039 ], [ 12.925091075175867, 54.437085021794211 ], [ 12.924837404201861, 54.43839544777709 ], [ 12.926221432872593, 54.440915960525778 ], [ 12.928671956674501, 54.442415127918153 ], [ 12.933433657176899, 54.443098716336415 ], [ 12.937491353141031, 54.443054868754743 ], [ 12.940354173729196, 54.442932320258421 ], [ 12.945119451329029, 54.442621513181635 ], [ 12.949808557428968, 54.442554834313974 ], [ 12.955517801845238, 54.44230255273888 ], [ 12.959288512645628, 54.441269368556711 ] ] ], [ [ [ 13.053075421278743, 54.448562151869162 ], [ 13.050019453677393, 54.445943949440313 ], [ 13.045662528030853, 54.444238459054837 ], [ 13.043802697460739, 54.443348665325395 ], [ 13.039575524515818, 54.442314271520509 ], [ 13.036986789083379, 54.443792098544016 ], [ 13.03471771590282, 54.443324994607984 ], [ 13.02957591321524, 54.442501183887991 ], [ 13.023019284314847, 54.442348450075393 ], [ 13.020215245355274, 54.443667869417382 ], [ 13.018507772469436, 54.443020593714827 ], [ 13.016229481133378, 54.443634325726805 ], [ 13.014812292885658, 54.442913323593011 ], [ 13.009336699161496, 54.442537128544224 ], [ 13.004021421331672, 54.441375659467489 ], [ 12.997244570314354, 54.439286762010632 ], [ 12.993239465753332, 54.436417730835629 ], [ 12.99144450431694, 54.43548211181821 ], [ 12.989147957127699, 54.434038319039836 ], [ 12.986564092401895, 54.433321280258383 ], [ 12.984985692698356, 54.433335183957816 ], [ 12.983538010764493, 54.433430694600524 ], [ 12.983547204371609, 54.434275303261877 ], [ 12.982020190713394, 54.434887467346094 ], [ 12.980603590061229, 54.434310866733462 ], [ 12.9807773077929, 54.433698297376168 ], [ 12.97553930396853, 54.433098747009467 ], [ 12.974363326815537, 54.43307566240513 ], [ 12.974372092223767, 54.433897807215438 ], [ 12.975959935621535, 54.434642335988883 ], [ 12.973011675839437, 54.434605846678338 ], [ 12.972811213593113, 54.435452877507949 ], [ 12.972698520044133, 54.436323213398587 ], [ 12.9756022094387, 54.436144220913526 ], [ 12.977227394783059, 54.436767293658356 ], [ 12.978318595008888, 54.437899981035606 ], [ 12.980175893448203, 54.437167595767434 ], [ 12.982082707692207, 54.436942652669423 ], [ 12.984103296730554, 54.435945246361747 ], [ 12.984868267401158, 54.437415598439074 ], [ 12.987370130825983, 54.438495405019012 ], [ 12.990047427105061, 54.438894953029994 ], [ 12.991179382896318, 54.440540866398479 ], [ 12.992467820349004, 54.443915918423876 ], [ 12.994327548269386, 54.444638848888047 ], [ 12.999750288576294, 54.447110281681702 ], [ 13.004072880427833, 54.447795196927132 ], [ 13.008439240461483, 54.448142410942118 ], [ 13.012115691848004, 54.447874016812406 ], [ 13.016933521330031, 54.446729116636561 ], [ 13.019385275647613, 54.447274076252555 ], [ 13.02266162001939, 54.446925255699725 ], [ 13.023628193896489, 54.448152960272466 ], [ 13.025131218462137, 54.448631011164572 ], [ 13.02636865011762, 54.448092546127334 ], [ 13.028150051622424, 54.447749057114208 ], [ 13.030637729192863, 54.447543482148248 ], [ 13.032501316458815, 54.447029265067684 ], [ 13.034543761229948, 54.447723067243992 ], [ 13.041504435089106, 54.452617715138501 ], [ 13.044636797285126, 54.453495416958901 ], [ 13.045862587886489, 54.454357542059668 ], [ 13.046849441476265, 54.456792190860469 ], [ 13.04687910757416, 54.457998763669657 ], [ 13.047105076847723, 54.460143129985447 ], [ 13.049811558922096, 54.460418953003177 ], [ 13.050844705910304, 54.460176398369384 ], [ 13.051401850999422, 54.459469678525821 ], [ 13.051614211306537, 54.458762840404347 ], [ 13.051232921273517, 54.457392811526951 ], [ 13.052477248223642, 54.456611233527376 ], [ 13.0537040641769, 54.454991650548919 ], [ 13.056009615021429, 54.453127601463237 ], [ 13.057545206940816, 54.452377826711306 ], [ 13.058626412756768, 54.451998422011876 ], [ 13.059121722224855, 54.451424802729036 ], [ 13.057853875188645, 54.450542879128811 ], [ 13.056459386238272, 54.450009678986319 ], [ 13.053075421278743, 54.448562151869162 ] ] ] ] } },
{ "type": "Feature", "properties": { "wkr": 26, "wkr_name": "Stralsund II" }, "geometry": { "type": "MultiPolygon", "coordinates": [ [ [ [ 13.129830633626423, 54.314643686093746 ], [ 13.124878880703934, 54.312024262284844 ], [ 13.12612575117601, 54.311357708315349 ], [ 13.129005719195138, 54.31044276933828 ], [ 13.130688970629134, 54.309405595326687 ], [ 13.131396097807766, 54.308352985574395 ], [ 13.131376020640051, 54.306957985663992 ], [ 13.129909849705893, 54.30571387263587 ], [ 13.128421897169012, 54.304820308791868 ], [ 13.127004132059238, 54.304532948517156 ], [ 13.125406556576843, 54.304835039737824 ], [ 13.124809184069726, 54.304968248016387 ], [ 13.124418953175558, 54.3048106432 ], [ 13.12448321186673, 54.304197027333643 ], [ 13.125170937556312, 54.303935328069947 ], [ 13.126179168368111, 54.304060711543137 ], [ 13.126552969109097, 54.303874671246362 ], [ 13.126136902530016, 54.303252165699107 ], [ 13.123577235144012, 54.302345796516747 ], [ 13.117421840185219, 54.304586467223139 ], [ 13.116295918798212, 54.30608521412384 ], [ 13.116105948330876, 54.306357887410549 ], [ 13.112899383938421, 54.308849211928695 ], [ 13.113130553922757, 54.311507745117623 ], [ 13.115654756167276, 54.312774119767951 ], [ 13.117222977345287, 54.313767870103142 ], [ 13.118608210553745, 54.314379777458235 ], [ 13.121276592114457, 54.314287712662932 ], [ 13.123128312908339, 54.315249480974764 ], [ 13.124928726226825, 54.315910136945035 ], [ 13.126917666956084, 54.31662670909823 ], [ 13.129179353218058, 54.315076252594409 ], [ 13.129830633626423, 54.314643686093746 ] ] ], [ [ [ 13.087972024284898, 54.321280842482111 ], [ 13.089309278193088, 54.320122260990232 ], [ 13.090502595451566, 54.319413647754999 ], [ 13.094534585371614, 54.318626813459808 ], [ 13.096971486673009, 54.318105591293758 ], [ 13.098676503965217, 54.317457424950454 ], [ 13.101502477270238, 54.313079324923301 ], [ 13.103587334474328, 54.311016218668982 ], [ 13.105566116950246, 54.309627555004496 ], [ 13.107308758521974, 54.309235185527456 ], [ 13.110236941517655, 54.307624048739953 ], [ 13.11239246430949, 54.305441411423949 ], [ 13.110216276128925, 54.302844096221364 ], [ 13.112036564360576, 54.302257560791915 ], [ 13.106133530723081, 54.292338366830784 ], [ 13.105964741074487, 54.290406604273272 ], [ 13.103288692401891, 54.289885347445171 ], [ 13.10366609021167, 54.286800462820715 ], [ 13.104435822948316, 54.284413451742388 ], [ 13.105201570788736, 54.283142782049623 ], [ 13.106064289576366, 54.282224386263167 ], [ 13.097407931619932, 54.282301288082465 ], [ 13.089436842475232, 54.276284037781132 ], [ 13.086391556737146, 54.271054711435731 ], [ 13.081771434998101, 54.263651143890137 ], [ 13.080733114311528, 54.265258675695137 ], [ 13.079246769325328, 54.266927878978919 ], [ 13.082100466922233, 54.267952770449241 ], [ 13.080093602809724, 54.273243452869117 ], [ 13.079892184564359, 54.275439311438433 ], [ 13.074947946863404, 54.276616192918219 ], [ 13.075404478917337, 54.278058635376873 ], [ 13.077907382563893, 54.284035129968537 ], [ 13.074063696560756, 54.283408253230149 ], [ 13.070852576236726, 54.283122870203471 ], [ 13.067014666577544, 54.284206204922178 ], [ 13.061710521887893, 54.285664045822593 ], [ 13.058496843584109, 54.284436417414902 ], [ 13.058588811524348, 54.281612361579981 ], [ 13.051518588047193, 54.281254796821976 ], [ 13.05333485684981, 54.287341090800915 ], [ 13.049678109559478, 54.287543298882667 ], [ 13.048650238717439, 54.284876632702463 ], [ 13.043119948482857, 54.286935511982563 ], [ 13.04321346904765, 54.290767614682011 ], [ 13.039088053131128, 54.289701619663553 ], [ 13.032210031755328, 54.288726761016143 ], [ 13.023290815791523, 54.294923229215243 ], [ 13.02461671770876, 54.303375769111469 ], [ 12.994146743691259, 54.302887421667108 ], [ 12.995887417050163, 54.304996899319647 ], [ 12.99677548404502, 54.307451095896504 ], [ 12.995973077835494, 54.309734118337509 ], [ 12.999404252864204, 54.310808306472921 ], [ 13.002339177625579, 54.311805656917024 ], [ 13.001679345488997, 54.313600939832504 ], [ 13.005892591654256, 54.316498217058943 ], [ 13.007814240978577, 54.316207696738232 ], [ 13.00811655955707, 54.314422900561937 ], [ 13.009330014333374, 54.313014086046707 ], [ 13.012275507664217, 54.313227185031728 ], [ 13.01841507583317, 54.314867498480616 ], [ 13.021701844808808, 54.315009371428218 ], [ 13.025287954850926, 54.314783782169847 ], [ 13.028191846211909, 54.314057787280532 ], [ 13.031406429296442, 54.313950287851469 ], [ 13.037349792646916, 54.313927989914831 ], [ 13.039950497909949, 54.315145981353922 ], [ 13.036736637345337, 54.317524976146068 ], [ 13.036634143210668, 54.320217355889952 ], [ 13.046329240976409, 54.321737801617417 ], [ 13.047758528836409, 54.318570357350637 ], [ 13.049781673933074, 54.319094690762498 ], [ 13.054884772771285, 54.319778152019587 ], [ 13.057244674760337, 54.319812950100221 ], [ 13.062182382695493, 54.319714886965919 ], [ 13.062001100610466, 54.323382173006046 ], [ 13.062679746306721, 54.324841238724616 ], [ 13.065105830177989, 54.325959225845544 ], [ 13.06328076881028, 54.327734504878563 ], [ 13.080777387735624, 54.335291005555987 ], [ 13.08401421973244, 54.3300555657991 ], [ 13.086364853824051, 54.327003248910401 ], [ 13.087442742337497, 54.32366681744611 ], [ 13.087972024284898, 54.321280842482111 ] ] ] ] } },
{ "type": "Feature", "properties": { "wkr": 27, "wkr_name": "Nordwestmecklenburg I" }, "geometry": { "type": "Polygon", "coordinates": [ [ [ 10.957462699857194, 53.712121150701414 ], [ 10.953847656682457, 53.709991378354658 ], [ 10.954908178564279, 53.708547860840099 ], [ 10.954938939361769, 53.70771961071484 ], [ 10.953655176086782, 53.706413844730953 ], [ 10.950945429688876, 53.705289300320715 ], [ 10.944149726487442, 53.706048777570686 ], [ 10.939937479378601, 53.706404301083424 ], [ 10.935170724048705, 53.706143674559584 ], [ 10.931640187643513, 53.706033519462835 ], [ 10.9295219006524, 53.705990163065046 ], [ 10.921737379790772, 53.705965087637729 ], [ 10.92004970350442, 53.70419982460173 ], [ 10.918721305101739, 53.702765138131888 ], [ 10.917904195181073, 53.701301176596594 ], [ 10.916805936688721, 53.699260158871169 ], [ 10.911989550443311, 53.700320044803526 ], [ 10.908152042176745, 53.702381420191777 ], [ 10.905693112635547, 53.7032435717949 ], [ 10.900429924353652, 53.703704705712539 ], [ 10.897590526738034, 53.704023318563358 ], [ 10.891595020790469, 53.704429178214539 ], [ 10.88688071709575, 53.705568674726074 ], [ 10.881045610500369, 53.704083237580441 ], [ 10.880460182045208, 53.702397601339115 ], [ 10.875426332239881, 53.701630205144191 ], [ 10.87224930903143, 53.701481023336754 ], [ 10.870138624822575, 53.702709557271831 ], [ 10.867642303831287, 53.703735083982522 ], [ 10.863472745324207, 53.703673012936171 ], [ 10.861903865395869, 53.702281474498335 ], [ 10.859409496043648, 53.702772388316525 ], [ 10.857291390450417, 53.701204709315029 ], [ 10.855563535016515, 53.701739826952831 ], [ 10.852733942199768, 53.701806031409262 ], [ 10.852854166560862, 53.700199785041995 ], [ 10.850441352646778, 53.700249901278653 ], [ 10.849321295047233, 53.702167176748311 ], [ 10.851395071156846, 53.702836016993018 ], [ 10.851332530163514, 53.704128709629785 ], [ 10.852642397352195, 53.705649284781408 ], [ 10.850393372933246, 53.705862692266088 ], [ 10.848304173573833, 53.705099180935335 ], [ 10.846616102662782, 53.704621977848547 ], [ 10.84509505541579, 53.705752718708155 ], [ 10.843677636397304, 53.707341709609494 ], [ 10.842132630410957, 53.707725569061033 ], [ 10.839563047532669, 53.707143864159818 ], [ 10.836886695847003, 53.708669146793596 ], [ 10.830037909573566, 53.710796684540107 ], [ 10.82629194384428, 53.710673747781023 ], [ 10.823673662098743, 53.711473868252526 ], [ 10.819392682208736, 53.715500181165318 ], [ 10.818002252008329, 53.716464020737057 ], [ 10.812728489751841, 53.719162574820182 ], [ 10.810580863465905, 53.720445513196239 ], [ 10.808497543116196, 53.723407654218455 ], [ 10.806449198671061, 53.728412565203406 ], [ 10.806987057035284, 53.72987188468629 ], [ 10.807541013246334, 53.730108853476402 ], [ 10.808961728833738, 53.730126071215189 ], [ 10.809732461605531, 53.730829635032364 ], [ 10.80895835829021, 53.731732186530017 ], [ 10.808283117686633, 53.733253005539446 ], [ 10.80943188198248, 53.735274757909387 ], [ 10.80875689979063, 53.736688829254838 ], [ 10.806953701923577, 53.738742441229306 ], [ 10.80275331431065, 53.740687661883932 ], [ 10.798668783665017, 53.741176812149021 ], [ 10.796045348378909, 53.742059760066205 ], [ 10.793022274653005, 53.743725089114413 ], [ 10.78707430452226, 53.744876425426369 ], [ 10.782906239910018, 53.745910862435892 ], [ 10.780933331113857, 53.747451973870525 ], [ 10.776985451313072, 53.74772329982514 ], [ 10.775036405298239, 53.748678344446695 ], [ 10.770636019446256, 53.749454037930896 ], [ 10.765294447286749, 53.747624241218027 ], [ 10.759220935762267, 53.747375264765253 ], [ 10.758665910192269, 53.74858488431024 ], [ 10.758409937526739, 53.753286835742827 ], [ 10.757447809595748, 53.758637084687422 ], [ 10.759150019047501, 53.760558261844345 ], [ 10.758811054974611, 53.764273561211837 ], [ 10.760844604527032, 53.767185662953011 ], [ 10.762365245254479, 53.769069660025757 ], [ 10.765463140171043, 53.770134601500679 ], [ 10.766516040388678, 53.771427779302421 ], [ 10.767750026649923, 53.772831387119268 ], [ 10.770316563224245, 53.774873320172674 ], [ 10.770931907009306, 53.776535880874995 ], [ 10.769143924869478, 53.778933240634743 ], [ 10.766885404507425, 53.780333060125137 ], [ 10.767536116108502, 53.782495599024131 ], [ 10.769343285778378, 53.783778095597199 ], [ 10.768538630851383, 53.784860074336429 ], [ 10.769072986603634, 53.786894246329986 ], [ 10.769368847135091, 53.788721780153608 ], [ 10.771564606113539, 53.789301746846526 ], [ 10.772335359536632, 53.791428301917627 ], [ 10.773073755107893, 53.79289915781856 ], [ 10.772084689565535, 53.79748087368516 ], [ 10.770376804550589, 53.798478702069033 ], [ 10.768859654534449, 53.799403080953397 ], [ 10.766234959313998, 53.801737043805517 ], [ 10.765538406134567, 53.803696242304234 ], [ 10.767178192040149, 53.805798268805518 ], [ 10.765847955662975, 53.80795299748825 ], [ 10.764414723229665, 53.809604145958048 ], [ 10.763448102593884, 53.811407962384621 ], [ 10.763705947889751, 53.813119438560776 ], [ 10.763626051764881, 53.814717155347267 ], [ 10.762629170064891, 53.815908169394255 ], [ 10.76328886549673, 53.81927490281592 ], [ 10.761511659534831, 53.823443253821274 ], [ 10.760488689463651, 53.824304008747305 ], [ 10.75877446386767, 53.82544652834811 ], [ 10.75693841145063, 53.827584149903991 ], [ 10.755927923429642, 53.828613544139401 ], [ 10.755555620919925, 53.830178198440485 ], [ 10.754358451458712, 53.830705667319521 ], [ 10.750866043914877, 53.831603920349529 ], [ 10.749019084000707, 53.83299805851756 ], [ 10.748519895270398, 53.834595828292358 ], [ 10.749516365104784, 53.837347306403963 ], [ 10.748617396749733, 53.839669342143843 ], [ 10.750051519850826, 53.84194227183562 ], [ 10.750235689927026, 53.844336127611058 ], [ 10.752406926130107, 53.845769940767987 ], [ 10.753769744990123, 53.847623927648229 ], [ 10.75350260902508, 53.849495505635126 ], [ 10.748726613748765, 53.850174073955337 ], [ 10.748179276989017, 53.851480866035423 ], [ 10.750478057851904, 53.852536066644006 ], [ 10.753976577929716, 53.854411183676916 ], [ 10.759507131906631, 53.857921716852573 ], [ 10.759774762605291, 53.860297612766558 ], [ 10.762262059363179, 53.862885835853646 ], [ 10.764638816944231, 53.863578494550787 ], [ 10.764174648999095, 53.865797188207317 ], [ 10.766813625020138, 53.868164151310097 ], [ 10.770856905009609, 53.871331902416031 ], [ 10.771565904828469, 53.873567182270349 ], [ 10.778348421701882, 53.874671279888823 ], [ 10.782674860353698, 53.873618240836763 ], [ 10.788019933210249, 53.87420538065507 ], [ 10.792218887239022, 53.875957012605191 ], [ 10.799620990974338, 53.87583290270139 ], [ 10.801322149772545, 53.876513009427711 ], [ 10.803192996313646, 53.877597481989589 ], [ 10.805785470696161, 53.880273137992639 ], [ 10.80600240554077, 53.881286753462582 ], [ 10.808213681057458, 53.883069900840823 ], [ 10.808597473771597, 53.884240984745986 ], [ 10.808265970945312, 53.884858134627663 ], [ 10.807616925989473, 53.885578682625933 ], [ 10.811478721039256, 53.886325414183034 ], [ 10.814631796086191, 53.888061422885983 ], [ 10.817368651002836, 53.889960101824357 ], [ 10.819292085293242, 53.892694058150589 ], [ 10.822768966945592, 53.892949263810195 ], [ 10.825541755252484, 53.892636041713658 ], [ 10.827924308191205, 53.892757368426238 ], [ 10.830034504753257, 53.894064962356126 ], [ 10.832259810510863, 53.894316470064489 ], [ 10.834096770934707, 53.895949366568026 ], [ 10.837327914608421, 53.89619562285209 ], [ 10.842381197614509, 53.89476883766136 ], [ 10.845625077826691, 53.895694593785493 ], [ 10.848030848629937, 53.896935684434816 ], [ 10.849489077314926, 53.898211579163082 ], [ 10.849589147570775, 53.898430931492648 ], [ 10.849640182567208, 53.90160345189787 ], [ 10.849342015831906, 53.90462036092817 ], [ 10.856470899131166, 53.904302948421964 ], [ 10.857914058095655, 53.90556718425082 ], [ 10.859690374681195, 53.90858211673244 ], [ 10.863682455595352, 53.91016219430054 ], [ 10.868116535355417, 53.912260403798015 ], [ 10.875461566834957, 53.914529953492909 ], [ 10.876723539662231, 53.917816776549778 ], [ 10.878014453246704, 53.920815365719534 ], [ 10.880060831167683, 53.923919885370609 ], [ 10.885143555176233, 53.925163485747113 ], [ 10.887986593206511, 53.923333443740553 ], [ 10.888769327362162, 53.922086059235141 ], [ 10.889549384282351, 53.920793101806176 ], [ 10.894211743613784, 53.91813795168995 ], [ 10.899035121938644, 53.917576573424888 ], [ 10.902267106793675, 53.91760748435938 ], [ 10.902568218464863, 53.915955761275818 ], [ 10.90573022173675, 53.915658390028121 ], [ 10.909628173155248, 53.91568157023206 ], [ 10.911826250582312, 53.914559422970896 ], [ 10.910316668074842, 53.913014754258128 ], [ 10.908553292244578, 53.911845942881293 ], [ 10.906079973238034, 53.909887567648326 ], [ 10.90222660807173, 53.907921020602309 ], [ 10.901708869431035, 53.904319995527814 ], [ 10.903540343718774, 53.901822264935909 ], [ 10.906159101051937, 53.900165034967884 ], [ 10.908893894054863, 53.89885464668788 ], [ 10.91170220646698, 53.897614715430372 ], [ 10.920903516999864, 53.899186558864585 ], [ 10.92607085977688, 53.899650942088748 ], [ 10.92970686918065, 53.900488130196067 ], [ 10.9315694267988, 53.900417155670382 ], [ 10.935821555210712, 53.90032213553414 ], [ 10.942743773670633, 53.903896531978297 ], [ 10.948082458424015, 53.904021368969723 ], [ 10.951711743627227, 53.905507964932966 ], [ 10.957219683459337, 53.909786526939484 ], [ 10.960599744517021, 53.90917637173991 ], [ 10.962775732881914, 53.907585613466864 ], [ 10.965800778398085, 53.906875057375004 ], [ 10.968776078184932, 53.909024328020635 ], [ 10.966291263741773, 53.912309568143854 ], [ 10.964377524798923, 53.913439001076398 ], [ 10.960506499785694, 53.914633136005733 ], [ 10.953384192784009, 53.912857070334631 ], [ 10.949115321849783, 53.912926536846264 ], [ 10.946865506949532, 53.913788018368642 ], [ 10.942608849875196, 53.916712949167092 ], [ 10.938704830583948, 53.918969753155707 ], [ 10.93624924063357, 53.919698345558452 ], [ 10.929972470687993, 53.918120445773425 ], [ 10.924790457071039, 53.921697746425593 ], [ 10.920020023239335, 53.922122527831142 ], [ 10.913640571618339, 53.923935831711447 ], [ 10.909540226654373, 53.923801301874619 ], [ 10.902479064854763, 53.923706696382233 ], [ 10.8978340056108, 53.922438259546198 ], [ 10.89493993138788, 53.926225029181403 ], [ 10.894880648548881, 53.929323994297995 ], [ 10.894819927437462, 53.932528941829631 ], [ 10.895776667860863, 53.93601581426482 ], [ 10.897227194427712, 53.938154140928347 ], [ 10.903514717298572, 53.942590800892788 ], [ 10.907220961924768, 53.945362001035249 ], [ 10.908474232320165, 53.946555535732443 ], [ 10.908774830782201, 53.947929922575469 ], [ 10.907853387180518, 53.949987780628746 ], [ 10.906748940293324, 53.951654171767849 ], [ 10.904515895571052, 53.954381232349007 ], [ 10.903786270245238, 53.956702319840716 ], [ 10.905698256499956, 53.957076009430246 ], [ 10.908133378776638, 53.957611895150784 ], [ 10.914954719869801, 53.959437356497155 ], [ 10.933494304598804, 53.964946399214881 ], [ 10.940433756472858, 53.967933020919155 ], [ 10.945998789979623, 53.970528256004094 ], [ 10.950460358238637, 53.973915070497924 ], [ 10.958798449951612, 53.977060304786676 ], [ 10.97197953613477, 53.983281567568056 ], [ 10.984879610674126, 53.988550172000629 ], [ 10.996585378326706, 53.991565410199122 ], [ 11.006732995536865, 53.99481586164805 ], [ 11.017272534943567, 53.999076380371612 ], [ 11.028199203484283, 54.003120736786599 ], [ 11.038958760935557, 54.005931512134296 ], [ 11.050646181778557, 54.008059601590354 ], [ 11.061329532368172, 54.008818710317847 ], [ 11.070287529803684, 54.009399353417756 ], [ 11.075541859536703, 54.010473523013609 ], [ 11.079148539024983, 54.011460361330023 ], [ 11.083753961552283, 54.011794321240281 ], [ 11.087059251819694, 54.01312977773442 ], [ 11.092066001139559, 54.013663565213612 ], [ 11.096395157983912, 54.013840981654532 ], [ 11.103313228437727, 54.013353047898832 ], [ 11.11605540457699, 54.011455783332629 ], [ 11.127457893589426, 54.011151326058226 ], [ 11.13180179497299, 54.010885238464589 ], [ 11.143939352493172, 54.009451689963448 ], [ 11.149745675930463, 54.010147262723599 ], [ 11.156948884574961, 54.012309276129656 ], [ 11.164950221626498, 54.013410981684331 ], [ 11.172232845439163, 54.014465792259699 ], [ 11.179170803645892, 54.014986424050647 ], [ 11.183307798228425, 54.01440186077113 ], [ 11.187876626104078, 54.012121925498384 ], [ 11.190392826307253, 54.010353512400314 ], [ 11.192777147509258, 54.006032452401257 ], [ 11.193144018770679, 54.001246525724028 ], [ 11.195652811982569, 53.998123697451973 ], [ 11.199449566507617, 53.994763630923991 ], [ 11.200265450633696, 53.992598846824698 ], [ 11.203274611132413, 53.9904874270064 ], [ 11.208900203850607, 53.987933144939042 ], [ 11.218972431343152, 53.984263945150914 ], [ 11.229670954121749, 53.982332243975797 ], [ 11.237197901433682, 53.982143701406535 ], [ 11.239546671000472, 53.982458668825934 ], [ 11.241615169778848, 53.982965923685526 ], [ 11.248187573063809, 53.986950239880869 ], [ 11.253210923707803, 53.987778426331424 ], [ 11.257835648689442, 53.985435854413012 ], [ 11.260534358572206, 53.982719499175644 ], [ 11.258525311476093, 53.979350226969757 ], [ 11.256738177769259, 53.976875282795596 ], [ 11.254585916963729, 53.974868390485483 ], [ 11.252526077091478, 53.97341348456014 ], [ 11.250377174098464, 53.973938658920069 ], [ 11.248173385645829, 53.974079386938847 ], [ 11.24624446612613, 53.972924048444398 ], [ 11.245223830137119, 53.970051506262344 ], [ 11.243596366354746, 53.963892153900069 ], [ 11.241308048359638, 53.953124313631569 ], [ 11.241409004903959, 53.949814671118951 ], [ 11.243040590607272, 53.947422996301803 ], [ 11.2440711764479, 53.944929475294614 ], [ 11.245187590243502, 53.943334132068905 ], [ 11.246739891330039, 53.94142987598552 ], [ 11.24826344503248, 53.940469913952633 ], [ 11.252203569920157, 53.93745543365484 ], [ 11.25967565218995, 53.934035745680767 ], [ 11.26824598500656, 53.93138393521339 ], [ 11.272812806278941, 53.930486243045578 ], [ 11.281267981470741, 53.929990376241342 ], [ 11.286297007076422, 53.930430898033698 ], [ 11.290473917038531, 53.931895576726042 ], [ 11.293863538730481, 53.933998755450467 ], [ 11.298875747812419, 53.936585490664712 ], [ 11.305455341747242, 53.938826516950293 ], [ 11.311789532379072, 53.940761559404663 ], [ 11.31597206333592, 53.942679899138504 ], [ 11.318411866193664, 53.945524226217742 ], [ 11.32004706477194, 53.947813466590333 ], [ 11.321783675639516, 53.950424739103461 ], [ 11.324609069384746, 53.954126948962312 ], [ 11.32687447918806, 53.957439601782852 ], [ 11.330671104928946, 53.959020549234587 ], [ 11.336725618094407, 53.958357376872236 ], [ 11.33945925191817, 53.955833321371919 ], [ 11.342647491505936, 53.951629410176416 ], [ 11.346148421478564, 53.947522754341854 ], [ 11.350352542355871, 53.943146596369687 ], [ 11.361290336550619, 53.937643515786199 ], [ 11.362936061432594, 53.936085255652124 ], [ 11.366818623266532, 53.93483375506225 ], [ 11.369635125271438, 53.934829484233056 ], [ 11.371199531049493, 53.935098313202737 ], [ 11.377372857465373, 53.936197349949104 ], [ 11.382772444359224, 53.937488591020667 ], [ 11.386450134899645, 53.939127035432001 ], [ 11.390124258790348, 53.939078849322669 ], [ 11.396243997579568, 53.937272667480208 ], [ 11.401690391901031, 53.936427786182115 ], [ 11.405662535669443, 53.935766555088072 ], [ 11.407348954812797, 53.934614584826171 ], [ 11.406718248060088, 53.933723884021227 ], [ 11.404411375443321, 53.932283458214798 ], [ 11.401141655747564, 53.925720011102797 ], [ 11.402969427651644, 53.92280088799663 ], [ 11.400609575645147, 53.922835018551865 ], [ 11.395267156380781, 53.92229094721651 ], [ 11.395136911188024, 53.924018950842488 ], [ 11.394429216611837, 53.924865691727668 ], [ 11.390912188609217, 53.920927122719029 ], [ 11.392679819340572, 53.920041107891038 ], [ 11.391564611532194, 53.917524361177996 ], [ 11.393615035270511, 53.916227771386843 ], [ 11.393057590271948, 53.914216942028247 ], [ 11.395497190072943, 53.913745783627867 ], [ 11.391801104620191, 53.901049520460461 ], [ 11.390519796941176, 53.893541130349313 ], [ 11.386489951668064, 53.887920241167649 ], [ 11.381776558146703, 53.876709214308185 ], [ 11.363362466885722, 53.878786878073228 ], [ 11.36031269466398, 53.877490720485852 ], [ 11.360048170887103, 53.873463689716097 ], [ 11.348776848059101, 53.871920397208179 ], [ 11.35217066458946, 53.866451525713309 ], [ 11.350926087718285, 53.864021267294419 ], [ 11.354112624243374, 53.862567914155726 ], [ 11.350311281793692, 53.860910953777314 ], [ 11.347051107558173, 53.858870605812619 ], [ 11.343677010673083, 53.852177218831756 ], [ 11.342151417276638, 53.849943734716632 ], [ 11.340304959088854, 53.849647455925975 ], [ 11.338326088064282, 53.85032184110522 ], [ 11.33576384948759, 53.85088787776597 ], [ 11.333179525904635, 53.850192236743098 ], [ 11.330161205222172, 53.850817980361548 ], [ 11.326082054107513, 53.85200799723227 ], [ 11.323532031317406, 53.851408410845501 ], [ 11.316373169895755, 53.85460660360377 ], [ 11.316730607305466, 53.852306619042672 ], [ 11.316390256179478, 53.850263739193487 ], [ 11.315238456948423, 53.850284444868265 ], [ 11.313189664162673, 53.850502962309832 ], [ 11.305966559389859, 53.851544612323238 ], [ 11.303701256772989, 53.851227705772509 ], [ 11.302462958093807, 53.850511734003931 ], [ 11.306467005450974, 53.84349028137553 ], [ 11.295986063956528, 53.843042701143965 ], [ 11.292448774906481, 53.838283969728224 ], [ 11.293661505155489, 53.836953129830967 ], [ 11.298671484940368, 53.836044477312946 ], [ 11.300361839635823, 53.831965417698079 ], [ 11.300442443079872, 53.819127932868433 ], [ 11.296209895316764, 53.82047497655455 ], [ 11.28911150331726, 53.813601663860645 ], [ 11.287122739890146, 53.807616193906235 ], [ 11.2938792937499, 53.806216660031126 ], [ 11.293540667321491, 53.803646315030406 ], [ 11.304688851994463, 53.805141903964028 ], [ 11.308762770674438, 53.797861994997589 ], [ 11.310110857004451, 53.792592943815983 ], [ 11.310747187445257, 53.78782732069655 ], [ 11.313759341915748, 53.783790089445205 ], [ 11.314244089748355, 53.782101019168927 ], [ 11.317927684069126, 53.775398677624189 ], [ 11.318625659370346, 53.77122457207151 ], [ 11.321110455580586, 53.766909053654054 ], [ 11.321906747346242, 53.765359804137034 ], [ 11.321597989897917, 53.763841137539195 ], [ 11.321885782306984, 53.762034624081743 ], [ 11.321214003589438, 53.761455138266953 ], [ 11.316900897457431, 53.762907557399657 ], [ 11.315392624972011, 53.764944021929054 ], [ 11.305090406651326, 53.764943603388716 ], [ 11.300286079302737, 53.763518604256667 ], [ 11.295009090517063, 53.764267365197725 ], [ 11.290706036837035, 53.764132541145187 ], [ 11.292716967365562, 53.76262384259455 ], [ 11.293015484154727, 53.759223619808033 ], [ 11.293614886966045, 53.754981282222175 ], [ 11.296219127528547, 53.750212980798985 ], [ 11.288228886805955, 53.75020580800296 ], [ 11.281360090405489, 53.761372739624235 ], [ 11.264546765982638, 53.756859813468431 ], [ 11.264009457499821, 53.758279125440069 ], [ 11.262078676278755, 53.760111588780916 ], [ 11.260413287394964, 53.761422585862391 ], [ 11.259481000224326, 53.763161654487817 ], [ 11.258917126951737, 53.76576531015008 ], [ 11.254207420828047, 53.766471781677794 ], [ 11.249556311231085, 53.764031281183598 ], [ 11.247793689384695, 53.765223548756545 ], [ 11.247245269413391, 53.768876078857453 ], [ 11.246496324915539, 53.771082151132575 ], [ 11.24189611311612, 53.770791733281392 ], [ 11.238264952801437, 53.77029944113044 ], [ 11.236220314498993, 53.773300092696601 ], [ 11.234818644293634, 53.775247818546895 ], [ 11.232894455274105, 53.776302840880994 ], [ 11.228492424701765, 53.774339790310449 ], [ 11.225010454294155, 53.77205866449831 ], [ 11.220317047142847, 53.770839992260335 ], [ 11.212604089902353, 53.770668407480528 ], [ 11.205495225336712, 53.773459696067093 ], [ 11.206690099647515, 53.774576240301101 ], [ 11.201211115462073, 53.776978939447922 ], [ 11.199710582103243, 53.776484796649164 ], [ 11.190335939374386, 53.778954558614927 ], [ 11.188667610780149, 53.78218123995417 ], [ 11.184760181122561, 53.782723608867862 ], [ 11.186365564130439, 53.786271713439668 ], [ 11.184947630505853, 53.789489785659143 ], [ 11.182865865847914, 53.794613794412534 ], [ 11.180240192642446, 53.794523890307964 ], [ 11.178247777780161, 53.794034244362216 ], [ 11.176172400318336, 53.792459342094098 ], [ 11.170390487388278, 53.790245541902188 ], [ 11.170872090391239, 53.787144489880198 ], [ 11.165067644621832, 53.785684338062573 ], [ 11.165337813535487, 53.783547234739466 ], [ 11.164839498618969, 53.779016479863444 ], [ 11.16372710762079, 53.776010280583037 ], [ 11.160843769535234, 53.773610607853229 ], [ 11.158703238740072, 53.772140748642684 ], [ 11.155998511127445, 53.769652434351023 ], [ 11.149183533370751, 53.768937672613561 ], [ 11.146710930008817, 53.765492705432315 ], [ 11.144068473187547, 53.760762162070911 ], [ 11.142953361339599, 53.756507197399436 ], [ 11.139512883263128, 53.755291782630152 ], [ 11.136655671158131, 53.754446967084995 ], [ 11.135317355839241, 53.751871547061441 ], [ 11.135132628871522, 53.750690420545105 ], [ 11.135003184285317, 53.74944257309518 ], [ 11.133750167747337, 53.749340326706452 ], [ 11.127166150890647, 53.748394731754651 ], [ 11.122947546088362, 53.747186828477957 ], [ 11.117552801577551, 53.746490523314193 ], [ 11.113346992344056, 53.744290941163584 ], [ 11.095093247426467, 53.750658342447082 ], [ 11.093161533160277, 53.747955491581081 ], [ 11.08784814503324, 53.74264406081403 ], [ 11.088584089976049, 53.738927222726588 ], [ 11.084990669442977, 53.737038649815972 ], [ 11.080649508252439, 53.734231825901077 ], [ 11.072406359868978, 53.731513434745501 ], [ 11.075565294812835, 53.728520053179984 ], [ 11.076259584010883, 53.72581531804888 ], [ 11.079855008661779, 53.723031299145212 ], [ 11.083246684625472, 53.718775899816741 ], [ 11.075003527443519, 53.717367521642885 ], [ 11.070401833316062, 53.714446184623263 ], [ 11.06192498614516, 53.711073739290697 ], [ 11.061730374996635, 53.70732096111292 ], [ 11.064725534497969, 53.705144922481267 ], [ 11.062755885394205, 53.701081929764058 ], [ 11.057621357236362, 53.700387025967622 ], [ 11.053373980086446, 53.699604304625147 ], [ 11.050028589833282, 53.699493736991002 ], [ 11.046396366575561, 53.700208958204392 ], [ 11.043948371680267, 53.70162353438058 ], [ 11.032411841159911, 53.698855080485053 ], [ 11.030080197526493, 53.699682124444884 ], [ 11.025396868211628, 53.700335678127075 ], [ 11.02294585089555, 53.701354599337265 ], [ 11.02136231666079, 53.703433705881373 ], [ 11.019397052044921, 53.703568534848273 ], [ 11.016064982778872, 53.704397178941726 ], [ 11.015225667477367, 53.70642042852068 ], [ 11.01624709767108, 53.70818512314041 ], [ 11.015785114098563, 53.709644813140486 ], [ 11.017964965174404, 53.71177059022213 ], [ 11.017794111376062, 53.713562573619413 ], [ 11.017612555338298, 53.715479150752934 ], [ 11.016365668493611, 53.719478988976832 ], [ 11.015170482136298, 53.722606801022252 ], [ 11.016344425202215, 53.724288258509652 ], [ 11.018829495416217, 53.7254595967512 ], [ 11.018067963342977, 53.726654811107807 ], [ 11.01711558671046, 53.727583909876479 ], [ 11.014931973138427, 53.728922890788567 ], [ 11.00389780440983, 53.729371221444296 ], [ 10.991212983763003, 53.728130668061993 ], [ 10.983163520001369, 53.727474861894684 ], [ 10.982362825842975, 53.725716138088906 ], [ 10.981260508214817, 53.723625912750293 ], [ 10.979694473026111, 53.721908513036951 ], [ 10.977143570307204, 53.720347283519892 ], [ 10.971876235624997, 53.719099217225818 ], [ 10.970606127405008, 53.717433837958822 ], [ 10.969201640169048, 53.716926103650636 ], [ 10.966657608935883, 53.716542667241761 ], [ 10.966239528576946, 53.715617037216084 ], [ 10.96355215444259, 53.715137553214959 ], [ 10.960461456790053, 53.713884671412323 ], [ 10.957462699857194, 53.712121150701414 ] ] ] } },
{ "type": "Feature", "properties": { "wkr": 28, "wkr_name": "Nordwestmecklenburg II" }, "geometry": { "type": "MultiPolygon", "coordinates": [ [ [ [ 11.454253901037177, 53.875482197624677 ], [ 11.453112946416136, 53.873895740156286 ], [ 11.450550989196865, 53.874191609881855 ], [ 11.451884228427705, 53.876316940104566 ], [ 11.454253901037177, 53.875482197624677 ] ] ], [ [ [ 11.477577964791315, 53.962857476170846 ], [ 11.477727389728036, 53.961610135350639 ], [ 11.476702271216199, 53.961637100391371 ], [ 11.475902478857531, 53.96245420843811 ], [ 11.475260178654578, 53.963551339507028 ], [ 11.476041182923181, 53.963843394288858 ], [ 11.477251836327865, 53.96371026153038 ], [ 11.477577964791315, 53.962857476170846 ] ] ], [ [ [ 11.468523357692947, 53.964432937299264 ], [ 11.468002387576881, 53.963500840171477 ], [ 11.466245394590096, 53.963700915866326 ], [ 11.465951582748398, 53.964919986919348 ], [ 11.46701163708031, 53.967419920879408 ], [ 11.469073088543231, 53.968287003005415 ], [ 11.470180272978043, 53.968334959415266 ], [ 11.469903628406884, 53.966908705968045 ], [ 11.468523357692947, 53.964432937299264 ] ] ], [ [ [ 11.494960170492783, 54.025533513379017 ], [ 11.494647501426964, 54.024605546795655 ], [ 11.491352348659722, 54.025363134793153 ], [ 11.489099952783757, 54.024833866617868 ], [ 11.487073168776694, 54.024739968296267 ], [ 11.487735760133734, 54.026156024866481 ], [ 11.491996650339004, 54.028896781600317 ], [ 11.493322904571894, 54.030471309929005 ], [ 11.495477936578796, 54.031711576424925 ], [ 11.496775268671282, 54.031392655363298 ], [ 11.497795028457784, 54.031037584150376 ], [ 11.498890096249529, 54.0297915207993 ], [ 11.496604177576923, 54.029244158708764 ], [ 11.495690830782692, 54.027596891155099 ], [ 11.494960170492783, 54.025533513379017 ] ] ], [ [ [ 11.535437717254414, 54.027160123151646 ], [ 11.538522049235324, 54.025578688402462 ], [ 11.543354854100883, 54.024892160366768 ], [ 11.549012354957608, 54.025412952069146 ], [ 11.555126525513444, 54.026463144758672 ], [ 11.559965284103537, 54.027515131903286 ], [ 11.562249571615281, 54.028213517788537 ], [ 11.569861020063854, 54.024225987300511 ], [ 11.579189365616784, 54.019244669250732 ], [ 11.575392645165534, 54.017671730040057 ], [ 11.580676122751781, 54.012568358098981 ], [ 11.580293509164362, 54.009631273972914 ], [ 11.580232520117528, 54.00845175441583 ], [ 11.580338137990204, 54.007659819501313 ], [ 11.580807709603439, 54.006782159249184 ], [ 11.581502715207012, 54.006233898905911 ], [ 11.583691592620823, 54.005534640228589 ], [ 11.585439549406571, 54.005112622184178 ], [ 11.586582023080258, 54.004658906788549 ], [ 11.587130891261115, 54.004332239666532 ], [ 11.587730390486595, 54.0037717876478 ], [ 11.588272075421209, 54.002906883923913 ], [ 11.58859885294738, 54.001934752377458 ], [ 11.588753127980308, 54.000693310287694 ], [ 11.588471777019414, 53.999782289621422 ], [ 11.587306988893092, 53.998227346942237 ], [ 11.585521525001337, 53.995599243908927 ], [ 11.585353216933434, 53.994108943696375 ], [ 11.58215834095374, 53.993479734739189 ], [ 11.582661495203702, 53.989259378330637 ], [ 11.584240274280017, 53.988964955297391 ], [ 11.585062408744356, 53.988595526821349 ], [ 11.586713745850938, 53.987088812655429 ], [ 11.587728035102462, 53.986655880534933 ], [ 11.588766800530506, 53.986619710249514 ], [ 11.590416331406239, 53.986812196541386 ], [ 11.592664865587443, 53.987314731791365 ], [ 11.594122229123096, 53.987411354698125 ], [ 11.595228456903657, 53.987361516042952 ], [ 11.597912995283755, 53.986699123165373 ], [ 11.604532051513194, 53.985672222381524 ], [ 11.607059147278251, 53.986050956893713 ], [ 11.60829432682341, 53.986026684828417 ], [ 11.61119141999489, 53.985570536571167 ], [ 11.614139031306232, 53.986004043418717 ], [ 11.614267016024437, 53.989385001428509 ], [ 11.612597535569256, 53.9900841176988 ], [ 11.610304164163518, 53.991523997355571 ], [ 11.60950731605444, 53.992234350176687 ], [ 11.609350455557394, 53.992686991677083 ], [ 11.609615573935088, 53.993207608478997 ], [ 11.610821053625084, 53.993679409554652 ], [ 11.61273829382657, 53.993918797243644 ], [ 11.613208162922732, 53.993798583408015 ], [ 11.61403813302012, 53.992864178252368 ], [ 11.61847129344342, 53.990744177120618 ], [ 11.623209683657427, 53.992792287954167 ], [ 11.63108574507738, 53.989507247136096 ], [ 11.639050889658645, 53.988607476045253 ], [ 11.645124106614203, 53.987844458273436 ], [ 11.647989470624116, 53.987499302663622 ], [ 11.648704852765505, 53.987367518082337 ], [ 11.649083844827938, 53.98721937561281 ], [ 11.649404801209901, 53.987062688392662 ], [ 11.649764740578108, 53.986616141333485 ], [ 11.650171380053985, 53.986122770216305 ], [ 11.650650218942648, 53.985820817319485 ], [ 11.651412880349451, 53.985613001644516 ], [ 11.652246893689012, 53.985455106632891 ], [ 11.653974084593729, 53.985225068672669 ], [ 11.654432110009086, 53.985133752785771 ], [ 11.657826993858038, 53.984415081327477 ], [ 11.657218667021811, 53.98234231865095 ], [ 11.658186999390027, 53.981626220936775 ], [ 11.658914802495961, 53.981072247680054 ], [ 11.659369222924301, 53.980655545829322 ], [ 11.659583769828304, 53.980414538637596 ], [ 11.659743818491782, 53.980045126946806 ], [ 11.659788137851367, 53.979560345908311 ], [ 11.659715895233827, 53.979000614618876 ], [ 11.659473671014045, 53.978370040511507 ], [ 11.65913617356448, 53.977741026562953 ], [ 11.65855916818141, 53.97707878845889 ], [ 11.658155713173244, 53.976885046585018 ], [ 11.657552460886295, 53.976763918288142 ], [ 11.65597544562578, 53.976568387048012 ], [ 11.651892504796683, 53.976145548065908 ], [ 11.651633805071548, 53.97357471999478 ], [ 11.653864171982175, 53.973305657770922 ], [ 11.655072650006709, 53.973080828961777 ], [ 11.656379787008763, 53.972690508096612 ], [ 11.657135305923559, 53.97244666882802 ], [ 11.657859235207122, 53.972072338913136 ], [ 11.658057067258541, 53.971900834366608 ], [ 11.658257506529566, 53.971419423252932 ], [ 11.658379023173749, 53.971069947909207 ], [ 11.658559803472494, 53.970801748881406 ], [ 11.658913320023153, 53.970669393503044 ], [ 11.659430883797965, 53.970677755438771 ], [ 11.659897358638311, 53.970777678646421 ], [ 11.660908026984309, 53.97108812330854 ], [ 11.661850430560934, 53.971384595216655 ], [ 11.662362902523402, 53.971471363643566 ], [ 11.662758877110669, 53.971480937333915 ], [ 11.663084242298215, 53.971404662559017 ], [ 11.663410900697395, 53.97126551276866 ], [ 11.663670524356988, 53.971051769992698 ], [ 11.663898222916153, 53.970723260704517 ], [ 11.664048521952324, 53.970268430752157 ], [ 11.664284893813033, 53.96951776544536 ], [ 11.664478855443152, 53.969162063703337 ], [ 11.664674730024226, 53.968898454567942 ], [ 11.666851732545071, 53.967128547329722 ], [ 11.670142787720154, 53.964756097702136 ], [ 11.677771193746139, 53.962169161637732 ], [ 11.673307009104807, 53.960243706668905 ], [ 11.671961043336633, 53.959762554975626 ], [ 11.671206177422157, 53.959346684975038 ], [ 11.670412093922257, 53.958779125658822 ], [ 11.668504492275501, 53.957087932827946 ], [ 11.666924027697233, 53.955172525344388 ], [ 11.670090801685001, 53.950407017895358 ], [ 11.669925222365825, 53.948636172068518 ], [ 11.667494904377888, 53.947412733199954 ], [ 11.673202887320176, 53.944376597744181 ], [ 11.674530017211977, 53.942018919115029 ], [ 11.67527542109144, 53.941109523153244 ], [ 11.675624616104997, 53.940595439488625 ], [ 11.67576319238702, 53.940163602009221 ], [ 11.675688745492385, 53.939684076503283 ], [ 11.675467725388446, 53.93913228548849 ], [ 11.674873110329415, 53.93789122846534 ], [ 11.674348769413362, 53.935978495989694 ], [ 11.677479813162, 53.935598764061197 ], [ 11.680700367109488, 53.935075905502387 ], [ 11.686723668692983, 53.934348825709755 ], [ 11.688726882646009, 53.936577154628324 ], [ 11.689972315230609, 53.93883164541819 ], [ 11.690213262736988, 53.93915671775575 ], [ 11.690756387209612, 53.939982461641797 ], [ 11.691330012407612, 53.940615270511195 ], [ 11.691716814692814, 53.940880710624228 ], [ 11.692088843432961, 53.941123588873126 ], [ 11.693968299841526, 53.941942825570003 ], [ 11.694549246231563, 53.94220959529472 ], [ 11.695007396023371, 53.942535423500971 ], [ 11.695827511789609, 53.943597352836015 ], [ 11.697270699393437, 53.94627759775306 ], [ 11.697745260908706, 53.946915746625812 ], [ 11.697870885143963, 53.947117177497539 ], [ 11.698587507826149, 53.947652116391822 ], [ 11.699461688335145, 53.948307161031877 ], [ 11.69977181435481, 53.948605738386334 ], [ 11.699838442258587, 53.948895910206531 ], [ 11.699733637094434, 53.949384789284629 ], [ 11.699251110618848, 53.950106895260745 ], [ 11.698357324665961, 53.951023813671085 ], [ 11.697906910403445, 53.951610678961096 ], [ 11.697057170551121, 53.952849750376828 ], [ 11.697036744725906, 53.95330551849684 ], [ 11.697151663119474, 53.953463517973297 ], [ 11.697271510474264, 53.953510822475266 ], [ 11.697543800337655, 53.953659355215265 ], [ 11.697986764683462, 53.953788164450742 ], [ 11.698639839051781, 53.953882479654922 ], [ 11.699633266077164, 53.953902764286973 ], [ 11.700801828227892, 53.953924238872112 ], [ 11.701780923759401, 53.954027093786067 ], [ 11.702924996962258, 53.954392407069662 ], [ 11.704224287965847, 53.954933533327257 ], [ 11.705131596225932, 53.955269851824383 ], [ 11.705771928469659, 53.955433663363536 ], [ 11.706284963059886, 53.95548655952895 ], [ 11.707242853386223, 53.955573915732245 ], [ 11.708895580700409, 53.955569400909674 ], [ 11.71069810712055, 53.955498500043788 ], [ 11.714676817487703, 53.955262539887443 ], [ 11.721017016472134, 53.955924889090859 ], [ 11.725845106214638, 53.956265234750681 ], [ 11.727825258363795, 53.956076466903284 ], [ 11.731084822435824, 53.955489414873647 ], [ 11.731770780075781, 53.953045979480571 ], [ 11.736564379211282, 53.955693934094988 ], [ 11.739809033594529, 53.95728287254849 ], [ 11.741186752220576, 53.957816296161823 ], [ 11.742316878455062, 53.958181878809711 ], [ 11.746478196705256, 53.959353089046395 ], [ 11.747420598978355, 53.959669104830716 ], [ 11.748308539681396, 53.960047646734679 ], [ 11.748656268084362, 53.960395752276746 ], [ 11.748822240545346, 53.96089315969602 ], [ 11.748876517123545, 53.961663844046448 ], [ 11.748837214960814, 53.963657212749432 ], [ 11.741021445353185, 53.96895156755113 ], [ 11.744203029719266, 53.970882142996928 ], [ 11.74578062725714, 53.973936945224139 ], [ 11.749869795328928, 53.971994514463319 ], [ 11.75993912785486, 53.973006341278072 ], [ 11.76393620153749, 53.977332668006234 ], [ 11.767499398419146, 53.976153816907171 ], [ 11.77086550844329, 53.974989259131682 ], [ 11.775052793978366, 53.97475730117506 ], [ 11.781865897044881, 53.974341564196997 ], [ 11.785510609482651, 53.973344768303633 ], [ 11.788940870048533, 53.971225684631769 ], [ 11.794038456251696, 53.969451159419144 ], [ 11.797532338806906, 53.968749161058305 ], [ 11.798886836276465, 53.968445987624492 ], [ 11.800153571340505, 53.968068929887956 ], [ 11.801499195386407, 53.967606015725089 ], [ 11.80393413664847, 53.966636383750348 ], [ 11.804461573901065, 53.965961306631769 ], [ 11.797995438657399, 53.962613852004196 ], [ 11.798669534819419, 53.958476471546135 ], [ 11.79596150114515, 53.957184336149602 ], [ 11.79520943943483, 53.95620954754861 ], [ 11.79928583630298, 53.956106336689231 ], [ 11.796782820785232, 53.95204396321936 ], [ 11.79404095005969, 53.947952100419165 ], [ 11.792859429641705, 53.945823686574059 ], [ 11.792800705129981, 53.945498793043903 ], [ 11.79294879909518, 53.945084201175938 ], [ 11.793223518200922, 53.94461762022317 ], [ 11.793840173380083, 53.943524218338688 ], [ 11.794223296894332, 53.942947098844101 ], [ 11.794652414883128, 53.942570141592668 ], [ 11.795081512132599, 53.942349444640428 ], [ 11.792147447291811, 53.94098854492826 ], [ 11.794032541389983, 53.939035831849914 ], [ 11.794069451815798, 53.938227531513128 ], [ 11.79397011676679, 53.93781143791076 ], [ 11.793803398727057, 53.937508411852491 ], [ 11.793511176470496, 53.937280868775069 ], [ 11.792524452754778, 53.93689532327506 ], [ 11.7919545869066, 53.93661561543982 ], [ 11.7916645559517, 53.936440918083633 ], [ 11.791549981059982, 53.93621900758329 ], [ 11.791411289180509, 53.935687001509763 ], [ 11.791456367042757, 53.935067407271966 ], [ 11.791957551347455, 53.93253164290639 ], [ 11.799167523195258, 53.929889053831452 ], [ 11.800647438807369, 53.929695928922847 ], [ 11.801739306322798, 53.927399095621723 ], [ 11.803064676602251, 53.9244559100648 ], [ 11.804014369735293, 53.922330220341173 ], [ 11.804623136766347, 53.920555095130418 ], [ 11.804840961522682, 53.919610866815248 ], [ 11.80492759530547, 53.918716879984736 ], [ 11.804859611649579, 53.918521711357933 ], [ 11.804509626901757, 53.918297277438725 ], [ 11.803896425460239, 53.91811394250287 ], [ 11.802709377981616, 53.917893483035513 ], [ 11.802103486035685, 53.917691445099329 ], [ 11.80139096995935, 53.912923545161213 ], [ 11.791027434940654, 53.914071092817856 ], [ 11.78904835159633, 53.910234195756509 ], [ 11.794764307027959, 53.909917295924153 ], [ 11.795704175543014, 53.909393264998513 ], [ 11.796411384597564, 53.908970812382321 ], [ 11.796743990085059, 53.908653899995372 ], [ 11.796810963450461, 53.908332442652288 ], [ 11.796706588239713, 53.90817754134487 ], [ 11.796309266233743, 53.908058356458966 ], [ 11.795412747631969, 53.907992302244914 ], [ 11.79474826916619, 53.907925399250026 ], [ 11.794431757501759, 53.907780878838494 ], [ 11.7937760437654, 53.907400709352032 ], [ 11.793281321917089, 53.906977726806325 ], [ 11.79305083685227, 53.906670885956473 ], [ 11.792981876391995, 53.906298698215252 ], [ 11.793159189468126, 53.905907933570454 ], [ 11.793694935103789, 53.905282325119948 ], [ 11.794394035365315, 53.904666686338459 ], [ 11.795025402483235, 53.904007961468345 ], [ 11.795313627256689, 53.903616669202577 ], [ 11.795418686196459, 53.903290634666305 ], [ 11.795438335535472, 53.903004288957177 ], [ 11.7953316452738, 53.902576921065403 ], [ 11.795092484521041, 53.902112817787582 ], [ 11.794727840555231, 53.901647955210485 ], [ 11.79421002585363, 53.901134107004395 ], [ 11.793599031464471, 53.900731528957849 ], [ 11.792603661449203, 53.900235887178674 ], [ 11.791317205014382, 53.899641894871372 ], [ 11.790630908364164, 53.899307574195646 ], [ 11.790206441569378, 53.899006285939009 ], [ 11.7898906762448, 53.898677410653839 ], [ 11.789350670857951, 53.897925284466041 ], [ 11.788899623719093, 53.896970269846115 ], [ 11.788578340629758, 53.895989094019399 ], [ 11.788428472323472, 53.895208848990279 ], [ 11.788406895820708, 53.894485534053523 ], [ 11.788474238408986, 53.893986623172886 ], [ 11.78865475247845, 53.893575205509627 ], [ 11.789143286501655, 53.893034672415304 ], [ 11.789805399234666, 53.892569309012323 ], [ 11.790362069041102, 53.892262760303012 ], [ 11.791183438036926, 53.891980434938333 ], [ 11.791850559937684, 53.891939409525541 ], [ 11.79257075344659, 53.892067304151908 ], [ 11.793804959290787, 53.892373488565589 ], [ 11.794514111468173, 53.892481091549634 ], [ 11.794922651137703, 53.892446157782416 ], [ 11.795908228575334, 53.892336792625485 ], [ 11.79687094657109, 53.892073090048967 ], [ 11.797578584046644, 53.891828057013932 ], [ 11.798035993857317, 53.89154108755163 ], [ 11.798217542389333, 53.891375982218847 ], [ 11.798273516048491, 53.89121685891449 ], [ 11.798281344657644, 53.89098333070956 ], [ 11.797947989198249, 53.890691601521667 ], [ 11.797495585337195, 53.890468777920198 ], [ 11.796393030071794, 53.890026424936217 ], [ 11.795879916188408, 53.889737076130857 ], [ 11.794317700747872, 53.88818238905229 ], [ 11.792113523161543, 53.886183440721027 ], [ 11.79164161495336, 53.88534955086029 ], [ 11.787764384358402, 53.886199452659916 ], [ 11.786672269687889, 53.885628295619327 ], [ 11.784356936031676, 53.884338444020834 ], [ 11.782863366934659, 53.883666733695058 ], [ 11.781570915177671, 53.883207849866878 ], [ 11.780828406098333, 53.8830882454508 ], [ 11.779649392902048, 53.88312140314482 ], [ 11.777441290942166, 53.883307644807431 ], [ 11.776912532793606, 53.883313686856241 ], [ 11.773136823102162, 53.882728594944403 ], [ 11.771347158948311, 53.881419348442428 ], [ 11.768998565403642, 53.880542045241882 ], [ 11.768059363142719, 53.880136392364115 ], [ 11.767435276938256, 53.879764198278153 ], [ 11.766050211474077, 53.878778488363615 ], [ 11.765050882177508, 53.877916515707575 ], [ 11.763745143484115, 53.876587528040766 ], [ 11.762801445259175, 53.875564356487452 ], [ 11.762084323236477, 53.874656975949797 ], [ 11.76165270619785, 53.873935559776349 ], [ 11.761432438291822, 53.873134366653723 ], [ 11.761528864121154, 53.872798348888637 ], [ 11.762015906742372, 53.872345506617862 ], [ 11.763173858217275, 53.871627204843456 ], [ 11.764803884670837, 53.870741534846488 ], [ 11.766130496811206, 53.87015918546517 ], [ 11.770626895559612, 53.868770184224374 ], [ 11.771789121065192, 53.868377661475613 ], [ 11.772529880431524, 53.868052380784633 ], [ 11.773026717234384, 53.867805923266289 ], [ 11.773606724191936, 53.867243560793383 ], [ 11.774075376013956, 53.866633711931762 ], [ 11.774448098930099, 53.866085405773426 ], [ 11.775029786639015, 53.864784140609657 ], [ 11.77546486139399, 53.864034458065554 ], [ 11.775898033922216, 53.86350979725389 ], [ 11.776198819362152, 53.863356249049481 ], [ 11.777068330410376, 53.863175221483097 ], [ 11.777724327588356, 53.863035540159977 ], [ 11.778030363849977, 53.862918398182124 ], [ 11.778182973669233, 53.862785121623304 ], [ 11.778352281835483, 53.862547564957254 ], [ 11.778372095000318, 53.862071553041503 ], [ 11.778127312737476, 53.861219340019922 ], [ 11.777850984553131, 53.860386141698328 ], [ 11.777581849899589, 53.859921819120636 ], [ 11.777298105788415, 53.859570169071247 ], [ 11.776871520785733, 53.859270601225063 ], [ 11.77624557738077, 53.859003953670914 ], [ 11.77539179344708, 53.858673326269553 ], [ 11.773703103637029, 53.858195371122143 ], [ 11.771032529950689, 53.857545396417649 ], [ 11.769335099854679, 53.857078877083325 ], [ 11.768243986435847, 53.856699229883084 ], [ 11.767726643073475, 53.856473779669713 ], [ 11.767238796251865, 53.856189848535593 ], [ 11.76688511099271, 53.855787858413265 ], [ 11.766622836450553, 53.855372965281731 ], [ 11.766248752519513, 53.854838336479439 ], [ 11.765727207745291, 53.854437561628551 ], [ 11.765195625591449, 53.854252276505875 ], [ 11.76380108054024, 53.854063830674953 ], [ 11.763149392445731, 53.853969888992914 ], [ 11.76263931075939, 53.853784577187149 ], [ 11.761641354396248, 53.853336012339781 ], [ 11.760671159248865, 53.852790863358777 ], [ 11.759981156563608, 53.852296890158726 ], [ 11.759577343777524, 53.851941726009223 ], [ 11.759363816808895, 53.851549196893487 ], [ 11.75938069337357, 53.851264461413741 ], [ 11.759736618656792, 53.850907369050041 ], [ 11.760915679102959, 53.850191642768699 ], [ 11.76110059284666, 53.850042001726734 ], [ 11.763376503110464, 53.848538203743217 ], [ 11.766191919037032, 53.846595346376482 ], [ 11.767705046312409, 53.845675121012803 ], [ 11.760663742466942, 53.83334982581902 ], [ 11.771009812639949, 53.830401109265928 ], [ 11.766645561622639, 53.828823915814219 ], [ 11.765030247975172, 53.827163091136747 ], [ 11.759284501555431, 53.826439403551809 ], [ 11.756839754309416, 53.825271658104512 ], [ 11.757510143301035, 53.824022778173209 ], [ 11.76320599350284, 53.824130775930257 ], [ 11.765552772247249, 53.823997514122013 ], [ 11.766174714819657, 53.823904742073132 ], [ 11.767551878816896, 53.823650696449839 ], [ 11.77164800592365, 53.822658939199243 ], [ 11.774283945720736, 53.822264236908318 ], [ 11.775357280191157, 53.822100199490535 ], [ 11.776187858809791, 53.821925666983013 ], [ 11.776842924139883, 53.821692005273377 ], [ 11.777246243062123, 53.821532435312555 ], [ 11.777720758029922, 53.821099655818962 ], [ 11.778594236049969, 53.820106066239823 ], [ 11.781958672542459, 53.81981242167064 ], [ 11.783871083785414, 53.820583274594874 ], [ 11.790429258270935, 53.82232432729387 ], [ 11.793644303357818, 53.822145692908961 ], [ 11.801655492865921, 53.817841545815831 ], [ 11.800694869529135, 53.815875073926868 ], [ 11.799873109068763, 53.815091734207542 ], [ 11.79926435007277, 53.814515372670684 ], [ 11.799004135485143, 53.814197135365092 ], [ 11.79880169163885, 53.813829833276436 ], [ 11.798793143275693, 53.813473973354405 ], [ 11.798959834803536, 53.813237853243457 ], [ 11.79930512065074, 53.813019820639418 ], [ 11.80030216281615, 53.812637243276839 ], [ 11.800959513956224, 53.812367170149415 ], [ 11.801323065568686, 53.812189667709148 ], [ 11.801511834339914, 53.812024595811081 ], [ 11.801598743483195, 53.811871451056028 ], [ 11.801657743916254, 53.811479703405382 ], [ 11.801436850069097, 53.81085850388213 ], [ 11.801037395519103, 53.810249712423754 ], [ 11.800780527505344, 53.809736101920087 ], [ 11.80066876830834, 53.809391804434796 ], [ 11.800724170344314, 53.808890462695196 ], [ 11.801090585274707, 53.808466751904007 ], [ 11.801692980636801, 53.808077310566397 ], [ 11.803105957105062, 53.807326610653398 ], [ 11.803856058716701, 53.806951513905823 ], [ 11.804337224986835, 53.806547861371669 ], [ 11.805016449475612, 53.805875870658753 ], [ 11.805898302092082, 53.804888400372633 ], [ 11.806825454024231, 53.803687826695757 ], [ 11.807413011416756, 53.802822126530522 ], [ 11.807966397845082, 53.801859051519905 ], [ 11.808618731623479, 53.800621494341158 ], [ 11.809149372573872, 53.79952636131236 ], [ 11.809742104083666, 53.798121650953149 ], [ 11.810209240703214, 53.79673865586075 ], [ 11.810414487091595, 53.795587693485615 ], [ 11.810452606527452, 53.794850751141283 ], [ 11.810402295833629, 53.794282723968962 ], [ 11.810230380530969, 53.793452954155036 ], [ 11.809680864916382, 53.792070698015081 ], [ 11.808574486717532, 53.789973182613515 ], [ 11.808022430417038, 53.788734026677943 ], [ 11.804600165857305, 53.79013294995066 ], [ 11.802788280047814, 53.789533798679749 ], [ 11.801205566132303, 53.788488945871649 ], [ 11.799522497719316, 53.787113263041228 ], [ 11.794087752854175, 53.779844049123511 ], [ 11.791979782997148, 53.778400341689853 ], [ 11.794577786481041, 53.776408293240834 ], [ 11.794586171603553, 53.775176484432656 ], [ 11.79444658734673, 53.774350181970526 ], [ 11.794229692665567, 53.77385596360498 ], [ 11.793753338506471, 53.773114174023299 ], [ 11.793573020932389, 53.772796407419143 ], [ 11.793568842431757, 53.77248302117605 ], [ 11.794653107221755, 53.772047213059608 ], [ 11.797646332083577, 53.770838988706807 ], [ 11.793944410412163, 53.769837378692422 ], [ 11.792219196566766, 53.769191192508714 ], [ 11.788508579454771, 53.768483639172572 ], [ 11.786188336822914, 53.769465811922508 ], [ 11.78530124212592, 53.769679366383983 ], [ 11.784553180622387, 53.769752302354412 ], [ 11.782216582910817, 53.769607745094653 ], [ 11.781432150923811, 53.76961040971571 ], [ 11.780584185817432, 53.76973473581522 ], [ 11.778615526660108, 53.770227969360391 ], [ 11.777807283508462, 53.770330021391246 ], [ 11.777613585497658, 53.770289174875721 ], [ 11.777187504430927, 53.769908357086798 ], [ 11.771983187913097, 53.766806758305343 ], [ 11.767272422659621, 53.767508756967409 ], [ 11.76645717990003, 53.766619634055878 ], [ 11.765805184135358, 53.766124354459414 ], [ 11.76528345456841, 53.765902566711127 ], [ 11.764629973899332, 53.765772696836201 ], [ 11.764239190770718, 53.765826095809658 ], [ 11.763492058655199, 53.766234955050031 ], [ 11.762771876174723, 53.766866029226456 ], [ 11.762247170061077, 53.767514061896442 ], [ 11.762159466954042, 53.767827930068485 ], [ 11.762282385514139, 53.768161102442704 ], [ 11.762459424626272, 53.768376519638096 ], [ 11.762684841865736, 53.768549935646661 ], [ 11.763515925362857, 53.768925739591147 ], [ 11.763872055120201, 53.769150324355728 ], [ 11.764012001660449, 53.769316130310081 ], [ 11.763978958496143, 53.769743923346944 ], [ 11.763633187439281, 53.770211152876357 ], [ 11.763269610525297, 53.770402019066637 ], [ 11.763076295872034, 53.770415536798083 ], [ 11.762617362373408, 53.770411393633623 ], [ 11.762107465759783, 53.770304872031396 ], [ 11.760940771944096, 53.769828121749654 ], [ 11.76015146842021, 53.769590373815056 ], [ 11.758757324797205, 53.769394346949852 ], [ 11.756944611046233, 53.769216673431764 ], [ 11.75600298034181, 53.769087175779497 ], [ 11.755444079361656, 53.768960368536405 ], [ 11.755075003818838, 53.768831985172575 ], [ 11.754258545523742, 53.768281033391908 ], [ 11.753749050900618, 53.768096408112697 ], [ 11.753438974512713, 53.768111865178675 ], [ 11.753014600417918, 53.768309050770505 ], [ 11.752724105090032, 53.768494489570301 ], [ 11.752120879698644, 53.768882805189584 ], [ 11.751964481206056, 53.769144581821564 ], [ 11.752008325826887, 53.76923975036437 ], [ 11.752134849893919, 53.76936576994315 ], [ 11.752399703996042, 53.769394409992657 ], [ 11.752808439303783, 53.769432950093467 ], [ 11.753353556775087, 53.769476849160313 ], [ 11.753558344077707, 53.769613438817544 ], [ 11.753692032599487, 53.770044979231038 ], [ 11.753725673090855, 53.770907631832678 ], [ 11.753618887642428, 53.771569502456181 ], [ 11.753612499163287, 53.772548688597283 ], [ 11.753745757120621, 53.772935837289793 ], [ 11.753880409115991, 53.773156570744803 ], [ 11.754086422148438, 53.773384945745754 ], [ 11.754592834808173, 53.773684629690209 ], [ 11.755391165168751, 53.773986165962718 ], [ 11.756905177063716, 53.774447879834348 ], [ 11.758007083680322, 53.774838239513763 ], [ 11.75918796336927, 53.775164630967424 ], [ 11.759663547457084, 53.775284424253712 ], [ 11.760079217358486, 53.775336971464249 ], [ 11.760454165922805, 53.775385990327194 ], [ 11.761972734807415, 53.775278773193996 ], [ 11.762862810664005, 53.775270227716398 ], [ 11.763309169443493, 53.775390493838771 ], [ 11.763666276274666, 53.775563429064761 ], [ 11.763818933753994, 53.775731172345353 ], [ 11.763739096536129, 53.775943449783519 ], [ 11.763341106740141, 53.776147575061337 ], [ 11.762930000895979, 53.776237073781232 ], [ 11.762045307055482, 53.776305622703568 ], [ 11.761608446416377, 53.77644748587673 ], [ 11.761197512237977, 53.776852781808422 ], [ 11.761039160635987, 53.777224608723678 ], [ 11.761114420881162, 53.77746764415128 ], [ 11.761198608278855, 53.777527997917907 ], [ 11.761437292221071, 53.77764710801727 ], [ 11.761880118632861, 53.777692570459507 ], [ 11.762627143860165, 53.777690534991649 ], [ 11.763044559427907, 53.777672947070066 ], [ 11.763467367782647, 53.777726810307371 ], [ 11.763799138739284, 53.777884315686315 ], [ 11.764052894884289, 53.778112749001224 ], [ 11.764035620975505, 53.778275795799736 ], [ 11.763800661184737, 53.778434579485783 ], [ 11.763354444754205, 53.778577761331391 ], [ 11.762874204266803, 53.778609404069222 ], [ 11.761828418048511, 53.778671472411098 ], [ 11.760276976180677, 53.778702117431401 ], [ 11.759170349920394, 53.77866817669932 ], [ 11.758613943231195, 53.778606825899828 ], [ 11.758103625922937, 53.778524427607273 ], [ 11.75674754936019, 53.778026223263282 ], [ 11.756183600717746, 53.777869704340596 ], [ 11.754915835362631, 53.777621556662389 ], [ 11.753872065016733, 53.777468932353692 ], [ 11.753001276792647, 53.77739600895238 ], [ 11.752331136311216, 53.777425919559413 ], [ 11.751879970128254, 53.777546073937408 ], [ 11.751373583954713, 53.777868501345068 ], [ 11.750442185143747, 53.778579124665534 ], [ 11.75035782160073, 53.783214047904593 ], [ 11.743812864183635, 53.783649249377859 ], [ 11.740204825570284, 53.783531474379046 ], [ 11.739658029674578, 53.782523034190746 ], [ 11.739331400731063, 53.781934729664513 ], [ 11.738990206420052, 53.781519265887873 ], [ 11.738589507339432, 53.781244226381439 ], [ 11.738299562670859, 53.781135220711967 ], [ 11.737636896658678, 53.78108375018558 ], [ 11.736008318559772, 53.781178710157391 ], [ 11.734723657362592, 53.78113215358065 ], [ 11.733464160293325, 53.781159863118901 ], [ 11.732963117771227, 53.781257329815311 ], [ 11.731461337370632, 53.781800319189983 ], [ 11.729765720795953, 53.782638154013362 ], [ 11.728723468431241, 53.783293846940289 ], [ 11.727827184540454, 53.784089746836493 ], [ 11.726181471087219, 53.786041283190904 ], [ 11.730205624526787, 53.789417906967763 ], [ 11.725923153243237, 53.790567404742966 ], [ 11.728536729970887, 53.794661830072435 ], [ 11.724268514017236, 53.796028008500507 ], [ 11.722884513919416, 53.794390557996259 ], [ 11.720919198883431, 53.79461109324216 ], [ 11.721525668930527, 53.79563701061651 ], [ 11.721978396276663, 53.796569822693002 ], [ 11.715438364228504, 53.79818768802587 ], [ 11.712218165894241, 53.793715656528448 ], [ 11.710988848638012, 53.792172790054558 ], [ 11.709119820377618, 53.791648137187252 ], [ 11.708150912755194, 53.791655322245433 ], [ 11.707782858305263, 53.791592100694892 ], [ 11.707408064267778, 53.791427961517236 ], [ 11.706231988320729, 53.790699555328779 ], [ 11.705578213729448, 53.790333059290461 ], [ 11.705004446530321, 53.790037598790406 ], [ 11.704074190123816, 53.789653586936105 ], [ 11.703197125622786, 53.789386325090149 ], [ 11.701824660492978, 53.789085814886896 ], [ 11.700920436539873, 53.788969612037249 ], [ 11.700218535072546, 53.788985282231728 ], [ 11.699890062079541, 53.78909959195024 ], [ 11.699475024495115, 53.78957289341124 ], [ 11.69916652370847, 53.789833559468867 ], [ 11.698942559787172, 53.789905239322856 ], [ 11.698416846589641, 53.789960949781594 ], [ 11.697764295094473, 53.789969966421914 ], [ 11.696858969061587, 53.789909872904438 ], [ 11.696361621453109, 53.789740271636546 ], [ 11.696160306972953, 53.789535231379496 ], [ 11.696058174232396, 53.789158750487047 ], [ 11.696124752526067, 53.788662861888852 ], [ 11.696344639870146, 53.788084924593967 ], [ 11.697278591323983, 53.786592602578203 ], [ 11.697658088228421, 53.786079334374826 ], [ 11.698644378463177, 53.785093382174203 ], [ 11.699059684745977, 53.784604363525844 ], [ 11.699228502366259, 53.784309055796292 ], [ 11.699290131265897, 53.784001190550164 ], [ 11.699205077781606, 53.783758649010998 ], [ 11.698838330300608, 53.783506850798247 ], [ 11.6977972792873, 53.783023608701569 ], [ 11.69735433171642, 53.78273247631509 ], [ 11.696376094061486, 53.782005476440467 ], [ 11.695757161705409, 53.781464466485772 ], [ 11.69550622030234, 53.7811101399639 ], [ 11.695423077155144, 53.780760530785216 ], [ 11.695626245109077, 53.780401256273684 ], [ 11.696038687920979, 53.780058211971657 ], [ 11.697088192613609, 53.779519639250552 ], [ 11.697534037277832, 53.779212752538939 ], [ 11.697773455943917, 53.778965607740091 ], [ 11.697869370541859, 53.778738911953646 ], [ 11.697852264412219, 53.778449073061459 ], [ 11.697633455041602, 53.777591200748986 ], [ 11.697319194516618, 53.777589739012441 ], [ 11.695987125883534, 53.777843395372827 ], [ 11.695394370429224, 53.777906711827228 ], [ 11.69493719027934, 53.777880204140189 ], [ 11.694672518367275, 53.777784975624748 ], [ 11.69437691676969, 53.777583062077937 ], [ 11.694091053214546, 53.777271165272865 ], [ 11.693804534620092, 53.776992951895743 ], [ 11.693559601398867, 53.776914909090664 ], [ 11.693430612917117, 53.776973656245005 ], [ 11.693169786023185, 53.777264838284815 ], [ 11.693050918827351, 53.777913088065681 ], [ 11.693147774620073, 53.778969329089989 ], [ 11.693162740155461, 53.779406336925113 ], [ 11.692999426761691, 53.780703330936063 ], [ 11.686427301767464, 53.783448448541215 ], [ 11.686007321060806, 53.784934569709947 ], [ 11.684580047532625, 53.785575977059025 ], [ 11.683319815279717, 53.785798734750443 ], [ 11.67965412833636, 53.787559035325145 ], [ 11.677773913670244, 53.787051791050679 ], [ 11.675009379611115, 53.785925089421859 ], [ 11.671983610543485, 53.785095113998779 ], [ 11.669843392275141, 53.784967400948801 ], [ 11.668916332288735, 53.784864271715158 ], [ 11.668429448952642, 53.784748531145134 ], [ 11.668132114867358, 53.784636377037714 ], [ 11.667828877105688, 53.784441082363763 ], [ 11.667638235830756, 53.784116323073981 ], [ 11.667336511212396, 53.783112675605366 ], [ 11.666866711915793, 53.781786527935544 ], [ 11.668896956365368, 53.779694507791426 ], [ 11.669237620369659, 53.778710548951793 ], [ 11.669428527067792, 53.777983256308822 ], [ 11.669600773124772, 53.776871482273187 ], [ 11.669545397970365, 53.775978166451708 ], [ 11.66941574465921, 53.775704554392171 ], [ 11.669244977515618, 53.775523675339493 ], [ 11.66900306233825, 53.775435942433262 ], [ 11.667838210027965, 53.775340785858759 ], [ 11.664701678095406, 53.775199497182037 ], [ 11.663756529739702, 53.775064758553107 ], [ 11.661562610880033, 53.774624651082888 ], [ 11.660764372092133, 53.774538100855075 ], [ 11.660602460006539, 53.774483043002498 ], [ 11.660565502791648, 53.774395025691362 ], [ 11.660631833568541, 53.774157598375808 ], [ 11.660880481722858, 53.773862916275881 ], [ 11.661165070331812, 53.773665063577639 ], [ 11.66150948740151, 53.773508063154154 ], [ 11.661915789862705, 53.773477273137189 ], [ 11.66247231053879, 53.773517175162311 ], [ 11.663088574083757, 53.773602417994589 ], [ 11.663623810284776, 53.773570294476876 ], [ 11.664103640100029, 53.773465905828786 ], [ 11.664867262465982, 53.77320182810773 ], [ 11.665311313703365, 53.772991623196525 ], [ 11.665642046704772, 53.772715773174319 ], [ 11.665907494935944, 53.772382727189928 ], [ 11.666102322962278, 53.771934930859196 ], [ 11.666253338715357, 53.771403725153753 ], [ 11.666326472932303, 53.770786622624598 ], [ 11.666331806585124, 53.770335235339601 ], [ 11.666250321497238, 53.769865264903039 ], [ 11.665958289610906, 53.769405518874471 ], [ 11.665569451834452, 53.769040680104808 ], [ 11.664464832008294, 53.768363554653561 ], [ 11.663881054103705, 53.767908360654246 ], [ 11.663582634851762, 53.767562232213443 ], [ 11.663290023949221, 53.76703685565554 ], [ 11.663128308752077, 53.766426842957529 ], [ 11.663166118226597, 53.765856878045241 ], [ 11.663594824951277, 53.764730559417202 ], [ 11.664088454143124, 53.76355241352779 ], [ 11.664244939472917, 53.762886913860747 ], [ 11.664211583142079, 53.762151849050618 ], [ 11.664111033830839, 53.761502069568508 ], [ 11.663735887731193, 53.760749271303119 ], [ 11.663286214175841, 53.760308121271969 ], [ 11.661703631055282, 53.759290683989391 ], [ 11.660914994281695, 53.758932451759698 ], [ 11.660563255243922, 53.758896252236113 ], [ 11.659843429236544, 53.7590685360585 ], [ 11.658715500564716, 53.759552321315688 ], [ 11.657994361534552, 53.759973878895551 ], [ 11.657540701064534, 53.760368210636479 ], [ 11.657209149819211, 53.76093398756452 ], [ 11.657129072826969, 53.76188567297983 ], [ 11.656971497187756, 53.762919900560725 ], [ 11.6566919345843, 53.763476907946561 ], [ 11.656298086831013, 53.763784230542392 ], [ 11.655617965596457, 53.764048854641231 ], [ 11.654154941916147, 53.764503331935266 ], [ 11.652341043411759, 53.76506512070484 ], [ 11.651119316449975, 53.765489762545933 ], [ 11.650681979478282, 53.765742635525307 ], [ 11.650404598024263, 53.76599476064986 ], [ 11.650024710598045, 53.766550897882396 ], [ 11.649767334624714, 53.767267721722249 ], [ 11.649573083880728, 53.768232049422856 ], [ 11.649332116909061, 53.770213553455861 ], [ 11.649059692197197, 53.771435464237726 ], [ 11.649119614527148, 53.772057354104355 ], [ 11.649337055838927, 53.772692923460774 ], [ 11.649800014639728, 53.77340821955319 ], [ 11.650141688074477, 53.773754311340745 ], [ 11.650435082126315, 53.773940236016188 ], [ 11.650831385732833, 53.774138851216712 ], [ 11.651620533815965, 53.774297270295278 ], [ 11.652874030028714, 53.774553359276034 ], [ 11.653254605429927, 53.774668396165225 ], [ 11.653529374483922, 53.774833923188538 ], [ 11.653701588291831, 53.775057908589638 ], [ 11.653772581095824, 53.775478401113254 ], [ 11.653589853324606, 53.775883591264673 ], [ 11.653400128564657, 53.77607537121969 ], [ 11.653212834653079, 53.77614644021196 ], [ 11.652602680067833, 53.776318917846297 ], [ 11.651553807773945, 53.776434874587807 ], [ 11.648531822644166, 53.776554905723067 ], [ 11.639689266926213, 53.77725678899872 ], [ 11.639240066126121, 53.776183645961552 ], [ 11.639205065057574, 53.774045308545482 ], [ 11.63756967044284, 53.773382017491805 ], [ 11.631475654920875, 53.764549908606355 ], [ 11.626768153912328, 53.760795660962621 ], [ 11.622289374702298, 53.761134475459663 ], [ 11.614215122655883, 53.760793295623408 ], [ 11.609423773760163, 53.760642475059711 ], [ 11.605988392750106, 53.758967755286541 ], [ 11.601010563280417, 53.760809884479286 ], [ 11.594364730418816, 53.760780683232412 ], [ 11.589818278754139, 53.760700570644005 ], [ 11.586391254372108, 53.76062662834488 ], [ 11.584597413238612, 53.76242618359192 ], [ 11.581108632665781, 53.763981159713623 ], [ 11.577449425114418, 53.76269683594586 ], [ 11.575858328937292, 53.763661275098215 ], [ 11.575979340093395, 53.76542895478898 ], [ 11.578156073661793, 53.766236561543195 ], [ 11.580810796831475, 53.766861455824014 ], [ 11.580322188856449, 53.767695346248878 ], [ 11.579066655203254, 53.767730448329537 ], [ 11.57595714840282, 53.76640584028106 ], [ 11.57241425479074, 53.767204347229487 ], [ 11.567585589470282, 53.766667628290385 ], [ 11.559562318577632, 53.764481853322778 ], [ 11.552504117622084, 53.762639158533922 ], [ 11.550814747733881, 53.764393358707238 ], [ 11.547890382673739, 53.765299539785971 ], [ 11.54420070135458, 53.768801803728088 ], [ 11.536407259453942, 53.766554766087381 ], [ 11.528614982280597, 53.764117328604407 ], [ 11.527881578061718, 53.762310792039031 ], [ 11.522495831318412, 53.760718938043034 ], [ 11.522025412506883, 53.76066966474442 ], [ 11.521862389233654, 53.760900087323975 ], [ 11.522856854673416, 53.762119323790053 ], [ 11.526541807102872, 53.765496009730029 ], [ 11.53117767549195, 53.768464462408936 ], [ 11.530464021049113, 53.768830475041725 ], [ 11.529063578787023, 53.768351854089211 ], [ 11.527953919792083, 53.768125953596311 ], [ 11.527497638053157, 53.768109684146175 ], [ 11.526882217757567, 53.768240628738354 ], [ 11.525931986568487, 53.768509015589764 ], [ 11.524837264789587, 53.768968232112336 ], [ 11.523433810407258, 53.769633715654663 ], [ 11.522197391280233, 53.770299459391971 ], [ 11.521768654078819, 53.770635022385477 ], [ 11.521469100975624, 53.77094112463147 ], [ 11.521384667192182, 53.771161851636286 ], [ 11.521650416822437, 53.771626700971545 ], [ 11.522223374648481, 53.772246816383237 ], [ 11.523365298472992, 53.774209559430069 ], [ 11.523850153033232, 53.775121502197024 ], [ 11.524185776427977, 53.775519549827074 ], [ 11.524508786511944, 53.775809691925815 ], [ 11.525360370113869, 53.776355740930818 ], [ 11.525655428811399, 53.776642585296479 ], [ 11.526252087245711, 53.777452345961954 ], [ 11.526464061398658, 53.77795042797716 ], [ 11.526446182765849, 53.778226518240118 ], [ 11.526302795839419, 53.778357837595713 ], [ 11.526147533797596, 53.778405197649803 ], [ 11.525750192920345, 53.778476789922721 ], [ 11.525239733662511, 53.778416421436305 ], [ 11.524731819261479, 53.778248271686103 ], [ 11.524120095187232, 53.777980443133636 ], [ 11.523570147546529, 53.777665960957314 ], [ 11.52310673433364, 53.777357419575459 ], [ 11.522642033308902, 53.776989005929323 ], [ 11.521434551859857, 53.775301343414306 ], [ 11.52084061353494, 53.774616364067995 ], [ 11.52025267281137, 53.774137161803793 ], [ 11.518586270207679, 53.773103684437864 ], [ 11.517744309843598, 53.772489477852716 ], [ 11.516548283124759, 53.771119341179755 ], [ 11.516278160425097, 53.770840848774263 ], [ 11.515984017531887, 53.770616055252063 ], [ 11.515646795699023, 53.770449292931907 ], [ 11.515034601232259, 53.770208365020579 ], [ 11.513642368746797, 53.769851192336873 ], [ 11.512579660898517, 53.769664541936699 ], [ 11.511789823493242, 53.769561350844064 ], [ 11.51106288386123, 53.769551395495185 ], [ 11.510343304594494, 53.769652521349023 ], [ 11.507999812549917, 53.770156098827222 ], [ 11.507202254248247, 53.770216758251124 ], [ 11.506800924152719, 53.770195410338587 ], [ 11.505377569515254, 53.769794878656704 ], [ 11.504940183385273, 53.769684515964244 ], [ 11.503930047756166, 53.769611971629487 ], [ 11.502509087024873, 53.769573945348206 ], [ 11.500706811251954, 53.769494856458522 ], [ 11.50007699967197, 53.769516465469458 ], [ 11.49960477627469, 53.769594090793731 ], [ 11.499114555309857, 53.769811484280133 ], [ 11.498246105929066, 53.770605597434148 ], [ 11.497602830319563, 53.771184314957829 ], [ 11.497213427225015, 53.77145274811943 ], [ 11.496969378565945, 53.771511309077702 ], [ 11.49681093890432, 53.771522899414336 ], [ 11.496375119187185, 53.771472563537991 ], [ 11.495969800429251, 53.771302920673961 ], [ 11.495568929437487, 53.771106364424888 ], [ 11.494872862397603, 53.770577153571537 ], [ 11.494163562740521, 53.769969221912383 ], [ 11.492187717492046, 53.76804350619166 ], [ 11.491529526954402, 53.767608812863863 ], [ 11.490288088718648, 53.766908718454225 ], [ 11.489638490972419, 53.766392665379399 ], [ 11.489502674284847, 53.766163112496955 ], [ 11.489476131758348, 53.76585296092216 ], [ 11.489583016955372, 53.765324741049589 ], [ 11.489981259471488, 53.763793373969698 ], [ 11.490433815766519, 53.762633627779373 ], [ 11.490629568616779, 53.762543507948251 ], [ 11.491063210600991, 53.762479844549475 ], [ 11.491148330004489, 53.762408706368376 ], [ 11.491455575082686, 53.762087935535277 ], [ 11.491735179787714, 53.761656881892314 ], [ 11.491713029021334, 53.761477026167547 ], [ 11.491644312212452, 53.761341688786757 ], [ 11.491345320425756, 53.761168448479047 ], [ 11.490871529060422, 53.761013924026592 ], [ 11.490049342698114, 53.760847430853843 ], [ 11.489388835015813, 53.760579009771838 ], [ 11.489190243123245, 53.760330266455114 ], [ 11.489154694115973, 53.759923466798469 ], [ 11.489254624980232, 53.759556007544511 ], [ 11.489482023907346, 53.759400748503772 ], [ 11.489964942733746, 53.75928432811088 ], [ 11.49042305713323, 53.75935490924094 ], [ 11.491013637007901, 53.759537384707698 ], [ 11.491294366398439, 53.759526311564542 ], [ 11.491701287731017, 53.759469154509041 ], [ 11.492160856193728, 53.759273204617791 ], [ 11.492404547183833, 53.759070916741173 ], [ 11.492846377310343, 53.758513233937343 ], [ 11.493027863273856, 53.758063372051133 ], [ 11.492907171642811, 53.757727712586089 ], [ 11.492757958365926, 53.75762986739376 ], [ 11.492486513536248, 53.757571402650981 ], [ 11.491395382466347, 53.757557583127273 ], [ 11.49114953333685, 53.757537513400869 ], [ 11.490908513081777, 53.757474813729793 ], [ 11.490797031373154, 53.757384026496204 ], [ 11.490765283352511, 53.757287184105657 ], [ 11.490828588603446, 53.757177680234705 ], [ 11.490956306211114, 53.75706872751671 ], [ 11.491692921182901, 53.756699974786059 ], [ 11.491996948587746, 53.7565094326443 ], [ 11.492413290811802, 53.756063824755714 ], [ 11.49296374122968, 53.755401515067817 ], [ 11.493398991289727, 53.753718508690206 ], [ 11.495076970017696, 53.752490977835087 ], [ 11.496673707698731, 53.750555190603095 ], [ 11.497019118856777, 53.749904591152315 ], [ 11.497082684470159, 53.749626648322845 ], [ 11.496797615350337, 53.748880852457127 ], [ 11.496825218478987, 53.74836679115878 ], [ 11.497048756083538, 53.74805427560576 ], [ 11.498359180543057, 53.746823465960027 ], [ 11.498635133935244, 53.746536096598916 ], [ 11.498757392272468, 53.746337255232149 ], [ 11.499015664754371, 53.745683663539566 ], [ 11.499137889167088, 53.745015441651418 ], [ 11.49920155241497, 53.744155306211326 ], [ 11.499143035193642, 53.743861125313749 ], [ 11.498928883089237, 53.743473023845397 ], [ 11.498915539252998, 53.743084380801548 ], [ 11.499156831596906, 53.742819174064962 ], [ 11.499910060460152, 53.742376396115802 ], [ 11.500193722812275, 53.742118844171976 ], [ 11.500663981168378, 53.741590005941511 ], [ 11.501063250746377, 53.741056633031022 ], [ 11.501247541722924, 53.740640467836158 ], [ 11.501450817909564, 53.73990779979875 ], [ 11.501616071363657, 53.738458101014785 ], [ 11.502036373925952, 53.736040928473784 ], [ 11.502139949316266, 53.7350424058233 ], [ 11.502106399387378, 53.734278661188505 ], [ 11.501999858075637, 53.734095721742207 ], [ 11.501345795552664, 53.733730851616031 ], [ 11.501180306113367, 53.733525078950429 ], [ 11.500896828486869, 53.732556966840185 ], [ 11.500488895606345, 53.730152707184907 ], [ 11.50019193227814, 53.728959894853588 ], [ 11.499580914102911, 53.728445721884469 ], [ 11.499275605593153, 53.727225073510176 ], [ 11.498804692015085, 53.724611409988903 ], [ 11.498552644325711, 53.723443678776498 ], [ 11.49808617813779, 53.722060771378786 ], [ 11.497915878153014, 53.721899870356793 ], [ 11.497688249952645, 53.721760940545842 ], [ 11.496543780601852, 53.721328994847255 ], [ 11.496339187193909, 53.721101371600838 ], [ 11.496322906992448, 53.720754426532253 ], [ 11.496473455430182, 53.720322259404419 ], [ 11.496972967533464, 53.719394481743208 ], [ 11.497063531461082, 53.718937099538785 ], [ 11.496982749320585, 53.718049304854325 ], [ 11.49674915538758, 53.717061393849313 ], [ 11.49646249608716, 53.716389695043489 ], [ 11.496121051353734, 53.715861865550956 ], [ 11.495627719764997, 53.715369717805146 ], [ 11.494827589569509, 53.714796952852879 ], [ 11.493633361022114, 53.714083826294022 ], [ 11.492730731017639, 53.71336868540326 ], [ 11.492156226853346, 53.712705748853068 ], [ 11.490988009101853, 53.710934996302804 ], [ 11.489549381538097, 53.708832911625379 ], [ 11.488031432709999, 53.706730201843001 ], [ 11.487129386224389, 53.705323589881445 ], [ 11.48669131000894, 53.704407733326171 ], [ 11.486100348326779, 53.702617059361877 ], [ 11.485625362770682, 53.699593592143515 ], [ 11.485014719044282, 53.696804624476094 ], [ 11.484931910774961, 53.69601112936067 ], [ 11.484945632544141, 53.69526195957863 ], [ 11.485072923830478, 53.694884927266465 ], [ 11.485684547668431, 53.694167020625848 ], [ 11.486233155452235, 53.693549632706052 ], [ 11.486523840455755, 53.693111942174575 ], [ 11.486554800920128, 53.692773085088582 ], [ 11.486499523055542, 53.69257641002725 ], [ 11.486039208129746, 53.691881549401685 ], [ 11.485449244333688, 53.691247644952824 ], [ 11.484768670513963, 53.690606221159634 ], [ 11.483865746656129, 53.689929192827606 ], [ 11.482904736353253, 53.68930780371543 ], [ 11.481506882596909, 53.688584049671682 ], [ 11.480513505559516, 53.688224899979666 ], [ 11.479844411367289, 53.688046192052532 ], [ 11.479024178849206, 53.687859436401233 ], [ 11.477437883515874, 53.687591932076181 ], [ 11.476094500107941, 53.687447788549569 ], [ 11.474958605847792, 53.687364851942156 ], [ 11.474223065662294, 53.687391124635475 ], [ 11.473337989799669, 53.687533905978157 ], [ 11.472517892383156, 53.68780301319115 ], [ 11.472116862014698, 53.688083459406052 ], [ 11.471732747078672, 53.688494637306718 ], [ 11.471166710448832, 53.68935211127841 ], [ 11.470602105581127, 53.690456637310731 ], [ 11.469960260794481, 53.692058136211472 ], [ 11.469891393011034, 53.692417797074818 ], [ 11.469848512174959, 53.693232663011962 ], [ 11.469712089695406, 53.693594888181863 ], [ 11.468795709315325, 53.694946034030224 ], [ 11.468049137616092, 53.695905223536478 ], [ 11.467406149485479, 53.696501487991547 ], [ 11.467005306328238, 53.69679443314778 ], [ 11.466571329458132, 53.697008513642743 ], [ 11.466019225651667, 53.697185562986469 ], [ 11.465273700414322, 53.697185770934709 ], [ 11.464416905369093, 53.697095165133163 ], [ 11.463640910892359, 53.696951362200011 ], [ 11.462814325006098, 53.696788333844601 ], [ 11.462022964808122, 53.69657781991593 ], [ 11.461306712166701, 53.696315497682072 ], [ 11.460685895768414, 53.696020323519022 ], [ 11.460101947646372, 53.695648176736682 ], [ 11.459843227409896, 53.695366104781861 ], [ 11.459526555929399, 53.69456155229016 ], [ 11.459382806121461, 53.694257098090503 ], [ 11.45922422611895, 53.694091754859045 ], [ 11.459049410989007, 53.693965921728079 ], [ 11.458846613073817, 53.693908760076859 ], [ 11.458074343630001, 53.694072633789425 ], [ 11.457571973686404, 53.694187230525223 ], [ 11.457321405200716, 53.694138627993745 ], [ 11.456972056847983, 53.693966334407115 ], [ 11.456531030947444, 53.693596368131701 ], [ 11.455738099127624, 53.692774122824773 ], [ 11.455371517964606, 53.692454218842713 ], [ 11.454935324604872, 53.692194335456058 ], [ 11.454471784258795, 53.692065723150925 ], [ 11.45413607923896, 53.692077215941367 ], [ 11.45388120324297, 53.692131104926212 ], [ 11.453432881547679, 53.69235396304915 ], [ 11.452878399819815, 53.692735332653498 ], [ 11.45229929161885, 53.693042368681404 ], [ 11.451994434973377, 53.693127251944105 ], [ 11.451782907298972, 53.693160136025917 ], [ 11.451098282210419, 53.693101331440651 ], [ 11.45047498105313, 53.692909391238139 ], [ 11.449993076986365, 53.692662558894199 ], [ 11.449778530482863, 53.692467510118668 ], [ 11.449689337648303, 53.692210893244031 ], [ 11.449826857285037, 53.691901989916737 ], [ 11.45017311980579, 53.69152552182733 ], [ 11.450874701317739, 53.691012967059009 ], [ 11.451912045632362, 53.690388849862956 ], [ 11.452332939677229, 53.690048860769586 ], [ 11.454529414584908, 53.688017982186366 ], [ 11.455455082797998, 53.687288344399583 ], [ 11.457833564673376, 53.686144316270642 ], [ 11.459058903849579, 53.685270896628403 ], [ 11.459583445680162, 53.684952240605767 ], [ 11.460198190937067, 53.684795828783415 ], [ 11.461318262453487, 53.684634998411553 ], [ 11.461926750955659, 53.684507842418057 ], [ 11.462255955068912, 53.684353526009609 ], [ 11.462425151872438, 53.684187118610502 ], [ 11.46248585350191, 53.683933327463578 ], [ 11.46229756660744, 53.683594797712836 ], [ 11.461980237118956, 53.683273100610009 ], [ 11.461055201483656, 53.682593463042984 ], [ 11.460530596963663, 53.682240743267748 ], [ 11.45994419671246, 53.681939131538662 ], [ 11.459471628325121, 53.681775515789695 ], [ 11.459042484577672, 53.68169088517805 ], [ 11.45858851593044, 53.681691376110642 ], [ 11.458064839557103, 53.681756379895987 ], [ 11.457144894449574, 53.681934667830078 ], [ 11.456430529515401, 53.682060864550209 ], [ 11.455902256649386, 53.682036988430092 ], [ 11.455574794430127, 53.681941011028513 ], [ 11.455243027824043, 53.681744935721341 ], [ 11.454671288742972, 53.681313169498495 ], [ 11.454406932087492, 53.681144638354944 ], [ 11.454125757532818, 53.681043332885174 ], [ 11.453544616945031, 53.680986532999768 ], [ 11.451929786707607, 53.681118199251799 ], [ 11.449839606165769, 53.681047986195665 ], [ 11.44616657532355, 53.680891763800155 ], [ 11.44411946597112, 53.680855637169337 ], [ 11.441798501936553, 53.680845989995611 ], [ 11.440272405375856, 53.680908672374152 ], [ 11.439516638360265, 53.681025413202796 ], [ 11.439107229298887, 53.68109300155016 ], [ 11.438156721916306, 53.681394992771551 ], [ 11.437271091711235, 53.681856410288454 ], [ 11.43674978899341, 53.682271691385303 ], [ 11.436440862968924, 53.682629312334981 ], [ 11.436274082871615, 53.683123071612073 ], [ 11.436352409150327, 53.683759346546118 ], [ 11.436677441895734, 53.68495705322956 ], [ 11.430686718087973, 53.685488352105999 ], [ 11.43076983338792, 53.686801471767147 ], [ 11.420257864535053, 53.687449262842158 ], [ 11.420053510096531, 53.686138080843818 ], [ 11.41076139669998, 53.686736079398031 ], [ 11.408171341993366, 53.682078969660608 ], [ 11.407315604964058, 53.679100850033855 ], [ 11.405714930347033, 53.67796861511092 ], [ 11.400429123817835, 53.67717629356833 ], [ 11.399551591958705, 53.678690504072406 ], [ 11.396165463228508, 53.680428641463592 ], [ 11.395032857188435, 53.680418279365135 ], [ 11.395491927451447, 53.678866000678376 ], [ 11.390340633599967, 53.675488974496936 ], [ 11.386297972640312, 53.679416988527322 ], [ 11.376568265170725, 53.679854858741137 ], [ 11.374580015315162, 53.67947506075113 ], [ 11.373817962488825, 53.679258945813679 ], [ 11.373367322754525, 53.679044740527729 ], [ 11.370929480231284, 53.677248355457579 ], [ 11.368970460433642, 53.675563247694406 ], [ 11.367765285617917, 53.674397371517266 ], [ 11.366728544267588, 53.673213944827857 ], [ 11.366782963360759, 53.67296636779443 ], [ 11.367716657699392, 53.672566572920076 ], [ 11.368065756188749, 53.672305895771409 ], [ 11.368107745433971, 53.671952719048008 ], [ 11.367578044587288, 53.670495416310551 ], [ 11.367823402974441, 53.670027585808825 ], [ 11.368229591074288, 53.669553115852402 ], [ 11.368146071529203, 53.669225276339887 ], [ 11.367621292871563, 53.668835372541423 ], [ 11.366632685732307, 53.66833631792354 ], [ 11.365620436642482, 53.668012201578073 ], [ 11.364896742093727, 53.667924410094514 ], [ 11.364485639798877, 53.667915799134079 ], [ 11.363873449685075, 53.668006664306901 ], [ 11.363138317861598, 53.668338718312768 ], [ 11.362360958605693, 53.668832059688505 ], [ 11.361456780241804, 53.669621329975918 ], [ 11.360106382873346, 53.670793401809533 ], [ 11.359456769536422, 53.67159113824831 ], [ 11.359002365785162, 53.672322934030319 ], [ 11.358886423679657, 53.672946595140239 ], [ 11.359261903546841, 53.674290962029673 ], [ 11.35911258069847, 53.674801031095946 ], [ 11.358755935782019, 53.674950839279028 ], [ 11.357731794552341, 53.675038143972202 ], [ 11.358457149831214, 53.676919166416454 ], [ 11.359831573608863, 53.676826596192214 ], [ 11.360243427554689, 53.68136322031129 ], [ 11.354792845031699, 53.681357356473612 ], [ 11.354724727666182, 53.680453729835101 ], [ 11.35391252913454, 53.677335190068732 ], [ 11.355537088825352, 53.676890498304687 ], [ 11.355039348266668, 53.675508051738099 ], [ 11.352180575623651, 53.674875987206526 ], [ 11.351437784167549, 53.674848705784214 ], [ 11.350506713034934, 53.674951811048686 ], [ 11.349402398127147, 53.675221799837573 ], [ 11.348592742332599, 53.675557563892106 ], [ 11.346836705299268, 53.676362386256791 ], [ 11.343575980325445, 53.677964531991634 ], [ 11.340034718975938, 53.674335294279857 ], [ 11.338743917851373, 53.673860006187368 ], [ 11.336608459933148, 53.671467913485799 ], [ 11.333844662818001, 53.672254986880979 ], [ 11.332880691790042, 53.670509974950882 ], [ 11.32842608506639, 53.669757594784592 ], [ 11.324780732327591, 53.67074870358126 ], [ 11.323379884731709, 53.67107165101411 ], [ 11.322410503374451, 53.67124840851757 ], [ 11.321525659718814, 53.671317107895199 ], [ 11.320902247946485, 53.671222160055855 ], [ 11.32035976049233, 53.670879884535125 ], [ 11.319940299734562, 53.670466968219216 ], [ 11.319657208684909, 53.66999138281335 ], [ 11.31944842815002, 53.669004543568889 ], [ 11.319578200777476, 53.666555679317774 ], [ 11.317281259921858, 53.66377594144803 ], [ 11.316873419521563, 53.663121803041157 ], [ 11.310347558576614, 53.662971046324898 ], [ 11.303245023293387, 53.662461889180626 ], [ 11.296651413241918, 53.662046634272343 ], [ 11.29681322525852, 53.659988889400509 ], [ 11.303471710684853, 53.658533611508084 ], [ 11.302193409914329, 53.653281324442084 ], [ 11.301879669634504, 53.653280395336651 ], [ 11.301116976322136, 53.652457452271783 ], [ 11.300791972673332, 53.652204862381367 ], [ 11.300090089185838, 53.652015856962848 ], [ 11.298129471306218, 53.651576006348023 ], [ 11.294884687216904, 53.650444831259648 ], [ 11.291114609611748, 53.652991108686031 ], [ 11.286987874605337, 53.647979165308001 ], [ 11.283415182704442, 53.648524169276364 ], [ 11.282040586112574, 53.648511699544443 ], [ 11.282703243469081, 53.647774673163909 ], [ 11.289426987669088, 53.643308102229014 ], [ 11.290748037967665, 53.64095013265996 ], [ 11.293862705705354, 53.640344112708405 ], [ 11.294212917289864, 53.63861391122532 ], [ 11.294067189134513, 53.637770255648192 ], [ 11.294367825192131, 53.637375863935333 ], [ 11.29496255894662, 53.637253855372819 ], [ 11.296805082314178, 53.637308523780142 ], [ 11.297550339310554, 53.637280161199016 ], [ 11.297946219562638, 53.637129272941579 ], [ 11.29830872708396, 53.636926287277788 ], [ 11.298578217948274, 53.636358590416258 ], [ 11.298708857362296, 53.635578466099986 ], [ 11.301022042873692, 53.635849167415032 ], [ 11.304454147105659, 53.636735242454286 ], [ 11.306964585509936, 53.634317220406764 ], [ 11.303362668890145, 53.629076759865519 ], [ 11.297760195041041, 53.629198059815117 ], [ 11.29617642669432, 53.628438166996176 ], [ 11.294450151716475, 53.630367550380583 ], [ 11.293005219597934, 53.62978462959363 ], [ 11.292813862284032, 53.629607507395349 ], [ 11.292770131393214, 53.629436485841822 ], [ 11.292882953681685, 53.629177019390944 ], [ 11.294203324944576, 53.628328085105707 ], [ 11.294399417997639, 53.628078552500099 ], [ 11.294641528926558, 53.627411770235433 ], [ 11.294748387768777, 53.626456149395914 ], [ 11.294607160807669, 53.625507121613211 ], [ 11.294323951969975, 53.62479667894732 ], [ 11.293465747283456, 53.623377580679517 ], [ 11.293126501927544, 53.622565638331942 ], [ 11.293414137870325, 53.620974054237806 ], [ 11.298216420223744, 53.619608479854008 ], [ 11.306752182468063, 53.622340623621795 ], [ 11.316955120749443, 53.621197472388573 ], [ 11.313371035126076, 53.61584831675394 ], [ 11.314621559703534, 53.61336464863551 ], [ 11.307751996673773, 53.611519092608106 ], [ 11.30543851565405, 53.609817265524441 ], [ 11.304978403760918, 53.608747158172562 ], [ 11.30066673987978, 53.60553819101181 ], [ 11.297421236644045, 53.604041233038039 ], [ 11.297231753720833, 53.603659592534136 ], [ 11.301085677366531, 53.603175383385356 ], [ 11.301427449682604, 53.602278482241616 ], [ 11.302502436849693, 53.597972986766798 ], [ 11.302213536379, 53.595811829127342 ], [ 11.302003365216187, 53.594978497318237 ], [ 11.301620854904263, 53.594361745622187 ], [ 11.301116639939588, 53.593907262676524 ], [ 11.300136207561186, 53.593210122262931 ], [ 11.29975418286435, 53.592972689501892 ], [ 11.299517863030243, 53.592788385309881 ], [ 11.299277752881245, 53.592736544757841 ], [ 11.298725317733032, 53.592650096579597 ], [ 11.297730023028246, 53.592473812804315 ], [ 11.295006679830859, 53.592007528200668 ], [ 11.290464672060024, 53.590477254266808 ], [ 11.284758469066494, 53.588279317747208 ], [ 11.282358469585247, 53.588130181641461 ], [ 11.281421958895965, 53.588985699320418 ], [ 11.27900433347685, 53.591256022951171 ], [ 11.274310104331061, 53.595528728317319 ], [ 11.273904046180503, 53.595796020384327 ], [ 11.273355340458826, 53.595957759760097 ], [ 11.26603631531721, 53.596948157066933 ], [ 11.260004610204968, 53.597675385230382 ], [ 11.253226531421292, 53.59684467872809 ], [ 11.25267642213533, 53.595278444286812 ], [ 11.250803086841501, 53.595568257616122 ], [ 11.249830439589466, 53.595650079780611 ], [ 11.249245243613363, 53.595525160303737 ], [ 11.248848337385473, 53.595289374196504 ], [ 11.248552563115028, 53.59495387526507 ], [ 11.24815245969326, 53.593573191640736 ], [ 11.247481733016031, 53.592052501576042 ], [ 11.247369247135229, 53.5910920969066 ], [ 11.247010698055069, 53.590484299244828 ], [ 11.246202335688999, 53.589972586772127 ], [ 11.244109237549301, 53.589081479222742 ], [ 11.241841673042773, 53.588198354533596 ], [ 11.241708756334159, 53.588168770182769 ], [ 11.240648520501953, 53.588382088590329 ], [ 11.240385535863425, 53.588592644163235 ], [ 11.240114054977216, 53.589211841820799 ], [ 11.240213636251962, 53.590295368668848 ], [ 11.240284262810796, 53.591975952385887 ], [ 11.239982610822272, 53.592709377752165 ], [ 11.239368847578069, 53.593316071286203 ], [ 11.237192011879953, 53.594262902507268 ], [ 11.235197639896311, 53.595036703394626 ], [ 11.234808209283175, 53.595443461136384 ], [ 11.234816422936428, 53.595910735960572 ], [ 11.235474332124634, 53.596759908875505 ], [ 11.236486581503575, 53.597990178448534 ], [ 11.237353812596931, 53.598904469843795 ], [ 11.238096352288103, 53.599446873612422 ], [ 11.239095050392871, 53.599972290364867 ], [ 11.241129045802541, 53.60104892458601 ], [ 11.239842635749744, 53.601390087961171 ], [ 11.238245935942338, 53.601492176036153 ], [ 11.237596014208387, 53.60200846548392 ], [ 11.237141753348208, 53.602546977498356 ], [ 11.23617965556414, 53.602772440491457 ], [ 11.234888318549277, 53.603398613130842 ], [ 11.231101132606526, 53.603524262012613 ], [ 11.228699394895902, 53.602763822859487 ], [ 11.226757541657264, 53.60284026025117 ], [ 11.225792676825703, 53.602802660641011 ], [ 11.224928170397025, 53.602654407978754 ], [ 11.224175144588314, 53.602336388057523 ], [ 11.223084709506288, 53.601567819721545 ], [ 11.222740539886631, 53.600843217497342 ], [ 11.222516459264575, 53.600638682900218 ], [ 11.221285882253248, 53.600506388499419 ], [ 11.220554099667646, 53.599741665831992 ], [ 11.219238963717833, 53.599727871070357 ], [ 11.218498440415798, 53.599553273434623 ], [ 11.217823702552247, 53.599286197841337 ], [ 11.216929627191217, 53.598384220942066 ], [ 11.216537911668826, 53.598327133149326 ], [ 11.21577954179851, 53.598585116124852 ], [ 11.21400915607113, 53.599807837233044 ], [ 11.213217682718071, 53.600255140630694 ], [ 11.211866494432382, 53.600240466118365 ], [ 11.210133486420922, 53.600978447754237 ], [ 11.206747162509576, 53.601108267575349 ], [ 11.207157477383586, 53.600638358904078 ], [ 11.207436252280726, 53.599433173713429 ], [ 11.207100262816693, 53.598697388364357 ], [ 11.20629216367406, 53.597882810891448 ], [ 11.204003334942295, 53.597147106533122 ], [ 11.20159036707358, 53.590212665634922 ], [ 11.203190746244195, 53.584834170591556 ], [ 11.201332161314998, 53.583670765784461 ], [ 11.200191312108061, 53.582766800606265 ], [ 11.199504027239527, 53.581583564630598 ], [ 11.198215771589588, 53.580494626239044 ], [ 11.190956028389344, 53.577860992889718 ], [ 11.185406282248765, 53.576933260355545 ], [ 11.181452360428731, 53.575438489489208 ], [ 11.175089224578933, 53.572212033277665 ], [ 11.17425087788615, 53.571915451157324 ], [ 11.171925247518939, 53.571392383164586 ], [ 11.169327706210858, 53.570586974252876 ], [ 11.168132703477704, 53.570317545434122 ], [ 11.16610848950331, 53.570142088518821 ], [ 11.163921112581745, 53.570201682606218 ], [ 11.160436686851911, 53.570655336606023 ], [ 11.159375572021666, 53.57069306437095 ], [ 11.158786276044038, 53.570589527045989 ], [ 11.157293517689022, 53.569840521564018 ], [ 11.153236085525474, 53.568080407746478 ], [ 11.151280318614706, 53.56776217330934 ], [ 11.149898359559092, 53.567389557665827 ], [ 11.147534146119487, 53.566797638890357 ], [ 11.145600305901402, 53.566487178828282 ], [ 11.144623169311837, 53.566441455735074 ], [ 11.14345478473405, 53.566689487798811 ], [ 11.141520548686996, 53.567327831818041 ], [ 11.141102025274181, 53.569557679728369 ], [ 11.142181588990582, 53.571294081264291 ], [ 11.142461254817428, 53.573624253015169 ], [ 11.143167069249627, 53.5753236400259 ], [ 11.146119547215104, 53.5763097266682 ], [ 11.146512925115481, 53.576924652415407 ], [ 11.146526609417416, 53.577724741769067 ], [ 11.146188503921996, 53.578210015012715 ], [ 11.145844979590672, 53.578379350436315 ], [ 11.144960033764976, 53.578391369199956 ], [ 11.143339603367629, 53.57820666183914 ], [ 11.142196287037635, 53.578088030088544 ], [ 11.141376138876993, 53.578244825562336 ], [ 11.141219442370751, 53.57846560246832 ], [ 11.141234218318198, 53.579366077702282 ], [ 11.14180859528282, 53.580509007650491 ], [ 11.142839322063653, 53.581778427786105 ], [ 11.144689172336413, 53.583661657943424 ], [ 11.145055913050129, 53.584076472637591 ], [ 11.147154515021159, 53.585358050040519 ], [ 11.147752982326848, 53.58576012751454 ], [ 11.148191050136711, 53.5862461449668 ], [ 11.148079744649362, 53.586747493367646 ], [ 11.146923086047101, 53.587738156377313 ], [ 11.146876634974788, 53.587794225402014 ], [ 11.145967095042757, 53.589058978892623 ], [ 11.145523411682921, 53.589357089661164 ], [ 11.145136023405076, 53.589548045633293 ], [ 11.144393008508162, 53.589647351840981 ], [ 11.141497343627293, 53.589432314774029 ], [ 11.140510589620519, 53.589598423118332 ], [ 11.140130861318795, 53.589901738111223 ], [ 11.140584744734687, 53.59092202105964 ], [ 11.140509282508491, 53.591386249569211 ], [ 11.139868711568608, 53.591702070859803 ], [ 11.137531000455015, 53.592313080890094 ], [ 11.135584012211549, 53.593456195622181 ], [ 11.134830912471431, 53.59362486623673 ], [ 11.1340772793278, 53.59358931815111 ], [ 11.131911021549552, 53.592764562183817 ], [ 11.126409230312101, 53.591326342114193 ], [ 11.120273918724999, 53.589878272894403 ], [ 11.114765935204719, 53.588646075938009 ], [ 11.114719282152887, 53.590054588459502 ], [ 11.116113407093396, 53.591618178675056 ], [ 11.114624240246908, 53.593614462081149 ], [ 11.109654140375554, 53.598479740384626 ], [ 11.106550095676907, 53.600093933696357 ], [ 11.104735997012915, 53.601834302373298 ], [ 11.103548630046365, 53.60413101508265 ], [ 11.102670218198767, 53.60561098047674 ], [ 11.101183922438342, 53.604322374603669 ], [ 11.099154547925774, 53.605618916472032 ], [ 11.096671613905594, 53.605457067590187 ], [ 11.095873344543174, 53.605580830276402 ], [ 11.094973197495262, 53.605998394451944 ], [ 11.093238521350164, 53.60750717763645 ], [ 11.092277087915852, 53.607985931494746 ], [ 11.091642950439629, 53.608018235759374 ], [ 11.089753737957945, 53.607378756522607 ], [ 11.086870341412675, 53.606547211323708 ], [ 11.085263554921248, 53.606196706552964 ], [ 11.083286808463873, 53.605767315701165 ], [ 11.082606493500437, 53.605449941898975 ], [ 11.082045019634666, 53.604858677632613 ], [ 11.081380158595163, 53.603373806933938 ], [ 11.080780381561345, 53.60190821640952 ], [ 11.078554193188335, 53.602128760658069 ], [ 11.077827578421568, 53.603137011971327 ], [ 11.071029671539868, 53.604512630499578 ], [ 11.06611945076942, 53.60473119348574 ], [ 11.064352649674612, 53.603716148503196 ], [ 11.063080629366938, 53.600319231253742 ], [ 11.063581267880821, 53.599223637464675 ], [ 11.056808293838049, 53.598564191243156 ], [ 11.051635644961324, 53.598336678886263 ], [ 11.048062756624017, 53.598705971226373 ], [ 11.044628542899554, 53.599130358626034 ], [ 11.042760614466154, 53.599323020667235 ], [ 11.042032185562466, 53.599292014446341 ], [ 11.040912359556952, 53.599057768697513 ], [ 11.037820483212968, 53.598058783325413 ], [ 11.035368094743447, 53.596844800300836 ], [ 11.034768039697902, 53.596298419836913 ], [ 11.034478230374841, 53.596254593169832 ], [ 11.034198429564883, 53.596502482135165 ], [ 11.034164576761734, 53.597472213792038 ], [ 11.033855313467324, 53.597760282957488 ], [ 11.032095546154199, 53.59834267669693 ], [ 11.027184769700131, 53.599464988763792 ], [ 11.023593212194726, 53.600356775874914 ], [ 11.019952199070111, 53.601274849579674 ], [ 11.017500585591799, 53.602701523011916 ], [ 11.014772243655205, 53.602637946455523 ], [ 11.012584576844672, 53.602785682689024 ], [ 11.01110585548229, 53.603219350842096 ], [ 11.009788201454935, 53.603702773043025 ], [ 11.011359995063202, 53.607657813328593 ], [ 11.009544113233869, 53.607965136581818 ], [ 11.011284017657259, 53.613817809688499 ], [ 11.011374284072437, 53.615131704933788 ], [ 11.011146489132811, 53.617720036710899 ], [ 11.01180836116408, 53.61992868293143 ], [ 11.006573864248026, 53.62393190457275 ], [ 11.004680059135719, 53.625340777194452 ], [ 11.00202949756086, 53.625526222957021 ], [ 11.001960759974935, 53.627449920165972 ], [ 11.003055091022741, 53.629250837994341 ], [ 11.002908269534139, 53.630763611615194 ], [ 11.002370027351573, 53.631525572805714 ], [ 10.999772990923372, 53.634951508298037 ], [ 10.992294307044308, 53.636928070477794 ], [ 10.992221329823339, 53.636882644181732 ], [ 10.990824394115842, 53.63613885599645 ], [ 10.989905622407381, 53.635210920967936 ], [ 10.989519281510486, 53.635131894655295 ], [ 10.988293922336574, 53.635372295867228 ], [ 10.986609636108453, 53.636078426528385 ], [ 10.985572176637985, 53.636759543360121 ], [ 10.985189413044525, 53.637317888622093 ], [ 10.985203987478924, 53.638378041616875 ], [ 10.984935197886399, 53.63900596109616 ], [ 10.983733643458708, 53.640268096011958 ], [ 10.98238552922707, 53.641492724775667 ], [ 10.980774412007055, 53.642776849202995 ], [ 10.980081275508308, 53.643131772322498 ], [ 10.979507446181946, 53.643201020729428 ], [ 10.978859000860664, 53.643071192113602 ], [ 10.976286553911539, 53.64231057594148 ], [ 10.975347759049061, 53.642145807564219 ], [ 10.974779981851702, 53.64212064937864 ], [ 10.973429205706402, 53.642318755824284 ], [ 10.971673271665219, 53.642902483378663 ], [ 10.970380295664938, 53.643522000034402 ], [ 10.970060525385959, 53.643806919019013 ], [ 10.969348030357109, 53.645205773732108 ], [ 10.968971431622846, 53.645685982292783 ], [ 10.968443127314647, 53.64591479810565 ], [ 10.968045655180667, 53.645887371119997 ], [ 10.967726438952484, 53.645624994677497 ], [ 10.96736050025037, 53.645090285828658 ], [ 10.966947021444442, 53.644615595065858 ], [ 10.966457582033524, 53.644461054055284 ], [ 10.965446340559943, 53.644519839878498 ], [ 10.963596035083432, 53.644888886690595 ], [ 10.959693859100692, 53.645886661742786 ], [ 10.95573871444361, 53.646938235475211 ], [ 10.954120823824871, 53.647251771704489 ], [ 10.952760702372977, 53.64728940441011 ], [ 10.952995356009597, 53.648553320333711 ], [ 10.952425755076574, 53.650702810993408 ], [ 10.953089855210282, 53.652671982032921 ], [ 10.953196804501038, 53.654336018595629 ], [ 10.9550443947477, 53.656542773884901 ], [ 10.954761022618657, 53.658757396957839 ], [ 10.94981237911086, 53.658319454510703 ], [ 10.949067270745374, 53.660704950678095 ], [ 10.947955712668579, 53.660908196822909 ], [ 10.946864753604224, 53.659948470151107 ], [ 10.945611465635178, 53.658984314461875 ], [ 10.94385133962073, 53.660054833344326 ], [ 10.943736284022002, 53.661441180842267 ], [ 10.941543661562498, 53.662652008382402 ], [ 10.942436059955813, 53.663429337538489 ], [ 10.940099027804861, 53.665075401284383 ], [ 10.938337372634173, 53.666258786851479 ], [ 10.941841838192557, 53.669417506424985 ], [ 10.940958512087501, 53.671801957635829 ], [ 10.939919899029974, 53.673283953592964 ], [ 10.942549910283605, 53.673646463679248 ], [ 10.94407248325051, 53.673993614199297 ], [ 10.94255634700777, 53.681709713255366 ], [ 10.941903625911609, 53.684328149046138 ], [ 10.941100985214424, 53.684897544341098 ], [ 10.936121997040749, 53.687495066741285 ], [ 10.933648259388557, 53.68705005899259 ], [ 10.932058906429162, 53.687124212796761 ], [ 10.928613519346921, 53.686339834059545 ], [ 10.927680645540159, 53.688405772845655 ], [ 10.9267069225751, 53.689743603014534 ], [ 10.925078446023049, 53.689272570069306 ], [ 10.922906112228427, 53.689975589773724 ], [ 10.920668974498476, 53.688534485104029 ], [ 10.918605415670996, 53.689381109964756 ], [ 10.918665147661903, 53.691096021179867 ], [ 10.922950018508789, 53.691479845365102 ], [ 10.925567728410563, 53.691784126005402 ], [ 10.926102021585697, 53.692306465720343 ], [ 10.925404698184533, 53.693565698265871 ], [ 10.923478942696702, 53.695526811686321 ], [ 10.923081464840028, 53.697307717637109 ], [ 10.922449949527365, 53.699090864360954 ], [ 10.920695734427429, 53.69884356894643 ], [ 10.916806532251583, 53.699244447188491 ], [ 10.917904790374489, 53.701285464907663 ], [ 10.918721900054917, 53.70274942644027 ], [ 10.92005029802915, 53.704184112894382 ], [ 10.92173797371478, 53.705949375930935 ], [ 10.929522491661775, 53.705974451248004 ], [ 10.935171312958111, 53.706127962687688 ], [ 10.938247588205799, 53.706363253735155 ], [ 10.939938066529116, 53.706388589148247 ], [ 10.941256448008337, 53.70636691234678 ], [ 10.944150312045901, 53.70603306558607 ], [ 10.946086268028655, 53.705850921124522 ], [ 10.950946012700225, 53.705273588256759 ], [ 10.953655758118659, 53.706398132633161 ], [ 10.954939520953181, 53.707703898601999 ], [ 10.95490876019551, 53.708532148731642 ], [ 10.953848238761443, 53.709975666264477 ], [ 10.95692973012984, 53.711793085256794 ], [ 10.960462036531117, 53.713868959264303 ], [ 10.963552733063286, 53.715121841035995 ], [ 10.966240106220349, 53.715601324994104 ], [ 10.966396940182371, 53.716326414056113 ], [ 10.966658186452456, 53.716526955017891 ], [ 10.967286803746877, 53.716733159460439 ], [ 10.969202216749839, 53.716910391395508 ], [ 10.970079589076558, 53.71717794500281 ], [ 10.970606703484753, 53.717418125709202 ], [ 10.970899086632066, 53.717853235880192 ], [ 10.971548075058848, 53.718946262979784 ], [ 10.971876811273319, 53.719083504940755 ], [ 10.972379222215954, 53.71930505480843 ], [ 10.973606418567041, 53.719601571030395 ], [ 10.975851635569947, 53.72001446879306 ], [ 10.977144144069738, 53.720331571184303 ], [ 10.978428456019563, 53.720990753256878 ], [ 10.979695045846192, 53.721892800676173 ], [ 10.980473155238171, 53.722649583436969 ], [ 10.981261080550759, 53.723610200366956 ], [ 10.982363397806136, 53.725700425699145 ], [ 10.983164091717061, 53.727459149504774 ], [ 10.991213552489446, 53.72811495559538 ], [ 11.003898368456605, 53.729355508817214 ], [ 11.014932533078696, 53.728907178048686 ], [ 11.017116145783952, 53.727568197093767 ], [ 11.018068522011109, 53.72663909833426 ], [ 11.018830053767061, 53.72544388395977 ], [ 11.016344984465013, 53.724272545732624 ], [ 11.015405835257072, 53.723197827864468 ], [ 11.015171041760222, 53.72259108824845 ], [ 11.015421038201039, 53.721601339828069 ], [ 11.016366227573979, 53.719463276181791 ], [ 11.017086977732889, 53.717344173931188 ], [ 11.017613113812406, 53.71546343794018 ], [ 11.017794669721843, 53.713546860808968 ], [ 11.01809077209928, 53.712321908682405 ], [ 11.017965523390357, 53.711754877409902 ], [ 11.017633658758401, 53.711337074593466 ], [ 11.016334496605641, 53.710294542071701 ], [ 11.015785673092555, 53.709629100331824 ], [ 11.015803051633329, 53.709272839707715 ], [ 11.016222641984688, 53.708543754434075 ], [ 11.01624765641135, 53.708169410342521 ], [ 11.016127677051486, 53.707808227010005 ], [ 11.015431537287405, 53.706948395948309 ], [ 11.015226226538937, 53.706404715729832 ], [ 11.015416007591291, 53.70525720130933 ], [ 11.01568808190275, 53.704737364111196 ], [ 11.016065541469832, 53.70438146611945 ], [ 11.016752929735965, 53.704061268281741 ], [ 11.019397609474009, 53.703552821991792 ], [ 11.020993754159154, 53.703579785842322 ], [ 11.02136287335464, 53.703417993019826 ], [ 11.021797954738062, 53.703100257959882 ], [ 11.022323996547046, 53.70213892589333 ], [ 11.022946406919221, 53.70133888642799 ], [ 11.023699244765641, 53.700920934047261 ], [ 11.025397423285973, 53.700319965206099 ], [ 11.026832349114484, 53.700075113330108 ], [ 11.03008075086546, 53.69966641145313 ], [ 11.032412393580946, 53.698839367468572 ], [ 11.043948919898778, 53.701607821237623 ], [ 11.045438073561902, 53.700677689246575 ], [ 11.046396913821384, 53.700193245036154 ], [ 11.047925150425955, 53.699787451760407 ], [ 11.050029135699431, 53.699478023778369 ], [ 11.051451874247041, 53.699469051597482 ], [ 11.053374524706895, 53.699588591372027 ], [ 11.057621900305051, 53.700371312667713 ], [ 11.058530866919181, 53.700498557067505 ], [ 11.060707772922184, 53.700583403664233 ], [ 11.061901755530474, 53.700748360520322 ], [ 11.062756426566569, 53.701066216408023 ], [ 11.063250825100468, 53.701465382192808 ], [ 11.063856388072498, 53.702123975266034 ], [ 11.064536619718821, 53.703472899509151 ], [ 11.064744917229914, 53.704348999477844 ], [ 11.064726075066636, 53.705129209116286 ], [ 11.064421626495973, 53.705604920416349 ], [ 11.063779994609952, 53.705992388462541 ], [ 11.062800541095646, 53.706517235222663 ], [ 11.062118423360987, 53.706870517651112 ], [ 11.061730916747473, 53.707305247805735 ], [ 11.061224495725099, 53.708865074802475 ], [ 11.061243219301739, 53.710077978333779 ], [ 11.061633192612968, 53.71073396467601 ], [ 11.061925527952138, 53.71105802598926 ], [ 11.062627113097188, 53.711549984784178 ], [ 11.063709734647805, 53.712099834084086 ], [ 11.068661443102156, 53.713745216232809 ], [ 11.070402372060318, 53.714430471210747 ], [ 11.071969026416769, 53.715323430452095 ], [ 11.07500406456076, 53.717351808190486 ], [ 11.083247218721313, 53.718760186271986 ], [ 11.079855544150707, 53.723015585648554 ], [ 11.076260120921205, 53.725799604615908 ], [ 11.075565832083484, 53.728504339765529 ], [ 11.072406898396977, 53.731497721368044 ], [ 11.080650043788189, 53.734216112445289 ], [ 11.084991203447847, 53.73702293630889 ], [ 11.086571813407714, 53.737726480392567 ], [ 11.08779294098834, 53.738241837164942 ], [ 11.08825519199425, 53.738572974035861 ], [ 11.088584622697194, 53.738911509187083 ], [ 11.088674183578977, 53.739509931915684 ], [ 11.088535035311365, 53.740150543046774 ], [ 11.088115962204823, 53.740891119291582 ], [ 11.087700801515091, 53.742074142736499 ], [ 11.087848678145621, 53.742628347291038 ], [ 11.088227682251405, 53.743293100459525 ], [ 11.088741063777588, 53.74390555709499 ], [ 11.090376305486711, 53.745510493603391 ], [ 11.093162064454452, 53.747939778011549 ], [ 11.095093778088662, 53.750642628866956 ], [ 11.113347515986296, 53.744275227358365 ], [ 11.115994374074948, 53.745846365243906 ], [ 11.11704264670122, 53.746336948623387 ], [ 11.117553323724781, 53.746474809459741 ], [ 11.118308467927827, 53.746666125409391 ], [ 11.119050661764767, 53.746791560794371 ], [ 11.122948066242797, 53.747171114577739 ], [ 11.126222158342813, 53.748179744964027 ], [ 11.127166669506336, 53.748379017802108 ], [ 11.128862041390374, 53.748666226475628 ], [ 11.130350804086634, 53.74890353876782 ], [ 11.133750683935313, 53.749324612696952 ], [ 11.135003700007514, 53.749426859053862 ], [ 11.13513314457543, 53.750674706505599 ], [ 11.135317871509889, 53.751855833023903 ], [ 11.136656186418749, 53.754431253044636 ], [ 11.139513397472838, 53.755276068579938 ], [ 11.140968366197605, 53.755704644935292 ], [ 11.142331615469613, 53.756081848302728 ], [ 11.142953874305256, 53.756491483314804 ], [ 11.143395552247771, 53.757270798659022 ], [ 11.143621596116342, 53.758124512984864 ], [ 11.143838074658087, 53.759968474838303 ], [ 11.144068985860004, 53.760746447963129 ], [ 11.145398638185531, 53.763366137131491 ], [ 11.146711441840713, 53.76547699131406 ], [ 11.147703915482817, 53.767531340331033 ], [ 11.148420421762786, 53.768460265748281 ], [ 11.148865266728729, 53.768768515989088 ], [ 11.149184044391966, 53.768921958470344 ], [ 11.149893292672425, 53.769211424660988 ], [ 11.15114564217407, 53.769400870935534 ], [ 11.152321851808143, 53.769483888764171 ], [ 11.155999019643875, 53.769636720135374 ], [ 11.158703746290724, 53.772125034404574 ], [ 11.160844276348383, 53.773594893596609 ], [ 11.162885574043345, 53.775164107264466 ], [ 11.16372761342452, 53.775994566299076 ], [ 11.164374186550649, 53.777208797478096 ], [ 11.164840004081622, 53.779000765588137 ], [ 11.16533831896913, 53.783531520464081 ], [ 11.165068150214829, 53.785668623786663 ], [ 11.170872593857219, 53.787128775551359 ], [ 11.170390991114388, 53.790229827593997 ], [ 11.176172901949824, 53.792443627722477 ], [ 11.17824827872462, 53.794018529972476 ], [ 11.180240692812626, 53.794508175905129 ], [ 11.182866365038349, 53.79459807998235 ], [ 11.184948128763311, 53.789474071195308 ], [ 11.186366061760792, 53.7862559989536 ], [ 11.184760679246764, 53.782707894390718 ], [ 11.188668107465364, 53.782165525437527 ], [ 11.190336435308716, 53.77893884405745 ], [ 11.199711074453788, 53.776469081987678 ], [ 11.201211607262165, 53.776963224785042 ], [ 11.206690589328588, 53.774560525566201 ], [ 11.205495715430077, 53.773443981351527 ], [ 11.212604577274877, 53.770652692667987 ], [ 11.217557276067536, 53.770676146169293 ], [ 11.220317531654612, 53.770824277373329 ], [ 11.222460735336062, 53.77123001377231 ], [ 11.223667541391675, 53.771557446544826 ], [ 11.225010937063463, 53.772042949561644 ], [ 11.22644323597545, 53.772892141053539 ], [ 11.228492906234065, 53.774324075345589 ], [ 11.232894935209554, 53.776287125892964 ], [ 11.234819123504781, 53.77523210351869 ], [ 11.236220793107572, 53.773284377653361 ], [ 11.236672113775306, 53.772373057592787 ], [ 11.237300207706856, 53.771167069305712 ], [ 11.237672006160496, 53.770659011211585 ], [ 11.238265430549767, 53.770283726053989 ], [ 11.239002557210192, 53.770161179959267 ], [ 11.239904039358461, 53.770310025745708 ], [ 11.241464328586805, 53.770735367114071 ], [ 11.241896589528059, 53.770776018184819 ], [ 11.246496799609661, 53.771066435991258 ], [ 11.247245743769913, 53.76886036368041 ], [ 11.247455991199139, 53.766520856172811 ], [ 11.247794163425034, 53.765207833569001 ], [ 11.248241553998392, 53.764604575219501 ], [ 11.248765736586559, 53.764190169513853 ], [ 11.249183276586873, 53.764044122375267 ], [ 11.249556784580651, 53.764015565994853 ], [ 11.250376700896297, 53.764312755208174 ], [ 11.251206941086609, 53.764811098234617 ], [ 11.252052636848163, 53.765426377303697 ], [ 11.253115704968119, 53.76612478973793 ], [ 11.253854097717969, 53.766402063336606 ], [ 11.254207892539631, 53.766456066430727 ], [ 11.255050448823907, 53.766576359732412 ], [ 11.256348472486501, 53.766520402185613 ], [ 11.257556331454664, 53.766310772505932 ], [ 11.258490316679744, 53.766006179502007 ], [ 11.258917596862059, 53.765749594848153 ], [ 11.259295863117806, 53.765432987774808 ], [ 11.25946967349512, 53.764817231829149 ], [ 11.259442495054211, 53.763824327465642 ], [ 11.259481469841328, 53.763145939187929 ], [ 11.260413756605644, 53.761406870538359 ], [ 11.262079144835287, 53.760095873456827 ], [ 11.26344236631293, 53.758950288830199 ], [ 11.26400992529952, 53.758263410074271 ], [ 11.264221735350503, 53.757849037615308 ], [ 11.264547233516939, 53.756844098106797 ], [ 11.281360551788575, 53.761357024086571 ], [ 11.288229345299493, 53.750190092387641 ], [ 11.296219583043133, 53.750197265083777 ], [ 11.293615343592139, 53.754965566549636 ], [ 11.293015941149932, 53.759207904147701 ], [ 11.292971127833423, 53.761737026822537 ], [ 11.292717424551768, 53.762608126943917 ], [ 11.292403632827355, 53.762874320314658 ], [ 11.290768493294534, 53.763708744611925 ], [ 11.290564326540382, 53.763951443029313 ], [ 11.290706494812346, 53.764116825518876 ], [ 11.291046056573615, 53.764329166703625 ], [ 11.291709552093593, 53.76445273064396 ], [ 11.292671026520031, 53.764496242136097 ], [ 11.29500954692366, 53.764251649552108 ], [ 11.295533092319397, 53.764222266238512 ], [ 11.298879232778672, 53.763591575118859 ], [ 11.300286533675195, 53.763502888532813 ], [ 11.301373547041765, 53.763711220274786 ], [ 11.30413625310177, 53.764776748836667 ], [ 11.305090859265293, 53.764927887637391 ], [ 11.306409695790109, 53.765066977879307 ], [ 11.310145341757023, 53.765257361855781 ], [ 11.312131646792791, 53.7652526419634 ], [ 11.31396554392056, 53.765143054371215 ], [ 11.31539307373523, 53.764928306075269 ], [ 11.315825044889086, 53.764800135764283 ], [ 11.316107804741687, 53.764454875665322 ], [ 11.3164746409216, 53.763421007327779 ], [ 11.316901345605054, 53.762891841512136 ], [ 11.31801709146133, 53.762362970493371 ], [ 11.319368560157859, 53.761886904282214 ], [ 11.321214450084163, 53.76143942233346 ], [ 11.321638899648393, 53.761617616846536 ], [ 11.321886228573165, 53.762018908139218 ], [ 11.321598436320667, 53.763825421607464 ], [ 11.321907193685723, 53.765344088210433 ], [ 11.321110902284245, 53.766893337736505 ], [ 11.318626107115556, 53.771208856195038 ], [ 11.317928132184473, 53.775382961754815 ], [ 11.314244539439565, 53.78208530334895 ], [ 11.31375979185483, 53.783774373655774 ], [ 11.310747638605156, 53.787811604927896 ], [ 11.310111308525139, 53.792577228058221 ], [ 11.3087632228505, 53.797846279281877 ], [ 11.304689305912635, 53.805126188311476 ], [ 11.293541125358308, 53.803630599482275 ], [ 11.293879751733456, 53.806200944485468 ], [ 11.287123200443126, 53.807600478431503 ], [ 11.289111963299936, 53.813585948365684 ], [ 11.296210352839886, 53.820459261004622 ], [ 11.3004428989834, 53.819112217288612 ], [ 11.300362295933422, 53.83194970213065 ], [ 11.298671941995099, 53.836028761777875 ], [ 11.294910188385975, 53.836594094728476 ], [ 11.293661964106466, 53.836937414349315 ], [ 11.293092645333596, 53.837334588323628 ], [ 11.292449234352423, 53.838268254254572 ], [ 11.295986522208121, 53.843026985647661 ], [ 11.306467459786152, 53.843474565772027 ], [ 11.30246341412756, 53.850496018453804 ], [ 11.303701712372403, 53.851211990227519 ], [ 11.30535575500546, 53.851537850933951 ], [ 11.305967014139975, 53.851528896744149 ], [ 11.307803384697063, 53.851351501378687 ], [ 11.313190116180326, 53.850487246672522 ], [ 11.315238908198197, 53.85026872921361 ], [ 11.316390707008845, 53.850248023512144 ], [ 11.316731058051676, 53.852290903369941 ], [ 11.316373620827902, 53.854590887946046 ], [ 11.323532479477461, 53.851392695109126 ], [ 11.326082501329914, 53.851992281450954 ], [ 11.330161650879198, 53.850802264549941 ], [ 11.332068784820535, 53.850323068640066 ], [ 11.33317997041906, 53.850176520889789 ], [ 11.333922378555974, 53.850318945137936 ], [ 11.33544471763709, 53.850881943474896 ], [ 11.335764293051092, 53.850872161910274 ], [ 11.336470949199279, 53.850856136723174 ], [ 11.338326530668313, 53.850306125205073 ], [ 11.3403054009098, 53.849631740017486 ], [ 11.341411188419851, 53.849680822744773 ], [ 11.342151858423065, 53.849928018778428 ], [ 11.342940708800958, 53.850802988539044 ], [ 11.34367745131072, 53.852161502901581 ], [ 11.346032499411717, 53.857314506951404 ], [ 11.347051547117282, 53.858854889849546 ], [ 11.347436081875632, 53.859286523546174 ], [ 11.348597031736372, 53.860020993775535 ], [ 11.350311720186689, 53.860895237786302 ], [ 11.354113061246331, 53.862552198125677 ], [ 11.350926525991222, 53.864005551304139 ], [ 11.352121568955114, 53.865919001137485 ], [ 11.352171102430045, 53.866435809714233 ], [ 11.351953745749322, 53.866896513758611 ], [ 11.351260464002669, 53.867776832840775 ], [ 11.349699367385197, 53.869252791661417 ], [ 11.348561251307501, 53.870546463066674 ], [ 11.348441262597822, 53.871304353532203 ], [ 11.348549302004345, 53.871653499121194 ], [ 11.348777287331229, 53.871904681271864 ], [ 11.349223785041215, 53.872266434583359 ], [ 11.350063455904182, 53.872544115460776 ], [ 11.351243264713437, 53.872753240794509 ], [ 11.3527381810551, 53.872837413329847 ], [ 11.355835103223082, 53.872845047937297 ], [ 11.357687155167678, 53.872932623866113 ], [ 11.359182659071584, 53.873133500758179 ], [ 11.360048605966639, 53.873447973652183 ], [ 11.360600988430551, 53.873926491106289 ], [ 11.360785627892446, 53.874395391219082 ], [ 11.360791391793905, 53.874873791487332 ], [ 11.360358823632904, 53.876908750680869 ], [ 11.360313129763382, 53.8774750044306 ], [ 11.363362900870948, 53.878771162006394 ], [ 11.381776985168532, 53.876693498043096 ], [ 11.386490377226099, 53.887904524905146 ], [ 11.39052022116304, 53.893525414057066 ], [ 11.396680920287062, 53.892848916715685 ], [ 11.40014872988567, 53.892409828224672 ], [ 11.408982961576156, 53.88808795536174 ], [ 11.410495732402911, 53.886089754397091 ], [ 11.41389190315693, 53.885108599029962 ], [ 11.419794632649882, 53.879510567346124 ], [ 11.41777884892895, 53.878865763146429 ], [ 11.417274477760614, 53.874360732794052 ], [ 11.41837174186983, 53.873115461942376 ], [ 11.417361365507732, 53.871063748039269 ], [ 11.420035857244104, 53.870408912769946 ], [ 11.422120332456398, 53.868595571897032 ], [ 11.426005442688648, 53.868096696245217 ], [ 11.428761326172236, 53.866984094725076 ], [ 11.429765163352434, 53.865349311727677 ], [ 11.430618501700941, 53.865116763796642 ], [ 11.434181867760843, 53.872472539590646 ], [ 11.437241200753466, 53.872024082845421 ], [ 11.439023879724841, 53.877605192565952 ], [ 11.444189601316182, 53.876544458057872 ], [ 11.443741132929361, 53.87521318069529 ], [ 11.447239580909727, 53.874391116784068 ], [ 11.446935255684281, 53.873660762564199 ], [ 11.44984439889781, 53.87299055383594 ], [ 11.450596125909547, 53.870785161146891 ], [ 11.451182592674831, 53.870884709631497 ], [ 11.452642413608118, 53.87235297198265 ], [ 11.459069465275059, 53.874116770925447 ], [ 11.462389359864886, 53.869813959680478 ], [ 11.465703758110864, 53.87023389483484 ], [ 11.46843697765512, 53.869435920634849 ], [ 11.483184492284868, 53.86673375186443 ], [ 11.483876708034698, 53.868335048042823 ], [ 11.486591898072374, 53.867633069842 ], [ 11.491712005497675, 53.874092872814842 ], [ 11.495042015403977, 53.873896888200321 ], [ 11.50054824055446, 53.873290501833829 ], [ 11.501530694033923, 53.874927141234807 ], [ 11.503016228498874, 53.875874101189574 ], [ 11.508022590811075, 53.877088911042954 ], [ 11.513270695822413, 53.87648424481003 ], [ 11.51528832216294, 53.879187321360021 ], [ 11.509751887137808, 53.881947861362342 ], [ 11.510835232594099, 53.884301679238007 ], [ 11.51906546129848, 53.882387809072156 ], [ 11.520000446475002, 53.884915356010538 ], [ 11.519266620432465, 53.88651283894189 ], [ 11.521564306982716, 53.886448958659791 ], [ 11.524087587290905, 53.885690704036975 ], [ 11.527391394599293, 53.889989891062029 ], [ 11.523124791908131, 53.890982706932803 ], [ 11.524000843938433, 53.892182548220262 ], [ 11.52741762853173, 53.891757382620412 ], [ 11.530095389416335, 53.896338686768118 ], [ 11.53350313711465, 53.900319458738757 ], [ 11.514875634753119, 53.90147289129709 ], [ 11.504663158029098, 53.903729210663514 ], [ 11.503028757669039, 53.907908246491083 ], [ 11.503940959341763, 53.910422298044224 ], [ 11.506131380575985, 53.91200174501185 ], [ 11.51137369586162, 53.913854066723303 ], [ 11.512745519091444, 53.917687641630984 ], [ 11.509278571826037, 53.918257950572752 ], [ 11.512041817822549, 53.920888207980269 ], [ 11.515435652300784, 53.923611478116833 ], [ 11.515710301347109, 53.925538143640374 ], [ 11.516193760272161, 53.927786542638522 ], [ 11.509815208367742, 53.928209525017756 ], [ 11.508658246213521, 53.930874474219415 ], [ 11.486518023507621, 53.934374359953857 ], [ 11.486684925749822, 53.93852600633798 ], [ 11.479831423770952, 53.93860206780537 ], [ 11.480057700291326, 53.939097346319038 ], [ 11.481551048419233, 53.945726901533071 ], [ 11.482432804304352, 53.947524952399831 ], [ 11.48141227536383, 53.949068167300005 ], [ 11.481812172296895, 53.950204136487983 ], [ 11.4816149212753, 53.951715917953464 ], [ 11.480850514931966, 53.954356507718465 ], [ 11.480944405460518, 53.957129122681273 ], [ 11.480814432069293, 53.957884382965069 ], [ 11.479821763071939, 53.961434570418419 ], [ 11.48213864755536, 53.96274457804801 ], [ 11.482970541309689, 53.964582924978849 ], [ 11.48343505193807, 53.966931651664972 ], [ 11.48259411184114, 53.968168392355174 ], [ 11.48013545023818, 53.968260313434804 ], [ 11.478541334285863, 53.96763031390455 ], [ 11.478737136729681, 53.966599920790024 ], [ 11.479038085675452, 53.965635668254237 ], [ 11.479123761115616, 53.964601998742715 ], [ 11.478281448102662, 53.96418784478805 ], [ 11.47666669341352, 53.965048283271585 ], [ 11.474903604521668, 53.965125363194886 ], [ 11.471539570541037, 53.963342595569877 ], [ 11.471153857668053, 53.965274991145215 ], [ 11.471677007778055, 53.966909848822702 ], [ 11.472379831817527, 53.96770726859755 ], [ 11.472386119523975, 53.968876300062433 ], [ 11.469460608206457, 53.969694996408663 ], [ 11.466817656495429, 53.969811517394405 ], [ 11.464446379639556, 53.969224511331966 ], [ 11.464076393874221, 53.967075319149906 ], [ 11.460728858903664, 53.965096903520546 ], [ 11.459792561403235, 53.963188483658691 ], [ 11.458964902204738, 53.962292561438829 ], [ 11.456289148201707, 53.961726583802061 ], [ 11.454962037597294, 53.962130305908339 ], [ 11.455038705195067, 53.961216963937915 ], [ 11.455641969292756, 53.960559826813601 ], [ 11.454800139749251, 53.960081556578139 ], [ 11.456078330208809, 53.958105821309111 ], [ 11.455456628891518, 53.957248363735729 ], [ 11.449248626929107, 53.957952760359063 ], [ 11.444216890746171, 53.960266360963161 ], [ 11.442004540261319, 53.964282715915438 ], [ 11.441673875518072, 53.969456305969437 ], [ 11.443651645848567, 53.972046073561984 ], [ 11.446493412774077, 53.974783932957763 ], [ 11.446374210743826, 53.977503969965269 ], [ 11.445793241873385, 53.980468409819906 ], [ 11.445065713731461, 53.983817584963191 ], [ 11.445246118601725, 53.988163185412667 ], [ 11.445857949575812, 53.992587434703708 ], [ 11.446129553171197, 53.993905174408418 ], [ 11.445111518583392, 53.994900749462985 ], [ 11.446820272197673, 53.996085250002892 ], [ 11.446336730334423, 53.997333234878198 ], [ 11.444489118669186, 53.997322083339014 ], [ 11.443186588864615, 53.995987808750222 ], [ 11.441556060124583, 53.99493303837373 ], [ 11.439636135820448, 53.994727415107242 ], [ 11.439307749278573, 53.993302762758134 ], [ 11.437308856889917, 53.992270339714025 ], [ 11.435493889791985, 53.991633891510396 ], [ 11.433823283709428, 53.989316127434932 ], [ 11.43134814173423, 53.988572787183543 ], [ 11.43010022039932, 53.987333013667708 ], [ 11.427913548023811, 53.985011412197025 ], [ 11.429723400088864, 53.985281466238767 ], [ 11.430614565519679, 53.984026901412463 ], [ 11.428595055188465, 53.983506016520167 ], [ 11.429025048529882, 53.981136959525791 ], [ 11.428801108302551, 53.979822082388615 ], [ 11.42950392676007, 53.977402010878599 ], [ 11.427973166930087, 53.976569093826988 ], [ 11.427822317384418, 53.974619926182193 ], [ 11.429121637271157, 53.971539558500119 ], [ 11.429817155496652, 53.969528582820878 ], [ 11.426889652142457, 53.967170121345475 ], [ 11.428892359705264, 53.964670093650447 ], [ 11.42809115920759, 53.961952225804865 ], [ 11.430918184353917, 53.962231644479978 ], [ 11.432909309027785, 53.964012257475979 ], [ 11.432463276666333, 53.962340025297223 ], [ 11.430291957847549, 53.961148267933723 ], [ 11.427283391123032, 53.960517103916047 ], [ 11.421007113858385, 53.961780749560042 ], [ 11.417334313537923, 53.963613102822976 ], [ 11.413724923739673, 53.965970874534079 ], [ 11.41132176125963, 53.968122086493921 ], [ 11.408887431318535, 53.968959218863361 ], [ 11.403290851677724, 53.968433194679648 ], [ 11.400386217164501, 53.96906736670941 ], [ 11.399322042647213, 53.970855209648143 ], [ 11.397217840609189, 53.971463744558825 ], [ 11.395573485248581, 53.973088735061225 ], [ 11.392902890778219, 53.974474325080422 ], [ 11.390376898662051, 53.972746140753515 ], [ 11.389885803113925, 53.971791251892256 ], [ 11.389560065211102, 53.971141554452387 ], [ 11.386387513699873, 53.968968516902869 ], [ 11.387541401046789, 53.967781561662633 ], [ 11.390649046387388, 53.967496888144701 ], [ 11.393084331066603, 53.966320804890017 ], [ 11.395721823231783, 53.967512032376113 ], [ 11.400214992835506, 53.967137974039261 ], [ 11.401276622275361, 53.967604937960793 ], [ 11.402509129167274, 53.967319075010629 ], [ 11.404706222407752, 53.967317838883304 ], [ 11.40741230636082, 53.967789045326619 ], [ 11.410272073403691, 53.967143023063471 ], [ 11.410282179293711, 53.966384411840096 ], [ 11.407825236442779, 53.965597612029718 ], [ 11.40450871836849, 53.964526422391657 ], [ 11.39938132611775, 53.964048868837338 ], [ 11.393566004161103, 53.964432120870633 ], [ 11.387462891894309, 53.966312390335034 ], [ 11.384414497323903, 53.968729035348112 ], [ 11.381021159414505, 53.971625101958161 ], [ 11.378256069686181, 53.975345987956793 ], [ 11.37551240917071, 53.985444880454921 ], [ 11.376035311103735, 53.989727298292372 ], [ 11.375009164395047, 53.992643641820699 ], [ 11.378126201774354, 53.997181481909692 ], [ 11.383781303027391, 53.999734252306069 ], [ 11.390066895379382, 54.002524740462896 ], [ 11.397825246881713, 54.006285557695328 ], [ 11.403810091363043, 54.008704348926379 ], [ 11.416353893817233, 54.011688963726435 ], [ 11.427976066485815, 54.015133196066422 ], [ 11.43502067949373, 54.017783495499216 ], [ 11.44707059739887, 54.02148291624313 ], [ 11.455745912211389, 54.023322069640727 ], [ 11.470591015965095, 54.024463129519859 ], [ 11.4753614171363, 54.024189640416232 ], [ 11.482766291138594, 54.023402234351572 ], [ 11.487595607626504, 54.022909624524097 ], [ 11.491718603265648, 54.022599479173152 ], [ 11.495034990370922, 54.020829270946322 ], [ 11.496065145442699, 54.018504791059819 ], [ 11.496170362285316, 54.015799544421867 ], [ 11.494926985376482, 54.012274214022455 ], [ 11.494363912985808, 54.010996027389602 ], [ 11.493925756692965, 54.006833122491507 ], [ 11.49213022212909, 54.005299506322935 ], [ 11.49256975199199, 54.003261869003119 ], [ 11.491207957483482, 54.00211630070315 ], [ 11.490458379860694, 54.000483627530301 ], [ 11.487921961210501, 53.998843852624425 ], [ 11.488106237212147, 54.000040432004489 ], [ 11.486865084829669, 54.000439066053104 ], [ 11.488551014015259, 54.001461980208006 ], [ 11.487494078087964, 54.003029402516958 ], [ 11.486527093584963, 54.002210259835486 ], [ 11.484367339915403, 54.001993893062064 ], [ 11.482880491683341, 54.001540784696978 ], [ 11.482844147095891, 54.002838501549114 ], [ 11.48340051362095, 54.004518680894755 ], [ 11.48544829654676, 54.006474575240844 ], [ 11.485796493357835, 54.007490436486364 ], [ 11.484489179525944, 54.00884449837195 ], [ 11.483135277498659, 54.008441480416202 ], [ 11.483140660468756, 54.006903791273594 ], [ 11.482452908418978, 54.005819689213951 ], [ 11.48156340890764, 54.003423946909514 ], [ 11.481850717585054, 54.00080417283344 ], [ 11.481649399936545, 53.999419374748662 ], [ 11.478743338279326, 53.99800695235588 ], [ 11.479795911438524, 53.990542559792544 ], [ 11.479102869820021, 53.988316355670214 ], [ 11.478838591599589, 53.98494107904947 ], [ 11.479549738576081, 53.981719285094783 ], [ 11.477223368592899, 53.980613508226526 ], [ 11.473547936695153, 53.979859843207713 ], [ 11.468639886276746, 53.974572320256783 ], [ 11.467988842761072, 53.972897067025343 ], [ 11.471065365040602, 53.971692258943847 ], [ 11.475654224448151, 53.970686002914931 ], [ 11.479275419140798, 53.970317542195701 ], [ 11.482401443285724, 53.971371233896875 ], [ 11.484097901667337, 53.972028128191603 ], [ 11.484575808805689, 53.974301491425202 ], [ 11.487719105279057, 53.974706168447746 ], [ 11.487098651664812, 53.973063742872533 ], [ 11.486161815120607, 53.9710908087267 ], [ 11.488790398005534, 53.968223926126875 ], [ 11.491484164368028, 53.969238282503952 ], [ 11.493568412769987, 53.970594973309964 ], [ 11.493988813661419, 53.97195506680125 ], [ 11.492342759659273, 53.974706624046348 ], [ 11.490876068129573, 53.976718093859581 ], [ 11.494042634385147, 53.979357276298835 ], [ 11.496566577625792, 53.980663516370967 ], [ 11.498694153287957, 53.981566407145401 ], [ 11.498978793676555, 53.982094070955455 ], [ 11.499395126281984, 53.983726308267947 ], [ 11.499744432553506, 53.985647653100592 ], [ 11.499312811010611, 53.98728714132082 ], [ 11.498446714447443, 53.988536158820217 ], [ 11.494607631580633, 53.988318627638357 ], [ 11.493195300574296, 53.989443168015477 ], [ 11.490405183170466, 53.993599538808382 ], [ 11.496097775746334, 53.994879651987709 ], [ 11.497146023351746, 53.995643249907971 ], [ 11.499404634554548, 53.999413014341528 ], [ 11.503094294295112, 54.002498895458459 ], [ 11.505632990718331, 54.005032885350417 ], [ 11.507347268538043, 54.009106189418091 ], [ 11.509585255316859, 54.01175722190073 ], [ 11.512432592862151, 54.01351285022794 ], [ 11.514233451734359, 54.014253417740342 ], [ 11.516348504282833, 54.015248152854554 ], [ 11.520280655274966, 54.016321048936618 ], [ 11.528110523547825, 54.017864265762817 ], [ 11.53234054708766, 54.018786563060523 ], [ 11.534626108155063, 54.020173181747708 ], [ 11.535075984300937, 54.02321543593095 ], [ 11.533757768064874, 54.025230205863238 ], [ 11.531818120018936, 54.026119944616887 ], [ 11.529390719106415, 54.026982453449548 ], [ 11.529903611847146, 54.02563025640768 ], [ 11.52862362384132, 54.025398755104163 ], [ 11.525414234265648, 54.025466282471392 ], [ 11.520973051299041, 54.025368444440304 ], [ 11.517262511219309, 54.026125552166334 ], [ 11.517479780237519, 54.02817543643026 ], [ 11.518531456788631, 54.029949424417005 ], [ 11.520797996594958, 54.032126654523985 ], [ 11.524034352108885, 54.033804483817001 ], [ 11.529494771849219, 54.033755730551675 ], [ 11.532115069969262, 54.029335038339767 ], [ 11.535437717254414, 54.027160123151646 ] ], [ [ 11.449060214677946, 53.868581824519971 ], [ 11.449228258400439, 53.870184566967531 ], [ 11.447962399776779, 53.871094034013339 ], [ 11.446181538060342, 53.869705937029607 ], [ 11.444344789085154, 53.868279134877064 ], [ 11.445814334945974, 53.867279452247317 ], [ 11.44394727931469, 53.86511351098973 ], [ 11.446317272595618, 53.864407106590598 ], [ 11.447752878507931, 53.867995228902167 ], [ 11.449060214677946, 53.868581824519971 ] ], [ [ 11.665635008069065, 53.793599110670179 ], [ 11.666014610701907, 53.791349959297925 ], [ 11.669697836715576, 53.791623196913328 ], [ 11.672926986522736, 53.791181084388008 ], [ 11.676803191374805, 53.789674376415171 ], [ 11.67938755478156, 53.790034835148624 ], [ 11.682703281491213, 53.788020706673336 ], [ 11.684366940677355, 53.787144380311403 ], [ 11.685295184876658, 53.786619454225502 ], [ 11.686605840035686, 53.785545110710345 ], [ 11.687634242371411, 53.784743706691529 ], [ 11.688371270030018, 53.784292886085161 ], [ 11.688646716604175, 53.784171265330805 ], [ 11.689618196068347, 53.783753499434795 ], [ 11.690382737671641, 53.783444347845887 ], [ 11.691414057443716, 53.78306740596188 ], [ 11.692342850643055, 53.782696487455681 ], [ 11.693181779079342, 53.782459698281436 ], [ 11.693644629238923, 53.782449402864053 ], [ 11.694253032061624, 53.782715425564817 ], [ 11.694610894640922, 53.783069167728236 ], [ 11.695186622060561, 53.784074789566468 ], [ 11.695306125106631, 53.78475162599684 ], [ 11.695114165438905, 53.785783191283024 ], [ 11.694222445893351, 53.787135400562988 ], [ 11.693285092872973, 53.788599864554499 ], [ 11.6919184783609, 53.787689567326836 ], [ 11.690022697213179, 53.788233431871191 ], [ 11.691622144040373, 53.792513944224417 ], [ 11.687435321828064, 53.793239537576071 ], [ 11.684565990376448, 53.793134175309696 ], [ 11.678819591910543, 53.792976486097189 ], [ 11.671033299255368, 53.792511145367556 ], [ 11.665635008069065, 53.793599110670179 ] ] ] ] } },
{ "type": "Feature", "properties": { "wkr": 29, "wkr_name": "Vorpommern-Greifswald II" }, "geometry": { "type": "Polygon", "coordinates": [ [ [ 13.431989177180487, 53.751791475440051 ], [ 13.431297564314274, 53.751814546093804 ], [ 13.424242323789599, 53.752702068346281 ], [ 13.410508799546772, 53.757811410806525 ], [ 13.406546073680222, 53.759393619447643 ], [ 13.399995578864544, 53.761144370590145 ], [ 13.391873850069695, 53.762401002655544 ], [ 13.38987284552835, 53.759230099272237 ], [ 13.385486328420903, 53.755037519874229 ], [ 13.38329184251956, 53.753749196126769 ], [ 13.381553317807388, 53.752725941512885 ], [ 13.377039291360898, 53.750074232424865 ], [ 13.371049944162278, 53.748200608393653 ], [ 13.36709510884338, 53.749989471661763 ], [ 13.369071004129331, 53.752085264823393 ], [ 13.365699001117994, 53.753336938679837 ], [ 13.367293709058632, 53.755155700287204 ], [ 13.360227190386951, 53.75757409942166 ], [ 13.363947098045699, 53.760446461443529 ], [ 13.367344975251207, 53.76189187453005 ], [ 13.374102495358152, 53.76519177065498 ], [ 13.375789946175566, 53.766767305195103 ], [ 13.371065442664358, 53.770844114228339 ], [ 13.367844481113277, 53.771934150729095 ], [ 13.361191858841273, 53.77564232914294 ], [ 13.359685642809797, 53.779211316382337 ], [ 13.35781264096333, 53.780715733761014 ], [ 13.354125201259031, 53.78183080599559 ], [ 13.352228983789683, 53.785376625959294 ], [ 13.348993891729492, 53.786545694584525 ], [ 13.343817867220393, 53.787547764422413 ], [ 13.344095915208833, 53.804260240220941 ], [ 13.352902224882023, 53.803886217922994 ], [ 13.360523032234354, 53.801925561528904 ], [ 13.365966683988679, 53.799878910348632 ], [ 13.376664596828698, 53.799921159899199 ], [ 13.382844428705097, 53.803015322028763 ], [ 13.383094277067045, 53.805185421672576 ], [ 13.385114222871012, 53.806005221758689 ], [ 13.387517635541247, 53.80732328345654 ], [ 13.387695422631388, 53.81098503681978 ], [ 13.392247518762742, 53.81468681462939 ], [ 13.393002358013032, 53.816210328602622 ], [ 13.392121243697371, 53.819663517995679 ], [ 13.392047988771589, 53.819952679757783 ], [ 13.392155301836578, 53.82020477462531 ], [ 13.393660254454197, 53.824380490170348 ], [ 13.396482771526017, 53.828180002560053 ], [ 13.396504887420798, 53.830409746121646 ], [ 13.394096703952908, 53.834357739841046 ], [ 13.388820162541482, 53.836373733865642 ], [ 13.38606435104793, 53.83820112520015 ], [ 13.381787424279286, 53.83998850413245 ], [ 13.378300093274747, 53.844847618832041 ], [ 13.371630653770183, 53.848088264736496 ], [ 13.374210187097397, 53.854583060203517 ], [ 13.376605265361519, 53.855407198792953 ], [ 13.378191716996515, 53.856457202448759 ], [ 13.364973438510235, 53.862884055104367 ], [ 13.38171276910515, 53.867803500656201 ], [ 13.385968178991758, 53.86708630934325 ], [ 13.390535193799806, 53.868064752865841 ], [ 13.387788808950651, 53.872369205670438 ], [ 13.382339615450306, 53.877468885098992 ], [ 13.379911847893601, 53.879937511696895 ], [ 13.377400581047715, 53.880764316775505 ], [ 13.372335529936114, 53.883367662776379 ], [ 13.373492211132561, 53.88743622983128 ], [ 13.372969054834179, 53.889586433805199 ], [ 13.377340112686012, 53.893526750545718 ], [ 13.380391717678206, 53.893910717707939 ], [ 13.387635695717998, 53.894713807151554 ], [ 13.395405083406267, 53.893869057035353 ], [ 13.405989936000237, 53.892442139022634 ], [ 13.406444143331342, 53.899691450774384 ], [ 13.409699075557015, 53.902405808580376 ], [ 13.40420987631291, 53.909811770788785 ], [ 13.403477271614674, 53.909660670297377 ], [ 13.400353796731457, 53.909134337205643 ], [ 13.394022641634651, 53.90954874854129 ], [ 13.388132052384181, 53.909025026839558 ], [ 13.382086508836659, 53.910402927981735 ], [ 13.377893476432188, 53.913102407206608 ], [ 13.375438470034331, 53.916173453746239 ], [ 13.368813206386204, 53.92134523723972 ], [ 13.365331921767046, 53.922944240707302 ], [ 13.355371682219795, 53.924097124447592 ], [ 13.34886735220233, 53.925794875781953 ], [ 13.343848047945643, 53.928415500283968 ], [ 13.341017054690576, 53.93354963862199 ], [ 13.338659099139095, 53.936053720246896 ], [ 13.333994075547885, 53.93784607878964 ], [ 13.333589387724377, 53.937994893364596 ], [ 13.333273576250578, 53.938196963280078 ], [ 13.328991666483393, 53.940966412594257 ], [ 13.323923072308704, 53.943762644164394 ], [ 13.320463017061455, 53.946809123769015 ], [ 13.31694228751422, 53.951481088932461 ], [ 13.311913132390652, 53.957241831027545 ], [ 13.31169695594679, 53.957494893973113 ], [ 13.314568718645457, 53.958154334228922 ], [ 13.317168843750419, 53.959727386752967 ], [ 13.32138777920713, 53.961890360660007 ], [ 13.324290309852591, 53.961775011410317 ], [ 13.327257344274368, 53.962512464331404 ], [ 13.335044093868525, 53.961069563878581 ], [ 13.341139792694952, 53.9634700078226 ], [ 13.33971268097724, 53.965202203624834 ], [ 13.338232179664226, 53.966879875907253 ], [ 13.338008446471393, 53.972479747206556 ], [ 13.336870874243496, 53.976567881812983 ], [ 13.338783723563008, 53.977749472796916 ], [ 13.34256612320927, 53.982997303401994 ], [ 13.342361474034538, 53.984669021991316 ], [ 13.331500709127431, 53.988220668801624 ], [ 13.332611952662651, 53.9904228124106 ], [ 13.332332838222674, 53.991716115309828 ], [ 13.332138349193922, 53.993099197413059 ], [ 13.325565846223302, 53.998737542177338 ], [ 13.325334916451817, 53.998878107247663 ], [ 13.316773178134742, 53.999630683866201 ], [ 13.319613386688923, 54.004202852046319 ], [ 13.306580880094957, 54.005816304072461 ], [ 13.291113428607847, 54.007772046026453 ], [ 13.290264385033744, 54.012830302119774 ], [ 13.285928936257106, 54.02101571836053 ], [ 13.283014053146145, 54.021126426752943 ], [ 13.282669200394679, 54.023770783281378 ], [ 13.275641713785776, 54.031233682602199 ], [ 13.275170741337833, 54.030935562258556 ], [ 13.271918598930302, 54.030500053250087 ], [ 13.266374097998266, 54.030455404786167 ], [ 13.259769178518516, 54.029945407878728 ], [ 13.258048843464406, 54.02975168241673 ], [ 13.257737210866608, 54.029773490264553 ], [ 13.257571253671735, 54.029936582281493 ], [ 13.255096910481582, 54.032505771922125 ], [ 13.252667132882696, 54.034120084326453 ], [ 13.249417563133045, 54.034257306073933 ], [ 13.243378517562748, 54.034847382317452 ], [ 13.241623937017815, 54.036184329255548 ], [ 13.240263409493693, 54.037937118870133 ], [ 13.239616298316834, 54.039612521064477 ], [ 13.238637994584693, 54.045592281931526 ], [ 13.24000852933359, 54.048057789187709 ], [ 13.239594180602046, 54.049507115805291 ], [ 13.237584258740235, 54.052003738122274 ], [ 13.233666831450801, 54.055744181657545 ], [ 13.234503743332631, 54.059723475824157 ], [ 13.239480943932623, 54.06270467722775 ], [ 13.242128121978293, 54.062575680346256 ], [ 13.24539088358781, 54.065290427768062 ], [ 13.248377002278094, 54.067667501761015 ], [ 13.252247562742244, 54.066862313490205 ], [ 13.255565600535869, 54.067010715205406 ], [ 13.261523538098707, 54.065891471767522 ], [ 13.264164820171302, 54.065787650639116 ], [ 13.268014058557306, 54.063813782373082 ], [ 13.278095688239199, 54.06351967513973 ], [ 13.289022640323438, 54.073021750204639 ], [ 13.266016639361737, 54.0808449413272 ], [ 13.260123926830866, 54.082756819902727 ], [ 13.258055061375543, 54.084407139056481 ], [ 13.256026752493501, 54.087737806834092 ], [ 13.252805791571797, 54.093497484247671 ], [ 13.250863244344059, 54.096354190934527 ], [ 13.247991354512104, 54.10021475117437 ], [ 13.245741006863774, 54.101621099508492 ], [ 13.239495838030903, 54.102383780802569 ], [ 13.237759140452432, 54.103672261819355 ], [ 13.231187005608646, 54.104553317439048 ], [ 13.225506520207613, 54.105044446600608 ], [ 13.222131505918089, 54.107613852318593 ], [ 13.218689290966521, 54.11170232638662 ], [ 13.217533517317369, 54.116278570645548 ], [ 13.216367211875459, 54.117527605710947 ], [ 13.217965429686936, 54.119287286440354 ], [ 13.22263538852245, 54.120540106561158 ], [ 13.236959192856668, 54.120291295139637 ], [ 13.239733231166865, 54.121778009816602 ], [ 13.242747915210426, 54.120421078295195 ], [ 13.246535290405456, 54.120120983398621 ], [ 13.244491469693495, 54.122695773950809 ], [ 13.245752648436209, 54.124193569052593 ], [ 13.248807999502377, 54.125236563408073 ], [ 13.250643219652803, 54.127118718332596 ], [ 13.252951656213385, 54.128776457655654 ], [ 13.256000297110264, 54.129427660829691 ], [ 13.2599340630534, 54.130587999241456 ], [ 13.271105288516731, 54.132218529332533 ], [ 13.280827214213959, 54.132619388554929 ], [ 13.290721041239674, 54.133895143337277 ], [ 13.290102524347011, 54.13651892340021 ], [ 13.291472490612241, 54.139499730011927 ], [ 13.288920722550539, 54.14288758375033 ], [ 13.287497616381504, 54.144505121054898 ], [ 13.287488666336509, 54.149075007016748 ], [ 13.292732870316813, 54.150381023089615 ], [ 13.288822884120801, 54.156130210940788 ], [ 13.287867464538211, 54.159160267439631 ], [ 13.288830261764657, 54.165341654080898 ], [ 13.291815674176558, 54.167607805094804 ], [ 13.296125853265385, 54.174489286375682 ], [ 13.298190621589395, 54.178266437109059 ], [ 13.301472165978083, 54.181033574869879 ], [ 13.308870777463831, 54.186495101396929 ], [ 13.319939960681909, 54.193354575032231 ], [ 13.322454323464539, 54.190588186009272 ], [ 13.324533747306937, 54.185723895108822 ], [ 13.328055181204807, 54.182988879968207 ], [ 13.33197457939251, 54.182632729536465 ], [ 13.333154469682153, 54.182457178179774 ], [ 13.331631504420546, 54.179655763295322 ], [ 13.331382405754873, 54.178255454900224 ], [ 13.332254872324917, 54.177022958889587 ], [ 13.334489110231516, 54.176700320770273 ], [ 13.336880766443162, 54.176522053074009 ], [ 13.337238615473002, 54.175774533816764 ], [ 13.341151697687179, 54.175130383333823 ], [ 13.340924501557277, 54.173693989597488 ], [ 13.338601078367251, 54.173750018174168 ], [ 13.335798211499029, 54.173768734600742 ], [ 13.334838986510842, 54.171308195662597 ], [ 13.331179656570296, 54.170386718878653 ], [ 13.332009865461046, 54.169152118198525 ], [ 13.329127318854891, 54.167196346833158 ], [ 13.324843903370027, 54.165454150634041 ], [ 13.321901773500937, 54.163352551809979 ], [ 13.31711550077422, 54.160694496873155 ], [ 13.318648621211858, 54.159779028310027 ], [ 13.320280653709192, 54.15964030684767 ], [ 13.322578169262384, 54.16007236425375 ], [ 13.32519678024909, 54.16187498810401 ], [ 13.327189644618127, 54.16358741692823 ], [ 13.330348443562738, 54.164591013587611 ], [ 13.334101936319309, 54.164662730798852 ], [ 13.336198979774522, 54.165990068083346 ], [ 13.337561619414393, 54.167549210175011 ], [ 13.340013245391098, 54.167409207773652 ], [ 13.342036747428164, 54.167108086843406 ], [ 13.343493322047932, 54.1658131481013 ], [ 13.345768848899185, 54.165287805748278 ], [ 13.348393596583071, 54.165780078825769 ], [ 13.349967808546937, 54.167751111403248 ], [ 13.352489930915402, 54.167691293049224 ], [ 13.356620508467417, 54.168222548815834 ], [ 13.357230336099963, 54.170200039155091 ], [ 13.361888559794446, 54.170482553022914 ], [ 13.365039988063478, 54.171429194412262 ], [ 13.367698375525572, 54.17223311171729 ], [ 13.373987971405713, 54.176089758624727 ], [ 13.378694643234986, 54.1772071674784 ], [ 13.383581846562903, 54.176469538089052 ], [ 13.386418885893692, 54.175681086709453 ], [ 13.389329418991096, 54.17419105127712 ], [ 13.390825669430527, 54.172839084849926 ], [ 13.39189706801568, 54.171872079388201 ], [ 13.395083613923344, 54.170604637078995 ], [ 13.398703208762344, 54.169549596969652 ], [ 13.403480353407881, 54.170007251083419 ], [ 13.407414849703072, 54.168819419971392 ], [ 13.408888684835716, 54.166442842643129 ], [ 13.408399761767672, 54.164502935947233 ], [ 13.407193217988558, 54.16230536159712 ], [ 13.402805104370929, 54.161544039313327 ], [ 13.399064383503539, 54.160249837631 ], [ 13.395410549196828, 54.159624562025378 ], [ 13.395806434025271, 54.158594887248128 ], [ 13.39050884004814, 54.156413046528456 ], [ 13.389125606898126, 54.154677097401418 ], [ 13.387282114105837, 54.154189095910738 ], [ 13.384601592209068, 54.153017241423804 ], [ 13.381687022761644, 54.15219080086154 ], [ 13.381569385776329, 54.15167936518867 ], [ 13.381527035059175, 54.147932106791735 ], [ 13.381962963362289, 54.146037216415934 ], [ 13.382818036536682, 54.144622427259826 ], [ 13.383548109715635, 54.143089513213077 ], [ 13.38886840848598, 54.142768571309823 ], [ 13.389475362977532, 54.142881173930718 ], [ 13.393281893358305, 54.144116679089564 ], [ 13.397775236942932, 54.145428053057799 ], [ 13.40030310633052, 54.146623129359867 ], [ 13.402870035541268, 54.149673723615741 ], [ 13.404423803462954, 54.150940910665803 ], [ 13.405804146780017, 54.154512300244392 ], [ 13.407785280055927, 54.155520213359395 ], [ 13.410850591180637, 54.156201150295047 ], [ 13.411381910636152, 54.155622095174778 ], [ 13.41027193204985, 54.15454273819757 ], [ 13.407571222789027, 54.152272985976794 ], [ 13.409621985201827, 54.150777370315772 ], [ 13.409513445836382, 54.149625529417584 ], [ 13.406190844719081, 54.14833536350713 ], [ 13.406743824649954, 54.147151762525247 ], [ 13.408062281772725, 54.146515321140889 ], [ 13.411891996376445, 54.146453752282817 ], [ 13.412596851504389, 54.145440360448838 ], [ 13.415003400999018, 54.143752757686443 ], [ 13.417572086259518, 54.142231191156768 ], [ 13.420449474829438, 54.141807342839989 ], [ 13.4204632001848, 54.140654740464697 ], [ 13.424117108142086, 54.1400974186257 ], [ 13.426395812282585, 54.138943657759505 ], [ 13.429938788189558, 54.135396502110979 ], [ 13.431483167722641, 54.133203314905892 ], [ 13.432226317549032, 54.131303766240435 ], [ 13.434987225487017, 54.129485573033854 ], [ 13.436066639662348, 54.126707118605061 ], [ 13.438185664157476, 54.124039481239649 ], [ 13.440357935815271, 54.122643993877027 ], [ 13.439322599393982, 54.121411530615717 ], [ 13.434527961952668, 54.120261194560719 ], [ 13.432185785852729, 54.119838366629907 ], [ 13.428258100864849, 54.118083767899073 ], [ 13.42016084932858, 54.121078321688437 ], [ 13.416013684430657, 54.122472512716335 ], [ 13.413484427747033, 54.122307425277612 ], [ 13.413574374885316, 54.120717363887891 ], [ 13.407281870996192, 54.119579553523401 ], [ 13.410059451870161, 54.11421182063264 ], [ 13.410098150626109, 54.113398271957287 ], [ 13.404329552932577, 54.114026864767816 ], [ 13.401855553107396, 54.112400048655452 ], [ 13.399910088797906, 54.11098289494835 ], [ 13.39838011475762, 54.109745763942819 ], [ 13.39626302563698, 54.10753769992413 ], [ 13.394341661379297, 54.107521410754636 ], [ 13.390531399726095, 54.108645995097554 ], [ 13.388936434255445, 54.109174134332015 ], [ 13.381421247519537, 54.106668506116172 ], [ 13.38082418731056, 54.102810001912083 ], [ 13.378451953879933, 54.102377727992241 ], [ 13.374861679241455, 54.10835925454068 ], [ 13.371626774214272, 54.108911913702144 ], [ 13.370941698016624, 54.106613747972418 ], [ 13.364074706341182, 54.106798549720246 ], [ 13.369490550460942, 54.099121772597776 ], [ 13.365704017839652, 54.099285264339748 ], [ 13.361610081803388, 54.099677604331205 ], [ 13.357667565153838, 54.099612628620378 ], [ 13.352558465374946, 54.099512830279387 ], [ 13.34638569529435, 54.099888431082867 ], [ 13.341629949680614, 54.099550953338053 ], [ 13.338520981286486, 54.097920481032816 ], [ 13.336796654224173, 54.095141559206041 ], [ 13.335543894920331, 54.093808624335701 ], [ 13.334211431959739, 54.093094068896306 ], [ 13.33218082351649, 54.092642527557061 ], [ 13.328491141212101, 54.092770390344796 ], [ 13.323093557368278, 54.092309365334934 ], [ 13.321791769209213, 54.091989956650089 ], [ 13.321768203383785, 54.086166521559882 ], [ 13.319363333183556, 54.08470404362432 ], [ 13.336474028204677, 54.080577962404128 ], [ 13.335595309393295, 54.078609278419336 ], [ 13.353193890973762, 54.07687419783479 ], [ 13.355083762318044, 54.077959991732641 ], [ 13.354716735617604, 54.079683669344192 ], [ 13.356574608386444, 54.080115751834818 ], [ 13.358167592313778, 54.080668733750848 ], [ 13.359712346306594, 54.078231602603857 ], [ 13.358068757154317, 54.077196600354995 ], [ 13.359701293678356, 54.073821846507904 ], [ 13.359856530684104, 54.072418772446014 ], [ 13.357957445784566, 54.070296728506946 ], [ 13.361643013066313, 54.069308038241857 ], [ 13.358560105929788, 54.064721265693002 ], [ 13.36210430623114, 54.063943977843024 ], [ 13.361345183488497, 54.061520472382917 ], [ 13.37765831222042, 54.059831069671041 ], [ 13.385388334858883, 54.060093256156001 ], [ 13.389145216460099, 54.060335959831917 ], [ 13.392810077008791, 54.060444533741638 ], [ 13.401769503095295, 54.059393885996201 ], [ 13.404548352143523, 54.064099188082281 ], [ 13.408818737237848, 54.070007763091063 ], [ 13.420594319519594, 54.065789770979904 ], [ 13.433307688412061, 54.060421090169392 ], [ 13.44032041366351, 54.056451648648995 ], [ 13.45577564076415, 54.056112813429444 ], [ 13.455915762250957, 54.059133769395935 ], [ 13.453222918503355, 54.060489223736191 ], [ 13.453236161411121, 54.064503359291209 ], [ 13.461295927997146, 54.061293937509298 ], [ 13.468268154252286, 54.061569261035302 ], [ 13.471285562863658, 54.061883077206495 ], [ 13.479566184415269, 54.061885048104436 ], [ 13.483251730747574, 54.059386407587617 ], [ 13.488427004270422, 54.057745268746508 ], [ 13.48900962125297, 54.056484566487768 ], [ 13.490387714372098, 54.054410441309841 ], [ 13.496986859320264, 54.055331051532093 ], [ 13.495654239812543, 54.059424722199083 ], [ 13.502300573183248, 54.066477134484074 ], [ 13.505732476516007, 54.065411133396829 ], [ 13.505921640862198, 54.063874953352546 ], [ 13.511184961863679, 54.060964854828008 ], [ 13.512287455547307, 54.059621142500212 ], [ 13.516256481191053, 54.059653653367704 ], [ 13.520180933071263, 54.057821458012619 ], [ 13.521611689917949, 54.056007576784893 ], [ 13.539175739190989, 54.050856783851685 ], [ 13.538520325646779, 54.047260733383666 ], [ 13.517877878609898, 54.042160767659929 ], [ 13.511945082863992, 54.034229881079092 ], [ 13.512385656253144, 54.033437576814933 ], [ 13.516921547916704, 54.033286107660814 ], [ 13.520785132300816, 54.033639026145664 ], [ 13.521439982145012, 54.034851458719459 ], [ 13.523296530001748, 54.036352800444305 ], [ 13.525519522201837, 54.035774905103011 ], [ 13.528518611206971, 54.035248974605729 ], [ 13.53020052449514, 54.034554210905547 ], [ 13.534105939089731, 54.033157667779889 ], [ 13.534756782356387, 54.029860284765242 ], [ 13.550525493526182, 54.025123410392055 ], [ 13.551471082966065, 54.026798326365601 ], [ 13.552933748377187, 54.028857605275718 ], [ 13.552275870207684, 54.029582159452858 ], [ 13.555402891613014, 54.031957462084122 ], [ 13.557731019872858, 54.032730737149954 ], [ 13.562363495921316, 54.034369430165796 ], [ 13.563057304638356, 54.035563613877002 ], [ 13.564307644157527, 54.036577405526451 ], [ 13.570487102423462, 54.038532822929881 ], [ 13.577916247156326, 54.033691307666196 ], [ 13.576836056247869, 54.032024456084812 ], [ 13.582709824294451, 54.029146420641666 ], [ 13.584466005827542, 54.02902541630877 ], [ 13.585859314503006, 54.030833437404532 ], [ 13.593660582601023, 54.030674648330731 ], [ 13.604750620617072, 54.028575203404898 ], [ 13.608066591185196, 54.029013635694682 ], [ 13.61070354881671, 54.030030300994987 ], [ 13.611291639815233, 54.027544317286484 ], [ 13.611858818518007, 54.024256336243702 ], [ 13.61227891670026, 54.020985351507292 ], [ 13.615285172437678, 54.020227861766948 ], [ 13.62654584419653, 54.018139866479551 ], [ 13.628108874307069, 54.017578903635439 ], [ 13.62746183444081, 54.015666000525471 ], [ 13.629723515078412, 54.01520032518669 ], [ 13.633272685600623, 54.014799266065488 ], [ 13.637853042150793, 54.014440244750084 ], [ 13.645190177496762, 54.014111483436004 ], [ 13.648437868412774, 54.014002713721268 ], [ 13.649260040100502, 54.014781584292727 ], [ 13.646360302686507, 54.01947787857511 ], [ 13.652462108740638, 54.019214193626667 ], [ 13.658285910469333, 54.015852100805319 ], [ 13.648508605738156, 54.011643107548871 ], [ 13.649574803817742, 54.009926793563793 ], [ 13.639622194553766, 54.005922765931928 ], [ 13.642603350868425, 54.004233333142977 ], [ 13.645461738957502, 54.001850898835436 ], [ 13.649085210184388, 54.002840222663032 ], [ 13.652122948157036, 53.998856505520727 ], [ 13.65514010497386, 53.992133226451749 ], [ 13.648737883011218, 53.991025598947878 ], [ 13.653321252691084, 53.989525754902651 ], [ 13.657005725591242, 53.988617797933713 ], [ 13.660653610056793, 53.988918686634783 ], [ 13.663978723394353, 53.990161819013643 ], [ 13.673352681891782, 53.985181168971046 ], [ 13.676349031689954, 53.982884464932162 ], [ 13.677415559147164, 53.981605154272884 ], [ 13.67968657940674, 53.979129188977801 ], [ 13.684130484653878, 53.977369412563846 ], [ 13.688302434520564, 53.976498474973411 ], [ 13.688150049359189, 53.984728769566352 ], [ 13.687700632199933, 53.988312710230204 ], [ 13.692711560929435, 53.988152626181652 ], [ 13.693898809622207, 53.982906397219729 ], [ 13.695169859900554, 53.979644706491456 ], [ 13.69763592708339, 53.976021427653656 ], [ 13.698180381380856, 53.974094827750555 ], [ 13.700666165943879, 53.971731409617739 ], [ 13.703948621222766, 53.970168689062199 ], [ 13.706230248885026, 53.968865906870427 ], [ 13.708959672006589, 53.968209923855547 ], [ 13.713506498278466, 53.968479625083091 ], [ 13.71685017829423, 53.968390384153736 ], [ 13.717888627459404, 53.968321746817345 ], [ 13.721290012180621, 53.967319436008381 ], [ 13.724345845430625, 53.966730331891881 ], [ 13.724458675198969, 53.964095382373408 ], [ 13.729580937582909, 53.963891437897857 ], [ 13.740256756666231, 53.963831556383433 ], [ 13.74790055343626, 53.962446076105131 ], [ 13.759353860966934, 53.960669029136518 ], [ 13.74822620617641, 53.946585390554915 ], [ 13.751381044170776, 53.945412445267543 ], [ 13.755445954668366, 53.94439340512119 ], [ 13.759420372171052, 53.942855922371322 ], [ 13.761150719865329, 53.938336511401616 ], [ 13.76341557468721, 53.935278738389357 ], [ 13.7651992950272, 53.933842348304147 ], [ 13.768730290261969, 53.932166030041159 ], [ 13.773687542786485, 53.935419916852346 ], [ 13.77876744275196, 53.936036604262675 ], [ 13.786469391205337, 53.935513379090636 ], [ 13.793047448762232, 53.933697280725951 ], [ 13.801844924548153, 53.930363520266255 ], [ 13.808972329990713, 53.932318960474824 ], [ 13.823776069745405, 53.937159940892649 ], [ 13.825324605378771, 53.935884756947274 ], [ 13.829918282094994, 53.930900002956356 ], [ 13.829653262158693, 53.930457846855795 ], [ 13.823262378285937, 53.928501472888691 ], [ 13.819613879913399, 53.927950829457252 ], [ 13.821694179834607, 53.925704952441826 ], [ 13.821931962261633, 53.924781015307587 ], [ 13.819440897568922, 53.922778570867543 ], [ 13.818678783447361, 53.919441027161646 ], [ 13.816741709792025, 53.916562801275475 ], [ 13.812129520204879, 53.908682725066846 ], [ 13.809171167270202, 53.901325557800227 ], [ 13.8075874203171, 53.896084004406383 ], [ 13.808686632740049, 53.894458750269933 ], [ 13.812460506640399, 53.891602666913663 ], [ 13.816195072611407, 53.889686123860344 ], [ 13.822944478730966, 53.881537645658007 ], [ 13.826771120440958, 53.877356775577333 ], [ 13.826354787699259, 53.877227751539628 ], [ 13.825036542293118, 53.876538661363888 ], [ 13.823582637268281, 53.874512858507195 ], [ 13.822299371438602, 53.872028878815499 ], [ 13.822795583769695, 53.870616737923541 ], [ 13.824169926319852, 53.868229792692972 ], [ 13.825424778578183, 53.865511487983476 ], [ 13.824810203818966, 53.864809254459779 ], [ 13.822908445293185, 53.864604357329803 ], [ 13.820843032713086, 53.864019863594038 ], [ 13.819016897275965, 53.863879906116857 ], [ 13.81670071323164, 53.863148949758013 ], [ 13.815518962063821, 53.86263893425749 ], [ 13.813286454567452, 53.862176741680059 ], [ 13.811692400806939, 53.861336221610621 ], [ 13.807765587822098, 53.860227725212567 ], [ 13.806983892841476, 53.859404612906836 ], [ 13.806875421057903, 53.858541105454314 ], [ 13.808367881535263, 53.858300147228874 ], [ 13.80963692431383, 53.858285856051545 ], [ 13.80992145776472, 53.857886685928428 ], [ 13.808736365527873, 53.856428826422878 ], [ 13.80988336461674, 53.855281354953235 ], [ 13.812033732228242, 53.854876251239872 ], [ 13.814425279243125, 53.853968394711416 ], [ 13.816115573902927, 53.852914037198914 ], [ 13.817328413055723, 53.851174248191192 ], [ 13.814195210758518, 53.84775635266206 ], [ 13.814536861997979, 53.846162731262218 ], [ 13.817512600374339, 53.846673280849608 ], [ 13.820229395269516, 53.847028220384843 ], [ 13.821189543595034, 53.846914441657241 ], [ 13.821248643120288, 53.84601444042179 ], [ 13.820725190603005, 53.845730986696658 ], [ 13.819930299924776, 53.845134210409924 ], [ 13.817146267638947, 53.844304625278333 ], [ 13.816395955555542, 53.843708957268497 ], [ 13.81764061951036, 53.84280960270906 ], [ 13.819422410209063, 53.842263678891278 ], [ 13.821034532176293, 53.842843298110026 ], [ 13.824156506169214, 53.842979678369332 ], [ 13.827196030566165, 53.844555780282526 ], [ 13.834136520311317, 53.844479972729907 ], [ 13.837845498675915, 53.843997093658729 ], [ 13.841984995933093, 53.84328822639749 ], [ 13.846293151062596, 53.843801948779998 ], [ 13.850853327211444, 53.843399377411806 ], [ 13.853689280292933, 53.842063629394069 ], [ 13.856332569457585, 53.840080416728796 ], [ 13.862330778483557, 53.838124889562138 ], [ 13.865298992881662, 53.83636579482441 ], [ 13.868264327933769, 53.835720357808341 ], [ 13.870531599225888, 53.834259840473806 ], [ 13.871681597771609, 53.833159223687474 ], [ 13.873480690405515, 53.8319254387455 ], [ 13.874093063373977, 53.830767924638899 ], [ 13.871909059383924, 53.828123895019381 ], [ 13.872130571119634, 53.826547417462585 ], [ 13.874038865419921, 53.824638797310151 ], [ 13.87430558092411, 53.822361671555939 ], [ 13.875148239300875, 53.820391037701853 ], [ 13.878704769227593, 53.819589472808758 ], [ 13.882397019519971, 53.818185024528212 ], [ 13.88349120706118, 53.816293342884499 ], [ 13.888715057198027, 53.813824885345177 ], [ 13.89049029142139, 53.811887873939448 ], [ 13.891537983073635, 53.80983303128658 ], [ 13.893508634317602, 53.809103688618428 ], [ 13.895299279541847, 53.807806702207827 ], [ 13.896890142708266, 53.805760479188997 ], [ 13.900099585440143, 53.803340073798751 ], [ 13.904408838672254, 53.802263497189593 ], [ 13.907195220162931, 53.801912215843544 ], [ 13.908712525304038, 53.803191023236678 ], [ 13.911168544175872, 53.804444406630601 ], [ 13.913225534303633, 53.80627797753818 ], [ 13.9155907807798, 53.8066790434425 ], [ 13.917651678061132, 53.80562824978302 ], [ 13.917523732546687, 53.803510911370239 ], [ 13.918144458611435, 53.802284381458087 ], [ 13.921034489835941, 53.800732565551243 ], [ 13.92149381727576, 53.798673335692285 ], [ 13.922513336482087, 53.797691997325366 ], [ 13.926029866439016, 53.798040655993724 ], [ 13.930181098960855, 53.797680104433262 ], [ 13.932342308590345, 53.797717623920057 ], [ 13.93444199360105, 53.796435939937055 ], [ 13.935563747473658, 53.794972906348427 ], [ 13.936142230390919, 53.79355879206949 ], [ 13.937330748294817, 53.791159602848907 ], [ 13.939981088408572, 53.790770574436458 ], [ 13.9443323831195, 53.78790091217887 ], [ 13.943250231912709, 53.786999169991475 ], [ 13.94138135559788, 53.784477291517348 ], [ 13.94099965974987, 53.781106758420627 ], [ 13.939464053170258, 53.779618745852083 ], [ 13.932629357636245, 53.779661114869491 ], [ 13.927060307871859, 53.779809636887023 ], [ 13.90609749602964, 53.786611574170728 ], [ 13.909204940991094, 53.79789083658391 ], [ 13.906368538040315, 53.798260591108161 ], [ 13.90583423872596, 53.795707193148274 ], [ 13.885768497449906, 53.796065362088122 ], [ 13.867210805296446, 53.793859459552628 ], [ 13.867650645020273, 53.7863123611899 ], [ 13.867775990653042, 53.778645317156489 ], [ 13.867542542768939, 53.77620285048264 ], [ 13.858959982581815, 53.775128497902955 ], [ 13.850664671596469, 53.774346672524509 ], [ 13.845910341343549, 53.77455390694788 ], [ 13.839055352381427, 53.775200097853769 ], [ 13.833553647530278, 53.77550079230393 ], [ 13.831259121317837, 53.772486513265513 ], [ 13.831090971173159, 53.770080500507724 ], [ 13.826667773354753, 53.766812532982591 ], [ 13.826916566113313, 53.765466134022496 ], [ 13.827004010450439, 53.765232123204434 ], [ 13.827131043616692, 53.76504579226296 ], [ 13.828091630340086, 53.763658769804998 ], [ 13.83172509058287, 53.761186868401602 ], [ 13.839739184554086, 53.75954705705923 ], [ 13.847551427994341, 53.758039321568475 ], [ 13.861286657443978, 53.755092580117093 ], [ 13.877600262132331, 53.755598910360071 ], [ 13.888570879411285, 53.754394893438366 ], [ 13.887062520713345, 53.751854525000198 ], [ 13.882933020629613, 53.749389027817635 ], [ 13.879859861257742, 53.745102308259291 ], [ 13.875881702994986, 53.742122289736272 ], [ 13.869067884181739, 53.736167298431475 ], [ 13.868413107004294, 53.732991018494573 ], [ 13.863803404066374, 53.727846885715962 ], [ 13.861257566989027, 53.722052143479402 ], [ 13.858661773396317, 53.720854142518768 ], [ 13.85319398628943, 53.719573583955679 ], [ 13.850419949685131, 53.71883585662615 ], [ 13.847367751875289, 53.718359512657258 ], [ 13.836466249255697, 53.718610794087397 ], [ 13.824926921935875, 53.718359904352234 ], [ 13.820393132525028, 53.72231522768368 ], [ 13.814533522720547, 53.724591581995796 ], [ 13.80647159771109, 53.727440259685928 ], [ 13.799022513229685, 53.728609775070389 ], [ 13.787577427867685, 53.721855215449622 ], [ 13.780810871310456, 53.719977616276346 ], [ 13.763610657664886, 53.719574552900518 ], [ 13.762356150894441, 53.715489144437825 ], [ 13.769203427500125, 53.716168941486096 ], [ 13.774936125371989, 53.714855871458248 ], [ 13.773565031259905, 53.713978133204883 ], [ 13.770677738910186, 53.712723853803681 ], [ 13.761604736977473, 53.712018659371751 ], [ 13.756071004114208, 53.709752471728258 ], [ 13.751907754124616, 53.708965114783986 ], [ 13.748732307591931, 53.706082330355763 ], [ 13.740782385423348, 53.70223070620716 ], [ 13.738282585926887, 53.699760221665152 ], [ 13.733853450223563, 53.693006198326771 ], [ 13.733511615648673, 53.693151761172849 ], [ 13.725703710598502, 53.696062673865171 ], [ 13.710313334748028, 53.698911748798103 ], [ 13.709933925360817, 53.698986274899241 ], [ 13.709410766383588, 53.698999416178587 ], [ 13.707186899200339, 53.699013493413126 ], [ 13.704126436527522, 53.699120234096206 ], [ 13.699872915756234, 53.699083527858861 ], [ 13.691386049104855, 53.697297230652907 ], [ 13.685490192758177, 53.697294176376253 ], [ 13.679603163865732, 53.696839162072969 ], [ 13.672281920636131, 53.697051482699102 ], [ 13.663041815573814, 53.697859277400433 ], [ 13.660311222886572, 53.698267347350132 ], [ 13.657185731131458, 53.698064902984392 ], [ 13.650368821236718, 53.69901945903527 ], [ 13.646435458736793, 53.700083322541062 ], [ 13.642774751894397, 53.703978396401631 ], [ 13.640760989006969, 53.703840837932923 ], [ 13.623558585893162, 53.702787348851906 ], [ 13.613931205124814, 53.702021696616633 ], [ 13.597077347358823, 53.700466816403178 ], [ 13.588515243809288, 53.699118996722937 ], [ 13.576946482013462, 53.697439799353063 ], [ 13.559844861593115, 53.695380694413636 ], [ 13.554902378852487, 53.694711356374583 ], [ 13.548814398993953, 53.696118884914966 ], [ 13.544956009937239, 53.697264711465699 ], [ 13.542418271673668, 53.699665737412666 ], [ 13.539552788486432, 53.700332858015749 ], [ 13.53155254047117, 53.706762660960521 ], [ 13.527913878373729, 53.711093693081324 ], [ 13.524415257521158, 53.715327401900666 ], [ 13.523204472061872, 53.715963445972328 ], [ 13.523739999646146, 53.721389779425373 ], [ 13.526524750378401, 53.722368997697622 ], [ 13.525606043700671, 53.724624999134285 ], [ 13.525490305284508, 53.726441845213955 ], [ 13.52132278499279, 53.728234007707918 ], [ 13.51834266478803, 53.731190868057716 ], [ 13.515970104847693, 53.733231337484682 ], [ 13.518242518229643, 53.734463398076102 ], [ 13.515111116178163, 53.736777017227148 ], [ 13.511334410911688, 53.737293208620457 ], [ 13.508058767336079, 53.739116215633821 ], [ 13.50640640518465, 53.740956264718321 ], [ 13.503596979078315, 53.742728263899807 ], [ 13.499247599839675, 53.743912106177874 ], [ 13.493363586416564, 53.744685205246668 ], [ 13.473861295342601, 53.746320160956429 ], [ 13.470920032021798, 53.746611146036969 ], [ 13.466359147428816, 53.748468678734476 ], [ 13.45987444708083, 53.748372779175227 ], [ 13.456201135332284, 53.748608686412844 ], [ 13.453780656262932, 53.749462380688286 ], [ 13.445971367428845, 53.750306187825451 ], [ 13.445457780982176, 53.74811025895643 ], [ 13.438597876020605, 53.749280441079378 ], [ 13.437013206764307, 53.750435350016978 ], [ 13.436645119710638, 53.751500616141122 ], [ 13.432513263521418, 53.751755814603342 ], [ 13.432000353225341, 53.751782402091493 ], [ 13.431989177180487, 53.751791475440051 ] ] ] } },
{ "type": "Feature", "properties": { "wkr": 30, "wkr_name": "Vorpommern-Greifswald III" }, "geometry": { "type": "MultiPolygon", "coordinates": [ [ [ [ 13.959368095313057, 53.941143566597397 ], [ 13.958663415468648, 53.94103285908222 ], [ 13.958177520603893, 53.941416198932714 ], [ 13.957710421439574, 53.942792638899967 ], [ 13.958576208008495, 53.943602592483806 ], [ 13.959744619687845, 53.943683040733646 ], [ 13.960409994848185, 53.943313276938675 ], [ 13.960599609360218, 53.942421908690193 ], [ 13.960501322695283, 53.941312060098184 ], [ 13.959368095313057, 53.941143566597397 ] ] ], [ [ [ 14.028960761382619, 53.947777696096168 ], [ 14.028360228770708, 53.947075031529401 ], [ 14.0278891623775, 53.947112384954892 ], [ 14.026731642929398, 53.948297740326481 ], [ 14.02406722634454, 53.949749094227251 ], [ 14.023896405831406, 53.950829969575487 ], [ 14.02476362207134, 53.951745078578327 ], [ 14.025709791996809, 53.951886095111568 ], [ 14.026790018655509, 53.951409645456494 ], [ 14.027760777008169, 53.950750267941459 ], [ 14.029106790309605, 53.948978223923724 ], [ 14.028960761382619, 53.947777696096168 ] ] ], [ [ [ 13.785210002475418, 54.053733677001276 ], [ 13.784650477656898, 54.053669879125437 ], [ 13.780400852594017, 54.056617628138 ], [ 13.780191401183814, 54.057651250007439 ], [ 13.780153895739547, 54.057674112855885 ], [ 13.781202076671065, 54.058108100154314 ], [ 13.783790156014909, 54.05679342492504 ], [ 13.784978758135178, 54.05530460481323 ], [ 13.785210002475418, 54.053733677001276 ] ] ], [ [ [ 13.805051382618709, 54.080696781763471 ], [ 13.804419589747411, 54.079161940300878 ], [ 13.803280534005482, 54.079902046578582 ], [ 13.802075510996424, 54.08098444861259 ], [ 13.802862882949691, 54.083488404913012 ], [ 13.803432242228451, 54.084862149795491 ], [ 13.804818162082366, 54.085063183151604 ], [ 13.806322849713316, 54.084276444168651 ], [ 13.804624485285524, 54.083481037177201 ], [ 13.803777601317435, 54.081907997779986 ], [ 13.805051382618709, 54.080696781763471 ] ] ], [ [ [ 13.80657026028636, 54.096325252284082 ], [ 13.804631772539169, 54.094952607122146 ], [ 13.805223151359328, 54.097402450217494 ], [ 13.804799654848367, 54.099051853592577 ], [ 13.802373115491358, 54.10259653334483 ], [ 13.801288766877747, 54.103772023497406 ], [ 13.800321099984433, 54.104517023432777 ], [ 13.798622822171859, 54.105626995227901 ], [ 13.795737601008453, 54.106819165109052 ], [ 13.794334664462049, 54.107465369476365 ], [ 13.796022872102681, 54.107649840772339 ], [ 13.798461736172031, 54.107118571964612 ], [ 13.801608222311444, 54.105844898340521 ], [ 13.803783647811063, 54.104954570750081 ], [ 13.806654326889134, 54.102304017074154 ], [ 13.808578793121074, 54.100101615019369 ], [ 13.807428419713688, 54.097628499970725 ], [ 13.80657026028636, 54.096325252284082 ] ] ], [ [ [ 13.769456962676559, 54.122534555556967 ], [ 13.771489425546298, 54.119882265529391 ], [ 13.774614940762563, 54.117721962595219 ], [ 13.777380148813407, 54.116565305649416 ], [ 13.779849323969652, 54.115490385074601 ], [ 13.781678574703824, 54.114761300219428 ], [ 13.782244632530153, 54.113490343394204 ], [ 13.783833767119477, 54.111905313867091 ], [ 13.787184491264769, 54.11014912369189 ], [ 13.790079203381126, 54.109004223532509 ], [ 13.789159351565157, 54.108557682162612 ], [ 13.78673629866919, 54.108227918040953 ], [ 13.782675293789067, 54.109375793158989 ], [ 13.777125679097825, 54.110885047519453 ], [ 13.772133079627512, 54.114028620634215 ], [ 13.769599958439974, 54.117191680009711 ], [ 13.768340063857998, 54.119712393146152 ], [ 13.766450960948932, 54.121401411476846 ], [ 13.765912727982093, 54.120672086150861 ], [ 13.763505010185936, 54.120874294125997 ], [ 13.763375937470604, 54.123736127749346 ], [ 13.765838615031543, 54.123964692729523 ], [ 13.766172942803056, 54.125048842471138 ], [ 13.761572572802523, 54.125502818146941 ], [ 13.762330797362322, 54.126304015354002 ], [ 13.764549417423293, 54.12706553794407 ], [ 13.766304343517412, 54.126643065847347 ], [ 13.768244214816901, 54.126647871871661 ], [ 13.76887558895867, 54.126135819970898 ], [ 13.769258757396047, 54.124487023185686 ], [ 13.769456962676559, 54.122534555556967 ] ] ], [ [ [ 13.731333347719172, 54.137915068537275 ], [ 13.733865829029865, 54.135907863334793 ], [ 13.73590547536544, 54.136435776866584 ], [ 13.740393597121297, 54.137336884067871 ], [ 13.744373158468047, 54.138636084907539 ], [ 13.746159134107891, 54.13937989702282 ], [ 13.749695934412767, 54.139402524054013 ], [ 13.747917097952058, 54.13838243697316 ], [ 13.747136215774242, 54.137329681869119 ], [ 13.746855589115105, 54.135193325463867 ], [ 13.750064382718667, 54.133178982379725 ], [ 13.753557953888551, 54.131231329286962 ], [ 13.758731354383309, 54.129688935287653 ], [ 13.762461063212362, 54.127731721539277 ], [ 13.759883369557478, 54.126598643981744 ], [ 13.758731898580024, 54.125435122752634 ], [ 13.755830559672708, 54.12447820416039 ], [ 13.754615831706221, 54.123760233440748 ], [ 13.75317312485331, 54.122312069206828 ], [ 13.75433674076411, 54.121295790003323 ], [ 13.756052915086912, 54.119694142784368 ], [ 13.758720687631381, 54.118844522997229 ], [ 13.762799900804174, 54.119928673853927 ], [ 13.765220348428285, 54.119382577628507 ], [ 13.767149930771977, 54.118025776023273 ], [ 13.768622102852586, 54.116597215361651 ], [ 13.771156891816059, 54.113355562080514 ], [ 13.775256468675801, 54.110023505315333 ], [ 13.779305046476882, 54.108577139729206 ], [ 13.783929570552734, 54.10721902653664 ], [ 13.788620476910229, 54.107179055025597 ], [ 13.790886052622803, 54.107991303896455 ], [ 13.79278997543762, 54.107095002458372 ], [ 13.796111221199657, 54.10577702289639 ], [ 13.800188489590736, 54.103302706074281 ], [ 13.803022022496028, 54.099434683483196 ], [ 13.803963536006851, 54.097343864254405 ], [ 13.802817585108683, 54.095502093723759 ], [ 13.797197757995102, 54.09035695364922 ], [ 13.795583920971433, 54.090079605123591 ], [ 13.794760713521484, 54.088522036795894 ], [ 13.794386390006009, 54.087024851301649 ], [ 13.7937778299634, 54.08498410314386 ], [ 13.794302162187703, 54.083623587606127 ], [ 13.7952674256102, 54.080301152889781 ], [ 13.794723008166008, 54.077100192993363 ], [ 13.789816045670337, 54.071529378358115 ], [ 13.78956147504686, 54.068035511063648 ], [ 13.790569403992945, 54.064867623235187 ], [ 13.788594380673235, 54.06348164226965 ], [ 13.787004171995495, 54.063320769140134 ], [ 13.786748676696261, 54.064597563781518 ], [ 13.786165048775745, 54.065259867158808 ], [ 13.785826374301664, 54.065557783800905 ], [ 13.785156040457645, 54.065625440323608 ], [ 13.7833292889958, 54.065096190891694 ], [ 13.778832994979119, 54.061913789594414 ], [ 13.774176548029605, 54.060123957312456 ], [ 13.774384186836686, 54.05863869459548 ], [ 13.776903011788749, 54.057545210331831 ], [ 13.780905785762146, 54.05462053043594 ], [ 13.782045076928956, 54.052754785305488 ], [ 13.783002496080922, 54.052081905663641 ], [ 13.784186158097162, 54.051142511995401 ], [ 13.781802957516941, 54.048386625735809 ], [ 13.778784898248832, 54.045541683092239 ], [ 13.777017554774128, 54.044663049281851 ], [ 13.77565769875191, 54.044220296571083 ], [ 13.770763258807106, 54.042492257209318 ], [ 13.768118793564531, 54.039717331844351 ], [ 13.763340061609155, 54.036407032014544 ], [ 13.760776467923643, 54.035433363461813 ], [ 13.759137540611194, 54.035002963125301 ], [ 13.753695754550415, 54.034674252216611 ], [ 13.748349804488814, 54.033834229604139 ], [ 13.744129890066494, 54.032330935892887 ], [ 13.742622848551422, 54.031402560770637 ], [ 13.743902645276094, 54.030297348970485 ], [ 13.743784824608927, 54.028588625105151 ], [ 13.745802215964654, 54.028424269527072 ], [ 13.747003693736264, 54.02709308479259 ], [ 13.751266320559465, 54.026164406923982 ], [ 13.754340852611403, 54.027016242968529 ], [ 13.755574026183243, 54.028324966096726 ], [ 13.756705075217232, 54.02824150626747 ], [ 13.757409364767838, 54.027533237565066 ], [ 13.757782279566927, 54.026068791303473 ], [ 13.758803061480968, 54.023925861128866 ], [ 13.759329892313046, 54.020691356756593 ], [ 13.760684715569026, 54.017629725998034 ], [ 13.760154597516415, 54.015680799181887 ], [ 13.764379616083305, 54.013145364751352 ], [ 13.768758110918428, 54.010785665916174 ], [ 13.773335046623192, 54.009974320173079 ], [ 13.775402701888694, 54.008824841607549 ], [ 13.777192232627371, 54.007435469333863 ], [ 13.777681586470456, 54.006700102271736 ], [ 13.782781211421089, 54.002626727294498 ], [ 13.784232368979287, 54.002672314276644 ], [ 13.786313936144571, 54.001371910330306 ], [ 13.789324759191086, 54.000224651413362 ], [ 13.79176925643956, 53.999016568452554 ], [ 13.79251034811392, 53.99780127150126 ], [ 13.79687375026157, 53.995373882252331 ], [ 13.800087375440391, 53.995359532395256 ], [ 13.803133217410704, 53.995190172590689 ], [ 13.806441208321607, 53.99574591426564 ], [ 13.80961837975247, 53.995566846254995 ], [ 13.812235631855726, 53.994893155640867 ], [ 13.815059817121389, 53.993172064716461 ], [ 13.817711107505492, 53.991083312563298 ], [ 13.822607678119802, 53.988098802756987 ], [ 13.824860690277232, 53.987344149512111 ], [ 13.828231213964823, 53.986087012063756 ], [ 13.831619216197998, 53.98537873114276 ], [ 13.833621873387044, 53.984357450637837 ], [ 13.835470885181053, 53.983117860736201 ], [ 13.836152501036198, 53.981516605381159 ], [ 13.837520120240592, 53.979008825067538 ], [ 13.840255004033484, 53.975945295265419 ], [ 13.844400778577862, 53.972167460737289 ], [ 13.847554180509425, 53.969548540688663 ], [ 13.850332943890747, 53.967630287374078 ], [ 13.853762934218537, 53.964940121885483 ], [ 13.853083785597519, 53.96318280632606 ], [ 13.855017560556265, 53.960540097851293 ], [ 13.853911426554269, 53.958448756087634 ], [ 13.851801371790311, 53.956952044590935 ], [ 13.85204439993422, 53.955909196174105 ], [ 13.851889256996541, 53.954223064724737 ], [ 13.855354948305978, 53.951902786477639 ], [ 13.857397744532559, 53.950436122354354 ], [ 13.859149819706246, 53.95084176788199 ], [ 13.862711589271596, 53.950233111521577 ], [ 13.866460163033063, 53.950084823959536 ], [ 13.868329615179331, 53.951115662243105 ], [ 13.869345664670144, 53.952382992369813 ], [ 13.871607541316349, 53.952253566414178 ], [ 13.873696638122496, 53.951889583385757 ], [ 13.876205908686581, 53.951314336269135 ], [ 13.881118652694614, 53.949918156511558 ], [ 13.883226299868115, 53.948067366407372 ], [ 13.883892664533116, 53.944740049452264 ], [ 13.887959448711939, 53.944267510532079 ], [ 13.891936388614297, 53.943790951448783 ], [ 13.894564089960923, 53.942450240862527 ], [ 13.896117631933834, 53.939665510456656 ], [ 13.897712497667104, 53.937971360799246 ], [ 13.89767650040919, 53.936663447134777 ], [ 13.903084430640135, 53.933421307406093 ], [ 13.907808176088801, 53.930640995799045 ], [ 13.910537874648863, 53.928132535626126 ], [ 13.912991532020301, 53.924544416934161 ], [ 13.914323729534056, 53.922066435137495 ], [ 13.914017945138511, 53.919950419601925 ], [ 13.911292049936005, 53.916684630751426 ], [ 13.907235509472864, 53.913825595701887 ], [ 13.903962662031345, 53.911943212356825 ], [ 13.901339706634493, 53.910392393765036 ], [ 13.899418819104335, 53.909957778318521 ], [ 13.896605390802609, 53.910659637781364 ], [ 13.891442632344079, 53.910597524645269 ], [ 13.887189855530734, 53.909973938539459 ], [ 13.881285821958359, 53.90757310709381 ], [ 13.877310371235451, 53.905824652216559 ], [ 13.871054200582257, 53.90217789162925 ], [ 13.864003698604973, 53.899978509159901 ], [ 13.86350311776895, 53.898423323491208 ], [ 13.859830171683567, 53.89623323083196 ], [ 13.858615429452946, 53.895739034657652 ], [ 13.8570082732833, 53.894593413341688 ], [ 13.855956238495313, 53.893467013941155 ], [ 13.854647567650696, 53.892247069783267 ], [ 13.853078630396627, 53.889919520894473 ], [ 13.850669040647608, 53.887527123780188 ], [ 13.850632238432643, 53.884338278783325 ], [ 13.849616149634279, 53.882619545027787 ], [ 13.849213536699153, 53.880274446378273 ], [ 13.84834210667667, 53.878975395579374 ], [ 13.844814067233704, 53.87748108287294 ], [ 13.841940025445146, 53.87855889313861 ], [ 13.839918139130791, 53.878122551753002 ], [ 13.834830402800948, 53.878638891715887 ], [ 13.83101133008441, 53.878493987888888 ], [ 13.826771260643461, 53.877361268536454 ], [ 13.823463424733099, 53.880936656701863 ], [ 13.816195211700865, 53.889690616816956 ], [ 13.812460645332452, 53.891607159871079 ], [ 13.808686771032006, 53.89446324322752 ], [ 13.807587558493831, 53.896088497363458 ], [ 13.809171305625657, 53.901330050752634 ], [ 13.812129658890308, 53.908687218012183 ], [ 13.816741848986036, 53.916567294212385 ], [ 13.818678922854337, 53.91944552009538 ], [ 13.819441037063486, 53.922783063798384 ], [ 13.821932102027239, 53.92478550823548 ], [ 13.82169431957626, 53.925709445369208 ], [ 13.819614019435452, 53.927955322384278 ], [ 13.823262518200933, 53.92850596581313 ], [ 13.829653402763686, 53.930462339774905 ], [ 13.829918422729259, 53.930904495874969 ], [ 13.825324745528198, 53.935889249865127 ], [ 13.823776209730646, 53.937164433810523 ], [ 13.808972468376917, 53.93232345340499 ], [ 13.801845062165299, 53.930368013202006 ], [ 13.793047585439611, 53.933701773664339 ], [ 13.786469527178784, 53.935517872031362 ], [ 13.778767577898574, 53.936041097207244 ], [ 13.773687677386253, 53.935424409800184 ], [ 13.768730424324055, 53.93217052299395 ], [ 13.765199428712428, 53.933846841257591 ], [ 13.763415708182931, 53.935283231342702 ], [ 13.761150853122242, 53.938341004353951 ], [ 13.759420505248746, 53.942860415321306 ], [ 13.755446087321111, 53.94439789807209 ], [ 13.751381176388026, 53.945416938219829 ], [ 13.748226338056206, 53.946589883507933 ], [ 13.759353994064019, 53.960673522073762 ], [ 13.747900685303996, 53.962450569047022 ], [ 13.740256887713707, 53.963836049328094 ], [ 13.729581067482041, 53.96389593084762 ], [ 13.724458804547368, 53.964099875325452 ], [ 13.724345974770454, 53.966734824842099 ], [ 13.721290141192497, 53.967323928959608 ], [ 13.717888756106648, 53.968326239769489 ], [ 13.716850306829839, 53.968394877106242 ], [ 13.71350662645443, 53.968484118037075 ], [ 13.708959799693019, 53.968214416811811 ], [ 13.706230376278622, 53.96887039982748 ], [ 13.703948748372529, 53.970173182019337 ], [ 13.700666292742422, 53.971735902575148 ], [ 13.698180507914875, 53.974099320707346 ], [ 13.697636053561258, 53.976025920609253 ], [ 13.695169986117468, 53.979649199445582 ], [ 13.693898935706379, 53.982910890172022 ], [ 13.692711686892252, 53.98815711913079 ], [ 13.687700757623405, 53.988317203181317 ], [ 13.688150174826717, 53.984733262519839 ], [ 13.688302559994494, 53.976502967932731 ], [ 13.684130609679825, 53.977373905524196 ], [ 13.679686703956486, 53.979133681938848 ], [ 13.677415683455374, 53.981609647233057 ], [ 13.676349155884848, 53.982888957891838 ], [ 13.673352805766775, 53.985185661930309 ], [ 13.663978846265728, 53.99016631197307 ], [ 13.660653732568768, 53.98892317959637 ], [ 13.65700584771008, 53.988622290896899 ], [ 13.653321374414194, 53.989530247866597 ], [ 13.648738004242386, 53.991030091912457 ], [ 13.655140226895654, 53.992137719413186 ], [ 13.65212306976113, 53.99886099847842 ], [ 13.649085331465487, 54.002844715619048 ], [ 13.645461859847209, 54.00185539179347 ], [ 13.642603471452695, 54.004237826100351 ], [ 13.639622314818574, 54.005927258889201 ], [ 13.649574925159161, 54.009931286514536 ], [ 13.648508726966496, 54.01164760049884 ], [ 13.658286032755944, 54.015856593748566 ], [ 13.652462230403188, 54.019218686569737 ], [ 13.646360423691585, 54.019482371520247 ], [ 13.647886852584065, 54.017007397088982 ], [ 13.649260161413167, 54.014786077240153 ], [ 13.648437989635992, 54.014007206669575 ], [ 13.645190298370075, 54.014115976385369 ], [ 13.637853162233675, 54.014444737701893 ], [ 13.633272805190215, 54.014803759018633 ], [ 13.629723634285892, 54.015204818140781 ], [ 13.627461953404971, 54.015670493479973 ], [ 13.628108993342844, 54.01758339658835 ], [ 13.626545963064387, 54.018144359432654 ], [ 13.615285290093675, 54.020232354722232 ], [ 13.612279034032897, 54.020989844463031 ], [ 13.611858935808346, 54.024260829197203 ], [ 13.611291757047441, 54.027548810237874 ], [ 13.61070366598776, 54.030034793944736 ], [ 13.608066708070973, 54.029018128646015 ], [ 13.604750737144867, 54.028579696357596 ], [ 13.593660697934714, 54.03067914128529 ], [ 13.585859371749294, 54.030835683882906 ], [ 13.584466120168335, 54.029029909267116 ], [ 13.58270993844598, 54.029150913600411 ], [ 13.576836169768226, 54.032028949043159 ], [ 13.577916360794484, 54.033695800623015 ], [ 13.570487215264029, 54.038537315885264 ], [ 13.564307756330059, 54.036581898484833 ], [ 13.563057416675271, 54.035568106836372 ], [ 13.56236360788253, 54.034373923126203 ], [ 13.557731131333295, 54.032735230112706 ], [ 13.55540300282178, 54.031961955047969 ], [ 13.552275981077594, 54.029586652419184 ], [ 13.552933859317546, 54.028862098242371 ], [ 13.551471193747288, 54.026802819334037 ], [ 13.550525604204326, 54.025127903361906 ], [ 13.534756891337206, 54.029864777735277 ], [ 13.534106048002389, 54.033162160747708 ], [ 13.530200632987436, 54.034558703873159 ], [ 13.52851871951826, 54.035253467573263 ], [ 13.525519630189917, 54.035779398070723 ], [ 13.523296637750382, 54.036357293412102 ], [ 13.52144008969254, 54.034855951688655 ], [ 13.520785239777059, 54.033643519115877 ], [ 13.516921654976011, 54.033290600631965 ], [ 13.512385762823337, 54.033442069786851 ], [ 13.511945189387067, 54.034234374050513 ], [ 13.517877985777249, 54.042165260624643 ], [ 13.538520435044466, 54.047265226340471 ], [ 13.539175848661658, 54.050861276805833 ], [ 13.521611797495972, 54.056012069739019 ], [ 13.520181040495842, 54.0578259509658 ], [ 13.516256588192974, 54.059658146320267 ], [ 13.512287562120738, 54.059625635453521 ], [ 13.511185068318774, 54.060969347780571 ], [ 13.505921746750522, 54.063879446304078 ], [ 13.505732582384697, 54.065415626347239 ], [ 13.502300678681818, 54.0664816274343 ], [ 13.502332171008014, 54.067655109709342 ], [ 13.502452174546711, 54.070993033945264 ], [ 13.501491182151064, 54.075031866296563 ], [ 13.497900636641187, 54.076832633951234 ], [ 13.502635418727877, 54.084070734600189 ], [ 13.505644698005906, 54.082516248097207 ], [ 13.507059685445594, 54.083053035094423 ], [ 13.506792946980289, 54.085850336681709 ], [ 13.503193660092311, 54.08800060787982 ], [ 13.501307672244067, 54.087826242702072 ], [ 13.500917450996845, 54.088463921138327 ], [ 13.500047867802447, 54.090672846541842 ], [ 13.494324917290703, 54.094578982550857 ], [ 13.48807389526781, 54.099837124579061 ], [ 13.486818643034333, 54.10177490169329 ], [ 13.485510826790716, 54.105429764190283 ], [ 13.484758305226492, 54.108788060622281 ], [ 13.482854921820589, 54.111665617707025 ], [ 13.480343339694633, 54.112874016160156 ], [ 13.478612004429582, 54.113923444442037 ], [ 13.476836318286447, 54.115885460213825 ], [ 13.476459501576228, 54.118146519833338 ], [ 13.478160225973541, 54.119438570483545 ], [ 13.48214961052761, 54.121119232666295 ], [ 13.492704840191786, 54.125021383354238 ], [ 13.503379931117504, 54.127097276126236 ], [ 13.509683809467351, 54.128048305975739 ], [ 13.514614124471404, 54.128495721729145 ], [ 13.519469211759573, 54.129152513996829 ], [ 13.526887201511725, 54.129947423006456 ], [ 13.529225455089211, 54.131094320855198 ], [ 13.532407033501208, 54.13102971761144 ], [ 13.53735510713102, 54.130604266760031 ], [ 13.545613724790513, 54.130078893081674 ], [ 13.557920894597482, 54.130365604871592 ], [ 13.561957505886072, 54.130686192678496 ], [ 13.568094959204696, 54.131485063536445 ], [ 13.573756996453245, 54.13177323834423 ], [ 13.580390097135474, 54.13233133077037 ], [ 13.596927300450185, 54.135345240164682 ], [ 13.622353505926466, 54.139717394096117 ], [ 13.627678641894468, 54.141385753623808 ], [ 13.630755112651222, 54.142382347192481 ], [ 13.636811046949356, 54.14488401210285 ], [ 13.643502771777598, 54.149087260596559 ], [ 13.646294211878716, 54.150980371805382 ], [ 13.647307163306175, 54.151640605025193 ], [ 13.648045637600251, 54.152060622926591 ], [ 13.648942944684817, 54.152690431098193 ], [ 13.650723776808285, 54.153285119313601 ], [ 13.652074725050467, 54.153692808954546 ], [ 13.654484387513429, 54.154182699238476 ], [ 13.659209187345516, 54.156190103592188 ], [ 13.661438756790531, 54.157506184846966 ], [ 13.666824991085083, 54.159309358651257 ], [ 13.672211696471123, 54.161112293672353 ], [ 13.677843985319653, 54.162777728940185 ], [ 13.68009494005921, 54.164428201179163 ], [ 13.681244954577513, 54.164752049101757 ], [ 13.686839486410802, 54.168048779890945 ], [ 13.691438383769951, 54.169680935862146 ], [ 13.695457772475908, 54.171803841042589 ], [ 13.698588484822823, 54.17241174270908 ], [ 13.702684898693247, 54.172221458328529 ], [ 13.706351801709319, 54.171606044387623 ], [ 13.708395060838782, 54.170460436298349 ], [ 13.711839581009487, 54.169298817405114 ], [ 13.715201156882589, 54.166980679860615 ], [ 13.717110917512457, 54.164795778650131 ], [ 13.71817192136071, 54.163866257323122 ], [ 13.717833924663537, 54.163026910483126 ], [ 13.71453906504356, 54.162558225199881 ], [ 13.7123329145534, 54.161191167844258 ], [ 13.710956125975629, 54.160168757337665 ], [ 13.708581409784319, 54.159868408698351 ], [ 13.704184938443394, 54.159291057521905 ], [ 13.700492015266786, 54.159084240826381 ], [ 13.697619046622746, 54.158350331173075 ], [ 13.695796757521901, 54.157806253696698 ], [ 13.697656858702498, 54.154923254135362 ], [ 13.696756663026862, 54.151626653187158 ], [ 13.697831978204249, 54.149301825579222 ], [ 13.701850994457789, 54.148343767176286 ], [ 13.706549130094379, 54.14745095704005 ], [ 13.709528374180515, 54.146417418282468 ], [ 13.713958827065408, 54.14527744549622 ], [ 13.718060312293723, 54.144686588197331 ], [ 13.722789793039372, 54.142114249193668 ], [ 13.726697379337985, 54.14091609917454 ], [ 13.729659777191594, 54.139331715677997 ], [ 13.731333347719172, 54.137915068537275 ] ] ], [ [ [ 13.813709993186036, 54.169997223975237 ], [ 13.812523419981057, 54.169920722683834 ], [ 13.810671508043857, 54.170598785502293 ], [ 13.808271856863662, 54.172428866062901 ], [ 13.80728790507621, 54.173158135048794 ], [ 13.808344897153329, 54.174025570901478 ], [ 13.81012320979228, 54.17406066280499 ], [ 13.813362491779355, 54.1741205631618 ], [ 13.81368412371123, 54.171169021032398 ], [ 13.813709993186036, 54.169997223975237 ] ] ], [ [ [ 13.826887174776648, 54.140273684511364 ], [ 13.832949142449785, 54.132572534544011 ], [ 13.836156337200556, 54.128937890503281 ], [ 13.840889583858081, 54.124583185731176 ], [ 13.855585349673909, 54.113092201133782 ], [ 13.868606301399018, 54.104469591769757 ], [ 13.877772913448295, 54.099297683749015 ], [ 13.889313863862309, 54.09326678478287 ], [ 13.897428504904118, 54.089734399023186 ], [ 13.907231666591676, 54.085697262577611 ], [ 13.913202007600471, 54.083172023059205 ], [ 13.920888222629433, 54.080429897792087 ], [ 13.926812256475378, 54.078494791578422 ], [ 13.934324662766009, 54.075997330974893 ], [ 13.943095182021676, 54.073895756638535 ], [ 13.95014804499796, 54.072847420477501 ], [ 13.955449902905974, 54.071904882558705 ], [ 13.960168131028892, 54.071456403149988 ], [ 13.965426299994299, 54.070477942505356 ], [ 13.970778380625195, 54.069316540306517 ], [ 13.976426357046323, 54.067601204434936 ], [ 13.983290763858951, 54.065199957510409 ], [ 13.98913305991306, 54.062974092548373 ], [ 13.994355254598826, 54.061343942290065 ], [ 13.998048339629403, 54.060008394172073 ], [ 14.001770825782209, 54.05888092102996 ], [ 14.007145713221474, 54.056487152579635 ], [ 14.011790774610045, 54.054806366344032 ], [ 14.01575336979062, 54.052912007876728 ], [ 14.018364167387952, 54.05128561137181 ], [ 14.02235457524082, 54.04789098017838 ], [ 14.026569967621755, 54.045573391140522 ], [ 14.031765930160292, 54.042175043294513 ], [ 14.03561316168293, 54.039456121142067 ], [ 14.038599527425486, 54.037679202932374 ], [ 14.043848889009652, 54.034220918032744 ], [ 14.050993747597451, 54.028926865224783 ], [ 14.05712431288252, 54.025415838698237 ], [ 14.06221287682509, 54.022912820032651 ], [ 14.069714763066333, 54.018424638350112 ], [ 14.080747903398063, 54.011570654227825 ], [ 14.088920971201114, 54.006968839427358 ], [ 14.098746103216438, 54.00180442217696 ], [ 14.106049452075704, 53.998033801942057 ], [ 14.113992277983, 53.993569003357266 ], [ 14.121850863540658, 53.989310368045167 ], [ 14.129345440909866, 53.984939177857981 ], [ 14.13359591689458, 53.982440596809155 ], [ 14.140022589706568, 53.978219981510101 ], [ 14.153643041938034, 53.968259300013571 ], [ 14.163811459446256, 53.96173647646058 ], [ 14.168703491327749, 53.959207571618236 ], [ 14.17180210906303, 53.957018916020729 ], [ 14.173615533424732, 53.954989894274604 ], [ 14.176109897938643, 53.952882131206493 ], [ 14.182484683761054, 53.94823815559738 ], [ 14.196607636968302, 53.940626662790542 ], [ 14.205999278952824, 53.9363286845727 ], [ 14.214705801460315, 53.93276048970511 ], [ 14.226673529397731, 53.928457684714722 ], [ 14.225879590349408, 53.92781598190215 ], [ 14.224474068801278, 53.926674841918221 ], [ 14.215578964917521, 53.921039823924687 ], [ 14.210463451773174, 53.918158411792191 ], [ 14.208755832782437, 53.917499862916848 ], [ 14.207236600462215, 53.916877589745496 ], [ 14.205489404855443, 53.916655714351307 ], [ 14.201920819334285, 53.916247244533686 ], [ 14.196322083497185, 53.915585181705943 ], [ 14.19510875669677, 53.915652459385662 ], [ 14.189952343863329, 53.915993129599023 ], [ 14.187938219383019, 53.91593493719413 ], [ 14.186296755399757, 53.914865347907536 ], [ 14.185443310296998, 53.912358415345736 ], [ 14.190769361630165, 53.912238188883308 ], [ 14.197044282186122, 53.911984391067215 ], [ 14.203944899658534, 53.910820214414031 ], [ 14.205956633723874, 53.910319127604843 ], [ 14.206004656368666, 53.910072084893642 ], [ 14.203767391518841, 53.907349710895694 ], [ 14.212499185239061, 53.900675542842215 ], [ 14.213745648916653, 53.891452268119671 ], [ 14.214675065645439, 53.880899950456751 ], [ 14.214574337178069, 53.876718601855181 ], [ 14.214272097332019, 53.874178812379469 ], [ 14.213691798502055, 53.871169693072694 ], [ 14.212966996230543, 53.869289590860205 ], [ 14.213370121042516, 53.866713183439231 ], [ 14.210016545636403, 53.867101989160794 ], [ 14.206953644085933, 53.867142085953517 ], [ 14.205232437440367, 53.866732892128518 ], [ 14.201871033198657, 53.869162685875033 ], [ 14.199981079579661, 53.870047964372631 ], [ 14.195740662346456, 53.871401304890028 ], [ 14.191472269756449, 53.87302262376825 ], [ 14.187154697979834, 53.872575849662873 ], [ 14.18162235858618, 53.871738773074902 ], [ 14.180058906593707, 53.871344560871009 ], [ 14.176960590873428, 53.871139265523333 ], [ 14.175594429252454, 53.872318597586229 ], [ 14.170387266090257, 53.872109206407721 ], [ 14.165609504001555, 53.872374691794718 ], [ 14.161920330848108, 53.871593510769024 ], [ 14.157771771465438, 53.871901788024886 ], [ 14.15535869221476, 53.872145885119338 ], [ 14.148989070459516, 53.871769315105077 ], [ 14.141466916873629, 53.870441732489077 ], [ 14.135922280403275, 53.870834088699148 ], [ 14.132151702680472, 53.871173340374746 ], [ 14.126694759660113, 53.87175281297614 ], [ 14.124199379643557, 53.870938229038899 ], [ 14.121091900198202, 53.870061257631164 ], [ 14.116982583971582, 53.869870042251293 ], [ 14.113307329190929, 53.870175830774251 ], [ 14.10802029366142, 53.870363592401695 ], [ 14.104220562839432, 53.870787197388935 ], [ 14.099583803688315, 53.87096276477002 ], [ 14.094036012976357, 53.872858999039266 ], [ 14.091397396894429, 53.873946767170537 ], [ 14.088049080642392, 53.87389741682825 ], [ 14.084665995261959, 53.874787440798087 ], [ 14.08166357440296, 53.873907186926473 ], [ 14.077379470495298, 53.872218682462155 ], [ 14.074089423168941, 53.87145073391612 ], [ 14.067273867359463, 53.870280837565431 ], [ 14.06269704908423, 53.869448005221216 ], [ 14.057860852194461, 53.870303310525919 ], [ 14.051380124581451, 53.872033294806904 ], [ 14.045937578055284, 53.874032941011983 ], [ 14.04018069145323, 53.874272118170595 ], [ 14.034444441704483, 53.87350168565672 ], [ 14.031218043104991, 53.871560001190709 ], [ 14.0286365552096, 53.870095613767973 ], [ 14.025926667326283, 53.86939456752787 ], [ 14.020587507903549, 53.869281571444084 ], [ 14.016916339508134, 53.867104686672867 ], [ 14.016141203313071, 53.865241338250314 ], [ 14.012776819570822, 53.862805251922225 ], [ 14.011521448978369, 53.862299239531026 ], [ 14.008686221043913, 53.858790195828504 ], [ 14.004400676815733, 53.856930620730466 ], [ 13.99610357305653, 53.854380946319992 ], [ 13.994170420076291, 53.851868136955119 ], [ 13.993095590938651, 53.850003837632492 ], [ 13.992505747015251, 53.848682838033518 ], [ 13.988803725863008, 53.848216729929753 ], [ 13.986552714828726, 53.849088185317086 ], [ 13.982200267077801, 53.850176302398289 ], [ 13.970444870572399, 53.848741990680395 ], [ 13.962247361277489, 53.846222356941333 ], [ 13.958004120420728, 53.845671422828957 ], [ 13.953796169655456, 53.845523155350747 ], [ 13.945310710292192, 53.844264604868698 ], [ 13.942635547215719, 53.844046831362668 ], [ 13.93941997842836, 53.843647547955605 ], [ 13.934574930819743, 53.844316092358817 ], [ 13.927368994253261, 53.845720978349796 ], [ 13.924996151079977, 53.846247636367053 ], [ 13.922120295839891, 53.846998203968241 ], [ 13.923044272237677, 53.849143627816808 ], [ 13.923860866954405, 53.85148582381202 ], [ 13.92548120857785, 53.851969318526002 ], [ 13.928463519610068, 53.851252591767683 ], [ 13.935817482274803, 53.848091186325156 ], [ 13.940281622260827, 53.848520228462696 ], [ 13.944113288707955, 53.848521855820962 ], [ 13.946878501891105, 53.84987405268749 ], [ 13.950454032062026, 53.85021718600521 ], [ 13.953957807782869, 53.85410436158346 ], [ 13.954143338001336, 53.856429076617601 ], [ 13.954669000207344, 53.860793332126711 ], [ 13.951301281011999, 53.863244269363499 ], [ 13.94632680933657, 53.864720509670498 ], [ 13.942543276743407, 53.865565769034461 ], [ 13.937062384619995, 53.867431425313306 ], [ 13.932808586612593, 53.869512706891989 ], [ 13.930378352918547, 53.872387526085191 ], [ 13.930709862985067, 53.87409794870252 ], [ 13.930010904516827, 53.875199325698858 ], [ 13.928022402297261, 53.872954950340329 ], [ 13.928609253085328, 53.869755938641632 ], [ 13.927444496718088, 53.867438084435754 ], [ 13.928591205799638, 53.861840894689372 ], [ 13.923837889237438, 53.858943517949811 ], [ 13.922621422309104, 53.85473909416401 ], [ 13.920741538250683, 53.853753137037167 ], [ 13.921182108268869, 53.85203776483273 ], [ 13.921069118762636, 53.849191387435866 ], [ 13.919455879690441, 53.846955018843616 ], [ 13.91634850062697, 53.844022379146345 ], [ 13.910295938753823, 53.842882915969753 ], [ 13.900676172829423, 53.841055078345171 ], [ 13.898060567239424, 53.839925396332461 ], [ 13.893482446061633, 53.841091089987962 ], [ 13.890991542338304, 53.839770215126855 ], [ 13.883909882067018, 53.841200160718763 ], [ 13.881273939345322, 53.839478524360928 ], [ 13.877764730926099, 53.840100543951849 ], [ 13.87706459022994, 53.841681081198821 ], [ 13.87633714080458, 53.842389064513242 ], [ 13.872273176305383, 53.842578700951222 ], [ 13.866569286837617, 53.842621612586868 ], [ 13.861466234572099, 53.84352413194452 ], [ 13.858923935422174, 53.845337886936228 ], [ 13.857053909423147, 53.846768168394597 ], [ 13.855357093346726, 53.847667684949357 ], [ 13.852921011952207, 53.848669385458429 ], [ 13.848596807664997, 53.85007230490725 ], [ 13.845662238304888, 53.851049245686006 ], [ 13.842166083258828, 53.850432364365744 ], [ 13.837681914438127, 53.849979949743478 ], [ 13.833182107381299, 53.849862863200897 ], [ 13.826006547076178, 53.849787838346941 ], [ 13.823902345587713, 53.854468816018027 ], [ 13.822832526587691, 53.855369039315484 ], [ 13.822050668219939, 53.856912417891358 ], [ 13.824211949482505, 53.857378920058835 ], [ 13.82624247085934, 53.857336368579105 ], [ 13.828205701471042, 53.857148741899223 ], [ 13.829590558220703, 53.858203138025665 ], [ 13.829876931490766, 53.859575375370774 ], [ 13.828633208593335, 53.86187950340598 ], [ 13.831935855025556, 53.86400718661266 ], [ 13.830582655542869, 53.865863729733249 ], [ 13.834077031267812, 53.867835309322736 ], [ 13.834031917076874, 53.870884861155545 ], [ 13.836107179251437, 53.871385221250222 ], [ 13.838236658840771, 53.872165528573248 ], [ 13.841072914317991, 53.871520899081084 ], [ 13.845518985930433, 53.871087776258314 ], [ 13.850114837424035, 53.870858372800022 ], [ 13.861339042884262, 53.872580376869749 ], [ 13.864168682728849, 53.873785243751499 ], [ 13.86883778244353, 53.875357519360691 ], [ 13.87235801169572, 53.877365628128786 ], [ 13.875222192199438, 53.877878622472728 ], [ 13.879564216330085, 53.876355074723975 ], [ 13.885088449321904, 53.876933430497552 ], [ 13.88836051496013, 53.877208655848172 ], [ 13.892074237293031, 53.876811342353939 ], [ 13.898547376137476, 53.880412094419235 ], [ 13.901521314373005, 53.88286997424936 ], [ 13.901578922325085, 53.88465187012774 ], [ 13.903401642508127, 53.885513580342369 ], [ 13.908189112352034, 53.88592359259026 ], [ 13.911970078875262, 53.886728939422063 ], [ 13.916962796253424, 53.887561531234923 ], [ 13.920988363102182, 53.887971415327939 ], [ 13.92117170018164, 53.890056469554672 ], [ 13.92378004787189, 53.890705955195855 ], [ 13.923406002262189, 53.89158225176373 ], [ 13.923102704160991, 53.893098509862313 ], [ 13.928676108816658, 53.89586477924383 ], [ 13.930267039902887, 53.898185467595525 ], [ 13.931110508139867, 53.901095881114223 ], [ 13.933592786452023, 53.906758976650544 ], [ 13.937209432027341, 53.907564483344949 ], [ 13.938109259867407, 53.909063708027197 ], [ 13.938475260261837, 53.911354357152348 ], [ 13.937602968534344, 53.913954574256294 ], [ 13.936251000104518, 53.91691391946442 ], [ 13.932812281232108, 53.918744874633511 ], [ 13.933374467328306, 53.923895605718329 ], [ 13.932881527228471, 53.927099355694068 ], [ 13.933127211709603, 53.929274684656825 ], [ 13.932864137147002, 53.933132490381361 ], [ 13.932344126659014, 53.936240917157328 ], [ 13.929994727478332, 53.938684552455506 ], [ 13.92539111789174, 53.94153241772527 ], [ 13.925332811981638, 53.94380883729648 ], [ 13.925137258652317, 53.946388768759178 ], [ 13.923177248608122, 53.948646684035218 ], [ 13.921890678373721, 53.951487679127354 ], [ 13.918311736154724, 53.953429367801149 ], [ 13.913216220721299, 53.955236107832874 ], [ 13.911413648969726, 53.956875507998973 ], [ 13.907553865853114, 53.958419712541691 ], [ 13.902400266287275, 53.960451961346507 ], [ 13.898858711581941, 53.962645218845907 ], [ 13.895289847538274, 53.965711399618741 ], [ 13.894964258093681, 53.968969971514333 ], [ 13.897371440956697, 53.973124300448298 ], [ 13.898064285344484, 53.977217816495717 ], [ 13.89919866888464, 53.978764557899012 ], [ 13.899257217094078, 53.980407454923537 ], [ 13.899792247572238, 53.982010311812907 ], [ 13.901988665328872, 53.984875544746679 ], [ 13.904124243110122, 53.98748997073627 ], [ 13.909038521671048, 53.991004437562452 ], [ 13.91574269587357, 53.991429643839361 ], [ 13.924306462615917, 53.99119741396985 ], [ 13.930012680737851, 53.990677053131321 ], [ 13.933452233057363, 53.99164651853944 ], [ 13.939698826268135, 53.993762263909495 ], [ 13.941975458190388, 53.99431754514675 ], [ 13.945781222343044, 53.994189551324432 ], [ 13.956039319333795, 53.992980151743993 ], [ 13.962865454803692, 53.990577580842199 ], [ 13.965347086743712, 53.988887149077144 ], [ 13.965368580682878, 53.986522736554015 ], [ 13.964423847770156, 53.981488048614537 ], [ 13.964674826886769, 53.979352668106877 ], [ 13.964429396659522, 53.976694054676827 ], [ 13.96392812962101, 53.974464787461592 ], [ 13.963774228389395, 53.972917123811044 ], [ 13.966616144636792, 53.972495710991808 ], [ 13.969673002595229, 53.972259150065668 ], [ 13.971777078771582, 53.970939291027555 ], [ 13.971449124493446, 53.969612813548032 ], [ 13.966585097897232, 53.967725065662648 ], [ 13.963720191493138, 53.966213140641983 ], [ 13.961963440794349, 53.965011142349546 ], [ 13.960181622316448, 53.963760491392023 ], [ 13.956137466753427, 53.961252530443439 ], [ 13.952480156679799, 53.960390142820927 ], [ 13.949880242011101, 53.958643016263302 ], [ 13.95239443424911, 53.956749554732276 ], [ 13.954615049682431, 53.95551657016339 ], [ 13.955919912757905, 53.954341462403534 ], [ 13.958336616411696, 53.953146288144957 ], [ 13.957525506876408, 53.951983606805456 ], [ 13.953073550513807, 53.949707353587932 ], [ 13.952406951297473, 53.947124526784059 ], [ 13.951462709885908, 53.94523664831172 ], [ 13.953279949984051, 53.943110316755536 ], [ 13.953285838568666, 53.940419085216654 ], [ 13.95344164524867, 53.938538726589691 ], [ 13.953873504044592, 53.936694170568494 ], [ 13.953470834994169, 53.934980902748464 ], [ 13.95667069900051, 53.934804732920782 ], [ 13.959989628740303, 53.933925376305915 ], [ 13.960175565168253, 53.935289520024384 ], [ 13.959652623072813, 53.936419950109716 ], [ 13.958560768601744, 53.93819503747271 ], [ 13.963049760939866, 53.942615196538135 ], [ 13.966117624185012, 53.946239358575355 ], [ 13.967806414091886, 53.949139210513984 ], [ 13.970754443005939, 53.949844111286907 ], [ 13.971107204634208, 53.951146326061647 ], [ 13.969149382393518, 53.952522768401415 ], [ 13.96681598696062, 53.953542154911766 ], [ 13.963657074819462, 53.956821997265251 ], [ 13.966129264462085, 53.958186492706368 ], [ 13.971757579325931, 53.958416119041885 ], [ 13.974528940071684, 53.959738822969136 ], [ 13.978925980467414, 53.960551904797867 ], [ 13.981787121103061, 53.961972218099277 ], [ 13.984530276208236, 53.96225302190831 ], [ 13.985868454965345, 53.961486912429784 ], [ 13.983190828060142, 53.959844319042439 ], [ 13.983909085851034, 53.959200783001016 ], [ 13.985417874462005, 53.959537131358289 ], [ 13.988130757611925, 53.959803308193251 ], [ 13.989592811702037, 53.960248842682944 ], [ 13.990098406098129, 53.961589124279968 ], [ 13.994909066867633, 53.962794620489838 ], [ 13.997998901046044, 53.961427478013789 ], [ 14.001803374901646, 53.960166754009755 ], [ 14.003795422973672, 53.959344470167593 ], [ 14.010085556131747, 53.960176293928029 ], [ 14.01643145555256, 53.961914690815483 ], [ 14.01984687230056, 53.962786973843677 ], [ 14.022737045645842, 53.962526316574895 ], [ 14.025174781418519, 53.961340780412399 ], [ 14.023918481681719, 53.960803468263776 ], [ 14.018914075732315, 53.960766291650671 ], [ 14.016837450183122, 53.959665865181734 ], [ 14.018471677412952, 53.959284763554969 ], [ 14.023131431764305, 53.960002054785058 ], [ 14.023775909996914, 53.959440345231847 ], [ 14.023679377785339, 53.958594824118144 ], [ 14.022637262365238, 53.958014781449045 ], [ 14.018975936290897, 53.95814347427654 ], [ 14.016253723034669, 53.956929966611874 ], [ 14.013126629639784, 53.956220327963322 ], [ 14.011973463103109, 53.955403064368006 ], [ 14.010214835053009, 53.953754425436799 ], [ 14.011980296480171, 53.949893456472473 ], [ 14.014196239019226, 53.948780900144676 ], [ 14.017705816053274, 53.946636241137654 ], [ 14.023993428453954, 53.944914163302194 ], [ 14.030411044452196, 53.942574129471005 ], [ 14.032719283500905, 53.942604013455551 ], [ 14.033268114418322, 53.941241448032265 ], [ 14.037200187614072, 53.94184247331539 ], [ 14.040046577406128, 53.94153584590638 ], [ 14.042594325809942, 53.945192491379302 ], [ 14.042340577089156, 53.9462295818239 ], [ 14.041986618113352, 53.947463424537709 ], [ 14.040145910097168, 53.947237176131232 ], [ 14.036994669151484, 53.946498355956784 ], [ 14.034875561450825, 53.949932145965896 ], [ 14.036738642607297, 53.952728736975686 ], [ 14.038980291257973, 53.956440414447506 ], [ 14.041079808925677, 53.959847684481055 ], [ 14.043241677078941, 53.961627815609774 ], [ 14.043418181830678, 53.963571526221727 ], [ 14.043091504117172, 53.965444140364319 ], [ 14.042749642285365, 53.96771323602222 ], [ 14.045323923295749, 53.971435779709942 ], [ 14.046407687388932, 53.976201634577109 ], [ 14.04748797401145, 53.979576680155638 ], [ 14.04807102443843, 53.982492535863997 ], [ 14.047881399681501, 53.985455951742473 ], [ 14.047167231117404, 53.989385858639729 ], [ 14.047122009823688, 53.99208050427621 ], [ 14.047544840489902, 53.99572124690318 ], [ 14.047461296238426, 53.997302218790779 ], [ 14.045353302950002, 53.9984930615881 ], [ 14.044116439739241, 53.999198572049622 ], [ 14.042413622611011, 53.999368356111248 ], [ 14.042498277282556, 54.000439291797314 ], [ 14.044374575705776, 54.001579778842853 ], [ 14.042907223523393, 54.00312290554875 ], [ 14.042198739150447, 54.005478269262262 ], [ 14.040702448799657, 54.009380980349697 ], [ 14.03861707212627, 54.010018738241726 ], [ 14.038308323600894, 54.012422639550486 ], [ 14.035509893785008, 54.015142028584734 ], [ 14.033808694241186, 54.016442781613442 ], [ 14.029222151794889, 54.017638837547281 ], [ 14.026857381902913, 54.018499896156605 ], [ 14.023119006999933, 54.018719274720318 ], [ 14.019326508292407, 54.018069969975365 ], [ 14.017207010054832, 54.018908926825382 ], [ 14.015780145456707, 54.021487799419596 ], [ 14.014961041603922, 54.01916890125149 ], [ 14.017758425722317, 54.017009735965111 ], [ 14.018005157288584, 54.015237862582559 ], [ 14.01273346029037, 54.011807447451424 ], [ 14.010900834009083, 54.00982441307243 ], [ 14.003849280431446, 54.010579616310899 ], [ 14.003976273714702, 54.014012717552717 ], [ 14.002567944081722, 54.015122964729706 ], [ 14.003294489890164, 54.018505306546267 ], [ 14.00320347971957, 54.021379126165456 ], [ 14.002826732438312, 54.024063811236168 ], [ 14.00102685907132, 54.027737570931883 ], [ 13.999427588042035, 54.032055763598166 ], [ 13.99786946072814, 54.035936547936821 ], [ 13.998034139593203, 54.039924236739708 ], [ 13.996556737413034, 54.043052503618739 ], [ 13.993566663674081, 54.045650654356436 ], [ 13.990150539921981, 54.047197324959264 ], [ 13.985325707941335, 54.048838857569272 ], [ 13.981303304969872, 54.050743146315369 ], [ 13.980127433156364, 54.052153715112247 ], [ 13.978873392595748, 54.053385031949738 ], [ 13.977221391720008, 54.05478662732277 ], [ 13.974458671474121, 54.056994388486089 ], [ 13.972273572522372, 54.05850645050139 ], [ 13.969489138465409, 54.059525775368506 ], [ 13.96869194940909, 54.060237788621976 ], [ 13.96900222905416, 54.061090775004708 ], [ 13.970547632276645, 54.061692854858101 ], [ 13.97253486841155, 54.061901829414971 ], [ 13.978000500083214, 54.062220027112389 ], [ 13.975300015387038, 54.062977893868641 ], [ 13.975042600116105, 54.063658490665759 ], [ 13.973513376828491, 54.064469628504504 ], [ 13.969828598937834, 54.063030648879284 ], [ 13.967628892039734, 54.062160235047102 ], [ 13.966191523936288, 54.059675069810105 ], [ 13.961721507433348, 54.060069040754463 ], [ 13.955772277046947, 54.059474249257661 ], [ 13.951447504408733, 54.059120916006336 ], [ 13.947854499527143, 54.06006009531162 ], [ 13.94456614678673, 54.061092130499219 ], [ 13.942305075094213, 54.061667004411582 ], [ 13.939902275401733, 54.061668206580798 ], [ 13.935775719083361, 54.061867110767132 ], [ 13.932867612619038, 54.061840318647796 ], [ 13.928162624016382, 54.062674994074072 ], [ 13.924467400428496, 54.063439242683465 ], [ 13.919788872804244, 54.06301922590616 ], [ 13.915085335733545, 54.064597140944876 ], [ 13.913151294357158, 54.064569956151999 ], [ 13.911264777118333, 54.064474781089864 ], [ 13.91004622425425, 54.063183131806568 ], [ 13.912666680884845, 54.061966638109411 ], [ 13.914661997194584, 54.06170923094863 ], [ 13.916047542755877, 54.060296260954118 ], [ 13.913689256675456, 54.056870492076762 ], [ 13.912326707807233, 54.053520016359947 ], [ 13.910778515744237, 54.049819334573648 ], [ 13.910356573508308, 54.046999367101314 ], [ 13.909179761429362, 54.045134145302633 ], [ 13.907361680380404, 54.04316177573871 ], [ 13.90913998678016, 54.042784048619637 ], [ 13.910425101291947, 54.04342322760408 ], [ 13.911887021539634, 54.044903097453158 ], [ 13.912509910323818, 54.046642048811279 ], [ 13.913110757317716, 54.047716064592024 ], [ 13.914505574980881, 54.046918095718361 ], [ 13.918567730246441, 54.043459523582854 ], [ 13.91842654644744, 54.04159534560349 ], [ 13.921361347575697, 54.039918843744474 ], [ 13.923665764273398, 54.03797181348282 ], [ 13.924552178727719, 54.036494980962885 ], [ 13.930189248947144, 54.03155099155849 ], [ 13.933089972782639, 54.029221752924357 ], [ 13.9340850025868, 54.027293640865487 ], [ 13.932764026921358, 54.025450914503004 ], [ 13.930766596000364, 54.024162467759545 ], [ 13.92766022753932, 54.024328805656879 ], [ 13.925163307107995, 54.023805200443611 ], [ 13.924091551714438, 54.022775054266589 ], [ 13.92358607696656, 54.02120957721074 ], [ 13.925240874309225, 54.019953038738727 ], [ 13.926222940414446, 54.018263950688961 ], [ 13.926568132980178, 54.016383349250027 ], [ 13.924973829841834, 54.016320020587521 ], [ 13.921486539105306, 54.016983041760717 ], [ 13.917547874618624, 54.01918992035116 ], [ 13.916470627179464, 54.021093354750377 ], [ 13.916129364662646, 54.023353593484941 ], [ 13.917345269930324, 54.02531751066919 ], [ 13.921647053375466, 54.027195001089311 ], [ 13.923143245827836, 54.028634635672383 ], [ 13.924952228578086, 54.029901167609665 ], [ 13.927959684340651, 54.03078800807851 ], [ 13.926293293875707, 54.032876638759149 ], [ 13.922768007911161, 54.035204438673965 ], [ 13.920312976617625, 54.033740079940479 ], [ 13.918582454545602, 54.033762709345446 ], [ 13.916264862728841, 54.032242682674607 ], [ 13.913602694193781, 54.028509854942762 ], [ 13.909863272634617, 54.026474154398826 ], [ 13.908258147438985, 54.024912761899834 ], [ 13.90683886115707, 54.021325676381295 ], [ 13.905505619627407, 54.01853508626111 ], [ 13.902596516564609, 54.015835771348598 ], [ 13.899520990964552, 54.013052823672879 ], [ 13.894427891607059, 54.011330624640927 ], [ 13.888502124193556, 54.011775521881553 ], [ 13.886573526703692, 54.009851397981052 ], [ 13.882526262709865, 54.010578012072344 ], [ 13.879954548884253, 54.010103571481807 ], [ 13.875364157207171, 54.00996637891464 ], [ 13.872524689051216, 54.007809362049713 ], [ 13.870183472585357, 54.008554599391061 ], [ 13.86713392913007, 54.007685194214034 ], [ 13.864483190349549, 54.006872010064804 ], [ 13.863122384730911, 54.003206272451493 ], [ 13.861529365227335, 54.001936428480498 ], [ 13.86170416281397, 53.999875504321999 ], [ 13.857808248267759, 54.000734075028085 ], [ 13.85526897229121, 54.001806584798821 ], [ 13.853546477241284, 54.003808538574219 ], [ 13.852597163904948, 54.006504906160671 ], [ 13.852374273617926, 54.009314971099101 ], [ 13.852937632854536, 54.013529337227368 ], [ 13.856576153544204, 54.017563338080237 ], [ 13.860116670102691, 54.020302656765729 ], [ 13.862422917817977, 54.021773737545402 ], [ 13.863727462021497, 54.022477998676585 ], [ 13.864386390452919, 54.024811285583837 ], [ 13.865151203175625, 54.026498477278821 ], [ 13.865105564818867, 54.0272999922854 ], [ 13.864550777425253, 54.028743964532751 ], [ 13.864862071606188, 54.030464314192074 ], [ 13.865150116879475, 54.032358226453503 ], [ 13.868201933639323, 54.035106201333321 ], [ 13.870014538391366, 54.036020917301812 ], [ 13.870847579620012, 54.03452850257009 ], [ 13.872024273625575, 54.033985477408173 ], [ 13.873335426135554, 54.032146685958217 ], [ 13.875645656627857, 54.03388310429834 ], [ 13.877849261927441, 54.035630062292938 ], [ 13.879181346151251, 54.037472043118406 ], [ 13.879545633511404, 54.039858921475002 ], [ 13.878308177682348, 54.042396516503167 ], [ 13.875549551712497, 54.043338198933384 ], [ 13.872046325875644, 54.044992160098779 ], [ 13.867854636064251, 54.046110034075447 ], [ 13.871331157369985, 54.0441984635385 ], [ 13.87401027639614, 54.042933486370607 ], [ 13.875053961083823, 54.042179563818465 ], [ 13.876059587805779, 54.041240695813009 ], [ 13.875231211682951, 54.040232984520173 ], [ 13.873121284098954, 54.039098890009598 ], [ 13.872365915108791, 54.041364218569967 ], [ 13.870154332082627, 54.043462562428196 ], [ 13.867743083350774, 54.043727914755799 ], [ 13.866154784103834, 54.044847960620615 ], [ 13.863862790963648, 54.046648652385741 ], [ 13.858283249685043, 54.048231679883287 ], [ 13.853582658293263, 54.048432087633302 ], [ 13.854914235586568, 54.047623263454284 ], [ 13.854184232809613, 54.046882989713758 ], [ 13.850659711453762, 54.047004911039899 ], [ 13.846982225116028, 54.046878966246254 ], [ 13.845005754529483, 54.044716292516682 ], [ 13.846637741680571, 54.044206766523551 ], [ 13.846796858553336, 54.04343379225201 ], [ 13.843733386213181, 54.042426875255622 ], [ 13.837938266133239, 54.040150802369965 ], [ 13.830685769408946, 54.038732875868405 ], [ 13.827033090198709, 54.037785735695493 ], [ 13.822086807798465, 54.037708769827368 ], [ 13.820230638021787, 54.036697260910387 ], [ 13.81382480989793, 54.032008723151115 ], [ 13.810173429664454, 54.031184701354555 ], [ 13.807299063878196, 54.028015154158979 ], [ 13.803694676181511, 54.022410938059842 ], [ 13.801798708083304, 54.020435548657865 ], [ 13.800499636309764, 54.018885242789437 ], [ 13.797114765149816, 54.018132176324755 ], [ 13.789457970628481, 54.018435306683408 ], [ 13.78666903590554, 54.018073460709786 ], [ 13.780338076892166, 54.018058770796344 ], [ 13.778925615205127, 54.019563271615688 ], [ 13.776360962920883, 54.019300036415075 ], [ 13.772785718607494, 54.01905394760805 ], [ 13.769953833718333, 54.019422571463949 ], [ 13.766927878379972, 54.023022242511693 ], [ 13.764824645373121, 54.024942691046583 ], [ 13.763585250605377, 54.026391391318079 ], [ 13.764733786939797, 54.029467144506981 ], [ 13.765377715088237, 54.031487416964268 ], [ 13.76788435886372, 54.033373879799704 ], [ 13.772102916581765, 54.037485291115715 ], [ 13.772600965153973, 54.039974459699287 ], [ 13.773798265340169, 54.041330582604864 ], [ 13.776685343764994, 54.041354555066114 ], [ 13.778815676151014, 54.040076326135974 ], [ 13.779198909690578, 54.038470215752334 ], [ 13.782586025095483, 54.038623634206274 ], [ 13.783602041200893, 54.039527626220007 ], [ 13.782456070940828, 54.043188996226114 ], [ 13.784407099240118, 54.0459730619231 ], [ 13.789659504175178, 54.048439383347322 ], [ 13.790867511013333, 54.051004193685756 ], [ 13.791217945801899, 54.053243167605736 ], [ 13.787661964169668, 54.057021905035995 ], [ 13.788838725910775, 54.058800509056631 ], [ 13.792520835987284, 54.06068765764806 ], [ 13.794721948703424, 54.061601693519329 ], [ 13.79696375190032, 54.06371960104611 ], [ 13.798317990780619, 54.068296271250311 ], [ 13.800744016384762, 54.071729077566339 ], [ 13.801202139609041, 54.074915130994782 ], [ 13.807708569117517, 54.079614665617044 ], [ 13.808453628381104, 54.080853920215205 ], [ 13.808609349260243, 54.085921829840743 ], [ 13.808896337833355, 54.090658010981549 ], [ 13.812395927254618, 54.09419374861681 ], [ 13.813313552324944, 54.096428871513154 ], [ 13.812323120705736, 54.101010114656049 ], [ 13.809819784446212, 54.103661386921623 ], [ 13.808594354137073, 54.107451857643802 ], [ 13.810137508838727, 54.108015230976285 ], [ 13.812064247503168, 54.108614952101505 ], [ 13.811592956553159, 54.109330062992996 ], [ 13.807047888393642, 54.109146898366255 ], [ 13.80358641021332, 54.1102553845123 ], [ 13.796555880285512, 54.110462084209317 ], [ 13.792268727408597, 54.111217176192199 ], [ 13.786689388240145, 54.114520414825066 ], [ 13.786362404671886, 54.116991079900366 ], [ 13.784131743393319, 54.118994034356078 ], [ 13.778682211933129, 54.12031348068686 ], [ 13.775366097038603, 54.121347809497536 ], [ 13.776346552029848, 54.122663410038662 ], [ 13.775924969657176, 54.127490052802209 ], [ 13.774460263994282, 54.130579215068572 ], [ 13.771853190998092, 54.133349801269993 ], [ 13.769753410561197, 54.134151149667737 ], [ 13.767097696687816, 54.135176132322961 ], [ 13.764763003215753, 54.137608940162778 ], [ 13.762483501819968, 54.137135649809494 ], [ 13.764440606827073, 54.134100030362276 ], [ 13.759012078686041, 54.134400566681059 ], [ 13.756602085323591, 54.136368768446829 ], [ 13.755744416362457, 54.138948064944799 ], [ 13.75496364681454, 54.141283972187971 ], [ 13.753811827686642, 54.14545051097852 ], [ 13.753018597735668, 54.147370816837693 ], [ 13.752945462173029, 54.149699528277011 ], [ 13.750445556292927, 54.151385426150448 ], [ 13.751209685280703, 54.153289954116474 ], [ 13.751568591129875, 54.155863713172216 ], [ 13.750936129700069, 54.158445255731181 ], [ 13.753099559018223, 54.159753618915936 ], [ 13.754291300188052, 54.161736937253124 ], [ 13.756811793858809, 54.165533619333416 ], [ 13.761133605735161, 54.168067021439384 ], [ 13.764565303250896, 54.169110578891157 ], [ 13.769570374754091, 54.170638998722112 ], [ 13.775573620059397, 54.172489492799642 ], [ 13.778727105728329, 54.172789493410875 ], [ 13.783557566566882, 54.173321442800201 ], [ 13.786411079741299, 54.173956927540608 ], [ 13.793610310359295, 54.174537971508379 ], [ 13.798994531785745, 54.1738725697235 ], [ 13.805938205388909, 54.172606123702742 ], [ 13.809993650162159, 54.169729529162545 ], [ 13.81320045755502, 54.169147175836152 ], [ 13.813540865568481, 54.167022383939411 ], [ 13.814629125726913, 54.165680512851765 ], [ 13.815087773992914, 54.162183603048653 ], [ 13.816905029626406, 54.156813835331143 ], [ 13.821248408759821, 54.149226086926994 ], [ 13.826887174776648, 54.140273684511364 ] ] ], [ [ [ 13.813553972012251, 54.175511827084804 ], [ 13.812616337100087, 54.175413927961763 ], [ 13.809182285612716, 54.176218865368256 ], [ 13.805253528392445, 54.176260416161512 ], [ 13.803861637176245, 54.17671329219278 ], [ 13.8037932811401, 54.177482524048017 ], [ 13.80465088704076, 54.177967839513713 ], [ 13.807461189031189, 54.178048254950696 ], [ 13.813102166732556, 54.177974328375804 ], [ 13.813216462191797, 54.176614253813931 ], [ 13.813553972012251, 54.175511827084804 ] ] ], [ [ [ 13.908445902708673, 54.240656724058752 ], [ 13.906418060672333, 54.240360708957695 ], [ 13.906299360827536, 54.241409241383316 ], [ 13.908556525742547, 54.241678194797785 ], [ 13.908946213138472, 54.241743150451626 ], [ 13.909160208866826, 54.241833087616854 ], [ 13.909584088824934, 54.242234752718062 ], [ 13.90980772668104, 54.242726797371503 ], [ 13.909845217300335, 54.24304974704151 ], [ 13.909052004993061, 54.244656016722232 ], [ 13.911695185290515, 54.245028625360312 ], [ 13.91303278640455, 54.245559410553867 ], [ 13.914549620428813, 54.246861160110718 ], [ 13.916261702569003, 54.249295480617754 ], [ 13.917492411487824, 54.251510772945714 ], [ 13.918690422660982, 54.252267624168269 ], [ 13.919872834972393, 54.252698805278072 ], [ 13.921803076768926, 54.252506031330789 ], [ 13.924096486254314, 54.251432452581952 ], [ 13.925773029181807, 54.250505268674637 ], [ 13.926522715489774, 54.249633701630586 ], [ 13.925705801053411, 54.248506048332715 ], [ 13.924283603917265, 54.247749408715919 ], [ 13.918624267183279, 54.245587516843379 ], [ 13.915351239784325, 54.242941896096127 ], [ 13.912278276905315, 54.241568056410934 ], [ 13.912092204096757, 54.241511874204292 ], [ 13.908445902708673, 54.240656724058752 ] ] ] ] } },
{ "type": "Feature", "properties": { "wkr": 31, "wkr_name": "Ludwigslust-Parchim IV" }, "geometry": { "type": "Polygon", "coordinates": [ [ [ 11.630358435314699, 53.463604454415716 ], [ 11.637265993387082, 53.466222253713809 ], [ 11.633616990271705, 53.474406054910112 ], [ 11.634173758681502, 53.477893210558179 ], [ 11.642223248359516, 53.48134597728685 ], [ 11.636110485857765, 53.486036524196635 ], [ 11.638651857131702, 53.48754675407411 ], [ 11.632386764879458, 53.48890825779705 ], [ 11.629327792395921, 53.489713665026386 ], [ 11.634648069848605, 53.504502766540902 ], [ 11.63681116607944, 53.505556402199332 ], [ 11.638058724011504, 53.508718817341816 ], [ 11.662297584860344, 53.51485350701514 ], [ 11.665097519552095, 53.515231795119263 ], [ 11.663131467878932, 53.51868917006891 ], [ 11.662039771491257, 53.52182350953759 ], [ 11.660797896950751, 53.528605998047375 ], [ 11.66064245594521, 53.531627390392352 ], [ 11.667499876305481, 53.532068078406638 ], [ 11.672192565770889, 53.533985728648098 ], [ 11.676200109004837, 53.535933648892033 ], [ 11.678698136906419, 53.536003242218243 ], [ 11.678807467810184, 53.528215265217199 ], [ 11.682837713653226, 53.523516348625854 ], [ 11.685834727224218, 53.521367369364363 ], [ 11.688561255161391, 53.520596085047508 ], [ 11.692017450071781, 53.520047132555973 ], [ 11.693576745005256, 53.518633772007149 ], [ 11.694089087644704, 53.518066679029779 ], [ 11.695140618817451, 53.517667316708838 ], [ 11.695978075020198, 53.517330334490907 ], [ 11.696760039993281, 53.516932659526091 ], [ 11.6980827713473, 53.514740714104313 ], [ 11.697157784360433, 53.514112270100064 ], [ 11.696696991264204, 53.512992865932873 ], [ 11.699820903264655, 53.51180358519629 ], [ 11.700107920898294, 53.510785859267287 ], [ 11.700021123421957, 53.510296041981071 ], [ 11.702850001833061, 53.509231612273048 ], [ 11.705201335230818, 53.508162319472433 ], [ 11.705309524017558, 53.505430807971571 ], [ 11.706877624186967, 53.504531185430231 ], [ 11.710794948484672, 53.50662232794749 ], [ 11.713680112216332, 53.506952220395569 ], [ 11.7156868744608, 53.506858046248929 ], [ 11.717718928473236, 53.506417217996884 ], [ 11.719649715545147, 53.504036914834359 ], [ 11.721499074934647, 53.502698978586508 ], [ 11.725464769718069, 53.500973808057324 ], [ 11.726906443737368, 53.500614103341 ], [ 11.729455369618259, 53.499940429806372 ], [ 11.731366978921111, 53.498851802770297 ], [ 11.735815175675267, 53.500511816242799 ], [ 11.739162799020491, 53.500304769480067 ], [ 11.742395293287085, 53.499680021329567 ], [ 11.746027494616637, 53.498707759154435 ], [ 11.748307429624766, 53.499364345971721 ], [ 11.749904504247528, 53.50020226500849 ], [ 11.754087052885534, 53.506467451786222 ], [ 11.761949116128536, 53.514562978745751 ], [ 11.783308207560287, 53.518242694338035 ], [ 11.817497394207752, 53.519384940380498 ], [ 11.821971581423863, 53.51940934761997 ], [ 11.818957389309526, 53.525428632996068 ], [ 11.814780357535568, 53.525697239289073 ], [ 11.815129704993002, 53.531708478667696 ], [ 11.813710212283397, 53.533578523700122 ], [ 11.808997996428703, 53.536691663145213 ], [ 11.804374452384385, 53.538569880856976 ], [ 11.786423507524747, 53.541139394544899 ], [ 11.782457779513541, 53.540744054457861 ], [ 11.780852369149672, 53.542893327305343 ], [ 11.785834133347874, 53.544742763424445 ], [ 11.774015059919126, 53.5486171271695 ], [ 11.789094771596202, 53.572388182990096 ], [ 11.795609388525941, 53.571902095194019 ], [ 11.797564811071947, 53.571186136922172 ], [ 11.800373546120635, 53.570387704900909 ], [ 11.81105003597821, 53.571054815366459 ], [ 11.816668771418618, 53.568725284948869 ], [ 11.82283279873119, 53.569749129488784 ], [ 11.831417000648349, 53.568449655738604 ], [ 11.84014757122192, 53.569442965366015 ], [ 11.849479351717777, 53.568832885618299 ], [ 11.853727526288704, 53.569802010976701 ], [ 11.857311057727935, 53.571135161037795 ], [ 11.855101075239327, 53.572885753033077 ], [ 11.846905410406404, 53.575436008026429 ], [ 11.841325275736521, 53.575098523239319 ], [ 11.835830899797125, 53.577905954955561 ], [ 11.833464547297222, 53.578394685012626 ], [ 11.831719560245473, 53.590090582534145 ], [ 11.838759636885374, 53.590178742650671 ], [ 11.83884600453119, 53.594447943324006 ], [ 11.8334620067257, 53.601539711534826 ], [ 11.840296263897606, 53.602003198994922 ], [ 11.840990158089497, 53.603386056549851 ], [ 11.842130280989393, 53.604161781680126 ], [ 11.84029072344757, 53.605902342693966 ], [ 11.837893369146498, 53.606220204184666 ], [ 11.838045748290185, 53.607812702172644 ], [ 11.843150127017694, 53.608046126960112 ], [ 11.845923529835776, 53.604577437901547 ], [ 11.856906867186266, 53.60471461771003 ], [ 11.859535794094992, 53.6092954844204 ], [ 11.860915584686321, 53.610920195329527 ], [ 11.864647411906827, 53.613602133821132 ], [ 11.867914196238807, 53.615727662800815 ], [ 11.869674178041279, 53.617005646201626 ], [ 11.873009853546922, 53.619247072769895 ], [ 11.876491933639366, 53.616926016663101 ], [ 11.882524819319572, 53.613485306579179 ], [ 11.886820807343314, 53.611328808613159 ], [ 11.897439923186639, 53.601785452931992 ], [ 11.892832351930096, 53.599702932369304 ], [ 11.891750282879512, 53.597004731611143 ], [ 11.891928170351305, 53.594533432506161 ], [ 11.891453444733349, 53.590135428078838 ], [ 11.894121191038412, 53.586489539974536 ], [ 11.891901882509408, 53.581856194288385 ], [ 11.888654454738635, 53.578151331266824 ], [ 11.885454664763666, 53.575876419225281 ], [ 11.88348854329992, 53.57429964126198 ], [ 11.875844214108831, 53.569432051072525 ], [ 11.876217058229336, 53.566583572363193 ], [ 11.882026812485172, 53.561590348889808 ], [ 11.889410323142336, 53.556922542541074 ], [ 11.896815515085139, 53.55587644948848 ], [ 11.901244396980804, 53.554848233036424 ], [ 11.913435834802472, 53.561072233525124 ], [ 11.928774009308922, 53.561544824718752 ], [ 11.931485272264073, 53.561534938583272 ], [ 11.936334864022903, 53.554226354446911 ], [ 11.939357416253559, 53.552302115671232 ], [ 11.946123719075091, 53.551807582508424 ], [ 11.950947611654057, 53.548839600794594 ], [ 11.956159173334752, 53.545732986776237 ], [ 11.961076088605497, 53.544920289659778 ], [ 11.963673742920248, 53.543394409552768 ], [ 11.96594152824736, 53.538589977628405 ], [ 11.970413246687817, 53.536418487967275 ], [ 11.973356376085302, 53.535540132510455 ], [ 11.975775211978085, 53.529807547831687 ], [ 11.979482856707032, 53.530359320730263 ], [ 11.980052502926162, 53.533528953326595 ], [ 11.979234564754364, 53.536069680518835 ], [ 11.977823298638853, 53.53794149061158 ], [ 11.982951212886039, 53.540071074137238 ], [ 11.985054456571056, 53.544221064268164 ], [ 11.990475450583419, 53.539976913677371 ], [ 11.987082214805328, 53.540094215175394 ], [ 11.985261156276325, 53.539776209897305 ], [ 11.983411670671229, 53.538082731796585 ], [ 11.983224676076761, 53.535883653247268 ], [ 11.986735591171501, 53.534067266415271 ], [ 11.989157456170085, 53.533748025764339 ], [ 11.992082625293806, 53.535346831780686 ], [ 11.993982199618996, 53.537872752667582 ], [ 11.997148985931755, 53.539185688081247 ], [ 12.00400153216999, 53.540980080049366 ], [ 12.011001664099568, 53.541538559090625 ], [ 12.012898173727583, 53.537295784239483 ], [ 12.026042954729725, 53.538246949101485 ], [ 12.029285262492429, 53.537975601907725 ], [ 12.033446948883871, 53.536688930025662 ], [ 12.03666740288209, 53.53496801187395 ], [ 12.03904085592437, 53.531075995289044 ], [ 12.040420870701446, 53.529337692673622 ], [ 12.047591293168729, 53.528752296275805 ], [ 12.054312375698194, 53.528493246045812 ], [ 12.054996577821978, 53.530973951487155 ], [ 12.054984846930569, 53.53427304927942 ], [ 12.049570742411742, 53.536072903724005 ], [ 12.051524876297851, 53.538231508666357 ], [ 12.050728625475426, 53.546374369533744 ], [ 12.054619025535922, 53.544979774795145 ], [ 12.056573217258773, 53.546289546949843 ], [ 12.061303076838994, 53.543442949308023 ], [ 12.066213614711934, 53.54417791639645 ], [ 12.06710002383458, 53.54307384309611 ], [ 12.069178070149187, 53.542690676066215 ], [ 12.067008995300434, 53.541314768131329 ], [ 12.067589615469847, 53.538062234869749 ], [ 12.070118901981894, 53.53631505012909 ], [ 12.074174446010506, 53.535352785385115 ], [ 12.079675982575655, 53.530299064464984 ], [ 12.088373740957294, 53.519732041821392 ], [ 12.090975956401364, 53.520394473087471 ], [ 12.091704953636123, 53.524781864891523 ], [ 12.095918577579731, 53.528806017450492 ], [ 12.100593473063459, 53.536508543021576 ], [ 12.106377307339494, 53.541835002214782 ], [ 12.11030133723129, 53.541928326357329 ], [ 12.115753215023057, 53.544604861459263 ], [ 12.121138497933677, 53.546007539954019 ], [ 12.124406110734119, 53.546651661402485 ], [ 12.127601094293214, 53.546109636295903 ], [ 12.128555862820496, 53.544606517639977 ], [ 12.129801108079992, 53.541382014286448 ], [ 12.13185015351381, 53.538887009499987 ], [ 12.133745998868044, 53.536681621869725 ], [ 12.128000108887244, 53.532882965901507 ], [ 12.13239681000338, 53.529705288024559 ], [ 12.142679434596616, 53.531082116113573 ], [ 12.153191778390283, 53.528716565181092 ], [ 12.157326150139898, 53.530747255722162 ], [ 12.160948472497155, 53.533294603194243 ], [ 12.158357568408471, 53.535758150012157 ], [ 12.162555758863411, 53.539314538059195 ], [ 12.17178057121685, 53.539331126934819 ], [ 12.181371852202725, 53.536303010403778 ], [ 12.17823475053715, 53.532157927913737 ], [ 12.17896401244794, 53.528819329523728 ], [ 12.183730104877544, 53.523947801474876 ], [ 12.187235072794403, 53.523751473881049 ], [ 12.193160080390363, 53.525897448634439 ], [ 12.203643520357891, 53.527466945563226 ], [ 12.208659250961718, 53.528739842406225 ], [ 12.217075402728328, 53.530834247277724 ], [ 12.221989350515589, 53.532685487543667 ], [ 12.229928889178188, 53.539168244352631 ], [ 12.230092886250704, 53.542826209838609 ], [ 12.231007304559684, 53.547635650882967 ], [ 12.237601192832965, 53.553892906719554 ], [ 12.241634314050327, 53.55754539227366 ], [ 12.247141413735935, 53.559605243593829 ], [ 12.251972655342037, 53.561445185839972 ], [ 12.252044112371729, 53.563471251228272 ], [ 12.250884882700301, 53.565474644877334 ], [ 12.243915999227932, 53.567160191987007 ], [ 12.236431944799921, 53.569226804904844 ], [ 12.231905272077361, 53.567900770827201 ], [ 12.229452593098825, 53.568860350672509 ], [ 12.23056728519315, 53.575295898985829 ], [ 12.232757075859077, 53.57987875654991 ], [ 12.229009056406813, 53.580000248865474 ], [ 12.227931734017485, 53.58023576600678 ], [ 12.224567700764936, 53.580750153947598 ], [ 12.228301898031818, 53.583787327745384 ], [ 12.228361796130104, 53.585516690408852 ], [ 12.225674317724138, 53.587387391726288 ], [ 12.224695108297574, 53.589298820772811 ], [ 12.227125570836813, 53.591288303452323 ], [ 12.224687108698905, 53.594586748059129 ], [ 12.227494118886039, 53.597292415820341 ], [ 12.229169452060379, 53.596914583661771 ], [ 12.234935370003862, 53.595769070773514 ], [ 12.241635390148982, 53.592492194166226 ], [ 12.248895086358173, 53.590566430044419 ], [ 12.25035930437109, 53.586678989274688 ], [ 12.250393218293079, 53.583596894232315 ], [ 12.254439664865284, 53.5822999076549 ], [ 12.2762555455234, 53.582345681505252 ], [ 12.282721136069053, 53.581807663258743 ], [ 12.288904834085638, 53.577961531505466 ], [ 12.287796423506531, 53.573602602058955 ], [ 12.289938206156735, 53.57062412729541 ], [ 12.299066944961039, 53.56803200819764 ], [ 12.305679519916499, 53.567813115026823 ], [ 12.304941370225645, 53.565282614307229 ], [ 12.306248400207105, 53.562683022418142 ], [ 12.30239102669645, 53.556798909006744 ], [ 12.304216343139293, 53.553544175452423 ], [ 12.297675100492446, 53.537788820623049 ], [ 12.294071722741204, 53.529144827899813 ], [ 12.295007532051015, 53.527082743092294 ], [ 12.293079739681616, 53.520553280130805 ], [ 12.289318721361477, 53.517286620124679 ], [ 12.294583289372797, 53.513481887970315 ], [ 12.298456120930481, 53.510597687217285 ], [ 12.300788549242958, 53.507742535593657 ], [ 12.30309169151165, 53.501700511058154 ], [ 12.301465025763989, 53.498961679633915 ], [ 12.301734320409166, 53.498378938730212 ], [ 12.318900287690346, 53.493126479380152 ], [ 12.317343461011625, 53.492404733741608 ], [ 12.319954572850559, 53.488368278140356 ], [ 12.321060162169863, 53.485769077976187 ], [ 12.323559346005968, 53.482746132712059 ], [ 12.325055207097506, 53.480800866289286 ], [ 12.330904695226748, 53.477965534338388 ], [ 12.335888651197354, 53.478145991621588 ], [ 12.336589871148343, 53.479070271874868 ], [ 12.349047751253808, 53.479338551038211 ], [ 12.355452763137919, 53.479430223498902 ], [ 12.364536539959062, 53.479358381662699 ], [ 12.365662444331399, 53.479150969741724 ], [ 12.364189011390453, 53.478560517627386 ], [ 12.360317424978724, 53.477632588573172 ], [ 12.355226555601762, 53.475818657123575 ], [ 12.35054568217725, 53.474554720080548 ], [ 12.347840852180058, 53.471987338529971 ], [ 12.347223326158735, 53.469600171237147 ], [ 12.346715796346523, 53.466799062206334 ], [ 12.345617272841949, 53.464441267883423 ], [ 12.34287210771485, 53.46001010879553 ], [ 12.340105739236812, 53.458979556236038 ], [ 12.338152837124898, 53.457894093999428 ], [ 12.333382142596605, 53.456460942797747 ], [ 12.331054363842448, 53.454622469362782 ], [ 12.329259554036714, 53.453141691098899 ], [ 12.327212308029706, 53.452469872013715 ], [ 12.323503237473458, 53.452910463026569 ], [ 12.319827566304101, 53.453531512503744 ], [ 12.316366444228111, 53.453276724638535 ], [ 12.314489350242843, 53.4527373581627 ], [ 12.31270515558715, 53.450515537024252 ], [ 12.307686552802965, 53.447186345456473 ], [ 12.30905733995534, 53.445310691813383 ], [ 12.309329155847157, 53.441779596923695 ], [ 12.310877244151506, 53.438048802972489 ], [ 12.309320925576124, 53.433661801951537 ], [ 12.309336458967381, 53.431051059580824 ], [ 12.306167006518828, 53.428678528030787 ], [ 12.304424861834267, 53.427078033790224 ], [ 12.300135531328094, 53.425442240238169 ], [ 12.304783964016499, 53.418122929398344 ], [ 12.310890397289405, 53.416010915686549 ], [ 12.310153228427692, 53.413435421473551 ], [ 12.307209151225155, 53.414682558631846 ], [ 12.303229173588477, 53.413798021484787 ], [ 12.303897722203034, 53.411067975290017 ], [ 12.303062174081255, 53.405469812541334 ], [ 12.30728152743267, 53.402575054603417 ], [ 12.31115748910141, 53.399156471487096 ], [ 12.312700194007181, 53.396282490579765 ], [ 12.316418209601499, 53.395456297199857 ], [ 12.316912027861287, 53.39420083009415 ], [ 12.316564073026079, 53.392797883927422 ], [ 12.316329819071891, 53.391923528331787 ], [ 12.314180392263344, 53.391263751657256 ], [ 12.311681685452037, 53.391642977957552 ], [ 12.309165393503752, 53.392282975449746 ], [ 12.307459574234773, 53.393900722588249 ], [ 12.304079975192961, 53.392203755396643 ], [ 12.293616238124171, 53.387355756300387 ], [ 12.287245327595169, 53.383839274982634 ], [ 12.279924873182406, 53.38144433838476 ], [ 12.275053346662141, 53.378705199933435 ], [ 12.27888085656083, 53.375829214523861 ], [ 12.283422485771595, 53.373684674637367 ], [ 12.287933135925295, 53.372315907924367 ], [ 12.290279273326156, 53.370690490801586 ], [ 12.30208236739468, 53.369386534074607 ], [ 12.312048866231132, 53.365656467957493 ], [ 12.311641076242122, 53.3622100447176 ], [ 12.30012738993107, 53.362817107229759 ], [ 12.299618573915016, 53.358996081119621 ], [ 12.29635306104079, 53.358976722662362 ], [ 12.289983291320192, 53.354779956197007 ], [ 12.311788360397566, 53.352099004302346 ], [ 12.315192693796368, 53.357019169485419 ], [ 12.31863930067909, 53.357097012573256 ], [ 12.326326929487443, 53.346627832320451 ], [ 12.326906065609839, 53.343780291919281 ], [ 12.333446675091453, 53.343133358854743 ], [ 12.338155563922573, 53.34204660983017 ], [ 12.339144306311704, 53.341116345247677 ], [ 12.341174227869487, 53.33838263820941 ], [ 12.343934883489288, 53.334475000904142 ], [ 12.344520426714107, 53.333261755029525 ], [ 12.342903930350092, 53.331831692415683 ], [ 12.336858864177943, 53.324548930049019 ], [ 12.331913388003608, 53.317921908283282 ], [ 12.325472934723701, 53.321186446347454 ], [ 12.316231096682033, 53.322387371604087 ], [ 12.311188642599413, 53.323217170615926 ], [ 12.310679352532832, 53.32711146919754 ], [ 12.308543322740395, 53.327330311764491 ], [ 12.299622204846175, 53.327764137033036 ], [ 12.29185319352702, 53.328168293735921 ], [ 12.287991429513049, 53.328325327088045 ], [ 12.280439309585736, 53.327439623485937 ], [ 12.27647260303875, 53.325450778308031 ], [ 12.271043391560866, 53.324090113684541 ], [ 12.268361528466894, 53.324648517039265 ], [ 12.264444954857414, 53.324600165806828 ], [ 12.260038966339987, 53.324146428131883 ], [ 12.257249009844418, 53.325174035977341 ], [ 12.258820919065041, 53.328430017919665 ], [ 12.253197297691324, 53.331398865504497 ], [ 12.246470991075896, 53.332927602547564 ], [ 12.244068377966135, 53.335541474543874 ], [ 12.241662374053226, 53.338631719352406 ], [ 12.237932859447676, 53.340847337193303 ], [ 12.235662750784035, 53.343063650783805 ], [ 12.233229582229219, 53.350279986911957 ], [ 12.230825052435305, 53.352815027203398 ], [ 12.229729440456561, 53.357891234431406 ], [ 12.22787407619893, 53.357967758407781 ], [ 12.222875412965427, 53.357688624131576 ], [ 12.219871567206555, 53.356466032254048 ], [ 12.215336778465947, 53.354150330800351 ], [ 12.211720467304087, 53.3531687830517 ], [ 12.206941687855521, 53.353632957078354 ], [ 12.197771930618934, 53.352807623989129 ], [ 12.189956855321995, 53.354143778052432 ], [ 12.186171266996443, 53.350431891307942 ], [ 12.185147586909265, 53.346743115031479 ], [ 12.187460587479489, 53.346162971777666 ], [ 12.186724812191189, 53.34318243753772 ], [ 12.182555353102694, 53.342108620350174 ], [ 12.169120399101494, 53.33900746022362 ], [ 12.164978551142509, 53.342409802288415 ], [ 12.156833120771438, 53.349369846196396 ], [ 12.155313984143817, 53.356508455755431 ], [ 12.151957856318889, 53.361420059942326 ], [ 12.143611563249227, 53.359966208900907 ], [ 12.13988085722702, 53.359934735518408 ], [ 12.139507184663241, 53.354319869105481 ], [ 12.135063144932371, 53.351606093489217 ], [ 12.134559389320266, 53.348668676158191 ], [ 12.108949090042961, 53.349619233186452 ], [ 12.109134457898486, 53.345425317183469 ], [ 12.10900310171159, 53.343826353032007 ], [ 12.099906622367628, 53.344390454270048 ], [ 12.091920521226516, 53.345032604381316 ], [ 12.086870302606028, 53.345978741701472 ], [ 12.082318468577833, 53.346213993379187 ], [ 12.080952533402453, 53.350712811818738 ], [ 12.079922242117975, 53.354710096484581 ], [ 12.079381823219979, 53.359986795417861 ], [ 12.079544602560768, 53.363536549328281 ], [ 12.079215584378884, 53.366895570471556 ], [ 12.077388180024643, 53.369002749426095 ], [ 12.069061321473184, 53.369541022221647 ], [ 12.062113680437752, 53.371213658183045 ], [ 12.05777758406812, 53.370380867045355 ], [ 12.052747213353435, 53.370153586852538 ], [ 12.046922513326912, 53.370507811286551 ], [ 12.046928769798694, 53.369953041287623 ], [ 12.051022066663151, 53.366835104175593 ], [ 12.048308542726891, 53.3649402067701 ], [ 12.047505071194117, 53.361417488682683 ], [ 12.051297941160511, 53.360344833628488 ], [ 12.053329048258492, 53.353649889114067 ], [ 12.056943724679469, 53.349431759974827 ], [ 12.052460826383614, 53.348545313983507 ], [ 12.046107217428196, 53.34725187145628 ], [ 12.041215395002137, 53.345963445229721 ], [ 12.030536634111106, 53.340207392005318 ], [ 12.022203769541285, 53.338347318242704 ], [ 12.022997137414787, 53.336564821929812 ], [ 12.014766060391539, 53.334270262419196 ], [ 12.018058074085697, 53.32967800104511 ], [ 12.020503163322164, 53.324211800410282 ], [ 12.021594929928906, 53.321597244386261 ], [ 12.018877441425984, 53.315793193591944 ], [ 12.019965191653146, 53.313495256664822 ], [ 12.023381677052695, 53.304225600488756 ], [ 12.022470581622116, 53.302555242013966 ], [ 12.018263511469264, 53.299599979411106 ], [ 12.003159331959687, 53.30001568686334 ], [ 11.997266004418705, 53.293959698253616 ], [ 11.99089561919021, 53.294963190837976 ], [ 11.983562103437894, 53.29866233963331 ], [ 11.979733895074061, 53.297592270614501 ], [ 11.974030919335508, 53.298381954347903 ], [ 11.973543826235961, 53.294729716854889 ], [ 11.970415624642326, 53.290668100217133 ], [ 11.966366292288864, 53.286283235256697 ], [ 11.961504204593197, 53.283089465732573 ], [ 11.958240454259791, 53.279503081031649 ], [ 11.955299445415511, 53.278212949706266 ], [ 11.956304539115841, 53.276165373917323 ], [ 11.955132989036093, 53.274904280347052 ], [ 11.95207613255392, 53.27338290744553 ], [ 11.948272381131794, 53.272235500563411 ], [ 11.945331702722795, 53.274204966510716 ], [ 11.939902986502428, 53.274417328092937 ], [ 11.925779291265766, 53.273795323858806 ], [ 11.916605874213335, 53.273909281446826 ], [ 11.9093666223634, 53.274434862921574 ], [ 11.898475872385402, 53.278184327095786 ], [ 11.892707693965992, 53.278869846940978 ], [ 11.892885568318073, 53.275537317631652 ], [ 11.89305660420772, 53.272761899312542 ], [ 11.889948054562879, 53.269266677314903 ], [ 11.887450416065183, 53.267872239916969 ], [ 11.885184406101331, 53.26496962396822 ], [ 11.881984584752992, 53.264324273744663 ], [ 11.881581340596501, 53.263192368922802 ], [ 11.877337368864962, 53.261871996713651 ], [ 11.875353460697886, 53.260922357710648 ], [ 11.871987068744621, 53.259830854548916 ], [ 11.865972113161284, 53.255735491765982 ], [ 11.865156922276951, 53.254140862144929 ], [ 11.865419973419444, 53.252379161716135 ], [ 11.862035807921959, 53.248708783006215 ], [ 11.860185117811717, 53.248541426427558 ], [ 11.855289732109361, 53.248595759614503 ], [ 11.849363343257567, 53.250203006454605 ], [ 11.845981702048977, 53.251401629454428 ], [ 11.839142299194892, 53.251696035505738 ], [ 11.831248402923409, 53.251860556821406 ], [ 11.821008356468067, 53.253320600844205 ], [ 11.814141892877066, 53.253638132356414 ], [ 11.812994277531416, 53.25352451162189 ], [ 11.819477077570893, 53.257000285559215 ], [ 11.827267592040137, 53.257207651161032 ], [ 11.832376278426638, 53.257743171435891 ], [ 11.834865814874254, 53.260000608326187 ], [ 11.838726240774928, 53.261696558715101 ], [ 11.841261009963024, 53.263356097329392 ], [ 11.841314256358936, 53.26485174455982 ], [ 11.842884569709398, 53.266087912524284 ], [ 11.845666525130889, 53.26665737911069 ], [ 11.845206939851748, 53.268439198990748 ], [ 11.848524866548587, 53.27071631629466 ], [ 11.852336143583473, 53.27081889651619 ], [ 11.852991140330422, 53.273224353329923 ], [ 11.85244617398415, 53.276098152400692 ], [ 11.849673836175432, 53.279334650129591 ], [ 11.844717277567369, 53.284058327947932 ], [ 11.840854889477919, 53.29361504914349 ], [ 11.827579683100639, 53.293360323223979 ], [ 11.824650029032389, 53.29029784057947 ], [ 11.819430611954479, 53.288962843070905 ], [ 11.819643748561615, 53.286080163274015 ], [ 11.821517546707208, 53.282902784292638 ], [ 11.821954035192155, 53.280014521511305 ], [ 11.821994664249287, 53.277449532101897 ], [ 11.818339320575198, 53.277302790402231 ], [ 11.815988676621346, 53.27666928567389 ], [ 11.81392061144677, 53.276423688373086 ], [ 11.810969504335523, 53.276314467675242 ], [ 11.806705993898991, 53.276705061865535 ], [ 11.804421705834711, 53.276314428579902 ], [ 11.801543273867372, 53.27484209745122 ], [ 11.798818330048723, 53.273474472355197 ], [ 11.793130416749445, 53.274018549505435 ], [ 11.790125554332338, 53.274236862372419 ], [ 11.785520286614396, 53.275804473634217 ], [ 11.7895568111604, 53.277406163480713 ], [ 11.779273487069499, 53.290371976148563 ], [ 11.780808001900839, 53.292107441805364 ], [ 11.790714949282137, 53.295160600330746 ], [ 11.787435654665098, 53.296457361631276 ], [ 11.782638057759575, 53.296392290502311 ], [ 11.782066187033761, 53.29943914181856 ], [ 11.779922665265591, 53.299599005182202 ], [ 11.776049988071263, 53.299575376670312 ], [ 11.774909056986186, 53.305457691024401 ], [ 11.77176449296954, 53.306687309126794 ], [ 11.767772950617459, 53.308531551086844 ], [ 11.764433921666356, 53.308688157867643 ], [ 11.762444065046234, 53.310578033068744 ], [ 11.754035249002859, 53.311704794193638 ], [ 11.746175899925454, 53.310482512944425 ], [ 11.739448567453211, 53.307110454112561 ], [ 11.735986049550389, 53.308908913215902 ], [ 11.730259655146208, 53.309480996079209 ], [ 11.724880485611205, 53.308504540201895 ], [ 11.72082056967534, 53.311580143925703 ], [ 11.716424356310981, 53.310363839573171 ], [ 11.711765131795969, 53.323378471598353 ], [ 11.709779008900545, 53.329048084808051 ], [ 11.70384057413661, 53.337696810886563 ], [ 11.693427844513034, 53.341090804370651 ], [ 11.690935372016471, 53.345405243203018 ], [ 11.690118837478833, 53.347274440225597 ], [ 11.688289335486505, 53.349415071469068 ], [ 11.691467885771122, 53.355676800603774 ], [ 11.696067316260695, 53.358592668352728 ], [ 11.69761226766402, 53.360127314786013 ], [ 11.698959863793482, 53.364247439617607 ], [ 11.697299188090403, 53.3652392788225 ], [ 11.697057284625382, 53.370300405238936 ], [ 11.689221694220665, 53.374118528200334 ], [ 11.686268985161073, 53.380363230945818 ], [ 11.680484972268456, 53.390723485777059 ], [ 11.684351240487661, 53.392269628310046 ], [ 11.687690065235067, 53.394148511389112 ], [ 11.684784554591761, 53.395207925857932 ], [ 11.681942940522159, 53.395475850250193 ], [ 11.678884678122625, 53.395291637110262 ], [ 11.672248294569071, 53.394213658620139 ], [ 11.667489334520145, 53.394527238567953 ], [ 11.660355598445728, 53.396563022893346 ], [ 11.655372361673891, 53.398704751296087 ], [ 11.646126229733959, 53.405392506227123 ], [ 11.648469396010308, 53.407292233680671 ], [ 11.640096216572045, 53.413457110214217 ], [ 11.634831215176099, 53.411772086098622 ], [ 11.629202588443503, 53.41052003322902 ], [ 11.627658553219243, 53.418514433870534 ], [ 11.628232642773174, 53.419623074170012 ], [ 11.631941968082231, 53.424192494961325 ], [ 11.633583444409711, 53.426571313674216 ], [ 11.634958636764063, 53.428098704037545 ], [ 11.636267078724277, 53.42937514505374 ], [ 11.635056929695484, 53.429986471529993 ], [ 11.631529410559246, 53.430483705384773 ], [ 11.624710513222317, 53.430586875863646 ], [ 11.618332747433318, 53.432441417467018 ], [ 11.638533672367563, 53.457574031534065 ], [ 11.639346036549119, 53.458520097349172 ], [ 11.641262907266459, 53.460280196324653 ], [ 11.643849678699718, 53.461077137593698 ], [ 11.64349929821266, 53.462206698828716 ], [ 11.630362198385424, 53.463604482027776 ], [ 11.630358435314699, 53.463604454415716 ] ] ] } },
{ "type": "Feature", "properties": { "wkr": 32, "wkr_name": "Ludwigslust-Parchim V" }, "geometry": { "type": "MultiPolygon", "coordinates": [ [ [ [ 11.665635008069065, 53.793599110670179 ], [ 11.671033299270366, 53.792511145376601 ], [ 11.678819591910543, 53.792976486097189 ], [ 11.684565990391441, 53.793134175318855 ], [ 11.68743532182785, 53.793239537585045 ], [ 11.691622144040199, 53.792513944233434 ], [ 11.690022697228349, 53.788233431871248 ], [ 11.691918478360728, 53.787689567335811 ], [ 11.693285092888139, 53.788599864554634 ], [ 11.694222445893192, 53.787135400572012 ], [ 11.69511416545407, 53.785783191283166 ], [ 11.695306125106631, 53.78475162599684 ], [ 11.695186622060561, 53.784074789566468 ], [ 11.694610894640922, 53.783069167728236 ], [ 11.694253032076604, 53.782715425573947 ], [ 11.693644629238923, 53.782449402864053 ], [ 11.693181779079342, 53.782459698281436 ], [ 11.692342850643055, 53.782696487455681 ], [ 11.691414057443716, 53.78306740596188 ], [ 11.690382737671641, 53.783444347845887 ], [ 11.689618196068347, 53.783753499434795 ], [ 11.688646716604175, 53.784171265330805 ], [ 11.688371270030018, 53.784292886085161 ], [ 11.687634242371411, 53.784743706691529 ], [ 11.686605840035686, 53.785545110710345 ], [ 11.685295184891814, 53.786619454225566 ], [ 11.684366940677355, 53.787144380311403 ], [ 11.682703281506413, 53.788020706673393 ], [ 11.679387554781391, 53.790034835157563 ], [ 11.676803191374805, 53.789674376415171 ], [ 11.672926986522736, 53.791181084388008 ], [ 11.669697836715576, 53.791623196913328 ], [ 11.666014610701708, 53.791349959306871 ], [ 11.665635008069065, 53.793599110670179 ] ] ], [ [ [ 11.720919071228504, 53.794617830137518 ], [ 11.722884386581821, 53.794397294898495 ], [ 11.724268386885706, 53.796034745405919 ], [ 11.728536603529875, 53.794668567010348 ], [ 11.72592302646092, 53.790574141677432 ], [ 11.730205498428946, 53.789424643916149 ], [ 11.726181344352685, 53.786048020125975 ], [ 11.728723342160711, 53.783300583889186 ], [ 11.732962992178528, 53.781264066760279 ], [ 11.736008193454627, 53.781185447117373 ], [ 11.738589382672632, 53.781250963345379 ], [ 11.740204701109361, 53.783538211370704 ], [ 11.743812740319891, 53.783655986381468 ], [ 11.750357698770674, 53.783220784903925 ], [ 11.750442062364083, 53.77858586169539 ], [ 11.752331013859431, 53.777432656575883 ], [ 11.756183478902859, 53.77787644138882 ], [ 11.758613821801097, 53.778613562954561 ], [ 11.762874083518357, 53.778616141120146 ], [ 11.76403550038426, 53.778282532873888 ], [ 11.763467247137472, 53.777733547380663 ], [ 11.761198487277166, 53.777534734976413 ], [ 11.761608325483593, 53.776454222935584 ], [ 11.763340986064406, 53.776154312118152 ], [ 11.763818813181425, 53.775737909403546 ], [ 11.762862689946036, 53.775276964774584 ], [ 11.760079096195994, 53.775343708524616 ], [ 11.756905055393563, 53.774454616881428 ], [ 11.753880286950782, 53.773163307787783 ], [ 11.753558221884106, 53.769620175866663 ], [ 11.752008203423822, 53.769246487397169 ], [ 11.752723982804094, 53.768501226616181 ], [ 11.753748928785331, 53.768103145164709 ], [ 11.755443957509186, 53.768967105588175 ], [ 11.760151347317375, 53.769597110886735 ], [ 11.763076175231811, 53.77042227386238 ], [ 11.764011881148983, 53.769322867379152 ], [ 11.762459303909086, 53.768383256714678 ], [ 11.762247049316569, 53.767520798976314 ], [ 11.764239070349742, 53.765832832876988 ], [ 11.765805063937131, 53.766131091545333 ], [ 11.767272302690538, 53.767515494063694 ], [ 11.771983068738095, 53.766813495397663 ], [ 11.777187386058497, 53.769915094209729 ], [ 11.7778071652356, 53.77033675849691 ], [ 11.781432033217127, 53.769617146837149 ], [ 11.785301125049347, 53.769686103526261 ], [ 11.788508462902525, 53.768490376333411 ], [ 11.792219080615418, 53.769197929687493 ], [ 11.793944294721086, 53.769844115875607 ], [ 11.797646063434108, 53.77085470878685 ], [ 11.801978599889431, 53.769263768885359 ], [ 11.805238878175967, 53.767030515732891 ], [ 11.80830285840679, 53.766754534929049 ], [ 11.810375998289686, 53.766423172300534 ], [ 11.812507132985424, 53.767513883813557 ], [ 11.815187110050116, 53.765472428225316 ], [ 11.819396391774836, 53.765840683631495 ], [ 11.821807443302166, 53.765169688011099 ], [ 11.824724571545401, 53.763666091944067 ], [ 11.827299554102588, 53.762897245293871 ], [ 11.830417749329216, 53.764386362564899 ], [ 11.84017321313846, 53.764491719740406 ], [ 11.842186947572307, 53.763254361424728 ], [ 11.843231307261771, 53.76171050737031 ], [ 11.844493178735346, 53.760093874959097 ], [ 11.844604939753708, 53.758093338572053 ], [ 11.842157393096105, 53.755220365227913 ], [ 11.838586018107478, 53.75203789773218 ], [ 11.841561723871113, 53.750089448727955 ], [ 11.854499012710727, 53.747684739007255 ], [ 11.869578397929772, 53.743868593983443 ], [ 11.87139779297657, 53.746268341554718 ], [ 11.87310959019826, 53.745835109957675 ], [ 11.878171352738994, 53.74288861276645 ], [ 11.880484010081629, 53.740544880447224 ], [ 11.881034854967035, 53.738984511465517 ], [ 11.883419765236791, 53.736558089547522 ], [ 11.904895264413224, 53.732144783060299 ], [ 11.904242683810645, 53.736370638106777 ], [ 11.916169201616343, 53.740251806864663 ], [ 11.922055264846122, 53.739007837476052 ], [ 11.926355882414118, 53.738685692175622 ], [ 11.929156018707936, 53.739191417078501 ], [ 11.932519533013693, 53.741411300061856 ], [ 11.936066288181644, 53.742733540097092 ], [ 11.959168404173457, 53.73805776975118 ], [ 11.965252726267023, 53.740635368886203 ], [ 11.968550595945084, 53.741077294306585 ], [ 11.973127827949392, 53.741621621246978 ], [ 11.976986900098865, 53.742928388874439 ], [ 11.980659498532399, 53.743421187342577 ], [ 11.982749357414592, 53.742954475010812 ], [ 11.987908202897877, 53.740068764588301 ], [ 11.991329082493165, 53.739196673868896 ], [ 11.99605047813359, 53.735890664901689 ], [ 11.997036392505258, 53.735111560086409 ], [ 11.987174735861286, 53.730385152945594 ], [ 11.975148707187447, 53.729314850194619 ], [ 11.975486121761579, 53.726728707339099 ], [ 11.976047306449706, 53.724452685417269 ], [ 11.987556682597109, 53.725941832001801 ], [ 11.995523580110047, 53.728209471418651 ], [ 12.000438477568061, 53.727406723987059 ], [ 12.001242434611811, 53.722729069395633 ], [ 12.006535736834969, 53.722800620057981 ], [ 12.005909306569254, 53.718813484488621 ], [ 12.007712167779058, 53.71446923988951 ], [ 12.009930017359897, 53.715555290941133 ], [ 12.012158521075326, 53.715565912385316 ], [ 12.013736651086873, 53.714541913223037 ], [ 12.014829428970319, 53.713075839524407 ], [ 12.017157875868241, 53.712009231906244 ], [ 12.021776282179941, 53.712369869546784 ], [ 12.021391537552837, 53.714841136235037 ], [ 12.019657252186375, 53.716968977163475 ], [ 12.020389051858594, 53.718000897797182 ], [ 12.023918468626659, 53.717143734331508 ], [ 12.026005386793518, 53.7162889496311 ], [ 12.029413117907522, 53.715977218806749 ], [ 12.031232242094562, 53.715834208467406 ], [ 12.033888484055199, 53.714674811725615 ], [ 12.035511681005296, 53.713213839385368 ], [ 12.036814318941007, 53.710803149357055 ], [ 12.039055995351166, 53.710577931073011 ], [ 12.037519079862873, 53.707928781603194 ], [ 12.029249408132072, 53.709215921336714 ], [ 12.027547212537076, 53.70641697260254 ], [ 12.032710577977502, 53.702225186864084 ], [ 12.033235725706456, 53.699778578566502 ], [ 12.026744855393789, 53.692205497757428 ], [ 12.030149590435954, 53.688491645056331 ], [ 12.035799829272896, 53.684804090493536 ], [ 12.038904085987186, 53.678090110624602 ], [ 12.043354246069091, 53.677101267272924 ], [ 12.044114917107006, 53.674526235373982 ], [ 12.048950028976332, 53.677244927212989 ], [ 12.051602659764365, 53.675048690375284 ], [ 12.050484296515114, 53.672287543184545 ], [ 12.052605687956948, 53.67007432588094 ], [ 12.050522213860589, 53.66604304951322 ], [ 12.069376363433019, 53.66142964223625 ], [ 12.069006410447786, 53.659170126785575 ], [ 12.070910177738478, 53.657730705096746 ], [ 12.071404600239497, 53.6538377575921 ], [ 12.075012114305276, 53.655396016750878 ], [ 12.07822693458043, 53.653321393485264 ], [ 12.080296327232181, 53.648837109989508 ], [ 12.088741174161727, 53.645512511749224 ], [ 12.090570575768295, 53.643434203669159 ], [ 12.095048660754612, 53.642816269076697 ], [ 12.095668798769436, 53.644652349019502 ], [ 12.102794686528572, 53.645688583087725 ], [ 12.106103383287572, 53.644688557443693 ], [ 12.107509546169625, 53.642415836799266 ], [ 12.120168909947889, 53.647583580344339 ], [ 12.128704717137326, 53.644293679117375 ], [ 12.138400836943921, 53.63647067001186 ], [ 12.142482593480711, 53.635539803412776 ], [ 12.159166068293429, 53.635797843521523 ], [ 12.16890076007023, 53.639820533175161 ], [ 12.186946870842904, 53.642071981928652 ], [ 12.198669457848879, 53.642394709261943 ], [ 12.198270211185044, 53.639037544396089 ], [ 12.202549556874233, 53.622838432267486 ], [ 12.214517673582252, 53.611160053817457 ], [ 12.20953920189412, 53.603098709990114 ], [ 12.217044715671904, 53.598700180565963 ], [ 12.227494118886053, 53.597292415820341 ], [ 12.224687108698889, 53.594586748059164 ], [ 12.227125570836806, 53.591288303452352 ], [ 12.224695108297555, 53.589298820772839 ], [ 12.228361796130107, 53.585516690408852 ], [ 12.228301898031814, 53.58378732774537 ], [ 12.224567700764924, 53.580750153947626 ], [ 12.232757075859077, 53.579878756549917 ], [ 12.229452593098859, 53.568860350672516 ], [ 12.231905272077363, 53.567900770827201 ], [ 12.236431944799914, 53.569226804904844 ], [ 12.250884882700305, 53.565474644877334 ], [ 12.251972655342037, 53.561445185839965 ], [ 12.241634314050321, 53.557545392273674 ], [ 12.23760119283298, 53.55389290671954 ], [ 12.231007304559697, 53.547635650882967 ], [ 12.229928889178213, 53.539168244352659 ], [ 12.221989350515605, 53.532685487543688 ], [ 12.217075402728337, 53.530834247277753 ], [ 12.203643520357902, 53.527466945563226 ], [ 12.198924661943082, 53.526774285062665 ], [ 12.193160080390358, 53.525897448634439 ], [ 12.187235072794403, 53.523751473881056 ], [ 12.18373010487757, 53.523947801474911 ], [ 12.178964012447944, 53.528819329523728 ], [ 12.178234750537161, 53.532157927913744 ], [ 12.181371852202723, 53.536303010403778 ], [ 12.171780571216841, 53.539331126934847 ], [ 12.162555758863418, 53.539314538059187 ], [ 12.158357568408491, 53.535758150012171 ], [ 12.160948472497166, 53.533294603194257 ], [ 12.157326150139895, 53.530747255722183 ], [ 12.15319177839031, 53.528716565181114 ], [ 12.142679434596621, 53.531082116113595 ], [ 12.132396810003394, 53.529705288024573 ], [ 12.128000108887257, 53.532882965901528 ], [ 12.133745998868061, 53.536681621869732 ], [ 12.131850153513806, 53.538887009499987 ], [ 12.129801108079995, 53.541382014286434 ], [ 12.127601094293222, 53.546109636295931 ], [ 12.124406110734151, 53.546651661402485 ], [ 12.115753215023075, 53.54460486145927 ], [ 12.110301337231306, 53.541928326357329 ], [ 12.106377307339494, 53.541835002214789 ], [ 12.100593473063469, 53.536508543021618 ], [ 12.095918577579761, 53.528806017450471 ], [ 12.09170495363613, 53.524781864891544 ], [ 12.090975956401357, 53.520394473087478 ], [ 12.088373740957287, 53.519732041821428 ], [ 12.079675982575671, 53.530299064465012 ], [ 12.074174446010524, 53.535352785385143 ], [ 12.070118901981902, 53.53631505012909 ], [ 12.06758961546984, 53.538062234869749 ], [ 12.067008995300432, 53.541314768131329 ], [ 12.069178070149185, 53.542690676066229 ], [ 12.067100023834575, 53.543073843096153 ], [ 12.066213614711941, 53.544177916396499 ], [ 12.061303076838993, 53.54344294930803 ], [ 12.056573217258791, 53.546289546949872 ], [ 12.054619025535954, 53.544979774795166 ], [ 12.050728625475442, 53.546374369533787 ], [ 12.05152487629787, 53.538231508666364 ], [ 12.049570742411744, 53.536072903724012 ], [ 12.05498484693058, 53.534273049279413 ], [ 12.054312375698188, 53.528493246045841 ], [ 12.040420870701448, 53.52933769267365 ], [ 12.036667402882085, 53.53496801187395 ], [ 12.029285262492438, 53.537975601907732 ], [ 12.012898173727592, 53.537295784239504 ], [ 12.011001664099581, 53.541538559090611 ], [ 12.004001532169996, 53.54098008004938 ], [ 11.993982199618975, 53.53787275266761 ], [ 11.992506960556321, 53.535847786251736 ], [ 11.991227889205366, 53.534687750065828 ], [ 11.989157456170073, 53.533748025764346 ], [ 11.987517469453403, 53.533809118150558 ], [ 11.985078091950623, 53.534732839512351 ], [ 11.983224676076764, 53.535883653247268 ], [ 11.983411670671236, 53.538082731796564 ], [ 11.985261156276328, 53.539776209897305 ], [ 11.987082214805342, 53.540094215175415 ], [ 11.990475450583435, 53.539976913677393 ], [ 11.985054456571078, 53.544221064268193 ], [ 11.982951212886036, 53.540071074137266 ], [ 11.977823298638851, 53.537941490611587 ], [ 11.979234564754385, 53.536069680518835 ], [ 11.980052502926176, 53.533528953326609 ], [ 11.979482856707037, 53.530359320730284 ], [ 11.975775211978114, 53.529807547831695 ], [ 11.973356376085295, 53.535540132510505 ], [ 11.970200528022012, 53.536535490053559 ], [ 11.965941528247352, 53.538589977628419 ], [ 11.96367374292028, 53.543394409552768 ], [ 11.961076088605473, 53.544920289659807 ], [ 11.956159173334754, 53.545732986776258 ], [ 11.946123719075119, 53.551807582508438 ], [ 11.943784547239909, 53.552154139388286 ], [ 11.939357416253573, 53.552302115671232 ], [ 11.936334864022911, 53.554226354446939 ], [ 11.931485272264077, 53.561534938583257 ], [ 11.925288366926159, 53.561429106772955 ], [ 11.913435834802479, 53.561072233525124 ], [ 11.901244396980793, 53.554848233036459 ], [ 11.896815515085153, 53.555876449488487 ], [ 11.889410323142339, 53.556922542541059 ], [ 11.882026812485176, 53.561590348889844 ], [ 11.876217058229336, 53.566583572363207 ], [ 11.87584421410885, 53.569432051072518 ], [ 11.883488543299942, 53.574299641262016 ], [ 11.885454664763683, 53.575876419225303 ], [ 11.888654454738647, 53.578151331266845 ], [ 11.891272435255415, 53.580991870742608 ], [ 11.893231805758079, 53.583805073923529 ], [ 11.894121191038431, 53.586489539974558 ], [ 11.893765036893525, 53.587363328497034 ], [ 11.891453444733346, 53.59013542807886 ], [ 11.891928170351315, 53.594533432506161 ], [ 11.891750282879507, 53.597004731611179 ], [ 11.892832351930107, 53.599702932369325 ], [ 11.89743992318664, 53.601785452932027 ], [ 11.886820807343321, 53.611328808613173 ], [ 11.88252481931959, 53.613485306579186 ], [ 11.876491933639395, 53.616926016663122 ], [ 11.87300985354695, 53.619247072769937 ], [ 11.86091558468633, 53.61092019532952 ], [ 11.859437213965897, 53.609165555783235 ], [ 11.856906867186279, 53.60471461771003 ], [ 11.84592352983579, 53.604577437901561 ], [ 11.843150127017713, 53.608046126960133 ], [ 11.838045748290181, 53.607812702172659 ], [ 11.837893369146506, 53.606220204184687 ], [ 11.840290723447565, 53.60590234269398 ], [ 11.842130280989398, 53.604161781680162 ], [ 11.840990158089525, 53.603386056549866 ], [ 11.84029626389761, 53.602003198994943 ], [ 11.833462006725698, 53.601539711534841 ], [ 11.838846004531199, 53.59444794332402 ], [ 11.838759636885394, 53.590178742650664 ], [ 11.831719560245459, 53.59009058253416 ], [ 11.833464547297236, 53.578394685012626 ], [ 11.835830899797104, 53.57790595495559 ], [ 11.841325275736537, 53.57509852323934 ], [ 11.846905410406418, 53.575436008026465 ], [ 11.855101075239325, 53.572885753033106 ], [ 11.857311057727944, 53.571135161037809 ], [ 11.853727526288717, 53.569802010976709 ], [ 11.849479351717797, 53.568832885618292 ], [ 11.840147571221916, 53.569442965366036 ], [ 11.831417000648369, 53.568449655738604 ], [ 11.8228327987312, 53.569749129488827 ], [ 11.816668771418607, 53.568725284948862 ], [ 11.81105003597821, 53.571054815366459 ], [ 11.800373546120639, 53.570387704900909 ], [ 11.797564811071942, 53.571186136922179 ], [ 11.795609388525952, 53.571902095194048 ], [ 11.789094771596192, 53.572388182990068 ], [ 11.774015059919122, 53.5486171271695 ], [ 11.785834133347882, 53.54474276342448 ], [ 11.780852369149681, 53.542893327305343 ], [ 11.782457779513553, 53.540744054457861 ], [ 11.786423507524752, 53.541139394544928 ], [ 11.804374452384398, 53.538569880856997 ], [ 11.80899799642871, 53.536691663145199 ], [ 11.813710212283402, 53.533578523700122 ], [ 11.815129704993002, 53.531708478667703 ], [ 11.814780357535577, 53.525697239289094 ], [ 11.818957389309524, 53.525428632996082 ], [ 11.821971581423886, 53.519409347619955 ], [ 11.817497394207749, 53.519384940380498 ], [ 11.809992508484797, 53.519132649520131 ], [ 11.783308207560303, 53.518242694338056 ], [ 11.761949116128525, 53.514562978745751 ], [ 11.754087052885529, 53.50646745178625 ], [ 11.749904504247541, 53.500202265008504 ], [ 11.748307429624765, 53.499364345971713 ], [ 11.747217679277766, 53.498946233649228 ], [ 11.746027494616662, 53.498707759154456 ], [ 11.744727263893417, 53.4989752751178 ], [ 11.742395293287084, 53.499680021329567 ], [ 11.739162799020507, 53.500304769480067 ], [ 11.735815175675263, 53.50051181624282 ], [ 11.731366978921125, 53.498851802770311 ], [ 11.729455369618284, 53.499940429806372 ], [ 11.725464769718082, 53.500973808057353 ], [ 11.723513419448693, 53.50177343529684 ], [ 11.721499074934652, 53.502698978586508 ], [ 11.719649715545145, 53.504036914834359 ], [ 11.717718928473229, 53.506417217996898 ], [ 11.715686874460797, 53.506858046248951 ], [ 11.713680112216363, 53.506952220395597 ], [ 11.710794948484684, 53.506622327947511 ], [ 11.706877624186955, 53.50453118543026 ], [ 11.705309524017565, 53.505430807971607 ], [ 11.705201335230813, 53.508162319472433 ], [ 11.702850001833065, 53.509231612273048 ], [ 11.700021123421976, 53.510296041981071 ], [ 11.700107920898311, 53.510785859267322 ], [ 11.69982090326466, 53.511803585196319 ], [ 11.696696991264218, 53.512992865932908 ], [ 11.69715778436044, 53.51411227010005 ], [ 11.698082771347302, 53.51474071410432 ], [ 11.697679795085152, 53.515735054389523 ], [ 11.697098871140392, 53.516555388776936 ], [ 11.696760039993286, 53.516932659526105 ], [ 11.694089087644704, 53.518066679029815 ], [ 11.69357674500527, 53.518633772007149 ], [ 11.692017450071782, 53.520047132556002 ], [ 11.688561255161385, 53.520596085047529 ], [ 11.686667471088713, 53.521059178166034 ], [ 11.685834727224224, 53.521367369364363 ], [ 11.684496053911845, 53.522254807840028 ], [ 11.682837713653221, 53.523516348625883 ], [ 11.678807467810195, 53.528215265217234 ], [ 11.678698136906428, 53.536003242218271 ], [ 11.676200109004849, 53.535933648892062 ], [ 11.672192565770885, 53.533985728648098 ], [ 11.66749987630549, 53.532068078406652 ], [ 11.660642455945228, 53.531627390392345 ], [ 11.660797896950779, 53.528605998047404 ], [ 11.66149763655589, 53.524557836348308 ], [ 11.662039771491255, 53.521823509537604 ], [ 11.663131467878951, 53.518689170068882 ], [ 11.665097519552104, 53.515231795119284 ], [ 11.662297584860346, 53.514853507015154 ], [ 11.638058724011504, 53.508718817341837 ], [ 11.636811166079434, 53.505556402199339 ], [ 11.634648069848613, 53.504502766540888 ], [ 11.629327792395928, 53.489713665026393 ], [ 11.632386764879456, 53.488908257797043 ], [ 11.638651857131718, 53.48754675407411 ], [ 11.636110485857778, 53.486036524196635 ], [ 11.642223248359509, 53.481345977286843 ], [ 11.634173758681509, 53.477893210558214 ], [ 11.633616990271724, 53.474406054910119 ], [ 11.637265993387087, 53.466222253713809 ], [ 11.630358435314699, 53.463604454415709 ], [ 11.607853510169145, 53.466435245440039 ], [ 11.603124603469663, 53.469869695126619 ], [ 11.599591764676106, 53.472026162182253 ], [ 11.584769505252421, 53.481055117479841 ], [ 11.577985978995356, 53.485674638899077 ], [ 11.557262458600292, 53.475552375182325 ], [ 11.55537304900867, 53.475811904186145 ], [ 11.553614233009137, 53.476271313043057 ], [ 11.550907539512016, 53.47388118978278 ], [ 11.549187052303539, 53.47159756145566 ], [ 11.543948216829959, 53.46742577897426 ], [ 11.547273754190959, 53.467472500493834 ], [ 11.547211575711554, 53.465188525266846 ], [ 11.550627907794556, 53.465039876134121 ], [ 11.553417979874785, 53.461004464018416 ], [ 11.555455714848822, 53.459365963174655 ], [ 11.55562649033064, 53.458965299649634 ], [ 11.555631031707623, 53.458733901055162 ], [ 11.555117135901341, 53.457510364158551 ], [ 11.551959610460074, 53.453764736902123 ], [ 11.547908494841936, 53.448438622936067 ], [ 11.546217832461704, 53.44670353143561 ], [ 11.532279220995196, 53.447390633216223 ], [ 11.526383149697104, 53.447318531539551 ], [ 11.510639625004819, 53.446758868697714 ], [ 11.508483397830204, 53.451756569991247 ], [ 11.501132939819712, 53.452870418431253 ], [ 11.498540200287522, 53.450825188834173 ], [ 11.469936655917433, 53.45462392307121 ], [ 11.475379692980175, 53.46093221405755 ], [ 11.47674076734384, 53.464633314187651 ], [ 11.476079883494275, 53.469413771509473 ], [ 11.474175101668243, 53.475127084747761 ], [ 11.470929738128705, 53.475855207361775 ], [ 11.469208071613679, 53.477611396293092 ], [ 11.473698523685794, 53.480572610326234 ], [ 11.488965363768278, 53.480317225001201 ], [ 11.483206696523538, 53.489023103923792 ], [ 11.4899577780676, 53.491026071675698 ], [ 11.488948813823816, 53.492506791894961 ], [ 11.477980960163855, 53.494838946488017 ], [ 11.467968427585033, 53.52122262742926 ], [ 11.466637351582142, 53.532997036373722 ], [ 11.464239186957892, 53.542018194780567 ], [ 11.461194468764688, 53.551701573168884 ], [ 11.468493190142555, 53.55263716419546 ], [ 11.466079872483022, 53.556365786615224 ], [ 11.483722080036619, 53.558302298418802 ], [ 11.481068382589925, 53.561207273786657 ], [ 11.451971578003997, 53.569611743226851 ], [ 11.450049135511238, 53.573045189516243 ], [ 11.473329962322492, 53.579175660439041 ], [ 11.475821700411101, 53.583514355105301 ], [ 11.483667023033698, 53.582802856575945 ], [ 11.48171357417667, 53.577853324173901 ], [ 11.487891182729745, 53.579866756600552 ], [ 11.491287511632073, 53.59433566426361 ], [ 11.493361990923523, 53.595953120136215 ], [ 11.496578047126476, 53.596283689675438 ], [ 11.496908588352486, 53.596677870534556 ], [ 11.497263298027185, 53.597630884238058 ], [ 11.497181890838187, 53.598934020487143 ], [ 11.496822994936496, 53.599619244437932 ], [ 11.49493030901375, 53.602328008618343 ], [ 11.496428876054754, 53.604596607347617 ], [ 11.500013949910999, 53.602622105151305 ], [ 11.505300351470503, 53.60596045981849 ], [ 11.5053092753979, 53.607612455581929 ], [ 11.501726513434791, 53.61118902152473 ], [ 11.503706084659095, 53.614065030133588 ], [ 11.504470184508451, 53.621609888658817 ], [ 11.499889994701661, 53.627704924628773 ], [ 11.484537045884766, 53.634696733270268 ], [ 11.484909508107933, 53.645376760531917 ], [ 11.483183099785153, 53.648265211842883 ], [ 11.485701060947928, 53.651752391481537 ], [ 11.484004465438879, 53.659840597187234 ], [ 11.485581090816448, 53.663131141263435 ], [ 11.485486379295132, 53.667215123238584 ], [ 11.480659714533049, 53.672520948375414 ], [ 11.480396923253274, 53.676465559829161 ], [ 11.474215226197982, 53.682643342348584 ], [ 11.46988501602921, 53.683351279262702 ], [ 11.463481547009533, 53.678513346520788 ], [ 11.459000768589037, 53.677179985204987 ], [ 11.453642743728375, 53.67699208471425 ], [ 11.449839209839652, 53.681063703530988 ], [ 11.450678374875544, 53.681089125600458 ], [ 11.45192961719453, 53.681124935265046 ], [ 11.454125588371305, 53.681050068907197 ], [ 11.455902087768269, 53.682043724472521 ], [ 11.459042316194138, 53.681697621218895 ], [ 11.461055033411448, 53.682600199090949 ], [ 11.462424984026768, 53.684193854676167 ], [ 11.459583277377538, 53.68495897665192 ], [ 11.457833396066459, 53.686151052310613 ], [ 11.455454913800736, 53.687295080432342 ], [ 11.452332770125823, 53.690055596795062 ], [ 11.449689167673936, 53.692217629245036 ], [ 11.451782737649649, 53.693166872040578 ], [ 11.45447161503489, 53.692072459171179 ], [ 11.457321236430177, 53.694145364025381 ], [ 11.459049242470961, 53.693972657752319 ], [ 11.460101779300782, 53.695654912776376 ], [ 11.462814157062052, 53.69679506988598 ], [ 11.466571162126566, 53.697015249714504 ], [ 11.469711922902071, 53.693601624266613 ], [ 11.469960094057591, 53.692064872304087 ], [ 11.472116695654712, 53.688090195511933 ], [ 11.474958439939414, 53.687371588057793 ], [ 11.481506717717068, 53.688590785798851 ], [ 11.486499358965871, 53.692583146168438 ], [ 11.484945468141825, 53.695268695702659 ], [ 11.485625198457708, 53.699600328280091 ], [ 11.486100184050624, 53.702623795493537 ], [ 11.487129222091932, 53.705330326007036 ], [ 11.489549217751867, 53.708839647774816 ], [ 11.490987845514955, 53.710941732452348 ], [ 11.492730567664772, 53.713375421545251 ], [ 11.496120888533181, 53.715868601713431 ], [ 11.497063368739633, 53.718943835692173 ], [ 11.496339024358344, 53.721108107751427 ], [ 11.49808601554547, 53.722067507533055 ], [ 11.499580751697081, 53.728452458044714 ], [ 11.500191769946667, 53.728966631009257 ], [ 11.501180143889773, 53.733531815105408 ], [ 11.502106237301078, 53.734285397340457 ], [ 11.501615909178069, 53.738464837178348 ], [ 11.501247379431749, 53.740647203984402 ], [ 11.500193560323662, 53.74212558031725 ], [ 11.498915376561616, 53.743091116938352 ], [ 11.499201389760755, 53.744162042363691 ], [ 11.498757229519908, 53.746343991365059 ], [ 11.496825055394678, 53.748373527282396 ], [ 11.497048970052665, 53.749610640753851 ], [ 11.49701895578654, 53.749911327275107 ], [ 11.496620017365057, 53.750581683796227 ], [ 11.495076806607917, 53.75249771394774 ], [ 11.493398827600359, 53.75372524479414 ], [ 11.492963577449304, 53.755408251169435 ], [ 11.49199678464027, 53.756516168741129 ], [ 11.490796867223859, 53.757390762587541 ], [ 11.492907007827629, 53.75773444868522 ], [ 11.492404383273271, 53.759077652837149 ], [ 11.491294202305022, 53.759533047655715 ], [ 11.489964778426931, 53.759291064215368 ], [ 11.489254460559753, 53.759562743627711 ], [ 11.489388670605519, 53.760585745854485 ], [ 11.491644148154988, 53.761348424877418 ], [ 11.491148165855755, 53.762415442456081 ], [ 11.490433651528388, 53.762640363883705 ], [ 11.489582852519984, 53.765331477144088 ], [ 11.489638326568423, 53.766399401461761 ], [ 11.492187553441569, 53.768050242290876 ], [ 11.494872698755151, 53.770583889665737 ], [ 11.496810775585365, 53.771529635519542 ], [ 11.498245942821722, 53.770612333539042 ], [ 11.499604613399523, 53.769600826921277 ], [ 11.502508924635974, 53.769580681490353 ], [ 11.504940021392493, 53.769691252115372 ], [ 11.507202092585359, 53.770223494393335 ], [ 11.51106272284226, 53.769558131666471 ], [ 11.513642208110072, 53.769857928510511 ], [ 11.515983857271765, 53.770622791427684 ], [ 11.517744149847394, 53.772496214045091 ], [ 11.520840454036954, 53.7746231002562 ], [ 11.523106575166995, 53.777364155782706 ], [ 11.526147375076166, 53.778411933868661 ], [ 11.52565527002826, 53.776649321506902 ], [ 11.524185617428678, 53.775526286029276 ], [ 11.523365139357217, 53.774216295640194 ], [ 11.522223215370346, 53.772253552581283 ], [ 11.521468941579565, 53.770947860845418 ], [ 11.524837105961938, 53.768974968341844 ], [ 11.52749747966411, 53.768116420386924 ], [ 11.529063420674445, 53.768358590320297 ], [ 11.530463863153905, 53.768837211277628 ], [ 11.531177517684796, 53.768471198641841 ], [ 11.526541648580762, 53.765502745963815 ], [ 11.522856695605089, 53.762126060015333 ], [ 11.521862230021343, 53.760906823531542 ], [ 11.522025253341276, 53.760676400968038 ], [ 11.522495672209564, 53.760725674253429 ], [ 11.527881419808811, 53.762317528282189 ], [ 11.528614824141487, 53.76412406484328 ], [ 11.536407102529578, 53.766561502354278 ], [ 11.54420054564557, 53.768808540006837 ], [ 11.547890227583339, 53.765306276088275 ], [ 11.550814593121711, 53.764400095021436 ], [ 11.552503963315941, 53.762645894872954 ], [ 11.559562165390439, 53.764488589682799 ], [ 11.567585437520643, 53.766674364665263 ], [ 11.572414103609042, 53.767211083621795 ], [ 11.57595699781205, 53.766412576707154 ], [ 11.579066505081839, 53.767737184746039 ], [ 11.580322038936563, 53.767702082670134 ], [ 11.580810646998676, 53.766868192247884 ], [ 11.57815592341027, 53.766243297957843 ], [ 11.575979189501684, 53.765435691196302 ], [ 11.575858178343221, 53.76366801152119 ], [ 11.577449274806028, 53.762703572379763 ], [ 11.581108482927666, 53.763987896154362 ], [ 11.584597264059186, 53.762432920034179 ], [ 11.586391105493338, 53.760633364809792 ], [ 11.589818130446822, 53.760707307114629 ], [ 11.594364582848025, 53.760787419728047 ], [ 11.601010416747142, 53.760816620983519 ], [ 11.605988247022077, 53.75897449181091 ], [ 11.609423628591353, 53.760649211594284 ], [ 11.614214978263981, 53.760800032188811 ], [ 11.622289231574184, 53.761141212041061 ], [ 11.626768011521648, 53.760802397574089 ], [ 11.631475513229699, 53.764556645232766 ], [ 11.637569529637142, 53.773388754116219 ], [ 11.639204924507224, 53.774052045175125 ], [ 11.639239925559533, 53.776190382589199 ], [ 11.639689126440842, 53.777263525644713 ], [ 11.648531683550079, 53.776561642401013 ], [ 11.653212696312327, 53.776153176895342 ], [ 11.653529236224749, 53.774840659871728 ], [ 11.650434943365225, 53.773946972705403 ], [ 11.64911947561148, 53.772064090785975 ], [ 11.649331978045636, 53.770220290125359 ], [ 11.65040445938067, 53.76600149734665 ], [ 11.654154803859155, 53.764510068641975 ], [ 11.656691796938643, 53.763483644652659 ], [ 11.657540563617523, 53.760374947338107 ], [ 11.660472033217955, 53.758909076225976 ], [ 11.66185690481227, 53.759395088183453 ], [ 11.662047527874744, 53.75952670918825 ], [ 11.662549224239205, 53.759831234619 ], [ 11.663271328776865, 53.760294539929632 ], [ 11.663735751246094, 53.760756008033241 ], [ 11.664048927945183, 53.761387087104744 ], [ 11.664201714554993, 53.762077664251635 ], [ 11.664244803078741, 53.762893650589504 ], [ 11.664096807324565, 53.763514292679567 ], [ 11.663594688419755, 53.764737296162146 ], [ 11.663118481618186, 53.766452070678881 ], [ 11.663880917556146, 53.767915097373475 ], [ 11.665958153423231, 53.769412255600251 ], [ 11.666326336761273, 53.77079335935391 ], [ 11.665641910408462, 53.772722509907801 ], [ 11.663623673652618, 53.773577031193888 ], [ 11.6615093504311, 53.77351479986374 ], [ 11.660565365689134, 53.774401762415636 ], [ 11.66156247390691, 53.774631387791622 ], [ 11.664701541619543, 53.775206233901244 ], [ 11.669002926542523, 53.77544267918578 ], [ 11.669545262279945, 53.775984903201426 ], [ 11.669428391313218, 53.777989993040521 ], [ 11.668896820513273, 53.779701244532468 ], [ 11.666866575718455, 53.781793264654951 ], [ 11.667336375096111, 53.783119412342785 ], [ 11.668131978846457, 53.784643113759735 ], [ 11.671983475131308, 53.785101850744738 ], [ 11.6750092447094, 53.785931826183578 ], [ 11.677773779188207, 53.787058527804511 ], [ 11.679653994134751, 53.787565772088286 ], [ 11.683319681675524, 53.785805471521151 ], [ 11.684579914139416, 53.785582713837847 ], [ 11.686007187902847, 53.784941306494339 ], [ 11.686427168691587, 53.783455185328592 ], [ 11.69299929477201, 53.780710067756281 ], [ 11.693162608207734, 53.779413073757723 ], [ 11.693430481047944, 53.776980393079285 ], [ 11.694937058608929, 53.777886940981659 ], [ 11.697398942235512, 53.777583546496203 ], [ 11.697633323842098, 53.777597937593725 ], [ 11.697654823120651, 53.777684115419028 ], [ 11.697773324756438, 53.778972344572871 ], [ 11.695422945564626, 53.780767267601441 ], [ 11.69735420041936, 53.782739213160461 ], [ 11.699290000276802, 53.784007927389737 ], [ 11.697278459945954, 53.786599339410273 ], [ 11.69616017541631, 53.789541968208525 ], [ 11.69894242864207, 53.789911976162493 ], [ 11.700218404145911, 53.788992019075643 ], [ 11.703196995177731, 53.789393061943251 ], [ 11.705004316388541, 53.790044335632508 ], [ 11.706231858372782, 53.790706292197385 ], [ 11.707782728596055, 53.791598837559576 ], [ 11.709119690879957, 53.791654874063731 ], [ 11.710988719431066, 53.79217952692283 ], [ 11.712218036870363, 53.79372239338857 ], [ 11.71543823568852, 53.798194424917483 ], [ 11.721978268772537, 53.796576559590051 ], [ 11.721525541362876, 53.795643747512869 ], [ 11.720919071228504, 53.794617830137518 ] ] ] ] } },
{ "type": "Feature", "properties": { "wkr": 33, "wkr_name": "Vorpommern-Rügen IV" }, "geometry": { "type": "MultiPolygon", "coordinates": [ [ [ [ 13.360954158002846, 54.252672425402849 ], [ 13.363691661189073, 54.251038264714765 ], [ 13.360393064299478, 54.252047148347756 ], [ 13.358828023823135, 54.252453300447044 ], [ 13.360954158002846, 54.252672425402849 ] ] ], [ [ [ 13.391238199294886, 54.264315252902016 ], [ 13.388438268436532, 54.264031765092746 ], [ 13.388873989290525, 54.265059938400775 ], [ 13.391158385548176, 54.26546615066286 ], [ 13.391238199294886, 54.264315252902016 ] ] ], [ [ [ 13.397641891379655, 54.266426531139871 ], [ 13.39535228468003, 54.265775582103466 ], [ 13.394650919724025, 54.266933156761127 ], [ 13.3962064541097, 54.266982735706989 ], [ 13.397641891379655, 54.266426531139871 ] ] ], [ [ [ 13.211267312280201, 54.396897922360736 ], [ 13.20880760152551, 54.396693660792138 ], [ 13.207295366717828, 54.397459092257378 ], [ 13.207211498329871, 54.399171448674444 ], [ 13.209247614661507, 54.401022573310186 ], [ 13.211350480480032, 54.401994903716684 ], [ 13.213541210705319, 54.402447753772819 ], [ 13.217223978345805, 54.402773146704817 ], [ 13.219001948885184, 54.402241969344836 ], [ 13.21988182212233, 54.401426013487203 ], [ 13.220157211603969, 54.4006134295363 ], [ 13.218159747586622, 54.399274468747983 ], [ 13.217403338342375, 54.397995875085769 ], [ 13.213855286804339, 54.397173324272522 ], [ 13.211267312280201, 54.396897922360736 ] ] ], [ [ [ 13.124387222197145, 54.426845706654909 ], [ 13.120521494287058, 54.426480152598273 ], [ 13.117718405218781, 54.426882235098454 ], [ 13.116423022377599, 54.429298848851978 ], [ 13.116401653734483, 54.43058590338746 ], [ 13.118878113055503, 54.42992060024666 ], [ 13.120235963160113, 54.429190810740543 ], [ 13.123209843489752, 54.428594726324555 ], [ 13.124387222197145, 54.426845706654909 ] ] ], [ [ [ 13.20974151623718, 54.463826526417954 ], [ 13.20820498066646, 54.46301275762999 ], [ 13.205393095781824, 54.462026237022755 ], [ 13.203193718624068, 54.461227284516234 ], [ 13.201893066977195, 54.460677274321959 ], [ 13.200233827041249, 54.45940134606181 ], [ 13.200822220254603, 54.457389688643161 ], [ 13.19962892405233, 54.457034489821972 ], [ 13.198271746466045, 54.458241502247645 ], [ 13.198293981568696, 54.459631982705936 ], [ 13.198739579867754, 54.461451472103263 ], [ 13.200732898453612, 54.462395376811827 ], [ 13.202048806260384, 54.463408126015679 ], [ 13.204029149671957, 54.46377252671963 ], [ 13.205835928873881, 54.463421182183509 ], [ 13.208609044062356, 54.464151746152652 ], [ 13.211230025264809, 54.465004413047247 ], [ 13.211506256104617, 54.464443505682169 ], [ 13.20974151623718, 54.463826526417954 ] ] ], [ [ [ 13.20832999177907, 54.465254085348228 ], [ 13.206929308659381, 54.464731632591565 ], [ 13.205466547963411, 54.465135041661156 ], [ 13.204450619121774, 54.465275394604902 ], [ 13.204170504657871, 54.466319318469765 ], [ 13.205272156616305, 54.466951297447906 ], [ 13.206662459405374, 54.466829093066629 ], [ 13.207173545023046, 54.465784359616357 ], [ 13.20832999177907, 54.465254085348228 ] ] ], [ [ [ 13.224253510786568, 54.469871796259696 ], [ 13.225502818392201, 54.469388503411906 ], [ 13.226905822241562, 54.469560250707701 ], [ 13.225589584129972, 54.46857701061775 ], [ 13.223192086485545, 54.467044949417165 ], [ 13.223654654977198, 54.46586511806521 ], [ 13.221512235033279, 54.46458545759203 ], [ 13.219356964973976, 54.464613226486101 ], [ 13.217379693859355, 54.464213211786593 ], [ 13.216860444369814, 54.463591539687641 ], [ 13.215336175248639, 54.463764030365375 ], [ 13.213704863318743, 54.464233623335865 ], [ 13.21309098600736, 54.464666091901627 ], [ 13.213216831628795, 54.465521319513982 ], [ 13.213126032161179, 54.466804649793964 ], [ 13.214425070890671, 54.466765979453065 ], [ 13.216003992889961, 54.466624634322621 ], [ 13.217701354109723, 54.466651113005263 ], [ 13.219798184411392, 54.467277399269719 ], [ 13.220705349869442, 54.467793510369752 ], [ 13.220911616787244, 54.468371960591675 ], [ 13.221421566234781, 54.469121689016873 ], [ 13.224253510786568, 54.469871796259696 ] ] ], [ [ [ 13.081881894782072, 54.474553574116399 ], [ 13.080376898923257, 54.474504115349269 ], [ 13.080100836676177, 54.475219710593599 ], [ 13.08087266567621, 54.47642261596075 ], [ 13.082762961792469, 54.477018480805796 ], [ 13.083699788812041, 54.476684066299718 ], [ 13.083122180348729, 54.475590385658911 ], [ 13.081881894782072, 54.474553574116399 ] ] ], [ [ [ 13.198252151425555, 54.490791526402887 ], [ 13.197952404207784, 54.489903527772086 ], [ 13.197045288157822, 54.489645565261185 ], [ 13.196126099579971, 54.490324469392817 ], [ 13.195001748533787, 54.49023618206266 ], [ 13.195566781863038, 54.489125558680009 ], [ 13.195547939931565, 54.48794178297937 ], [ 13.196553275011913, 54.487105150269841 ], [ 13.19974860205688, 54.485447868536546 ], [ 13.202176620259069, 54.485270682222591 ], [ 13.206068152649509, 54.484458658109901 ], [ 13.208569507723261, 54.485235651537927 ], [ 13.21100383906383, 54.485453608311154 ], [ 13.213033826798801, 54.485244673613913 ], [ 13.215967804640087, 54.484866748390452 ], [ 13.2194267332781, 54.485438221771481 ], [ 13.222818913592679, 54.486865985985858 ], [ 13.223975872226852, 54.48683028944393 ], [ 13.225159299152624, 54.48652707913503 ], [ 13.226099677440548, 54.485301923206308 ], [ 13.227560361000261, 54.48427593453502 ], [ 13.225872013683528, 54.483678916689115 ], [ 13.221374332296945, 54.483749158466821 ], [ 13.220098963338753, 54.483385639022849 ], [ 13.218479992242383, 54.483008358404483 ], [ 13.220960813583757, 54.482306964803357 ], [ 13.225122646351855, 54.482004982305725 ], [ 13.224892479530777, 54.480930210527738 ], [ 13.225567608133096, 54.479996310436846 ], [ 13.224404143426622, 54.478924560078127 ], [ 13.225352784942709, 54.476594013861202 ], [ 13.226040397699347, 54.475260203472601 ], [ 13.226805855597059, 54.47374169793104 ], [ 13.226392174765754, 54.472526394775116 ], [ 13.224963539231377, 54.471743719380996 ], [ 13.224944267176994, 54.470591255180643 ], [ 13.222290358972318, 54.470803889871924 ], [ 13.217459887088859, 54.468851823371629 ], [ 13.21535515044989, 54.467511141188879 ], [ 13.212627784770095, 54.467465619346036 ], [ 13.211149797259653, 54.466945859640411 ], [ 13.209008208263086, 54.467353129865927 ], [ 13.210160406805619, 54.468007224781047 ], [ 13.21083717538694, 54.468594225925969 ], [ 13.20609069896501, 54.468914767480335 ], [ 13.20325761459952, 54.468305775178742 ], [ 13.200132373938969, 54.467269239250079 ], [ 13.193101719827464, 54.465826895252704 ], [ 13.193362860012369, 54.464540337183628 ], [ 13.191619494710103, 54.465010246360926 ], [ 13.190192496287413, 54.465739045007901 ], [ 13.188390444041985, 54.465917172426437 ], [ 13.186359955245964, 54.46481150702737 ], [ 13.186104502469536, 54.463033648086473 ], [ 13.186251975802412, 54.46161756860554 ], [ 13.186963015080286, 54.460000740191234 ], [ 13.183816914341319, 54.457314904428671 ], [ 13.182162733692831, 54.456568896127266 ], [ 13.177528952756719, 54.456624619698268 ], [ 13.175266709328202, 54.456539552743394 ], [ 13.173692348318248, 54.457206082872737 ], [ 13.170244519829705, 54.457156795901234 ], [ 13.16933757237255, 54.456503531389494 ], [ 13.16652651700168, 54.455727314942685 ], [ 13.16415971748604, 54.454490485889643 ], [ 13.16275329942091, 54.451500894727211 ], [ 13.164219635289843, 54.451329321767531 ], [ 13.164034498787647, 54.450308127799417 ], [ 13.1623534964958, 54.449779836461879 ], [ 13.160005717648875, 54.449012319202943 ], [ 13.157169882478495, 54.448334860307263 ], [ 13.15343748633042, 54.448025830172313 ], [ 13.14950075021083, 54.449263289433169 ], [ 13.147870830499922, 54.449572500804848 ], [ 13.143778326804753, 54.448272850855318 ], [ 13.143135620194755, 54.44685995477591 ], [ 13.135634261996941, 54.444459566375613 ], [ 13.133088364890453, 54.443256638610805 ], [ 13.130257513064624, 54.442875143108608 ], [ 13.128356076515759, 54.444135676349767 ], [ 13.126268786216336, 54.443990778967574 ], [ 13.123828673290873, 54.443697115418729 ], [ 13.125001672833765, 54.44270293544146 ], [ 13.123242482266253, 54.442053213545272 ], [ 13.121057100357566, 54.443413889118446 ], [ 13.120700347275212, 54.446279845710208 ], [ 13.121837170066806, 54.450619096274515 ], [ 13.125456256322696, 54.454618385458105 ], [ 13.13075916931804, 54.457951096614138 ], [ 13.133816517169743, 54.462483053451933 ], [ 13.139866156813593, 54.471432491179051 ], [ 13.144035274949367, 54.477180767745686 ], [ 13.150357284908907, 54.482356545638794 ], [ 13.154380993771731, 54.484535998667923 ], [ 13.157802300424304, 54.487681286331345 ], [ 13.161756830283419, 54.490029039834688 ], [ 13.165050641331666, 54.490605102754415 ], [ 13.169827852360639, 54.49235961104543 ], [ 13.171416668531528, 54.492787238886329 ], [ 13.176946803564704, 54.493036950576915 ], [ 13.182183889114599, 54.494040503959198 ], [ 13.189690786451624, 54.493110827922351 ], [ 13.193590563174178, 54.492988947971973 ], [ 13.197418443697423, 54.491750794768073 ], [ 13.198252151425555, 54.490791526402887 ] ] ], [ [ [ 13.166746232926352, 54.502114134573034 ], [ 13.165936451633826, 54.501911641672606 ], [ 13.163234776601064, 54.502440011331046 ], [ 13.162044328129664, 54.502852655848592 ], [ 13.158722578512512, 54.504518519216241 ], [ 13.155787261035773, 54.506737267750111 ], [ 13.156263091203401, 54.508864488530634 ], [ 13.156998892738665, 54.511505173629402 ], [ 13.157644958529012, 54.512712451310797 ], [ 13.158897466430698, 54.513072233127339 ], [ 13.160688844236272, 54.513063111013338 ], [ 13.162284430602334, 54.51261689928532 ], [ 13.1655678199935, 54.511447619420586 ], [ 13.1670580909457, 54.510177423470253 ], [ 13.167788322420183, 54.508693222239621 ], [ 13.169184456629379, 54.507589723341283 ], [ 13.169739306025289, 54.506762390472197 ], [ 13.169439085221207, 54.505557578570105 ], [ 13.167879105397773, 54.50502198760379 ], [ 13.165555515979758, 54.504535240599068 ], [ 13.164607870535708, 54.504155960760293 ], [ 13.163560126953003, 54.503283006454673 ], [ 13.166377989984889, 54.502774253240922 ], [ 13.166746232926352, 54.502114134573034 ] ] ], [ [ [ 13.303011958950163, 54.537572478461527 ], [ 13.301843811980646, 54.537289987627268 ], [ 13.300285535712879, 54.53826575808943 ], [ 13.299056687793611, 54.539091179799115 ], [ 13.299287797052459, 54.540729734790723 ], [ 13.301127156312045, 54.541156340464383 ], [ 13.300591843586959, 54.539580355805029 ], [ 13.302531497227557, 54.538541540877922 ], [ 13.303011958950163, 54.537572478461527 ] ] ], [ [ [ 13.125207131454088, 54.544421882213541 ], [ 13.123616828004934, 54.542901937012594 ], [ 13.122125190859048, 54.543421170448219 ], [ 13.119387746892224, 54.540819377208912 ], [ 13.119540370350299, 54.540137928489926 ], [ 13.119097155216874, 54.53885281474485 ], [ 13.116784148311741, 54.541135009857413 ], [ 13.116808431334755, 54.542871394034222 ], [ 13.1165064964681, 54.545042882266259 ], [ 13.11677805572285, 54.546778096929259 ], [ 13.118122097538809, 54.547832057316427 ], [ 13.120618639843736, 54.548397541549356 ], [ 13.122378360050691, 54.549595496994129 ], [ 13.123623321341224, 54.549638972139377 ], [ 13.12443793574378, 54.548765700416652 ], [ 13.125158151851728, 54.546688780782468 ], [ 13.125207131454088, 54.544421882213541 ] ] ], [ [ [ 13.379604403020847, 54.547283497704555 ], [ 13.381004573738052, 54.545824906279002 ], [ 13.385351581813376, 54.543179596995614 ], [ 13.390276931025564, 54.54124009264148 ], [ 13.39328236277642, 54.539659414490472 ], [ 13.393228792778185, 54.539684505562583 ], [ 13.391599604038667, 54.53919274150352 ], [ 13.389124624505753, 54.538767810481815 ], [ 13.387384876373829, 54.540029073425174 ], [ 13.384990998135041, 54.540486125337914 ], [ 13.383472863533386, 54.540312396164296 ], [ 13.380513361909209, 54.540701370151019 ], [ 13.380408409844165, 54.541802913759867 ], [ 13.378881481997405, 54.544421844745749 ], [ 13.37407957508783, 54.544306708591037 ], [ 13.370937816667642, 54.545062856262675 ], [ 13.363683542759659, 54.545590762993449 ], [ 13.360724175775266, 54.546015063393725 ], [ 13.359263959103798, 54.545656267698746 ], [ 13.35517491447534, 54.546602614739982 ], [ 13.354196079058037, 54.548107637418482 ], [ 13.354740287992946, 54.550022629961227 ], [ 13.358033980897607, 54.551624813603048 ], [ 13.360933729348895, 54.552259059375011 ], [ 13.362159014134097, 54.553230314920448 ], [ 13.363903704298053, 54.556202025343254 ], [ 13.365685725214977, 54.557169479022285 ], [ 13.368999218535244, 54.558360139558047 ], [ 13.371999596069401, 54.559923543521251 ], [ 13.373461914650164, 54.560360661175594 ], [ 13.375664567745211, 54.559941132840301 ], [ 13.377360308254431, 54.55930492225356 ], [ 13.376860691292254, 54.558306366106578 ], [ 13.376794254707793, 54.556370201006658 ], [ 13.376784779637802, 54.554575245517597 ], [ 13.377848193081098, 54.552323609530681 ], [ 13.378329021946183, 54.551073400295067 ], [ 13.377969084240593, 54.549718880016677 ], [ 13.378664118442073, 54.548361622865833 ], [ 13.379604403020847, 54.547283497704555 ] ] ], [ [ [ 13.365047829698208, 54.572392352503698 ], [ 13.360891937333781, 54.569342566400515 ], [ 13.360144721860076, 54.567354853734805 ], [ 13.359106878343518, 54.562807954741672 ], [ 13.356777625666927, 54.560179349736082 ], [ 13.354115030428389, 54.556526265352552 ], [ 13.352912665380773, 54.553191337374159 ], [ 13.353446164341809, 54.551426400328175 ], [ 13.350101885897459, 54.551558830999944 ], [ 13.349124214001424, 54.553326559278986 ], [ 13.344961269588229, 54.550752646204081 ], [ 13.341665435164183, 54.54999924103452 ], [ 13.338177170966931, 54.549287622318886 ], [ 13.338744445687688, 54.548648087400473 ], [ 13.340253116469979, 54.548721288209023 ], [ 13.342671531550719, 54.548482969867123 ], [ 13.343525384837536, 54.548077469402763 ], [ 13.344140917283127, 54.547338816389399 ], [ 13.345592328479798, 54.547255078222804 ], [ 13.347935068668225, 54.547495624463018 ], [ 13.350077623097127, 54.547189293739059 ], [ 13.351831294805521, 54.546368811199429 ], [ 13.353833819829779, 54.545620842055776 ], [ 13.360698448175343, 54.544727723422419 ], [ 13.361478542242388, 54.543349800392136 ], [ 13.361759193142749, 54.541343922491244 ], [ 13.361385015200611, 54.5378956323474 ], [ 13.359977120847667, 54.536458317920982 ], [ 13.354274269469599, 54.53273127332114 ], [ 13.351442914887318, 54.530593467636528 ], [ 13.350289764704458, 54.528922935136634 ], [ 13.347391020279179, 54.526275443446025 ], [ 13.34437982236564, 54.523983692949081 ], [ 13.345561148785428, 54.523167038616762 ], [ 13.344451592182994, 54.521338973845943 ], [ 13.346024483729208, 54.520998304698061 ], [ 13.345821564700156, 54.520301030456004 ], [ 13.347080760468948, 54.520108432279699 ], [ 13.349325923014771, 54.518808376459724 ], [ 13.349179828938325, 54.518720818014387 ], [ 13.347841736828999, 54.517842359588236 ], [ 13.34324632149711, 54.514737229870228 ], [ 13.337524534065022, 54.509798686106699 ], [ 13.333559462012833, 54.506003234048393 ], [ 13.328703739524125, 54.505446130489872 ], [ 13.327997655181548, 54.500629470093664 ], [ 13.325085065487748, 54.497873728531665 ], [ 13.332754020827672, 54.489769804490628 ], [ 13.337895775624263, 54.491111009621363 ], [ 13.342550156040273, 54.492307059321192 ], [ 13.344245925559779, 54.492383547422705 ], [ 13.349426802164555, 54.491095513697083 ], [ 13.354565553053559, 54.488872866561934 ], [ 13.355444742276429, 54.490212656283596 ], [ 13.364206173051373, 54.491425115789681 ], [ 13.36417914684966, 54.487961010650061 ], [ 13.368039221247582, 54.488397548746313 ], [ 13.370338263503811, 54.487584242146603 ], [ 13.37049353682168, 54.48476587440684 ], [ 13.368088819076025, 54.48433977509594 ], [ 13.366586972307095, 54.482577380846635 ], [ 13.367563379833939, 54.480670032697049 ], [ 13.370378179486103, 54.480585713464627 ], [ 13.370550343944565, 54.478025590267961 ], [ 13.367738382974832, 54.478242373168179 ], [ 13.363629575513572, 54.473815303127324 ], [ 13.350244794096358, 54.477003616761877 ], [ 13.350510461214183, 54.475408932290293 ], [ 13.350831918074332, 54.472726510436658 ], [ 13.350844370409723, 54.471389707792412 ], [ 13.348298386609351, 54.46235497715783 ], [ 13.343925893426112, 54.464170149969902 ], [ 13.342091823244751, 54.462870019913154 ], [ 13.331869779695095, 54.461347061357252 ], [ 13.334140276950837, 54.459118858453252 ], [ 13.325814239829478, 54.459202803818329 ], [ 13.326474035316755, 54.452674078587037 ], [ 13.32353139062921, 54.451774407925612 ], [ 13.323822719619907, 54.449478529917329 ], [ 13.320893846343287, 54.449299923961021 ], [ 13.320312999985351, 54.442482740398567 ], [ 13.316663722635875, 54.439882268515007 ], [ 13.312669573912251, 54.429025345714756 ], [ 13.310735923418886, 54.429680209465282 ], [ 13.308569301898718, 54.430444422398018 ], [ 13.307663072422608, 54.427936191675897 ], [ 13.306391887855515, 54.426304230869114 ], [ 13.303342626699587, 54.422625563187026 ], [ 13.294368507368834, 54.425848586101608 ], [ 13.293368312422791, 54.426208402409927 ], [ 13.292211080187927, 54.423559329972889 ], [ 13.295424918119977, 54.423227798975113 ], [ 13.294297198276029, 54.417204977254187 ], [ 13.297509665366286, 54.415920061018141 ], [ 13.304299876015353, 54.412558919787017 ], [ 13.312099305958441, 54.412612884054873 ], [ 13.314684567339922, 54.411839297936041 ], [ 13.316969833234557, 54.410476701939501 ], [ 13.319979087761105, 54.409109388321561 ], [ 13.322682507486119, 54.407069895757999 ], [ 13.324091516779177, 54.405207294075026 ], [ 13.32420322396465, 54.403521504664297 ], [ 13.322558665930947, 54.402094378345424 ], [ 13.338513034179464, 54.400832362598415 ], [ 13.339805483562724, 54.392938433501961 ], [ 13.342633802958169, 54.38517088076371 ], [ 13.345093614763341, 54.386365520527498 ], [ 13.34814073352511, 54.387273101172198 ], [ 13.351042381050728, 54.388010824264725 ], [ 13.35508223875452, 54.387898185081838 ], [ 13.358686504711084, 54.382163729277949 ], [ 13.362280604168904, 54.380390367206637 ], [ 13.365364892494263, 54.380261628145448 ], [ 13.368986558718284, 54.379865938607622 ], [ 13.369856275934913, 54.377954897426662 ], [ 13.37000936446633, 54.37657656527702 ], [ 13.371979607475927, 54.37523751290319 ], [ 13.375845736259489, 54.373462662591571 ], [ 13.382849231828889, 54.37081697016572 ], [ 13.388606360985079, 54.368795059612843 ], [ 13.392605501111523, 54.366827868564471 ], [ 13.397403599498656, 54.368310387962723 ], [ 13.40015669536243, 54.36896485295307 ], [ 13.404331897982164, 54.36842948128249 ], [ 13.408371549303919, 54.368484732823802 ], [ 13.408738235082625, 54.36724753593478 ], [ 13.408519582246342, 54.365449326647024 ], [ 13.407780817039278, 54.364713328884505 ], [ 13.40612141201202, 54.36356146634882 ], [ 13.404273914848817, 54.361878483160289 ], [ 13.403134994802173, 54.359608544080388 ], [ 13.404007355478528, 54.358119544242442 ], [ 13.408742017423265, 54.358984059973601 ], [ 13.409859242093662, 54.355958585017262 ], [ 13.413856739176783, 54.356354128698896 ], [ 13.412548125817544, 54.354507798467978 ], [ 13.407807794758725, 54.353324407291375 ], [ 13.405161793290299, 54.348258957071224 ], [ 13.400662962459165, 54.349933623993003 ], [ 13.39905177945554, 54.346711821582737 ], [ 13.386466155034974, 54.346599049118737 ], [ 13.380954814081742, 54.348376698492856 ], [ 13.379631963600563, 54.345736932569316 ], [ 13.378788108701894, 54.34452506492439 ], [ 13.37710922727914, 54.34215310084133 ], [ 13.373079254251255, 54.340116524827842 ], [ 13.374910109456085, 54.336553958717559 ], [ 13.374074003335572, 54.334041361932037 ], [ 13.373346923177801, 54.331943509084127 ], [ 13.371488438957304, 54.327166104652072 ], [ 13.371130618435249, 54.323915347362515 ], [ 13.378596494910127, 54.326260810538329 ], [ 13.380352794114742, 54.326057594256817 ], [ 13.379985771528089, 54.322838451003889 ], [ 13.379035859976735, 54.3220564799485 ], [ 13.376213656230599, 54.320865142035991 ], [ 13.374198097802513, 54.318697573692063 ], [ 13.374878784627185, 54.316448390319501 ], [ 13.37520541401306, 54.315417178465033 ], [ 13.374004428147856, 54.314367230868001 ], [ 13.378089406457727, 54.310312750371871 ], [ 13.384654443095735, 54.312864058469543 ], [ 13.389268811013448, 54.312033824331692 ], [ 13.394329336880757, 54.311470212494541 ], [ 13.394987087681153, 54.308180781151236 ], [ 13.399711953226475, 54.308939299784093 ], [ 13.402319951557645, 54.307915000838626 ], [ 13.401502778950801, 54.305948251199496 ], [ 13.417455291570571, 54.300586751433947 ], [ 13.415607847231552, 54.299041018256645 ], [ 13.412516809574972, 54.296560634334938 ], [ 13.412140452257642, 54.294752466802208 ], [ 13.412964691754732, 54.291421288046045 ], [ 13.410922983712096, 54.288589451395822 ], [ 13.4098856989147, 54.286932145094411 ], [ 13.408493328503194, 54.285000982113409 ], [ 13.404481871307294, 54.281408098409905 ], [ 13.400995209585863, 54.27883149573789 ], [ 13.399560272349266, 54.277592551371789 ], [ 13.396155991766923, 54.273597487609862 ], [ 13.390045002628717, 54.269163154856898 ], [ 13.386671706102799, 54.266585249535076 ], [ 13.385198001030448, 54.266036194225052 ], [ 13.384534051719468, 54.266600312364531 ], [ 13.386024635311147, 54.267971562839598 ], [ 13.385733627628948, 54.270245057434899 ], [ 13.386570706398224, 54.27267682773558 ], [ 13.389269465362547, 54.275291014084196 ], [ 13.391454519942899, 54.277549236246905 ], [ 13.391479693877047, 54.278766772720836 ], [ 13.390146907285276, 54.279665849852073 ], [ 13.388334231634396, 54.279085528281826 ], [ 13.386093662227083, 54.279528250195824 ], [ 13.383575538480988, 54.277505931585672 ], [ 13.381057223452542, 54.278082923320909 ], [ 13.378581225368535, 54.278100181952261 ], [ 13.375618221949379, 54.279075700990468 ], [ 13.373463951566062, 54.278299923758347 ], [ 13.371478586058116, 54.2775229627916 ], [ 13.371732577052198, 54.276238420151337 ], [ 13.374960407896555, 54.277137110005135 ], [ 13.375938541027939, 54.278217711577454 ], [ 13.377944576371242, 54.277183628810178 ], [ 13.372221466248272, 54.275345226829181 ], [ 13.371901192215494, 54.273372550826728 ], [ 13.369043664751581, 54.271022124565334 ], [ 13.363484026328788, 54.271521093732105 ], [ 13.361385934538395, 54.273512511977479 ], [ 13.360404341530087, 54.272234004773772 ], [ 13.358671019847252, 54.272706408048556 ], [ 13.358517184725546, 54.27076622390436 ], [ 13.357094778203949, 54.269886159557046 ], [ 13.354341689254335, 54.270035160245385 ], [ 13.350788924971789, 54.269731272533143 ], [ 13.351840893032954, 54.26883544197463 ], [ 13.353348940159528, 54.265533734863908 ], [ 13.356517979107963, 54.263466681592213 ], [ 13.354632054095156, 54.262032760202828 ], [ 13.354928032664448, 54.260118784844749 ], [ 13.357575288651512, 54.260267004270524 ], [ 13.357660919096897, 54.258981283199866 ], [ 13.355966841001619, 54.258696265878719 ], [ 13.357457982968574, 54.25726613004349 ], [ 13.35844645997744, 54.255784052702253 ], [ 13.355002681043766, 54.255115650622159 ], [ 13.35278409677206, 54.253977472520347 ], [ 13.353395706144827, 54.253612335464503 ], [ 13.354056772235028, 54.25294877887152 ], [ 13.355844383822703, 54.252343302165528 ], [ 13.355146917170741, 54.251226925886357 ], [ 13.356148688677075, 54.250660651254933 ], [ 13.357346149821382, 54.251443346805921 ], [ 13.359518923707107, 54.250538867253667 ], [ 13.359558728258836, 54.249651153817709 ], [ 13.358473312017201, 54.248703699979565 ], [ 13.358147314072378, 54.246598519791654 ], [ 13.35898729650097, 54.246395078961854 ], [ 13.361242851729475, 54.249441888352266 ], [ 13.363548824387864, 54.249457527647465 ], [ 13.367004134246695, 54.250718881358814 ], [ 13.368990986233166, 54.254490928770544 ], [ 13.367452929510518, 54.25638019059469 ], [ 13.365414632792122, 54.258303709218325 ], [ 13.363256830459255, 54.257298566751018 ], [ 13.36299595229443, 54.255586075960885 ], [ 13.362315650194068, 54.255327772804314 ], [ 13.360822621219059, 54.256654546585963 ], [ 13.358983903181114, 54.257392826525916 ], [ 13.358875992624105, 54.257755296504598 ], [ 13.361183904929527, 54.257838339381387 ], [ 13.361709475117758, 54.258789586870542 ], [ 13.360710933759403, 54.259519883880252 ], [ 13.360049294822787, 54.260018677096397 ], [ 13.360149763627843, 54.262356840047154 ], [ 13.362934492386582, 54.263622860035227 ], [ 13.366376365755352, 54.264158608936675 ], [ 13.368942635660638, 54.262954610397294 ], [ 13.37163075613635, 54.260945485909303 ], [ 13.375343083231341, 54.257048556030369 ], [ 13.377550503162791, 54.255024580201031 ], [ 13.379209239971797, 54.253563880344416 ], [ 13.38323657719814, 54.255346384198354 ], [ 13.390283074924128, 54.258920400818532 ], [ 13.39048494643519, 54.263100240241442 ], [ 13.393839965968116, 54.264986202542353 ], [ 13.396263192025588, 54.265067808509386 ], [ 13.397535057149465, 54.26387242702873 ], [ 13.400075525132307, 54.264415946987754 ], [ 13.402040635714506, 54.264235653405969 ], [ 13.402229631666222, 54.265189387117729 ], [ 13.404082189540887, 54.264944641330707 ], [ 13.407053345706851, 54.262060834540648 ], [ 13.410646816196728, 54.259037686156375 ], [ 13.413432683047555, 54.257930161629901 ], [ 13.417962581364293, 54.254046137792258 ], [ 13.423370694601543, 54.246630190576525 ], [ 13.424462872454784, 54.239805404961345 ], [ 13.423466334977991, 54.237869295664424 ], [ 13.420707380281758, 54.235123780912602 ], [ 13.417344700229439, 54.233009479204107 ], [ 13.409152769633197, 54.23119313325045 ], [ 13.404847740057118, 54.229444783496341 ], [ 13.399963174811086, 54.227111926287904 ], [ 13.39516545393915, 54.223391942655027 ], [ 13.393655634214833, 54.221032333248125 ], [ 13.392551876451581, 54.221237891470075 ], [ 13.391377080405375, 54.222273014746968 ], [ 13.389697074950604, 54.22521025778785 ], [ 13.387500615521434, 54.227104060488415 ], [ 13.383539063741956, 54.229138359397659 ], [ 13.36684447461473, 54.231890593170661 ], [ 13.359865570402279, 54.234045827151419 ], [ 13.354310896798731, 54.234577433316687 ], [ 13.335248561314652, 54.237273757913385 ], [ 13.33111418989948, 54.238487293951358 ], [ 13.328543889666239, 54.239261373745791 ], [ 13.326293965215719, 54.239143637570855 ], [ 13.323788247708801, 54.237481802112313 ], [ 13.320675528719651, 54.239378108814506 ], [ 13.31774541813791, 54.24102370823735 ], [ 13.315530327068801, 54.241739030216827 ], [ 13.312030451180776, 54.246151617517725 ], [ 13.308083776765704, 54.248450655502396 ], [ 13.302819822486098, 54.249668349155897 ], [ 13.296066242389632, 54.249185365737162 ], [ 13.293213784263946, 54.250126660891041 ], [ 13.29137930383896, 54.251355896019149 ], [ 13.291353878493178, 54.252904057484308 ], [ 13.293572291332689, 54.254404381784163 ], [ 13.294828527268518, 54.255317628285056 ], [ 13.295469812389909, 54.253469082729502 ], [ 13.299034893562078, 54.251635687453373 ], [ 13.306922398693802, 54.249543118719103 ], [ 13.308494143677088, 54.24946806450415 ], [ 13.312239484076738, 54.248291445003531 ], [ 13.315744140096763, 54.246161402158833 ], [ 13.318773712083557, 54.244888087103888 ], [ 13.32108013345586, 54.24473378649634 ], [ 13.323827617213123, 54.248380202431925 ], [ 13.323000363810108, 54.252074789133012 ], [ 13.325789202874232, 54.253867254553413 ], [ 13.327512929557727, 54.255929706827679 ], [ 13.326789545420494, 54.25922816939147 ], [ 13.324000923528875, 54.26049792324973 ], [ 13.323642179065148, 54.262212143816491 ], [ 13.324059309421173, 54.266359017221212 ], [ 13.327517051911558, 54.267554002067868 ], [ 13.328612129205144, 54.269027464597428 ], [ 13.330704926009902, 54.269674227943312 ], [ 13.332720476776357, 54.269099292310351 ], [ 13.334881840102049, 54.270304944356404 ], [ 13.335018047096565, 54.271586910627349 ], [ 13.335402927051694, 54.274022023260791 ], [ 13.337285535567572, 54.275294620310092 ], [ 13.33758427550355, 54.276247530735361 ], [ 13.337934769831522, 54.276903443924311 ], [ 13.336108804236785, 54.278560197381161 ], [ 13.333464420493099, 54.278413674041552 ], [ 13.332538751389187, 54.277202026935868 ], [ 13.328341126347887, 54.275319968003579 ], [ 13.327677412563803, 54.273338242300738 ], [ 13.325580988855529, 54.27230722134788 ], [ 13.323920844829535, 54.27080379693038 ], [ 13.319515972148066, 54.269877574424036 ], [ 13.311531607288405, 54.266999625238263 ], [ 13.309655814429496, 54.265825474323293 ], [ 13.310589092926413, 54.264633246605079 ], [ 13.314175681993383, 54.263920374823478 ], [ 13.314756107207408, 54.262137261809428 ], [ 13.314890221531618, 54.260291873002444 ], [ 13.314645209324667, 54.259307209404469 ], [ 13.318410894123634, 54.259363631187838 ], [ 13.319595580576841, 54.259306564916329 ], [ 13.320939969134837, 54.258969780986909 ], [ 13.321659359274253, 54.258457313145513 ], [ 13.320412264759716, 54.257852064424128 ], [ 13.315167739827531, 54.257097534045705 ], [ 13.312638644125943, 54.257284569002643 ], [ 13.304698571919818, 54.258687952912936 ], [ 13.297210960291064, 54.258641093342433 ], [ 13.28900225416486, 54.259240848374375 ], [ 13.284043634901211, 54.258779728362676 ], [ 13.282332149308225, 54.257505213359472 ], [ 13.278595287900446, 54.256045515043141 ], [ 13.273797592559403, 54.25489087175427 ], [ 13.270685283463129, 54.253791053385896 ], [ 13.260205870270964, 54.255928198590311 ], [ 13.250805043988212, 54.258585994709414 ], [ 13.24601014940361, 54.260919339694475 ], [ 13.242853334436322, 54.2643818753019 ], [ 13.238019276001594, 54.267191441340934 ], [ 13.233196039170888, 54.267945188846802 ], [ 13.230335319931816, 54.268323272541956 ], [ 13.227529200409492, 54.268768397596382 ], [ 13.217872624087743, 54.273202164177896 ], [ 13.217064600641502, 54.275412878851881 ], [ 13.218652297562548, 54.276259858905114 ], [ 13.219476791719305, 54.278526449749101 ], [ 13.218246047152419, 54.279088338700561 ], [ 13.215499186945951, 54.279438652446778 ], [ 13.215091253144797, 54.277980641439086 ], [ 13.215740620320972, 54.277098479822136 ], [ 13.214248173826928, 54.27529617068889 ], [ 13.214953451983524, 54.273580288005292 ], [ 13.216229838846292, 54.272519437325748 ], [ 13.21537026015112, 54.271600941643207 ], [ 13.212530142662246, 54.270682253590245 ], [ 13.204269975673906, 54.27044521055317 ], [ 13.20015847922501, 54.270171396577481 ], [ 13.198885642842212, 54.271463449786104 ], [ 13.196993532660729, 54.276281563052137 ], [ 13.196285078156739, 54.281189711370786 ], [ 13.196564178062751, 54.284713063771719 ], [ 13.19986888978999, 54.287262732418014 ], [ 13.202860110167023, 54.287740491569927 ], [ 13.203346160017198, 54.29000919798203 ], [ 13.201808466710494, 54.292291335397216 ], [ 13.200164134042117, 54.295131042588885 ], [ 13.197803226499849, 54.295209121352222 ], [ 13.195905775436817, 54.296273931947461 ], [ 13.193159203972284, 54.296849779539606 ], [ 13.191065964683743, 54.296364618893172 ], [ 13.188954741801664, 54.29450013194554 ], [ 13.187142052105377, 54.290364980352734 ], [ 13.182005581481894, 54.289240189172311 ], [ 13.181587456368664, 54.287793294800274 ], [ 13.17882857888274, 54.287675467768025 ], [ 13.176419091866363, 54.288550875842169 ], [ 13.17251768224032, 54.288802891222815 ], [ 13.172039168644854, 54.288899767380258 ], [ 13.166364073809657, 54.289684445120756 ], [ 13.161555106009027, 54.287833531560885 ], [ 13.157193418174469, 54.286076788593327 ], [ 13.153024187405641, 54.285603794565247 ], [ 13.144523419409802, 54.28172909235861 ], [ 13.143780064338184, 54.280777934415767 ], [ 13.141983456412975, 54.281049814953647 ], [ 13.14020273082415, 54.282408933064687 ], [ 13.138994487307686, 54.284589650212183 ], [ 13.139190510983672, 54.29015339085575 ], [ 13.141028966934408, 54.296367107464704 ], [ 13.143463876241405, 54.297408499446455 ], [ 13.145842264822658, 54.298252487665536 ], [ 13.148558333293611, 54.299323830937205 ], [ 13.150544730333987, 54.300401082552959 ], [ 13.152149624811774, 54.302169968307496 ], [ 13.153286882911395, 54.302954951111609 ], [ 13.15851418989455, 54.302402311695708 ], [ 13.154035808533656, 54.304236206900171 ], [ 13.158661254916572, 54.304771713566637 ], [ 13.16091620191035, 54.305022925682543 ], [ 13.16366218619898, 54.304217980684051 ], [ 13.165233612114667, 54.303980642681793 ], [ 13.164362283528797, 54.302008231557586 ], [ 13.164009842909945, 54.301055274935358 ], [ 13.166769665059384, 54.301173354005655 ], [ 13.169261770338235, 54.302115066853183 ], [ 13.170147797090721, 54.301288242442908 ], [ 13.171771004987209, 54.300686642401374 ], [ 13.172428815445128, 54.299497085074201 ], [ 13.175140827112374, 54.298768314408825 ], [ 13.177030534150818, 54.298517972548126 ], [ 13.178698034703729, 54.297322894094769 ], [ 13.17919128351115, 54.29643288262249 ], [ 13.181273538988314, 54.296224038161583 ], [ 13.182920199958891, 54.297136346932753 ], [ 13.184857698805535, 54.298707518520153 ], [ 13.185271037180058, 54.300087014053773 ], [ 13.18411872806605, 54.301805103855571 ], [ 13.179848440054363, 54.304105900761307 ], [ 13.176766277210159, 54.306004897217015 ], [ 13.17329435186045, 54.308308000080771 ], [ 13.168874065210828, 54.309919573685463 ], [ 13.164945608674886, 54.309796236775156 ], [ 13.156837013100239, 54.310936712450783 ], [ 13.149098734731552, 54.312984670715991 ], [ 13.145630694092807, 54.314648861732536 ], [ 13.143256698364503, 54.315222369107303 ], [ 13.140391907514614, 54.318231353850052 ], [ 13.139226247380218, 54.319454804214104 ], [ 13.136502608113183, 54.318021250087334 ], [ 13.133920736938514, 54.319381517190408 ], [ 13.131941214849899, 54.320322932443212 ], [ 13.136393603453561, 54.322641261139168 ], [ 13.13545308650054, 54.324079913311273 ], [ 13.130264204887263, 54.326845415093771 ], [ 13.124671822497918, 54.329343640252048 ], [ 13.122755799377913, 54.329220430137184 ], [ 13.117817710135286, 54.330659615367075 ], [ 13.114850538527836, 54.332055484983044 ], [ 13.114538878724986, 54.337787807293111 ], [ 13.114829817210145, 54.342659111239747 ], [ 13.116645159609488, 54.345445056269483 ], [ 13.119633607571915, 54.347949053689213 ], [ 13.122174574893998, 54.351677269835129 ], [ 13.123317348129998, 54.356843222140213 ], [ 13.122998845775982, 54.3618163018389 ], [ 13.123602922489093, 54.364807984292803 ], [ 13.125566468430103, 54.368157006392643 ], [ 13.12825945496702, 54.371107064664976 ], [ 13.133321842041017, 54.372892902605287 ], [ 13.142502139331695, 54.373372866644743 ], [ 13.145280349109767, 54.374412632869017 ], [ 13.147818314712675, 54.374300992181325 ], [ 13.15036219278532, 54.374847549313337 ], [ 13.154247623394747, 54.374268523848158 ], [ 13.157020688231102, 54.374946435747283 ], [ 13.162628239092324, 54.373735962769338 ], [ 13.165503813920298, 54.372795611543026 ], [ 13.167852688177211, 54.371399552706194 ], [ 13.171406508929483, 54.37154491701024 ], [ 13.17099242651882, 54.370394654147454 ], [ 13.172925483422162, 54.371240417981561 ], [ 13.174573354520895, 54.372056205634486 ], [ 13.17715430572868, 54.372249308714693 ], [ 13.182219247358127, 54.374055649992719 ], [ 13.185219002761485, 54.374929287463281 ], [ 13.193023779604465, 54.375707284388739 ], [ 13.196906748536753, 54.375719887850096 ], [ 13.199602406660153, 54.374882957810534 ], [ 13.201893683173308, 54.373553920906531 ], [ 13.199785477662914, 54.372379404809536 ], [ 13.202581248593267, 54.370849854017763 ], [ 13.207544930519024, 54.370853851628077 ], [ 13.211771256626982, 54.370709112782855 ], [ 13.21449667039318, 54.371253303767723 ], [ 13.216123306483377, 54.371430677225746 ], [ 13.215681278586018, 54.368667691334011 ], [ 13.217142327759056, 54.368362913652142 ], [ 13.218708963511435, 54.367464453607063 ], [ 13.220795741861373, 54.367551483184222 ], [ 13.221473371445114, 54.368275577121572 ], [ 13.222971343687183, 54.369516228590491 ], [ 13.224952649243352, 54.369965532672559 ], [ 13.226807049182849, 54.369723604860368 ], [ 13.229735932975219, 54.369542869697824 ], [ 13.233907946837231, 54.369386349849727 ], [ 13.235886621659001, 54.36967155321728 ], [ 13.238123409990179, 54.370651620485788 ], [ 13.239097287364174, 54.371580562840734 ], [ 13.237398846098399, 54.372396951547195 ], [ 13.236349023711522, 54.374254167562931 ], [ 13.236225289850045, 54.376492481313761 ], [ 13.23726157278182, 54.377697449773706 ], [ 13.241669356062379, 54.378002031794161 ], [ 13.244883448973765, 54.378259717896697 ], [ 13.248877932953608, 54.378469970715081 ], [ 13.253851487675323, 54.379653822261076 ], [ 13.257840656832933, 54.380438982598903 ], [ 13.260615155029708, 54.381015949077941 ], [ 13.260752681482808, 54.382266480442809 ], [ 13.261779665370163, 54.382951827272009 ], [ 13.260802937151867, 54.385195315799201 ], [ 13.256311889138214, 54.386572247665377 ], [ 13.252690982537517, 54.386420684884683 ], [ 13.249468650922651, 54.385493904548753 ], [ 13.25006314551807, 54.384041258943597 ], [ 13.245332308197352, 54.384693596838567 ], [ 13.240554282829974, 54.385514487302345 ], [ 13.2384306869595, 54.386712957840885 ], [ 13.237597410189817, 54.38786490593538 ], [ 13.237153412004348, 54.388796158607896 ], [ 13.23648480713431, 54.391597032655177 ], [ 13.235447551312275, 54.393544061273367 ], [ 13.231978239563807, 54.395343287310254 ], [ 13.230394097251823, 54.39844810061976 ], [ 13.23032111137019, 54.400753499484559 ], [ 13.230853040309141, 54.402165842957857 ], [ 13.234367462947015, 54.403001619837369 ], [ 13.236691041085042, 54.403547773275434 ], [ 13.238318415399201, 54.403012731615988 ], [ 13.243594710471541, 54.4046265122577 ], [ 13.244289375064895, 54.4056087311222 ], [ 13.245955393411194, 54.404183622791741 ], [ 13.247180562531005, 54.403091326095655 ], [ 13.248465627419954, 54.402358133043819 ], [ 13.251501534277002, 54.401780835700215 ], [ 13.253210583792075, 54.402626725453338 ], [ 13.254249442204753, 54.403905674065683 ], [ 13.255017794430946, 54.405356936721091 ], [ 13.25233758702327, 54.407801383563225 ], [ 13.246012010724337, 54.407476911058602 ], [ 13.242603504929324, 54.406344266903083 ], [ 13.242869888067153, 54.405257455705524 ], [ 13.240370625218528, 54.404350877801235 ], [ 13.236698874255943, 54.404239597258233 ], [ 13.234431328625698, 54.403594319861021 ], [ 13.232407143006162, 54.40413389452754 ], [ 13.23420531518595, 54.406855358666057 ], [ 13.236147512978073, 54.40829321805947 ], [ 13.236120038073102, 54.40668038558195 ], [ 13.237486178832205, 54.407297073113902 ], [ 13.236970631810072, 54.410263324803985 ], [ 13.235061977595388, 54.410833710837082 ], [ 13.235261508102566, 54.412611795423196 ], [ 13.232398499176908, 54.413681828933036 ], [ 13.230531090458856, 54.413263438010048 ], [ 13.229277190810166, 54.41267979513237 ], [ 13.231519719993381, 54.411808866248386 ], [ 13.231849798704468, 54.411281313315193 ], [ 13.234368137198381, 54.409882878833336 ], [ 13.233457008274646, 54.409526387197729 ], [ 13.232235288835032, 54.409935508370523 ], [ 13.228667288783681, 54.411681245574172 ], [ 13.221773647435004, 54.413117695447909 ], [ 13.219681889658872, 54.414895149561218 ], [ 13.218107994341491, 54.416692354538689 ], [ 13.215773215872522, 54.418911591979786 ], [ 13.215069444098527, 54.420728435714551 ], [ 13.212568799209613, 54.426437562400899 ], [ 13.212619770700167, 54.429533025070789 ], [ 13.211615838919325, 54.430264111130185 ], [ 13.209860288661366, 54.429912195705974 ], [ 13.20839976135086, 54.430380797955294 ], [ 13.206870270480231, 54.430160001754111 ], [ 13.20565625473713, 54.428486213757502 ], [ 13.203424030261099, 54.427442594346992 ], [ 13.201478324891191, 54.426008715308498 ], [ 13.193505971574892, 54.424270666435248 ], [ 13.182761617852805, 54.423342227506538 ], [ 13.175093361351491, 54.423978176432172 ], [ 13.172348301667231, 54.425342538634546 ], [ 13.167592614304347, 54.424511302122333 ], [ 13.166389359361313, 54.423430102935036 ], [ 13.163392623645498, 54.422951252170449 ], [ 13.159817734208843, 54.421949682438061 ], [ 13.157987968293545, 54.420673965679114 ], [ 13.152528533007208, 54.421656518407225 ], [ 13.150185810599389, 54.423447544743745 ], [ 13.150342048231153, 54.426443609097355 ], [ 13.149867235223663, 54.428717263184723 ], [ 13.151067444478349, 54.429632217033834 ], [ 13.154195977697279, 54.431164167021926 ], [ 13.157788839851067, 54.433325060525448 ], [ 13.161023614989791, 54.435734749119327 ], [ 13.162183385104647, 54.438525703527155 ], [ 13.162644153211795, 54.440702430268892 ], [ 13.164332250948915, 54.44298969870313 ], [ 13.164844428278258, 54.445244801580138 ], [ 13.167447301822952, 54.448086686780542 ], [ 13.168830514963926, 54.449559953511738 ], [ 13.169114691898107, 54.452263277970516 ], [ 13.170571875291111, 54.453513754663319 ], [ 13.172210267877839, 54.452507776671816 ], [ 13.174322983498897, 54.452748347348006 ], [ 13.175523326188472, 54.452834168875981 ], [ 13.178019004468418, 54.453661259231772 ], [ 13.180440724313868, 54.454933503505139 ], [ 13.181503019730732, 54.454334881827478 ], [ 13.184618755468787, 54.454846211254669 ], [ 13.186478972797754, 54.454472426733233 ], [ 13.190047262682301, 54.455077881473116 ], [ 13.192588674114399, 54.455356226584961 ], [ 13.192969725985597, 54.454107366426349 ], [ 13.193428458946322, 54.452880524572379 ], [ 13.192790402467869, 54.450091579556954 ], [ 13.194751247252114, 54.449027379511101 ], [ 13.197054773399973, 54.448190437330872 ], [ 13.200468427212469, 54.448075187026141 ], [ 13.202265889900882, 54.450049091877254 ], [ 13.204639977969208, 54.452864415722154 ], [ 13.204935605064632, 54.455174574691156 ], [ 13.203518565890933, 54.457202061105164 ], [ 13.205489184012368, 54.458184109381421 ], [ 13.205446581713066, 54.459615437583778 ], [ 13.207419941660536, 54.460743538919573 ], [ 13.208447606212134, 54.461097348988147 ], [ 13.209085412494247, 54.460954546945544 ], [ 13.208346116805924, 54.459599532187468 ], [ 13.210622584709169, 54.459917161823419 ], [ 13.212456834596127, 54.460311408953082 ], [ 13.214326858296783, 54.459126129841643 ], [ 13.218362922997338, 54.459287771404135 ], [ 13.220392146483531, 54.460046986911202 ], [ 13.222920865715022, 54.460457325158174 ], [ 13.223439078896686, 54.461240715748424 ], [ 13.223706169422947, 54.462232179836043 ], [ 13.222451268609301, 54.462605446770127 ], [ 13.223798508639446, 54.463846879434193 ], [ 13.224940129100634, 54.464316708570287 ], [ 13.227579358312605, 54.463937842363116 ], [ 13.230240844148403, 54.464655103868303 ], [ 13.233104582150814, 54.462509005031471 ], [ 13.237265280549007, 54.462485092082368 ], [ 13.237668917954844, 54.463990246753113 ], [ 13.239259773982877, 54.464787609894614 ], [ 13.24110508643218, 54.465805950599567 ], [ 13.243548267363707, 54.465021222044236 ], [ 13.24581449888699, 54.464711518093516 ], [ 13.248504420513488, 54.463702827440564 ], [ 13.251786008818149, 54.463906031878665 ], [ 13.254049917964746, 54.464800355944455 ], [ 13.255187452319516, 54.465678800749338 ], [ 13.254601315607299, 54.466129320441617 ], [ 13.253674738089169, 54.466294284115996 ], [ 13.2513465942782, 54.465701388148197 ], [ 13.249258587465476, 54.465387864489024 ], [ 13.2474761607918, 54.466022853159679 ], [ 13.248506031021602, 54.467375966568831 ], [ 13.24649604576952, 54.467792088000991 ], [ 13.244178948825938, 54.467841498989628 ], [ 13.240619250929576, 54.466947829357842 ], [ 13.239973700800256, 54.46617868418469 ], [ 13.238142775339378, 54.466011747542545 ], [ 13.238226976440483, 54.467107548829624 ], [ 13.236410428247297, 54.467794236044618 ], [ 13.234090335794441, 54.467668246372796 ], [ 13.231233054836579, 54.467477899967825 ], [ 13.231137961008951, 54.468244492847781 ], [ 13.233776191180326, 54.468712343636611 ], [ 13.236355067702407, 54.468403206380081 ], [ 13.238141392474796, 54.469790355669673 ], [ 13.240741682495607, 54.470730096592916 ], [ 13.242223815655503, 54.472592917744919 ], [ 13.244116722979756, 54.472546114127411 ], [ 13.246203698567548, 54.473008065873586 ], [ 13.249034223810519, 54.47251530675419 ], [ 13.25141540449787, 54.471692593391758 ], [ 13.253364417318407, 54.471314935022797 ], [ 13.254035983243291, 54.473770978829684 ], [ 13.256987757217654, 54.473164886449887 ], [ 13.258580075495688, 54.474000199877317 ], [ 13.262238950290845, 54.475214144237896 ], [ 13.266990612578057, 54.476911136208912 ], [ 13.268127127942357, 54.477697362296489 ], [ 13.268335299033904, 54.47877900278182 ], [ 13.270247647061698, 54.480016563831178 ], [ 13.265375664006648, 54.480497505163704 ], [ 13.263094397042131, 54.479776384262209 ], [ 13.261388819235341, 54.479530422189391 ], [ 13.258841519626797, 54.478148196877477 ], [ 13.257407913095225, 54.479111453029255 ], [ 13.257123209100135, 54.484437458071277 ], [ 13.255706065028052, 54.486393638349369 ], [ 13.253874470134551, 54.486036010719907 ], [ 13.251170350636762, 54.486530398102204 ], [ 13.249606979626837, 54.487384171550275 ], [ 13.246700989369648, 54.487142748313154 ], [ 13.24354009569066, 54.486655606009514 ], [ 13.240803266553602, 54.485233612340537 ], [ 13.237878712567895, 54.483424039271142 ], [ 13.236216134378001, 54.482764091594646 ], [ 13.233790795481527, 54.483308180554012 ], [ 13.230209362131719, 54.484633832666795 ], [ 13.227579792955328, 54.486594274510075 ], [ 13.226303369790203, 54.493100774434787 ], [ 13.227072948732497, 54.493902909977905 ], [ 13.226711277855109, 54.494897889516956 ], [ 13.228356834265218, 54.495218764457668 ], [ 13.228317705924685, 54.496798377039248 ], [ 13.228978839796518, 54.49848401957496 ], [ 13.229147048513044, 54.502542528118191 ], [ 13.229128421032591, 54.503733328586236 ], [ 13.232139582245839, 54.504205934878314 ], [ 13.233244327230219, 54.504480484577257 ], [ 13.233319688898579, 54.505288815477385 ], [ 13.232699777141432, 54.505842756853951 ], [ 13.231695240732842, 54.506252844551774 ], [ 13.231019591051471, 54.507395711796683 ], [ 13.23362131574471, 54.508297440120494 ], [ 13.232267113285923, 54.510178828265566 ], [ 13.231209564255531, 54.510663273636041 ], [ 13.228369110471059, 54.511191569074654 ], [ 13.223186222720756, 54.51063217879156 ], [ 13.21514524199992, 54.509061994111285 ], [ 13.209446843254712, 54.507880393350888 ], [ 13.207787921068419, 54.506752651089819 ], [ 13.203361346179486, 54.506116389352151 ], [ 13.201289429473157, 54.503789057176839 ], [ 13.198022076874302, 54.503683269788922 ], [ 13.195386839838191, 54.504726463285536 ], [ 13.191865933336123, 54.505446161717124 ], [ 13.184892714930138, 54.505602431446043 ], [ 13.180639015710291, 54.505874279897469 ], [ 13.173591663727288, 54.507232244535373 ], [ 13.17063598834703, 54.507836152995274 ], [ 13.16716441655287, 54.512077452893607 ], [ 13.1652240838166, 54.512968010601796 ], [ 13.162459828362694, 54.514011097827215 ], [ 13.163796999356533, 54.518665632416024 ], [ 13.164079311982107, 54.520757946601812 ], [ 13.16278758036454, 54.527005305256765 ], [ 13.160259540605395, 54.533798046847252 ], [ 13.159718319248691, 54.535312677090268 ], [ 13.154971945859828, 54.540593353201878 ], [ 13.148287447570226, 54.542388245334678 ], [ 13.145180543489609, 54.541828517403189 ], [ 13.141738582751985, 54.541337911551963 ], [ 13.139827761042595, 54.540399314968212 ], [ 13.139598428421767, 54.541101337456126 ], [ 13.142338325553345, 54.544037374284422 ], [ 13.144469368118397, 54.546821556716573 ], [ 13.147450886342833, 54.546454031638888 ], [ 13.151735135855086, 54.546118061856887 ], [ 13.170432932051931, 54.54555304253666 ], [ 13.18070955666952, 54.546923876681831 ], [ 13.188566250947611, 54.548312562706258 ], [ 13.202368918116807, 54.549820846359914 ], [ 13.21329919993339, 54.550381032200079 ], [ 13.220585454926761, 54.551632289913016 ], [ 13.226869085218478, 54.55322801661675 ], [ 13.231487056193021, 54.553658011260474 ], [ 13.236420635823807, 54.553998291021017 ], [ 13.239894345799355, 54.55394020420573 ], [ 13.242156710642957, 54.553340832335692 ], [ 13.242489908429429, 54.554293692836261 ], [ 13.243755233112514, 54.555510769247398 ], [ 13.244637972887226, 54.555597777494356 ], [ 13.245533095176823, 54.554826556245509 ], [ 13.245549187626313, 54.552609117788222 ], [ 13.248140088742804, 54.552241312012569 ], [ 13.249537615661813, 54.552597147293525 ], [ 13.252374161389392, 54.552140278123865 ], [ 13.255526290582809, 54.551827540552992 ], [ 13.256979998055776, 54.550304855185026 ], [ 13.258822247543078, 54.548907878944384 ], [ 13.261894134584573, 54.547568691208852 ], [ 13.263548048524303, 54.548219467937237 ], [ 13.267997082187847, 54.546099121599433 ], [ 13.271388123064296, 54.545124018633814 ], [ 13.274842657189451, 54.54403838804766 ], [ 13.276508778143143, 54.543426243883182 ], [ 13.279121336519744, 54.543239671658569 ], [ 13.282718905015745, 54.543033654834375 ], [ 13.286135814696042, 54.543307037026551 ], [ 13.287755061099251, 54.542048003857417 ], [ 13.289510080158582, 54.54145082647598 ], [ 13.289494263607292, 54.540570286311038 ], [ 13.291067331770973, 54.538069122641325 ], [ 13.294260910581075, 54.537350693124289 ], [ 13.295057177717442, 54.537154831164493 ], [ 13.294889873752691, 54.534990183590146 ], [ 13.294110448256104, 54.533781822492919 ], [ 13.291454192887311, 54.533652196300288 ], [ 13.290421301270767, 54.532299401033505 ], [ 13.290201209258504, 54.530611336123791 ], [ 13.290108198074702, 54.529106777424367 ], [ 13.289863946019603, 54.526097860646139 ], [ 13.287706608920239, 54.525340564945566 ], [ 13.286992752889651, 54.52431605073771 ], [ 13.287508582885295, 54.521670939141067 ], [ 13.292552794594496, 54.521271235024656 ], [ 13.295247192461533, 54.520153757219795 ], [ 13.297498922148051, 54.519110921123527 ], [ 13.298421154444396, 54.517599984720135 ], [ 13.299903692111281, 54.516121408394071 ], [ 13.300819092405089, 54.514677844984149 ], [ 13.302120018464503, 54.51403616765122 ], [ 13.304849151722054, 54.51399656533799 ], [ 13.308407994527203, 54.514964856124223 ], [ 13.310911557755642, 54.517298855828919 ], [ 13.309220619351148, 54.518354310149668 ], [ 13.306583486993828, 54.51879107686711 ], [ 13.306095270603768, 54.519533274562171 ], [ 13.306927567347211, 54.52026265075849 ], [ 13.307897130099382, 54.520274520866842 ], [ 13.30880798239229, 54.519626249804986 ], [ 13.311395467948604, 54.519425567760337 ], [ 13.311435484720139, 54.521555106177303 ], [ 13.31195724411201, 54.522616730036745 ], [ 13.311834034525301, 54.525097731768028 ], [ 13.309873327286484, 54.525788639227677 ], [ 13.307221561377682, 54.525879495636723 ], [ 13.30408409593273, 54.526854095731984 ], [ 13.302914371395833, 54.528550891731427 ], [ 13.304536162454447, 54.530816473701258 ], [ 13.306102189274885, 54.533596875911471 ], [ 13.307186153633841, 54.536829624542101 ], [ 13.307410879909137, 54.539355612725494 ], [ 13.306341678181216, 54.539618476753589 ], [ 13.305273147922762, 54.539919458877087 ], [ 13.304543346251682, 54.541393293601509 ], [ 13.304417388265659, 54.544808873013508 ], [ 13.30332622197661, 54.547019637015772 ], [ 13.30195764638734, 54.548239104608186 ], [ 13.299527107821179, 54.548881048431014 ], [ 13.297137768482516, 54.549875428950195 ], [ 13.296753895960379, 54.550857317650475 ], [ 13.299803068661951, 54.554605716595006 ], [ 13.302286385968992, 54.555544939348692 ], [ 13.308460147852488, 54.559130043282515 ], [ 13.319556708218153, 54.564765860922343 ], [ 13.325017504118339, 54.56810290454321 ], [ 13.33169177428092, 54.570153521832296 ], [ 13.333237775767429, 54.570925331849494 ], [ 13.337198107432906, 54.57037382700851 ], [ 13.340825449965902, 54.571781080146231 ], [ 13.343896402620327, 54.573596304956354 ], [ 13.344117208497368, 54.575210247217328 ], [ 13.349854642035458, 54.579256515735814 ], [ 13.354460666930599, 54.580809685026701 ], [ 13.359398206629404, 54.580543003048291 ], [ 13.363869622527337, 54.579594050453167 ], [ 13.369027720245557, 54.578568271697641 ], [ 13.369867717088191, 54.576695585888871 ], [ 13.367764520596339, 54.575382167309989 ], [ 13.365047829698208, 54.572392352503698 ] ] ], [ [ [ 13.146217977325357, 54.602996533802973 ], [ 13.14712139392522, 54.599963866149231 ], [ 13.148066066142372, 54.595002356040567 ], [ 13.149709459865262, 54.59164877157599 ], [ 13.151279466954179, 54.58793989637897 ], [ 13.153340911474841, 54.585373473014712 ], [ 13.15507654330364, 54.583358792884411 ], [ 13.156214458649382, 54.582407717399505 ], [ 13.157741173199138, 54.580588791941132 ], [ 13.156303731167727, 54.579418349986973 ], [ 13.154859396988705, 54.577969160249346 ], [ 13.155833114692596, 54.575367060094749 ], [ 13.157227983323637, 54.573432039258122 ], [ 13.156665580247836, 54.572096461325238 ], [ 13.156051942015084, 54.571665979854586 ], [ 13.154057438476183, 54.574432540805411 ], [ 13.153286282318172, 54.576993332917063 ], [ 13.1513067637833, 54.575092792652001 ], [ 13.151137638330026, 54.576466221324772 ], [ 13.151729634568486, 54.578053748008074 ], [ 13.151689559232221, 54.579006469959978 ], [ 13.151711218247662, 54.580462062381066 ], [ 13.151395432878006, 54.581074651393301 ], [ 13.150743063405871, 54.581679961199029 ], [ 13.151534249035045, 54.583133881629109 ], [ 13.149747410658385, 54.584704159065041 ], [ 13.148460964773577, 54.586905346476279 ], [ 13.14708047678937, 54.589023908704689 ], [ 13.147945076124804, 54.591279497223624 ], [ 13.146957167939044, 54.594063292496379 ], [ 13.146249190780059, 54.595648226742746 ], [ 13.145389221757998, 54.595039237035728 ], [ 13.146019318271861, 54.592897504504869 ], [ 13.145974971618111, 54.589878503878246 ], [ 13.144652017332319, 54.587744250902929 ], [ 13.146405349843768, 54.581007433350031 ], [ 13.146505890819892, 54.575462675822273 ], [ 13.145235125889755, 54.57373023250998 ], [ 13.142553914969435, 54.575473222194027 ], [ 13.144269076923445, 54.577196679786418 ], [ 13.143577941398124, 54.580702405785111 ], [ 13.141792495560011, 54.582375897383024 ], [ 13.139902966389014, 54.586206366651105 ], [ 13.137230315376147, 54.587295558856233 ], [ 13.134155299009139, 54.589446905685868 ], [ 13.139134605774913, 54.590842088361349 ], [ 13.139247774373763, 54.592241077231051 ], [ 13.140940163033084, 54.59395578566135 ], [ 13.140337501796314, 54.596969138472076 ], [ 13.141188917743372, 54.598571128127993 ], [ 13.140528952936547, 54.598684443269548 ], [ 13.139482659455727, 54.598305431377142 ], [ 13.136755390315058, 54.595926318117804 ], [ 13.130739733612304, 54.592179365211393 ], [ 13.128953509163189, 54.590613123085063 ], [ 13.127341135595856, 54.588488980904856 ], [ 13.125642980525049, 54.586302387623668 ], [ 13.124337245338625, 54.585048382090513 ], [ 13.125133184302024, 54.5839032903434 ], [ 13.122017734667789, 54.584037276368839 ], [ 13.11811746585254, 54.584197303769201 ], [ 13.11406124410856, 54.584546627537044 ], [ 13.111724707695609, 54.584514935292297 ], [ 13.110627774422053, 54.583223840783482 ], [ 13.110270567753366, 54.582005693633945 ], [ 13.110465168936859, 54.581256766104083 ], [ 13.111872502064385, 54.580109035288572 ], [ 13.112718528754472, 54.578099010806838 ], [ 13.114875291998434, 54.5771835508273 ], [ 13.116869281636824, 54.575974531756835 ], [ 13.117559559967569, 54.575557944491699 ], [ 13.117219286538646, 54.575283309118831 ], [ 13.116063209275817, 54.575014775755101 ], [ 13.115653466793702, 54.574740454612844 ], [ 13.119095259731413, 54.573937757207332 ], [ 13.118349031166767, 54.573664946746476 ], [ 13.115026610737765, 54.573602064255113 ], [ 13.112576937413939, 54.572629679423919 ], [ 13.109661194234157, 54.572328822710823 ], [ 13.11090973808467, 54.569804647007736 ], [ 13.110012693839943, 54.568393581640713 ], [ 13.108107097766053, 54.567849906893805 ], [ 13.112734495600479, 54.564485508933537 ], [ 13.114056989409189, 54.562001542367234 ], [ 13.115230087220441, 54.558808308550724 ], [ 13.116228793559165, 54.556974984117694 ], [ 13.11636434238876, 54.552861143075177 ], [ 13.116879725461391, 54.551009884169559 ], [ 13.113914001127263, 54.546726412519952 ], [ 13.113219717451027, 54.544314755085345 ], [ 13.114030801953012, 54.541514126079072 ], [ 13.115798143523051, 54.539695166672473 ], [ 13.116698130571967, 54.538026286815509 ], [ 13.114042144672595, 54.536780878518435 ], [ 13.109881769721138, 54.534282128762847 ], [ 13.106540373534084, 54.532037726046205 ], [ 13.105018102386495, 54.531166431967321 ], [ 13.10500157754606, 54.52996017184055 ], [ 13.103655236296637, 54.529234092688654 ], [ 13.101956070825121, 54.528691570565641 ], [ 13.09960391182655, 54.528412559208427 ], [ 13.09287508905091, 54.527513378149365 ], [ 13.092444533407599, 54.525940501569934 ], [ 13.093720003368928, 54.525148407506933 ], [ 13.094180860489866, 54.524083778439092 ], [ 13.093897338877428, 54.523101125376087 ], [ 13.092233161446019, 54.5202377376134 ], [ 13.092480267501436, 54.518504607089959 ], [ 13.092662328147251, 54.517396270043889 ], [ 13.09178448895566, 54.517011620467279 ], [ 13.090721914719024, 54.518393492051423 ], [ 13.089036441294553, 54.518834646543596 ], [ 13.086534847914551, 54.518884117103546 ], [ 13.084510888684024, 54.519131338864284 ], [ 13.084025554306837, 54.518345010524754 ], [ 13.084954305049244, 54.517042417866207 ], [ 13.087587608845416, 54.517030582192142 ], [ 13.088320179566297, 54.516083799331831 ], [ 13.088652129341179, 54.515491483628757 ], [ 13.08837246268163, 54.514785100684655 ], [ 13.087155064816759, 54.514986024737297 ], [ 13.08587301609605, 54.515265826585185 ], [ 13.083782315888577, 54.515708779403006 ], [ 13.082131067605868, 54.51347421154675 ], [ 13.081439952234266, 54.512297879996616 ], [ 13.082159743878607, 54.510367224278255 ], [ 13.081123806438679, 54.50879707590385 ], [ 13.07954602386117, 54.50711251726019 ], [ 13.080247132112634, 54.503764472852225 ], [ 13.079736201239038, 54.502477277404026 ], [ 13.077647080037433, 54.501224028086526 ], [ 13.075659263134408, 54.500628501606286 ], [ 13.073443549757787, 54.500606802213532 ], [ 13.072753351899244, 54.499468668207946 ], [ 13.073205662453979, 54.497734688796463 ], [ 13.072836729856704, 54.495456183305208 ], [ 13.073413214134378, 54.492894985944673 ], [ 13.073867646268667, 54.491634972976449 ], [ 13.071300639015233, 54.491565401682514 ], [ 13.074115725228632, 54.489940005983797 ], [ 13.074090109455405, 54.487974495603588 ], [ 13.075434237298307, 54.487180110367142 ], [ 13.075874373000616, 54.48481720224958 ], [ 13.076058223185751, 54.483517921388703 ], [ 13.075507371339324, 54.482695890797302 ], [ 13.073614752758521, 54.482821085169078 ], [ 13.072795924622344, 54.482155284413508 ], [ 13.073259308745, 54.481288497320762 ], [ 13.076684678054065, 54.479777171418817 ], [ 13.076807906285039, 54.478871288481486 ], [ 13.07572475784001, 54.478640193103089 ], [ 13.071947250981902, 54.47916907957903 ], [ 13.074147602958096, 54.476917377214853 ], [ 13.073528341307629, 54.475859769862488 ], [ 13.072258557927523, 54.471929610943782 ], [ 13.073042535678361, 54.469920076523465 ], [ 13.072758934526057, 54.468858779016443 ], [ 13.067782295957754, 54.470531795781334 ], [ 13.071396553885172, 54.467880761794682 ], [ 13.069142292048342, 54.465922794472547 ], [ 13.0694523631756, 54.463639049936397 ], [ 13.068345019610133, 54.46179504619591 ], [ 13.06589474748894, 54.460152310325945 ], [ 13.066155261608989, 54.45940533421448 ], [ 13.06579877775709, 54.458067985825046 ], [ 13.065403840119801, 54.457640611555647 ], [ 13.063574713781559, 54.458432581102826 ], [ 13.061575438751237, 54.460406899967012 ], [ 13.061951290951272, 54.463592895366702 ], [ 13.061986123948264, 54.466346823168521 ], [ 13.061156995715905, 54.470009829662189 ], [ 13.06040235252658, 54.474696887041951 ], [ 13.061200026502531, 54.478903264336218 ], [ 13.062801109906438, 54.482870307502715 ], [ 13.064128178545099, 54.485894996931108 ], [ 13.065839738098569, 54.492732465143767 ], [ 13.067720312271678, 54.497053185922454 ], [ 13.069527784610196, 54.501059709004949 ], [ 13.072367801709138, 54.506081550990018 ], [ 13.074714489350102, 54.50992840301555 ], [ 13.07767930658331, 54.514361043933185 ], [ 13.079484374129377, 54.517462126072928 ], [ 13.081014683628357, 54.52080028527967 ], [ 13.082429570609289, 54.52531602837243 ], [ 13.083544661769285, 54.527867475439393 ], [ 13.085525495750325, 54.534548440210393 ], [ 13.085905626837066, 54.537574941617244 ], [ 13.087621978455152, 54.539418330921528 ], [ 13.093549797816436, 54.547575277257913 ], [ 13.095636968846179, 54.551342048599004 ], [ 13.097389564949077, 54.555779742205694 ], [ 13.099140478910975, 54.560062373722722 ], [ 13.100571759491697, 54.565838066495829 ], [ 13.101448377291984, 54.570596461176223 ], [ 13.102429198921518, 54.577868120661442 ], [ 13.101238566139713, 54.579338264057711 ], [ 13.101278114044959, 54.582247191904806 ], [ 13.101165425043176, 54.584485163946781 ], [ 13.101185726399839, 54.585978964040244 ], [ 13.101337708168886, 54.587198052849629 ], [ 13.1002130160365, 54.588975602312992 ], [ 13.097859586209188, 54.590284856754025 ], [ 13.100041450923618, 54.591436221106228 ], [ 13.103384809149022, 54.593208937940084 ], [ 13.107558209823591, 54.595984343409306 ], [ 13.115000896512008, 54.600080735591504 ], [ 13.114929614556086, 54.5999642593179 ], [ 13.116368647901618, 54.601327827167836 ], [ 13.118662289893491, 54.602649100447955 ], [ 13.119521994210121, 54.603249323216957 ], [ 13.121484688475411, 54.603316471040607 ], [ 13.127058352971067, 54.60450956365657 ], [ 13.13066708341362, 54.605476132717534 ], [ 13.134801895189135, 54.605613427689974 ], [ 13.137838375514672, 54.604731486911319 ], [ 13.142171454712736, 54.604393592955439 ], [ 13.144940446739932, 54.603750923630379 ], [ 13.146217977325357, 54.602996533802973 ] ] ], [ [ [ 13.431114338783777, 54.68349295311323 ], [ 13.435917570665039, 54.679535261572738 ], [ 13.437849010570938, 54.677613679085717 ], [ 13.437836773197493, 54.676164681029988 ], [ 13.435961423109664, 54.674967494132979 ], [ 13.434086134397374, 54.673768032427617 ], [ 13.431766463677571, 54.670304899177765 ], [ 13.432336320270512, 54.666214089900613 ], [ 13.431849662193676, 54.665566193460329 ], [ 13.43104084692312, 54.66329851071351 ], [ 13.429227051745931, 54.661148210552568 ], [ 13.425805057272296, 54.659169054254228 ], [ 13.422551088092646, 54.657419994775118 ], [ 13.418593890561832, 54.656657678160535 ], [ 13.41584069370187, 54.655837191842849 ], [ 13.407464253095798, 54.655151017692205 ], [ 13.402294877291174, 54.654208052296568 ], [ 13.399221598641656, 54.65325016157631 ], [ 13.394378072483391, 54.652491042143261 ], [ 13.391530220338781, 54.651365147276536 ], [ 13.387073866969811, 54.649434756866086 ], [ 13.383720755094783, 54.646135259845678 ], [ 13.382061801835331, 54.643259852668635 ], [ 13.378264643366236, 54.637889599157944 ], [ 13.376972594172429, 54.634921714486538 ], [ 13.377008897514662, 54.630996662606734 ], [ 13.378031579645494, 54.625312506890701 ], [ 13.381768620187502, 54.61531864721897 ], [ 13.382942012370307, 54.613077416552095 ], [ 13.384381102112426, 54.610018791149415 ], [ 13.387792005632992, 54.605937779883327 ], [ 13.390038683778466, 54.602102943485292 ], [ 13.394277728551847, 54.5973419122816 ], [ 13.3980571500044, 54.593215421467015 ], [ 13.403656470038719, 54.589028570389459 ], [ 13.407699058932561, 54.58646560430148 ], [ 13.411221688199896, 54.584209600974567 ], [ 13.417213366556076, 54.58076738579291 ], [ 13.422374084951334, 54.578117271771305 ], [ 13.429300221692669, 54.575409118877715 ], [ 13.437163721396912, 54.573347444234557 ], [ 13.448630304268381, 54.571802155651064 ], [ 13.459178842310699, 54.570570386078451 ], [ 13.464191957317974, 54.570817749398707 ], [ 13.468191498375656, 54.571728659268025 ], [ 13.468752417913612, 54.573108359841257 ], [ 13.466289594022431, 54.575353731733067 ], [ 13.471084026945793, 54.574800302154841 ], [ 13.476163271255963, 54.573512252942891 ], [ 13.480931900365801, 54.573697864621664 ], [ 13.483286646156401, 54.572841654159085 ], [ 13.491236167403835, 54.572622451464625 ], [ 13.495778544026898, 54.574386422334364 ], [ 13.4985030430524, 54.574636842809063 ], [ 13.501436380744479, 54.575215968187038 ], [ 13.507207908218277, 54.573968233404067 ], [ 13.511342491368238, 54.574479099026568 ], [ 13.518458349409448, 54.575453309895217 ], [ 13.530060701113861, 54.577228731718634 ], [ 13.536306331400613, 54.57848316454082 ], [ 13.541807066024484, 54.579152508465135 ], [ 13.548987174439798, 54.58063223279121 ], [ 13.551152489855392, 54.580760306413829 ], [ 13.555487803005086, 54.580578182154248 ], [ 13.558457500624023, 54.580699412898014 ], [ 13.560770300716264, 54.581468653458657 ], [ 13.565165013814264, 54.582269765923897 ], [ 13.569028467240932, 54.58270225025305 ], [ 13.572803785707977, 54.582856761200581 ], [ 13.575288679493111, 54.582918738334875 ], [ 13.580192507234406, 54.583186979470874 ], [ 13.585626291683212, 54.583753781483267 ], [ 13.59133500295944, 54.584625802059087 ], [ 13.598348791581685, 54.584796475916583 ], [ 13.606808859216159, 54.584796728822667 ], [ 13.614095944031975, 54.585348214471971 ], [ 13.620175545177846, 54.585139550422291 ], [ 13.627986492098652, 54.585451942835114 ], [ 13.634992495049454, 54.585312677240537 ], [ 13.638404269219983, 54.584437137347749 ], [ 13.64302531060471, 54.582501256992771 ], [ 13.647538988790934, 54.579901156402642 ], [ 13.653498887082256, 54.578022298180784 ], [ 13.660431521360133, 54.576093771939917 ], [ 13.665310563799615, 54.572363804718179 ], [ 13.668440685914439, 54.570721701427658 ], [ 13.673770203330543, 54.567522057268327 ], [ 13.676876021936609, 54.565034996366897 ], [ 13.678918028254929, 54.562404984400196 ], [ 13.677294890458763, 54.556277300617801 ], [ 13.67754414322822, 54.551051069349413 ], [ 13.68065161980596, 54.544645260365499 ], [ 13.679030669596928, 54.53790416251222 ], [ 13.679501583145978, 54.53495632354857 ], [ 13.677490128582905, 54.531944154935353 ], [ 13.673554461752058, 54.528069164146004 ], [ 13.6695434210698, 54.522830907667867 ], [ 13.668261710240721, 54.521029591862629 ], [ 13.663716180478795, 54.519074288389866 ], [ 13.65946509814207, 54.517841875225862 ], [ 13.654858084597034, 54.516437306269033 ], [ 13.652515941241058, 54.515088217552993 ], [ 13.650256912412889, 54.514522477008384 ], [ 13.648569279010394, 54.514378378663231 ], [ 13.64428600853771, 54.513064827193787 ], [ 13.631874610822226, 54.507396013838139 ], [ 13.628066322369174, 54.50589114176686 ], [ 13.62302734420704, 54.503091735092134 ], [ 13.616249462252936, 54.501379306968559 ], [ 13.610763439486895, 54.499888779757164 ], [ 13.607079990241925, 54.496890272693783 ], [ 13.603438295202468, 54.492352219523923 ], [ 13.602035220625481, 54.490780505446168 ], [ 13.600091381772838, 54.489604478105569 ], [ 13.597342221667972, 54.488534401206067 ], [ 13.597105242495163, 54.487118865336129 ], [ 13.598963452554823, 54.486095818890504 ], [ 13.601230726482392, 54.484065823641558 ], [ 13.601923249618022, 54.483319575735344 ], [ 13.601078258071967, 54.482436411056057 ], [ 13.598704974781917, 54.481837027126076 ], [ 13.596078784778214, 54.483976701879349 ], [ 13.593255202436071, 54.483381500913978 ], [ 13.590365416628865, 54.48554596635703 ], [ 13.58648353334355, 54.484040468947299 ], [ 13.580898692779504, 54.481711425221576 ], [ 13.575850283943826, 54.478442877106851 ], [ 13.574501261565729, 54.47721737486107 ], [ 13.574584614096953, 54.477185369230277 ], [ 13.573846628483125, 54.477367577191515 ], [ 13.560725437022779, 54.475730887719209 ], [ 13.554069066702445, 54.476458690404542 ], [ 13.549894259741096, 54.475197213569814 ], [ 13.548220214586488, 54.475835827715599 ], [ 13.547061679880199, 54.476254380381555 ], [ 13.544671484445916, 54.47712353665419 ], [ 13.543852091027553, 54.477372941604038 ], [ 13.539993977576293, 54.477537622962274 ], [ 13.539064321263012, 54.477756398771461 ], [ 13.533035616483289, 54.479264038029733 ], [ 13.526827936742794, 54.479921356841388 ], [ 13.526980517188695, 54.482847576104334 ], [ 13.530944858597945, 54.482721474791127 ], [ 13.537768355744866, 54.482496276242671 ], [ 13.536679699966967, 54.487237017185549 ], [ 13.536798726267122, 54.489752347279051 ], [ 13.540955646360922, 54.49119630239791 ], [ 13.532981748590108, 54.492940568639547 ], [ 13.530185190547121, 54.494616901496379 ], [ 13.528087032525123, 54.494519398786935 ], [ 13.525946261541842, 54.495060373439777 ], [ 13.528560186188315, 54.497177955185727 ], [ 13.532677304850029, 54.499200203105858 ], [ 13.535824837838833, 54.499262041399142 ], [ 13.538804545189796, 54.498612984566435 ], [ 13.542450847615632, 54.4968056806959 ], [ 13.544251136310541, 54.495305684530557 ], [ 13.545478043798996, 54.495340465857261 ], [ 13.546696596958054, 54.495707707547091 ], [ 13.546424904692961, 54.493276809490148 ], [ 13.548251889290317, 54.492547186452278 ], [ 13.551138841670964, 54.491451483267511 ], [ 13.555333334822286, 54.492274232055323 ], [ 13.563306443872866, 54.499030401210653 ], [ 13.557896877463079, 54.499874270645236 ], [ 13.558432970758918, 54.5065511651854 ], [ 13.556554026545236, 54.508157719318241 ], [ 13.555775202922264, 54.510689655297064 ], [ 13.54923872155277, 54.512923940073172 ], [ 13.544117228006989, 54.510975866830414 ], [ 13.536240558460337, 54.507971593556228 ], [ 13.533757988949644, 54.507495410511488 ], [ 13.531967043456881, 54.506247266458402 ], [ 13.52923433137552, 54.503715033924202 ], [ 13.523433388600752, 54.505246070505947 ], [ 13.521611972053908, 54.507200996344217 ], [ 13.51607468942875, 54.507185271289572 ], [ 13.514759995392533, 54.50872580373526 ], [ 13.513558766039949, 54.509511784600249 ], [ 13.513912765408058, 54.509844678063544 ], [ 13.514222816837009, 54.512825868970488 ], [ 13.514847884809466, 54.515573114895716 ], [ 13.512757451918102, 54.518620735632773 ], [ 13.513064220855671, 54.520321275101651 ], [ 13.511705462286889, 54.521660010894436 ], [ 13.510721772755671, 54.523999991814549 ], [ 13.510448599776161, 54.524536936639869 ], [ 13.510731950939766, 54.52524918231358 ], [ 13.510197563109172, 54.525682493015964 ], [ 13.509927257549652, 54.526174408846131 ], [ 13.509846105536221, 54.526664839170806 ], [ 13.509964530577866, 54.527753573877156 ], [ 13.510831011416318, 54.528782407145037 ], [ 13.513213642851394, 54.526637902154576 ], [ 13.513811205610578, 54.528050839374927 ], [ 13.509404609684676, 54.531681049400973 ], [ 13.507529891998857, 54.53556259281693 ], [ 13.505283666117398, 54.539775028553485 ], [ 13.504273376031021, 54.540544593942158 ], [ 13.504923215864872, 54.544354310671281 ], [ 13.503109030912919, 54.546763810806141 ], [ 13.502590837421092, 54.548565269622515 ], [ 13.500447425410741, 54.54912815634701 ], [ 13.499678659931414, 54.548316400177086 ], [ 13.497896121175373, 54.548112552552574 ], [ 13.495578573528935, 54.549330546608417 ], [ 13.493635399201443, 54.551199318722553 ], [ 13.492939745764076, 54.552368569120709 ], [ 13.493330368284973, 54.553378814315742 ], [ 13.496805697635388, 54.553731165339919 ], [ 13.496686774538764, 54.554765609502716 ], [ 13.496140453571483, 54.555374271363924 ], [ 13.494343944324466, 54.556583556155118 ], [ 13.493058982953468, 54.557847312612637 ], [ 13.491491850577127, 54.55894930260505 ], [ 13.492702117635169, 54.559458809362312 ], [ 13.494853325164925, 54.558376964093746 ], [ 13.495808964584311, 54.559241179833258 ], [ 13.493316695797077, 54.560786348046705 ], [ 13.495008253115881, 54.561044812943237 ], [ 13.497979738438159, 54.55982403723096 ], [ 13.499747386533738, 54.558704710993176 ], [ 13.50319159967882, 54.558203377679568 ], [ 13.506002690347152, 54.558560842154847 ], [ 13.508524004350308, 54.557779187579207 ], [ 13.51025752252194, 54.558666279950977 ], [ 13.511099792681312, 54.55962789848455 ], [ 13.512731738458706, 54.561450426928779 ], [ 13.51324076452868, 54.563025798739282 ], [ 13.512565495619635, 54.564224225517911 ], [ 13.511779448578856, 54.565481930914409 ], [ 13.510122106542976, 54.566521906615002 ], [ 13.509236839540037, 54.566528960281154 ], [ 13.507605081406137, 54.565375896849886 ], [ 13.503323042603432, 54.563812371534105 ], [ 13.49794144289174, 54.563818986395717 ], [ 13.495727324203711, 54.563708284509197 ], [ 13.493283232801556, 54.563347772218023 ], [ 13.490830251655821, 54.56276712250942 ], [ 13.48957519868361, 54.562159082413189 ], [ 13.489315100731854, 54.561275908767229 ], [ 13.490173745358469, 54.560289642029602 ], [ 13.489985547927446, 54.559172250262613 ], [ 13.487492777491294, 54.558865914499698 ], [ 13.485643761825761, 54.558646641360781 ], [ 13.485152054868323, 54.558277508656552 ], [ 13.48529402898947, 54.557391203440993 ], [ 13.486926486396948, 54.556097873140956 ], [ 13.489554865712906, 54.554419327011956 ], [ 13.491634128035942, 54.552902233976226 ], [ 13.490654655250566, 54.551166475991934 ], [ 13.488594965725802, 54.551182595665139 ], [ 13.486834873055637, 54.552121967934674 ], [ 13.484436563991341, 54.553720059099064 ], [ 13.482167265145071, 54.55286595735322 ], [ 13.47739563744992, 54.553284601992061 ], [ 13.462985489213338, 54.553599309010039 ], [ 13.454073151199742, 54.55329139593168 ], [ 13.448396905417331, 54.551273708454438 ], [ 13.446099658720817, 54.551906421617439 ], [ 13.441978047841323, 54.554129800530426 ], [ 13.439129879844902, 54.555921256125266 ], [ 13.434871508240301, 54.559356344362378 ], [ 13.432198396665125, 54.561941657901791 ], [ 13.431822482674482, 54.56296889086731 ], [ 13.429316519005617, 54.56597303431866 ], [ 13.426000661417646, 54.568374170214895 ], [ 13.421242704381568, 54.569720680660261 ], [ 13.415145045915663, 54.570272447640072 ], [ 13.410357382695326, 54.571704165141512 ], [ 13.407255131812905, 54.572939477178927 ], [ 13.405010683079674, 54.573047546692024 ], [ 13.400574730230595, 54.572099428977623 ], [ 13.396811887167166, 54.572453959689469 ], [ 13.394428295404385, 54.573681633677907 ], [ 13.390663091533121, 54.577857499782624 ], [ 13.386580418845984, 54.579991028873813 ], [ 13.384406632171192, 54.582052764599283 ], [ 13.38356884648117, 54.584201839791611 ], [ 13.383622970433276, 54.586657058884576 ], [ 13.384272917152764, 54.590793079765895 ], [ 13.383994154219629, 54.595481472251421 ], [ 13.382375770520319, 54.599033334939627 ], [ 13.379461881115075, 54.603191668052929 ], [ 13.374032012260326, 54.608512840772399 ], [ 13.371760085932731, 54.611579222427245 ], [ 13.371314297373969, 54.613271687807803 ], [ 13.370777360888711, 54.614472746070284 ], [ 13.367111618811881, 54.614279805627163 ], [ 13.365577146427094, 54.612656864185169 ], [ 13.362577780999246, 54.61267714381691 ], [ 13.360146547225979, 54.613237053974423 ], [ 13.356193935075188, 54.612430134535018 ], [ 13.354161317493073, 54.611230546101439 ], [ 13.35301075931385, 54.608439000143001 ], [ 13.353245774200873, 54.605642644659554 ], [ 13.350658800652095, 54.60339083319726 ], [ 13.347698824238973, 54.600849334333134 ], [ 13.338534200749439, 54.59758702589825 ], [ 13.333067383258685, 54.596207443317404 ], [ 13.331615734090223, 54.595154013881036 ], [ 13.327862686456944, 54.593733800405275 ], [ 13.329170751190242, 54.592341410679502 ], [ 13.329766667966236, 54.59073574670731 ], [ 13.333018892528191, 54.58866352614686 ], [ 13.332732110651973, 54.58642779662992 ], [ 13.334725029827823, 54.584866960335411 ], [ 13.33436083139836, 54.583433740855952 ], [ 13.328862792085694, 54.581323941690776 ], [ 13.325446641805865, 54.580458493589425 ], [ 13.320569050184433, 54.580024865852863 ], [ 13.316635335728595, 54.580002799959225 ], [ 13.314628413165797, 54.578784411879475 ], [ 13.310093629767479, 54.577015852841996 ], [ 13.307741433091721, 54.575518798206808 ], [ 13.307234809978478, 54.574475094030049 ], [ 13.305998546487523, 54.573501134189982 ], [ 13.297526675212263, 54.571649137047288 ], [ 13.295283709694081, 54.572047162130943 ], [ 13.291143380268908, 54.571254910860659 ], [ 13.286334103818204, 54.569812966310948 ], [ 13.284813831750061, 54.568060887664856 ], [ 13.281240879500565, 54.565890028052358 ], [ 13.278665874870507, 54.564804847207 ], [ 13.274306973166269, 54.563833711842811 ], [ 13.264665597978977, 54.563192723782649 ], [ 13.257061217213348, 54.56296146539929 ], [ 13.254847419621143, 54.561478165797404 ], [ 13.250180896222695, 54.560768600058886 ], [ 13.249311048624445, 54.559194352200215 ], [ 13.247968900654254, 54.558022700939581 ], [ 13.245724918039999, 54.55812781876255 ], [ 13.243501770935968, 54.559679536507097 ], [ 13.24313790776163, 54.561687781097902 ], [ 13.243891784924346, 54.563500869558659 ], [ 13.247671566945161, 54.567484508887993 ], [ 13.249900694148455, 54.572324091446937 ], [ 13.253446055014731, 54.581228840354292 ], [ 13.255609513797273, 54.587097546263237 ], [ 13.259503634697438, 54.593901896036371 ], [ 13.268713698039711, 54.601467516429601 ], [ 13.277584608153516, 54.609571477810178 ], [ 13.281143031065399, 54.614180086215242 ], [ 13.284430916664434, 54.619605628395064 ], [ 13.28825378580343, 54.628406501924523 ], [ 13.288005608683164, 54.630315433017032 ], [ 13.287663918091459, 54.637288578773067 ], [ 13.286189391332929, 54.638876928982071 ], [ 13.287246880090525, 54.640395790059642 ], [ 13.286715051060035, 54.642032293343547 ], [ 13.285713226789891, 54.643617749907818 ], [ 13.282479056216546, 54.646416393533457 ], [ 13.280219759779989, 54.646158213332924 ], [ 13.274849274851764, 54.645208810289205 ], [ 13.268056736534545, 54.643562291958752 ], [ 13.265804504555302, 54.643683417673202 ], [ 13.264405375277951, 54.64407357358894 ], [ 13.260133933663885, 54.641701757474088 ], [ 13.254734255462191, 54.63901069676114 ], [ 13.248957854302711, 54.636213655985607 ], [ 13.240534704558513, 54.632124095612205 ], [ 13.235978990648123, 54.629263290073347 ], [ 13.231037286001239, 54.625750895881474 ], [ 13.229812418383503, 54.625431977642705 ], [ 13.226988851821531, 54.624902056123766 ], [ 13.227573820832356, 54.620758486663597 ], [ 13.229647317841474, 54.615573168875031 ], [ 13.229876995628706, 54.612413310353958 ], [ 13.230928025115849, 54.608159188949521 ], [ 13.232570092150201, 54.606152725818909 ], [ 13.23514288337654, 54.60197989299661 ], [ 13.237426733227965, 54.598372470706273 ], [ 13.238054852074786, 54.596625594499642 ], [ 13.237357469693189, 54.594288712912082 ], [ 13.235989073687225, 54.596637334091476 ], [ 13.234123786630184, 54.597301667650825 ], [ 13.231841476849645, 54.596180139806805 ], [ 13.230295380223621, 54.594883665569178 ], [ 13.227459393816201, 54.591404189617599 ], [ 13.227391208069262, 54.589398355722395 ], [ 13.228169253855949, 54.587807944155344 ], [ 13.227117939606389, 54.587393766573697 ], [ 13.222215167277877, 54.587048327958932 ], [ 13.217863321595791, 54.586093081920325 ], [ 13.214806456926411, 54.58555062946634 ], [ 13.213737819319268, 54.584064856068323 ], [ 13.211177596365696, 54.582180689216806 ], [ 13.207947240429894, 54.579965285079076 ], [ 13.202070442494643, 54.576229998795959 ], [ 13.197712811082203, 54.574809056288522 ], [ 13.194887996648971, 54.572247446628289 ], [ 13.191970205437871, 54.571611532657151 ], [ 13.188787993354012, 54.571846387577494 ], [ 13.18369457291994, 54.569804481086415 ], [ 13.184208497176801, 54.56830560013973 ], [ 13.185063837352663, 54.567618184479102 ], [ 13.184486377473172, 54.566531711652445 ], [ 13.183620192181303, 54.565282748073031 ], [ 13.182855313154745, 54.564087126469637 ], [ 13.181348666254172, 54.563659214756086 ], [ 13.178251378237295, 54.563349765706178 ], [ 13.177568773673361, 54.561720128878818 ], [ 13.176840184097912, 54.564102912392009 ], [ 13.175469906908829, 54.565489389848871 ], [ 13.174200884308956, 54.564676024990803 ], [ 13.174347442259286, 54.563648625157249 ], [ 13.176007641660044, 54.56200904535374 ], [ 13.176152461964126, 54.561123179218768 ], [ 13.172103113053938, 54.559733543250751 ], [ 13.167217696203412, 54.558997147242231 ], [ 13.163170795895386, 54.557982213335436 ], [ 13.160840183164343, 54.55875563378121 ], [ 13.160868976146206, 54.560662716718987 ], [ 13.160455987507364, 54.564313107114423 ], [ 13.163832849911755, 54.568786559750379 ], [ 13.168553311178902, 54.572824006851846 ], [ 13.178705412493148, 54.575702946774889 ], [ 13.18887688937782, 54.579472840674249 ], [ 13.195234975374733, 54.582157178632663 ], [ 13.204506930786829, 54.587283022212617 ], [ 13.214285079995296, 54.594582183390372 ], [ 13.220295429771262, 54.600812147544922 ], [ 13.223955963695298, 54.606401191961112 ], [ 13.226374656606607, 54.610799703747013 ], [ 13.226187361955473, 54.61630241962505 ], [ 13.222337398799471, 54.623647503815633 ], [ 13.220657300213245, 54.627877990376014 ], [ 13.2209197304224, 54.632506537597131 ], [ 13.218816579467031, 54.636004774678547 ], [ 13.221248395542005, 54.640892990589521 ], [ 13.22638292965943, 54.645002281845109 ], [ 13.230191041008096, 54.647813792771821 ], [ 13.237671398296486, 54.651255818268751 ], [ 13.242478795369921, 54.654856433395359 ], [ 13.247746032874662, 54.658335086676381 ], [ 13.250780875200462, 54.659950794655835 ], [ 13.253349751295634, 54.660389670252243 ], [ 13.264682032783396, 54.66509703362248 ], [ 13.275291680191703, 54.66869790128532 ], [ 13.279267374375483, 54.670585774038095 ], [ 13.28517276403185, 54.672414631689165 ], [ 13.288139553486078, 54.673562514610857 ], [ 13.294444957802755, 54.67390569557319 ], [ 13.302713472373465, 54.6739063270374 ], [ 13.309392997538774, 54.674136381742088 ], [ 13.315132811010285, 54.674482127409114 ], [ 13.32227354547862, 54.674490669410332 ], [ 13.329333791962158, 54.675153061099088 ], [ 13.339414482591209, 54.676231269113082 ], [ 13.348847949896912, 54.678076687294229 ], [ 13.356029293517736, 54.680098081399215 ], [ 13.361965130149008, 54.680873816704597 ], [ 13.366211017718353, 54.681660844557399 ], [ 13.371111929504389, 54.682045576767521 ], [ 13.378284423570324, 54.683540138731566 ], [ 13.390404548197305, 54.683128421346574 ], [ 13.407965717886476, 54.682407540625491 ], [ 13.414847468765663, 54.683284159595871 ], [ 13.418250500370583, 54.684129538938429 ], [ 13.424840307666733, 54.684571799507879 ], [ 13.429335766678582, 54.68480658502866 ], [ 13.431114338783777, 54.68349295311323 ] ] ] ] } },
{ "type": "Feature", "properties": { "wkr": 34, "wkr_name": "Vorpommern-Rügen V" }, "geometry": { "type": "MultiPolygon", "coordinates": [ [ [ [ 13.543973910282963, 54.323557591256382 ], [ 13.541316727088342, 54.323035879687424 ], [ 13.539229484880467, 54.323188054830453 ], [ 13.534739677727559, 54.321895006332525 ], [ 13.52810469279726, 54.318339137218672 ], [ 13.524072012528965, 54.314763858895084 ], [ 13.523501238209979, 54.312270041040875 ], [ 13.524262864467035, 54.311014573087817 ], [ 13.524003148485688, 54.309958404016967 ], [ 13.521939830811389, 54.310925680226326 ], [ 13.519744392476694, 54.312327572241792 ], [ 13.518676114170995, 54.314264012707966 ], [ 13.518012263241326, 54.315599553065901 ], [ 13.518445325152987, 54.316355494325926 ], [ 13.519925815292327, 54.31607157623845 ], [ 13.521440163394784, 54.315272863772904 ], [ 13.523293137713567, 54.316262062290797 ], [ 13.529901328885817, 54.322415892607495 ], [ 13.530992795411828, 54.323847132028192 ], [ 13.529908688545126, 54.325437815440267 ], [ 13.530926077104837, 54.326662956647112 ], [ 13.533658690588187, 54.327757115954292 ], [ 13.535338302405449, 54.329017199815915 ], [ 13.53818778205455, 54.329687889895226 ], [ 13.539464184284965, 54.33064119676375 ], [ 13.540461942500608, 54.331675431594654 ], [ 13.541812653439608, 54.332201212307652 ], [ 13.542597901287493, 54.331925059207983 ], [ 13.541281558233056, 54.33107103613402 ], [ 13.5426396888497, 54.329540839612051 ], [ 13.544970126395418, 54.328000323086869 ], [ 13.54559717744457, 54.327071658104934 ], [ 13.546309185467827, 54.3258456599374 ], [ 13.545115528024642, 54.324660314168931 ], [ 13.543973910282963, 54.323557591256382 ] ] ], [ [ [ 13.547736999892063, 54.434577576197071 ], [ 13.547926894523599, 54.434519601023261 ], [ 13.555525741221386, 54.43284510515246 ], [ 13.554880217590583, 54.432362666053272 ], [ 13.552468007896252, 54.430435426448298 ], [ 13.555525741221386, 54.43284510515246 ], [ 13.547736999892063, 54.434577576197071 ], [ 13.549009293837072, 54.435075356909344 ], [ 13.549791299986341, 54.435728485878684 ], [ 13.553765082461309, 54.43526370433176 ], [ 13.554691543758427, 54.43578839326053 ], [ 13.555569531722925, 54.436843731102435 ], [ 13.556050044869737, 54.437701639227868 ], [ 13.55669476737696, 54.438594605615563 ], [ 13.557319672648186, 54.440311513390839 ], [ 13.557120000837941, 54.442007841134263 ], [ 13.556752980423571, 54.442883364717979 ], [ 13.556391427718118, 54.443324699618586 ], [ 13.555190507613785, 54.444383798932115 ], [ 13.55409947004525, 54.445221838050145 ], [ 13.552618216197917, 54.446397731877447 ], [ 13.550011236685268, 54.446919049716975 ], [ 13.547753042194334, 54.447025249756145 ], [ 13.545330097686341, 54.446987608270163 ], [ 13.542698680434938, 54.446390398911269 ], [ 13.53780183803555, 54.446204138658025 ], [ 13.533090003951468, 54.445537589568843 ], [ 13.528959660880355, 54.445799406434759 ], [ 13.525520427081624, 54.447419869189964 ], [ 13.524871981588502, 54.448370089264309 ], [ 13.52471384038013, 54.449352488558823 ], [ 13.526322468334168, 54.450052219728519 ], [ 13.530051347730049, 54.450899989058179 ], [ 13.535883464970093, 54.451019545364034 ], [ 13.537963432450084, 54.451638402190717 ], [ 13.541218161049967, 54.453118323864032 ], [ 13.544165595194292, 54.454844222815005 ], [ 13.54579104666575, 54.455932209523915 ], [ 13.546898028628139, 54.457138950140454 ], [ 13.54775336539692, 54.459390383439825 ], [ 13.547807523050436, 54.463171339442106 ], [ 13.547678961380955, 54.463706749875428 ], [ 13.547741348055194, 54.464355397552488 ], [ 13.547666798748248, 54.464806077253961 ], [ 13.548021656350461, 54.465963598581546 ], [ 13.548246107792663, 54.467174932141489 ], [ 13.548461026488591, 54.468132047261392 ], [ 13.548569946956551, 54.469057084033857 ], [ 13.54807026588769, 54.46997053406232 ], [ 13.547198802790639, 54.470790101820093 ], [ 13.547139219738733, 54.471445736832891 ], [ 13.54854046146794, 54.47279895016338 ], [ 13.548261380396266, 54.473610133794296 ], [ 13.547718168246449, 54.47413557090001 ], [ 13.54700497054117, 54.475170247034015 ], [ 13.546224453707328, 54.475603522513708 ], [ 13.544181583417895, 54.476321622414808 ], [ 13.539993977576293, 54.477537622962274 ], [ 13.543852091027553, 54.477372941604038 ], [ 13.544671484445916, 54.47712353665419 ], [ 13.547061679880199, 54.476254380381555 ], [ 13.549894259741096, 54.475197213569814 ], [ 13.554069066702445, 54.476458690404542 ], [ 13.557943527489924, 54.47603938661473 ], [ 13.56057841458439, 54.475714157572376 ], [ 13.568815699696898, 54.47665936896297 ], [ 13.572877090596558, 54.477222307224601 ], [ 13.574292685832829, 54.477360712570615 ], [ 13.574315015982075, 54.47693116978796 ], [ 13.571892589861408, 54.474162424250466 ], [ 13.571043523484091, 54.472120973510314 ], [ 13.570117070902858, 54.469290409548044 ], [ 13.569993889587153, 54.467660212857083 ], [ 13.569688949568169, 54.464662400851793 ], [ 13.569879412852401, 54.461881401718259 ], [ 13.570824680347537, 54.456583307523978 ], [ 13.572311662326531, 54.451613494667093 ], [ 13.573612612340058, 54.448755686650166 ], [ 13.575512079737567, 54.445667717708169 ], [ 13.577006173116215, 54.442415134567213 ], [ 13.578643097037286, 54.439187380350724 ], [ 13.581049642882745, 54.435480200909701 ], [ 13.583419575816807, 54.432392802957352 ], [ 13.585638878056763, 54.429298134494779 ], [ 13.590736427979493, 54.422648612712564 ], [ 13.594703268130989, 54.418231441942389 ], [ 13.598570270688848, 54.414894816397819 ], [ 13.606040625915949, 54.40853122101084 ], [ 13.613937334960442, 54.403392365984026 ], [ 13.620970491750166, 54.4004873377243 ], [ 13.623663886599655, 54.399813834516337 ], [ 13.626690491381328, 54.399366480739459 ], [ 13.631478122634611, 54.399545693398693 ], [ 13.63295228611495, 54.400532263717409 ], [ 13.63431752784745, 54.400605315893962 ], [ 13.639239491764153, 54.399322685443686 ], [ 13.645354781643794, 54.399046785990244 ], [ 13.651755033923086, 54.399745077503304 ], [ 13.655040533966536, 54.399483364633753 ], [ 13.658604549127114, 54.399834643607576 ], [ 13.66167680105371, 54.401495805933145 ], [ 13.663554599357163, 54.40270741421309 ], [ 13.665403470272262, 54.402998015526705 ], [ 13.668147031106336, 54.402206253186279 ], [ 13.670949527896179, 54.401898343730366 ], [ 13.672973188815007, 54.40087856970095 ], [ 13.674457463867714, 54.399800038344843 ], [ 13.677607808491077, 54.39726644268891 ], [ 13.681753291334498, 54.394009733998573 ], [ 13.688985292169823, 54.389487753634704 ], [ 13.694308403886879, 54.386823802638538 ], [ 13.69988435699835, 54.38400664392362 ], [ 13.704611656689671, 54.381426422559599 ], [ 13.708182585595322, 54.375289268212747 ], [ 13.708524938652474, 54.372560467665529 ], [ 13.711346235071582, 54.368652600458176 ], [ 13.713954240839533, 54.365515236190689 ], [ 13.717524508705962, 54.362507399284389 ], [ 13.722312537208577, 54.358441021046382 ], [ 13.730650916853445, 54.352903361982506 ], [ 13.735303005471014, 54.350304725339036 ], [ 13.73931438810402, 54.348307784061085 ], [ 13.745394190747136, 54.345379988435056 ], [ 13.751866899247261, 54.343670402479134 ], [ 13.757877737872809, 54.342490764920271 ], [ 13.762692800074566, 54.341464526829924 ], [ 13.765110289288705, 54.342314021304894 ], [ 13.766397724837132, 54.341251508834731 ], [ 13.764977576127176, 54.339796414049751 ], [ 13.758798464312184, 54.339299559838707 ], [ 13.752135574673236, 54.338564654511003 ], [ 13.749103509760364, 54.337195234803815 ], [ 13.747541334679713, 54.337417571000344 ], [ 13.74401462270823, 54.337003344498264 ], [ 13.738435314567059, 54.334506502700592 ], [ 13.735417463149613, 54.332269248032773 ], [ 13.730742121414488, 54.32283552731333 ], [ 13.730578708665032, 54.319444151108321 ], [ 13.729456331280481, 54.317848654153167 ], [ 13.724975396838323, 54.317998442799343 ], [ 13.722669478773811, 54.316798745241968 ], [ 13.720203210681554, 54.313625471287146 ], [ 13.718207680525563, 54.309290372523563 ], [ 13.716976066621861, 54.303918072524631 ], [ 13.714870046812335, 54.295057437896048 ], [ 13.715378822767059, 54.291801413669049 ], [ 13.71659712367552, 54.28731866455778 ], [ 13.718222844703305, 54.282721802953517 ], [ 13.724254484084442, 54.274269964846049 ], [ 13.722973366026936, 54.27337487047869 ], [ 13.721544805769371, 54.273492307860742 ], [ 13.719424041747963, 54.272499623024615 ], [ 13.714551944798577, 54.271969280409728 ], [ 13.712564184588352, 54.271050519565556 ], [ 13.712176563590921, 54.270254368372854 ], [ 13.711160443909847, 54.268846133005255 ], [ 13.708100366145478, 54.269183530867913 ], [ 13.705017937212952, 54.272192780739971 ], [ 13.703338286681529, 54.274518044650506 ], [ 13.69851411102827, 54.27871591547774 ], [ 13.69686101512257, 54.279466567833957 ], [ 13.693235619472713, 54.280130509938139 ], [ 13.689831722025721, 54.280071037746389 ], [ 13.688245104502814, 54.280319884716448 ], [ 13.685905362217975, 54.282207190096138 ], [ 13.684531712293774, 54.284318940212039 ], [ 13.685914656900065, 54.285445036871899 ], [ 13.688214879743633, 54.28654206397686 ], [ 13.689496827956638, 54.287473543794725 ], [ 13.690689027845126, 54.287392487723885 ], [ 13.690485072697902, 54.286414769981405 ], [ 13.692139579752235, 54.28583942259462 ], [ 13.693555893027659, 54.28512705047482 ], [ 13.696074820436584, 54.284019767330193 ], [ 13.696054726774536, 54.282620122705431 ], [ 13.698338824464969, 54.280955593571313 ], [ 13.703751114252158, 54.280065136568417 ], [ 13.707038320666088, 54.280206348184407 ], [ 13.708844049926553, 54.280644979699815 ], [ 13.709073755760627, 54.281675993431762 ], [ 13.708968098911624, 54.282845846765298 ], [ 13.708162077611242, 54.286246567460957 ], [ 13.707393336377285, 54.288525738108689 ], [ 13.707086582988595, 54.29042120072085 ], [ 13.704341777576458, 54.294296370322762 ], [ 13.702751521730848, 54.295388023922946 ], [ 13.701043225393983, 54.296242659134052 ], [ 13.699860278794761, 54.296431641087395 ], [ 13.699136530334611, 54.295969027520322 ], [ 13.696865597155986, 54.29439546081548 ], [ 13.692672879372983, 54.294051506848746 ], [ 13.691149958934174, 54.293023453792216 ], [ 13.690077823235928, 54.29112551274396 ], [ 13.690632017555682, 54.290233604042974 ], [ 13.685427370322479, 54.291392793396966 ], [ 13.680420857905414, 54.291949086683147 ], [ 13.673673618383205, 54.292349053443104 ], [ 13.669203869531461, 54.292112471995473 ], [ 13.666167399797388, 54.290911904679234 ], [ 13.664011390106079, 54.28883939939486 ], [ 13.66288345934346, 54.288355454069709 ], [ 13.660049281251187, 54.287962629132927 ], [ 13.656416902313076, 54.288416579122561 ], [ 13.651534765398624, 54.292584679865982 ], [ 13.646270125987725, 54.297565422721185 ], [ 13.647614491515753, 54.298705671902695 ], [ 13.651450181916271, 54.301328357194556 ], [ 13.654897557390031, 54.30279975053179 ], [ 13.65869718040104, 54.304492421214086 ], [ 13.664126972094246, 54.305789900399091 ], [ 13.669339559336969, 54.306300524780525 ], [ 13.678261682304708, 54.308944153423326 ], [ 13.681297645636588, 54.310625524249751 ], [ 13.684547894024652, 54.310327258719354 ], [ 13.685295205152155, 54.311493163064625 ], [ 13.686360646583845, 54.31208067717759 ], [ 13.683577416022622, 54.313017200902628 ], [ 13.685652677248275, 54.314534328278896 ], [ 13.688670778181928, 54.315543749072205 ], [ 13.69313274026255, 54.31540672715434 ], [ 13.697643608017506, 54.315644294759608 ], [ 13.700311855905191, 54.316843751370996 ], [ 13.69896308799618, 54.317869631793201 ], [ 13.696867156247549, 54.317688883638816 ], [ 13.69795256928076, 54.3186305035888 ], [ 13.699788429705894, 54.319114630324165 ], [ 13.702126837054482, 54.319795513905447 ], [ 13.703892435973387, 54.320934077384173 ], [ 13.704499884206999, 54.322433708256867 ], [ 13.703818184799868, 54.323745786401489 ], [ 13.704258641868808, 54.325377222361354 ], [ 13.704021630456397, 54.325937907540109 ], [ 13.702980399377518, 54.32611988896258 ], [ 13.700203274130613, 54.325793484268267 ], [ 13.695696185426712, 54.325032744100611 ], [ 13.69397196467556, 54.325329006341157 ], [ 13.687621257282039, 54.32655934888075 ], [ 13.681211313478506, 54.326779818495773 ], [ 13.677178446005174, 54.329828826614552 ], [ 13.673133842308829, 54.330660107557911 ], [ 13.668479504549133, 54.32963339912483 ], [ 13.659404161726629, 54.327577120396477 ], [ 13.652649988998361, 54.325685342868859 ], [ 13.647428692366686, 54.322796858999311 ], [ 13.641948805890161, 54.321552814145349 ], [ 13.638942715170144, 54.32032908378693 ], [ 13.636704102481556, 54.320036832557577 ], [ 13.633829319458199, 54.319843333584977 ], [ 13.625936699838467, 54.319390661538016 ], [ 13.62104572184615, 54.318142771377453 ], [ 13.617475692249593, 54.316249108129668 ], [ 13.613554895937948, 54.315630285731558 ], [ 13.611174530597939, 54.316163780329511 ], [ 13.610393342206722, 54.316937337559025 ], [ 13.611675876989286, 54.318532529879512 ], [ 13.612136857291798, 54.320356927020171 ], [ 13.612744278118011, 54.320805391863189 ], [ 13.614065782190634, 54.321072222215257 ], [ 13.616237177666875, 54.32148618709784 ], [ 13.622110922098166, 54.322548297880687 ], [ 13.63307700126105, 54.32398839732803 ], [ 13.640729140083941, 54.324954511064803 ], [ 13.645967269248695, 54.326200900887663 ], [ 13.652074045471512, 54.328697035351894 ], [ 13.656908085530263, 54.331296768465329 ], [ 13.66082819205409, 54.332414948767834 ], [ 13.665605820269953, 54.333604574806579 ], [ 13.673950219188226, 54.336849494710265 ], [ 13.679419138473508, 54.339941353216695 ], [ 13.682240502187586, 54.342397518079579 ], [ 13.68261030855869, 54.344910610742808 ], [ 13.68499576378629, 54.34673942421832 ], [ 13.683450748446214, 54.348162958111892 ], [ 13.682524352488175, 54.349290718090487 ], [ 13.683710564776357, 54.350038919020484 ], [ 13.6862000154804, 54.351309485592068 ], [ 13.687236637563817, 54.351928740482741 ], [ 13.687032104246201, 54.353223409735548 ], [ 13.686653041730644, 54.354660582176997 ], [ 13.6885450733685, 54.356422079542718 ], [ 13.688174904037954, 54.356666043040271 ], [ 13.687853155016221, 54.356853368817816 ], [ 13.685924032532299, 54.355415774932759 ], [ 13.685745234618, 54.352049310458831 ], [ 13.682646977584263, 54.350470028384265 ], [ 13.679163235587614, 54.350012503809829 ], [ 13.67732445925432, 54.350694877912602 ], [ 13.673795340660535, 54.350766241767282 ], [ 13.669932578353343, 54.349611550793362 ], [ 13.666641001200214, 54.348897927089027 ], [ 13.660247618996895, 54.347780772976115 ], [ 13.653589893302836, 54.347213402374521 ], [ 13.652226720950132, 54.348010567165979 ], [ 13.651595590133418, 54.348551475507314 ], [ 13.651537611485471, 54.348735573170153 ], [ 13.650286949107658, 54.349095323235481 ], [ 13.647027711133138, 54.348042310963677 ], [ 13.644081569667957, 54.347276604686996 ], [ 13.641822107926314, 54.34668342486404 ], [ 13.639844610565927, 54.345800554544375 ], [ 13.637427836735485, 54.344878837367425 ], [ 13.635705746786563, 54.343180141529238 ], [ 13.63688579272884, 54.342436870185487 ], [ 13.639576451159044, 54.340223845323884 ], [ 13.636674389940126, 54.339117876790105 ], [ 13.633487505669867, 54.339438903927373 ], [ 13.630335003796896, 54.339175391484439 ], [ 13.629532471564426, 54.338202983056554 ], [ 13.628894814949444, 54.336775198316765 ], [ 13.625574752006235, 54.33568618922645 ], [ 13.622980102337554, 54.334835548252251 ], [ 13.623019535375633, 54.333997104848919 ], [ 13.623590462036889, 54.333048295425343 ], [ 13.624894076689285, 54.332477193332032 ], [ 13.629907677638952, 54.332045348001259 ], [ 13.629946851095333, 54.331346203726547 ], [ 13.626424938076104, 54.331623032051148 ], [ 13.621217929709774, 54.331424852229489 ], [ 13.614971344426948, 54.330575274667957 ], [ 13.612997138722445, 54.331089398023458 ], [ 13.611453028959771, 54.333062429326091 ], [ 13.608635315588412, 54.338262034519666 ], [ 13.603158007039317, 54.344891594105604 ], [ 13.597324254117185, 54.348497524940953 ], [ 13.588591892572108, 54.35190367423381 ], [ 13.583372082134511, 54.352658869908055 ], [ 13.57539891956268, 54.352988123988062 ], [ 13.572591577205262, 54.352248435512465 ], [ 13.569180288331012, 54.349806032139902 ], [ 13.564630266040512, 54.345457930499812 ], [ 13.559372515079939, 54.342980313065816 ], [ 13.550871392886657, 54.339753560052422 ], [ 13.548629414757709, 54.34115642933898 ], [ 13.54596834533899, 54.342254911218497 ], [ 13.539261495131759, 54.343034214335155 ], [ 13.537432778414994, 54.342790954043124 ], [ 13.5360145043021, 54.341236644620842 ], [ 13.531959367366465, 54.340829796153962 ], [ 13.530335984350243, 54.34031768368618 ], [ 13.52713949513848, 54.340599631534708 ], [ 13.521211686506913, 54.34066232255563 ], [ 13.514939952253263, 54.341306646721662 ], [ 13.512289700126784, 54.343230048889055 ], [ 13.50919736925362, 54.344187380900962 ], [ 13.50679597210498, 54.343786516352985 ], [ 13.505588731196646, 54.343470408553983 ], [ 13.505224602907852, 54.343192493522196 ], [ 13.505447053065051, 54.341856104334461 ], [ 13.504921885428972, 54.341594403002681 ], [ 13.503843345220798, 54.341356661060836 ], [ 13.502242377941284, 54.341955834301004 ], [ 13.499662793820933, 54.340176778647667 ], [ 13.494824536483787, 54.337157378520459 ], [ 13.490309641180795, 54.336615634034779 ], [ 13.484463716324594, 54.335535930640873 ], [ 13.482268988305025, 54.334387006014282 ], [ 13.480065438851907, 54.332555369572219 ], [ 13.479038763543437, 54.330990397404847 ], [ 13.47488010258089, 54.330519485458382 ], [ 13.470202839381193, 54.330912817017143 ], [ 13.467279078962044, 54.330481594753536 ], [ 13.46584671606853, 54.329588005863641 ], [ 13.46473507713403, 54.329155387834732 ], [ 13.462143319356441, 54.329695209971398 ], [ 13.461301533510893, 54.330040950250989 ], [ 13.461649193098095, 54.33165145941819 ], [ 13.461329407016358, 54.332303236731491 ], [ 13.460462369053754, 54.332896309291691 ], [ 13.46004842166637, 54.333807184808016 ], [ 13.459183545280251, 54.334669843183526 ], [ 13.45815081734003, 54.334736177943014 ], [ 13.457607490980662, 54.335367189083058 ], [ 13.456580871376001, 54.335363813516949 ], [ 13.4543946115616, 54.335942210760315 ], [ 13.453698398060023, 54.335239790953992 ], [ 13.45394800184696, 54.334709897031999 ], [ 13.45448197415668, 54.334346339652711 ], [ 13.453399789366182, 54.333574967455306 ], [ 13.453830318191406, 54.33322792879423 ], [ 13.453460650388925, 54.332684783825734 ], [ 13.452617528727767, 54.332976549245544 ], [ 13.452381209943296, 54.332378462839507 ], [ 13.451929521443875, 54.332121277444266 ], [ 13.451085042052345, 54.332179378961058 ], [ 13.450761151153694, 54.33179090487797 ], [ 13.450524927398179, 54.33154106305021 ], [ 13.451392597384297, 54.331316528169125 ], [ 13.451995633257301, 54.330947962242696 ], [ 13.452292994837894, 54.330318849940554 ], [ 13.452953060009817, 54.32992288325498 ], [ 13.455333185892366, 54.330634918232562 ], [ 13.455434823854242, 54.330023020300175 ], [ 13.456375774225506, 54.329296858856736 ], [ 13.457066414194601, 54.329066895934822 ], [ 13.45659399234658, 54.328398727664499 ], [ 13.454859003761467, 54.327652584565001 ], [ 13.45363085928013, 54.327050838558606 ], [ 13.452668204772895, 54.326114535775346 ], [ 13.453587002141562, 54.326291765169024 ], [ 13.454082067979046, 54.326600288467738 ], [ 13.456873495069042, 54.326976628920491 ], [ 13.457717263881332, 54.327406040202312 ], [ 13.458745460801131, 54.327317273492788 ], [ 13.461811934330042, 54.327783508566377 ], [ 13.462387639472636, 54.328084637878739 ], [ 13.462063493500066, 54.328711737131549 ], [ 13.462794465617884, 54.328908317666418 ], [ 13.465213261583372, 54.327245017743437 ], [ 13.465996582948621, 54.326782068133916 ], [ 13.466259849558734, 54.322095480140412 ], [ 13.463990265200664, 54.320117764720848 ], [ 13.460704347084686, 54.316354893740773 ], [ 13.454053705288059, 54.31486654532511 ], [ 13.447931020084702, 54.314643350247515 ], [ 13.445199648531068, 54.313983083182237 ], [ 13.438354199501408, 54.311095615350879 ], [ 13.434312462899701, 54.308467807662481 ], [ 13.432625517866583, 54.307577208257477 ], [ 13.430137934497933, 54.307135021520672 ], [ 13.427664210028173, 54.307153216654655 ], [ 13.420196128552297, 54.302894415481262 ], [ 13.417455291570571, 54.300586751433947 ], [ 13.401502778950801, 54.305948251199496 ], [ 13.402319951549721, 54.307915000836239 ], [ 13.399711953212146, 54.30893929977703 ], [ 13.394987087673888, 54.308180781145914 ], [ 13.394329336875211, 54.311470212493958 ], [ 13.389268811007241, 54.312033824325631 ], [ 13.384654443081448, 54.312864058461138 ], [ 13.378089406450565, 54.310312750363231 ], [ 13.374004428134096, 54.314367230866566 ], [ 13.375205414009342, 54.315417178461658 ], [ 13.374878784617533, 54.316448390314108 ], [ 13.374198097794933, 54.318697573684894 ], [ 13.376213656223731, 54.320865142034378 ], [ 13.379035859975726, 54.322056479940301 ], [ 13.379985771523051, 54.322838451000905 ], [ 13.380352794111666, 54.326057594250933 ], [ 13.378596494909177, 54.326260810530421 ], [ 13.371130618430861, 54.323915347355445 ], [ 13.371488438949669, 54.327166104651738 ], [ 13.373276238771044, 54.331791194679411 ], [ 13.374910109453181, 54.336553958715243 ], [ 13.373079254250872, 54.340116524823408 ], [ 13.377109227271163, 54.342153100835844 ], [ 13.37962177852754, 54.345658502489002 ], [ 13.380954814074794, 54.348376698489879 ], [ 13.386466155034974, 54.346599049118737 ], [ 13.399051779448422, 54.346711821581579 ], [ 13.400662962447887, 54.349933623991582 ], [ 13.405161793288922, 54.348258957065347 ], [ 13.407807794747196, 54.35332440729006 ], [ 13.412548125809773, 54.354507798459537 ], [ 13.413856739174463, 54.356354128696985 ], [ 13.409859242090977, 54.355958585015117 ], [ 13.408742017422124, 54.358984059973075 ], [ 13.404007355475514, 54.358119544239983 ], [ 13.403134994800272, 54.359608544076558 ], [ 13.404273914839623, 54.361878483157525 ], [ 13.406121411998084, 54.363561466341416 ], [ 13.408519582232227, 54.365449326640949 ], [ 13.408738235082625, 54.36724753593478 ], [ 13.408371549303919, 54.368484732823802 ], [ 13.404331897982164, 54.36842948128249 ], [ 13.40015669536243, 54.36896485295307 ], [ 13.397403599498656, 54.368310387962723 ], [ 13.392605501111523, 54.366827868564471 ], [ 13.388606360985079, 54.368795059612843 ], [ 13.382849231828889, 54.37081697016572 ], [ 13.375845736259489, 54.373462662591571 ], [ 13.371979607475927, 54.37523751290319 ], [ 13.37000936446633, 54.37657656527702 ], [ 13.369856275934913, 54.377954897426662 ], [ 13.368986558718284, 54.379865938607622 ], [ 13.365364892494263, 54.380261628145448 ], [ 13.362280604168904, 54.380390367206637 ], [ 13.358686504711084, 54.382163729277949 ], [ 13.35508223875452, 54.387898185081838 ], [ 13.351042381050728, 54.388010824264725 ], [ 13.34814073352511, 54.387273101172198 ], [ 13.345093614763341, 54.386365520527498 ], [ 13.342633802958169, 54.38517088076371 ], [ 13.339805483562724, 54.392938433501961 ], [ 13.338513034179464, 54.400832362598415 ], [ 13.322558665930947, 54.402094378345424 ], [ 13.32420322396465, 54.403521504664297 ], [ 13.324091516779177, 54.405207294075026 ], [ 13.322682507486119, 54.407069895757999 ], [ 13.319979087761105, 54.409109388321561 ], [ 13.316969833234557, 54.410476701939501 ], [ 13.314684567339922, 54.411839297936041 ], [ 13.312099305958441, 54.412612884054873 ], [ 13.304299876015353, 54.412558919787017 ], [ 13.297509665366286, 54.415920061018141 ], [ 13.294297198276029, 54.417204977254187 ], [ 13.295424918119977, 54.423227798975113 ], [ 13.292211080187927, 54.423559329972889 ], [ 13.293368312422791, 54.426208402409927 ], [ 13.294368507368834, 54.425848586101608 ], [ 13.303342626699587, 54.422625563187026 ], [ 13.306391887855515, 54.426304230869114 ], [ 13.307663072422608, 54.427936191675897 ], [ 13.308569301898718, 54.430444422398018 ], [ 13.310735923418886, 54.429680209465282 ], [ 13.312669573912251, 54.429025345714756 ], [ 13.316663722635875, 54.439882268515007 ], [ 13.320312999985351, 54.442482740398567 ], [ 13.320893846343287, 54.449299923961021 ], [ 13.323822719619907, 54.449478529917329 ], [ 13.32353139062921, 54.451774407925612 ], [ 13.326474035316755, 54.452674078587037 ], [ 13.325814239829478, 54.459202803818329 ], [ 13.334140276950837, 54.459118858453252 ], [ 13.331869779695095, 54.461347061357252 ], [ 13.342091823244751, 54.462870019913154 ], [ 13.343925893426112, 54.464170149969902 ], [ 13.348298386609351, 54.46235497715783 ], [ 13.350844370409723, 54.471389707792412 ], [ 13.350831918074332, 54.472726510436658 ], [ 13.350510461214183, 54.475408932290293 ], [ 13.350244794096358, 54.477003616761877 ], [ 13.363629575513572, 54.473815303127324 ], [ 13.367738382974832, 54.478242373168179 ], [ 13.370550343944565, 54.478025590267961 ], [ 13.370378179486103, 54.480585713464627 ], [ 13.367563379833939, 54.480670032697049 ], [ 13.366586972307095, 54.482577380846635 ], [ 13.368088819076025, 54.48433977509594 ], [ 13.37049353682168, 54.48476587440684 ], [ 13.370338263503811, 54.487584242146603 ], [ 13.368039221247582, 54.488397548746313 ], [ 13.36417914684966, 54.487961010650061 ], [ 13.364206173051373, 54.491425115789681 ], [ 13.355444742276429, 54.490212656283596 ], [ 13.354565553053559, 54.488872866561934 ], [ 13.349426802164555, 54.491095513697083 ], [ 13.344245925559779, 54.492383547422705 ], [ 13.342550156040273, 54.492307059321192 ], [ 13.337895775624263, 54.491111009621363 ], [ 13.332754020827672, 54.489769804490628 ], [ 13.325085065487748, 54.497873728531665 ], [ 13.327997655181548, 54.500629470093664 ], [ 13.328703739524125, 54.505446130489872 ], [ 13.333559462012833, 54.506003234048393 ], [ 13.337524534065022, 54.509798686106699 ], [ 13.34324632149711, 54.514737229870228 ], [ 13.3492298048424, 54.518768377555354 ], [ 13.349325923014771, 54.518808376459724 ], [ 13.351469893332643, 54.518648036505475 ], [ 13.354446898076107, 54.519214460304696 ], [ 13.356387775516188, 54.521661488874599 ], [ 13.357609895099067, 54.522718171064703 ], [ 13.358751843794332, 54.523040788456981 ], [ 13.361264888135693, 54.52239927432808 ], [ 13.364019275266317, 54.521277509274128 ], [ 13.365993370070969, 54.522073002106744 ], [ 13.368827290170151, 54.521649301031758 ], [ 13.37123810282503, 54.522257392882366 ], [ 13.372489725972342, 54.521698356743862 ], [ 13.372897848124898, 54.520116178826363 ], [ 13.374897450734618, 54.52083035054131 ], [ 13.375479130742036, 54.521897998846299 ], [ 13.374484763035108, 54.524284015287961 ], [ 13.375146882287975, 54.525130962650522 ], [ 13.380100752184994, 54.526566146197794 ], [ 13.385140262501977, 54.529139540102719 ], [ 13.388535237582429, 54.53304526351625 ], [ 13.389836374054022, 54.536561147340542 ], [ 13.389124624505753, 54.538767810481815 ], [ 13.392487137926249, 54.539323533200324 ], [ 13.393248109098581, 54.539684369271633 ], [ 13.394352835465675, 54.538978381554003 ], [ 13.398494790465433, 54.535462472987597 ], [ 13.402736632651116, 54.53232753278737 ], [ 13.409896102002712, 54.525248965133585 ], [ 13.411813320138915, 54.522945877857978 ], [ 13.413719944332136, 54.520155336108459 ], [ 13.415167691555482, 54.518682292950679 ], [ 13.414581051089252, 54.517428383701279 ], [ 13.412694319956636, 54.51532334457309 ], [ 13.410474673185277, 54.512986974543573 ], [ 13.408420108350811, 54.510411312404017 ], [ 13.407381167211616, 54.508383216721626 ], [ 13.40658014474122, 54.506647811606967 ], [ 13.407176686940732, 54.504545167698623 ], [ 13.410096749385922, 54.499702861460001 ], [ 13.412547008418979, 54.496032176977039 ], [ 13.41268617668397, 54.493854158654429 ], [ 13.416047059535387, 54.493447919777608 ], [ 13.418372841166017, 54.492831224671946 ], [ 13.420129736520495, 54.491785240762496 ], [ 13.425803915348862, 54.490218505768226 ], [ 13.431580863844559, 54.489140377115554 ], [ 13.436803802577403, 54.488502060476158 ], [ 13.441092005684942, 54.487654694995342 ], [ 13.442569958330928, 54.486771996242823 ], [ 13.443548276588338, 54.48458540428593 ], [ 13.444251686492898, 54.482526668915028 ], [ 13.444838756170707, 54.480098097620683 ], [ 13.445682378322697, 54.478460692435988 ], [ 13.44736885485446, 54.475513905754767 ], [ 13.450509829459314, 54.47380079624326 ], [ 13.451591231153941, 54.471941362492188 ], [ 13.453772618586946, 54.473232476123371 ], [ 13.453144811939197, 54.474491002514945 ], [ 13.457777965401114, 54.476743094999598 ], [ 13.461652350754367, 54.478511056070381 ], [ 13.466842331360334, 54.480430697568593 ], [ 13.47352479223046, 54.48212289141577 ], [ 13.479543264565882, 54.483437955615081 ], [ 13.484043806009224, 54.484000604761036 ], [ 13.48684231205679, 54.483706935504173 ], [ 13.492037193919915, 54.482086764490425 ], [ 13.496707835941507, 54.481668072116186 ], [ 13.500300737740954, 54.482190140310266 ], [ 13.502249934931008, 54.482549893510473 ], [ 13.504075715887087, 54.484550700268045 ], [ 13.503521714482059, 54.486267149421579 ], [ 13.500718041613931, 54.488990027605709 ], [ 13.501086422498567, 54.492691963967864 ], [ 13.503268852500101, 54.496062719235304 ], [ 13.504913052065975, 54.497867269986244 ], [ 13.50643427652294, 54.501166864132941 ], [ 13.507742991437729, 54.505112916272807 ], [ 13.508935760251896, 54.508044367545075 ], [ 13.510263672786449, 54.508851581101283 ], [ 13.512232411576049, 54.508997623097244 ], [ 13.513558766039949, 54.509511784600249 ], [ 13.514759995392533, 54.50872580373526 ], [ 13.51607468942875, 54.507185271289572 ], [ 13.521611972053908, 54.507200996344217 ], [ 13.523433388600752, 54.505246070505947 ], [ 13.52923433137552, 54.503715033924202 ], [ 13.531967043456881, 54.506247266458402 ], [ 13.533757988949644, 54.507495410511488 ], [ 13.536240558460337, 54.507971593556228 ], [ 13.544117228006989, 54.510975866830414 ], [ 13.54923872155277, 54.512923940073172 ], [ 13.555775202922264, 54.510689655297064 ], [ 13.556554026545236, 54.508157719318241 ], [ 13.558432970758918, 54.5065511651854 ], [ 13.557896877463079, 54.499874270645236 ], [ 13.563306443872866, 54.499030401210653 ], [ 13.555333334822286, 54.492274232055323 ], [ 13.551138841670964, 54.491451483267511 ], [ 13.548251889290317, 54.492547186452278 ], [ 13.546424904692961, 54.493276809490148 ], [ 13.546696596958054, 54.495707707547091 ], [ 13.545478043798996, 54.495340465857261 ], [ 13.544251136310541, 54.495305684530557 ], [ 13.542450847615632, 54.4968056806959 ], [ 13.538804545189796, 54.498612984566435 ], [ 13.535824837838833, 54.499262041399142 ], [ 13.532677304850029, 54.499200203105858 ], [ 13.528560186188315, 54.497177955185727 ], [ 13.525946261541842, 54.495060373439777 ], [ 13.528087032525123, 54.494519398786935 ], [ 13.530185190547121, 54.494616901496379 ], [ 13.532981748590108, 54.492940568639547 ], [ 13.540955646360922, 54.49119630239791 ], [ 13.536798726267122, 54.489752347279051 ], [ 13.536679699966967, 54.487237017185549 ], [ 13.537768355744866, 54.482496276242671 ], [ 13.530944858597945, 54.482721474791127 ], [ 13.526980517188695, 54.482847576104334 ], [ 13.526827936742794, 54.479921356841388 ], [ 13.518604932809028, 54.480048675023852 ], [ 13.509658081686842, 54.480241886846883 ], [ 13.509335601349116, 54.47981982909527 ], [ 13.510043222469511, 54.47890423376537 ], [ 13.510228626136401, 54.477932151924549 ], [ 13.508960286876183, 54.477155932201995 ], [ 13.507606353391514, 54.477166746789976 ], [ 13.506159254863563, 54.477481600318498 ], [ 13.503578207159766, 54.478470492550642 ], [ 13.49899088220638, 54.478142893231798 ], [ 13.490643257384836, 54.477703185562255 ], [ 13.48610323913868, 54.475568344330803 ], [ 13.482533636646277, 54.472661921894783 ], [ 13.479454386147971, 54.46739024599745 ], [ 13.474361024494568, 54.461702667815914 ], [ 13.470912676843902, 54.457761508152579 ], [ 13.470722333985725, 54.454125519534898 ], [ 13.472426411211133, 54.452072399148385 ], [ 13.475244114140086, 54.451866385013588 ], [ 13.478197237366752, 54.451852529247184 ], [ 13.48580722595587, 54.452642602225104 ], [ 13.493574053735699, 54.452864690518922 ], [ 13.497938448577651, 54.452192153512655 ], [ 13.501983191776077, 54.452032011418552 ], [ 13.506076815740332, 54.451815306325109 ], [ 13.507083846476068, 54.450533353452919 ], [ 13.504976771101022, 54.449137002805294 ], [ 13.50222053360962, 54.447177244482965 ], [ 13.49944140472912, 54.446374820267081 ], [ 13.500069846232876, 54.445221695418269 ], [ 13.500483840490567, 54.44413323407899 ], [ 13.504440961732133, 54.444867853414173 ], [ 13.507515567060288, 54.445288279943391 ], [ 13.510029489464335, 54.445142324622097 ], [ 13.512420387874799, 54.444356975813953 ], [ 13.513251060164617, 54.442968496046333 ], [ 13.510482118425889, 54.441119166630273 ], [ 13.506060052232504, 54.437811358599404 ], [ 13.504144634768963, 54.436831339277994 ], [ 13.503220976121547, 54.434924439806352 ], [ 13.500952799019466, 54.436155770004802 ], [ 13.499320025890173, 54.436550609081081 ], [ 13.496697233131023, 54.436634300397756 ], [ 13.493726786546265, 54.436021878189472 ], [ 13.489661487936411, 54.43522252019055 ], [ 13.485815003453769, 54.434551693353569 ], [ 13.482996179274341, 54.4356589442637 ], [ 13.484044881166932, 54.438519817828322 ], [ 13.48593838261983, 54.439909295599215 ], [ 13.493079825891956, 54.443189663006486 ], [ 13.496999668700058, 54.44498987686768 ], [ 13.497424334644899, 54.44666930676096 ], [ 13.495662169385911, 54.446986541620383 ], [ 13.492332903934731, 54.446891450995302 ], [ 13.489814213690828, 54.44600354956944 ], [ 13.489165649201205, 54.444795390725403 ], [ 13.488212266070068, 54.444074914908676 ], [ 13.48518044437037, 54.443492002901493 ], [ 13.481385870621059, 54.441921923730156 ], [ 13.480675276826506, 54.439503128385731 ], [ 13.478250715034715, 54.438820960224589 ], [ 13.476040907715326, 54.437752945958003 ], [ 13.476896768769981, 54.436917281631118 ], [ 13.478209908597638, 54.437035183218789 ], [ 13.48101627536173, 54.438736629312217 ], [ 13.481836183315185, 54.438184291875423 ], [ 13.481073184629444, 54.436675919494242 ], [ 13.478235965338824, 54.435302720420822 ], [ 13.475800248966054, 54.433443302546443 ], [ 13.475339952141972, 54.431505674018062 ], [ 13.476604429074069, 54.428817784113463 ], [ 13.476380834483223, 54.42695245389551 ], [ 13.474892078605667, 54.425705821307027 ], [ 13.478600440709121, 54.424086372745258 ], [ 13.47870303969996, 54.42406802871038 ], [ 13.484343408170322, 54.422826310382433 ], [ 13.491863337345219, 54.421616948020649 ], [ 13.495131972274695, 54.421018205651251 ], [ 13.498962401775275, 54.424351279138293 ], [ 13.50126808748141, 54.425240669936976 ], [ 13.503550776679154, 54.424979855296861 ], [ 13.506108497384327, 54.422654263078478 ], [ 13.509417239113882, 54.419181237637503 ], [ 13.511493220803281, 54.418340007796424 ], [ 13.515376999028874, 54.41949054250216 ], [ 13.518825163963319, 54.41916840510509 ], [ 13.521754294878487, 54.418250461082472 ], [ 13.528377383949445, 54.419870282051129 ], [ 13.528772290314423, 54.418831334240515 ], [ 13.529065144292474, 54.417552764920025 ], [ 13.531328439069689, 54.416195078489658 ], [ 13.535063116197119, 54.416739500703187 ], [ 13.537502257139806, 54.418186577226095 ], [ 13.539939749077863, 54.419249430066102 ], [ 13.540552804386461, 54.420376782247274 ], [ 13.541980176843934, 54.423456560970841 ], [ 13.541743845269814, 54.42593451315738 ], [ 13.54167715858383, 54.427784125144541 ], [ 13.538370526327771, 54.428880972884237 ], [ 13.532141590544001, 54.429296203248484 ], [ 13.527285457074759, 54.429751585250131 ], [ 13.522578026727176, 54.429664124430268 ], [ 13.520386507825078, 54.429553886538329 ], [ 13.519783380496031, 54.431726930205699 ], [ 13.520494742642082, 54.434082488291835 ], [ 13.522271227218452, 54.433921994636187 ], [ 13.524667530465374, 54.434205832169425 ], [ 13.526022954266681, 54.434316120132507 ], [ 13.530233916940869, 54.434256991305503 ], [ 13.533213963308215, 54.434924599886251 ], [ 13.535475309169232, 54.433767181884782 ], [ 13.545207785048945, 54.433495476425705 ], [ 13.547736999892063, 54.434577576197071 ] ], [ [ 13.580244610017214, 54.415152561803467 ], [ 13.580854716656527, 54.414140726154187 ], [ 13.580588797554869, 54.414739217963252 ], [ 13.580244610017214, 54.415152561803467 ] ], [ [ 13.564062995694668, 54.413061473831696 ], [ 13.562402915700314, 54.414213107487839 ], [ 13.562691141324219, 54.413975998052855 ], [ 13.563483475482199, 54.413310939895425 ], [ 13.564062995694668, 54.413061473831696 ] ], [ [ 13.571215591050468, 54.413643445105585 ], [ 13.57109049614418, 54.413623426419761 ], [ 13.571322908318505, 54.413636044754099 ], [ 13.571215591050468, 54.413643445105585 ] ], [ [ 13.564234263229968, 54.412987747175748 ], [ 13.565237318274052, 54.41289382268986 ], [ 13.566614412759243, 54.412968131560667 ], [ 13.567750028309543, 54.413088803059765 ], [ 13.564098903703698, 54.413046016318567 ], [ 13.564234263229968, 54.412987747175748 ] ], [ [ 13.513153582109988, 54.396786717959074 ], [ 13.514127094129606, 54.396305579963951 ], [ 13.513062685346169, 54.396855697620389 ], [ 13.513153582109988, 54.396786717959074 ] ], [ [ 13.518995885053501, 54.39018412551772 ], [ 13.518680647544626, 54.390056590792767 ], [ 13.51894893078518, 54.390133019476821 ], [ 13.518995885053501, 54.39018412551772 ] ], [ [ 13.512437128318236, 54.387410083942456 ], [ 13.512464168562193, 54.387396209471014 ], [ 13.512643931195372, 54.387503586519571 ], [ 13.512437128318236, 54.387410083942456 ] ] ] ] } },
{ "type": "Feature", "properties": { "wkr": 35, "wkr_name": "Vorpommern-Greifswald IV" }, "geometry": { "type": "MultiPolygon", "coordinates": [ [ [ [ 14.267204916575073, 53.709144082199558 ], [ 14.267897028643995, 53.708112380072734 ], [ 14.268913313899388, 53.707168043965865 ], [ 14.269318058162133, 53.706323339697057 ], [ 14.269225181391207, 53.70556323831611 ], [ 14.268415273116632, 53.705093136341091 ], [ 14.266887444028869, 53.704746725072262 ], [ 14.264506548253214, 53.704455733063618 ], [ 14.261803768903196, 53.704164957834323 ], [ 14.259175225395177, 53.703746493206687 ], [ 14.258257184346141, 53.703403740677174 ], [ 14.256526040394334, 53.702568306708017 ], [ 14.25507260911195, 53.702094118314939 ], [ 14.253932841911354, 53.702087025698013 ], [ 14.252505695806569, 53.702269137099577 ], [ 14.25103959059051, 53.702725140109571 ], [ 14.249636378069104, 53.703475895639976 ], [ 14.248550829455768, 53.704462331155092 ], [ 14.247854879701247, 53.705473674885383 ], [ 14.247834924381001, 53.70659262924535 ], [ 14.247867885409908, 53.706655756311619 ], [ 14.248037942492585, 53.707101759010285 ], [ 14.248667450131411, 53.707907940004155 ], [ 14.249755951528641, 53.708676543988211 ], [ 14.251137232029988, 53.709170569252677 ], [ 14.252241989252701, 53.709240389500117 ], [ 14.253563290544887, 53.709059868526211 ], [ 14.255846512052493, 53.708671832692644 ], [ 14.2572049398795, 53.708531950846954 ], [ 14.258165382499392, 53.708623293134124 ], [ 14.259510387569366, 53.709031605460957 ], [ 14.261385772782663, 53.709867883806773 ], [ 14.263050142324387, 53.710428683160274 ], [ 14.264435218276766, 53.710500114698391 ], [ 14.266260152572848, 53.710109066068725 ], [ 14.267204916575073, 53.709144082199558 ] ] ], [ [ [ 13.90920129529137, 53.797895373615255 ], [ 13.906092653669869, 53.786616025638565 ], [ 13.92705666568555, 53.779814174491406 ], [ 13.932625716061551, 53.779665652646138 ], [ 13.939460412333879, 53.779623283839769 ], [ 13.940996018947558, 53.78111129645405 ], [ 13.941377714539883, 53.784481829558665 ], [ 13.943246590833597, 53.78700370808756 ], [ 13.944603263666853, 53.787853934723579 ], [ 13.947677795311282, 53.78595393600439 ], [ 13.951629674869292, 53.783255598206992 ], [ 13.955026642220387, 53.782107945081528 ], [ 13.957522727960628, 53.781287967016759 ], [ 13.959830030597436, 53.778962907513488 ], [ 13.967083423279554, 53.775456357344133 ], [ 13.96804185903183, 53.774081267434951 ], [ 13.971840949, 53.773927634748105 ], [ 13.975609835110584, 53.771868919027341 ], [ 13.986902390105874, 53.770467386435335 ], [ 13.993842233454568, 53.768334898125723 ], [ 13.998668193226399, 53.767381013343545 ], [ 14.002880114230749, 53.766985147292672 ], [ 14.005441948795379, 53.766959564615426 ], [ 14.011813117271831, 53.764824621544243 ], [ 14.014795369430063, 53.76354088299577 ], [ 14.018905825408892, 53.763935215823736 ], [ 14.022652253119269, 53.761169252201135 ], [ 14.029014548523689, 53.759531921518402 ], [ 14.03288167992449, 53.758105990928073 ], [ 14.036418279260419, 53.757033783556984 ], [ 14.038707466173737, 53.755051460287 ], [ 14.045355388533508, 53.754667774682659 ], [ 14.049083794189299, 53.752696853142588 ], [ 14.055818074820358, 53.753593562139812 ], [ 14.059070081621664, 53.754064279066803 ], [ 14.061660219778663, 53.754569981014662 ], [ 14.065318468603527, 53.752512185805678 ], [ 14.070084639415228, 53.750991618639901 ], [ 14.074478820141927, 53.748024672915442 ], [ 14.08021112676483, 53.746070140563582 ], [ 14.084347433266181, 53.744916818065136 ], [ 14.087733222265303, 53.744254573859102 ], [ 14.092595877832817, 53.743481276458262 ], [ 14.097444570388797, 53.743454320759966 ], [ 14.101824136109716, 53.740488768256938 ], [ 14.106252808240111, 53.740523014570961 ], [ 14.1098342821195, 53.74061267676673 ], [ 14.113629915383921, 53.740264122137091 ], [ 14.119348835338299, 53.738871430395562 ], [ 14.125261927172625, 53.738226341125873 ], [ 14.13272753473413, 53.738272307988751 ], [ 14.137139931845695, 53.739046076441085 ], [ 14.14083079728735, 53.739337480840923 ], [ 14.144882792007531, 53.742177998765705 ], [ 14.147091184061869, 53.742256174759682 ], [ 14.147862058061328, 53.740637379586587 ], [ 14.151298826861376, 53.74178196966762 ], [ 14.15522840017673, 53.740938190092606 ], [ 14.159428549959289, 53.741716887158866 ], [ 14.163635721233383, 53.742123797773218 ], [ 14.166267425960541, 53.742203024227372 ], [ 14.169674726128077, 53.740415399972015 ], [ 14.173766730265646, 53.736427585783581 ], [ 14.179461735817677, 53.735547261956725 ], [ 14.184657286031271, 53.736461565254388 ], [ 14.188064880734618, 53.738077404683658 ], [ 14.194625794420332, 53.741209195277982 ], [ 14.198304456580193, 53.743306227897605 ], [ 14.201283629000326, 53.744990641841284 ], [ 14.208825564398248, 53.748047159378984 ], [ 14.213786657248594, 53.750123486854719 ], [ 14.216286659094141, 53.752096456628315 ], [ 14.22049042846337, 53.755244530103539 ], [ 14.223093424304379, 53.756946408591837 ], [ 14.224532411484466, 53.75895627883893 ], [ 14.228608439604065, 53.760855596696281 ], [ 14.233232742717467, 53.761635560394353 ], [ 14.237468894204168, 53.760476615151845 ], [ 14.242226472694016, 53.759629048729124 ], [ 14.24698691863968, 53.758784493291692 ], [ 14.251419946077288, 53.757541544893947 ], [ 14.256172407085698, 53.755894063759342 ], [ 14.258657750759905, 53.754174324722925 ], [ 14.261548319068579, 53.751881820168968 ], [ 14.266241078973284, 53.748538305665967 ], [ 14.266938913959946, 53.746824819429399 ], [ 14.267365698693681, 53.74454769126703 ], [ 14.268532468381013, 53.742147359786031 ], [ 14.269638026908513, 53.740939245199577 ], [ 14.271027075111046, 53.739824371242705 ], [ 14.271544620726536, 53.737798461373117 ], [ 14.267185141025136, 53.736836732674263 ], [ 14.265643261392331, 53.734480807278082 ], [ 14.265712956764444, 53.730360124170673 ], [ 14.261614295477898, 53.729772942265271 ], [ 14.258496982801724, 53.7276942461991 ], [ 14.256374229991485, 53.723204891073919 ], [ 14.252590782743111, 53.720319717832332 ], [ 14.245552625148237, 53.716966664886939 ], [ 14.238559939251937, 53.714700438647483 ], [ 14.229471452906919, 53.711187087552744 ], [ 14.226749511398289, 53.710585342044858 ], [ 14.223288289670906, 53.710250291117291 ], [ 14.216541807701892, 53.707002095938932 ], [ 14.215424416801863, 53.704998010997656 ], [ 14.215892113206531, 53.702378163239565 ], [ 14.217504560621071, 53.700763629942116 ], [ 14.219847897799058, 53.699154423707419 ], [ 14.228502679580123, 53.697647800163807 ], [ 14.239071348754841, 53.695279927946991 ], [ 14.246331105088638, 53.693731985709604 ], [ 14.250457753532851, 53.694165521649317 ], [ 14.255709297272404, 53.694636668330403 ], [ 14.260171359795137, 53.697696850857753 ], [ 14.264433979454793, 53.697559478738079 ], [ 14.267748348397649, 53.698088370795148 ], [ 14.267667639592558, 53.697722529125691 ], [ 14.268992738528313, 53.696422366915122 ], [ 14.270557281269546, 53.695540136779918 ], [ 14.271966698269692, 53.693638314841209 ], [ 14.271767038895938, 53.692573580254738 ], [ 14.272788235570136, 53.690816597694045 ], [ 14.27268792019645, 53.690482285755294 ], [ 14.272223080215424, 53.6895234701406 ], [ 14.274017764936739, 53.689335258800448 ], [ 14.275206390118893, 53.688807304271236 ], [ 14.274872836782363, 53.687303023518709 ], [ 14.275786301267841, 53.686708623983975 ], [ 14.279507232794668, 53.68495900699007 ], [ 14.28114240521667, 53.684796278869499 ], [ 14.282839084879475, 53.683355261957814 ], [ 14.283620540525288, 53.682367717797945 ], [ 14.283429148089484, 53.681509257731499 ], [ 14.283657674396448, 53.680368524734071 ], [ 14.282966270005458, 53.678868269761026 ], [ 14.283157860512706, 53.6768469708135 ], [ 14.282566226954366, 53.675786224397612 ], [ 14.282356869762515, 53.674536900471104 ], [ 14.281544573173255, 53.673852105456156 ], [ 14.281112095838052, 53.672835774316503 ], [ 14.279730041002518, 53.672554983285039 ], [ 14.278461225901138, 53.671180108176102 ], [ 14.277136338280357, 53.670363484930839 ], [ 14.27674868120949, 53.669510563872002 ], [ 14.275629113758765, 53.669757801952365 ], [ 14.274713509716129, 53.669448378355824 ], [ 14.273696900019011, 53.668487822028652 ], [ 14.271298719493643, 53.667246659583782 ], [ 14.271051162111924, 53.665042696802558 ], [ 14.272552721354998, 53.663328441997891 ], [ 14.274291968241419, 53.66297437222223 ], [ 14.275869584288056, 53.662418430186356 ], [ 14.279025978103755, 53.663044939444362 ], [ 14.279845191133459, 53.662103557496522 ], [ 14.281707703483468, 53.660822149461879 ], [ 14.282778868089814, 53.660226050748413 ], [ 14.283558732775544, 53.659331151386858 ], [ 14.284534025956493, 53.658855928946153 ], [ 14.284671279568606, 53.658782011522042 ], [ 14.284705747057961, 53.658619621107626 ], [ 14.284784055637466, 53.655016751564311 ], [ 14.284550906938888, 53.645641176660497 ], [ 14.283738680894453, 53.637457907313227 ], [ 14.283986300534494, 53.634426600492873 ], [ 14.294930923071513, 53.627702693332971 ], [ 14.300296498277795, 53.624302639138143 ], [ 14.306176281220804, 53.621101409459165 ], [ 14.311220745196044, 53.618449143566359 ], [ 14.316940289179588, 53.617990895547912 ], [ 14.315348815733518, 53.604524378072725 ], [ 14.312096435368836, 53.580333941095276 ], [ 14.31204612737031, 53.577268645660858 ], [ 14.31227845536174, 53.574477197249081 ], [ 14.304455005740161, 53.575195809171468 ], [ 14.30560094224351, 53.577837581281599 ], [ 14.282291586381003, 53.579029414597237 ], [ 14.281121797424193, 53.575751908506973 ], [ 14.269527842578299, 53.575899933537947 ], [ 14.269729670104079, 53.5789401209122 ], [ 14.26605127967782, 53.579199243005185 ], [ 14.266333395003544, 53.583179068557257 ], [ 14.258493697425443, 53.583537645452481 ], [ 14.259986893358718, 53.588545358843447 ], [ 14.253115194626597, 53.589675102916722 ], [ 14.251514902723532, 53.587229184838151 ], [ 14.24716073242868, 53.588635404496912 ], [ 14.249507852210877, 53.592401463516047 ], [ 14.246344992421802, 53.593261703653397 ], [ 14.24134585611054, 53.586668254852526 ], [ 14.238884144709186, 53.586906008985792 ], [ 14.235939235811751, 53.587202680010016 ], [ 14.236448446329922, 53.588481030247209 ], [ 14.234550795242756, 53.588759193185894 ], [ 14.236030613704207, 53.591707307194412 ], [ 14.231584668749811, 53.592490346015595 ], [ 14.22735065066243, 53.591144999536816 ], [ 14.221593489444301, 53.589080924897736 ], [ 14.221181832308837, 53.583704308932653 ], [ 14.218287800072538, 53.583585457558641 ], [ 14.217344776376724, 53.588648884896372 ], [ 14.213079393225822, 53.589023440230243 ], [ 14.214751046810113, 53.590658633154604 ], [ 14.210633736736092, 53.592048509371928 ], [ 14.208628350921417, 53.590008953054372 ], [ 14.200251713304288, 53.591573311158662 ], [ 14.186430030925035, 53.592696958860138 ], [ 14.1851221455616, 53.589950910401136 ], [ 14.180522732390635, 53.590744102945003 ], [ 14.173916964249727, 53.592594439046962 ], [ 14.173380035466231, 53.594836475957791 ], [ 14.176463192879895, 53.594359771785143 ], [ 14.178117452399073, 53.598141126968287 ], [ 14.174740485614505, 53.598740487502404 ], [ 14.173702203373908, 53.599022067478067 ], [ 14.166384461631727, 53.598297007112187 ], [ 14.153377282569206, 53.59730191912967 ], [ 14.129878293263076, 53.596533498343355 ], [ 14.129328720574565, 53.598784906079644 ], [ 14.120723897810413, 53.599172363537768 ], [ 14.11468104633043, 53.603942684098335 ], [ 14.1140840257835, 53.60746630887293 ], [ 14.114074736673379, 53.607520375835328 ], [ 14.113997742911167, 53.607483198413298 ], [ 14.112326273979937, 53.60655709845971 ], [ 14.086302904915478, 53.595300813867951 ], [ 14.081444007396883, 53.592908520130827 ], [ 14.072258710610411, 53.583709646719321 ], [ 14.06754158820654, 53.588153847177907 ], [ 14.044708360844547, 53.584472033351737 ], [ 14.047902506417374, 53.588658228380865 ], [ 14.044166101149765, 53.59318334855174 ], [ 14.040384541511559, 53.596886969906798 ], [ 14.036408851124291, 53.601586692012511 ], [ 14.028668884775383, 53.601406244879925 ], [ 14.026869710654053, 53.597998042207557 ], [ 14.019893404510903, 53.59756428733963 ], [ 14.012778516269215, 53.599019267806852 ], [ 14.006952642893616, 53.599725077554993 ], [ 14.005287497261442, 53.598214909893464 ], [ 14.012454758408335, 53.597765127285854 ], [ 14.016961595361561, 53.595704349858536 ], [ 14.023740562899842, 53.595678548557707 ], [ 14.032014441119026, 53.597236414284218 ], [ 14.037365787800837, 53.594826155048388 ], [ 14.039312967292268, 53.593401897536864 ], [ 14.038387350593498, 53.588447180703177 ], [ 14.034122285372042, 53.583325708750223 ], [ 14.029409536099308, 53.57826208719726 ], [ 14.02757749644751, 53.574955600938317 ], [ 14.025673627020019, 53.571105899529101 ], [ 14.021410505152666, 53.571124281124824 ], [ 14.015136428866096, 53.57162071991246 ], [ 14.010877991385696, 53.571577443944683 ], [ 14.007658337565189, 53.569553937658021 ], [ 14.009806547513499, 53.56703411804753 ], [ 14.010119606646889, 53.565308498661238 ], [ 14.004370180276043, 53.563650752579974 ], [ 14.003973078988402, 53.560721602913489 ], [ 14.001307241487586, 53.559872651519846 ], [ 14.001121428981335, 53.559955880631101 ], [ 13.987264849188115, 53.565440338276332 ], [ 13.989314501290915, 53.567023882832309 ], [ 13.98340065098272, 53.567836148632878 ], [ 13.985670451552544, 53.571527906125297 ], [ 13.977670614458901, 53.568599056179991 ], [ 13.972646405003307, 53.569959467338684 ], [ 13.974009067184618, 53.57364265081295 ], [ 13.977843159649913, 53.572702542199728 ], [ 13.978422154385873, 53.575027344539784 ], [ 13.975413970311866, 53.575489031778027 ], [ 13.976991542541489, 53.577930841990856 ], [ 13.97261441919661, 53.57881340336931 ], [ 13.971488716514692, 53.576643876348918 ], [ 13.966665665580157, 53.57719484227259 ], [ 13.956494249933092, 53.584676230409464 ], [ 13.939260518964483, 53.601417309288962 ], [ 13.939988515461051, 53.603990102898614 ], [ 13.93738908925355, 53.604370579376834 ], [ 13.932469280936445, 53.609398330701644 ], [ 13.936076464742701, 53.609974952687026 ], [ 13.937453673506738, 53.613995065642328 ], [ 13.933869589857506, 53.6181346564588 ], [ 13.913619761736458, 53.616846272694609 ], [ 13.914080549488736, 53.618566804041578 ], [ 13.910748151127963, 53.61948034281113 ], [ 13.896432107361139, 53.620080694351877 ], [ 13.891439625610044, 53.619812032271923 ], [ 13.889863949162157, 53.617618630825305 ], [ 13.882709467729244, 53.616431276288374 ], [ 13.883660132222069, 53.615438466413224 ], [ 13.892741110892022, 53.613784057760384 ], [ 13.899872494844653, 53.612407104128565 ], [ 13.903608152143539, 53.612306495422132 ], [ 13.902294988216838, 53.610645206070743 ], [ 13.903062682030495, 53.604566070024198 ], [ 13.897408031746552, 53.604404706838181 ], [ 13.896960127304709, 53.582048227300895 ], [ 13.897934554903042, 53.579389509982406 ], [ 13.899243839703146, 53.572207624935331 ], [ 13.89168419124297, 53.571719012774274 ], [ 13.886708426428324, 53.574262320780363 ], [ 13.881628019752679, 53.57554923172227 ], [ 13.872332780819775, 53.579747643587034 ], [ 13.867888152888604, 53.580459297612968 ], [ 13.862801716364846, 53.579473724139071 ], [ 13.857935208781342, 53.574906637345094 ], [ 13.850195476967903, 53.575836220819298 ], [ 13.845148932850289, 53.575703546554813 ], [ 13.841834846065012, 53.573919425512166 ], [ 13.837078072377905, 53.573454321707402 ], [ 13.831583644017527, 53.57423673741836 ], [ 13.817940122926549, 53.570595747684457 ], [ 13.808173241297503, 53.568661572942275 ], [ 13.804299787423062, 53.566787532567652 ], [ 13.804234091498946, 53.56411505097909 ], [ 13.802034183925596, 53.56161325259027 ], [ 13.797565879855657, 53.55983103705401 ], [ 13.791938935605305, 53.559882731522869 ], [ 13.786326773689082, 53.562765425079348 ], [ 13.787662312665322, 53.565032673309958 ], [ 13.788890056869807, 53.5662146458248 ], [ 13.792642722562116, 53.567121667713423 ], [ 13.794871524495626, 53.567944836940718 ], [ 13.796940774568226, 53.569133955497378 ], [ 13.799714687973186, 53.570163352051679 ], [ 13.802471472972817, 53.571860663865287 ], [ 13.806487798809586, 53.573821757889149 ], [ 13.812502004358631, 53.579306891065343 ], [ 13.820156603700493, 53.586730520160231 ], [ 13.819312495424059, 53.590113919398817 ], [ 13.817630941894912, 53.591632104496519 ], [ 13.810110946201329, 53.59456033535777 ], [ 13.805583219063356, 53.595853691455936 ], [ 13.803557937115023, 53.596332195140278 ], [ 13.800808663174161, 53.595447038676184 ], [ 13.79737331843279, 53.593949049174483 ], [ 13.795857197241281, 53.592499134963504 ], [ 13.791016235830163, 53.594414375913928 ], [ 13.785113725825239, 53.595901196965585 ], [ 13.777151004163665, 53.596360203502073 ], [ 13.768302098812658, 53.608799116299544 ], [ 13.768091422154196, 53.611920323459657 ], [ 13.765901882750391, 53.616651399574138 ], [ 13.762008251558612, 53.619639705352611 ], [ 13.762192723795502, 53.621276047446671 ], [ 13.759685526416188, 53.621111214444113 ], [ 13.758898070437509, 53.622479033462177 ], [ 13.74903193968596, 53.62505574577559 ], [ 13.744828440896498, 53.627088479579641 ], [ 13.739095447454755, 53.625338176351285 ], [ 13.734849094659534, 53.625864544928582 ], [ 13.732387110598953, 53.625044723355757 ], [ 13.730193624157891, 53.625626293097959 ], [ 13.732307766508422, 53.627105973328582 ], [ 13.735928435407628, 53.629064838685153 ], [ 13.736546615344398, 53.632002421285087 ], [ 13.735671420739243, 53.634159755135506 ], [ 13.734154998519337, 53.637159610905982 ], [ 13.731502372942439, 53.638141758824467 ], [ 13.728316941566385, 53.639010158756093 ], [ 13.724283673509696, 53.639733738449614 ], [ 13.719515066918051, 53.640264856945237 ], [ 13.71659790454645, 53.642330772203358 ], [ 13.712907529446996, 53.643406335085189 ], [ 13.70905238040719, 53.644415083328887 ], [ 13.694549081241483, 53.650755063948324 ], [ 13.701460500115152, 53.655888411941746 ], [ 13.706146303956334, 53.658846035054502 ], [ 13.713465487868696, 53.662256252648135 ], [ 13.718300069256493, 53.664084205318339 ], [ 13.723783920097381, 53.668204598067838 ], [ 13.742910922511186, 53.671401262955413 ], [ 13.750719819496835, 53.672212851335388 ], [ 13.757404461121114, 53.674977994512957 ], [ 13.760528368260173, 53.677601958723557 ], [ 13.762301946897457, 53.67848383397957 ], [ 13.764744204481122, 53.679243843248585 ], [ 13.78178347819911, 53.679080896287807 ], [ 13.792491481332222, 53.678852723493172 ], [ 13.795311555693551, 53.685387143474777 ], [ 13.792748857565723, 53.685055094689716 ], [ 13.79012648408599, 53.685161231303468 ], [ 13.779835710699833, 53.684865550733889 ], [ 13.769170439942293, 53.684459292009066 ], [ 13.75984214166672, 53.68533071676859 ], [ 13.75340749949091, 53.686786056942594 ], [ 13.755510118181137, 53.689290261741185 ], [ 13.75143448724589, 53.6902318939634 ], [ 13.747543710935046, 53.688355809478125 ], [ 13.746240447345313, 53.687160589779765 ], [ 13.746079083895651, 53.687209443305207 ], [ 13.745751471236655, 53.688954430802674 ], [ 13.742516779260677, 53.690138232183521 ], [ 13.73420140308493, 53.692913266659616 ], [ 13.73385358021061, 53.693010691468899 ], [ 13.73828271639497, 53.699764714800331 ], [ 13.740782516161145, 53.702235199339356 ], [ 13.748732439182245, 53.70608682348125 ], [ 13.751907886057431, 53.708969607905793 ], [ 13.756071136491823, 53.709756964847443 ], [ 13.761604869948185, 53.712023152486502 ], [ 13.770677872849001, 53.712728346913153 ], [ 13.773565165508376, 53.713982626311974 ], [ 13.774936259767943, 53.714860364563911 ], [ 13.769203561286952, 53.716173434593863 ], [ 13.762356283950352, 53.715493637549649 ], [ 13.763610790860515, 53.719579046008796 ], [ 13.78081100634051, 53.719982109375202 ], [ 13.787577563622101, 53.721859708543455 ], [ 13.799022650215278, 53.728614268152945 ], [ 13.806471735489204, 53.727444752765074 ], [ 13.81453366135367, 53.724596075072284 ], [ 13.820393271779126, 53.722319720758357 ], [ 13.824927061666607, 53.718364397427088 ], [ 13.836462602739951, 53.718615328960375 ], [ 13.847364106549568, 53.718364047868405 ], [ 13.850416304644508, 53.718840391931344 ], [ 13.85319034148109, 53.719578119345954 ], [ 13.858658129061141, 53.720858678076794 ], [ 13.861253922826551, 53.722056679116378 ], [ 13.863799759666589, 53.727851421424909 ], [ 13.868409462645742, 53.73299555434015 ], [ 13.86906423961365, 53.736171834293593 ], [ 13.875878058633189, 53.742126825802167 ], [ 13.879856217060205, 53.745106844444805 ], [ 13.882929376384228, 53.749393564093189 ], [ 13.887058876693882, 53.751859061400673 ], [ 13.888567235329919, 53.754399429882533 ], [ 13.877596616767454, 53.755603446463205 ], [ 13.861283010373137, 53.755097115715643 ], [ 13.847547779189705, 53.758043856737949 ], [ 13.839735534778111, 53.759551591984625 ], [ 13.831721439802198, 53.761191403076467 ], [ 13.828087978951114, 53.763663304364165 ], [ 13.827127392002049, 53.765050326790664 ], [ 13.827000358805703, 53.765236657728011 ], [ 13.826912914438502, 53.765470668543081 ], [ 13.826664121534236, 53.766817067493811 ], [ 13.831087319538424, 53.770085035152263 ], [ 13.831255469488442, 53.772491047912325 ], [ 13.833549995680661, 53.775505327018379 ], [ 13.839051701149, 53.775204632739232 ], [ 13.845906690904163, 53.774558442046676 ], [ 13.850661021685854, 53.774351207770934 ], [ 13.858956333492806, 53.775133033405609 ], [ 13.867538894506669, 53.776207386249908 ], [ 13.867772342200187, 53.778649852928133 ], [ 13.867646995876742, 53.786316896948527 ], [ 13.867207155438756, 53.793863995288675 ], [ 13.885764849391807, 53.796069898396325 ], [ 13.905830592856523, 53.795711730077876 ], [ 13.906364892002975, 53.798265128051305 ], [ 13.90920129529137, 53.797895373615255 ] ] ] ] } },
{ "type": "Feature", "properties": { "wkr": 36, "wkr_name": "Vorpommern-Greifswald V" }, "geometry": { "type": "Polygon", "coordinates": [ [ [ 13.801014271512196, 53.555632988842582 ], [ 13.80369394730349, 53.554161082990916 ], [ 13.802245435165046, 53.555537046107403 ], [ 13.801014271512196, 53.555632988842582 ], [ 13.800479045750754, 53.557029748012098 ], [ 13.799793441934293, 53.55883273772104 ], [ 13.796580091430519, 53.55751038729359 ], [ 13.791247766211532, 53.558577425869053 ], [ 13.784986280849681, 53.553013775924903 ], [ 13.782633781884801, 53.548418169572827 ], [ 13.780577785188418, 53.541617095890743 ], [ 13.776715608912145, 53.531513932382822 ], [ 13.776848281452185, 53.528013056698043 ], [ 13.780041034600016, 53.523650888545916 ], [ 13.780088976572806, 53.521083953558538 ], [ 13.777887868206083, 53.513659537669874 ], [ 13.781685884139444, 53.512495798767112 ], [ 13.784967758577018, 53.513054069619216 ], [ 13.787637141272279, 53.512052411251474 ], [ 13.788879708317674, 53.511679556601358 ], [ 13.790376012354526, 53.511290663537658 ], [ 13.79292652977542, 53.510852090953989 ], [ 13.791860063443663, 53.508494905779379 ], [ 13.793447654035365, 53.507003578703269 ], [ 13.795842173755334, 53.504777768086043 ], [ 13.798926881865611, 53.501076740746292 ], [ 13.800223264752495, 53.498583901988425 ], [ 13.801762697119656, 53.497890898217491 ], [ 13.804148851966847, 53.499388897940214 ], [ 13.808763975362792, 53.501667195273022 ], [ 13.813515700073356, 53.501486239548299 ], [ 13.816370845909484, 53.499718960257603 ], [ 13.821404113355385, 53.499877529878688 ], [ 13.826277366251492, 53.498282325929566 ], [ 13.823969009969522, 53.495300709844273 ], [ 13.820300397663759, 53.491968390979167 ], [ 13.817631098996909, 53.489207822283291 ], [ 13.811951024095096, 53.484359125142532 ], [ 13.803684726009308, 53.479533679383472 ], [ 13.789574633194025, 53.475613397378616 ], [ 13.780771451380589, 53.473985730681171 ], [ 13.77833211142746, 53.474670131431843 ], [ 13.777373329025909, 53.475743294076999 ], [ 13.753839402575458, 53.478009391975199 ], [ 13.749229457040503, 53.480111310638328 ], [ 13.746936666407674, 53.4816037188872 ], [ 13.747056182218268, 53.484036394267591 ], [ 13.74516947853594, 53.485028473062471 ], [ 13.741642424371772, 53.485741757088924 ], [ 13.736237457239305, 53.481493744460501 ], [ 13.726552837851788, 53.482473518859948 ], [ 13.720993323130811, 53.481723222300062 ], [ 13.717989770124309, 53.482556387561274 ], [ 13.714372915126924, 53.482228251120851 ], [ 13.709718216441271, 53.478765623429958 ], [ 13.706832426942485, 53.479902173924728 ], [ 13.704919821964967, 53.481260267593193 ], [ 13.704015482177942, 53.482451426761649 ], [ 13.702038699637471, 53.483618010988359 ], [ 13.699133265666545, 53.485228708402538 ], [ 13.695002850444606, 53.487731230987634 ], [ 13.690808386769545, 53.490047778494848 ], [ 13.687809247978278, 53.491365241192376 ], [ 13.690486442001522, 53.495807686335802 ], [ 13.693579032510719, 53.498505820981428 ], [ 13.695740620775988, 53.503173212100592 ], [ 13.695592814030553, 53.506812933181372 ], [ 13.693103379629001, 53.508224606030659 ], [ 13.689370023380654, 53.508804752241005 ], [ 13.683484982678285, 53.508260148964261 ], [ 13.677024746885859, 53.508866532739724 ], [ 13.670112464984797, 53.509211773921081 ], [ 13.669313443720181, 53.510470423275954 ], [ 13.670884390379026, 53.513904392236846 ], [ 13.671814089026197, 53.516494221238048 ], [ 13.680333342481051, 53.520973532183291 ], [ 13.683126504918649, 53.523843185711677 ], [ 13.681169547987562, 53.526399999108634 ], [ 13.678554823158459, 53.531701904916453 ], [ 13.679013323817271, 53.535492412109591 ], [ 13.682478258510669, 53.535906006854944 ], [ 13.691065504815198, 53.536920778144243 ], [ 13.698472143774646, 53.537858823537199 ], [ 13.70286793626344, 53.536759442843788 ], [ 13.705991833877317, 53.536130618047494 ], [ 13.713319913331752, 53.540962486490905 ], [ 13.7166700358518, 53.542027787828971 ], [ 13.721515509246277, 53.541142931810647 ], [ 13.724157537137138, 53.543182783964561 ], [ 13.723897403150103, 53.54552496865368 ], [ 13.72351950054853, 53.548443475901905 ], [ 13.722678643424864, 53.552391077937649 ], [ 13.721461485412849, 53.555114878802556 ], [ 13.721593629567112, 53.556259765876582 ], [ 13.721639130506999, 53.557767446969493 ], [ 13.71818648805673, 53.56111854839132 ], [ 13.720043862851215, 53.562247294616277 ], [ 13.72569220261879, 53.572286802771295 ], [ 13.708962781725191, 53.576147621857373 ], [ 13.70969615252605, 53.57976736158826 ], [ 13.708933454347516, 53.581304801991344 ], [ 13.709781336947396, 53.582712449950478 ], [ 13.709882725167942, 53.583722514447842 ], [ 13.709692099236324, 53.584823725382329 ], [ 13.70428544418148, 53.587362632924631 ], [ 13.704483949203194, 53.588700665596761 ], [ 13.702528606349984, 53.590082004293677 ], [ 13.699233364610388, 53.591779474228268 ], [ 13.701786213434668, 53.592639513171051 ], [ 13.704852345666222, 53.591378870374676 ], [ 13.707390058111734, 53.592231257039359 ], [ 13.71857098045052, 53.59954527036507 ], [ 13.721643738171084, 53.59969248736256 ], [ 13.724278996042431, 53.600573230639156 ], [ 13.724802748135364, 53.601727545990613 ], [ 13.728978918205032, 53.603047325153334 ], [ 13.73498422477458, 53.60368844952518 ], [ 13.735089631027929, 53.604787245782077 ], [ 13.738703271679494, 53.607035060454052 ], [ 13.744463308800432, 53.610985559071366 ], [ 13.750229308748064, 53.61044280459646 ], [ 13.753776967001253, 53.610286896032058 ], [ 13.757176468531918, 53.612060288636393 ], [ 13.754499207112893, 53.614974418107408 ], [ 13.756314751650855, 53.615277416577072 ], [ 13.760342267501745, 53.614807469750119 ], [ 13.762982866233871, 53.615207500632707 ], [ 13.765905661126101, 53.616651359948044 ], [ 13.768095200106439, 53.611920283762053 ], [ 13.768305876486133, 53.608799076593712 ], [ 13.77715478072315, 53.596360163510489 ], [ 13.785117502340134, 53.59590115672237 ], [ 13.791020012209751, 53.594414335483734 ], [ 13.795860973447788, 53.592499094379505 ], [ 13.797377094767901, 53.59394900854339 ], [ 13.800812439641293, 53.595446997937344 ], [ 13.803561713659779, 53.596332154315064 ], [ 13.80558699556444, 53.595853650566546 ], [ 13.810114722584858, 53.594560294324815 ], [ 13.817634718013641, 53.59163206322475 ], [ 13.819316271406485, 53.590113878073225 ], [ 13.820160379380862, 53.586730478806345 ], [ 13.812505779381064, 53.579306849949447 ], [ 13.8064915733462, 53.573821716960389 ], [ 13.802475247336659, 53.571860623062264 ], [ 13.799718462187151, 53.570163311334895 ], [ 13.796944548691817, 53.569133914867628 ], [ 13.794875298514325, 53.567944796375684 ], [ 13.792646496508508, 53.567121627218256 ], [ 13.78889383073721, 53.566214605447605 ], [ 13.787666086428001, 53.565032632970969 ], [ 13.786330547250497, 53.562765384781343 ], [ 13.791942708907531, 53.559882691046354 ], [ 13.79756965315064, 53.559830996399903 ], [ 13.802037957377129, 53.561613211796029 ], [ 13.802034183925596, 53.56161325259027 ], [ 13.804234091498946, 53.56411505097909 ], [ 13.804299787423062, 53.566787532567652 ], [ 13.808173241297503, 53.568661572942275 ], [ 13.817940122926549, 53.570595747684457 ], [ 13.831583644017527, 53.57423673741836 ], [ 13.837078072377905, 53.573454321707402 ], [ 13.841834846065012, 53.573919425512166 ], [ 13.845148932850289, 53.575703546554813 ], [ 13.850195476967903, 53.575836220819298 ], [ 13.857935208781342, 53.574906637345094 ], [ 13.862801716364846, 53.579473724139071 ], [ 13.867888152888604, 53.580459297612968 ], [ 13.872332780819775, 53.579747643587034 ], [ 13.881628019752679, 53.57554923172227 ], [ 13.886708426428324, 53.574262320780363 ], [ 13.89168419124297, 53.571719012774274 ], [ 13.899243839703146, 53.572207624935331 ], [ 13.897934554903042, 53.579389509982406 ], [ 13.896960127304709, 53.582048227300895 ], [ 13.897408031746552, 53.604404706838181 ], [ 13.903062682030495, 53.604566070024198 ], [ 13.902294988216838, 53.610645206070743 ], [ 13.903608152143539, 53.612306495422132 ], [ 13.899872494844653, 53.612407104128565 ], [ 13.892741110892022, 53.613784057760384 ], [ 13.883660132222069, 53.615438466413224 ], [ 13.882709467729244, 53.616431276288374 ], [ 13.889863949162157, 53.617618630825305 ], [ 13.891439625610044, 53.619812032271923 ], [ 13.896432107361139, 53.620080694351877 ], [ 13.910748151127963, 53.61948034281113 ], [ 13.914080549488736, 53.618566804041578 ], [ 13.913619761736458, 53.616846272694609 ], [ 13.933869589857506, 53.6181346564588 ], [ 13.937453673506738, 53.613995065642328 ], [ 13.936076464742701, 53.609974952687026 ], [ 13.932469280936445, 53.609398330701644 ], [ 13.93738908925355, 53.604370579376834 ], [ 13.939988515461051, 53.603990102898614 ], [ 13.939260518964483, 53.601417309288962 ], [ 13.956494249933092, 53.584676230409464 ], [ 13.966665665580157, 53.57719484227259 ], [ 13.971488716514692, 53.576643876348918 ], [ 13.97261441919661, 53.57881340336931 ], [ 13.976991542541489, 53.577930841990856 ], [ 13.975413970311866, 53.575489031778027 ], [ 13.978422154385873, 53.575027344539784 ], [ 13.977843159649913, 53.572702542199728 ], [ 13.974009067184618, 53.57364265081295 ], [ 13.972646405003307, 53.569959467338684 ], [ 13.977670614458901, 53.568599056179991 ], [ 13.985670451552544, 53.571527906125297 ], [ 13.98340065098272, 53.567836148632878 ], [ 13.989314501290915, 53.567023882832309 ], [ 13.987264849188115, 53.565440338276332 ], [ 14.001121428981335, 53.559955880631101 ], [ 14.001307241487586, 53.559872651519846 ], [ 14.003973078988402, 53.560721602913489 ], [ 14.004370180276043, 53.563650752579974 ], [ 14.010119606646889, 53.565308498661238 ], [ 14.009806547513499, 53.56703411804753 ], [ 14.007658337565189, 53.569553937658021 ], [ 14.010877991385696, 53.571577443944683 ], [ 14.015136428866096, 53.57162071991246 ], [ 14.021410505152666, 53.571124281124824 ], [ 14.025673627020019, 53.571105899529101 ], [ 14.02757749644751, 53.574955600938317 ], [ 14.029409536099308, 53.57826208719726 ], [ 14.034122285372042, 53.583325708750223 ], [ 14.038387350593498, 53.588447180703177 ], [ 14.039312967292268, 53.593401897536864 ], [ 14.037365787800837, 53.594826155048388 ], [ 14.032014441119026, 53.597236414284218 ], [ 14.023740562899842, 53.595678548557707 ], [ 14.016961595361561, 53.595704349858536 ], [ 14.012454758408335, 53.597765127285854 ], [ 14.005287497261442, 53.598214909893464 ], [ 14.006952642893616, 53.599725077554993 ], [ 14.012778516269215, 53.599019267806852 ], [ 14.019893404510903, 53.59756428733963 ], [ 14.026869710654053, 53.597998042207557 ], [ 14.028668884775383, 53.601406244879925 ], [ 14.036408851124291, 53.601586692012511 ], [ 14.040384541511559, 53.596886969906798 ], [ 14.044166101149765, 53.59318334855174 ], [ 14.047902506417374, 53.588658228380865 ], [ 14.044708360844547, 53.584472033351737 ], [ 14.06754158820654, 53.588153847177907 ], [ 14.072258710610411, 53.583709646719321 ], [ 14.081444007396883, 53.592908520130827 ], [ 14.086302904915478, 53.595300813867951 ], [ 14.112326273979937, 53.60655709845971 ], [ 14.113997742911167, 53.607483198413298 ], [ 14.114074736673379, 53.607520375835328 ], [ 14.1140840257835, 53.60746630887293 ], [ 14.11468104633043, 53.603942684098335 ], [ 14.120723897810413, 53.599172363537768 ], [ 14.129328720574565, 53.598784906079644 ], [ 14.129878293263076, 53.596533498343355 ], [ 14.153377282569206, 53.59730191912967 ], [ 14.166384461631727, 53.598297007112187 ], [ 14.173702203373908, 53.599022067478067 ], [ 14.174740485614505, 53.598740487502404 ], [ 14.178117452399073, 53.598141126968287 ], [ 14.176463192879895, 53.594359771785143 ], [ 14.173380035466231, 53.594836475957791 ], [ 14.173916964249727, 53.592594439046962 ], [ 14.180522732390635, 53.590744102945003 ], [ 14.1851221455616, 53.589950910401136 ], [ 14.186430030925035, 53.592696958860138 ], [ 14.200251713304288, 53.591573311158662 ], [ 14.208628350921417, 53.590008953054372 ], [ 14.210633736736092, 53.592048509371928 ], [ 14.214751046810113, 53.590658633154604 ], [ 14.213079393225822, 53.589023440230243 ], [ 14.217344776376724, 53.588648884896372 ], [ 14.218287800072538, 53.583585457558641 ], [ 14.221181832308837, 53.583704308932653 ], [ 14.221593489444301, 53.589080924897736 ], [ 14.22735065066243, 53.591144999536816 ], [ 14.231584668749811, 53.592490346015595 ], [ 14.236030613704207, 53.591707307194412 ], [ 14.234550795242756, 53.588759193185894 ], [ 14.236448446329922, 53.588481030247209 ], [ 14.235939235811751, 53.587202680010016 ], [ 14.238884144709186, 53.586906008985792 ], [ 14.24134585611054, 53.586668254852526 ], [ 14.246344992421802, 53.593261703653397 ], [ 14.249507852210877, 53.592401463516047 ], [ 14.24716073242868, 53.588635404496912 ], [ 14.251514902723532, 53.587229184838151 ], [ 14.253115194626597, 53.589675102916722 ], [ 14.259986893358718, 53.588545358843447 ], [ 14.258493697425443, 53.583537645452481 ], [ 14.266333395003544, 53.583179068557257 ], [ 14.26605127967782, 53.579199243005185 ], [ 14.269729670104079, 53.5789401209122 ], [ 14.269527842578299, 53.575899933537947 ], [ 14.281121797424193, 53.575751908506973 ], [ 14.282291586381003, 53.579029414597237 ], [ 14.30560094224351, 53.577837581281599 ], [ 14.304455005740161, 53.575195809171468 ], [ 14.312282229566261, 53.574477140359704 ], [ 14.312441258039392, 53.571781450650946 ], [ 14.313919063744157, 53.565209879033091 ], [ 14.306246686437701, 53.558081253385161 ], [ 14.304654653020826, 53.556432824719096 ], [ 14.302659125218909, 53.553514548377592 ], [ 14.307204868277381, 53.551332781013173 ], [ 14.305730777280473, 53.544015338772802 ], [ 14.310108261062279, 53.540942058977528 ], [ 14.315874160407088, 53.536896962855479 ], [ 14.31935571935594, 53.529832638494476 ], [ 14.315761703046606, 53.525126901950237 ], [ 14.316746501566588, 53.522627723748997 ], [ 14.319098192440967, 53.52017486664532 ], [ 14.322261248972127, 53.514928794993608 ], [ 14.32693026492348, 53.503897552435454 ], [ 14.332153571399763, 53.501261571855082 ], [ 14.343030221481596, 53.498725730737149 ], [ 14.350737195700788, 53.495960583872318 ], [ 14.354110718158605, 53.488524278731319 ], [ 14.353846952280303, 53.485213425455839 ], [ 14.353769519596744, 53.484212069094774 ], [ 14.353481839641555, 53.482101263002882 ], [ 14.353532823180347, 53.481886926429333 ], [ 14.353627199833708, 53.481543789902219 ], [ 14.353886204919844, 53.480566453836168 ], [ 14.354436227626532, 53.478395487175469 ], [ 14.354677841739688, 53.477483666569363 ], [ 14.355212662254527, 53.474413714946479 ], [ 14.356965544208775, 53.470020954461333 ], [ 14.356903611026656, 53.468421645007872 ], [ 14.356866182099175, 53.464011869117499 ], [ 14.356470581752626, 53.462114397341978 ], [ 14.357978731899349, 53.457377038749186 ], [ 14.360556776683344, 53.456732146578645 ], [ 14.36628112323177, 53.456805009168832 ], [ 14.371359201311906, 53.456376783159676 ], [ 14.371758507100642, 53.454862754074696 ], [ 14.371179941952819, 53.453176870211131 ], [ 14.370957176700374, 53.44892995804603 ], [ 14.37187013672113, 53.447639085848721 ], [ 14.370675674733089, 53.438064842574668 ], [ 14.369042403609233, 53.433563624884947 ], [ 14.368733825977449, 53.432831019208557 ], [ 14.368681661027365, 53.432499142359099 ], [ 14.368753373005363, 53.431041375793725 ], [ 14.368862273795806, 53.429659457283861 ], [ 14.369098189404069, 53.427825972416912 ], [ 14.369330716398396, 53.426001530710614 ], [ 14.369541054932837, 53.424874288143123 ], [ 14.369824932220883, 53.424007764013353 ], [ 14.370087953830884, 53.423440566403933 ], [ 14.370495101556378, 53.422683400439574 ], [ 14.371449399691405, 53.421101684700858 ], [ 14.371945570532651, 53.420316145625939 ], [ 14.372556478239371, 53.419229835523623 ], [ 14.373068487246515, 53.418082138651002 ], [ 14.373347026331437, 53.416749245798663 ], [ 14.373439472093043, 53.413313427822104 ], [ 14.373399692906968, 53.408833879468098 ], [ 14.377873168323603, 53.401865037693774 ], [ 14.382781947973836, 53.395961413380896 ], [ 14.389260935787771, 53.387730459432198 ], [ 14.391416867649232, 53.382957130079042 ], [ 14.394896125950952, 53.37561191110975 ], [ 14.395359574663177, 53.369475137732806 ], [ 14.394387050128014, 53.364959220055574 ], [ 14.393125140711151, 53.358456555459355 ], [ 14.390580940995411, 53.353690694876811 ], [ 14.39278604146085, 53.35249357984717 ], [ 14.395962393757417, 53.351512551327495 ], [ 14.400042581894471, 53.349822438385821 ], [ 14.405543290513405, 53.347072415515854 ], [ 14.40702339885352, 53.339308041033384 ], [ 14.408520315771884, 53.335475522366409 ], [ 14.412465383141658, 53.329461953631778 ], [ 14.411744503009619, 53.329549939397516 ], [ 14.402794066622914, 53.330261262297718 ], [ 14.396199937812025, 53.329068754996982 ], [ 14.385860904850809, 53.325026224331872 ], [ 14.381074319496543, 53.323579686043367 ], [ 14.380730263538883, 53.319923071471557 ], [ 14.377216733114597, 53.316595025906174 ], [ 14.37510712767727, 53.315566937028343 ], [ 14.369696350725363, 53.315613493579221 ], [ 14.365856480784426, 53.317433557782209 ], [ 14.36169878979058, 53.317644550541125 ], [ 14.361670159020878, 53.316464819441599 ], [ 14.361920436004439, 53.315139064437467 ], [ 14.357697780474291, 53.314541537377337 ], [ 14.350376615016728, 53.313638981724118 ], [ 14.348890566352612, 53.31007429076918 ], [ 14.339504643570587, 53.31051194017985 ], [ 14.327584860952891, 53.311672940197916 ], [ 14.325239754731472, 53.311603180842958 ], [ 14.321203672146924, 53.312193106022335 ], [ 14.316659307330823, 53.312394999533126 ], [ 14.315752042323856, 53.308704256068275 ], [ 14.316023036274263, 53.30774926662427 ], [ 14.315573825523051, 53.30653773625999 ], [ 14.314524960193154, 53.305787155272789 ], [ 14.313061939031485, 53.303586216068531 ], [ 14.313179462920205, 53.302209169607124 ], [ 14.308141662776949, 53.296809447737658 ], [ 14.300852662273288, 53.288345984716791 ], [ 14.302050376981187, 53.286131669076461 ], [ 14.295074934509572, 53.284335246506373 ], [ 14.292683472349974, 53.284105972640049 ], [ 14.289428044326616, 53.283307415914251 ], [ 14.28359719869329, 53.282178671862994 ], [ 14.277237500302595, 53.281081840498182 ], [ 14.261994110836113, 53.276752548684776 ], [ 14.264138018570403, 53.271699195527994 ], [ 14.265197313253649, 53.268455629862167 ], [ 14.265159965969048, 53.264356070439163 ], [ 14.266070482177675, 53.259606288093828 ], [ 14.258109519867158, 53.258082601934234 ], [ 14.252253817426119, 53.257375193755905 ], [ 14.248773511306444, 53.257426326172762 ], [ 14.247165659372525, 53.256973367506539 ], [ 14.244575449882994, 53.257249595326918 ], [ 14.240458204626172, 53.256938913310314 ], [ 14.235170651863154, 53.256936960620664 ], [ 14.227812662937593, 53.256195874473633 ], [ 14.226292836959827, 53.256802010758761 ], [ 14.221632409168711, 53.256075021316065 ], [ 14.217821069991526, 53.255626519629139 ], [ 14.21578842474732, 53.255550801715756 ], [ 14.212148717529493, 53.254941660425949 ], [ 14.211178070242319, 53.25490210077291 ], [ 14.207639346283042, 53.25799632629785 ], [ 14.203090262752834, 53.258987353713174 ], [ 14.200420172852663, 53.261698021847153 ], [ 14.197946816631481, 53.260622834467632 ], [ 14.195918042006529, 53.261708083381379 ], [ 14.19359344993337, 53.260974755293766 ], [ 14.190209431889745, 53.261288044531483 ], [ 14.187427858124122, 53.260587653210649 ], [ 14.183388962651954, 53.261728505526868 ], [ 14.179596206651587, 53.261755051009075 ], [ 14.176079568324074, 53.262096240328447 ], [ 14.172205311809075, 53.264557571517791 ], [ 14.169441148048351, 53.264941255445365 ], [ 14.166260459056083, 53.265963554631689 ], [ 14.16344939137392, 53.267432411365078 ], [ 14.159437003105932, 53.267592418653919 ], [ 14.154287347716261, 53.266766864352384 ], [ 14.145957306130949, 53.265901693075691 ], [ 14.142093094259838, 53.265239949716786 ], [ 14.137490886586711, 53.263741431589075 ], [ 14.134824362111726, 53.26322284669385 ], [ 14.131332694285524, 53.261867417115283 ], [ 14.128945097467719, 53.26171644643496 ], [ 14.126399876298956, 53.260930784635576 ], [ 14.124977729336093, 53.260659176272199 ], [ 14.121250527816555, 53.260046827778751 ], [ 14.11728795137752, 53.260235253963103 ], [ 14.116593744012546, 53.26169896055756 ], [ 14.11424743928273, 53.261545578883926 ], [ 14.114124358904176, 53.260567233493767 ], [ 14.099864845129773, 53.26147431518222 ], [ 14.100587878769371, 53.264773252494855 ], [ 14.101189520424192, 53.266727431523599 ], [ 14.102542662352921, 53.271222935343985 ], [ 14.104726468093817, 53.276992780000086 ], [ 14.111464818721172, 53.283869957798821 ], [ 14.121624573125594, 53.290261399953991 ], [ 14.13195461604986, 53.297784578505755 ], [ 14.135760807928213, 53.300301864558527 ], [ 14.148657980043325, 53.307265853737611 ], [ 14.169240972629371, 53.318216331210671 ], [ 14.185196612160913, 53.328263684573045 ], [ 14.194400845575753, 53.334773776064239 ], [ 14.201663581746077, 53.339494655074105 ], [ 14.203931407225291, 53.340988572057995 ], [ 14.204441031325061, 53.341336451564253 ], [ 14.205148550209229, 53.341843344991503 ], [ 14.205605014742687, 53.342176244167298 ], [ 14.206845276919799, 53.343167894803862 ], [ 14.220053239658599, 53.35501595353243 ], [ 14.224567288066183, 53.359920984836059 ], [ 14.230603186300376, 53.367587798490035 ], [ 14.23315512420843, 53.371671052028752 ], [ 14.234528480921236, 53.375244529800796 ], [ 14.235615608705045, 53.377870028194003 ], [ 14.238873899748036, 53.382945482356909 ], [ 14.241629454990948, 53.38748211608312 ], [ 14.243409588635348, 53.39317017572062 ], [ 14.243459703567813, 53.398739940025457 ], [ 14.242651195940338, 53.401700399368494 ], [ 14.241677444878599, 53.406250574910651 ], [ 14.240211049234404, 53.409196794756667 ], [ 14.238601978505175, 53.412130180489463 ], [ 14.237528516076731, 53.414975731704786 ], [ 14.239794751982606, 53.41843593265132 ], [ 14.242068958533594, 53.422080306822615 ], [ 14.241049619561887, 53.423205565848392 ], [ 14.238386232435229, 53.426287662408626 ], [ 14.23547883318995, 53.428937050384015 ], [ 14.233230320867072, 53.42805682183559 ], [ 14.225188374394875, 53.434142856823669 ], [ 14.223360517827627, 53.433622898177596 ], [ 14.219974095920467, 53.432057512294762 ], [ 14.216816170896792, 53.430646124944936 ], [ 14.214878808555671, 53.429821919781766 ], [ 14.213959411124542, 53.428663966537044 ], [ 14.212037084112479, 53.426340012509883 ], [ 14.205795920724668, 53.423077807142683 ], [ 14.204172764749689, 53.42341987092113 ], [ 14.197896918391361, 53.422872555704849 ], [ 14.190618734303641, 53.422096352641823 ], [ 14.185588635743247, 53.42223997665505 ], [ 14.176872463604932, 53.422855573152425 ], [ 14.1652294903922, 53.427488357090773 ], [ 14.158615992281854, 53.430569209890358 ], [ 14.147209916906139, 53.435700311639529 ], [ 14.136683713507061, 53.440870081838469 ], [ 14.134395881688452, 53.4389163311237 ], [ 14.124754803269456, 53.440690125374815 ], [ 14.121868436556927, 53.441440598809024 ], [ 14.118940331156534, 53.438967095845442 ], [ 14.116342511678752, 53.43589013566605 ], [ 14.113350511439144, 53.432907316789716 ], [ 14.110984344230435, 53.430531801494176 ], [ 14.108041171567322, 53.427316576574093 ], [ 14.10593973672148, 53.42326971372546 ], [ 14.105272596648563, 53.422539068400908 ], [ 14.102460788529658, 53.422549659751162 ], [ 14.09560785055907, 53.421609244033434 ], [ 14.093806905934461, 53.422082962227627 ], [ 14.092082426642882, 53.420941615943491 ], [ 14.088698582607382, 53.419188434744989 ], [ 14.083323118168327, 53.416375899971946 ], [ 14.082037821503386, 53.415144906069777 ], [ 14.083838029802241, 53.412347661591355 ], [ 14.082410129533899, 53.410858186617482 ], [ 14.079286476200055, 53.412513812732634 ], [ 14.076229454345182, 53.413820990173647 ], [ 14.072891976472437, 53.414525455595303 ], [ 14.068797776757751, 53.415111614836121 ], [ 14.06394244770922, 53.41391614971549 ], [ 14.056160794188902, 53.412623704553027 ], [ 14.051048198288113, 53.413863199314108 ], [ 14.049559985077241, 53.415678220167493 ], [ 14.048302438954547, 53.419400745195603 ], [ 14.04550173148375, 53.429486868344867 ], [ 14.039085626250001, 53.429496120065878 ], [ 14.026440278477551, 53.429583259107794 ], [ 14.017254010068536, 53.429796006246988 ], [ 14.007185208416017, 53.430489232151643 ], [ 14.004543320068517, 53.432311438728192 ], [ 14.001574745279173, 53.43480738686678 ], [ 14.00069252800335, 53.434872201308075 ], [ 13.996999656131447, 53.434414812269409 ], [ 13.994721758227056, 53.433861023763185 ], [ 13.984289439251329, 53.433223891492176 ], [ 13.97613970806013, 53.431975694920204 ], [ 13.968536626480461, 53.430959675230405 ], [ 13.963204929866894, 53.430548423721866 ], [ 13.962170421702679, 53.430006952230706 ], [ 13.959484722615725, 53.430488160690572 ], [ 13.953525426380608, 53.431089652092673 ], [ 13.948675582889196, 53.430459755114441 ], [ 13.946073142240113, 53.430732110290428 ], [ 13.943295901768609, 53.429956051293892 ], [ 13.937289482616109, 53.428931405149292 ], [ 13.933003614606703, 53.426575301107732 ], [ 13.931495026502414, 53.426490361268669 ], [ 13.924321380854865, 53.425170344997532 ], [ 13.923216356675988, 53.423995368431228 ], [ 13.918958366598181, 53.421957009812409 ], [ 13.917603273158869, 53.421826806254614 ], [ 13.911201487446888, 53.424853172514808 ], [ 13.90870267607246, 53.425674957811019 ], [ 13.906798719026309, 53.426913945575031 ], [ 13.904771917251567, 53.429953114752351 ], [ 13.903148640187462, 53.431743708167296 ], [ 13.905098079724318, 53.433123364773259 ], [ 13.910396239921274, 53.435389728774986 ], [ 13.912031508379311, 53.437961919646014 ], [ 13.910332239431408, 53.439739404539203 ], [ 13.904867983589082, 53.443680334608487 ], [ 13.905215508441183, 53.444867411481631 ], [ 13.90880299451532, 53.445553546781952 ], [ 13.911014295398262, 53.445599566325491 ], [ 13.913842869714912, 53.445640570792435 ], [ 13.917095810580944, 53.446447287037785 ], [ 13.917243727944673, 53.448187382964619 ], [ 13.918939122429089, 53.452025112134322 ], [ 13.918973498123046, 53.452106771981057 ], [ 13.91890324259936, 53.452191850570422 ], [ 13.916546172909591, 53.453779468555197 ], [ 13.917918066372941, 53.455031974070266 ], [ 13.916608572702922, 53.456343108575204 ], [ 13.916499374538093, 53.456426397777562 ], [ 13.916297307509163, 53.456495118243105 ], [ 13.907530936497057, 53.459917828646098 ], [ 13.896353396494055, 53.464624287558216 ], [ 13.890085382323486, 53.467263643289293 ], [ 13.875305771688351, 53.4735959701977 ], [ 13.877571485431725, 53.476429202786555 ], [ 13.878566459597893, 53.478426991577365 ], [ 13.8810424405094, 53.479616645987136 ], [ 13.88177859458985, 53.480416830538331 ], [ 13.882042811100646, 53.481773914981481 ], [ 13.883188937624036, 53.482843983083839 ], [ 13.883752532142477, 53.483842095521481 ], [ 13.884385217500991, 53.484180908364038 ], [ 13.884563592680665, 53.485450617220799 ], [ 13.882357916514506, 53.486352510820645 ], [ 13.880283995507584, 53.486890881940411 ], [ 13.876822186064322, 53.486341693413692 ], [ 13.875298189413249, 53.488633508957804 ], [ 13.873619391802203, 53.490599610271843 ], [ 13.874364534516138, 53.494073832720154 ], [ 13.876902195443458, 53.496463056835175 ], [ 13.876397465354229, 53.499990568679507 ], [ 13.878805745265616, 53.502091330451762 ], [ 13.879559844803458, 53.504175686430237 ], [ 13.873646870533776, 53.506256401943489 ], [ 13.868774783232531, 53.50770943992687 ], [ 13.865707454412105, 53.508929902613737 ], [ 13.862334204357111, 53.510274771433096 ], [ 13.857520649075603, 53.512131585317071 ], [ 13.853458132630328, 53.513441926352684 ], [ 13.849001556468156, 53.51487866900176 ], [ 13.848799789592917, 53.514937118029231 ], [ 13.84853323491493, 53.514973819515042 ], [ 13.842563109879523, 53.515485711484999 ], [ 13.836849670771757, 53.516228008043221 ], [ 13.831185173063934, 53.51699839594469 ], [ 13.821844099044773, 53.518062945724772 ], [ 13.823894862222414, 53.520606934048388 ], [ 13.821163119399143, 53.52386423128587 ], [ 13.819052500383256, 53.526613312727505 ], [ 13.813295905828497, 53.532240574995498 ], [ 13.811068230245738, 53.534616661939893 ], [ 13.809662885187205, 53.536148934054964 ], [ 13.806031931757342, 53.539918066100185 ], [ 13.799534367834667, 53.545214426611459 ], [ 13.799519690096334, 53.545228069147392 ], [ 13.798412268351893, 53.546350649902415 ], [ 13.798275526843844, 53.548934309386624 ], [ 13.799553097960816, 53.551120747084802 ], [ 13.799868456074016, 53.554546800756398 ], [ 13.801014271512196, 53.555632988842582 ] ] ] } }
]
}
