{
"type": "FeatureCollection",
"name": "ltw_wahlkreise_mv_simple",
"crs": { "type": "name", "properties": { "name": "urn:ogc:def:crs:OGC:1.3:CRS84" } },
"features": [
{ "type": "Feature", "properties": { "wkr": 1, "wkr_name": "Greifswald" }, "geometry": { "type": "MultiPolygon", "coordinates": [ [ [ [ 13.416013780619787, 54.122477005636533 ], [ 13.428258198378058, 54.118088260821651 ], [ 13.432185883791266, 54.119842859550999 ], [ 13.439322698105144, 54.121416023535069 ], [ 13.440548958952451, 54.120707484818652 ], [ 13.438873755106343, 54.112829832533784 ], [ 13.450154108439664, 54.100350666853465 ], [ 13.454627090001667, 54.097950422729497 ], [ 13.45747575789607, 54.097977974212263 ], [ 13.455949719199046, 54.092963595141896 ], [ 13.457801636802031, 54.090992343343416 ], [ 13.463926156583902, 54.08833184415591 ], [ 13.467831681200588, 54.086960031546582 ], [ 13.47702062496349, 54.087020712770219 ], [ 13.490318293900305, 54.083783236139887 ], [ 13.49445237367846, 54.083750189562771 ], [ 13.499903544216675, 54.084969078768722 ], [ 13.501600848963699, 54.086631638968953 ], [ 13.501214795580591, 54.087942478151504 ], [ 13.503547284833777, 54.087923586941784 ], [ 13.506409592834043, 54.08628709909064 ], [ 13.506910667991271, 54.082873474151945 ], [ 13.505644698005906, 54.082516248097207 ], [ 13.502635418727877, 54.084070734600182 ], [ 13.497900636641187, 54.076832633951234 ], [ 13.501491182151064, 54.075031866296548 ], [ 13.502300678681818, 54.066481627434307 ], [ 13.495654344590164, 54.059429215155454 ], [ 13.496986964239834, 54.055335544491122 ], [ 13.49038781857891, 54.054414934270547 ], [ 13.488427108267075, 54.057749761705153 ], [ 13.483251834186213, 54.059390900545885 ], [ 13.479566287456995, 54.061889541061447 ], [ 13.461296029066052, 54.061298430469087 ], [ 13.453236261610769, 54.064507852249591 ], [ 13.453223018700397, 54.060493716697437 ], [ 13.455915862738317, 54.059138262357841 ], [ 13.455775741235447, 54.056117306393467 ], [ 13.440320512466545, 54.056456141614191 ], [ 13.433307786458949, 54.0604255831324 ], [ 13.408818832641922, 54.070012256048734 ], [ 13.401769597737051, 54.059398378961646 ], [ 13.392810170683324, 54.060449026706529 ], [ 13.377658404259085, 54.059835562636486 ], [ 13.361345273765787, 54.061524965346969 ], [ 13.362104396590254, 54.063948470805435 ], [ 13.358560195906133, 54.064725758654724 ], [ 13.361643103375279, 54.069312531200424 ], [ 13.357957535695359, 54.070301221464746 ], [ 13.359856620799853, 54.072423265402378 ], [ 13.358068847076598, 54.07720109330797 ], [ 13.359712436406362, 54.078236095556129 ], [ 13.358167682246449, 54.080673226701329 ], [ 13.354716825177508, 54.079688162295326 ], [ 13.355083851917783, 54.077964484684919 ], [ 13.353193980369428, 54.076878690787872 ], [ 13.335595396887451, 54.078613771370293 ], [ 13.336474115793441, 54.080582455353785 ], [ 13.319363418922595, 54.084708536569813 ], [ 13.321768289382357, 54.0861710145046 ], [ 13.321791855209041, 54.091994449590693 ], [ 13.334211519301864, 54.093098561837003 ], [ 13.338521069093716, 54.097924973970358 ], [ 13.341630037823732, 54.0995554462746 ], [ 13.369490641616435, 54.099126265535503 ], [ 13.364074796910685, 54.106803042652409 ], [ 13.370941789328834, 54.106618240904815 ], [ 13.371626865600483, 54.108916406632972 ], [ 13.374861770977571, 54.108363747471941 ], [ 13.378452046004346, 54.102382220927652 ], [ 13.380824279691474, 54.102814494847166 ], [ 13.38142133996509, 54.106672999048556 ], [ 13.388936527513893, 54.109178627262573 ], [ 13.396263119687733, 54.107542192855625 ], [ 13.404329647856434, 54.114031357694508 ], [ 13.410098246173924, 54.113402764884185 ], [ 13.407281966240069, 54.119584046446121 ], [ 13.413574470810222, 54.120721856809482 ], [ 13.413484523662431, 54.122311918198079 ], [ 13.416013780619787, 54.122477005636533 ] ] ], [ [ [ 13.413510788103913, 54.161057243346761 ], [ 13.410412863826041, 54.160298005553237 ], [ 13.413132050958291, 54.162868678431096 ], [ 13.410037651549008, 54.165729013065757 ], [ 13.410034033441638, 54.168638612371545 ], [ 13.407943532841374, 54.169739012265914 ], [ 13.401259122236457, 54.171097234698912 ], [ 13.399609282632865, 54.172589768113824 ], [ 13.400350297865776, 54.177075737806611 ], [ 13.399465489052975, 54.179086206153777 ], [ 13.393374460776654, 54.18032739216212 ], [ 13.393689267330759, 54.181102516415926 ], [ 13.397967689205734, 54.180914631233037 ], [ 13.411670760116943, 54.176488295557299 ], [ 13.421442045752364, 54.171359059250719 ], [ 13.422640354342075, 54.168308043839787 ], [ 13.420813799428631, 54.166339815772723 ], [ 13.415760408951332, 54.16457719193042 ], [ 13.413510788103913, 54.161057243346761 ] ] ], [ [ [ 13.370541778362396, 54.183965639445184 ], [ 13.372251538553385, 54.181882773833422 ], [ 13.370483158394254, 54.180616666789852 ], [ 13.367234408042139, 54.181724375271365 ], [ 13.360442691254775, 54.181520157098426 ], [ 13.35657735201748, 54.182633402236789 ], [ 13.346476701341661, 54.179716171134018 ], [ 13.34414716997772, 54.177909751039167 ], [ 13.341006108869236, 54.178507372808447 ], [ 13.336820504737588, 54.176574132401697 ], [ 13.332254959440652, 54.177027451771046 ], [ 13.331382492775765, 54.178259947780766 ], [ 13.333154556894499, 54.182461671057474 ], [ 13.337075664721038, 54.181998282848348 ], [ 13.341746726034128, 54.182475460244902 ], [ 13.344953753426097, 54.181550786696256 ], [ 13.362551791417086, 54.186991609519879 ], [ 13.370541778362396, 54.183965639445184 ] ] ] ] } },
{ "type": "Feature", "properties": { "wkr": 2, "wkr_name": "Neubrandenburg I" }, "geometry": { "type": "Polygon", "coordinates": [ [ [ 13.180665069748255, 53.465022679278405 ], [ 13.176783920028296, 53.464062752513989 ], [ 13.174373644564199, 53.461224924962274 ], [ 13.176393249217931, 53.46102663569247 ], [ 13.178564945688827, 53.459515763863173 ], [ 13.176586323733602, 53.456452322567863 ], [ 13.178728531436191, 53.453510024051695 ], [ 13.177628432158125, 53.450059012916398 ], [ 13.174149516749132, 53.448463939575525 ], [ 13.171800051372673, 53.445222769584213 ], [ 13.161684493271943, 53.444152230137611 ], [ 13.141761098957074, 53.449904725444568 ], [ 13.141490891213708, 53.454481888212655 ], [ 13.135372153371616, 53.457640665166572 ], [ 13.140147817600241, 53.461097215625486 ], [ 13.154291299734966, 53.465693758066593 ], [ 13.159166022729556, 53.468327732454398 ], [ 13.161577509143244, 53.47708162544275 ], [ 13.157820840551224, 53.479261998416064 ], [ 13.161179549239035, 53.485557318936067 ], [ 13.163565429190081, 53.486627229901124 ], [ 13.163316056391398, 53.488578358994694 ], [ 13.17280770049862, 53.490899929709954 ], [ 13.176719252821556, 53.493714968436599 ], [ 13.180257759191942, 53.494461270349845 ], [ 13.185327712921822, 53.493886614736489 ], [ 13.183857585062556, 53.496447394412655 ], [ 13.1856753491048, 53.499567748304358 ], [ 13.194328681126363, 53.503816772642736 ], [ 13.207333653486529, 53.513969249071614 ], [ 13.205742537401203, 53.519140807918056 ], [ 13.212602561155668, 53.523374060406553 ], [ 13.216701796370753, 53.528641580774881 ], [ 13.221327791126516, 53.530483283394524 ], [ 13.22027106103236, 53.535159549583774 ], [ 13.230219736966173, 53.545389641124096 ], [ 13.235969194617509, 53.54716131112032 ], [ 13.241381953927286, 53.549943629338927 ], [ 13.247265409373407, 53.550246724722591 ], [ 13.250023718077209, 53.553934798202704 ], [ 13.25468356780873, 53.55285428381999 ], [ 13.261260450654712, 53.552867009573944 ], [ 13.265440417021377, 53.555152712943759 ], [ 13.266366992918883, 53.556748895391976 ], [ 13.265397088731, 53.558646930466573 ], [ 13.268889774470944, 53.560864962501583 ], [ 13.280107215549458, 53.559371734122699 ], [ 13.300104226826786, 53.559761040083053 ], [ 13.317222914943487, 53.55799357162995 ], [ 13.330796819417829, 53.560746374787371 ], [ 13.339716333038858, 53.561486100903956 ], [ 13.343017845152906, 53.550702396425002 ], [ 13.343090855423512, 53.539262549295159 ], [ 13.327882740642517, 53.539502554988275 ], [ 13.328298044431008, 53.533172145983279 ], [ 13.324382824120651, 53.533059733126414 ], [ 13.323836663968557, 53.530349128851668 ], [ 13.301775773571324, 53.521583695568481 ], [ 13.29367458693941, 53.520094965294483 ], [ 13.283444731165938, 53.519711243996078 ], [ 13.269534327937805, 53.517922252804766 ], [ 13.26746271499113, 53.512551800895729 ], [ 13.256386909631535, 53.511442059171273 ], [ 13.25974284345223, 53.517676415771056 ], [ 13.250448153519093, 53.518882691983336 ], [ 13.249105257594909, 53.515839489085685 ], [ 13.249501021536711, 53.513224106629316 ], [ 13.246381658054466, 53.512689115799745 ], [ 13.229999017976953, 53.515787487582891 ], [ 13.225097139592505, 53.506787137796337 ], [ 13.220362597004378, 53.50288428666866 ], [ 13.218382900281515, 53.494361842112113 ], [ 13.215172826387855, 53.491673113593684 ], [ 13.210002652504482, 53.484801160876287 ], [ 13.202391309229657, 53.482519101083184 ], [ 13.198251399363729, 53.478921560317971 ], [ 13.189669871392455, 53.475473558440612 ], [ 13.18633990985002, 53.472620374041448 ], [ 13.182574108167438, 53.470905486285908 ], [ 13.176241392793413, 53.469882306218246 ], [ 13.180665069748255, 53.465022679278405 ] ] ] } },
{ "type": "Feature", "properties": { "wkr": 3, "wkr_name": "Neubrandenburg II" }, "geometry": { "type": "Polygon", "coordinates": [ [ [ 13.252716287098377, 53.619095825142004 ], [ 13.264435174475118, 53.599158961903619 ], [ 13.266457054014865, 53.591622973743611 ], [ 13.284707286250004, 53.589816074680314 ], [ 13.311116355180619, 53.591406009359332 ], [ 13.311651033775755, 53.587008028577678 ], [ 13.314523554737566, 53.584929369995912 ], [ 13.312438971351934, 53.581855337981281 ], [ 13.322141204440623, 53.570927578771688 ], [ 13.339325504160591, 53.568510571654372 ], [ 13.339716156983197, 53.561477114270701 ], [ 13.330796645253065, 53.560737388154358 ], [ 13.317222743655249, 53.557984584995481 ], [ 13.300104059169037, 53.559752053454915 ], [ 13.280107052131184, 53.559362747499463 ], [ 13.268889613432394, 53.560855975883882 ], [ 13.265396928430881, 53.558637943846911 ], [ 13.26636683241134, 53.556739908769373 ], [ 13.264001460436035, 53.554020376402882 ], [ 13.261260450654712, 53.552867009573944 ], [ 13.255787603307608, 53.55276875187306 ], [ 13.250023718077209, 53.553934798202704 ], [ 13.247265409373409, 53.550246724722591 ], [ 13.24138179870882, 53.549934642715911 ], [ 13.235969040542992, 53.547152324495549 ], [ 13.230219584107928, 53.545380654499318 ], [ 13.221446021678762, 53.536922083522718 ], [ 13.212974297270041, 53.544091158207173 ], [ 13.217365420754312, 53.544842379367466 ], [ 13.210596875071605, 53.552694620303917 ], [ 13.211648835796465, 53.557346155424668 ], [ 13.206413242292658, 53.556237289096138 ], [ 13.205423479418045, 53.554505607101419 ], [ 13.190259053721411, 53.556456450874236 ], [ 13.18072079457952, 53.56598210265404 ], [ 13.184241613153137, 53.569807189537812 ], [ 13.195357133130203, 53.576672465896834 ], [ 13.205169637409217, 53.576135939448541 ], [ 13.20865338133615, 53.578359681307361 ], [ 13.209329937698095, 53.579916157815497 ], [ 13.213111673460469, 53.581218782010104 ], [ 13.215789302002465, 53.583162577035466 ], [ 13.220874929480551, 53.583096713473893 ], [ 13.220903066932012, 53.588728446559152 ], [ 13.224262689275642, 53.588892796646945 ], [ 13.22471259733452, 53.587410410611099 ], [ 13.231570457793314, 53.588945443149832 ], [ 13.232509194021189, 53.594051627229483 ], [ 13.229673912626298, 53.595209709960592 ], [ 13.237369190691547, 53.597294213672832 ], [ 13.236248006535597, 53.599025901260291 ], [ 13.241441735508962, 53.60139035891158 ], [ 13.242114160183347, 53.603430018153183 ], [ 13.249179034604991, 53.60389662968111 ], [ 13.248993997201554, 53.606519390250085 ], [ 13.250444789929643, 53.609212681587877 ], [ 13.246396054457625, 53.610441562360663 ], [ 13.246858694584065, 53.614478273491798 ], [ 13.250271456266741, 53.618915714712365 ], [ 13.252716287098377, 53.619095825142004 ] ] ] } },
{ "type": "Feature", "properties": { "wkr": 4, "wkr_name": "Hansestadt Rostock I" }, "geometry": { "type": "Polygon", "coordinates": [ [ [ 12.09282929789212, 54.178714869562221 ], [ 12.096874511649572, 54.17998270645996 ], [ 12.095863952702071, 54.182194073463087 ], [ 12.101173721478611, 54.1793698925444 ], [ 12.104962700569319, 54.178461086630278 ], [ 12.11262969381435, 54.179445578812476 ], [ 12.12293684449847, 54.183297417313945 ], [ 12.138169921419168, 54.192557339699007 ], [ 12.153714058748669, 54.20558110628459 ], [ 12.156861491537274, 54.204144649579867 ], [ 12.157565946266825, 54.202571066548387 ], [ 12.168816029429772, 54.205413738354842 ], [ 12.174659388318545, 54.203734753218626 ], [ 12.168457915375235, 54.193294585742443 ], [ 12.177709351725735, 54.191762733001916 ], [ 12.17230174757797, 54.180637618463223 ], [ 12.17420398908493, 54.180237732547724 ], [ 12.175119318551749, 54.178033197849338 ], [ 12.153836622549955, 54.18130851744472 ], [ 12.143249289437138, 54.174239431548408 ], [ 12.098754410199895, 54.157482587871172 ], [ 12.095045827909077, 54.150567422514222 ], [ 12.094064920711764, 54.13717114317879 ], [ 12.095727688695282, 54.125511508200312 ], [ 12.09295800504052, 54.122707540395538 ], [ 12.092441596836535, 54.116522488326268 ], [ 12.081689880152719, 54.111317412610276 ], [ 12.065383660986534, 54.126741905660431 ], [ 12.063676119427431, 54.135139732771307 ], [ 12.064246913608546, 54.141904523021182 ], [ 12.057787709257665, 54.141753689473887 ], [ 12.058764863875789, 54.15073234518389 ], [ 12.04905700987133, 54.152147219484675 ], [ 12.046986697291269, 54.148216271381401 ], [ 12.04375642117436, 54.147588442796447 ], [ 12.043575425904242, 54.142202667978665 ], [ 12.032795776611209, 54.142199226244884 ], [ 12.030414651026355, 54.143624564045062 ], [ 12.029323342440517, 54.143076528774593 ], [ 12.027200730300018, 54.14430522932107 ], [ 12.026840171520353, 54.146284648889591 ], [ 12.02902560285732, 54.146839494830736 ], [ 12.02756652968336, 54.148863766433784 ], [ 12.025212057908792, 54.148359843741709 ], [ 12.019562055289546, 54.154972528655456 ], [ 12.027470705888415, 54.156573686618877 ], [ 12.027543761033035, 54.157780059438352 ], [ 12.032717256858547, 54.162904106830069 ], [ 12.01542600162766, 54.167496567937953 ], [ 12.010927842743863, 54.171492236448373 ], [ 12.000138755975197, 54.173412236480054 ], [ 11.998746818154219, 54.174958036587988 ], [ 12.010540249634781, 54.178168052712067 ], [ 12.032461614923026, 54.176172609389056 ], [ 12.042331178916269, 54.176290319299454 ], [ 12.06268717461035, 54.178055306156352 ], [ 12.075208542280347, 54.180434883225878 ], [ 12.087707788896006, 54.185220987312569 ], [ 12.088691600871792, 54.180422202055482 ], [ 12.091799033042339, 54.180456330554328 ], [ 12.09282929789212, 54.178714869562221 ] ] ] } },
{ "type": "Feature", "properties": { "wkr": 5, "wkr_name": "Hansestadt Rostock II" }, "geometry": { "type": "Polygon", "coordinates": [ [ [ 12.063914772554146, 54.083120797859692 ], [ 12.059722869493704, 54.084249787153098 ], [ 12.059845908186402, 54.086527817932463 ], [ 12.057585285433431, 54.088798409752307 ], [ 12.047411067698816, 54.091783412620053 ], [ 12.048061215154171, 54.093715385913768 ], [ 12.051844055768722, 54.095263614488076 ], [ 12.050404947466708, 54.097142294630963 ], [ 12.05451559010649, 54.103032535493263 ], [ 12.049432595975285, 54.103978329818027 ], [ 12.049492885165996, 54.106349981444211 ], [ 12.036830809914978, 54.107586063975155 ], [ 12.036445239178155, 54.11174583766325 ], [ 12.039052999692391, 54.112302252061731 ], [ 12.037150170772042, 54.116404598336722 ], [ 12.034544826591384, 54.115601059027654 ], [ 12.032556136041276, 54.119803997980746 ], [ 12.022054719104705, 54.123021361954891 ], [ 12.019938008314602, 54.125201746389365 ], [ 12.0190734449749, 54.128618637962894 ], [ 12.027298809736376, 54.127294851062487 ], [ 12.033301104210565, 54.127182606251282 ], [ 12.033318080802232, 54.134787498560584 ], [ 12.036752728093697, 54.13533788359468 ], [ 12.036271292422382, 54.140874876547215 ], [ 12.032795776611209, 54.142199226244884 ], [ 12.043575425904244, 54.14220266797863 ], [ 12.043756421174356, 54.147588442796469 ], [ 12.046986697291267, 54.148216271381408 ], [ 12.049057009871328, 54.152147219484696 ], [ 12.058764863875789, 54.15073234518389 ], [ 12.057787709257667, 54.14175368947388 ], [ 12.064246913608546, 54.141904523021154 ], [ 12.063676119427431, 54.135139732771307 ], [ 12.065383660986534, 54.126741905660431 ], [ 12.095595081294254, 54.098159422146111 ], [ 12.069676742919942, 54.088646380800256 ], [ 12.063914772554146, 54.083120797859692 ] ] ] } },
{ "type": "Feature", "properties": { "wkr": 6, "wkr_name": "Hansestadt Rostock III" }, "geometry": { "type": "Polygon", "coordinates": [ [ [ 12.131771144023896, 54.093353602343022 ], [ 12.129037182767133, 54.089692319067076 ], [ 12.127688255998907, 54.085617165444326 ], [ 12.12916951783304, 54.081347634289024 ], [ 12.127600479341174, 54.079625713648397 ], [ 12.136151018847137, 54.075083794013452 ], [ 12.141763524296879, 54.070950498368632 ], [ 12.148780572365775, 54.063302994253178 ], [ 12.146406693362563, 54.061936570879048 ], [ 12.145473961995433, 54.05833769063635 ], [ 12.134150085647423, 54.059393495025084 ], [ 12.116860719188894, 54.058559017968697 ], [ 12.098011844614945, 54.052876502137167 ], [ 12.096376809325081, 54.050808734839009 ], [ 12.09506591191103, 54.052471423576158 ], [ 12.090801149272334, 54.052350809598927 ], [ 12.088385822206824, 54.051050630836642 ], [ 12.081104156247266, 54.051430463468151 ], [ 12.075925876755278, 54.053977942978591 ], [ 12.073029750152944, 54.056487546112486 ], [ 12.07294858256363, 54.063602539951489 ], [ 12.064997199797702, 54.059108649059645 ], [ 12.063759617598448, 54.063267959930293 ], [ 12.073529816948328, 54.066759813348696 ], [ 12.072499889849315, 54.068342132722215 ], [ 12.066017314262885, 54.067921362246906 ], [ 12.060959261353617, 54.076272475986222 ], [ 12.060593895770072, 54.079516502810471 ], [ 12.064271847446761, 54.08133978578568 ], [ 12.063914772554146, 54.083120797859692 ], [ 12.069676742919942, 54.088646380800256 ], [ 12.095595081294254, 54.098159422146111 ], [ 12.081689880152716, 54.111317412610276 ], [ 12.092441596836535, 54.116522488326268 ], [ 12.110608191408437, 54.097852913883351 ], [ 12.109825717884517, 54.092428367085425 ], [ 12.131771144023896, 54.093353602343022 ] ] ] } },
{ "type": "Feature", "properties": { "wkr": 7, "wkr_name": "Hansestadt Rostock IV" }, "geometry": { "type": "Polygon", "coordinates": [ [ [ 12.148780572365775, 54.063302994253178 ], [ 12.13780682073298, 54.073978841245015 ], [ 12.127600479341169, 54.079625713648426 ], [ 12.12916951783304, 54.081347634289024 ], [ 12.127688255998907, 54.085617165444326 ], [ 12.129037182767133, 54.089692319067076 ], [ 12.131771144023896, 54.093353602343022 ], [ 12.109825717884517, 54.092428367085425 ], [ 12.110608191408438, 54.097852913883308 ], [ 12.092441596836535, 54.116522488326268 ], [ 12.09295800504052, 54.122707540395538 ], [ 12.095727688695282, 54.125511508200312 ], [ 12.094064920711764, 54.13717114317879 ], [ 12.095045827909077, 54.150567422514222 ], [ 12.098754410199895, 54.157482587871172 ], [ 12.143249289437138, 54.174239431548408 ], [ 12.153836622549955, 54.18130851744472 ], [ 12.175119318551749, 54.178033197849345 ], [ 12.17420398908493, 54.180237732547724 ], [ 12.17230174757797, 54.180637618463223 ], [ 12.177709351725735, 54.191762733001916 ], [ 12.168457915375235, 54.193294585742443 ], [ 12.174659388318545, 54.203734753218626 ], [ 12.168816029429772, 54.205413738354842 ], [ 12.157565946266825, 54.202571066548387 ], [ 12.156861491537274, 54.204144649579867 ], [ 12.153714058748669, 54.20558110628459 ], [ 12.171574290729193, 54.225616229338769 ], [ 12.184772311962321, 54.235959931978762 ], [ 12.195534882054188, 54.241978722842376 ], [ 12.201348687160868, 54.244700905325018 ], [ 12.20230285929016, 54.243827574212141 ], [ 12.221898845436753, 54.242126472809019 ], [ 12.225188955720958, 54.242134970793515 ], [ 12.226454438751579, 54.243146718162279 ], [ 12.232057644601694, 54.241290210305188 ], [ 12.234676539336704, 54.241842522437089 ], [ 12.239502530049281, 54.240886709707304 ], [ 12.243377610048169, 54.242903915757829 ], [ 12.248293316341394, 54.241875933918294 ], [ 12.254297051160112, 54.24208761245125 ], [ 12.25647530099535, 54.243076012891287 ], [ 12.26362873603594, 54.242845035760162 ], [ 12.267581734607401, 54.241076722797473 ], [ 12.267695724758322, 54.236620017591292 ], [ 12.264952301451624, 54.229033505303953 ], [ 12.264142462005864, 54.22313583953833 ], [ 12.265102503657277, 54.218775321397821 ], [ 12.264103461294393, 54.215004269007032 ], [ 12.272403054439351, 54.213935229051636 ], [ 12.27269584764448, 54.210604974092973 ], [ 12.276094613961579, 54.209365631536699 ], [ 12.287312339616458, 54.20243497450241 ], [ 12.295123762164643, 54.195698792347635 ], [ 12.267527599989664, 54.184443125230075 ], [ 12.262973746246695, 54.185990136130357 ], [ 12.257762897434064, 54.182692536094272 ], [ 12.246246769207788, 54.184064799919369 ], [ 12.236262957875853, 54.183090494064245 ], [ 12.228625962441328, 54.181436298440673 ], [ 12.228118547924687, 54.179638214189787 ], [ 12.225510578166855, 54.178667909744 ], [ 12.224238037844916, 54.178839887672119 ], [ 12.225103411199118, 54.183444207149797 ], [ 12.205981865180235, 54.182257122821376 ], [ 12.205725932810568, 54.176863756565339 ], [ 12.202533294080929, 54.174532138800068 ], [ 12.19781533497062, 54.167990084938936 ], [ 12.186613188991808, 54.166422112664229 ], [ 12.175291114566194, 54.162400227519385 ], [ 12.176291308649311, 54.159117271321982 ], [ 12.182714654242623, 54.158915992044889 ], [ 12.186312806862402, 54.1536103781742 ], [ 12.187728363531274, 54.148322641890417 ], [ 12.189673831201164, 54.147627465833587 ], [ 12.183661667572242, 54.134634833029281 ], [ 12.177725472626733, 54.130630819000395 ], [ 12.172815151957437, 54.128862104001847 ], [ 12.172846923308549, 54.124162048578135 ], [ 12.171160968247335, 54.121450616257583 ], [ 12.173346681994795, 54.118914568832174 ], [ 12.171129752121022, 54.115971668795112 ], [ 12.190653402570911, 54.106792968502063 ], [ 12.19780131270103, 54.101934667412223 ], [ 12.20119454706226, 54.097166655706104 ], [ 12.19820432339959, 54.084750958987449 ], [ 12.199647744338165, 54.083366828774153 ], [ 12.198783795088097, 54.080896348337617 ], [ 12.192945243043367, 54.078791030341819 ], [ 12.192433626898076, 54.06979214965525 ], [ 12.169877467751073, 54.067033568316852 ], [ 12.165543375448365, 54.07123185913732 ], [ 12.159475010172264, 54.069244853514185 ], [ 12.152347712388064, 54.064014847051304 ], [ 12.148780572365775, 54.063302994253178 ] ] ] } },
{ "type": "Feature", "properties": { "wkr": 8, "wkr_name": "Schwerin I" }, "geometry": { "type": "Polygon", "coordinates": [ [ [ 11.449839209839652, 53.681063703530988 ], [ 11.453642743728381, 53.676992084714271 ], [ 11.459000768589043, 53.677179985204944 ], [ 11.463481547009538, 53.678513346520766 ], [ 11.469885016029199, 53.683351279262645 ], [ 11.474215226197993, 53.68264334234857 ], [ 11.480396923253243, 53.676465559829154 ], [ 11.480659714533042, 53.672520948375464 ], [ 11.485486379295125, 53.667215123238563 ], [ 11.485581090816446, 53.663131141263435 ], [ 11.484004465438886, 53.659840597187262 ], [ 11.485701060947935, 53.651752391481516 ], [ 11.483183099785137, 53.648265211842855 ], [ 11.48490950810794, 53.645376760531917 ], [ 11.484537045884769, 53.634696733270204 ], [ 11.499889994701642, 53.627704924628745 ], [ 11.504470184508452, 53.621609888658746 ], [ 11.503706084659065, 53.614065030133574 ], [ 11.501726513434788, 53.611189021524723 ], [ 11.505309275397886, 53.607612455581908 ], [ 11.505300351470499, 53.605960459818469 ], [ 11.500013949910995, 53.602622105151298 ], [ 11.496428876054768, 53.604596607347567 ], [ 11.494930309013757, 53.602328008618336 ], [ 11.497271170165627, 53.597617475700282 ], [ 11.495514747185988, 53.597494772003081 ], [ 11.494507225794921, 53.598258794132654 ], [ 11.48853958042962, 53.606010084159934 ], [ 11.48414296313134, 53.603092279703311 ], [ 11.480160777232063, 53.603779666153244 ], [ 11.478963057103577, 53.601877614286693 ], [ 11.47533865279048, 53.601356259544481 ], [ 11.47177329352696, 53.604163169268695 ], [ 11.468945190026988, 53.609061490702373 ], [ 11.461819301951003, 53.607980642847288 ], [ 11.459128378115976, 53.606096333910365 ], [ 11.458923781279642, 53.604387449153471 ], [ 11.456594539805463, 53.603511630935174 ], [ 11.45051996397841, 53.604688498816529 ], [ 11.440150819132608, 53.611252790937009 ], [ 11.435511933632641, 53.617681441692504 ], [ 11.433287517956575, 53.619148158857314 ], [ 11.433156675887602, 53.622114596276681 ], [ 11.429383962280802, 53.623045375917705 ], [ 11.421736155649141, 53.622966941666448 ], [ 11.420014926903905, 53.621888960632518 ], [ 11.411467271444721, 53.622430488732974 ], [ 11.408065453705529, 53.618949889898722 ], [ 11.405300483037353, 53.618661465621109 ], [ 11.39781188555941, 53.620625671075636 ], [ 11.38925711049243, 53.621491973641675 ], [ 11.38297349347909, 53.623978660495467 ], [ 11.380561083370079, 53.623919933403776 ], [ 11.380058834121471, 53.623066259528784 ], [ 11.385676480716034, 53.619936946762209 ], [ 11.386236611022214, 53.618654475006792 ], [ 11.379691638273892, 53.618880278059834 ], [ 11.372448002677171, 53.620758109884299 ], [ 11.369841876696938, 53.620326766827034 ], [ 11.363552783628583, 53.62212385320327 ], [ 11.36133169728385, 53.619481638746464 ], [ 11.35795273443618, 53.620524839185748 ], [ 11.357810590168429, 53.62296467231247 ], [ 11.359276229183532, 53.623937768307087 ], [ 11.357120090601894, 53.624179733033237 ], [ 11.349543911157692, 53.627679442379183 ], [ 11.345965817647137, 53.632482095136076 ], [ 11.342707303869737, 53.633627088670153 ], [ 11.340139625210711, 53.633617087789247 ], [ 11.330736931927643, 53.639566399427984 ], [ 11.330552971147945, 53.64087388556117 ], [ 11.325810457898795, 53.642742608569932 ], [ 11.328087186182694, 53.645249025978949 ], [ 11.317311832585837, 53.647374183003087 ], [ 11.312316261898317, 53.647061410849318 ], [ 11.307526096218746, 53.647898099770892 ], [ 11.302193409958296, 53.653281324449651 ], [ 11.303471710716416, 53.658533611528568 ], [ 11.296813225294883, 53.659988889408822 ], [ 11.29665141328466, 53.662046634278049 ], [ 11.316873419565534, 53.663121803048732 ], [ 11.319578200821425, 53.666555679325405 ], [ 11.319657208709911, 53.669991382825089 ], [ 11.321525659757571, 53.671317107922007 ], [ 11.328426085090339, 53.669757594800949 ], [ 11.332880691834037, 53.670509974958414 ], [ 11.333844662848966, 53.672254986888362 ], [ 11.336608459953757, 53.671467913496649 ], [ 11.343575980356134, 53.677964532011885 ], [ 11.351437784203899, 53.674848705808252 ], [ 11.35503934831069, 53.675508051759586 ], [ 11.355537088865761, 53.676890498318251 ], [ 11.35391252917568, 53.677335190087533 ], [ 11.35479284504618, 53.681357356486053 ], [ 11.360243427586678, 53.681363220334077 ], [ 11.359831573646803, 53.676826596218916 ], [ 11.358457149868899, 53.676919166418628 ], [ 11.357731794592899, 53.675038143991138 ], [ 11.359112580703618, 53.674801031118172 ], [ 11.359002365791653, 53.672322934051472 ], [ 11.361456780274803, 53.669621330000766 ], [ 11.364485639842288, 53.66791579914711 ], [ 11.368146071559131, 53.669225276352222 ], [ 11.368065756205281, 53.67230589579647 ], [ 11.366728544274117, 53.673213944850424 ], [ 11.373367322787406, 53.67904474054108 ], [ 11.376568265195688, 53.679854858761296 ], [ 11.386297972683376, 53.679416988537447 ], [ 11.39034063363593, 53.675488974519162 ], [ 11.39549192746521, 53.678866000685694 ], [ 11.395032857194606, 53.680418279390715 ], [ 11.399551591972466, 53.678690504079633 ], [ 11.400429123828626, 53.677176293586434 ], [ 11.405714930390223, 53.677968615137175 ], [ 11.407315604997994, 53.679100850040555 ], [ 11.410761396710722, 53.686736079418594 ], [ 11.420053510110289, 53.686138080851016 ], [ 11.420257864548816, 53.687449262849377 ], [ 11.430769833401701, 53.686801471774373 ], [ 11.430686718123226, 53.685488352122768 ], [ 11.436677441909483, 53.684957053236872 ], [ 11.436440863008025, 53.682629312353654 ], [ 11.439107229334287, 53.681093001575377 ], [ 11.449839209839652, 53.681063703530988 ] ] ] } },
{ "type": "Feature", "properties": { "wkr": 9, "wkr_name": "Schwerin II" }, "geometry": { "type": "Polygon", "coordinates": [ [ [ 11.368603597925041, 53.61862383405407 ], [ 11.369841876696938, 53.620326766827034 ], [ 11.372448002677171, 53.620758109884299 ], [ 11.379691638273895, 53.618880278059812 ], [ 11.386236611022198, 53.618654475006792 ], [ 11.384406306179292, 53.620823312409399 ], [ 11.380663450324063, 53.622353314882517 ], [ 11.380561083370079, 53.623919933403776 ], [ 11.384647859254017, 53.62352282847948 ], [ 11.38925711049243, 53.621491973641675 ], [ 11.39781188555941, 53.620625671075636 ], [ 11.405300483037353, 53.618661465621109 ], [ 11.408065453705522, 53.618949889898722 ], [ 11.4114672714447, 53.622430488733038 ], [ 11.42001492690391, 53.621888960632489 ], [ 11.422244287242529, 53.623038946514171 ], [ 11.429383962280783, 53.623045375917769 ], [ 11.433156675887602, 53.622114596276681 ], [ 11.433287517956561, 53.619148158857314 ], [ 11.435511933632627, 53.617681441692504 ], [ 11.440150819132594, 53.611252790937009 ], [ 11.45051996397841, 53.604688498816564 ], [ 11.456594539805435, 53.603511630935131 ], [ 11.45892378127963, 53.604387449153464 ], [ 11.459128378115976, 53.606096333910365 ], [ 11.461819301951007, 53.607980642847266 ], [ 11.468945190026973, 53.609061490702373 ], [ 11.471773293526947, 53.604163169268695 ], [ 11.475338652790448, 53.60135625954441 ], [ 11.478963057103563, 53.601877614286693 ], [ 11.480160777232062, 53.603779666153223 ], [ 11.484142963131335, 53.603092279703283 ], [ 11.488539580429602, 53.606010084159934 ], [ 11.494507225794905, 53.598258794132654 ], [ 11.49551474718599, 53.597494772003053 ], [ 11.497271170165613, 53.597617475700282 ], [ 11.496719949992157, 53.596357356124528 ], [ 11.493361990923525, 53.595953120136201 ], [ 11.491287511632065, 53.594335664263568 ], [ 11.487891182729731, 53.579866756600516 ], [ 11.481713574176673, 53.577853324173894 ], [ 11.483667023033663, 53.582802856575945 ], [ 11.475821700411087, 53.583514355105265 ], [ 11.473329962322472, 53.579175660439027 ], [ 11.450049135511225, 53.573045189516243 ], [ 11.451971578003979, 53.569611743226851 ], [ 11.481068382589923, 53.561207273786657 ], [ 11.483722080036609, 53.558302298418788 ], [ 11.466079872482995, 53.556365786615217 ], [ 11.468493190142562, 53.552637164195438 ], [ 11.461194468764678, 53.551701573168877 ], [ 11.461746278662119, 53.5501275598699 ], [ 11.424580583727005, 53.545286293753456 ], [ 11.422589049740326, 53.549563635238407 ], [ 11.383953517145459, 53.544452141914917 ], [ 11.384049351935538, 53.546195302098376 ], [ 11.388299430812925, 53.546567966810194 ], [ 11.391116744906398, 53.552151578437289 ], [ 11.387322796865515, 53.552679587199975 ], [ 11.388840143052512, 53.556049844881521 ], [ 11.385312750312769, 53.556625745134632 ], [ 11.383977187321932, 53.554520005761695 ], [ 11.380453211629282, 53.555011924568532 ], [ 11.379136304760323, 53.553438582688713 ], [ 11.366243520474534, 53.555886854498262 ], [ 11.379410862814829, 53.578287728818111 ], [ 11.376875514365395, 53.581407030916317 ], [ 11.357010493737924, 53.594469941620332 ], [ 11.356182383231422, 53.59679128786685 ], [ 11.36173375211103, 53.597498390894607 ], [ 11.362064533861322, 53.601383722422895 ], [ 11.366193133784186, 53.608657117453696 ], [ 11.360492821988124, 53.613439513768228 ], [ 11.355991546143354, 53.613364200463032 ], [ 11.356480547182757, 53.620764406132992 ], [ 11.368603597925041, 53.61862383405407 ] ] ] } },
{ "type": "Feature", "properties": { "wkr": 10, "wkr_name": "Wismar" }, "geometry": { "type": "MultiPolygon", "coordinates": [ [ [ [ 11.447752878521754, 53.86799522890928 ], [ 11.446317272609457, 53.864407106597845 ], [ 11.4439472793285, 53.865113510996984 ], [ 11.445814334959822, 53.867279452254472 ], [ 11.444344789098999, 53.86827913488429 ], [ 11.447962399790582, 53.871094034020544 ], [ 11.449228258414259, 53.870184566974714 ], [ 11.449060214691787, 53.868581824527205 ], [ 11.447752878521754, 53.86799522890928 ] ] ], [ [ [ 11.516193382355613, 53.927802260006914 ], [ 11.515435274236381, 53.923627195506135 ], [ 11.509278191584523, 53.918273667919166 ], [ 11.512745140168283, 53.917703358991879 ], [ 11.511373316505725, 53.913869784098573 ], [ 11.503940577296367, 53.910438015351652 ], [ 11.503028375345519, 53.90792396380504 ], [ 11.504662776427571, 53.903744928001728 ], [ 11.514875257046835, 53.901488608714118 ], [ 11.533502766404958, 53.900335176333002 ], [ 11.527417255769096, 53.89177310018944 ], [ 11.524000469866555, 53.892198265757862 ], [ 11.523124417537932, 53.890998424465238 ], [ 11.527391021887038, 53.890005608635022 ], [ 11.524087213447752, 53.885706421590321 ], [ 11.519266244727765, 53.886528556450074 ], [ 11.520000071117083, 53.884931073529266 ], [ 11.519065085654223, 53.882403526588377 ], [ 11.510834853810872, 53.884317396676217 ], [ 11.509751508008813, 53.881963578778148 ], [ 11.515287945182903, 53.879203038840735 ], [ 11.513270318154145, 53.876499962287909 ], [ 11.508022211157931, 53.877104628454376 ], [ 11.503015846997529, 53.875889818576688 ], [ 11.500547858163163, 53.873306219204338 ], [ 11.491711619784621, 53.874108590103795 ], [ 11.486591510591072, 53.867648787081052 ], [ 11.483876319516341, 53.868350765255641 ], [ 11.483184103548096, 53.866749469092568 ], [ 11.465703362723774, 53.870249611877099 ], [ 11.462388963245159, 53.869829676693286 ], [ 11.459069067296028, 53.874132487897946 ], [ 11.452642013263754, 53.872368688899726 ], [ 11.450595724838857, 53.870800878048613 ], [ 11.449843997486532, 53.873006270725583 ], [ 11.443740729168471, 53.875228897523357 ], [ 11.444189197688241, 53.876560174886976 ], [ 11.439023474129772, 53.877620909344635 ], [ 11.437240794638294, 53.872039799620246 ], [ 11.434181460485643, 53.872488256335949 ], [ 11.430618093285558, 53.865132480525318 ], [ 11.42876091701001, 53.866999811432215 ], [ 11.422119920789374, 53.868611288547349 ], [ 11.420035444745873, 53.87042462940547 ], [ 11.417360951958354, 53.871079464630029 ], [ 11.418371328659445, 53.873131178538038 ], [ 11.417274064119606, 53.87437644939461 ], [ 11.417778435355732, 53.878881479741551 ], [ 11.419794219816438, 53.879526283940642 ], [ 11.413891487956031, 53.885124315574167 ], [ 11.410495315870453, 53.886105470888722 ], [ 11.408982544421564, 53.888103671834649 ], [ 11.40014830931136, 53.892425544613026 ], [ 11.390519796927343, 53.893541130342093 ], [ 11.395497190059107, 53.913745783620691 ], [ 11.393057590258131, 53.914216942021049 ], [ 11.393615035268832, 53.91622777137826 ], [ 11.39156461151836, 53.917524361170813 ], [ 11.392679819326753, 53.920041107883918 ], [ 11.390912188594822, 53.920927122717558 ], [ 11.394429216598008, 53.92486569172042 ], [ 11.39526715636695, 53.92229094720927 ], [ 11.4029694276378, 53.922800887989403 ], [ 11.414193971332416, 53.916505353671646 ], [ 11.432692352519618, 53.911128354676066 ], [ 11.436759905212202, 53.907574545786261 ], [ 11.437081823353086, 53.904590158103296 ], [ 11.434751380945661, 53.901058587718687 ], [ 11.44218813219647, 53.900095080111704 ], [ 11.443170051192782, 53.898994520833192 ], [ 11.450279640090745, 53.899891013665709 ], [ 11.453223329371907, 53.89504691568559 ], [ 11.454850809095813, 53.895216419818894 ], [ 11.452911302321573, 53.899525263898013 ], [ 11.457613222067632, 53.898205333174161 ], [ 11.459738065724226, 53.896452011188629 ], [ 11.460192254773267, 53.897597315607335 ], [ 11.457711825290831, 53.899501339390547 ], [ 11.462819821799741, 53.898080340457049 ], [ 11.463214809541352, 53.899060377641867 ], [ 11.455395425292838, 53.900891865077234 ], [ 11.4555078127303, 53.901984334372742 ], [ 11.463341474567121, 53.901610444604323 ], [ 11.463217996413432, 53.902252483303691 ], [ 11.450865012344263, 53.903391941770955 ], [ 11.447816098754101, 53.904706789047914 ], [ 11.445679853318818, 53.912122770489546 ], [ 11.450465548207958, 53.91460963637941 ], [ 11.458814150687353, 53.917077195525778 ], [ 11.472665330236129, 53.928155816333827 ], [ 11.475472484627689, 53.928966525805428 ], [ 11.476711418305415, 53.926455886052615 ], [ 11.480135522181335, 53.926433418954772 ], [ 11.481510077686801, 53.92805046085526 ], [ 11.481520760932046, 53.931165795725761 ], [ 11.478751922239393, 53.93233602825223 ], [ 11.478191068690073, 53.935715406373419 ], [ 11.479831031897778, 53.938617784820813 ], [ 11.486684536486795, 53.938541723434199 ], [ 11.486517634259886, 53.934390077048768 ], [ 11.508657865383533, 53.930890191522217 ], [ 11.509814828056491, 53.92822524234618 ], [ 11.516193382355613, 53.927802260006914 ] ], [ [ 11.450550989197081, 53.874191609872803 ], [ 11.453112946401172, 53.873895740147212 ], [ 11.45425390103715, 53.87548219762467 ], [ 11.451884228427705, 53.876316940104566 ], [ 11.450550989197081, 53.874191609872803 ] ] ], [ [ [ 11.428070055547719, 53.943822975271942 ], [ 11.428228303993039, 53.940698347511102 ], [ 11.426894162375428, 53.938314593216639 ], [ 11.423537919704367, 53.942323955668336 ], [ 11.425677692944253, 53.942154952194272 ], [ 11.428070055547719, 53.943822975271942 ] ] ] ] } },
{ "type": "Feature", "properties": { "wkr": 11, "wkr_name": "Landkreis Rostock I" }, "geometry": { "type": "MultiPolygon", "coordinates": [ [ [ [ 11.516738569100621, 54.048617650022024 ], [ 11.51440191828569, 54.038513436355323 ], [ 11.512953392536492, 54.039466421360103 ], [ 11.511419339737222, 54.045247468155516 ], [ 11.511769434711333, 54.054175087909073 ], [ 11.513725939232183, 54.05861129839348 ], [ 11.518215911518205, 54.0643895392883 ], [ 11.523630060648021, 54.069249707131462 ], [ 11.515881404531051, 54.058193835702987 ], [ 11.51527137633067, 54.052903610844972 ], [ 11.516738569100621, 54.048617650022024 ] ] ], [ [ [ 11.976960787943897, 54.153064698342163 ], [ 11.976355413132078, 54.146975641342998 ], [ 11.987232760412033, 54.145241359640174 ], [ 11.993946472352793, 54.145867173514581 ], [ 11.994855280125911, 54.141115974593006 ], [ 11.996988276657138, 54.13923526823185 ], [ 12.009643751277501, 54.133224410157695 ], [ 12.011193245214807, 54.129132698965854 ], [ 12.019073444974897, 54.12861863796293 ], [ 12.019938008314634, 54.125201746389365 ], [ 12.0220547191047, 54.123021361954891 ], [ 12.019956622754904, 54.122938416146795 ], [ 12.020426675559657, 54.119513083558779 ], [ 12.018455534380728, 54.117667102448095 ], [ 11.999937306672962, 54.116447873847854 ], [ 12.001176635002999, 54.110106288690027 ], [ 11.998484309852705, 54.109640743926541 ], [ 11.997365934223565, 54.106538586490011 ], [ 11.993944626483428, 54.103518264617179 ], [ 11.990443969032412, 54.102343656872577 ], [ 11.984842146363434, 54.103571463667741 ], [ 11.991743578687581, 54.094418506276 ], [ 11.989772144819167, 54.093816797304797 ], [ 11.989647219757076, 54.090768498067895 ], [ 11.987026415474945, 54.088701738770489 ], [ 11.98465410135505, 54.088693324252027 ], [ 11.998034654963249, 54.075021113259986 ], [ 11.994590705629147, 54.075551712558536 ], [ 11.997155201621606, 54.072688846204969 ], [ 11.996916555050811, 54.068343480541387 ], [ 11.99100959618276, 54.061195452703473 ], [ 12.00024760986531, 54.055234612979632 ], [ 12.003456537435309, 54.050854514554146 ], [ 11.981850871401626, 54.04536737237224 ], [ 11.970662710911434, 54.038989285615969 ], [ 11.970966062886284, 54.035716092411541 ], [ 11.983590349613483, 54.036975816461435 ], [ 11.986910064979938, 54.032550518862251 ], [ 11.990590942898137, 54.032324482568512 ], [ 11.992023864110084, 54.031252968543001 ], [ 12.000232958662934, 54.030467026211497 ], [ 12.001302364514894, 54.0263523308248 ], [ 11.997594904790809, 54.021687603894229 ], [ 12.000796518784741, 54.015290757087094 ], [ 12.00102472942403, 54.010490706729989 ], [ 12.003224397405855, 54.010233787218844 ], [ 12.004540522955171, 54.004934112931217 ], [ 12.013342405579001, 53.99608212333672 ], [ 12.023035022628791, 53.988764244985674 ], [ 12.020529747493434, 53.986768369240188 ], [ 12.011997446577659, 53.982727975796173 ], [ 12.007874322485506, 53.982102592542432 ], [ 12.005616734019986, 53.98001481648533 ], [ 12.012309085319412, 53.97815262415812 ], [ 12.013962637756558, 53.97658386368235 ], [ 12.009878460693114, 53.976480561717587 ], [ 12.008864912386624, 53.972725283856242 ], [ 12.002806893486952, 53.967798569924454 ], [ 12.002638539874692, 53.965668248314337 ], [ 11.998936950093478, 53.962962479813733 ], [ 11.992200798350602, 53.963706506765469 ], [ 11.985950996187723, 53.968424949438507 ], [ 11.981922580449277, 53.967041147709168 ], [ 11.977927718792888, 53.966736657736384 ], [ 11.972448053171037, 53.964764830787701 ], [ 11.970191524008099, 53.962789839707249 ], [ 11.962881249635959, 53.961538917490515 ], [ 11.957081781853972, 53.962260844966792 ], [ 11.945939373347956, 53.958712221383898 ], [ 11.938471403866773, 53.959221858912976 ], [ 11.93706083025814, 53.960535035974374 ], [ 11.937276977672736, 53.963583497838222 ], [ 11.932636179965666, 53.967625509016663 ], [ 11.93191222940432, 53.97006330164475 ], [ 11.926671218210155, 53.971981237272026 ], [ 11.924715930052177, 53.974500740383426 ], [ 11.924939762625172, 53.980512902052176 ], [ 11.929085573300435, 53.985369976525661 ], [ 11.925383572027256, 53.986977512296292 ], [ 11.919080072222394, 53.982936296672129 ], [ 11.901800703626069, 53.980281782822573 ], [ 11.902820022229092, 53.977626787333371 ], [ 11.893386186916057, 53.974030901722287 ], [ 11.891064581587262, 53.970177426252775 ], [ 11.884094429379719, 53.970261968239413 ], [ 11.880904499575546, 53.968035611362048 ], [ 11.875968683270839, 53.968206550161781 ], [ 11.871335181009991, 53.957504673583585 ], [ 11.865544861924912, 53.948258220005918 ], [ 11.859443248550114, 53.952446840269573 ], [ 11.851238676565432, 53.946485244689541 ], [ 11.852779421274539, 53.945339572738192 ], [ 11.851524675095639, 53.943865859367065 ], [ 11.846541605526783, 53.943540911986858 ], [ 11.848003639401488, 53.938574800183439 ], [ 11.846321084760405, 53.935724300818748 ], [ 11.847876168083801, 53.93449232760279 ], [ 11.845594840583828, 53.933287115937276 ], [ 11.840535474098175, 53.936094285635519 ], [ 11.835967535607496, 53.936119608344335 ], [ 11.827447956437389, 53.941676340347797 ], [ 11.823789485902939, 53.940562373660775 ], [ 11.811185515309678, 53.941273868504979 ], [ 11.811541895495839, 53.942746575109133 ], [ 11.809966104212485, 53.94376611801426 ], [ 11.803332027303082, 53.938196595262411 ], [ 11.801437331853096, 53.939430933352249 ], [ 11.801594422708241, 53.940979560758876 ], [ 11.798573828065287, 53.942546663181197 ], [ 11.795081512164526, 53.942349444664494 ], [ 11.792847735299443, 53.945839336851193 ], [ 11.799274141335909, 53.956121987586087 ], [ 11.795197742922019, 53.956225198008447 ], [ 11.798657838920896, 53.958492122361328 ], [ 11.797983741261273, 53.962629502722379 ], [ 11.804449877913328, 53.965976957986406 ], [ 11.8039224402913, 53.966652035057159 ], [ 11.788929166773482, 53.971241334368521 ], [ 11.785498904277873, 53.973360417677675 ], [ 11.781854190220503, 53.974357213169341 ], [ 11.770853797344666, 53.975004906986818 ], [ 11.763924487141596, 53.977348315133852 ], [ 11.759927413293807, 53.973021988022147 ], [ 11.749858077303163, 53.972010160159734 ], [ 11.745768907135112, 53.973952590498214 ], [ 11.744191309920927, 53.970897788116574 ], [ 11.741009724943295, 53.968967212373947 ], [ 11.748825499009278, 53.963672858408543 ], [ 11.748296824615345, 53.96006329234465 ], [ 11.73979731621492, 53.957298517299861 ], [ 11.731759060947292, 53.953061623445699 ], [ 11.731073102353967, 53.955505058749807 ], [ 11.725833383968897, 53.956280878087746 ], [ 11.714665091389165, 53.955278182064141 ], [ 11.706273233766893, 53.955502200835618 ], [ 11.697259778457262, 53.953526462867082 ], [ 11.699826712531621, 53.948911550889186 ], [ 11.694995666408289, 53.942551063738279 ], [ 11.691705084334506, 53.940896350519075 ], [ 11.686711938422663, 53.934364465130116 ], [ 11.674337034105472, 53.9359941341406 ], [ 11.675751456355417, 53.94017924026268 ], [ 11.67319114909502, 53.944392235722965 ], [ 11.667483163097637, 53.947428370564033 ], [ 11.669913481661876, 53.948651809675333 ], [ 11.670079060517567, 53.950422655512114 ], [ 11.666912283906527, 53.955188162597835 ], [ 11.671194434013328, 53.95936232265479 ], [ 11.677759451901306, 53.96218479997728 ], [ 11.670131042276255, 53.964771735218058 ], [ 11.66466298132589, 53.968914091492636 ], [ 11.663072492264893, 53.971420299303432 ], [ 11.658901568680974, 53.970685029837803 ], [ 11.657847483038454, 53.972087975112885 ], [ 11.651622050148175, 53.973590355541234 ], [ 11.651880749222203, 53.976161183640457 ], [ 11.658547414803362, 53.977094424693782 ], [ 11.65973206464883, 53.980060763291192 ], [ 11.657206911561909, 53.98235795473478 ], [ 11.657815238002668, 53.984430717463319 ], [ 11.650638460007819, 53.985836452686648 ], [ 11.64907208488594, 53.987235010808554 ], [ 11.631073977795875, 53.989522880468897 ], [ 11.623197912465479, 53.992807920429712 ], [ 11.618459521109067, 53.990759809131646 ], [ 11.612726518445214, 53.993934428632706 ], [ 11.609338679284077, 53.992702622735358 ], [ 11.614255242561695, 53.989400633019343 ], [ 11.614127258795634, 53.986019675020778 ], [ 11.60452027554787, 53.985687852977222 ], [ 11.594110448756973, 53.987426984198173 ], [ 11.587716252611283, 53.98667150939 ], [ 11.582649710030788, 53.989275006641591 ], [ 11.582146554367579, 53.993495362978024 ], [ 11.585341431315598, 53.994124572262848 ], [ 11.58874134168143, 54.000708939142697 ], [ 11.58711910324179, 54.004347868340425 ], [ 11.580795918497202, 54.006797787248026 ], [ 11.580664329885286, 54.012583986054629 ], [ 11.5753808488274, 54.017687357417678 ], [ 11.579177570205589, 54.019260297000251 ], [ 11.562249571629208, 54.028213517795777 ], [ 11.566835931769766, 54.029950865171763 ], [ 11.576438998667799, 54.035547600188252 ], [ 11.58685823495685, 54.046333165916778 ], [ 11.586690048077681, 54.05156012827009 ], [ 11.582093145744098, 54.062851630758658 ], [ 11.583354682929178, 54.063948548985344 ], [ 11.587361647110143, 54.064357330580812 ], [ 11.594684966903023, 54.067376887548249 ], [ 11.602717861597215, 54.06756481895674 ], [ 11.607442871486354, 54.069366337484546 ], [ 11.610203324939231, 54.068159128558868 ], [ 11.611373531079153, 54.068670769114462 ], [ 11.61001205572107, 54.069637322774753 ], [ 11.611508251190417, 54.069837356617803 ], [ 11.611907528178071, 54.07174069945431 ], [ 11.614695838160946, 54.073612437406489 ], [ 11.621249177608107, 54.07533309292473 ], [ 11.624481026264078, 54.07702617336443 ], [ 11.6239857891646, 54.079953214794159 ], [ 11.626233033346876, 54.09005149172976 ], [ 11.623021623278158, 54.092264112841391 ], [ 11.614227963962167, 54.102089923474651 ], [ 11.612218578178725, 54.103271571652165 ], [ 11.605671841996136, 54.103472978918568 ], [ 11.600172919566484, 54.100219143497746 ], [ 11.601563330555976, 54.095470920604363 ], [ 11.595904225759469, 54.094481673094904 ], [ 11.593010898175772, 54.094706059444974 ], [ 11.586990127568098, 54.092837619948163 ], [ 11.57973732211164, 54.087275234958959 ], [ 11.576662362754679, 54.080752387991893 ], [ 11.569631046703707, 54.07893343535271 ], [ 11.558804909896006, 54.069741974788116 ], [ 11.551499187336441, 54.066060284249872 ], [ 11.548597240949752, 54.066413976821359 ], [ 11.549069462706163, 54.064684031875494 ], [ 11.544662237469939, 54.06055391481609 ], [ 11.542037741260955, 54.058390271929788 ], [ 11.539896693771842, 54.058372736129741 ], [ 11.538157160969153, 54.057192509642178 ], [ 11.539248305762394, 54.056256401935592 ], [ 11.540504506965359, 54.057526197490418 ], [ 11.541898988397136, 54.057474787521286 ], [ 11.542382415984102, 54.055116242593613 ], [ 11.533223278923943, 54.050755697180897 ], [ 11.532352115457311, 54.049140663851986 ], [ 11.530620696249485, 54.049992422111735 ], [ 11.531815922099973, 54.053578148332065 ], [ 11.533169384767058, 54.055228805593771 ], [ 11.53620201647775, 54.056105040702171 ], [ 11.536795186627385, 54.05812439497948 ], [ 11.53407082454936, 54.068910710703832 ], [ 11.535268315966672, 54.072796814595115 ], [ 11.534434132548791, 54.074144099519707 ], [ 11.532314930490305, 54.075261025286437 ], [ 11.525854765106287, 54.069852611362499 ], [ 11.525101277084531, 54.070355399952319 ], [ 11.553740428051949, 54.093836256146886 ], [ 11.562991918903435, 54.097187651769204 ], [ 11.569819850292951, 54.098502312851487 ], [ 11.586584047307284, 54.099264137381802 ], [ 11.597406399728506, 54.101931204101867 ], [ 11.607456215581264, 54.105885078319012 ], [ 11.621801424049318, 54.114310652556384 ], [ 11.631500634005416, 54.122163069034073 ], [ 11.664347604877257, 54.143070351105862 ], [ 11.682434340684971, 54.15306085061917 ], [ 11.698605381707702, 54.153899507212842 ], [ 11.733565825320229, 54.153256566765371 ], [ 11.759201424714938, 54.154650449644826 ], [ 11.782664726481697, 54.149110378216584 ], [ 11.805145067105999, 54.146048206803293 ], [ 11.836725866850712, 54.144597887648672 ], [ 11.850620792444897, 54.144991874990041 ], [ 11.890714910967949, 54.151671770960945 ], [ 11.918749793447851, 54.159074650781854 ], [ 11.946835646665209, 54.164939637792756 ], [ 11.967260048180162, 54.167054298000579 ], [ 11.987804990980111, 54.172559192761327 ], [ 11.987330311389057, 54.164945889655755 ], [ 11.976960787943897, 54.153064698342163 ] ] ] ] } },
{ "type": "Feature", "properties": { "wkr": 12, "wkr_name": "Landkreis Rostock II" }, "geometry": { "type": "MultiPolygon", "coordinates": [ [ [ [ 12.019562055289553, 54.154972528655435 ], [ 12.025212057908812, 54.148359843741709 ], [ 12.027566529683376, 54.148863766433792 ], [ 12.029025602857327, 54.146839494830736 ], [ 12.026840171520355, 54.146284648889562 ], [ 12.027200730300034, 54.144305229321056 ], [ 12.029323342440533, 54.143076528774635 ], [ 12.030414651026353, 54.143624564045041 ], [ 12.036271292422416, 54.14087487654723 ], [ 12.036752728093704, 54.13533788359468 ], [ 12.033318080802241, 54.134787498560584 ], [ 12.033301104210576, 54.127182606251282 ], [ 12.011193245214807, 54.129132698965854 ], [ 12.009643751277501, 54.133224410157695 ], [ 11.996988276657138, 54.13923526823185 ], [ 11.994855280125911, 54.141115974593006 ], [ 11.993946472352793, 54.145867173514581 ], [ 11.987232760412033, 54.145241359640174 ], [ 11.976355413132078, 54.146975641342998 ], [ 11.976960787943897, 54.153064698342163 ], [ 11.987330311389057, 54.164945889655755 ], [ 11.987804990980111, 54.172559192761327 ], [ 11.998439427937514, 54.175031000500944 ], [ 11.999546930057662, 54.173591555024437 ], [ 12.010927842743857, 54.171492236448394 ], [ 12.015426001627665, 54.167496567937988 ], [ 12.032717256858575, 54.162904106830084 ], [ 12.027543761033035, 54.157780059438387 ], [ 12.027470705888421, 54.156573686618913 ], [ 12.019562055289553, 54.154972528655435 ] ] ], [ [ [ 12.312060890981165, 54.249674185754479 ], [ 12.313015201020411, 54.243270175805868 ], [ 12.311624342837689, 54.234279469188976 ], [ 12.319236438512938, 54.23548572868269 ], [ 12.318742109686024, 54.231042390377347 ], [ 12.323476089580849, 54.230409730994687 ], [ 12.323380550553473, 54.228053445933718 ], [ 12.327098447841625, 54.228951469218579 ], [ 12.331898962170644, 54.22881928068491 ], [ 12.330055871855697, 54.224637238387196 ], [ 12.349694577003355, 54.221954834997298 ], [ 12.346110660837898, 54.216893395472738 ], [ 12.352444573379991, 54.211472163643585 ], [ 12.355248338168334, 54.210858590127891 ], [ 12.35938515948691, 54.211259831834994 ], [ 12.367862499813794, 54.209750019877049 ], [ 12.371657622753284, 54.207862722480506 ], [ 12.370985668349091, 54.206969937949779 ], [ 12.372763322055155, 54.20563519473955 ], [ 12.370923374755716, 54.200777510047388 ], [ 12.372114492846492, 54.198946168574963 ], [ 12.370605033138922, 54.196615765138695 ], [ 12.372737892543755, 54.190476874940195 ], [ 12.370917838633844, 54.188686062150062 ], [ 12.366026591742383, 54.187209212504875 ], [ 12.35155569476119, 54.185094910752902 ], [ 12.351985978563604, 54.183858241211837 ], [ 12.355359374755309, 54.184257857335531 ], [ 12.358249021907346, 54.178557573578793 ], [ 12.369104329167694, 54.179559782538483 ], [ 12.375103378239819, 54.177152418078272 ], [ 12.371430487513443, 54.174474662579598 ], [ 12.366898464970046, 54.168170369671266 ], [ 12.365660221748309, 54.165783302990064 ], [ 12.366111894482772, 54.161981300615956 ], [ 12.382136020973791, 54.157467224075475 ], [ 12.379252462181961, 54.154829176189295 ], [ 12.378878029969856, 54.152730930202949 ], [ 12.372824434733309, 54.152725186179339 ], [ 12.37451918015933, 54.148772008990669 ], [ 12.381343518989318, 54.142954333192563 ], [ 12.380861423167133, 54.139896835692369 ], [ 12.384737208317693, 54.135341944442573 ], [ 12.391600211446628, 54.133923951841204 ], [ 12.392164847933037, 54.132788156709154 ], [ 12.39160371554842, 54.131338725793412 ], [ 12.389161449285936, 54.130841794027752 ], [ 12.387869703905739, 54.13172065971839 ], [ 12.38437818412805, 54.131827911717181 ], [ 12.384237876071399, 54.11685097626679 ], [ 12.388111872814006, 54.114657295189673 ], [ 12.386496012942425, 54.113263491685203 ], [ 12.388988961637997, 54.112571333896987 ], [ 12.394473999412678, 54.112759819847511 ], [ 12.395409860983241, 54.111808686747906 ], [ 12.400828395110029, 54.112585201858145 ], [ 12.401445371031903, 54.114598531806067 ], [ 12.406870045556206, 54.114604268902347 ], [ 12.411923502247827, 54.113619804086632 ], [ 12.423693276300725, 54.11685256967818 ], [ 12.418449623874549, 54.119704595961394 ], [ 12.426535352975197, 54.120889107480835 ], [ 12.431850199516754, 54.119141667464987 ], [ 12.43295071907137, 54.119562825785586 ], [ 12.432748251604343, 54.122720828079281 ], [ 12.435465574780256, 54.124281921500355 ], [ 12.449871895946913, 54.116873660423657 ], [ 12.45998547160452, 54.107248350814494 ], [ 12.454757831369841, 54.104423896927898 ], [ 12.455824286729557, 54.097834239007547 ], [ 12.459365565083511, 54.092340887639146 ], [ 12.477592569634979, 54.095038247308089 ], [ 12.483860608553007, 54.097630796070234 ], [ 12.485956068924986, 54.09638501864611 ], [ 12.491276535089535, 54.095616446362705 ], [ 12.494719584521595, 54.091091383173655 ], [ 12.501886060506914, 54.093416016195441 ], [ 12.513764843269898, 54.093901284920783 ], [ 12.515136887930641, 54.093133214158364 ], [ 12.518873985092064, 54.093389570984485 ], [ 12.518938582223003, 54.095440371948854 ], [ 12.535942940463688, 54.091082533911703 ], [ 12.536255892791377, 54.089543840982259 ], [ 12.540051341281931, 54.087677890410482 ], [ 12.55685358842195, 54.093610536524217 ], [ 12.562569307007577, 54.09039287122387 ], [ 12.566943888866927, 54.084047516851442 ], [ 12.576838730977052, 54.077000058428737 ], [ 12.581620012500199, 54.072284403452883 ], [ 12.585385219229575, 54.071744493063953 ], [ 12.587314606195982, 54.070069880774319 ], [ 12.595993426453944, 54.072095193882532 ], [ 12.594987926994333, 54.073780480900552 ], [ 12.598595820363892, 54.075847633078645 ], [ 12.600964232497997, 54.074704543792379 ], [ 12.604410364829771, 54.076477725681322 ], [ 12.602531305871963, 54.077830419245394 ], [ 12.606015648451116, 54.078142623559586 ], [ 12.6084281887263, 54.077312113894095 ], [ 12.609356997397176, 54.073805032034521 ], [ 12.613505559474484, 54.07045286701824 ], [ 12.627568514067775, 54.067564259266135 ], [ 12.634325300277645, 54.063577894284087 ], [ 12.636064248978315, 54.061264864149329 ], [ 12.647362011209816, 54.053633401665891 ], [ 12.656457938671805, 54.049329093881738 ], [ 12.659129244157523, 54.046411219873441 ], [ 12.656964922676245, 54.039161747662618 ], [ 12.650940142655626, 54.039601520342636 ], [ 12.645781947942901, 54.038782207726413 ], [ 12.646370150625772, 54.033814001673839 ], [ 12.634249879580914, 54.033432585729869 ], [ 12.628901899597601, 54.032251550309816 ], [ 12.62522397398005, 54.027090268618316 ], [ 12.621295815982197, 54.01150872191954 ], [ 12.6219032480849, 54.009710999508698 ], [ 12.61854929022164, 54.008904876271629 ], [ 12.617625857245281, 54.005223803938271 ], [ 12.61060690606068, 54.004061303768538 ], [ 12.602761399118718, 54.00707677640132 ], [ 12.601162359109676, 54.00846827706183 ], [ 12.583855515978296, 54.007714462991714 ], [ 12.589042353228177, 54.010497147442884 ], [ 12.577990138851726, 54.013332965211262 ], [ 12.577688910515706, 54.016340869415025 ], [ 12.570063148644856, 54.016029635548271 ], [ 12.566933334215451, 54.01392141854074 ], [ 12.564267488626495, 54.013248522703591 ], [ 12.565162301048627, 54.012095668682299 ], [ 12.56013327901619, 54.008984177050529 ], [ 12.554759243211146, 54.008005891533813 ], [ 12.551924937916377, 54.006049853224965 ], [ 12.540108265085372, 54.009162586571364 ], [ 12.533753312853536, 54.005881346590293 ], [ 12.527209789850827, 54.008010904910279 ], [ 12.529067057162223, 54.010198730693652 ], [ 12.525647602306959, 54.011348889263502 ], [ 12.524084123465862, 54.01031276015997 ], [ 12.520079513947314, 54.010658780131124 ], [ 12.521082953189726, 54.007913739603545 ], [ 12.5258348705198, 54.004427947729432 ], [ 12.534734417791878, 54.003753920322062 ], [ 12.537596679690468, 54.004537895321413 ], [ 12.548305793997374, 53.999665183924058 ], [ 12.552816899259545, 53.99879852592872 ], [ 12.558819219561869, 53.995346919572597 ], [ 12.559971661923084, 53.99372172086504 ], [ 12.554791722844266, 53.992699570826574 ], [ 12.550990011127352, 53.989779253551269 ], [ 12.547575379090059, 53.981566174066046 ], [ 12.552151311834137, 53.977802913021996 ], [ 12.544553840323228, 53.976395728215344 ], [ 12.53375308785648, 53.97558593758464 ], [ 12.520836866035838, 53.976424381279884 ], [ 12.513692715761787, 53.975440647732491 ], [ 12.511841052369395, 53.974064315783757 ], [ 12.509892541878274, 53.971813018902473 ], [ 12.51443686057066, 53.95956040293958 ], [ 12.517999681086385, 53.956737148681221 ], [ 12.516986044940454, 53.955950840279492 ], [ 12.514037364548368, 53.955889657209553 ], [ 12.512434667947067, 53.953140273386481 ], [ 12.515099205145411, 53.951944733964055 ], [ 12.513167518830521, 53.950577537218933 ], [ 12.49878106940931, 53.955150656307701 ], [ 12.494238497750146, 53.957289616994281 ], [ 12.480393778046022, 53.957903869454995 ], [ 12.478593438330089, 53.960369978783511 ], [ 12.478068904316029, 53.965163889535106 ], [ 12.474936480646077, 53.969794892789373 ], [ 12.478434597002797, 53.974777543471873 ], [ 12.477623494178559, 53.976429492259889 ], [ 12.467951941933007, 53.976224440438685 ], [ 12.461685334956783, 53.979932337900472 ], [ 12.458009370885687, 53.979004891718269 ], [ 12.45582667189967, 53.979908819084436 ], [ 12.455932258059482, 53.982602106975648 ], [ 12.439519345678574, 53.985506329747345 ], [ 12.431408138954957, 53.98501971784259 ], [ 12.42301786926023, 53.983066087020426 ], [ 12.412692312927337, 53.978180706077708 ], [ 12.409011613807621, 53.978519979330436 ], [ 12.407289839850035, 53.979595246605442 ], [ 12.408237041418095, 53.981494365284526 ], [ 12.407232416672276, 53.984133072976555 ], [ 12.405467296959632, 53.984328951386885 ], [ 12.401831855409796, 53.982943784171482 ], [ 12.402332994493003, 53.978510329853073 ], [ 12.401203131138901, 53.977889196355775 ], [ 12.398703712421398, 53.9803555577354 ], [ 12.39143209196533, 53.974519534681733 ], [ 12.390094124679957, 53.975185005718842 ], [ 12.38712600230307, 53.975046623148415 ], [ 12.380532804200568, 53.970435370705722 ], [ 12.375583969559546, 53.968749033349503 ], [ 12.367814764036964, 53.959526850122394 ], [ 12.356915360703828, 53.962072961564566 ], [ 12.354805749967102, 53.963846812624212 ], [ 12.350571761371912, 53.965341637160613 ], [ 12.347168505370837, 53.964143238753522 ], [ 12.344169707931144, 53.966092865170587 ], [ 12.339518434587166, 53.972056198210446 ], [ 12.341630262390311, 53.973474339159395 ], [ 12.341101452893389, 53.975016178948039 ], [ 12.335855659608081, 53.980614769248788 ], [ 12.345190578546548, 53.984989148487756 ], [ 12.344390908469483, 53.988245578529195 ], [ 12.337620427928531, 53.999463558458693 ], [ 12.329875471406568, 53.9998691171999 ], [ 12.32999139638941, 54.001178805288497 ], [ 12.320453905906149, 54.000520616801523 ], [ 12.321171469305375, 53.993984155601652 ], [ 12.309873278844753, 53.988816007083543 ], [ 12.303335629671608, 53.990133665511188 ], [ 12.29975636923165, 53.989734457599113 ], [ 12.303139584779426, 53.985097777164732 ], [ 12.296417893256272, 53.984871385238357 ], [ 12.292860649792026, 53.979729753485728 ], [ 12.282069432773339, 53.971891643158315 ], [ 12.285339455503683, 53.968280710722681 ], [ 12.292690562340123, 53.965516550009482 ], [ 12.291480923232657, 53.959590564567485 ], [ 12.297880540184277, 53.95847764223798 ], [ 12.299484536981234, 53.955809856408855 ], [ 12.291499222933016, 53.956327001044947 ], [ 12.288745652799905, 53.953614967478842 ], [ 12.286191846381607, 53.954726167250577 ], [ 12.284194685435821, 53.954337960326818 ], [ 12.279582447153084, 53.955541034581188 ], [ 12.270119349408656, 53.959283842312423 ], [ 12.258214338418041, 53.960575851232818 ], [ 12.249782509091252, 53.964766273646603 ], [ 12.238863455089474, 53.964766914633351 ], [ 12.231463361714491, 53.9627212592356 ], [ 12.227504516248048, 53.962902360776333 ], [ 12.216043321385007, 53.965399724709869 ], [ 12.215227378363945, 53.962041030931779 ], [ 12.210628723635427, 53.965138236277951 ], [ 12.205340720464681, 53.977417689007041 ], [ 12.199463712792518, 53.978093562958293 ], [ 12.1914549251025, 53.977783380173193 ], [ 12.19260091940845, 53.975118634503211 ], [ 12.191275680387536, 53.971766551726269 ], [ 12.19108283581587, 53.962727390317717 ], [ 12.182274256248354, 53.965541996697873 ], [ 12.177995416481314, 53.973810262366065 ], [ 12.167907334544614, 53.974080960776071 ], [ 12.162759861608256, 53.96972369094496 ], [ 12.153750082283517, 53.972659209831747 ], [ 12.148601404135098, 53.972307767373643 ], [ 12.145237646419648, 53.971134290724507 ], [ 12.14097421295032, 53.971176794129498 ], [ 12.130032577382858, 53.975359009354349 ], [ 12.126909980571309, 53.975624975954112 ], [ 12.128882250050042, 53.980827130418128 ], [ 12.126817527043803, 53.98260856158133 ], [ 12.125935561553627, 53.986940673349423 ], [ 12.115770080527469, 53.983623587023025 ], [ 12.117234490223034, 53.98040329111101 ], [ 12.111649590763101, 53.979508113811157 ], [ 12.109409258550876, 53.982879364024697 ], [ 12.105941163503267, 53.981020822611129 ], [ 12.10324292086179, 53.982158664376698 ], [ 12.105282629508414, 53.983878656285228 ], [ 12.098540071419674, 53.985596008349745 ], [ 12.094124651554461, 53.984710911166879 ], [ 12.093242979825076, 53.987409579334624 ], [ 12.087987027068662, 53.988893026380083 ], [ 12.084184166947384, 53.998989329678338 ], [ 12.079210767107677, 53.999271455489897 ], [ 12.078834515582129, 54.001490327265827 ], [ 12.070297976045696, 54.003003443211092 ], [ 12.068696994112695, 53.999040145458345 ], [ 12.071482954604107, 53.996672249268769 ], [ 12.072569069749196, 53.994257419833353 ], [ 12.069570076212717, 53.991777463607519 ], [ 12.070805527480625, 53.987535137721046 ], [ 12.063626630771935, 53.985369494319677 ], [ 12.063660996693455, 53.982276812705642 ], [ 12.070321408139122, 53.979901334662401 ], [ 12.073470930353075, 53.975720060982106 ], [ 12.062425554146451, 53.975509322058443 ], [ 12.058477515171386, 53.976944869317585 ], [ 12.052573749875627, 53.977114900509306 ], [ 12.049972318192644, 53.975366128288599 ], [ 12.039686215156241, 53.971943227022578 ], [ 12.031084974434119, 53.973746485638294 ], [ 12.029157539470834, 53.975379325326529 ], [ 12.024791920611566, 53.974206753892659 ], [ 12.019985157083013, 53.97533914891779 ], [ 12.017003023221648, 53.973257880938526 ], [ 12.013962480523537, 53.974362391526022 ], [ 12.013962637756558, 53.97658386368235 ], [ 12.012309085319412, 53.97815262415812 ], [ 12.005616734019986, 53.98001481648533 ], [ 12.007874322485506, 53.982102592542432 ], [ 12.011997446577659, 53.982727975796173 ], [ 12.020529747493434, 53.986768369240188 ], [ 12.023035022628791, 53.988764244985674 ], [ 12.013342405579001, 53.99608212333672 ], [ 12.004540522955171, 54.004934112931217 ], [ 12.003224397405855, 54.010233787218844 ], [ 12.00102472942403, 54.010490706729989 ], [ 12.000796518784741, 54.015290757087094 ], [ 11.997594904790809, 54.021687603894229 ], [ 12.001302364514894, 54.0263523308248 ], [ 12.000232958662934, 54.030467026211497 ], [ 11.992023864110084, 54.031252968543001 ], [ 11.990590942898137, 54.032324482568512 ], [ 11.986910064979938, 54.032550518862251 ], [ 11.983590349613483, 54.036975816461435 ], [ 11.970966062886284, 54.035716092411541 ], [ 11.970662710911434, 54.038989285615969 ], [ 11.981850871401626, 54.04536737237224 ], [ 12.003456537435309, 54.050854514554146 ], [ 12.00024760986531, 54.055234612979632 ], [ 11.99100959618276, 54.061195452703473 ], [ 11.996916555050811, 54.068343480541387 ], [ 11.997155201621606, 54.072688846204969 ], [ 11.994590705629147, 54.075551712558536 ], [ 11.998034654963249, 54.075021113259986 ], [ 11.98465410135505, 54.088693324252027 ], [ 11.987026415474945, 54.088701738770489 ], [ 11.989647219757076, 54.090768498067895 ], [ 11.989772144819167, 54.093816797304797 ], [ 11.991743578687581, 54.094418506276 ], [ 11.984842146363434, 54.103571463667741 ], [ 11.990443969032412, 54.102343656872577 ], [ 11.993944626483428, 54.103518264617179 ], [ 11.997365934223565, 54.106538586490011 ], [ 11.998484309852705, 54.109640743926541 ], [ 12.001176635002999, 54.110106288690027 ], [ 11.999937306672962, 54.116447873847854 ], [ 12.018455534380728, 54.117667102448095 ], [ 12.020426675559657, 54.119513083558779 ], [ 12.019956622754904, 54.122938416146795 ], [ 12.0220547191047, 54.123021361954891 ], [ 12.032556136041293, 54.119803997980753 ], [ 12.034544826591397, 54.115601059027661 ], [ 12.037150170772048, 54.116404598336722 ], [ 12.039052999692403, 54.112302252061703 ], [ 12.036445239178178, 54.111745837663278 ], [ 12.036830809914973, 54.107586063975155 ], [ 12.049492885166003, 54.106349981444254 ], [ 12.049432595975301, 54.103978329818048 ], [ 12.054515590106512, 54.103032535493263 ], [ 12.050404947466731, 54.097142294630935 ], [ 12.051844055768726, 54.095263614488132 ], [ 12.048061215154162, 54.093715385913796 ], [ 12.047411067698835, 54.091783412620067 ], [ 12.057585285433435, 54.088798409752307 ], [ 12.059845908186398, 54.086527817932463 ], [ 12.059722869493719, 54.084249787153098 ], [ 12.06391477255414, 54.083120797859685 ], [ 12.064271847446777, 54.081339785785708 ], [ 12.060593895770072, 54.079516502810492 ], [ 12.060959261353632, 54.076272475986251 ], [ 12.066017314262886, 54.067921362246942 ], [ 12.072499889849322, 54.068342132722222 ], [ 12.073529816948328, 54.066759813348703 ], [ 12.063759617598455, 54.063267959930293 ], [ 12.064997199797714, 54.059108649059645 ], [ 12.072948582563622, 54.063602539951496 ], [ 12.073227373147589, 54.056027358106348 ], [ 12.081104156247285, 54.051430463468165 ], [ 12.088385822206819, 54.051050630836677 ], [ 12.090730084835995, 54.052337784864307 ], [ 12.095065911911025, 54.052471423576137 ], [ 12.09637680932509, 54.05080873483903 ], [ 12.098011844614948, 54.052876502137167 ], [ 12.11686071918891, 54.058559017968712 ], [ 12.13415008564742, 54.059393495025098 ], [ 12.145473961995446, 54.058337690636357 ], [ 12.146406693362595, 54.061936570879048 ], [ 12.155240557899088, 54.065425496067888 ], [ 12.159475010172283, 54.069244853514157 ], [ 12.165543375448371, 54.071231859137313 ], [ 12.169877467751114, 54.067033568316852 ], [ 12.192433626898085, 54.069792149655235 ], [ 12.192945243043367, 54.078791030341861 ], [ 12.198783795088112, 54.080896348337625 ], [ 12.199647744338144, 54.083366828774174 ], [ 12.198204323399601, 54.084750958987442 ], [ 12.201194547062277, 54.09716665570614 ], [ 12.197801312701033, 54.101934667412237 ], [ 12.190653402570922, 54.106792968502042 ], [ 12.171129752121038, 54.115971668795147 ], [ 12.173346681994822, 54.118914568832182 ], [ 12.171160968247348, 54.121450616257583 ], [ 12.172846923308578, 54.124162048578164 ], [ 12.17281515195743, 54.128862104001854 ], [ 12.177725472626728, 54.130630819000423 ], [ 12.183661667572247, 54.134634833029324 ], [ 12.189673831201178, 54.147627465833608 ], [ 12.187728363531289, 54.148322641890438 ], [ 12.186312806862423, 54.1536103781742 ], [ 12.182714654242645, 54.158915992044896 ], [ 12.176291308649295, 54.159117271322017 ], [ 12.175291114566186, 54.16240022751942 ], [ 12.18661318899183, 54.166422112664222 ], [ 12.197815334970612, 54.16799008493895 ], [ 12.202533294080935, 54.174532138800068 ], [ 12.205725932810578, 54.176863756565361 ], [ 12.205981865180238, 54.182257122821362 ], [ 12.225103411199116, 54.183444207149797 ], [ 12.224238037844925, 54.178839887672119 ], [ 12.225510578166867, 54.178667909744014 ], [ 12.228118547924689, 54.179638214189801 ], [ 12.228625962441344, 54.181436298440644 ], [ 12.236262957875859, 54.183090494064245 ], [ 12.246246769207788, 54.184064799919383 ], [ 12.257762897434064, 54.182692536094287 ], [ 12.262973746246706, 54.1859901361304 ], [ 12.267527599989663, 54.184443125230089 ], [ 12.295123762164662, 54.195698792347628 ], [ 12.287312339616452, 54.202434974502431 ], [ 12.276094613961575, 54.209365631536748 ], [ 12.272695847644467, 54.210604974092995 ], [ 12.272403054439371, 54.213935229051607 ], [ 12.264103461294406, 54.215004269007032 ], [ 12.265102503657278, 54.218775321397835 ], [ 12.264142462005882, 54.223135839538365 ], [ 12.267695724758349, 54.236620017591328 ], [ 12.267581734607427, 54.24107672279748 ], [ 12.263628736035958, 54.24284503576019 ], [ 12.257594724222377, 54.243127970711356 ], [ 12.252130928797293, 54.241868906719056 ], [ 12.243377610048169, 54.242903915757829 ], [ 12.240235809102952, 54.240903992866933 ], [ 12.234676539336704, 54.241842522437118 ], [ 12.23205764460169, 54.241290210305216 ], [ 12.226454438751585, 54.243146718162279 ], [ 12.225188955720947, 54.242134970793551 ], [ 12.221898845436737, 54.242126472809034 ], [ 12.202302859290183, 54.243827574212141 ], [ 12.201348687160879, 54.244700905325033 ], [ 12.223314390237448, 54.253993765772073 ], [ 12.239802671480833, 54.258949003962307 ], [ 12.284212914046087, 54.274432243203641 ], [ 12.284979556066677, 54.273326520152565 ], [ 12.283414845122143, 54.265975781940348 ], [ 12.279537678005523, 54.263838422708268 ], [ 12.278448106623253, 54.262004218505389 ], [ 12.2801271713983, 54.260967821487078 ], [ 12.300236164260133, 54.25526034173388 ], [ 12.297797788294767, 54.252403235395299 ], [ 12.308204779867637, 54.252304290132187 ], [ 12.312060890981165, 54.249674185754479 ] ] ] ] } },
{ "type": "Feature", "properties": { "wkr": 13, "wkr_name": "Mecklenburgische Seenplatte I – Vorpommern-Greifswald I" }, "geometry": { "type": "Polygon", "coordinates": [ [ [ 13.374191279438561, 53.854587688807506 ], [ 13.369183244927063, 53.844524808876187 ], [ 13.366847703859944, 53.843603716849593 ], [ 13.363201233431091, 53.843462992703905 ], [ 13.356878100776544, 53.844940745507529 ], [ 13.354060822348, 53.846768968969755 ], [ 13.337583818087818, 53.849175757943314 ], [ 13.333170300430726, 53.83407060114839 ], [ 13.315953299085766, 53.83134892936463 ], [ 13.309393922471328, 53.825706821969987 ], [ 13.303023215312695, 53.823728770031423 ], [ 13.300768097421937, 53.81129508176069 ], [ 13.281179989496742, 53.810363140786649 ], [ 13.278188460414174, 53.813386184085566 ], [ 13.270021176727948, 53.818754378306146 ], [ 13.247730268409539, 53.813857132792478 ], [ 13.233750188710683, 53.807974013523172 ], [ 13.229058697923207, 53.80673100968253 ], [ 13.224838854277808, 53.807452209693238 ], [ 13.216778526460878, 53.805179987664474 ], [ 13.218601409403979, 53.798486130482829 ], [ 13.217098557671967, 53.795000156121795 ], [ 13.213628381356498, 53.795951738151913 ], [ 13.195705059428603, 53.792528790053993 ], [ 13.191473632800893, 53.793571682101899 ], [ 13.183951287467924, 53.799633591844731 ], [ 13.164196620876796, 53.800305767726307 ], [ 13.166187337367084, 53.805281698918051 ], [ 13.157216069525102, 53.803866408624614 ], [ 13.15939355494576, 53.800307634214825 ], [ 13.137605135930631, 53.79548102327125 ], [ 13.143765332793418, 53.787640613235354 ], [ 13.141499736609118, 53.7845354707026 ], [ 13.130245841846426, 53.783238060687651 ], [ 13.11894673034994, 53.780142035158022 ], [ 13.111937877697715, 53.781378534019929 ], [ 13.107314636323048, 53.777411877090387 ], [ 13.104579686898253, 53.776791792764904 ], [ 13.100894221286408, 53.774019358242398 ], [ 13.095883265905908, 53.77267859967327 ], [ 13.085854972003025, 53.760230379281701 ], [ 13.082985130705559, 53.759434856776075 ], [ 13.079009132059518, 53.756187826657843 ], [ 13.067719777696325, 53.756270417607737 ], [ 13.067448693077331, 53.759118599324857 ], [ 13.066247800289013, 53.759964879933648 ], [ 13.064261000900901, 53.760033939106791 ], [ 13.06207341900107, 53.758126597726815 ], [ 13.05563514988428, 53.7553271982338 ], [ 13.047890934387326, 53.748582241077727 ], [ 13.037524871510167, 53.748218826152204 ], [ 13.032247114905228, 53.749139898854246 ], [ 13.028654849219441, 53.748613799039134 ], [ 13.027851510202794, 53.750000515937657 ], [ 13.026404441742441, 53.750276776231829 ], [ 13.017374533931529, 53.748791530726635 ], [ 13.01371706948501, 53.749625609829806 ], [ 13.009524279620138, 53.747089227208441 ], [ 13.003202124195195, 53.740662484103225 ], [ 12.999720755367546, 53.740779815528214 ], [ 12.990861032200829, 53.736427173155811 ], [ 12.987719905317741, 53.73610029307811 ], [ 12.983545921793722, 53.732481498816256 ], [ 12.980681030767073, 53.731393947912622 ], [ 12.966597731517846, 53.734576826813957 ], [ 12.962546369966759, 53.734056462568418 ], [ 12.951817940938888, 53.735637417980662 ], [ 12.954912192205528, 53.740308810449427 ], [ 12.952185481356338, 53.742164192268774 ], [ 12.952172568409399, 53.743678603701099 ], [ 12.944461794429005, 53.745561920149903 ], [ 12.944102502926249, 53.746594501236558 ], [ 12.947666937408952, 53.755009366040326 ], [ 12.945360993211448, 53.756042227147674 ], [ 12.948858082950677, 53.760280379045163 ], [ 12.947896699321875, 53.763316147776408 ], [ 12.932083936112706, 53.765130787324999 ], [ 12.926272250405379, 53.771084180794347 ], [ 12.916801571999841, 53.770703801838515 ], [ 12.91855350124102, 53.774360383897928 ], [ 12.909036717613979, 53.775925363249698 ], [ 12.909108094716041, 53.770873187522504 ], [ 12.90630599780966, 53.769021120137666 ], [ 12.895340862186018, 53.77502706375892 ], [ 12.889730157332254, 53.771032741602738 ], [ 12.873292308867628, 53.78234239898979 ], [ 12.864023037998217, 53.784151589986791 ], [ 12.867203906457117, 53.786125255290109 ], [ 12.869809350272162, 53.791071342224491 ], [ 12.876110993392087, 53.797788022419994 ], [ 12.875045508267062, 53.800452868461647 ], [ 12.87940057584207, 53.803987710064213 ], [ 12.883174728152163, 53.804744348137696 ], [ 12.894573562192836, 53.803941541125994 ], [ 12.897501827545771, 53.80464415862312 ], [ 12.900182140568347, 53.807226427893781 ], [ 12.901356378368455, 53.813692802741052 ], [ 12.911696994752369, 53.821877600862706 ], [ 12.912498734785046, 53.823986763310359 ], [ 12.911436219307163, 53.82980205450778 ], [ 12.913885649358772, 53.841220077682344 ], [ 12.908568969680543, 53.845925819268047 ], [ 12.899998617829311, 53.848925201551175 ], [ 12.896503815755024, 53.848990034066318 ], [ 12.889932032528227, 53.847370313683008 ], [ 12.878044445150046, 53.841529116382198 ], [ 12.86824328945788, 53.833876752256039 ], [ 12.864998219277055, 53.835252012397433 ], [ 12.837792436982287, 53.840763007332349 ], [ 12.832300985671695, 53.844021223107063 ], [ 12.814979401307864, 53.847996024417569 ], [ 12.816016605162046, 53.851048542510668 ], [ 12.810680530379569, 53.853924555817805 ], [ 12.807344108404825, 53.850725681439606 ], [ 12.796167501311528, 53.850297820685782 ], [ 12.79356106312852, 53.855389605025309 ], [ 12.788111476483426, 53.857363483682001 ], [ 12.784763510745172, 53.857398976571474 ], [ 12.785186885503702, 53.862052278079119 ], [ 12.776490750913904, 53.866084027047094 ], [ 12.77354316981282, 53.864205845731213 ], [ 12.771921835313323, 53.869865473211384 ], [ 12.784196585262976, 53.874321069567934 ], [ 12.788526783806708, 53.871941601175443 ], [ 12.794334038182779, 53.87175553507246 ], [ 12.794906256776718, 53.873252794955206 ], [ 12.800321731727646, 53.871867884372477 ], [ 12.803244024913125, 53.876897746561532 ], [ 12.791340892741125, 53.877506489800417 ], [ 12.787685852262877, 53.879055697983432 ], [ 12.785160971551102, 53.880811264893374 ], [ 12.786864711292468, 53.882721476000448 ], [ 12.7830669480854, 53.884061923198566 ], [ 12.7816554747011, 53.88335727204305 ], [ 12.77763620556143, 53.886448011425152 ], [ 12.783801005750856, 53.891716386467145 ], [ 12.783826951298696, 53.893219145273385 ], [ 12.780387351370292, 53.895100028195493 ], [ 12.770668390338384, 53.896160623302592 ], [ 12.770423281385794, 53.897176375385065 ], [ 12.765958403249151, 53.897940249256408 ], [ 12.764693161974082, 53.899903882059867 ], [ 12.770080322724048, 53.904612631369027 ], [ 12.784297967474847, 53.922902650878676 ], [ 12.790066307611559, 53.921223412129564 ], [ 12.801490285505459, 53.920405944865017 ], [ 12.802893209031394, 53.920868532529575 ], [ 12.795652498602424, 53.927597414262813 ], [ 12.804482658615985, 53.929237467073385 ], [ 12.80955950829202, 53.924631535508887 ], [ 12.811989707621427, 53.924313586188944 ], [ 12.80966668362186, 53.930294706890642 ], [ 12.813692912065378, 53.930409476643881 ], [ 12.805738535965755, 53.943670197297543 ], [ 12.795492405663367, 53.952101828653923 ], [ 12.791615464961408, 53.952775409541239 ], [ 12.788644831716651, 53.952117200476174 ], [ 12.787240177702852, 53.953202968501678 ], [ 12.789147291989023, 53.953657008774591 ], [ 12.789017070333342, 53.955362401536902 ], [ 12.791081613971313, 53.958356831443872 ], [ 12.788183359141897, 53.959070723881638 ], [ 12.796077226601245, 53.965774616590764 ], [ 12.796471547590512, 53.97072486927236 ], [ 12.798954516685217, 53.974496448901419 ], [ 12.800677824846586, 53.973594902907053 ], [ 12.80675814601554, 53.98088038342928 ], [ 12.809950118348272, 53.982122223804211 ], [ 12.815823112977117, 53.988303206910238 ], [ 12.810440385413829, 53.991159767771123 ], [ 12.807776245588322, 53.994245038932959 ], [ 12.81225736509443, 53.99646866075441 ], [ 12.809986852383485, 53.997530911970422 ], [ 12.808357226833627, 53.99674180047181 ], [ 12.802364209827756, 53.998462806570181 ], [ 12.804077612290154, 54.001249177350033 ], [ 12.808553648988546, 54.004777695728613 ], [ 12.812073438412044, 54.002644792742338 ], [ 12.822228810674503, 53.999624435817296 ], [ 12.828706863777036, 53.996401991984719 ], [ 12.829963290472085, 53.994608374780874 ], [ 12.833138219564978, 53.99397571298482 ], [ 12.835336735742754, 53.991419336046484 ], [ 12.840328011446783, 53.989275526403468 ], [ 12.849186161188216, 53.9804712287009 ], [ 12.857738706629249, 53.975864895415725 ], [ 12.865225451820919, 53.97347696288378 ], [ 12.874339290627329, 53.973122857484668 ], [ 12.872513660006469, 53.976592206841651 ], [ 12.877099250426289, 53.979895411801266 ], [ 12.894897883924925, 53.980348132015699 ], [ 12.90869344395322, 53.983204581334959 ], [ 12.913567277228886, 53.990639269539038 ], [ 12.925708481119241, 53.994778616409228 ], [ 12.937245166356055, 53.994070739125057 ], [ 12.954633224770722, 54.001034747555785 ], [ 12.957495069172959, 54.004309500130603 ], [ 12.986911219430599, 54.003753979207843 ], [ 12.993018412901565, 54.008691712597113 ], [ 12.997390279388746, 54.01679926097615 ], [ 13.022829799941755, 54.013568162822239 ], [ 13.027564865688252, 54.017440389800036 ], [ 13.028725194421133, 54.0197477747733 ], [ 13.040526685851647, 54.025046205095407 ], [ 13.049437368198983, 54.026065726958606 ], [ 13.053694009137228, 54.025767367895455 ], [ 13.058646135706315, 54.027977410242272 ], [ 13.078763523106744, 54.03178720815729 ], [ 13.081009860889392, 54.029827042107399 ], [ 13.084440442493658, 54.031536665939463 ], [ 13.087546821261649, 54.037205958410929 ], [ 13.097225850094773, 54.035264599273653 ], [ 13.100727162098133, 54.03972707060732 ], [ 13.110758870933928, 54.03821353795594 ], [ 13.108360118196925, 54.030931137476806 ], [ 13.129413887305565, 54.025414229943827 ], [ 13.129818504488334, 54.027360190120596 ], [ 13.132469292379993, 54.027292063173007 ], [ 13.131547769216859, 54.022447236226277 ], [ 13.157568061357345, 54.021495333340738 ], [ 13.154591407292786, 54.027937332803489 ], [ 13.177692584134592, 54.031793366003022 ], [ 13.181381236425878, 54.031381507683399 ], [ 13.190441627423892, 54.035847160062254 ], [ 13.194312434861777, 54.035043239532655 ], [ 13.195551279098138, 54.035416166853636 ], [ 13.195389611249448, 54.037268760364142 ], [ 13.204431663042762, 54.034319439247163 ], [ 13.207844929889985, 54.034634263569991 ], [ 13.209998952720063, 54.038330233703178 ], [ 13.213800683821763, 54.039781318760141 ], [ 13.212742904191339, 54.044526746151391 ], [ 13.220667851955096, 54.04844042337038 ], [ 13.224670652998412, 54.053404122161666 ], [ 13.231275873785457, 54.053343670779107 ], [ 13.233666907945569, 54.055748674611486 ], [ 13.23959425774011, 54.049511608764803 ], [ 13.238638071621729, 54.045596774893639 ], [ 13.239616375462736, 54.039617014030924 ], [ 13.2433785951171, 54.034851875287977 ], [ 13.252667211439364, 54.034124577299167 ], [ 13.257737289972249, 54.029777983241175 ], [ 13.275641794821791, 54.03123817558054 ], [ 13.282669282191483, 54.023775276265901 ], [ 13.283014134981139, 54.02113091973937 ], [ 13.285929018406406, 54.021020211347377 ], [ 13.290264467653342, 54.012834795112958 ], [ 13.291113511320724, 54.007776539023283 ], [ 13.31961347247381, 54.004207345048584 ], [ 13.316773263614744, 53.999635176871436 ], [ 13.32533500285432, 53.998882600254142 ], [ 13.332138436330411, 53.993103690424093 ], [ 13.33261203985065, 53.990427305423509 ], [ 13.331500796196174, 53.988225161816032 ], [ 13.342361562273325, 53.984673515008886 ], [ 13.342566211470341, 53.983001796420773 ], [ 13.338783811417715, 53.977753965819154 ], [ 13.336870961892501, 53.976572374835939 ], [ 13.338232267461365, 53.966884368937144 ], [ 13.341139880805475, 53.963474500855064 ], [ 13.335044181323676, 53.961074056912359 ], [ 13.327257430891546, 53.962516957363654 ], [ 13.321387865192994, 53.961894853692229 ], [ 13.314568803898702, 53.958158827263233 ], [ 13.311697040891314, 53.95749938700763 ], [ 13.323923158571368, 53.94376713720964 ], [ 13.333589475027317, 53.937999386414567 ], [ 13.338659186987277, 53.936058213298587 ], [ 13.343848136352634, 53.928419993341279 ], [ 13.34886744114897, 53.925799368841368 ], [ 13.355371771865405, 53.924101617508519 ], [ 13.365332012482749, 53.922948733769275 ], [ 13.368813297475965, 53.921349730302879 ], [ 13.382086601352185, 53.91040742105276 ], [ 13.388132145548811, 53.909029519911542 ], [ 13.394022735431776, 53.909553241612841 ], [ 13.400353891208329, 53.90913883027735 ], [ 13.404209971203873, 53.909816263859867 ], [ 13.409699171036547, 53.902410301656552 ], [ 13.406444238461217, 53.899695943852578 ], [ 13.405990031080679, 53.892446632105965 ], [ 13.387635788829005, 53.894718300233734 ], [ 13.377340204692191, 53.893531243628679 ], [ 13.372969146371439, 53.889590926890925 ], [ 13.372335621405639, 53.883372155866475 ], [ 13.379911940175862, 53.879942004789463 ], [ 13.38778890207759, 53.872373698768314 ], [ 13.390535287221091, 53.868069245966758 ], [ 13.38594926692531, 53.867090939759684 ], [ 13.381693856257248, 53.86780813039573 ], [ 13.364954526099499, 53.862888682211867 ], [ 13.378172808914895, 53.856461831675873 ], [ 13.374191279438561, 53.854587688807506 ] ] ] } },
{ "type": "Feature", "properties": { "wkr": 14, "wkr_name": "Mecklenburgische Seenplatte II" }, "geometry": { "type": "Polygon", "coordinates": [ [ [ 13.432063269586299, 53.749545996717778 ], [ 13.428991741469963, 53.742606075130986 ], [ 13.418962878221146, 53.72720315482907 ], [ 13.416415809687255, 53.712630282770405 ], [ 13.410676005368735, 53.70630515014291 ], [ 13.393722199935279, 53.697318661012048 ], [ 13.381352905815001, 53.691934211920888 ], [ 13.345285730323839, 53.67959756021429 ], [ 13.326303735649285, 53.676327387855864 ], [ 13.309001619317749, 53.672387709361963 ], [ 13.27817121168491, 53.662848279463994 ], [ 13.273750088272255, 53.662479031959926 ], [ 13.269347178055936, 53.663555583780528 ], [ 13.267615762771161, 53.662130075520651 ], [ 13.272262957350248, 53.653529444931635 ], [ 13.262812594043808, 53.648377065063883 ], [ 13.26152971467855, 53.645091718494101 ], [ 13.257468946313193, 53.643809005578035 ], [ 13.256351335117751, 53.640397641698705 ], [ 13.258946254257738, 53.638399327821659 ], [ 13.255577240674894, 53.636993168964835 ], [ 13.256589313559145, 53.634294349252073 ], [ 13.253934266018737, 53.632720061058585 ], [ 13.252916782216309, 53.630099774609562 ], [ 13.257881336017606, 53.628268170631145 ], [ 13.257486155347083, 53.626768089950737 ], [ 13.251574366424874, 53.624264651554569 ], [ 13.252723805042887, 53.61909353167367 ], [ 13.250271574038401, 53.618922454609312 ], [ 13.248957968654318, 53.617136916194873 ], [ 13.228111385227129, 53.616145916762193 ], [ 13.218434205697378, 53.61824599007948 ], [ 13.212735524612356, 53.620670504145117 ], [ 13.210862485359115, 53.619084557704561 ], [ 13.205053259592296, 53.607929039234051 ], [ 13.200805532996656, 53.608408355516644 ], [ 13.199731659380543, 53.604182789014715 ], [ 13.194278587156163, 53.600908900633542 ], [ 13.181373574165754, 53.603627968698085 ], [ 13.172116349642438, 53.603894882739688 ], [ 13.167191594754771, 53.600846723872088 ], [ 13.164394041433303, 53.600245190376036 ], [ 13.163711704238144, 53.597586915383957 ], [ 13.161482867696973, 53.596329467413057 ], [ 13.151754251162119, 53.594348615736571 ], [ 13.149265402122284, 53.596413909039185 ], [ 13.138163724831573, 53.594544227790408 ], [ 13.134493475882758, 53.587220842686229 ], [ 13.130685102347075, 53.585595918377194 ], [ 13.122253153416738, 53.583296758241872 ], [ 13.118769166988574, 53.583556399026449 ], [ 13.111031156737171, 53.582240471438077 ], [ 13.106764299532738, 53.579519059858193 ], [ 13.094177831925141, 53.577075520878374 ], [ 13.091382113693248, 53.574499801936348 ], [ 13.098591308059293, 53.569344783076588 ], [ 13.095274285350834, 53.568573891164817 ], [ 13.093869024742773, 53.5640785654872 ], [ 13.092336684768659, 53.562294878173851 ], [ 13.088903621525635, 53.561042329630702 ], [ 13.090235907823898, 53.558269903949821 ], [ 13.089017267424254, 53.552862199915857 ], [ 13.086251493351673, 53.554454890054515 ], [ 13.0761789294328, 53.551814518727738 ], [ 13.073945601879736, 53.544911338133289 ], [ 13.069996529949307, 53.546204690783128 ], [ 13.068261483371145, 53.557836978256148 ], [ 13.062084321736888, 53.557975623356448 ], [ 13.051642851052389, 53.560441230108246 ], [ 13.033300115403421, 53.568071941858705 ], [ 13.021162434541012, 53.563720897778779 ], [ 13.018608777697802, 53.563913830625488 ], [ 13.017985581237935, 53.566004126673562 ], [ 13.015740412219392, 53.566332203773804 ], [ 13.006125670210704, 53.56424216399035 ], [ 13.004344078838505, 53.565091821808139 ], [ 13.004394252829398, 53.567514287646752 ], [ 13.000434807183543, 53.571176480829052 ], [ 12.995334700842644, 53.569025273377726 ], [ 12.978847793575556, 53.570893671997254 ], [ 12.976796053287346, 53.568056668802441 ], [ 12.975340929198627, 53.571074696978549 ], [ 12.975801698103059, 53.572680575207293 ], [ 12.969003129104092, 53.575704079134624 ], [ 12.968289823185994, 53.578224216882376 ], [ 12.964622881468609, 53.57911941881158 ], [ 12.958671222805517, 53.591018275414022 ], [ 12.953512892729426, 53.589793007399265 ], [ 12.94428691187321, 53.589453120000911 ], [ 12.937902702899178, 53.590698027356446 ], [ 12.931322212202444, 53.590930432220091 ], [ 12.925581870253177, 53.592663174915828 ], [ 12.922647805078762, 53.595008868496805 ], [ 12.915184182126362, 53.596168063710323 ], [ 12.912163023652454, 53.595305122741109 ], [ 12.910331361123243, 53.590343579633306 ], [ 12.902636864532095, 53.598352504433812 ], [ 12.905722810898535, 53.598538219476154 ], [ 12.906576340683021, 53.601380147287131 ], [ 12.895965978068469, 53.601323809543025 ], [ 12.870218334850271, 53.599571911434786 ], [ 12.85445665416059, 53.59747945306578 ], [ 12.852143478836245, 53.602054202843789 ], [ 12.849189624297162, 53.603920532427502 ], [ 12.845448014496862, 53.605559838961625 ], [ 12.84041165238968, 53.605416560015911 ], [ 12.839371165705844, 53.602763954257505 ], [ 12.830961490210417, 53.599744861716616 ], [ 12.826821314196753, 53.596711540353006 ], [ 12.831620668222273, 53.592893538956112 ], [ 12.834896442357243, 53.593730768010403 ], [ 12.83538034660717, 53.589869227165593 ], [ 12.826544506017427, 53.586755112301532 ], [ 12.81762625886503, 53.585315663548116 ], [ 12.816989501044739, 53.587298567906046 ], [ 12.814209265700402, 53.589165783868268 ], [ 12.797497336204913, 53.592852077390454 ], [ 12.798589787916049, 53.601614552016827 ], [ 12.796437137691505, 53.609004558958155 ], [ 12.796888177575683, 53.611055721381945 ], [ 12.763864291623303, 53.614709935052019 ], [ 12.757007692786791, 53.611794124377326 ], [ 12.729967574305808, 53.6173337520205 ], [ 12.718896539781472, 53.618203199342901 ], [ 12.717439876483864, 53.625813621354375 ], [ 12.731645040546805, 53.63408945626896 ], [ 12.717633946531889, 53.639608552490856 ], [ 12.728686899260131, 53.65000794408035 ], [ 12.732285053516129, 53.661385053403471 ], [ 12.702948885342096, 53.665489943137111 ], [ 12.686295303774072, 53.660371280691741 ], [ 12.685794396521231, 53.657405034877002 ], [ 12.675457044312157, 53.657282310122412 ], [ 12.666302484354242, 53.653080357339306 ], [ 12.663150352837729, 53.652640364968697 ], [ 12.656606387546244, 53.6532672129647 ], [ 12.647013425898955, 53.655329641785137 ], [ 12.654233714844507, 53.656055728480446 ], [ 12.657850413074362, 53.662448470289014 ], [ 12.650158999493055, 53.667581122855289 ], [ 12.641596777581984, 53.669649105015431 ], [ 12.630171504332578, 53.680314234660706 ], [ 12.623669868665491, 53.690987757463361 ], [ 12.625205202732582, 53.693878384551908 ], [ 12.625047189864775, 53.69854434294966 ], [ 12.627552622646764, 53.702554092972377 ], [ 12.636039145408597, 53.713881182063915 ], [ 12.639400795652941, 53.715657627339034 ], [ 12.636591397874788, 53.718649151335548 ], [ 12.638770016468573, 53.720482849226677 ], [ 12.636730742685721, 53.7244326046224 ], [ 12.627748599186305, 53.725927932656361 ], [ 12.629458466203403, 53.732261093866541 ], [ 12.627153700243241, 53.733173071010256 ], [ 12.629720178359644, 53.741821252473976 ], [ 12.627717251724098, 53.742733244446001 ], [ 12.629105953461252, 53.744787392552404 ], [ 12.628617149734351, 53.753594938493293 ], [ 12.641300002961602, 53.753357276742193 ], [ 12.646384806906029, 53.754039790648008 ], [ 12.648080124719502, 53.759130237806119 ], [ 12.647622638704869, 53.766140290272922 ], [ 12.64352555787077, 53.770967032130727 ], [ 12.64711448038366, 53.772358026922312 ], [ 12.683600856659133, 53.768800892025283 ], [ 12.68995583421637, 53.771573204088433 ], [ 12.694849678842573, 53.770240815336848 ], [ 12.699089694987897, 53.774855532771234 ], [ 12.695202942841924, 53.777752395004015 ], [ 12.696626846598537, 53.782654237260211 ], [ 12.703139188552267, 53.78724308112546 ], [ 12.702495239959738, 53.797705658821378 ], [ 12.700612507951897, 53.799971755942735 ], [ 12.704221855557551, 53.80607197354896 ], [ 12.703582684575851, 53.81427692412251 ], [ 12.709967738526174, 53.81393913836007 ], [ 12.717706191094409, 53.816706935142157 ], [ 12.734876487889544, 53.817344745344627 ], [ 12.749613993244671, 53.82372796636588 ], [ 12.748132896562701, 53.827649775761451 ], [ 12.751480342782429, 53.836910978639551 ], [ 12.756474665790849, 53.844695432258263 ], [ 12.753643742106862, 53.851323618661887 ], [ 12.754986001354611, 53.852237592967491 ], [ 12.752944941318244, 53.85482170170782 ], [ 12.753013639660962, 53.860318613405653 ], [ 12.763715177862879, 53.863852610497297 ], [ 12.768616951882056, 53.872215289296548 ], [ 12.771921862405472, 53.869869966055859 ], [ 12.773543183452572, 53.864208092156133 ], [ 12.776490764709434, 53.866086273472469 ], [ 12.785186899770109, 53.862054524509695 ], [ 12.784763524994338, 53.857401223003372 ], [ 12.788111490912048, 53.857365730115312 ], [ 12.793561077851457, 53.855391851461484 ], [ 12.796167516179979, 53.850300067124834 ], [ 12.807344123871601, 53.850727927882645 ], [ 12.810680546021494, 53.853926802261341 ], [ 12.816016621093091, 53.851050788957203 ], [ 12.814979417186734, 53.8479982708648 ], [ 12.832301002482765, 53.844023469562359 ], [ 12.83779245409098, 53.840765253790714 ], [ 12.864998237848374, 53.835254258867643 ], [ 12.868243308204336, 53.833878998727968 ], [ 12.878044464413714, 53.841531362854859 ], [ 12.888586384873168, 53.846848727297832 ], [ 12.896503836000228, 53.84899228054261 ], [ 12.899998638261792, 53.848927448028739 ], [ 12.903450754547579, 53.847925839879522 ], [ 12.91122194006571, 53.844003212098322 ], [ 12.913885670542287, 53.841222324167106 ], [ 12.914086409962909, 53.838712269362425 ], [ 12.911436240370039, 53.82980430099564 ], [ 12.912498755910164, 53.823989009800712 ], [ 12.911697015836518, 53.821879847353443 ], [ 12.901356398906907, 53.813695049231185 ], [ 12.900182161050088, 53.807228674385762 ], [ 12.896249002505797, 53.804136268681319 ], [ 12.883174747726606, 53.804746594624817 ], [ 12.879400595215388, 53.803989956550396 ], [ 12.875045527410974, 53.800455114947525 ], [ 12.876111012595622, 53.797790268907093 ], [ 12.869809369145472, 53.791073588711832 ], [ 12.867203925196145, 53.786127501778147 ], [ 12.864023056569248, 53.784153836474182 ], [ 12.873292327935854, 53.782344645481245 ], [ 12.889730177289863, 53.771034988103892 ], [ 12.895340882439539, 53.775029310260486 ], [ 12.906306018654623, 53.769023366644987 ], [ 12.90910811570896, 53.770875434030081 ], [ 12.909036738598401, 53.77592760975547 ], [ 12.918553522735333, 53.774362630407325 ], [ 12.916801593403894, 53.770706048348607 ], [ 12.926272272315, 53.771086427307431 ], [ 12.93208395833804, 53.765133033841856 ], [ 12.947896722393278, 53.763318394298807 ], [ 12.948858106076008, 53.760282625568813 ], [ 12.945361016153671, 53.756044473671729 ], [ 12.947666960475177, 53.75501161256539 ], [ 12.944102525809406, 53.746596747763526 ], [ 12.944461817332227, 53.745564166677219 ], [ 12.952172591725725, 53.743680850231485 ], [ 12.952185504674626, 53.742166438799813 ], [ 12.95491221567088, 53.740311056981831 ], [ 12.951817964243082, 53.735639664513698 ], [ 12.96254639384461, 53.734058709105327 ], [ 12.966597755611401, 53.734579073351732 ], [ 12.980681055614459, 53.731396194455513 ], [ 12.983545946793068, 53.732483745359623 ], [ 12.987719930536944, 53.736102539621285 ], [ 12.990861057587361, 53.736429419699711 ], [ 12.999720781223481, 53.740782062073052 ], [ 13.003202150236989, 53.740664730648916 ], [ 13.009524305994578, 53.747091473753507 ], [ 13.013717096081381, 53.749627856375177 ], [ 13.017374560723734, 53.748793777273143 ], [ 13.026404469015581, 53.750279022780056 ], [ 13.027851537553364, 53.750002762486425 ], [ 13.028654876613857, 53.748616045588541 ], [ 13.032247142491022, 53.749142145404122 ], [ 13.037524899378283, 53.748221072703949 ], [ 13.047890962808484, 53.748584487631661 ], [ 13.055635178714448, 53.755329444787222 ], [ 13.062073448173207, 53.758128844280591 ], [ 13.06426103018865, 53.760036185660319 ], [ 13.066247829682883, 53.759967126487787 ], [ 13.067448722535852, 53.759120845879508 ], [ 13.067719807171082, 53.756272664163475 ], [ 13.079009162137059, 53.756190073215969 ], [ 13.082985160993463, 53.759437103333852 ], [ 13.085855002443699, 53.760232625839947 ], [ 13.095883296875053, 53.772680846229065 ], [ 13.100894252522499, 53.77402160479879 ], [ 13.104579718329726, 53.776794039320883 ], [ 13.107314667900308, 53.777414123646743 ], [ 13.111937909519886, 53.781380780575788 ], [ 13.118946762547289, 53.780144281715621 ], [ 13.130245874646011, 53.783240307246075 ], [ 13.141499770009514, 53.784537717262609 ], [ 13.143765366313435, 53.787642859794666 ], [ 13.137605169117622, 53.795483269826669 ], [ 13.159393589295556, 53.800309880771991 ], [ 13.157216103756879, 53.803868655180189 ], [ 13.166187372078054, 53.805283945474535 ], [ 13.164196655483417, 53.800308014284383 ], [ 13.183951323131183, 53.799635838405806 ], [ 13.191473668868671, 53.793573928666184 ], [ 13.195705095722987, 53.792531036619174 ], [ 13.2136284186079, 53.795953984718061 ], [ 13.217098595109219, 53.79500240268856 ], [ 13.218601446920447, 53.798488377048606 ], [ 13.216778563877691, 53.8051822342278 ], [ 13.224838892125007, 53.807454456256579 ], [ 13.229058735996341, 53.806733256246503 ], [ 13.233750227034374, 53.807976260087365 ], [ 13.247730307479443, 53.813859379355925 ], [ 13.270021216989322, 53.818756624869728 ], [ 13.27818850111368, 53.813388430651692 ], [ 13.281180030356907, 53.810365387353897 ], [ 13.300768139329762, 53.811297328329061 ], [ 13.303023257339197, 53.823731016595524 ], [ 13.309393964838499, 53.825709068533669 ], [ 13.315953341803262, 53.831351175926613 ], [ 13.333170344069643, 53.834072847710154 ], [ 13.337583861961681, 53.849178004499727 ], [ 13.354060867104637, 53.846771215527539 ], [ 13.356878145684176, 53.844942992065995 ], [ 13.363201278677435, 53.843465239263111 ], [ 13.366847749301591, 53.843605963408663 ], [ 13.369183290493757, 53.844527055435101 ], [ 13.371630836561017, 53.848097250966532 ], [ 13.3783002774947, 53.844856605066965 ], [ 13.381787467814114, 53.840003272565248 ], [ 13.394096891556138, 53.834366726090785 ], [ 13.396505075539347, 53.830418732376693 ], [ 13.396482959639592, 53.828188988818418 ], [ 13.392048175935114, 53.819961666027787 ], [ 13.39300254538054, 53.816219314877962 ], [ 13.387695608862987, 53.810994023102495 ], [ 13.387517821734701, 53.807332269744442 ], [ 13.383094462314164, 53.805194407963661 ], [ 13.382844613898781, 53.803024308322904 ], [ 13.376664780700654, 53.799930146197568 ], [ 13.365966865572506, 53.799887896646844 ], [ 13.352902403670598, 53.803895204214463 ], [ 13.344096092113466, 53.804269226511259 ], [ 13.343818044070796, 53.787556750736272 ], [ 13.352229162438835, 53.78538561227694 ], [ 13.354125380314377, 53.781839792318287 ], [ 13.357812820807069, 53.780724720085715 ], [ 13.359685823054145, 53.779220302709469 ], [ 13.36119203940819, 53.775651315474995 ], [ 13.371065625341714, 53.77085310056777 ], [ 13.375790129862621, 53.766776291540367 ], [ 13.374102678684855, 53.765200757002454 ], [ 13.36394727920384, 53.760455447797298 ], [ 13.360227370751153, 53.757583085779302 ], [ 13.367293890932242, 53.755164686648804 ], [ 13.365699182651351, 53.753345925043824 ], [ 13.369071186382838, 53.752094251189348 ], [ 13.3670952906753, 53.749998458030632 ], [ 13.371050126838734, 53.748209594765243 ], [ 13.377039567293348, 53.750087711978303 ], [ 13.385486607058478, 53.755050999417364 ], [ 13.391874130753813, 53.762414482182848 ], [ 13.406546359064329, 53.759407098980425 ], [ 13.424242614839585, 53.752715547891029 ], [ 13.431989470711047, 53.751804954985424 ], [ 13.432063269586299, 53.749545996717778 ] ] ] } },
{ "type": "Feature", "properties": { "wkr": 15, "wkr_name": "Landkreis Rostock III" }, "geometry": { "type": "Polygon", "coordinates": [ [ [ 12.657850382176782, 53.662439484523453 ], [ 12.654233684680332, 53.656046742713301 ], [ 12.647013397266992, 53.655320656031641 ], [ 12.642599553433493, 53.653837308527969 ], [ 12.626161289642813, 53.640862186314521 ], [ 12.625100269978395, 53.642143333222961 ], [ 12.621892124304454, 53.642716780552732 ], [ 12.611140481842115, 53.642832056686821 ], [ 12.605127529760841, 53.645260865833677 ], [ 12.605536247740398, 53.647353125816906 ], [ 12.600048538477186, 53.647991204573373 ], [ 12.59555102083136, 53.651675288400746 ], [ 12.592880049764256, 53.652750941533014 ], [ 12.580882031235923, 53.653543676556417 ], [ 12.568563579436544, 53.652586234003117 ], [ 12.564173055242545, 53.653215066116623 ], [ 12.557529107242033, 53.659906228657356 ], [ 12.552853524694742, 53.658730066847788 ], [ 12.550943399648784, 53.659989972779933 ], [ 12.54630252033237, 53.659646171038148 ], [ 12.541956066660592, 53.658128763263214 ], [ 12.531219836351084, 53.657900697365065 ], [ 12.529487275607453, 53.656507846627278 ], [ 12.522146408154011, 53.654335628176327 ], [ 12.5109015826035, 53.653879825830757 ], [ 12.503579362331772, 53.65844155766564 ], [ 12.50237096724492, 53.664663829315877 ], [ 12.498371244461644, 53.667697711264054 ], [ 12.501826812934786, 53.66906509070995 ], [ 12.500927896442645, 53.672025512320239 ], [ 12.497573921590529, 53.674362768852781 ], [ 12.502074540395613, 53.678022836548685 ], [ 12.487152589097727, 53.690119884533473 ], [ 12.468185876233964, 53.683329719303643 ], [ 12.465882116215408, 53.686746046232386 ], [ 12.466134379285634, 53.688112298521737 ], [ 12.472344303339003, 53.693204902694703 ], [ 12.472970603698258, 53.698597263289265 ], [ 12.464464571430346, 53.696310434722022 ], [ 12.460372435369804, 53.693803892534618 ], [ 12.457790682634331, 53.693280150812811 ], [ 12.460506422626381, 53.691727904451334 ], [ 12.461617295794028, 53.689110999832991 ], [ 12.4589044171365, 53.68659873271384 ], [ 12.458343025624821, 53.682188093177963 ], [ 12.459878995440175, 53.680366686175475 ], [ 12.453493687007096, 53.675959624323127 ], [ 12.450630761021277, 53.678873625848048 ], [ 12.446940496706997, 53.676811771866014 ], [ 12.46207546568024, 53.668265865343407 ], [ 12.466303412097833, 53.666656287903201 ], [ 12.468008161247003, 53.662527228011108 ], [ 12.462424188618247, 53.662603136986078 ], [ 12.459769912354616, 53.659996305294328 ], [ 12.456713410091401, 53.660470021130571 ], [ 12.450313175028487, 53.662444208996639 ], [ 12.452454140192733, 53.663230100685951 ], [ 12.443073465438729, 53.667200066324362 ], [ 12.439189734248734, 53.666688427310362 ], [ 12.433424668752497, 53.672988173525383 ], [ 12.399354166987003, 53.667155656337783 ], [ 12.396277109332416, 53.665907991864401 ], [ 12.397437330969185, 53.662534437984611 ], [ 12.406884188961255, 53.651709162524973 ], [ 12.416669225226393, 53.646814564252971 ], [ 12.414190528085914, 53.642300416779428 ], [ 12.408074049731656, 53.63637316213395 ], [ 12.410246050011239, 53.635160600797846 ], [ 12.412548838868101, 53.625965327869082 ], [ 12.407204552458269, 53.625287422810871 ], [ 12.411879435162309, 53.610945506083326 ], [ 12.406729007158468, 53.608089325364958 ], [ 12.403124437104669, 53.607113322584098 ], [ 12.405089737099539, 53.60417883670921 ], [ 12.403687129880597, 53.603039326225769 ], [ 12.401008278250721, 53.603492899453457 ], [ 12.398579917437937, 53.602884334809175 ], [ 12.416239615469477, 53.584068709152739 ], [ 12.41079506661637, 53.575396653685189 ], [ 12.402116626638939, 53.572627985094336 ], [ 12.398631171868447, 53.567389300153749 ], [ 12.391435208689558, 53.568783168197065 ], [ 12.392296275615292, 53.571689768360791 ], [ 12.388600903848372, 53.575323301891466 ], [ 12.375391934573441, 53.575861921325902 ], [ 12.371097870373452, 53.57681485693783 ], [ 12.374804974451445, 53.585341762996578 ], [ 12.362654704325143, 53.584852395568866 ], [ 12.35422696758623, 53.585752084733862 ], [ 12.34896451071538, 53.593640342634728 ], [ 12.342079365627447, 53.592567392706343 ], [ 12.336472346232265, 53.590813644632036 ], [ 12.339196201915733, 53.585873677263585 ], [ 12.334057571378768, 53.582030344761698 ], [ 12.324393786607438, 53.578859387299623 ], [ 12.317324911884578, 53.575501445756387 ], [ 12.317132985109268, 53.573019763000389 ], [ 12.315025808479081, 53.570702151440543 ], [ 12.311335239158225, 53.568760505627331 ], [ 12.305679541548535, 53.567808622516445 ], [ 12.299066967295271, 53.568027515697231 ], [ 12.289938229470105, 53.570619634810448 ], [ 12.287796447059737, 53.573598109579244 ], [ 12.288904857539814, 53.577957039026991 ], [ 12.282721160195711, 53.58180317079222 ], [ 12.254439691994913, 53.582295415232153 ], [ 12.250393245857772, 53.583592401816666 ], [ 12.248895114112566, 53.590561937635854 ], [ 12.241635418682455, 53.592487701770366 ], [ 12.234935399263145, 53.595764578390416 ], [ 12.217044746843701, 53.598695688213347 ], [ 12.209539233882868, 53.603094217652476 ], [ 12.214517705078984, 53.611155561477275 ], [ 12.202549589695833, 53.622833939954489 ], [ 12.198270244536049, 53.63903305210107 ], [ 12.199289243396858, 53.644981026892609 ], [ 12.205667164758376, 53.653370322186319 ], [ 12.20748375905271, 53.660482302291278 ], [ 12.206865612740613, 53.663838386062906 ], [ 12.214951203535799, 53.665002659707092 ], [ 12.223678212248355, 53.665170423805257 ], [ 12.239648943192934, 53.657951036682512 ], [ 12.243860091035582, 53.657438406602274 ], [ 12.249241496274465, 53.663226983924673 ], [ 12.251914620211249, 53.664507549649549 ], [ 12.251712583582473, 53.666418732910074 ], [ 12.250117251864635, 53.667883383034095 ], [ 12.250085821790265, 53.670783216951413 ], [ 12.248774402295172, 53.671505261900805 ], [ 12.250495425909431, 53.685072866929829 ], [ 12.246024150815213, 53.690726820744828 ], [ 12.244378894631112, 53.690550888259523 ], [ 12.242023237235635, 53.691619845140735 ], [ 12.231568489972597, 53.684773727804483 ], [ 12.225981339126959, 53.685391776426179 ], [ 12.199526875861883, 53.682561413848454 ], [ 12.19661480303747, 53.67455036758021 ], [ 12.198614948098188, 53.671741717731258 ], [ 12.190393732936586, 53.670847830424343 ], [ 12.186292814479932, 53.672061887373438 ], [ 12.189124173779932, 53.674515063913645 ], [ 12.193197972815415, 53.68088458141402 ], [ 12.193694477587176, 53.689803166168595 ], [ 12.187681928746247, 53.691680214528844 ], [ 12.181965062465373, 53.690783414231035 ], [ 12.181905073987663, 53.694013359269888 ], [ 12.168590644037621, 53.696133187852645 ], [ 12.167485880844774, 53.703127780915977 ], [ 12.168922961810038, 53.704052396250468 ], [ 12.166073313530989, 53.705391155157173 ], [ 12.166187601420903, 53.709514770676087 ], [ 12.167243443367056, 53.710286875796093 ], [ 12.166894722826905, 53.713085711399735 ], [ 12.165502626370406, 53.713850518421765 ], [ 12.170663906559119, 53.717595140251682 ], [ 12.167936859975402, 53.71872810836765 ], [ 12.169003096534301, 53.721658466642722 ], [ 12.171235139793456, 53.723679020184925 ], [ 12.17500886198164, 53.720395674344275 ], [ 12.180516621045811, 53.721835356134974 ], [ 12.178696166710029, 53.725808894974115 ], [ 12.194935756572951, 53.726951572370986 ], [ 12.20289504708188, 53.724794850825973 ], [ 12.208557681182304, 53.725841909381408 ], [ 12.215212581095896, 53.729530962719046 ], [ 12.230050023396677, 53.727253306327633 ], [ 12.234869392791056, 53.720014397454364 ], [ 12.239225648588068, 53.720958954503686 ], [ 12.241119642427334, 53.722170246572702 ], [ 12.250756041113529, 53.718971958912213 ], [ 12.252493643687123, 53.719622319073274 ], [ 12.25236328460044, 53.722849872761628 ], [ 12.258368660596132, 53.725186695761039 ], [ 12.254104463575427, 53.732488140464497 ], [ 12.260396847785868, 53.735254394332877 ], [ 12.261344148712796, 53.736491971730665 ], [ 12.258701273424949, 53.739475261614814 ], [ 12.257587751867719, 53.743241892561869 ], [ 12.255778174047562, 53.744373323949979 ], [ 12.265232559696948, 53.746582584636364 ], [ 12.285537586866075, 53.748281143704034 ], [ 12.286235081333436, 53.752135415114338 ], [ 12.283494417410051, 53.754226763696444 ], [ 12.288609518319483, 53.755536225490452 ], [ 12.291936005116465, 53.755079876418428 ], [ 12.29139365589408, 53.758831798694473 ], [ 12.293360159929716, 53.764205084775597 ], [ 12.292179000988567, 53.774982144039875 ], [ 12.293970171425718, 53.775525418082431 ], [ 12.294521891304255, 53.782021046265939 ], [ 12.286751866058042, 53.791210155741439 ], [ 12.28885549001849, 53.79439414909249 ], [ 12.292452672919492, 53.793354410160134 ], [ 12.300581780318225, 53.799371685199652 ], [ 12.320695211010774, 53.80263391115912 ], [ 12.322655731083461, 53.804333519162007 ], [ 12.327783506612853, 53.804088804761854 ], [ 12.332880064705039, 53.806145668622904 ], [ 12.33671184634443, 53.804733344918816 ], [ 12.351007089251386, 53.79595619574193 ], [ 12.356450073712896, 53.800978581504765 ], [ 12.359639695743338, 53.810266762297069 ], [ 12.361701274046412, 53.811817992041497 ], [ 12.359159015172905, 53.814003118674627 ], [ 12.361743950250547, 53.815544600842152 ], [ 12.361938873142126, 53.817775380687209 ], [ 12.359657284210492, 53.818216964993844 ], [ 12.36074401018918, 53.821873038953846 ], [ 12.368869603797117, 53.830781037193795 ], [ 12.370340394399157, 53.831751535438201 ], [ 12.371882973985866, 53.830798439040763 ], [ 12.373954404349302, 53.83344259280117 ], [ 12.37258897236422, 53.838386740202289 ], [ 12.375080916989761, 53.841408234133048 ], [ 12.372239810698327, 53.843968552393363 ], [ 12.372781430357096, 53.845379704899493 ], [ 12.367672691359175, 53.852403982027539 ], [ 12.356409366018017, 53.855617367074359 ], [ 12.344786997050727, 53.851609793964492 ], [ 12.339606189074878, 53.851429224799716 ], [ 12.333147626771327, 53.849649437810761 ], [ 12.327617248686096, 53.849479147242647 ], [ 12.324696629521187, 53.852594181997013 ], [ 12.332449644895084, 53.864288243277784 ], [ 12.334325883601265, 53.865556871833761 ], [ 12.318758435556223, 53.867323626520253 ], [ 12.308298315328077, 53.86670993953291 ], [ 12.301189217283886, 53.869724612538725 ], [ 12.301826719514388, 53.871217326365596 ], [ 12.294797539879008, 53.87338096873443 ], [ 12.299078203001587, 53.875608122132363 ], [ 12.264775542128802, 53.881944753809449 ], [ 12.249533947093166, 53.875077260888474 ], [ 12.237224099156595, 53.871515827692029 ], [ 12.235222129317453, 53.866876061336463 ], [ 12.229953723480552, 53.867961380593648 ], [ 12.218375367629864, 53.876627475482373 ], [ 12.219694735787773, 53.882397038301647 ], [ 12.221160548386099, 53.88415351804948 ], [ 12.213177123294436, 53.888844876431165 ], [ 12.174059534083849, 53.88377460264195 ], [ 12.175858563600308, 53.892417245466312 ], [ 12.131434709393513, 53.894793000671456 ], [ 12.114948307213314, 53.90232946955804 ], [ 12.112218703696055, 53.902922943186361 ], [ 12.11078775211454, 53.902602611758482 ], [ 12.111745393220742, 53.900760132693158 ], [ 12.121019164601469, 53.895990047338287 ], [ 12.117005467045807, 53.893572564878966 ], [ 12.122047620074893, 53.886368413080156 ], [ 12.123458884406652, 53.879899211456802 ], [ 12.114213033469097, 53.876681193269718 ], [ 12.110271452210506, 53.864257648661351 ], [ 12.101132573421115, 53.860753123110918 ], [ 12.099503144533584, 53.86073248010247 ], [ 12.094064023071505, 53.863282423539225 ], [ 12.08861697300194, 53.864588117286274 ], [ 12.082361330656081, 53.863561928063781 ], [ 12.05570412464826, 53.878506347773502 ], [ 12.046130891923237, 53.881713144409474 ], [ 12.045394659162945, 53.879715668172203 ], [ 12.041000609414329, 53.879656312587485 ], [ 12.040313994543663, 53.882188455369267 ], [ 12.023574308526287, 53.874893096939189 ], [ 12.020218852723445, 53.872631765933058 ], [ 12.018810542332632, 53.872968872662824 ], [ 12.01769255898011, 53.87406445664277 ], [ 12.02660720556041, 53.878805963190359 ], [ 12.025094212498958, 53.882973891760479 ], [ 12.029662582191643, 53.884514063576468 ], [ 12.034224461292416, 53.891021822290092 ], [ 12.029959687423899, 53.892405308132325 ], [ 12.036803635561297, 53.901421324085518 ], [ 12.026739002104692, 53.904979968459457 ], [ 12.023738462014373, 53.902214568618071 ], [ 12.016829015928996, 53.904864575507474 ], [ 12.018563007419781, 53.909415210092178 ], [ 12.003241121995972, 53.913527451185502 ], [ 12.00023185569747, 53.908988612767317 ], [ 11.992708212782601, 53.91014581823373 ], [ 11.989486607512584, 53.911982609542214 ], [ 11.985208139064335, 53.924045409491107 ], [ 11.979250342669964, 53.929041034400562 ], [ 11.986055820705623, 53.928587508949121 ], [ 11.988727565877822, 53.927060555145253 ], [ 11.996643893417749, 53.929768649671125 ], [ 11.988414625510959, 53.940426941445814 ], [ 11.996264856057326, 53.941681891752879 ], [ 11.99666495119917, 53.944316164363023 ], [ 12.006429738907435, 53.957043406505683 ], [ 12.005708274585944, 53.958713189509204 ], [ 11.999409700307975, 53.961449882039773 ], [ 11.998937006392039, 53.962957988087048 ], [ 12.002638595789701, 53.965663756582423 ], [ 12.002806949395382, 53.967794078193656 ], [ 12.00886496766978, 53.972720792117372 ], [ 12.009878515887475, 53.976476069979292 ], [ 12.013962692511853, 53.976579371936438 ], [ 12.013962535266899, 53.974357899778695 ], [ 12.017003077631774, 53.973253389184713 ], [ 12.019985211183343, 53.975334657159813 ], [ 12.024791974188467, 53.974202262124948 ], [ 12.029157592584085, 53.975374833551541 ], [ 12.031085027331201, 53.973741993858653 ], [ 12.03968626711802, 53.971938735225912 ], [ 12.049972369065323, 53.975361636475405 ], [ 12.052573800477434, 53.977110408692589 ], [ 12.058477565136803, 53.976940377489989 ], [ 12.062425603679401, 53.975504830222732 ], [ 12.073470978698177, 53.975715569126699 ], [ 12.070321456844855, 53.979896842815464 ], [ 12.063661046128546, 53.982272320872241 ], [ 12.063626680226781, 53.985365002488457 ], [ 12.07080557617364, 53.987530645878287 ], [ 12.069570125060682, 53.991772971769819 ], [ 12.072569118286957, 53.994252927991958 ], [ 12.071483003271329, 53.996667757430934 ], [ 12.06869704309227, 53.999035653627104 ], [ 12.07029802487328, 54.002998951379631 ], [ 12.078834563482159, 54.001485835418073 ], [ 12.079210814955754, 53.999266963640025 ], [ 12.084184214258219, 53.998984837819428 ], [ 12.087987073918336, 53.988888534507623 ], [ 12.093243026101222, 53.987405087451926 ], [ 12.094124697721972, 53.984706419280798 ], [ 12.098540117116213, 53.985591516456481 ], [ 12.105282674470287, 53.983874164379039 ], [ 12.103242966034616, 53.982154172472924 ], [ 12.105941208379869, 53.98101633070187 ], [ 12.109409303063398, 53.982874872110671 ], [ 12.11164963501755, 53.979503621890906 ], [ 12.11723453388071, 53.980398799181692 ], [ 12.115770124358855, 53.983619095098426 ], [ 12.125935604306862, 53.986936181409526 ], [ 12.126817569680668, 53.98260406963702 ], [ 12.128882292455788, 53.980822638469057 ], [ 12.12691002316371, 53.97562048400497 ], [ 12.130032619637811, 53.975354517399666 ], [ 12.140974254007094, 53.971172302153377 ], [ 12.145237687017366, 53.971129798741067 ], [ 12.14860144437649, 53.972303275385364 ], [ 12.153750121972461, 53.972654717835013 ], [ 12.162759900313386, 53.969719198931173 ], [ 12.167907372716607, 53.974076468756678 ], [ 12.177995453566179, 53.973805770329768 ], [ 12.182274292833654, 53.965537504648978 ], [ 12.191082871440148, 53.962722898252593 ], [ 12.191275716033392, 53.971762059666851 ], [ 12.19260095492738, 53.975114142443907 ], [ 12.191454960757286, 53.977778888117527 ], [ 12.199463747586581, 53.978089070889844 ], [ 12.205340754622942, 53.977413196928701 ], [ 12.210628757167841, 53.965133744182786 ], [ 12.215227411387305, 53.962036538827192 ], [ 12.216043354336016, 53.965395232606227 ], [ 12.227504547954446, 53.962897868652846 ], [ 12.231463392994137, 53.962716767105782 ], [ 12.238863485582129, 53.964762422493258 ], [ 12.249782538409015, 53.964761781489557 ], [ 12.258214366810021, 53.960571359059941 ], [ 12.270119376514184, 53.959279350120461 ], [ 12.279582473224369, 53.955536542372371 ], [ 12.284194711005819, 53.954333468110192 ], [ 12.286191871738446, 53.954721675031244 ], [ 12.288745677877266, 53.953610475254905 ], [ 12.291499247725863, 53.956322508818744 ], [ 12.299484560912923, 53.955805364170409 ], [ 12.297880564299863, 53.958473150003719 ], [ 12.291480948041446, 53.959586072343583 ], [ 12.292690587044168, 53.965512057787706 ], [ 12.28533948101065, 53.968276218513815 ], [ 12.282069458647877, 53.971887150956782 ], [ 12.292860674538685, 53.97972526127333 ], [ 12.296417917641921, 53.984866893024233 ], [ 12.303139608442267, 53.98509328494071 ], [ 12.299756393278541, 53.989729965383255 ], [ 12.303335653334694, 53.990129173290292 ], [ 12.3098733017982, 53.988811514852102 ], [ 12.321171491063637, 53.993979663357244 ], [ 12.32045392776903, 54.00051612456263 ], [ 12.329991417227427, 54.001174313036238 ], [ 12.329875492251656, 53.999864624946923 ], [ 12.337620447937509, 53.999459066194355 ], [ 12.344390927703218, 53.988241086247605 ], [ 12.345190597680881, 53.98498465620284 ], [ 12.335855679729567, 53.980610276974183 ], [ 12.341101472427168, 53.975011686662256 ], [ 12.34163028186086, 53.973469846871751 ], [ 12.339518454279196, 53.972051705924855 ], [ 12.344169727098231, 53.966088372874367 ], [ 12.347168524207289, 53.964138746451759 ], [ 12.350571779847042, 53.965337144854765 ], [ 12.354805767980606, 53.963842320311421 ], [ 12.356915378483192, 53.96206846924764 ], [ 12.367814780633516, 53.959522357788508 ], [ 12.375583985356798, 53.968744541011098 ], [ 12.380532819471869, 53.970430878361675 ], [ 12.387126016882833, 53.975042130798521 ], [ 12.390094138940768, 53.975180513365039 ], [ 12.391432106079526, 53.974515042325628 ], [ 12.398703725775466, 53.980351065373476 ], [ 12.401203144214367, 53.977884703988813 ], [ 12.402333007449236, 53.978505837485045 ], [ 12.401831868437066, 53.982939291807057 ], [ 12.405467309600773, 53.98432445901858 ], [ 12.407232429122617, 53.984128580605756 ], [ 12.40823705375016, 53.981489872910657 ], [ 12.407289852276797, 53.979590754231531 ], [ 12.409011626044908, 53.978515486953462 ], [ 12.412692324767081, 53.978176213695605 ], [ 12.4230178800068, 53.983061594628062 ], [ 12.431408148805437, 53.985015225440591 ], [ 12.439519354657437, 53.985501837335171 ], [ 12.455932265260385, 53.982597614540545 ], [ 12.455826679102115, 53.979904326647642 ], [ 12.45800937784985, 53.979000399278114 ], [ 12.46168534152857, 53.979927845456302 ], [ 12.467951947816774, 53.976219947984127 ], [ 12.477623499021975, 53.97642499979348 ], [ 12.47843460175304, 53.974773051003318 ], [ 12.474936485755075, 53.969790400321827 ], [ 12.478068909071444, 53.965159397060447 ], [ 12.478593443012011, 53.96036548630488 ], [ 12.480393782525514, 53.957899376972556 ], [ 12.494238500738177, 53.957285124494469 ], [ 12.498781071901238, 53.955146163800897 ], [ 12.513167519759383, 53.950573044691829 ], [ 12.515099205871204, 53.95194024143553 ], [ 12.512434668963509, 53.953135780861992 ], [ 12.514037365401816, 53.955885164684993 ], [ 12.516986045476919, 53.955946347751485 ], [ 12.517999681516489, 53.956732656152532 ], [ 12.514436861393648, 53.959555910417102 ], [ 12.509892543232166, 53.971808526393701 ], [ 12.511841053521273, 53.974059823274182 ], [ 12.513692716719062, 53.975436155221722 ], [ 12.520836866227413, 53.976419888761335 ], [ 12.533753086654865, 53.975581445050423 ], [ 12.544553837961677, 53.976391235669219 ], [ 12.552151308659335, 53.977798420468098 ], [ 12.547575376420182, 53.981561681519992 ], [ 12.550990008116692, 53.989774761006991 ], [ 12.55479171943368, 53.992695078279944 ], [ 12.559971657957878, 53.993717228313258 ], [ 12.558819215726048, 53.995342427023168 ], [ 12.552816896081548, 53.998794033388513 ], [ 12.548305791308257, 53.999660691389543 ], [ 12.53759667817131, 54.004533402802551 ], [ 12.534734416578543, 54.003749427805943 ], [ 12.525834870267715, 54.004423455224114 ], [ 12.521082953461509, 54.007909247106141 ], [ 12.52007951433656, 54.010654287636783 ], [ 12.524084123422321, 54.010308267660697 ], [ 12.52564760209837, 54.011344396763093 ], [ 12.529067056581228, 54.01019423818849 ], [ 12.527209789462621, 54.00800641240577 ], [ 12.533753311753035, 54.005876854076753 ], [ 12.540108263310916, 54.009158094052765 ], [ 12.551924934858176, 54.006045360690671 ], [ 12.554759239853878, 54.008001398997621 ], [ 12.56013327508294, 54.008979684508994 ], [ 12.565162296583358, 54.012091176137218 ], [ 12.564267484261396, 54.013244030160351 ], [ 12.566933329565167, 54.013916925995012 ], [ 12.570063143663903, 54.016025143000476 ], [ 12.577688904713684, 54.016336376859044 ], [ 12.577990133007686, 54.013328472652923 ], [ 12.589042346183962, 54.010492654870475 ], [ 12.583855509484351, 54.007709970423122 ], [ 12.601162350752917, 54.008463784475076 ], [ 12.602761390585336, 54.007072283811858 ], [ 12.610606896672662, 54.004056811168724 ], [ 12.617625847104431, 54.005219311331906 ], [ 12.618549279992328, 54.008900383666798 ], [ 12.621903237496545, 54.009706506900983 ], [ 12.621295805464682, 54.011504229313651 ], [ 12.625223963085569, 54.027085776019028 ], [ 12.628901888321725, 54.032247057710286 ], [ 12.634249867731647, 54.033428093125636 ], [ 12.646370137470178, 54.033809509057662 ], [ 12.645781934865179, 54.038777715114158 ], [ 12.650940129023731, 54.039597027725826 ], [ 12.656964908393036, 54.039157255039576 ], [ 12.65912922966141, 54.046406727253192 ], [ 12.667755972881732, 54.044233567652775 ], [ 12.674072448558801, 54.044176451658934 ], [ 12.6796270996982, 54.040301253283424 ], [ 12.688028486741148, 54.037628606986971 ], [ 12.696433725846989, 54.036266432592562 ], [ 12.698277527448001, 54.034579021001932 ], [ 12.693006891968716, 54.033684519333725 ], [ 12.689341404005784, 54.030776803159682 ], [ 12.69043393153116, 54.030328798753359 ], [ 12.69381079008774, 54.033149985003206 ], [ 12.696589147482193, 54.033244875572095 ], [ 12.696750686701247, 54.031708143149622 ], [ 12.691775235143002, 54.029882161008764 ], [ 12.715925939223135, 54.018820710289084 ], [ 12.723710487845523, 54.020999334298978 ], [ 12.724493374864295, 54.023751248892232 ], [ 12.729553065967247, 54.023996481798818 ], [ 12.736018339848316, 54.026011576602635 ], [ 12.741535154507071, 54.03126080617583 ], [ 12.745682769301363, 54.033580089049508 ], [ 12.749124058459294, 54.031376768222501 ], [ 12.755977343080785, 54.030447666831733 ], [ 12.756507058247282, 54.029174730645302 ], [ 12.759011503337181, 54.02961079667223 ], [ 12.760932037738188, 54.026308031301284 ], [ 12.763378164519429, 54.02614370803159 ], [ 12.763724790655331, 54.024894678404856 ], [ 12.767388403027946, 54.022515118914534 ], [ 12.770986869391836, 54.021384580243101 ], [ 12.772463235905969, 54.019840127471319 ], [ 12.77598856654504, 54.020843195559763 ], [ 12.779096894781741, 54.017952574625028 ], [ 12.790161925061737, 54.012434179835552 ], [ 12.790013614046799, 54.011518170284646 ], [ 12.788098335266188, 54.010814780200377 ], [ 12.789226552280107, 54.010104672283695 ], [ 12.792190504435625, 54.009892504571432 ], [ 12.794300707837232, 54.007929609502206 ], [ 12.801676937523849, 54.006953984712766 ], [ 12.8049521280766, 54.005155959073612 ], [ 12.808553618272322, 54.004773202947618 ], [ 12.804077582048244, 54.001244684570104 ], [ 12.802364179764107, 53.998458313789676 ], [ 12.808357196120451, 53.996737307685436 ], [ 12.809986821496532, 53.997526419183302 ], [ 12.812257333960497, 53.996464167964859 ], [ 12.807776214932098, 53.994240546145313 ], [ 12.810440354463699, 53.991155274979292 ], [ 12.815823081440897, 53.98829871411224 ], [ 12.809950087430634, 53.982117731006468 ], [ 12.806758115438768, 53.980875890633214 ], [ 12.800677794907799, 53.973590410110795 ], [ 12.798954486933981, 53.974491956107101 ], [ 12.796471518097862, 53.970720376477438 ], [ 12.796077197139631, 53.965770123792744 ], [ 12.788183330514059, 53.959066231085359 ], [ 12.791081585030025, 53.958352338644737 ], [ 12.789017041607176, 53.955357908737376 ], [ 12.789147263244876, 53.953652515973779 ], [ 12.787240149162763, 53.953198475702102 ], [ 12.788644803022958, 53.952112707674729 ], [ 12.791615435949746, 53.952770916737848 ], [ 12.795492376233181, 53.952097335846979 ], [ 12.805738505414508, 53.943665704476629 ], [ 12.813692880629306, 53.930404983807534 ], [ 12.80966665261821, 53.930290214057322 ], [ 12.81198967635474, 53.924309093349713 ], [ 12.809559477287154, 53.924627042671744 ], [ 12.804482628167031, 53.929232974243462 ], [ 12.795652469098583, 53.927592921438759 ], [ 12.802893178734212, 53.920864039695132 ], [ 12.80149025535793, 53.920401452031342 ], [ 12.790066278693155, 53.921218919305623 ], [ 12.784297939180069, 53.922898158060605 ], [ 12.770080295912795, 53.904608138550074 ], [ 12.764693135729804, 53.899899389242222 ], [ 12.76595837686431, 53.897935756436333 ], [ 12.770423254519871, 53.897171882560706 ], [ 12.770668363443718, 53.896156130477337 ], [ 12.780387323429974, 53.895095535361406 ], [ 12.783826922984803, 53.893214652435177 ], [ 12.78380097743622, 53.891711893627928 ], [ 12.777636177895857, 53.886443518587434 ], [ 12.781655446597012, 53.883352779199818 ], [ 12.783066919831544, 53.88405743035468 ], [ 12.786864682628037, 53.882716983152548 ], [ 12.785160943064984, 53.880806772045545 ], [ 12.787685823501814, 53.879051205132335 ], [ 12.791340863584422, 53.877501996945249 ], [ 12.803243994478345, 53.87689325369643 ], [ 12.800321701594811, 53.871863391506217 ], [ 12.794906227227806, 53.873248302094211 ], [ 12.794334008691774, 53.871751042210924 ], [ 12.788526754938873, 53.871937108318711 ], [ 12.784196556865075, 53.874316576716438 ], [ 12.771921808221151, 53.869860980366937 ], [ 12.768616898417775, 53.872206303616451 ], [ 12.76371512540932, 53.863843624813889 ], [ 12.753013589484445, 53.860309627735617 ], [ 12.752944891129321, 53.854812716030402 ], [ 12.754985950715499, 53.852228607282981 ], [ 12.753643691750909, 53.851314632978429 ], [ 12.756474614795666, 53.844686446560893 ], [ 12.751480292818819, 53.836901992939978 ], [ 12.748132847270046, 53.827640790054872 ], [ 12.749613943615431, 53.823718980651279 ], [ 12.734876441383113, 53.817335759647037 ], [ 12.717706148259843, 53.816697949474616 ], [ 12.709967697333347, 53.813930152702916 ], [ 12.703582644751332, 53.814267938477727 ], [ 12.704221815552637, 53.806062987891629 ], [ 12.700612468686639, 53.79996277028377 ], [ 12.702495200279682, 53.797696673155819 ], [ 12.703139148678801, 53.787234095444276 ], [ 12.69662680809282, 53.782645251584952 ], [ 12.69520290461422, 53.77774340932465 ], [ 12.699089655913955, 53.774846547080664 ], [ 12.694849640649929, 53.770231829647813 ], [ 12.689955797076649, 53.771564218410553 ], [ 12.683600820862216, 53.768791906355723 ], [ 12.647114452403073, 53.772349041329392 ], [ 12.643525530649057, 53.770958046543313 ], [ 12.647622610579932, 53.766131304670495 ], [ 12.648080096456527, 53.759121252193232 ], [ 12.646384778975833, 53.754030805031533 ], [ 12.641299976113308, 53.753348291135126 ], [ 12.628617125595818, 53.753585952912509 ], [ 12.629105929166421, 53.74477840695851 ], [ 12.627717227713594, 53.742724258852299 ], [ 12.62972015391623, 53.741812266874661 ], [ 12.627153676296551, 53.73316408540456 ], [ 12.629458441759539, 53.732252108254769 ], [ 12.627748575069907, 53.72591894703951 ], [ 12.636730716644436, 53.724423618984893 ], [ 12.638769989969305, 53.720473863579613 ], [ 12.6365913718295, 53.718640165690381 ], [ 12.639400768991099, 53.71564864168402 ], [ 12.636039119453264, 53.71387219641332 ], [ 12.627552598434226, 53.702545107323708 ], [ 12.625047166162537, 53.698535357300599 ], [ 12.625205178969049, 53.693869398896219 ], [ 12.623669845211971, 53.690978771806826 ], [ 12.630171479431086, 53.680305248975948 ], [ 12.641596750185442, 53.669640119292765 ], [ 12.650158970261852, 53.667572137112252 ], [ 12.657850382176782, 53.662439484523453 ] ] ] } },
{ "type": "Feature", "properties": { "wkr": 16, "wkr_name": "Landkreis Rostock IV" }, "geometry": { "type": "Polygon", "coordinates": [ [ [ 12.174059497002711, 53.883779094732326 ], [ 12.213177090386617, 53.888849368581766 ], [ 12.221160516356283, 53.884158010216019 ], [ 12.219694703608724, 53.882401530466943 ], [ 12.218375335335617, 53.876631967649523 ], [ 12.229953692467289, 53.867965872785014 ], [ 12.235222098873948, 53.866880553536895 ], [ 12.237224068906894, 53.871520319892433 ], [ 12.249533918147671, 53.875081753105654 ], [ 12.26477551478782, 53.881949246045501 ], [ 12.280411563955058, 53.878697975912765 ], [ 12.291388613573707, 53.877331869129996 ], [ 12.299078179367346, 53.875612614424391 ], [ 12.294797515795162, 53.873385461021648 ], [ 12.30182669619353, 53.871221818664658 ], [ 12.301189193900994, 53.869729104837852 ], [ 12.308298292720169, 53.866714431844613 ], [ 12.31875841406724, 53.867328118846864 ], [ 12.334325863788655, 53.865561364184025 ], [ 12.332449624886541, 53.864292735626208 ], [ 12.324696608729964, 53.852598674342183 ], [ 12.327617228220724, 53.849483639594133 ], [ 12.333147606897823, 53.849653930170128 ], [ 12.339606169886125, 53.85143371716714 ], [ 12.344786978416389, 53.851614286339156 ], [ 12.356409348612972, 53.855621859462751 ], [ 12.367672675174026, 53.852408474433837 ], [ 12.372781414747191, 53.845384197317671 ], [ 12.372239795035984, 53.843973044811747 ], [ 12.375080901641882, 53.841412726557124 ], [ 12.372588956761366, 53.838391232624929 ], [ 12.373954388912225, 53.833447085229068 ], [ 12.371882958337439, 53.830802931467623 ], [ 12.370340378581782, 53.831756027862248 ], [ 12.36886958782611, 53.83078552961647 ], [ 12.360743993383773, 53.821877531371186 ], [ 12.359657267303405, 53.818221457412157 ], [ 12.361938856480988, 53.817779873109053 ], [ 12.361743933577463, 53.815549093265261 ], [ 12.359158998229375, 53.814007611095114 ], [ 12.361701257383659, 53.81182248446698 ], [ 12.359639678866197, 53.810271254720782 ], [ 12.356450056531793, 53.800983073930247 ], [ 12.351007071508388, 53.79596068816317 ], [ 12.336711827036796, 53.804737837313731 ], [ 12.332880044981705, 53.80615016101136 ], [ 12.327783486352788, 53.804093297144362 ], [ 12.322655710273866, 53.804338011536906 ], [ 12.320695189998524, 53.802638403532342 ], [ 12.300581757168365, 53.799376177545518 ], [ 12.292452648925886, 53.793358902497914 ], [ 12.288855465635789, 53.794398641424223 ], [ 12.286751841464042, 53.791214648072177 ], [ 12.294521867580135, 53.782025538614526 ], [ 12.293970147670287, 53.775529910434557 ], [ 12.292178977044044, 53.774986636389684 ], [ 12.2933601361573, 53.764209577134572 ], [ 12.291393631934536, 53.758836291054081 ], [ 12.291935981230832, 53.755084368781375 ], [ 12.288609494076704, 53.755540717848078 ], [ 12.283494392626702, 53.754231256047284 ], [ 12.286235056851675, 53.75213990747077 ], [ 12.285537562326372, 53.748285636061972 ], [ 12.265232532997059, 53.746587076964623 ], [ 12.25577814634819, 53.744377816265185 ], [ 12.257587724366457, 53.743246384880642 ], [ 12.258701246059083, 53.7394797539378 ], [ 12.261344121642038, 53.736496464059726 ], [ 12.26039682061945, 53.735258886661342 ], [ 12.25410443574979, 53.732492632785146 ], [ 12.258368633257499, 53.725191188093206 ], [ 12.252363256631572, 53.722854365086071 ], [ 12.252493615746397, 53.719626811400097 ], [ 12.250756012990378, 53.718976451236792 ], [ 12.241119613262333, 53.72217473888 ], [ 12.239225619226479, 53.720963446808874 ], [ 12.234869362969121, 53.720018889753362 ], [ 12.23004999302823, 53.727257798614133 ], [ 12.215212549134367, 53.729535454980351 ], [ 12.20855764852775, 53.72584640163452 ], [ 12.202895013828149, 53.724799343070629 ], [ 12.194935722460276, 53.726956064601339 ], [ 12.178696130870483, 53.725813387178519 ], [ 12.180516585419092, 53.721839848345056 ], [ 12.175008825774315, 53.720400166546206 ], [ 12.171235103168165, 53.723683512378351 ], [ 12.170020214416335, 53.723034604887616 ], [ 12.167936823021805, 53.71873260055898 ], [ 12.170663869901681, 53.717599632448319 ], [ 12.165502589180402, 53.713855010612249 ], [ 12.166894685788948, 53.71309020359309 ], [ 12.167243406379551, 53.710291367991921 ], [ 12.166187564324504, 53.709519262870685 ], [ 12.166073276441979, 53.705395647354372 ], [ 12.168922925031092, 53.704056888453323 ], [ 12.167485843917051, 53.703132273116999 ], [ 12.168590607260764, 53.696137680060239 ], [ 12.181905038639352, 53.694017851501009 ], [ 12.181965027138581, 53.690787906464443 ], [ 12.187681894024276, 53.691684706771063 ], [ 12.193694443514431, 53.689807658421877 ], [ 12.193197938731139, 53.680889073672532 ], [ 12.189124139291476, 53.674519556169791 ], [ 12.18629277970148, 53.67206637962655 ], [ 12.190393698600328, 53.670852322685086 ], [ 12.198614914632953, 53.671746210004777 ], [ 12.196614769346333, 53.67455485984857 ], [ 12.199526842443834, 53.682565906116132 ], [ 12.225981308513429, 53.685396268734472 ], [ 12.231568459956906, 53.684778220122084 ], [ 12.242023208302969, 53.691624337470181 ], [ 12.244378865954145, 53.690555380593359 ], [ 12.246024122312727, 53.690731313081116 ], [ 12.250495397908219, 53.685077359276939 ], [ 12.248774374170639, 53.671509754254402 ], [ 12.250085793808523, 53.67078770930749 ], [ 12.250117223899043, 53.667887875392204 ], [ 12.251712555793144, 53.66642322527165 ], [ 12.251914592451843, 53.664512042012753 ], [ 12.249241468236225, 53.663231476284523 ], [ 12.243860062450334, 53.657442898957719 ], [ 12.239648914157348, 53.657955529030971 ], [ 12.223678181480878, 53.665174916123568 ], [ 12.214951171840287, 53.665007152011583 ], [ 12.206865580189909, 53.663842878355155 ], [ 12.207483726583158, 53.660486794586781 ], [ 12.205667132128122, 53.653374814483726 ], [ 12.199289210126775, 53.644985519185298 ], [ 12.198669457848847, 53.642394709261922 ], [ 12.186946870842895, 53.642071981928645 ], [ 12.181588248912576, 53.64091517834914 ], [ 12.168900760070205, 53.63982053317514 ], [ 12.159166068293418, 53.635797843521487 ], [ 12.142482593480702, 53.635539803412726 ], [ 12.1384008369439, 53.636470670011846 ], [ 12.128704717137317, 53.644293679117382 ], [ 12.120168909947887, 53.647583580344339 ], [ 12.107509546169629, 53.642415836799238 ], [ 12.106103383287584, 53.644688557443644 ], [ 12.10279468652857, 53.645688583087704 ], [ 12.095668798769422, 53.644652349019495 ], [ 12.0950486607546, 53.642816269076661 ], [ 12.090570575768284, 53.643434203669138 ], [ 12.088741174161724, 53.645512511749203 ], [ 12.084114682160051, 53.646772512855669 ], [ 12.080296327232157, 53.648837109989465 ], [ 12.078226934580435, 53.653321393485257 ], [ 12.075012114305258, 53.655396016750871 ], [ 12.071404600239493, 53.653837757592079 ], [ 12.070910177738464, 53.657730705096711 ], [ 12.069006410447782, 53.659170126785575 ], [ 12.069376363433019, 53.661429642236214 ], [ 12.050522213860562, 53.66604304951322 ], [ 12.052605687956953, 53.670074325880918 ], [ 12.050484296515112, 53.672287543184545 ], [ 12.051602659764349, 53.675048690375256 ], [ 12.048950028976316, 53.677244927212989 ], [ 12.044114917106993, 53.674526235373968 ], [ 12.043354246069113, 53.67710126727291 ], [ 12.03890408598717, 53.678090110624595 ], [ 12.035799829272895, 53.684804090493522 ], [ 12.030149590435938, 53.68849164505631 ], [ 12.026744855393778, 53.692205497757406 ], [ 12.033235725706456, 53.69977857856648 ], [ 12.032710577977497, 53.702225186864069 ], [ 12.027547212537076, 53.706416972602547 ], [ 12.029249408132069, 53.709215921336693 ], [ 12.03751907986285, 53.707928781603208 ], [ 12.039055995351154, 53.710577931073004 ], [ 12.036814318941007, 53.710803149357041 ], [ 12.035511681005289, 53.713213839385368 ], [ 12.03123224209453, 53.715834208467406 ], [ 12.026005386793505, 53.716288949631092 ], [ 12.020389051858599, 53.718000897797154 ], [ 12.019657252186363, 53.716968977163489 ], [ 12.02177628217993, 53.712369869546805 ], [ 12.017157875868236, 53.712009231906215 ], [ 12.012158521075312, 53.71556591238528 ], [ 12.009930017359897, 53.715555290941097 ], [ 12.007712167779042, 53.714469239889503 ], [ 12.005909306569261, 53.718813484488606 ], [ 12.006535736834943, 53.722800620057996 ], [ 12.001242434611816, 53.722729069395633 ], [ 12.000438477568053, 53.727406723987059 ], [ 11.995523580110035, 53.72820947141863 ], [ 11.987556682597084, 53.725941832001766 ], [ 11.976047306449695, 53.724452685417283 ], [ 11.975148707187437, 53.729314850194605 ], [ 11.987174735861295, 53.730385152945566 ], [ 11.997036392505256, 53.735111560086395 ], [ 11.991329082493152, 53.739196673868861 ], [ 11.987908202897877, 53.740068764588294 ], [ 11.982749357414576, 53.742954475010812 ], [ 11.980659498532402, 53.743421187342584 ], [ 11.965252726267023, 53.740635368886167 ], [ 11.959168404173466, 53.738057769751173 ], [ 11.936066288181634, 53.742733540097092 ], [ 11.929156018707925, 53.739191417078473 ], [ 11.92635588241412, 53.738685692175594 ], [ 11.916169201616322, 53.740251806864634 ], [ 11.904242683810631, 53.736370638106777 ], [ 11.904895264413208, 53.73214478306032 ], [ 11.883419765236795, 53.736558089547515 ], [ 11.878171352738995, 53.742888612766443 ], [ 11.873109590198249, 53.745835109957653 ], [ 11.871397792976579, 53.74626834155471 ], [ 11.869578397929763, 53.7438685939834 ], [ 11.841561723871106, 53.750089448727948 ], [ 11.83858601810747, 53.752037897732194 ], [ 11.844604939753696, 53.758093338572031 ], [ 11.844493178735334, 53.76009387495909 ], [ 11.840173213138437, 53.764491719740391 ], [ 11.830417749329216, 53.764386362564871 ], [ 11.827299554102572, 53.762897245293843 ], [ 11.819396391774836, 53.76584068363146 ], [ 11.815187110050113, 53.765472428225316 ], [ 11.812507132985441, 53.767513883813557 ], [ 11.810375998289661, 53.766423172300513 ], [ 11.805238878175961, 53.767030515732891 ], [ 11.801978599889425, 53.769263768885317 ], [ 11.793568572245846, 53.772498741211606 ], [ 11.794577516586186, 53.776424013273456 ], [ 11.791979512051997, 53.778416061713941 ], [ 11.794087482693, 53.779859769158811 ], [ 11.799522229448446, 53.787128983085722 ], [ 11.80278801292941, 53.789549518759586 ], [ 11.804599899383069, 53.790148670025957 ], [ 11.808022165284573, 53.788749746794508 ], [ 11.810452342168556, 53.794866471266396 ], [ 11.807966132415899, 53.80187477161153 ], [ 11.804336958066861, 53.806563581405271 ], [ 11.80072390202081, 53.808906182701286 ], [ 11.801598475442468, 53.811887171055474 ], [ 11.798792874127882, 53.813489693345332 ], [ 11.80165522472401, 53.817857265813387 ], [ 11.793644032111413, 53.822161412843172 ], [ 11.790428985817643, 53.822340047200278 ], [ 11.781958396977835, 53.819828141505063 ], [ 11.778593959213051, 53.820121786060156 ], [ 11.776842646592634, 53.821707725077736 ], [ 11.766174714819641, 53.82390474207309 ], [ 11.757509858447809, 53.824038497818528 ], [ 11.756839469179139, 53.825287377740246 ], [ 11.759284217349023, 53.826455123207126 ], [ 11.765029965900693, 53.827178810837353 ], [ 11.766645280086163, 53.828839635521085 ], [ 11.771009532730993, 53.83041682900609 ], [ 11.760663458630219, 53.833365545468844 ], [ 11.767704764798884, 53.845690840692285 ], [ 11.759363532067637, 53.851564916471453 ], [ 11.762639027209145, 53.853800296803691 ], [ 11.76572692533917, 53.854453281272811 ], [ 11.767726361366197, 53.856489499316872 ], [ 11.777297827598346, 53.859585888792672 ], [ 11.778127034824077, 53.861235059744338 ], [ 11.778182695720448, 53.862800841336245 ], [ 11.775897755124642, 53.86352551694587 ], [ 11.772529600267351, 53.868068100451801 ], [ 11.766130214200185, 53.87017490507808 ], [ 11.761432153855761, 53.873150086213904 ], [ 11.767434994568086, 53.879779917852517 ], [ 11.773136542838207, 53.882744314570061 ], [ 11.781570638078465, 53.883223569548917 ], [ 11.787764109514697, 53.886215172402082 ], [ 11.791641341591905, 53.885365270630004 ], [ 11.79827324501877, 53.891232578705853 ], [ 11.794922378809197, 53.892461877554865 ], [ 11.791183164350731, 53.891996154690716 ], [ 11.788473963663245, 53.894002342894453 ], [ 11.789890401921951, 53.898693130360982 ], [ 11.794209753102857, 53.901149826750391 ], [ 11.795418413819855, 53.903306354414205 ], [ 11.792981603073978, 53.906314417948749 ], [ 11.79443148467888, 53.907796598565355 ], [ 11.796810691507378, 53.908348162412253 ], [ 11.794764034268207, 53.909933015645471 ], [ 11.789048076707852, 53.910249915442783 ], [ 11.791027160690005, 53.914086812503591 ], [ 11.801390699652046, 53.912939264939347 ], [ 11.802103215899979, 53.917707164875992 ], [ 11.804927326195997, 53.91873259977725 ], [ 11.800647167854892, 53.929711648657488 ], [ 11.791957277060167, 53.932547362571547 ], [ 11.791549706507384, 53.936234727220693 ], [ 11.79380312499854, 53.937524131516824 ], [ 11.794032267723477, 53.939051551498288 ], [ 11.792147172892138, 53.941004264566516 ], [ 11.795081512164531, 53.942349444664465 ], [ 11.79857382806529, 53.942546663181155 ], [ 11.801594422708217, 53.940979560758869 ], [ 11.801437331853082, 53.939430933352249 ], [ 11.803332027303066, 53.938196595262411 ], [ 11.809966104212483, 53.94376611801426 ], [ 11.811541895495834, 53.942746575109091 ], [ 11.81118551530966, 53.941273868504979 ], [ 11.823789485902919, 53.940562373660747 ], [ 11.827447956437373, 53.941676340347769 ], [ 11.835967535607487, 53.936119608344299 ], [ 11.840535474098154, 53.936094285635541 ], [ 11.845594840583797, 53.933287115937276 ], [ 11.847876168083793, 53.934492327602818 ], [ 11.846321084760401, 53.93572430081872 ], [ 11.848003639401481, 53.938574800183432 ], [ 11.846541605526776, 53.943540911986865 ], [ 11.851524675095634, 53.943865859367037 ], [ 11.852779421274523, 53.945339572738199 ], [ 11.851238676565412, 53.946485244689569 ], [ 11.859443248550114, 53.952446840269552 ], [ 11.86554486192491, 53.94825822000589 ], [ 11.871335181009981, 53.957504673583571 ], [ 11.875968683270836, 53.968206550161781 ], [ 11.880904499575555, 53.968035611362012 ], [ 11.884094429379701, 53.970261968239399 ], [ 11.891064581587264, 53.970177426252775 ], [ 11.893386186916041, 53.974030901722287 ], [ 11.902820022229065, 53.977626787333371 ], [ 11.901800703626044, 53.980281782822544 ], [ 11.919080072222375, 53.982936296672129 ], [ 11.925383572027263, 53.986977512296292 ], [ 11.929085573300421, 53.985369976525639 ], [ 11.924939762625179, 53.980512902052155 ], [ 11.924715930052175, 53.974500740383419 ], [ 11.926671218210156, 53.971981237272026 ], [ 11.931912229404308, 53.970063301644721 ], [ 11.932636179965659, 53.967625509016671 ], [ 11.937276977672733, 53.963583497838222 ], [ 11.937060830258137, 53.960535035974374 ], [ 11.938471403866759, 53.959221858912976 ], [ 11.945939373347944, 53.958712221383884 ], [ 11.957081781853978, 53.962260844966792 ], [ 11.96288124963595, 53.9615389174905 ], [ 11.970191524008071, 53.962789839707263 ], [ 11.972448053171012, 53.964764830787708 ], [ 11.977927718792886, 53.966736657736384 ], [ 11.981922580449282, 53.967041147709168 ], [ 11.985950996187718, 53.9684249494385 ], [ 11.992200798350568, 53.963706506765469 ], [ 11.998936950093476, 53.962962479813733 ], [ 11.999409644068468, 53.961454373768419 ], [ 12.00570821903888, 53.958717681251549 ], [ 12.006429683447015, 53.957047898250465 ], [ 11.99666489475773, 53.944320656097887 ], [ 11.996264799587221, 53.941686383488758 ], [ 11.988414568203785, 53.940431433167596 ], [ 11.996643837053274, 53.92977314141568 ], [ 11.988727508677496, 53.927065046876535 ], [ 11.986055763209849, 53.928592000674215 ], [ 11.979250284440404, 53.929045526112382 ], [ 11.985208081502403, 53.924049901217693 ], [ 11.989486550476304, 53.911987101285028 ], [ 11.99270815610231, 53.910150309983898 ], [ 12.000231799831365, 53.908993104532513 ], [ 12.003241066428414, 53.913531942953341 ], [ 12.018562953519746, 53.909419701891579 ], [ 12.016828961867169, 53.904869067306656 ], [ 12.023738408708486, 53.902219060431932 ], [ 12.026738949106194, 53.904984460276978 ], [ 12.036803583662163, 53.901425815924036 ], [ 12.029959634837939, 53.892409799964284 ], [ 12.034224409171438, 53.891026314130841 ], [ 12.029662529615685, 53.884518555413095 ], [ 12.025094159441098, 53.882978383589681 ], [ 12.026607152687026, 53.878810455025139 ], [ 12.017692505175926, 53.874068948464128 ], [ 12.018810488654195, 53.872973364487031 ], [ 12.020218799197837, 53.872636257760085 ], [ 12.02357425534845, 53.87489758877097 ], [ 12.040313943122655, 53.882192947227104 ], [ 12.041000558080306, 53.879660804448278 ], [ 12.045394608299922, 53.879720160041025 ], [ 12.046130841128715, 53.881717636278303 ], [ 12.055704074897355, 53.878510839661907 ], [ 12.082361283840594, 53.863566420010137 ], [ 12.088616926851858, 53.864592609243147 ], [ 12.094063977511963, 53.863286915506542 ], [ 12.09950309956994, 53.860736972081099 ], [ 12.101132528632029, 53.860757615092375 ], [ 12.110271408383539, 53.864262140656457 ], [ 12.114212990002885, 53.876685685263325 ], [ 12.123458841916186, 53.879903703464294 ], [ 12.122047577401061, 53.886372905080826 ], [ 12.117005423795231, 53.893577056866043 ], [ 12.121019121769672, 53.895994539330765 ], [ 12.111745349369819, 53.900764624666323 ], [ 12.110787708151621, 53.902607103728734 ], [ 12.112218659885158, 53.902927435158922 ], [ 12.114948263698407, 53.902333961535717 ], [ 12.131434667685477, 53.894797492682606 ], [ 12.175858526671261, 53.892421737553796 ], [ 12.174059497002711, 53.883779094732326 ] ] ] } },
{ "type": "Feature", "properties": { "wkr": 17, "wkr_name": "Ludwigslust-Parchim I" }, "geometry": { "type": "Polygon", "coordinates": [ [ [ 11.049570840745773, 53.346018083471385 ], [ 11.063126441895548, 53.348462031056378 ], [ 11.074994927917311, 53.348590054641171 ], [ 11.08853556673626, 53.346597602996646 ], [ 11.096533022266204, 53.348213861930113 ], [ 11.101939980778409, 53.343515854724657 ], [ 11.108388292131295, 53.344809709567699 ], [ 11.115516538078742, 53.34355204528638 ], [ 11.120753301540873, 53.345755207582592 ], [ 11.128078092887231, 53.347347215629121 ], [ 11.123503702797741, 53.356878277050249 ], [ 11.127566469008745, 53.359633842771466 ], [ 11.137449922271587, 53.357623031263429 ], [ 11.14083056970706, 53.354889007828199 ], [ 11.138306019610189, 53.349468843576382 ], [ 11.143961075184848, 53.349721700304698 ], [ 11.143276453254275, 53.357058864052753 ], [ 11.137226849174287, 53.360110128460178 ], [ 11.138575723208278, 53.360569812016536 ], [ 11.145694207110665, 53.360037594220941 ], [ 11.148713304857075, 53.356114681660465 ], [ 11.16167525493673, 53.353760021902318 ], [ 11.159480691641672, 53.356253934271415 ], [ 11.163394447114383, 53.356520483086619 ], [ 11.165774363224088, 53.353268136216791 ], [ 11.16930268614475, 53.353153273110934 ], [ 11.171982472351456, 53.347363818859392 ], [ 11.171218142090819, 53.345539828704375 ], [ 11.172954954240273, 53.342959403591692 ], [ 11.167281235330424, 53.338220609088317 ], [ 11.161510358492899, 53.336674589649945 ], [ 11.167704860224875, 53.336200796993737 ], [ 11.168347092727906, 53.333665737884928 ], [ 11.165789477935261, 53.331954787131842 ], [ 11.169522904358079, 53.322128420586353 ], [ 11.16507983112206, 53.321835852516784 ], [ 11.16591433604326, 53.318546094879729 ], [ 11.170614811604221, 53.318793281001462 ], [ 11.168658336481032, 53.310093508603352 ], [ 11.154459756599872, 53.311937137929966 ], [ 11.136156919610398, 53.309098974562623 ], [ 11.13934767739074, 53.307341074764423 ], [ 11.152916450021431, 53.305703224053367 ], [ 11.159673408157685, 53.29672428959563 ], [ 11.212633953676066, 53.290317975524808 ], [ 11.220651858656154, 53.263669063886937 ], [ 11.242224415582136, 53.260839928320515 ], [ 11.243524197268247, 53.262323633777541 ], [ 11.24370358372277, 53.265443597882765 ], [ 11.248554651874141, 53.26408657528178 ], [ 11.252032992451403, 53.264343350326186 ], [ 11.261211553342781, 53.261710414045893 ], [ 11.264327635602136, 53.258863556376639 ], [ 11.267769938215029, 53.258670706690623 ], [ 11.268209548704139, 53.261606931703106 ], [ 11.272463632069359, 53.26175848574173 ], [ 11.275860470579298, 53.260351348699622 ], [ 11.278424425105573, 53.261592816165304 ], [ 11.281364506069044, 53.2606707439625 ], [ 11.290805739448363, 53.265291254308742 ], [ 11.292080309407327, 53.265074568768675 ], [ 11.306860419792002, 53.269178551947839 ], [ 11.31036912830394, 53.2677973712428 ], [ 11.317008260417557, 53.271407179637563 ], [ 11.321106540326097, 53.271445123469164 ], [ 11.320378470052614, 53.269525154869093 ], [ 11.325625304077402, 53.26940920723171 ], [ 11.327006651507455, 53.267735847458752 ], [ 11.328909531707547, 53.26417127790041 ], [ 11.324365245076866, 53.26382432943138 ], [ 11.32567861938487, 53.26225667896788 ], [ 11.328541620383614, 53.261554189011321 ], [ 11.330247285176585, 53.256870954805919 ], [ 11.341596286855586, 53.254102270070028 ], [ 11.341420722435272, 53.250640474153016 ], [ 11.349308344016338, 53.246119720758067 ], [ 11.366628890078713, 53.241379227087826 ], [ 11.371988332637624, 53.238687501333033 ], [ 11.381875286725228, 53.236472787529905 ], [ 11.389913266185157, 53.235695326337236 ], [ 11.396367141010328, 53.23386493419514 ], [ 11.394157234484556, 53.231402074267876 ], [ 11.398056861859077, 53.229535959132676 ], [ 11.407417218810011, 53.229559613490949 ], [ 11.405637872479229, 53.227044060588739 ], [ 11.409592430201414, 53.225725488430008 ], [ 11.404159706122728, 53.220837942463454 ], [ 11.408285986494121, 53.215830376670375 ], [ 11.405104450932301, 53.211284654527852 ], [ 11.399359831507702, 53.210083533037469 ], [ 11.402964319801283, 53.207882873850664 ], [ 11.402784990248229, 53.204968262648812 ], [ 11.394086173490676, 53.199817490119202 ], [ 11.378485901501024, 53.194428835256417 ], [ 11.377966423495476, 53.195457966030375 ], [ 11.374410826448651, 53.195055202488568 ], [ 11.373595397597638, 53.193275564903281 ], [ 11.374390783486206, 53.191141794969539 ], [ 11.380664102037535, 53.186401252594244 ], [ 11.388132754102431, 53.191090529391666 ], [ 11.39825857520291, 53.190478264252242 ], [ 11.404229607687292, 53.187726142374586 ], [ 11.40777428202343, 53.183772477087494 ], [ 11.409084670976053, 53.180608669175967 ], [ 11.410472361371482, 53.174417987371918 ], [ 11.403456372785154, 53.165050583030386 ], [ 11.404800612211808, 53.160559818716187 ], [ 11.389713399912308, 53.159458531410664 ], [ 11.39563992504748, 53.140219445995768 ], [ 11.392769481718037, 53.133737954175182 ], [ 11.392241958901279, 53.12877753722249 ], [ 11.400480307037249, 53.115472428546667 ], [ 11.393483456228084, 53.11130189444895 ], [ 11.386917812056128, 53.112163711374436 ], [ 11.385314231447357, 53.111097430670526 ], [ 11.380712505019863, 53.110499574253112 ], [ 11.374366930940733, 53.111075253157921 ], [ 11.370154111537728, 53.111891061897843 ], [ 11.368091362581419, 53.114110717160983 ], [ 11.360687164350468, 53.114754245897252 ], [ 11.359507696800353, 53.115991795184712 ], [ 11.336760852811464, 53.113736441209262 ], [ 11.330733690259169, 53.115337231147734 ], [ 11.330286449668064, 53.11723712427937 ], [ 11.324364628999474, 53.119183921808421 ], [ 11.320471318813023, 53.118893985162771 ], [ 11.317812137979944, 53.119496960600316 ], [ 11.308081849916078, 53.116300245688947 ], [ 11.291059783543496, 53.11682465871003 ], [ 11.2892720004133, 53.118540307551079 ], [ 11.286126794697509, 53.119269608251187 ], [ 11.283090750875273, 53.121284602779852 ], [ 11.274963508963795, 53.120614890600393 ], [ 11.266689166501886, 53.122117536964247 ], [ 11.25100697560352, 53.133100285327529 ], [ 11.24085174045222, 53.13888637373406 ], [ 11.233955894802236, 53.141470072236167 ], [ 11.221103245762478, 53.144106084722154 ], [ 11.214179348921069, 53.144435728955443 ], [ 11.211214301106621, 53.143884589750051 ], [ 11.206941791132436, 53.142277390761365 ], [ 11.197609926938616, 53.136284539461784 ], [ 11.191321735653807, 53.134656879464508 ], [ 11.185224348077359, 53.13608996541911 ], [ 11.182034918323922, 53.139868178138251 ], [ 11.179173378815829, 53.148729983249559 ], [ 11.173688444519659, 53.155313493354925 ], [ 11.180294463480665, 53.158815160426727 ], [ 11.185111210256306, 53.163564748677011 ], [ 11.189026170482531, 53.165323871428306 ], [ 11.19071110697476, 53.167056062859032 ], [ 11.191799175452058, 53.172062879320805 ], [ 11.195760701050709, 53.176503839896974 ], [ 11.193743810689208, 53.180861148076538 ], [ 11.189837985424344, 53.183519987816098 ], [ 11.181438846956629, 53.186259143823492 ], [ 11.1374811458689, 53.19233210410485 ], [ 11.145716024681155, 53.197636645892707 ], [ 11.136963353801695, 53.199548994826863 ], [ 11.138758012773877, 53.201806404053158 ], [ 11.126325790949865, 53.20400782080015 ], [ 11.119210772987548, 53.203444829546186 ], [ 11.110428389744483, 53.206324727546409 ], [ 11.102226792099728, 53.210401380399674 ], [ 11.09244944383185, 53.213194242879133 ], [ 11.079641659499556, 53.22124134420028 ], [ 11.07894121603945, 53.223617820360658 ], [ 11.074285534488997, 53.225426134202777 ], [ 11.072148424484061, 53.230020125477587 ], [ 11.064316500725278, 53.233878435014397 ], [ 11.05745376935435, 53.24579697469806 ], [ 11.0462060257045, 53.258779671576299 ], [ 11.040238205180998, 53.262432232776511 ], [ 11.034557101221592, 53.272127086993436 ], [ 11.031223618391714, 53.275144980660599 ], [ 11.027638101973077, 53.278077918268579 ], [ 11.021956181359826, 53.280614680164049 ], [ 11.011126036136547, 53.280854388269894 ], [ 11.009194078141613, 53.282842337547351 ], [ 11.008592432598421, 53.289320613252457 ], [ 11.005985090880751, 53.292717168408565 ], [ 11.003113406723076, 53.293053781441543 ], [ 11.003544892486008, 53.295071379470969 ], [ 11.008884350373883, 53.298864407285244 ], [ 11.00896363227711, 53.300132022959346 ], [ 11.007266483091609, 53.302347393179659 ], [ 11.002438880321655, 53.305194961939925 ], [ 11.00376539625714, 53.309907585933345 ], [ 10.998955302529026, 53.315735303974243 ], [ 10.998429025654277, 53.320125916156613 ], [ 10.995892128226497, 53.321434594935788 ], [ 10.992005683126125, 53.325708438004803 ], [ 10.988549535564591, 53.324992873397179 ], [ 10.984200252480269, 53.326300448364073 ], [ 10.984222153977219, 53.327895365523332 ], [ 10.988121386661225, 53.333339284676178 ], [ 10.95929133061215, 53.338560307623496 ], [ 10.955610635637484, 53.333592013587605 ], [ 10.941128554258762, 53.338098421055854 ], [ 10.936624883132602, 53.338636555053682 ], [ 10.932567869697619, 53.340595351316026 ], [ 10.933730633909994, 53.34284748874552 ], [ 10.928045258526451, 53.348065650938338 ], [ 10.918485288725144, 53.348156106826423 ], [ 10.917553647810879, 53.345760891690219 ], [ 10.91271006958344, 53.342118812116958 ], [ 10.91268079160084, 53.339585164669728 ], [ 10.910350278189714, 53.338089720411055 ], [ 10.903690455160637, 53.336985139757786 ], [ 10.8995849789983, 53.334535963532034 ], [ 10.896875358797246, 53.334739601907096 ], [ 10.896320031828456, 53.336227215863303 ], [ 10.894210229798333, 53.336558084770481 ], [ 10.893759556398036, 53.335175363722747 ], [ 10.89119692219051, 53.334184062890735 ], [ 10.881207431889367, 53.335434242320872 ], [ 10.879613111799079, 53.334743342089034 ], [ 10.879743690452843, 53.331315917548757 ], [ 10.886694267153359, 53.328178708492075 ], [ 10.889650403292899, 53.326157079928798 ], [ 10.888947915952008, 53.325029549725109 ], [ 10.880258118013368, 53.32096111795331 ], [ 10.878042668152849, 53.323688573726152 ], [ 10.872799140129381, 53.324065846493134 ], [ 10.871964928601203, 53.326362898775521 ], [ 10.866964964127609, 53.326818134148006 ], [ 10.866539898919987, 53.325021968005565 ], [ 10.870988806867494, 53.322475823964147 ], [ 10.870593779273763, 53.319860850743616 ], [ 10.867652121841695, 53.316271983469683 ], [ 10.85992889280986, 53.316506940368924 ], [ 10.851478091687358, 53.315100856992451 ], [ 10.849851264083652, 53.308991945602898 ], [ 10.836473689100396, 53.306858552270555 ], [ 10.835964398702769, 53.304919745628879 ], [ 10.827206664373259, 53.308823418393665 ], [ 10.828976353760792, 53.311309611710911 ], [ 10.826193734980839, 53.312462985867448 ], [ 10.813109100121522, 53.312872603941074 ], [ 10.796091273262734, 53.315241377351974 ], [ 10.788541232060567, 53.318626987612667 ], [ 10.784008489399861, 53.31952048259749 ], [ 10.776380560935317, 53.32405198054574 ], [ 10.771436775397666, 53.325810298074302 ], [ 10.771189220863855, 53.32913024886107 ], [ 10.766942534290754, 53.330424775606552 ], [ 10.763291105170364, 53.32907551905263 ], [ 10.75823073325812, 53.33108993797142 ], [ 10.759235212333996, 53.333862351385001 ], [ 10.763844825002169, 53.336925577477089 ], [ 10.763823513849506, 53.338825162392482 ], [ 10.758504384059137, 53.340000478978844 ], [ 10.75530273918543, 53.338722605181147 ], [ 10.75137992672415, 53.340232365553902 ], [ 10.745406290292532, 53.340144294220529 ], [ 10.740437267477303, 53.342503742869155 ], [ 10.738108064898313, 53.34231839235003 ], [ 10.736365979281743, 53.346573120453613 ], [ 10.727623350612484, 53.357312958860959 ], [ 10.703903667685221, 53.369083421798898 ], [ 10.696912809704388, 53.370522550848129 ], [ 10.692040905808931, 53.370177159302138 ], [ 10.680196092438722, 53.367435980933443 ], [ 10.657805324351216, 53.367866832201322 ], [ 10.636332717785901, 53.370625897245965 ], [ 10.610325488877903, 53.368876502804461 ], [ 10.595531627133521, 53.364514518041517 ], [ 10.59422476380777, 53.367871077146603 ], [ 10.597521077003041, 53.370203728739455 ], [ 10.599780999204107, 53.377441786630826 ], [ 10.617414698618671, 53.383583480318514 ], [ 10.615738923602256, 53.38572863464524 ], [ 10.617843789906894, 53.3878976659743 ], [ 10.618598940801951, 53.396952914131653 ], [ 10.62083775196963, 53.403997038317328 ], [ 10.617411671292556, 53.405072343596387 ], [ 10.618431729999262, 53.406896279635177 ], [ 10.617216860066366, 53.410723813714952 ], [ 10.619697009846242, 53.413949728431916 ], [ 10.61856608504611, 53.417154311946987 ], [ 10.620244685361449, 53.420239503846702 ], [ 10.618851153444453, 53.425627191498783 ], [ 10.621148607594376, 53.425960029665447 ], [ 10.622793892727634, 53.432264922789926 ], [ 10.624255831934747, 53.434064361233368 ], [ 10.6247844211067, 53.439529651736564 ], [ 10.626277207726677, 53.440640138460047 ], [ 10.629078998028728, 53.440814614978052 ], [ 10.626293023599297, 53.442744562861563 ], [ 10.626128722972208, 53.443990548642688 ], [ 10.629992738989161, 53.450002507448787 ], [ 10.632571548039081, 53.451491584848995 ], [ 10.632796474629636, 53.453893480051732 ], [ 10.634862159360928, 53.454485151574616 ], [ 10.63570092431199, 53.455838062348931 ], [ 10.641503909368835, 53.455517361842013 ], [ 10.647325304107296, 53.457507131053887 ], [ 10.651604044027509, 53.461358955108395 ], [ 10.659151559567569, 53.461118981185137 ], [ 10.670555814184068, 53.458355428700102 ], [ 10.6807519156278, 53.457494580585752 ], [ 10.692740549644451, 53.455213457307131 ], [ 10.701954928967668, 53.478117843718131 ], [ 10.721002488359929, 53.475791032015081 ], [ 10.723768047727635, 53.477170212136116 ], [ 10.726877669086235, 53.480968256185179 ], [ 10.732104397527364, 53.479458785029578 ], [ 10.737899544522195, 53.481503550592549 ], [ 10.744357267739902, 53.482108862884395 ], [ 10.752443856995798, 53.484184148632671 ], [ 10.755558317012474, 53.483573307385022 ], [ 10.761706537121743, 53.486996056870915 ], [ 10.765264800288668, 53.490997119160703 ], [ 10.777775485644788, 53.494892706531175 ], [ 10.777868049586543, 53.497013923751027 ], [ 10.786388463198993, 53.510446528373315 ], [ 10.806805233262747, 53.515598061872417 ], [ 10.822535331060747, 53.512696496562128 ], [ 10.824389415777816, 53.515340096538317 ], [ 10.824465759585742, 53.51808608409025 ], [ 10.813310705446014, 53.521160130644141 ], [ 10.815587175898388, 53.522537745881486 ], [ 10.822061027285283, 53.524000746282383 ], [ 10.818606137466043, 53.52646965571283 ], [ 10.818440598539167, 53.533446056766586 ], [ 10.831938225933719, 53.542713179680064 ], [ 10.832224142606647, 53.54422350056074 ], [ 10.827681244156979, 53.553326037238428 ], [ 10.824830774320779, 53.555811962527457 ], [ 10.826478976510394, 53.559336109779771 ], [ 10.826859271460753, 53.566955101198772 ], [ 10.822826620481559, 53.574313627179215 ], [ 10.825221195755542, 53.575587027985414 ], [ 10.830491026509709, 53.575926591333804 ], [ 10.83356870475779, 53.574688881186141 ], [ 10.836478660399806, 53.575592571057868 ], [ 10.840635986855316, 53.575297282946458 ], [ 10.846282554819121, 53.570889604770798 ], [ 10.846062702957958, 53.568763034110468 ], [ 10.850653753257339, 53.565200955852234 ], [ 10.85624869221612, 53.565857953760855 ], [ 10.862902271411794, 53.564482227341244 ], [ 10.873295888957744, 53.568412280587992 ], [ 10.882399488957544, 53.568621577222324 ], [ 10.894893956116643, 53.572418243571171 ], [ 10.903666403384268, 53.57246117286153 ], [ 10.907608990648924, 53.571251167680167 ], [ 10.911025943096561, 53.571834787895789 ], [ 10.923634732403448, 53.584614990778817 ], [ 10.923463764359852, 53.589930234477151 ], [ 10.920072926166432, 53.592100484016051 ], [ 10.917758227598162, 53.599533390362481 ], [ 10.919768324775134, 53.600059854708853 ], [ 10.922297524623973, 53.602731054107601 ], [ 10.922180013271067, 53.605176408846674 ], [ 10.929410968568527, 53.629032190808289 ], [ 10.932368328146243, 53.630406727857789 ], [ 10.933523390397387, 53.632355510998636 ], [ 10.937868468102501, 53.634417274433538 ], [ 10.940024879005238, 53.637597134241553 ], [ 10.947774444498855, 53.64257630586436 ], [ 10.945979594850169, 53.645834822220536 ], [ 10.950840631205864, 53.645321568870457 ], [ 10.952760121956944, 53.647305116633198 ], [ 10.966457006821592, 53.644476766426017 ], [ 10.968442552790771, 53.645930510495326 ], [ 10.970379721929005, 53.643537712467115 ], [ 10.974779409811639, 53.642136361864935 ], [ 10.979506875835654, 53.643216733248188 ], [ 10.98493462972762, 53.63902167370933 ], [ 10.985571608784838, 53.636775255976588 ], [ 10.989518715183129, 53.635147607313186 ], [ 10.992293741680106, 53.636943783164263 ], [ 10.999772428402686, 53.634967221086256 ], [ 11.002907708319681, 53.630779324452902 ], [ 11.002028936197746, 53.6255419357798 ], [ 11.004679498741023, 53.625356490051786 ], [ 11.01180780361577, 53.619944395895068 ], [ 11.009543555231183, 53.607980849529774 ], [ 11.011359437745188, 53.607673526297972 ], [ 11.009787643654429, 53.603718486015801 ], [ 11.005121789994419, 53.603420338038603 ], [ 11.006617169412143, 53.602565586641013 ], [ 11.013029055218722, 53.601581641561097 ], [ 11.012396579077533, 53.597474695136782 ], [ 11.01090287299372, 53.595935473284094 ], [ 11.015206964227847, 53.591339168732532 ], [ 11.013200380411361, 53.583978269182538 ], [ 11.019519953686366, 53.582432161284451 ], [ 11.01850387525962, 53.581259452350366 ], [ 11.021936685013765, 53.5761485630632 ], [ 11.017411024156123, 53.572532242350491 ], [ 11.013002080016944, 53.571949113525207 ], [ 11.005288448445512, 53.561005116920349 ], [ 11.008860802020376, 53.55719245362566 ], [ 11.009589014712487, 53.553181885403113 ], [ 11.011825776872914, 53.549687599209044 ], [ 11.003371406202428, 53.54723257849745 ], [ 11.00480590804565, 53.537374364805252 ], [ 11.003648918274086, 53.534153663969036 ], [ 11.001071885853298, 53.533860562359493 ], [ 11.001127140251558, 53.531323872950189 ], [ 10.99896001648696, 53.529546035690707 ], [ 10.989641168136444, 53.527114277791007 ], [ 10.985434728098909, 53.524800245910463 ], [ 10.981249200043441, 53.524692532493269 ], [ 10.977759973239126, 53.521491576405751 ], [ 10.974105789871016, 53.519763638005742 ], [ 10.972879542990276, 53.516974473627442 ], [ 10.978254264939819, 53.5118109220547 ], [ 10.981096720767296, 53.510421663366564 ], [ 10.978717300990562, 53.502620585784499 ], [ 10.979747121686854, 53.499857101215895 ], [ 10.979222669551017, 53.496046435227591 ], [ 10.976329084134791, 53.491491249166117 ], [ 10.977096520512372, 53.487609117846524 ], [ 10.974002596553872, 53.482782752980405 ], [ 10.98841962822612, 53.48043089195378 ], [ 10.993940177371755, 53.480185917894893 ], [ 10.996457290736382, 53.477840766885087 ], [ 10.997736971837369, 53.473448039321077 ], [ 11.001565311571921, 53.47426242932648 ], [ 11.014384373238364, 53.470953679822578 ], [ 11.010190969004706, 53.462803743649829 ], [ 11.021647567252067, 53.462030945732053 ], [ 11.035604445429293, 53.458592355870032 ], [ 11.039681732820782, 53.455892815014181 ], [ 11.037404218420413, 53.453808493821334 ], [ 11.010437668312706, 53.446783882737343 ], [ 11.009667606172883, 53.433581474888889 ], [ 11.007688748461494, 53.42947996666831 ], [ 11.012621891445665, 53.427290502423638 ], [ 11.019040718786698, 53.428512765352714 ], [ 11.027997531720152, 53.427803634097664 ], [ 11.035939143782864, 53.430826290041018 ], [ 11.041062129666457, 53.424129788833319 ], [ 11.033802939778854, 53.419854308810152 ], [ 11.031210294862019, 53.421113584871897 ], [ 11.025644906303045, 53.419245112726117 ], [ 11.03579824496595, 53.408486208728107 ], [ 11.050062440038376, 53.412122283666761 ], [ 11.052653989831303, 53.409164992522498 ], [ 11.059246468013896, 53.411416101472227 ], [ 11.061739620308247, 53.408808142185741 ], [ 11.040521905750433, 53.402117320594954 ], [ 11.042431261753983, 53.39691165305166 ], [ 11.03636300703587, 53.394785104827569 ], [ 11.034741326765175, 53.391703856759356 ], [ 11.039554421847791, 53.388299602730498 ], [ 11.035519467354767, 53.379690559947747 ], [ 11.041619879905227, 53.378210518752979 ], [ 11.04198666691242, 53.375466616731131 ], [ 11.047183694800118, 53.36716707369618 ], [ 11.040422581994045, 53.354027066639333 ], [ 11.044137765013772, 53.350028221237615 ], [ 11.044430649810716, 53.347732129202683 ], [ 11.047817772762702, 53.347353155131806 ], [ 11.049570840745773, 53.346018083471385 ] ] ] } },
{ "type": "Feature", "properties": { "wkr": 18, "wkr_name": "Ludwigslust-Parchim II" }, "geometry": { "type": "MultiPolygon", "coordinates": [ [ [ [ 11.369841876696947, 53.620326766827034 ], [ 11.368603597925063, 53.618623834054105 ], [ 11.361331697283845, 53.619481638746485 ], [ 11.36355278362859, 53.622123853203249 ], [ 11.369841876696947, 53.620326766827034 ] ] ], [ [ [ 11.291110375750774, 53.65300678596914 ], [ 11.294880455088935, 53.650460508703183 ], [ 11.302189180155063, 53.653297002178896 ], [ 11.303253718700434, 53.651502153353576 ], [ 11.308951762851846, 53.647344265898788 ], [ 11.317311832585842, 53.647374183003038 ], [ 11.328087186182715, 53.645249025978927 ], [ 11.3258104578988, 53.642742608569947 ], [ 11.33055297114797, 53.640873885561213 ], [ 11.330736931927659, 53.63956639942792 ], [ 11.340139625210718, 53.63361708778929 ], [ 11.342707303869732, 53.633627088670167 ], [ 11.345965817647146, 53.632482095136076 ], [ 11.349543911157719, 53.627679442379232 ], [ 11.357120090601892, 53.624179733033301 ], [ 11.359276229183557, 53.623937768307158 ], [ 11.35781059016842, 53.622964672312506 ], [ 11.357952734436193, 53.620524839185748 ], [ 11.356476525322414, 53.620773350558466 ], [ 11.355987524957804, 53.613373144890872 ], [ 11.360488801740241, 53.613448458363052 ], [ 11.366189115235784, 53.608666062273372 ], [ 11.362060515209038, 53.601392667109401 ], [ 11.361729733796915, 53.597507335579685 ], [ 11.356178363825931, 53.596800232347746 ], [ 11.35700647474993, 53.594478886138404 ], [ 11.376871500915984, 53.581415976207701 ], [ 11.379406850223965, 53.578296674212076 ], [ 11.366239507465947, 53.555895799466001 ], [ 11.379132294710628, 53.553447528141263 ], [ 11.380449201691235, 53.55502087006554 ], [ 11.38397317817412, 53.554528951390623 ], [ 11.385308741224982, 53.556634690807222 ], [ 11.388836134764482, 53.556058790686336 ], [ 11.387318788611351, 53.552688532957944 ], [ 11.391112737502791, 53.552160524337182 ], [ 11.388295423401672, 53.546576912621184 ], [ 11.384045343672376, 53.546204247752996 ], [ 11.383949509044262, 53.544461087570809 ], [ 11.422585049204912, 53.549572582309416 ], [ 11.425822252826851, 53.540953395128341 ], [ 11.415909050762705, 53.539634860818111 ], [ 11.41931540001152, 53.528977548091511 ], [ 11.381628191651162, 53.53013527520131 ], [ 11.380665459539836, 53.52783824542896 ], [ 11.37572537827735, 53.525968219552659 ], [ 11.372675194945442, 53.521887781029349 ], [ 11.361605407839674, 53.523834119684949 ], [ 11.362123070169723, 53.51806262359456 ], [ 11.351030764688083, 53.51408880369177 ], [ 11.355353723762175, 53.5122270026271 ], [ 11.35585948198249, 53.510856803885517 ], [ 11.356260914712276, 53.496440636279964 ], [ 11.362765138601342, 53.495980782516369 ], [ 11.363672994421606, 53.491877284619875 ], [ 11.367986311919323, 53.491127735993409 ], [ 11.369296588546252, 53.494139994428863 ], [ 11.382332030238365, 53.498281409327241 ], [ 11.387148049422111, 53.495949472520415 ], [ 11.394715390938448, 53.497453934151608 ], [ 11.399035112121394, 53.491535604273849 ], [ 11.403476747261456, 53.491984681589209 ], [ 11.401639211191847, 53.485820790616977 ], [ 11.407194116130414, 53.482458592715467 ], [ 11.402153786833871, 53.482411844389631 ], [ 11.387025884456532, 53.484106000421086 ], [ 11.389189261483716, 53.48189432215797 ], [ 11.371299612015267, 53.473252112115603 ], [ 11.37529414073623, 53.467315282407064 ], [ 11.363239012780186, 53.467190002285555 ], [ 11.363091953193297, 53.464898616003211 ], [ 11.360218356743607, 53.46314660527419 ], [ 11.357360866571154, 53.458553039728635 ], [ 11.35054064370002, 53.456817647152569 ], [ 11.341757240403798, 53.456274250693717 ], [ 11.339483778415389, 53.457276830790065 ], [ 11.336906826652283, 53.453283197022508 ], [ 11.337718239039269, 53.451920528799747 ], [ 11.335800518812585, 53.449921218515719 ], [ 11.320000060080174, 53.437926002509904 ], [ 11.320130189723516, 53.436404468243474 ], [ 11.325606719535466, 53.436155572315357 ], [ 11.334867361958286, 53.43862530847786 ], [ 11.340205025217314, 53.435150570593976 ], [ 11.323647144149556, 53.429302324338664 ], [ 11.323947485596298, 53.427163449326045 ], [ 11.320411795302178, 53.426428890628884 ], [ 11.320546961461526, 53.422736010448084 ], [ 11.318552354246467, 53.421102645532322 ], [ 11.340158430929538, 53.415443617143161 ], [ 11.341519181692158, 53.413937178849395 ], [ 11.351216840195905, 53.412399741974312 ], [ 11.372655359421193, 53.419187377588578 ], [ 11.374873751749481, 53.416918597649719 ], [ 11.37877624901245, 53.415128110811452 ], [ 11.381034634776208, 53.415158533006611 ], [ 11.384225959991753, 53.412599197702797 ], [ 11.389723605817554, 53.414033249683072 ], [ 11.389720904337002, 53.415744602725098 ], [ 11.39878372753404, 53.421630232518012 ], [ 11.406513398525524, 53.413598287154564 ], [ 11.411268938116722, 53.412192460606214 ], [ 11.408139490274184, 53.410641576494164 ], [ 11.405984805922667, 53.410938417674018 ], [ 11.403890787832051, 53.409069603183411 ], [ 11.404932343967017, 53.406877193269047 ], [ 11.41101184053927, 53.407827878072347 ], [ 11.414943451884184, 53.410041788709108 ], [ 11.419175629519899, 53.406783520670231 ], [ 11.422783991002108, 53.408118373046861 ], [ 11.427287459387781, 53.406692710767402 ], [ 11.430030479604341, 53.403009011289797 ], [ 11.430297862141151, 53.399852386670432 ], [ 11.433268941331187, 53.396860938787398 ], [ 11.432908389860589, 53.392571587512961 ], [ 11.430036546662892, 53.390660005030377 ], [ 11.426727882459325, 53.390016893446933 ], [ 11.42413772036892, 53.387946885140515 ], [ 11.422932320983959, 53.384307084001883 ], [ 11.425339592259181, 53.381254388362812 ], [ 11.422393540296394, 53.381308501942428 ], [ 11.420911188295564, 53.38051791931052 ], [ 11.416403280800916, 53.381790317138645 ], [ 11.415750452655898, 53.377526360839767 ], [ 11.421591595472519, 53.376778041752331 ], [ 11.401157657603113, 53.373250023151186 ], [ 11.394530257478534, 53.370798533307472 ], [ 11.388730486358829, 53.371997778534151 ], [ 11.380239052956648, 53.368910902515374 ], [ 11.382129914968743, 53.366089414170744 ], [ 11.383619957412302, 53.357715949320387 ], [ 11.381183033559852, 53.348180514827028 ], [ 11.379363176657998, 53.346069177834785 ], [ 11.367476988863078, 53.347302378011157 ], [ 11.363915310217047, 53.343770920573192 ], [ 11.365988219175989, 53.342978724049921 ], [ 11.364090823537923, 53.341722238899422 ], [ 11.363899426112145, 53.337267469460393 ], [ 11.35841735777913, 53.334748359294352 ], [ 11.35238831239913, 53.333320974945671 ], [ 11.345806520525999, 53.333989615320853 ], [ 11.334980580472932, 53.336576179698341 ], [ 11.327385853721481, 53.340866423914306 ], [ 11.32390854508904, 53.341415748419983 ], [ 11.320212021258794, 53.344196111846742 ], [ 11.307899628549896, 53.34431175767358 ], [ 11.301844535045262, 53.339642896496464 ], [ 11.303720056130841, 53.33766281108084 ], [ 11.283230760469179, 53.333831997221381 ], [ 11.272235175130126, 53.326882456192806 ], [ 11.267449295872209, 53.322128578518061 ], [ 11.266352878141992, 53.313967685008492 ], [ 11.232154032370426, 53.314698469303153 ], [ 11.223008567782717, 53.308903063229856 ], [ 11.219513272119064, 53.300954645380166 ], [ 11.222019537493015, 53.292127599918231 ], [ 11.220154851457876, 53.292062653430378 ], [ 11.220462601568325, 53.289294571153434 ], [ 11.15967340815769, 53.296724289595652 ], [ 11.152916450021445, 53.305703224053367 ], [ 11.13934767739074, 53.307341074764444 ], [ 11.136156919610407, 53.309098974562637 ], [ 11.154459756599877, 53.311937137929966 ], [ 11.168658336481029, 53.31009350860338 ], [ 11.170614811604221, 53.318793281001462 ], [ 11.165914336043251, 53.318546094879757 ], [ 11.165079831122062, 53.321835852516784 ], [ 11.169522904358095, 53.322128420586367 ], [ 11.165789477935272, 53.33195478713187 ], [ 11.168347092727913, 53.333665737884914 ], [ 11.167704860224905, 53.336200796993765 ], [ 11.16151035849289, 53.336674589649952 ], [ 11.167281235330419, 53.338220609088317 ], [ 11.172954954240298, 53.342959403591721 ], [ 11.171218142090813, 53.34553982870441 ], [ 11.171982472351448, 53.347363818859392 ], [ 11.169302686144773, 53.353153273110955 ], [ 11.165774363224086, 53.353268136216798 ], [ 11.16339444711439, 53.356520483086655 ], [ 11.159480691641686, 53.356253934271422 ], [ 11.161675254936721, 53.353760021902353 ], [ 11.148713304857091, 53.356114681660465 ], [ 11.145694207110665, 53.360037594220955 ], [ 11.138575723208312, 53.360569812016536 ], [ 11.137226849174276, 53.360110128460207 ], [ 11.143276453254291, 53.357058864052782 ], [ 11.143961075184844, 53.349721700304713 ], [ 11.138306019610198, 53.349468843576375 ], [ 11.140830569707077, 53.354889007828199 ], [ 11.137449922271614, 53.357623031263444 ], [ 11.127566469008753, 53.359633842771466 ], [ 11.123505510653224, 53.35698008013761 ], [ 11.128078092887254, 53.347347215629142 ], [ 11.120753301540882, 53.345755207582592 ], [ 11.115516538078738, 53.343552045286408 ], [ 11.108388292131309, 53.344809709567727 ], [ 11.101939980778425, 53.34351585472465 ], [ 11.096533022266211, 53.348213861930162 ], [ 11.088535566736272, 53.346597602996667 ], [ 11.074796091612521, 53.348587673046445 ], [ 11.059660390419024, 53.348226270266863 ], [ 11.049570840745799, 53.346018083471414 ], [ 11.047817772762723, 53.347353155131827 ], [ 11.044430649810712, 53.347732129202711 ], [ 11.044137765013808, 53.350028221237622 ], [ 11.040422581994045, 53.354027066639333 ], [ 11.047183694800143, 53.36716707369618 ], [ 11.041986666912436, 53.375466616731146 ], [ 11.041619879905223, 53.378210518752979 ], [ 11.03551946735478, 53.379690559947768 ], [ 11.039554421847777, 53.388299602730527 ], [ 11.034741326765191, 53.391703856759392 ], [ 11.036363007035863, 53.394785104827598 ], [ 11.042431261753974, 53.39691165305166 ], [ 11.040521905750442, 53.402117320594996 ], [ 11.061739620308275, 53.408808142185777 ], [ 11.059246468013914, 53.411416101472248 ], [ 11.052653989831308, 53.409164992522513 ], [ 11.050062440038376, 53.412122283666761 ], [ 11.035798244965953, 53.408486208728107 ], [ 11.025644906303048, 53.419245112726124 ], [ 11.031210294862051, 53.421113584871883 ], [ 11.033802939778859, 53.419854308810173 ], [ 11.041062129666473, 53.424129788833348 ], [ 11.035939143782867, 53.430826290041018 ], [ 11.02799753172016, 53.427803634097664 ], [ 11.019040718786703, 53.428512765352743 ], [ 11.012621891445672, 53.427290502423645 ], [ 11.007688748461502, 53.429479966668325 ], [ 11.009667606172908, 53.433581474888868 ], [ 11.010437668312704, 53.446783882737343 ], [ 11.037404218420422, 53.453808493821356 ], [ 11.039681732820799, 53.455892815014202 ], [ 11.035604445429311, 53.458592355870053 ], [ 11.021647567252078, 53.46203094573206 ], [ 11.010190969004707, 53.462803743649822 ], [ 11.01438437323838, 53.470953679822607 ], [ 11.001603016268456, 53.474260659054792 ], [ 10.997736971837364, 53.473448039321084 ], [ 10.996457290736382, 53.477840766885116 ], [ 10.993940177371769, 53.480185917894921 ], [ 10.988220187810445, 53.480428354607312 ], [ 10.974028938923189, 53.482783091284524 ], [ 10.977122865935184, 53.48760945552295 ], [ 10.976355431951172, 53.491491587056153 ], [ 10.979249020250228, 53.496046772531031 ], [ 10.979773474761538, 53.499857438446973 ], [ 10.978743655760955, 53.502620923274293 ], [ 10.981123080428493, 53.510422000419972 ], [ 10.97828062540893, 53.51181125975129 ], [ 10.972905906563236, 53.516974812569245 ], [ 10.974132155201197, 53.519763976708688 ], [ 10.977786339714259, 53.5214919143217 ], [ 10.981245433110255, 53.524692484323971 ], [ 10.985430961144594, 53.524800197872985 ], [ 10.989637400964996, 53.527114229882478 ], [ 10.998956249073839, 53.529545988072137 ], [ 11.00112337267451, 53.531323825397045 ], [ 11.001068118050989, 53.533860514800487 ], [ 11.003645150438675, 53.534153616490848 ], [ 11.004802139920814, 53.537374317358399 ], [ 11.003367637205031, 53.547232530989412 ], [ 11.011822007634002, 53.549687551963778 ], [ 11.009585245168857, 53.553181838081571 ], [ 11.00885703212187, 53.557192406274744 ], [ 11.005284678217478, 53.561005069450538 ], [ 11.012998308793339, 53.571949066281107 ], [ 11.017407252868537, 53.572532195244662 ], [ 11.021932913391726, 53.576148516094307 ], [ 11.01850010319148, 53.581259405265016 ], [ 11.019516181510939, 53.582432114229235 ], [ 11.013196608115397, 53.583978221925406 ], [ 11.015203191270142, 53.591339121526865 ], [ 11.010899099637856, 53.595935425935146 ], [ 11.012392805580296, 53.597474647832499 ], [ 11.013025281353327, 53.601581594270229 ], [ 11.006613395476501, 53.602565539146141 ], [ 11.005118015986611, 53.603420290495109 ], [ 11.009783869607242, 53.603718438619097 ], [ 11.012580246137128, 53.602801348392731 ], [ 11.017496256736351, 53.602717188904201 ], [ 11.019947871250887, 53.60129051560169 ], [ 11.033850991235939, 53.597775949593171 ], [ 11.034473908547737, 53.596270259832039 ], [ 11.042027866160002, 53.599307681429572 ], [ 11.051631329217726, 53.59835234626027 ], [ 11.063576956431564, 53.599239305369643 ], [ 11.064348337976748, 53.603731816404206 ], [ 11.066115139588701, 53.604746861473288 ], [ 11.071025362165798, 53.604528298698177 ], [ 11.080776076129837, 53.601923885014429 ], [ 11.082602188323118, 53.605465610591402 ], [ 11.092272785993879, 53.608001600586874 ], [ 11.095869044248319, 53.60559649952539 ], [ 11.099150248837566, 53.605634585849174 ], [ 11.101179624254737, 53.604338044072051 ], [ 11.102665920408594, 53.605626650003437 ], [ 11.104731700437394, 53.601849972007464 ], [ 11.109649846018588, 53.598495410235451 ], [ 11.116109115942274, 53.591633848826518 ], [ 11.114761643910153, 53.588661746060637 ], [ 11.134826627952544, 53.593640537168817 ], [ 11.140505000373803, 53.591401920769094 ], [ 11.140506307708616, 53.589614094311806 ], [ 11.145131743205004, 53.58956371702277 ], [ 11.148186771447739, 53.58626181650083 ], [ 11.144684892666168, 53.583677329354558 ], [ 11.141215162031882, 53.578481273739868 ], [ 11.145840700954647, 53.578395021904676 ], [ 11.146522331128967, 53.577740413277006 ], [ 11.146115268947813, 53.57632539816526 ], [ 11.143162790017881, 53.57533931139767 ], [ 11.141097745970599, 53.56957335103877 ], [ 11.141516269808845, 53.56734350314143 ], [ 11.144618891654069, 53.566457127204707 ], [ 11.153231810863073, 53.568096079572769 ], [ 11.159371299279318, 53.570708736452801 ], [ 11.168128434050629, 53.570333217868694 ], [ 11.17508495748597, 53.572227706009457 ], [ 11.185402018372576, 53.576948933502848 ], [ 11.190951766475973, 53.577876666271919 ], [ 11.19821151203579, 53.580510299914359 ], [ 11.203186488014424, 53.584849844463619 ], [ 11.201586107579109, 53.590228339396234 ], [ 11.203999075520201, 53.597162780391827 ], [ 11.207096004384679, 53.598713062332081 ], [ 11.206742903655018, 53.601123941532045 ], [ 11.213213426358498, 53.600270814849488 ], [ 11.21653365673893, 53.598342807531843 ], [ 11.222512206291093, 53.600654357507864 ], [ 11.225788424798637, 53.602818335374543 ], [ 11.234884069812628, 53.603414288258897 ], [ 11.238241688636263, 53.601507851309805 ], [ 11.241124799649528, 53.601064599972084 ], [ 11.237349565304426, 53.598920145080029 ], [ 11.234803961453467, 53.595459136274648 ], [ 11.239364601677403, 53.593331746626447 ], [ 11.240381290909472, 53.588608319565274 ], [ 11.241704511910955, 53.588184445639115 ], [ 11.247006455299601, 53.590499974919744 ], [ 11.249241001098243, 53.59554083605348 ], [ 11.252672180907853, 53.595294120176789 ], [ 11.253222290229957, 53.596860354636163 ], [ 11.260000371404685, 53.59769106143019 ], [ 11.273351106796161, 53.595973436516573 ], [ 11.282354240171054, 53.588145858802342 ], [ 11.284754240507793, 53.588294994999679 ], [ 11.295002454612511, 53.592023205870071 ], [ 11.299513639399752, 53.592804063163243 ], [ 11.301616631824514, 53.594377423558427 ], [ 11.30249821371182, 53.597988664742914 ], [ 11.301081453094282, 53.603191061264745 ], [ 11.29741701091066, 53.604056910778688 ], [ 11.300662515169689, 53.605553868875177 ], [ 11.307747773869041, 53.611534770743319 ], [ 11.31461733920117, 53.61338032705445 ], [ 11.313366813896179, 53.61586399509067 ], [ 11.316950900217343, 53.621213150875604 ], [ 11.306747957993419, 53.622356301666933 ], [ 11.298212192926124, 53.619624157571216 ], [ 11.293409908671299, 53.620989731731001 ], [ 11.294602931516676, 53.625522799140683 ], [ 11.294395188326014, 53.628094230007548 ], [ 11.292765900948208, 53.629452163291297 ], [ 11.294445921788689, 53.630383227881154 ], [ 11.296172197628675, 53.628453844593366 ], [ 11.297755966456064, 53.629213737476569 ], [ 11.303358442413103, 53.629092437742031 ], [ 11.306960359747707, 53.634332898430046 ], [ 11.304449920130098, 53.636750920362068 ], [ 11.298704628401254, 53.635594143752925 ], [ 11.297941990135298, 53.637144950561151 ], [ 11.294363594411722, 53.63739154139985 ], [ 11.293858474385827, 53.640359790154733 ], [ 11.290743805429733, 53.640965809966914 ], [ 11.289422754360526, 53.643323779470002 ], [ 11.282036349462677, 53.648527376460251 ], [ 11.286983639848112, 53.647994842431892 ], [ 11.291110375750774, 53.65300678596914 ] ] ] ] } },
{ "type": "Feature", "properties": { "wkr": 19, "wkr_name": "Ludwigslust-Parchim III" }, "geometry": { "type": "Polygon", "coordinates": [ [ [ 11.212637700546567, 53.290318016036267 ], [ 11.220466348368653, 53.28929461141712 ], [ 11.2201585984999, 53.292062693708083 ], [ 11.222023284545379, 53.292127640137366 ], [ 11.219517019938582, 53.300954685691764 ], [ 11.223012316307681, 53.308903103443619 ], [ 11.232157781426292, 53.314698509238184 ], [ 11.266356627217645, 53.313967723866632 ], [ 11.267453045666498, 53.322128617354075 ], [ 11.27223892535325, 53.32688249488546 ], [ 11.28323451132907, 53.333832035578538 ], [ 11.303723807376427, 53.337662848799148 ], [ 11.301848286460261, 53.339642934276775 ], [ 11.307903380389563, 53.344311795270336 ], [ 11.320215773117598, 53.344196149055875 ], [ 11.323912296712315, 53.341415785508651 ], [ 11.327389605304715, 53.340866460892698 ], [ 11.334984331697241, 53.336576216431347 ], [ 11.345810271548578, 53.333989651709359 ], [ 11.352392063378375, 53.333321011126181 ], [ 11.358421108897772, 53.334748395287264 ], [ 11.363903177464804, 53.337267505284551 ], [ 11.364094575282342, 53.341722274724134 ], [ 11.36599197103522, 53.342978759816759 ], [ 11.36391906214109, 53.343770956406416 ], [ 11.367480741105698, 53.347302413737566 ], [ 11.379368214894154, 53.346046794428062 ], [ 11.381183033559836, 53.348180514827028 ], [ 11.383619957412293, 53.357715949320365 ], [ 11.382213253338662, 53.365889747955691 ], [ 11.380239052956613, 53.368910902515353 ], [ 11.388767144184847, 53.371998767328527 ], [ 11.394530257478522, 53.370798533307443 ], [ 11.401326324610215, 53.373262811568139 ], [ 11.421876423873154, 53.377073264205983 ], [ 11.415757962786117, 53.377526426491194 ], [ 11.416410791578874, 53.381790385612042 ], [ 11.4209186988698, 53.38051798749639 ], [ 11.42240105101655, 53.381308570037262 ], [ 11.425347102983123, 53.381254456271954 ], [ 11.422939832234778, 53.384307152071507 ], [ 11.424145232266483, 53.387946953144777 ], [ 11.426735394733333, 53.390016961294066 ], [ 11.430044059065141, 53.390660072671061 ], [ 11.432915902612635, 53.392571654978283 ], [ 11.433276454840962, 53.396861006242496 ], [ 11.43030537616503, 53.399852454321312 ], [ 11.430037994183699, 53.403009078966683 ], [ 11.427294974604544, 53.406692778627743 ], [ 11.422791506450084, 53.408118441194979 ], [ 11.419186874783092, 53.406796553514845 ], [ 11.414950967636052, 53.410041857356731 ], [ 11.411019355882708, 53.407827946961135 ], [ 11.404939859115085, 53.406877262537989 ], [ 11.403898303362167, 53.409069672524396 ], [ 11.404785439555315, 53.4102513589254 ], [ 11.406213632820601, 53.410985449483555 ], [ 11.408236618019597, 53.410664928121896 ], [ 11.411268938116708, 53.412192460606178 ], [ 11.406520914866684, 53.413598356343627 ], [ 11.398791245257774, 53.421630302217451 ], [ 11.389728420980207, 53.415744672978263 ], [ 11.389731122158738, 53.414033319930986 ], [ 11.384233476054595, 53.412599268292915 ], [ 11.381042151276015, 53.415158603805267 ], [ 11.378783765496475, 53.41512818175228 ], [ 11.374881268531498, 53.41691866884166 ], [ 11.372662876593461, 53.419187448926984 ], [ 11.351224356070356, 53.412399814643223 ], [ 11.341526697792451, 53.413937252133735 ], [ 11.340165947289327, 53.415443690517748 ], [ 11.318559871503034, 53.421102720284857 ], [ 11.320554479015957, 53.422736085079869 ], [ 11.320419313508101, 53.426428965280145 ], [ 11.323955003948717, 53.427163523756796 ], [ 11.323654662878345, 53.429302398794654 ], [ 11.340212545057517, 53.435150644024063 ], [ 11.334874882387439, 53.438625382254671 ], [ 11.325614239484358, 53.436155646668333 ], [ 11.32013770969041, 53.436404542942306 ], [ 11.320007580315325, 53.437926077221476 ], [ 11.335808041243247, 53.449921292267319 ], [ 11.337725761832566, 53.45192060243636 ], [ 11.336914349682811, 53.453283270714394 ], [ 11.339491302164602, 53.457276904331302 ], [ 11.3417647639863, 53.456274324088689 ], [ 11.350548167419896, 53.456817719995563 ], [ 11.357368390629969, 53.45855311214688 ], [ 11.360225881628713, 53.463146677525863 ], [ 11.363099478401923, 53.464898688078918 ], [ 11.363246538395124, 53.467190074358712 ], [ 11.375301666429305, 53.467315353720686 ], [ 11.37130713874113, 53.473252183698477 ], [ 11.389196789823151, 53.481894392638281 ], [ 11.387033413177956, 53.484106071044316 ], [ 11.402161315324419, 53.482411914054076 ], [ 11.407201644652211, 53.482458662062214 ], [ 11.401646740284177, 53.485820860323848 ], [ 11.403484277454906, 53.491984751198139 ], [ 11.399042642214946, 53.491535674161533 ], [ 11.394722922061757, 53.497454004329015 ], [ 11.387155580243823, 53.495949543170653 ], [ 11.382339561451516, 53.498281480288021 ], [ 11.369304118964566, 53.494140066199449 ], [ 11.367993841797452, 53.491127807837778 ], [ 11.363680524412578, 53.491877356738492 ], [ 11.36277266931574, 53.495980854704285 ], [ 11.356268445477909, 53.496440708879447 ], [ 11.355867015304129, 53.510856876552793 ], [ 11.355361257324702, 53.512227075330308 ], [ 11.351038298560917, 53.514088876673199 ], [ 11.362130604799987, 53.518062695888041 ], [ 11.361612943492656, 53.523834192028133 ], [ 11.372682730304122, 53.521887852668414 ], [ 11.375732914375046, 53.525968291011374 ], [ 11.38067299599266, 53.527838316581416 ], [ 11.381635728516613, 53.530135346299772 ], [ 11.419322936843528, 53.528977616808959 ], [ 11.415916589473786, 53.539634929781364 ], [ 11.425829791817256, 53.54095346346994 ], [ 11.424584123811524, 53.545295309342528 ], [ 11.461749827063601, 53.550136574485059 ], [ 11.466641120461224, 53.532997069245425 ], [ 11.467972195420954, 53.521222660242167 ], [ 11.477984725680443, 53.494838978947527 ], [ 11.488952579157665, 53.492506824005275 ], [ 11.489961543272328, 53.491026103752141 ], [ 11.483210461535986, 53.489023136210214 ], [ 11.488969128021813, 53.48031725709366 ], [ 11.473702287928489, 53.480572642900384 ], [ 11.469211835584126, 53.477611429004561 ], [ 11.470933501947391, 53.475855240016465 ], [ 11.474178865429598, 53.47512711729906 ], [ 11.476744530181723, 53.464633346643183 ], [ 11.475379692980175, 53.460932214057536 ], [ 11.469940417854644, 53.454623955726767 ], [ 11.498543961951325, 53.450825220582935 ], [ 11.501136701670026, 53.45287045010123 ], [ 11.508487159597902, 53.451756601428009 ], [ 11.510643386335214, 53.446758900059422 ], [ 11.532282982427875, 53.44739066389689 ], [ 11.546221593863237, 53.446703561676095 ], [ 11.555634794193123, 53.458733931015772 ], [ 11.550631670827586, 53.465039906261339 ], [ 11.547215338750551, 53.465188555501882 ], [ 11.547277517432249, 53.467472530730099 ], [ 11.543951980060079, 53.467425809315266 ], [ 11.553617997042977, 53.476271343091746 ], [ 11.557266222578138, 53.475552405114968 ], [ 11.577989743913408, 53.485674668192495 ], [ 11.607857273444665, 53.466435273765313 ], [ 11.643503061186127, 53.462206726024647 ], [ 11.643853441573915, 53.461077164777095 ], [ 11.64126667006494, 53.460280223588484 ], [ 11.639349799188004, 53.458520124671026 ], [ 11.618336507723988, 53.432441445415414 ], [ 11.624714273362104, 53.430586903608493 ], [ 11.631533170703705, 53.430483732914702 ], [ 11.636270838780371, 53.429375172432856 ], [ 11.627662312298966, 53.418514461506014 ], [ 11.62920634682084, 53.410520060804849 ], [ 11.640099975230484, 53.413457137450941 ], [ 11.648473154141604, 53.407292260645256 ], [ 11.646129987692992, 53.405392533262912 ], [ 11.655376119061623, 53.398704778031572 ], [ 11.660359355654546, 53.396563049468988 ], [ 11.667493091563635, 53.394527264916157 ], [ 11.672252051594313, 53.394213684818098 ], [ 11.681946697677711, 53.395475876144509 ], [ 11.687693822284867, 53.394148537100627 ], [ 11.680488729002281, 53.390723511710895 ], [ 11.689225449508994, 53.374118553836631 ], [ 11.69706103959286, 53.370300430623473 ], [ 11.69730294261295, 53.36523930419262 ], [ 11.69896361823198, 53.364247464934031 ], [ 11.697616021737439, 53.360127340139364 ], [ 11.691471639441156, 53.355676826144581 ], [ 11.688293088599785, 53.349415097101478 ], [ 11.693431596904741, 53.341090829830151 ], [ 11.703844326250332, 53.337696836013805 ], [ 11.709782760266172, 53.329048109736803 ], [ 11.716428106049801, 53.310363864267892 ], [ 11.720824319529264, 53.311580168483722 ], [ 11.724884235203152, 53.308504564628073 ], [ 11.730263404834036, 53.309481020337458 ], [ 11.73598979919892, 53.308908937293275 ], [ 11.739452316950596, 53.307110478078606 ], [ 11.746179649731257, 53.31048253670329 ], [ 11.754038998930639, 53.31170481770684 ], [ 11.762447814890923, 53.310578056315954 ], [ 11.764437671349009, 53.308688181049767 ], [ 11.767776700292597, 53.308531574163744 ], [ 11.774912806405029, 53.305457713872755 ], [ 11.776053736976557, 53.299575399475017 ], [ 11.782069935938228, 53.299439164433878 ], [ 11.78264180639807, 53.296392313095659 ], [ 11.787439403318126, 53.296457384073733 ], [ 11.790718697827545, 53.29516062266844 ], [ 11.780811750160526, 53.292107464450631 ], [ 11.779277235174321, 53.290371998839809 ], [ 11.789560558148787, 53.27740618583163 ], [ 11.785524033455179, 53.275804496109899 ], [ 11.790129301044383, 53.274236884701246 ], [ 11.798822076709943, 53.273474494409676 ], [ 11.804425452754682, 53.276314450461854 ], [ 11.813924358393514, 53.276423709956504 ], [ 11.821998411300374, 53.277449553432731 ], [ 11.819434360009081, 53.288962864497336 ], [ 11.824653777213314, 53.290297861843477 ], [ 11.827583431555114, 53.293360344399751 ], [ 11.840858637978389, 53.293615069902032 ], [ 11.844721025237597, 53.284058348572735 ], [ 11.852449920971146, 53.276098172772215 ], [ 11.852994887066869, 53.273224373680641 ], [ 11.852339890108279, 53.270818916884394 ], [ 11.848528613057692, 53.270716336782563 ], [ 11.845210686155752, 53.268439219580046 ], [ 11.845670271279836, 53.266657399683261 ], [ 11.842888315803604, 53.26608793318357 ], [ 11.841318002342224, 53.264851765266947 ], [ 11.841264755815407, 53.263356118036199 ], [ 11.83486956042182, 53.260000629229772 ], [ 11.832380023772387, 53.257743192414836 ], [ 11.819480822828572, 53.25700030694275 ], [ 11.81101835171715, 53.253173008510053 ], [ 11.804486258403186, 53.252966282134878 ], [ 11.801736672231664, 53.254374132256096 ], [ 11.79647022057943, 53.25326270475923 ], [ 11.803581851879768, 53.247114432804935 ], [ 11.805573199393537, 53.246226556036966 ], [ 11.817379883760006, 53.244892703930788 ], [ 11.82558164470473, 53.237933822709479 ], [ 11.829957318308447, 53.236354950578857 ], [ 11.832751337848658, 53.231721238545965 ], [ 11.828968405336711, 53.231149680800726 ], [ 11.829026235059688, 53.228892444886064 ], [ 11.819876057504478, 53.22903343786583 ], [ 11.813309511193449, 53.226297808339055 ], [ 11.794921849791832, 53.226668250895131 ], [ 11.78999890641472, 53.228305478736893 ], [ 11.78708825984295, 53.228447489022521 ], [ 11.781818556700834, 53.227303876054854 ], [ 11.769509618960317, 53.227412699945781 ], [ 11.758855897282357, 53.22446487503256 ], [ 11.755157535750049, 53.221923829638222 ], [ 11.749470551784745, 53.219918045102688 ], [ 11.743470799715906, 53.219754296883124 ], [ 11.739717954003151, 53.218243302040349 ], [ 11.730422129781363, 53.217222275917329 ], [ 11.727737865123478, 53.219585608909561 ], [ 11.727653176016952, 53.231489106919014 ], [ 11.718341311363913, 53.23169799456705 ], [ 11.716606530063666, 53.23088876041399 ], [ 11.713877869380859, 53.2325103136614 ], [ 11.707331773576891, 53.234261371933009 ], [ 11.708460865308709, 53.237579589058846 ], [ 11.703025479352823, 53.240135228982219 ], [ 11.699827389487728, 53.243806196365753 ], [ 11.695976019607222, 53.244239607983239 ], [ 11.691415659568754, 53.241696237140886 ], [ 11.68414212563105, 53.242403166893347 ], [ 11.675208317537864, 53.242215711911662 ], [ 11.672940096128256, 53.243915591025932 ], [ 11.662344816019955, 53.243852516789154 ], [ 11.658617191851024, 53.240675613090154 ], [ 11.652716741316285, 53.239040419832101 ], [ 11.639251077689472, 53.238611013082441 ], [ 11.62905878729546, 53.241930010245042 ], [ 11.619213849216084, 53.23716569681433 ], [ 11.616586989773937, 53.230235118742854 ], [ 11.610111268018159, 53.229219045445397 ], [ 11.598147739756827, 53.224231755778753 ], [ 11.588442968771629, 53.215986686994299 ], [ 11.57809378710029, 53.212311057657345 ], [ 11.56593812023481, 53.213136647133851 ], [ 11.560379648874784, 53.212088600814511 ], [ 11.55028236908387, 53.207990272005354 ], [ 11.558875570296479, 53.201868549884288 ], [ 11.55639182525311, 53.19454712391228 ], [ 11.559157452838956, 53.188855094232572 ], [ 11.55646424816797, 53.185183963658844 ], [ 11.566695407897884, 53.182565062477984 ], [ 11.562910897604732, 53.175873858004593 ], [ 11.569247379735085, 53.169558036116157 ], [ 11.568395778747737, 53.164881894060116 ], [ 11.565315163987316, 53.164417474810165 ], [ 11.555832963660492, 53.153752494175535 ], [ 11.556632306572821, 53.150524553543242 ], [ 11.552879917826958, 53.150077041913818 ], [ 11.551510433585875, 53.152210951174048 ], [ 11.549788587729369, 53.151182058049159 ], [ 11.553263778136472, 53.141914166908265 ], [ 11.555773169373541, 53.138622485315622 ], [ 11.553556709199045, 53.136990296828166 ], [ 11.546947095827914, 53.134574820660141 ], [ 11.54856427974825, 53.130690576375962 ], [ 11.53662806452914, 53.128921136495045 ], [ 11.534482597048717, 53.125175298863383 ], [ 11.527846550983226, 53.126044312763035 ], [ 11.522922961663665, 53.125166127226038 ], [ 11.509967437443885, 53.125436491448063 ], [ 11.50666193518923, 53.122087025305888 ], [ 11.501401963193279, 53.121248033087362 ], [ 11.500234931190858, 53.126159009801874 ], [ 11.49292278619631, 53.127808801687145 ], [ 11.483908687966123, 53.129070925688715 ], [ 11.473372118265383, 53.127136236118247 ], [ 11.472716358627919, 53.129419186725812 ], [ 11.474026485766441, 53.131791053011845 ], [ 11.473821261906998, 53.134596831229004 ], [ 11.460314666752497, 53.140175616968833 ], [ 11.445517474417057, 53.138661783710532 ], [ 11.444287613171431, 53.13718614953136 ], [ 11.436903510890279, 53.13704399905599 ], [ 11.43262826620944, 53.13880009693478 ], [ 11.42182889362816, 53.140883260720067 ], [ 11.417710132322661, 53.139408881407036 ], [ 11.414857458852321, 53.137318715429501 ], [ 11.41025449364524, 53.136640955882406 ], [ 11.405896671758713, 53.136760292617737 ], [ 11.395643659266939, 53.140219480531648 ], [ 11.389717135789292, 53.159458566160858 ], [ 11.404804348218885, 53.160559852994382 ], [ 11.403460109179539, 53.16505061735738 ], [ 11.410476098596376, 53.174418021492336 ], [ 11.40777802005614, 53.183772511306394 ], [ 11.404233346056101, 53.187726176710591 ], [ 11.398262313797741, 53.190478298779752 ], [ 11.388136492727432, 53.191090564238173 ], [ 11.380667840237162, 53.186401287668403 ], [ 11.374394522084094, 53.191141830247673 ], [ 11.373599136379495, 53.193275600209624 ], [ 11.374414565387372, 53.195055237771889 ], [ 11.377970162477467, 53.195458001202667 ], [ 11.37848964039458, 53.194428870410846 ], [ 11.394089912889367, 53.199817524791577 ], [ 11.402788730115525, 53.204968297055508 ], [ 11.402968059923005, 53.207882908255968 ], [ 11.399363571813042, 53.210083567559252 ], [ 11.405108191355414, 53.211284688870911 ], [ 11.408289727320787, 53.215830410920219 ], [ 11.404163447376753, 53.220837976850255 ], [ 11.40959617189416, 53.225725522653221 ], [ 11.405641614278053, 53.227044094938158 ], [ 11.407420960832395, 53.229559647788101 ], [ 11.398060603858106, 53.229535993723999 ], [ 11.394160976637554, 53.231402108984433 ], [ 11.396370883383348, 53.233864968845886 ], [ 11.389917008703222, 53.23569536119345 ], [ 11.381879029292723, 53.23647282263989 ], [ 11.371992075375715, 53.238687536756984 ], [ 11.366632633039464, 53.241379262684191 ], [ 11.349312087350848, 53.246119756905891 ], [ 11.341424466146298, 53.250640510555414 ], [ 11.341600030869545, 53.254102306472127 ], [ 11.330251029405852, 53.256870991568853 ], [ 11.328545365018288, 53.2615542258349 ], [ 11.325682364074211, 53.262256715882479 ], [ 11.324368989900179, 53.26382436638962 ], [ 11.32891327657194, 53.264171314716314 ], [ 11.327010396679114, 53.2677358843398 ], [ 11.325629049392168, 53.269409244158695 ], [ 11.320382215365104, 53.269525191961236 ], [ 11.321110285808277, 53.271445160541326 ], [ 11.317012005886697, 53.271407216838462 ], [ 11.310372873441517, 53.267797408647041 ], [ 11.306864165042027, 53.269178589464438 ], [ 11.29208405426302, 53.265074606743774 ], [ 11.290809484319951, 53.265291292324157 ], [ 11.281368250513857, 53.260670782267781 ], [ 11.278428169623899, 53.26159285456437 ], [ 11.275864214982873, 53.260351387177451 ], [ 11.272467376587736, 53.261758524328435 ], [ 11.268213293198942, 53.261606970423308 ], [ 11.267773682452063, 53.25867074542014 ], [ 11.264331379847649, 53.258863595214727 ], [ 11.261215297829606, 53.261710452986229 ], [ 11.252036737146037, 53.26434338955913 ], [ 11.248558396537803, 53.264086614623615 ], [ 11.243707328493198, 53.265443637379221 ], [ 11.243527941765402, 53.262323673274871 ], [ 11.24222815994637, 53.260839967856391 ], [ 11.220655603214452, 53.263669104105283 ], [ 11.212637700546567, 53.290318016036267 ] ] ] } },
{ "type": "Feature", "properties": { "wkr": 20, "wkr_name": "Mecklenburgische Seenplatte III" }, "geometry": { "type": "Polygon", "coordinates": [ [ [ 12.910331339897979, 53.590341333062618 ], [ 12.909484340403894, 53.589022369217012 ], [ 12.906459241287799, 53.588577690491931 ], [ 12.910866350136191, 53.58641889308749 ], [ 12.90818545687876, 53.581446542631845 ], [ 12.905932834834809, 53.580341931453617 ], [ 12.905401004902606, 53.577458945613429 ], [ 12.901251150712197, 53.577225900020224 ], [ 12.901583248451592, 53.574914613729938 ], [ 12.894811060640235, 53.569124259743909 ], [ 12.887724766997232, 53.565965188758526 ], [ 12.890173094145371, 53.565288561806824 ], [ 12.888470060345204, 53.561746784247319 ], [ 12.88012387211773, 53.557278607016436 ], [ 12.883553910222565, 53.555429374303536 ], [ 12.87735396967895, 53.550687479825527 ], [ 12.877295040576383, 53.547653637095991 ], [ 12.873230787883992, 53.544623347629951 ], [ 12.874695625027774, 53.543786133658472 ], [ 12.874587999595068, 53.541614003136317 ], [ 12.881083718117265, 53.54037148245704 ], [ 12.886468963357839, 53.538306444160703 ], [ 12.883183086662747, 53.533377492472574 ], [ 12.880380257585372, 53.530373406810845 ], [ 12.874755607437107, 53.529158050772061 ], [ 12.871946829115965, 53.524791774787012 ], [ 12.864552211077685, 53.525544211519879 ], [ 12.861828515228295, 53.523495581610327 ], [ 12.859769754048726, 53.518570328884323 ], [ 12.867324620625091, 53.515691281917299 ], [ 12.878009714769449, 53.516042051770967 ], [ 12.880592391927104, 53.515116344629412 ], [ 12.891984120074454, 53.515858945313703 ], [ 12.896561060487155, 53.514966860605789 ], [ 12.893562929336108, 53.513239282974368 ], [ 12.89179709660316, 53.510449727994619 ], [ 12.889195696855857, 53.499780318108748 ], [ 12.887462312433151, 53.497068345476194 ], [ 12.877151849388195, 53.490386899526513 ], [ 12.885746798138294, 53.487264255140815 ], [ 12.885058223968617, 53.484856728607447 ], [ 12.889943961014394, 53.480870993174292 ], [ 12.885343529580325, 53.479190891400975 ], [ 12.891018699206359, 53.475378821686498 ], [ 12.881892553471994, 53.46778672707007 ], [ 12.88564057472113, 53.465139046953283 ], [ 12.881259533632086, 53.464211008700488 ], [ 12.875206535781313, 53.464087006409869 ], [ 12.876924522968867, 53.458635021626961 ], [ 12.875494460920745, 53.445357752596593 ], [ 12.885516399613218, 53.435711152457436 ], [ 12.867901923072548, 53.423535316600471 ], [ 12.868521165136189, 53.421608705402221 ], [ 12.867261073254069, 53.419584702362386 ], [ 12.861434918660541, 53.418980913055435 ], [ 12.857449562136436, 53.417097608409463 ], [ 12.850853028555772, 53.417163751803066 ], [ 12.849814975207195, 53.408772019097803 ], [ 12.844172357462059, 53.390264418710963 ], [ 12.850854799211493, 53.388295588309326 ], [ 12.85682491155651, 53.384863564951509 ], [ 12.851950600705075, 53.360531056785028 ], [ 12.849234599411851, 53.360544678076373 ], [ 12.846459984204758, 53.357724292283663 ], [ 12.843341365639738, 53.356656584654267 ], [ 12.841706012773244, 53.360170120430837 ], [ 12.832350953405777, 53.356682467123036 ], [ 12.831343192102603, 53.355319186233061 ], [ 12.832307226972418, 53.352784919598477 ], [ 12.824902606553925, 53.351115190165039 ], [ 12.822672337281785, 53.347310834318073 ], [ 12.823420499512061, 53.344956309971749 ], [ 12.822558535826062, 53.342521938628501 ], [ 12.816390180161312, 53.338374579922522 ], [ 12.815601674496435, 53.336170097368537 ], [ 12.811953412836651, 53.3354451823215 ], [ 12.810589543748073, 53.334073437756814 ], [ 12.814184166032495, 53.332201955493396 ], [ 12.814142902787014, 53.329566963894997 ], [ 12.811889729526937, 53.326242280870538 ], [ 12.812522050352117, 53.324373954708577 ], [ 12.809470076228173, 53.317270249400821 ], [ 12.810517327555312, 53.316106826577993 ], [ 12.809948830649505, 53.311472525635274 ], [ 12.804146816084375, 53.305557977404426 ], [ 12.801415265989236, 53.304486444032548 ], [ 12.788023336051998, 53.304774764547588 ], [ 12.767103338538666, 53.301177042188883 ], [ 12.766561262138522, 53.290371298919695 ], [ 12.764072167343825, 53.286704515637567 ], [ 12.773923949641228, 53.283106236109369 ], [ 12.777349821355386, 53.279149298819441 ], [ 12.758345218853501, 53.272919569221401 ], [ 12.755784162278207, 53.27053756428424 ], [ 12.7581129707381, 53.269615418489451 ], [ 12.75871224640917, 53.267453171382869 ], [ 12.757247998079672, 53.265656610456524 ], [ 12.754752054398729, 53.264642397225359 ], [ 12.752912990091962, 53.253585721297725 ], [ 12.753979340210737, 53.251190502432749 ], [ 12.757402962625759, 53.249887525905493 ], [ 12.763872262799232, 53.242034578038876 ], [ 12.775885442014655, 53.238235697943495 ], [ 12.782139479116458, 53.238520396929729 ], [ 12.789861117498926, 53.237054685071612 ], [ 12.793995223345538, 53.234879216830478 ], [ 12.80033260738003, 53.235763949429 ], [ 12.804294469576194, 53.22235544907997 ], [ 12.801344385269127, 53.211274131332644 ], [ 12.797165120707254, 53.2105928673775 ], [ 12.797146286755734, 53.209450132585722 ], [ 12.806626222378624, 53.20930033679992 ], [ 12.81187861773733, 53.210344023533615 ], [ 12.815169648978966, 53.208875008148453 ], [ 12.812962194559303, 53.20754660721115 ], [ 12.810391181434872, 53.207631351571798 ], [ 12.808396026310207, 53.205486467011752 ], [ 12.81480563336803, 53.199331560625211 ], [ 12.814235258070459, 53.192019347442759 ], [ 12.810357791349864, 53.194855870189471 ], [ 12.810645895921233, 53.196365666918233 ], [ 12.812398084516312, 53.197112862776926 ], [ 12.809957794834856, 53.197496600927423 ], [ 12.806670516558885, 53.196584993537734 ], [ 12.805399456056108, 53.194156253824815 ], [ 12.800440148872571, 53.193249964106528 ], [ 12.799658242132518, 53.191115118736633 ], [ 12.796021799038504, 53.189951316408596 ], [ 12.790166560651903, 53.190886857971044 ], [ 12.784291225340567, 53.188303776654486 ], [ 12.780996020921572, 53.187774694612045 ], [ 12.778365889615118, 53.188861477446949 ], [ 12.77152244558274, 53.187955719420437 ], [ 12.764158534152905, 53.1893561176473 ], [ 12.759222511853672, 53.195230735464186 ], [ 12.75003839435511, 53.196573424849888 ], [ 12.747169688284536, 53.198023831576812 ], [ 12.739915184949128, 53.199382185736496 ], [ 12.739647295488677, 53.200092078628842 ], [ 12.749381841660233, 53.206062681215457 ], [ 12.758054696921224, 53.220960818369726 ], [ 12.757896795318691, 53.223979835851111 ], [ 12.747148993121288, 53.225325551394448 ], [ 12.745551743156499, 53.223567345632141 ], [ 12.722573063496647, 53.221927166705242 ], [ 12.715619863518443, 53.224651321426528 ], [ 12.69693769122336, 53.226812858650121 ], [ 12.68288343506735, 53.226834643188496 ], [ 12.672752169687818, 53.22948934086422 ], [ 12.66555077044497, 53.231993189763962 ], [ 12.664458771648047, 53.234340091059444 ], [ 12.668865281001144, 53.236093059319707 ], [ 12.669851818636122, 53.237486893413596 ], [ 12.66618901872584, 53.238370523308731 ], [ 12.66632126425201, 53.240643808991948 ], [ 12.675755254628458, 53.246350308624748 ], [ 12.675392916246613, 53.247523584220424 ], [ 12.67417617705209, 53.248772117738028 ], [ 12.668185076754922, 53.248194318292249 ], [ 12.665880802387807, 53.252964922401887 ], [ 12.657694991505567, 53.254880529516917 ], [ 12.627858394224379, 53.254110527544327 ], [ 12.624328820501207, 53.252013746164501 ], [ 12.621004184379103, 53.251257727734405 ], [ 12.618190707573449, 53.251626783246408 ], [ 12.616349602330981, 53.249501014221487 ], [ 12.610965863018455, 53.247526714269576 ], [ 12.609129853207598, 53.245695202542521 ], [ 12.605703273158021, 53.2443053630737 ], [ 12.601427614246109, 53.244895293358098 ], [ 12.598753410187996, 53.248264920843013 ], [ 12.569705671505973, 53.254866628887129 ], [ 12.549593668232539, 53.261957814016981 ], [ 12.52932831017581, 53.264647342464848 ], [ 12.500698420303397, 53.262021686865076 ], [ 12.500541717502854, 53.256897473227085 ], [ 12.49739886462646, 53.254909139692479 ], [ 12.471198964366653, 53.256265807020434 ], [ 12.464284288882302, 53.255511243605277 ], [ 12.446055589862766, 53.2497570659107 ], [ 12.445072842323682, 53.251376425072273 ], [ 12.441403333371071, 53.253135809997787 ], [ 12.439811200396377, 53.255774545189091 ], [ 12.436017521991456, 53.257166219792957 ], [ 12.432066900687309, 53.262453301722061 ], [ 12.431962098338724, 53.271095277617604 ], [ 12.428623967916959, 53.274934563929492 ], [ 12.420679751188986, 53.276319665053293 ], [ 12.410373351083871, 53.279488318512485 ], [ 12.40134164299767, 53.279240397046657 ], [ 12.394541565205008, 53.282534221813421 ], [ 12.393193314662778, 53.284950106122537 ], [ 12.393629788843837, 53.288618919125177 ], [ 12.397652487604946, 53.293009892957656 ], [ 12.398092337720227, 53.295515048718663 ], [ 12.396745346900174, 53.299537777332759 ], [ 12.394134382230003, 53.302169842025684 ], [ 12.380749689229225, 53.302399087881248 ], [ 12.373850465113794, 53.305725289270342 ], [ 12.363380659435434, 53.306506309244782 ], [ 12.353221840029182, 53.312468920489415 ], [ 12.347050082737006, 53.314898043609766 ], [ 12.33192850045369, 53.317894973325885 ], [ 12.34453553703157, 53.333234818505197 ], [ 12.339159422945247, 53.341089409512804 ], [ 12.338170681524831, 53.342019674236234 ], [ 12.333461796051132, 53.343106423903734 ], [ 12.326921190908909, 53.343753357854382 ], [ 12.326342056220062, 53.346600898357579 ], [ 12.318654436166952, 53.35707007973447 ], [ 12.315207831414279, 53.356992237110454 ], [ 12.311803498295355, 53.352072072344654 ], [ 12.289998443886075, 53.354753027203422 ], [ 12.296368211199136, 53.35894979284474 ], [ 12.299633722034903, 53.358969150861597 ], [ 12.300142539172745, 53.362790176935491 ], [ 12.311656218040596, 53.362183112865416 ], [ 12.312064009072683, 53.365629536079446 ], [ 12.302097517888578, 53.369359603572299 ], [ 12.2906426701604, 53.370534937510101 ], [ 12.278896024028343, 53.375802287208664 ], [ 12.275068517615532, 53.378678273159885 ], [ 12.279940042117275, 53.381417410976255 ], [ 12.287260492845425, 53.383812346605716 ], [ 12.307474730607527, 53.393873791568218 ], [ 12.309180548195696, 53.392256044185899 ], [ 12.311696838323975, 53.391616046348943 ], [ 12.314195543424763, 53.391236819708489 ], [ 12.316344969133898, 53.391896596098775 ], [ 12.316443865222572, 53.395441113557446 ], [ 12.312715347991354, 53.396255558872994 ], [ 12.31117264513856, 53.399129540012737 ], [ 12.303077337583177, 53.40544288221259 ], [ 12.303244340133661, 53.413771091204055 ], [ 12.307414289908056, 53.414710241318005 ], [ 12.310168390489096, 53.41340849025547 ], [ 12.310893764808711, 53.415899465761406 ], [ 12.304799131220902, 53.418095998944416 ], [ 12.300150704220195, 53.425415310473682 ], [ 12.304440032651454, 53.42705110346057 ], [ 12.309351628202627, 53.431024128621978 ], [ 12.310892415066585, 53.438021871864862 ], [ 12.307701729182536, 53.447159414856706 ], [ 12.31483144625868, 53.452923668717879 ], [ 12.319842737453845, 53.453504580319468 ], [ 12.326391346166144, 53.452399291812306 ], [ 12.329273557902457, 53.452986946476464 ], [ 12.333397306331689, 53.45643400881066 ], [ 12.342887266823809, 53.459983173559557 ], [ 12.34673095560516, 53.466772126509703 ], [ 12.347856012693438, 53.471960402725422 ], [ 12.350560841959718, 53.474527783933269 ], [ 12.365677596336747, 53.479124031598282 ], [ 12.336605041423873, 53.479043337645727 ], [ 12.335903821564148, 53.478119057479184 ], [ 12.33091986866199, 53.477938600866352 ], [ 12.325070385288793, 53.480773933629926 ], [ 12.317358648458645, 53.492377802220588 ], [ 12.318915474431002, 53.493099547655099 ], [ 12.301424387147769, 53.498616771505347 ], [ 12.303134522373618, 53.501617883306665 ], [ 12.300385730967102, 53.508087642005933 ], [ 12.298471327184432, 53.510570758400739 ], [ 12.289333935917396, 53.51725969259995 ], [ 12.293094953111165, 53.520526352125238 ], [ 12.295022746751471, 53.5270558148814 ], [ 12.294086938816806, 53.529117899832961 ], [ 12.304231562112795, 53.553517246220537 ], [ 12.302406248062468, 53.55677198004912 ], [ 12.306263621382083, 53.562656092988831 ], [ 12.304956593217019, 53.565255685076515 ], [ 12.305694743407024, 53.567786185717722 ], [ 12.311350438404848, 53.568738068080059 ], [ 12.315041006519134, 53.57067971341516 ], [ 12.317148182916258, 53.572997324711423 ], [ 12.317340110526688, 53.575479007461034 ], [ 12.324408982801138, 53.578836948085907 ], [ 12.334072763688592, 53.582007904282023 ], [ 12.339211392972944, 53.585851236127638 ], [ 12.336487540584445, 53.590791203897837 ], [ 12.342094557692331, 53.592544951237173 ], [ 12.34897969956358, 53.59361790025504 ], [ 12.35424215069429, 53.585729641591485 ], [ 12.362669882662583, 53.584829951295823 ], [ 12.374820146583287, 53.585319317108009 ], [ 12.371113041246552, 53.576792411477811 ], [ 12.375407102830513, 53.575839475286486 ], [ 12.388616064957995, 53.575300854088887 ], [ 12.392311433416753, 53.571667320038607 ], [ 12.391450365851901, 53.56876071996723 ], [ 12.398646324724501, 53.567366850955722 ], [ 12.402131779629414, 53.572605535472576 ], [ 12.410810216082627, 53.575374202930327 ], [ 12.416254765327551, 53.584046257739914 ], [ 12.398595083660883, 53.602861885888721 ], [ 12.401023443424338, 53.603470450214459 ], [ 12.403702293473435, 53.603016876626839 ], [ 12.405104900382604, 53.604156386932381 ], [ 12.403139602526254, 53.607090873091096 ], [ 12.406744171049391, 53.608066875399764 ], [ 12.411894597415614, 53.610923055454698 ], [ 12.407219722571385, 53.625264972913271 ], [ 12.412564006420682, 53.625942877265665 ], [ 12.41026122224007, 53.635138150570739 ], [ 12.408089223562094, 53.636350712205044 ], [ 12.414205700925313, 53.642277966081735 ], [ 12.416684398459841, 53.646792113259757 ], [ 12.406899369199927, 53.651686712871104 ], [ 12.397452520275433, 53.662511989670989 ], [ 12.396292300524619, 53.665885543731008 ], [ 12.399369357026881, 53.667133207804113 ], [ 12.433439843012057, 53.672965720502241 ], [ 12.439204903090427, 53.666665973473151 ], [ 12.443088632423301, 53.667177611974878 ], [ 12.452469300730796, 53.663207645060311 ], [ 12.450328336400627, 53.662421753649454 ], [ 12.456728567342502, 53.660447564918506 ], [ 12.459785067814339, 53.659973848672898 ], [ 12.462439343657968, 53.66258068003188 ], [ 12.46802331331069, 53.662504770315238 ], [ 12.466318566614994, 53.66663383046464 ], [ 12.462090623035259, 53.668243408478141 ], [ 12.446955665272112, 53.676789317075283 ], [ 12.450645928414792, 53.678851170582533 ], [ 12.453508851790712, 53.675937168655324 ], [ 12.459894158511997, 53.680344229692906 ], [ 12.458358190194167, 53.682165636913076 ], [ 12.458919583071451, 53.68657627640755 ], [ 12.461632461242584, 53.689088543185399 ], [ 12.460521589648309, 53.691705447970939 ], [ 12.457805851676479, 53.693257694704755 ], [ 12.460387603245181, 53.693781436087612 ], [ 12.464479738088171, 53.696287977750494 ], [ 12.472985766722314, 53.698574805205673 ], [ 12.472359464662066, 53.693182444653793 ], [ 12.466149541971268, 53.688089841266851 ], [ 12.465897278519559, 53.686723589000771 ], [ 12.468201036034129, 53.683307261740531 ], [ 12.487167741433117, 53.690097424504891 ], [ 12.502089680296036, 53.678000374451628 ], [ 12.497589062492791, 53.674340307324819 ], [ 12.50094303469492, 53.672003050330311 ], [ 12.501841949600022, 53.669042628578879 ], [ 12.49838638243812, 53.66767524958059 ], [ 12.502386101969593, 53.664641367079831 ], [ 12.503594494082028, 53.65841909522311 ], [ 12.510916708776319, 53.653857362384535 ], [ 12.522161528561435, 53.654313163245099 ], [ 12.529502392953377, 53.656485380740946 ], [ 12.531234953304269, 53.657878231259936 ], [ 12.541971178029568, 53.658106295740119 ], [ 12.546317629974299, 53.659623702951784 ], [ 12.550958506968284, 53.659967504082822 ], [ 12.552868630533526, 53.658707597888998 ], [ 12.557544211051569, 53.659883759089567 ], [ 12.564188153038772, 53.653192595622031 ], [ 12.568578674678788, 53.652563762924295 ], [ 12.580897120329992, 53.653521203859071 ], [ 12.592895132224472, 53.652728467247584 ], [ 12.595566101478896, 53.651652813755312 ], [ 12.600063615373493, 53.647968729308189 ], [ 12.605551321500011, 53.647330649823928 ], [ 12.605142602955569, 53.645238389879253 ], [ 12.611155550955047, 53.642809579922627 ], [ 12.621907187695836, 53.642694302372135 ], [ 12.625115331461547, 53.64212085461596 ], [ 12.626176350088112, 53.640839707558534 ], [ 12.642614610028808, 53.653814827704089 ], [ 12.647028452082179, 53.655298174638119 ], [ 12.656628937992879, 53.653226749628203 ], [ 12.663172896699191, 53.652599900325399 ], [ 12.66632502546098, 53.653039892075505 ], [ 12.67547957906139, 53.657241843091924 ], [ 12.685816921491044, 53.657364565797849 ], [ 12.686317829933316, 53.660330811548491 ], [ 12.702971398505872, 53.665449470754332 ], [ 12.732300053807503, 53.661360314390414 ], [ 12.728701897411392, 53.649983205454909 ], [ 12.717648947244504, 53.639583815239646 ], [ 12.731660031056501, 53.634064717135885 ], [ 12.71745487217783, 53.625788884025127 ], [ 12.718911531799494, 53.618178461765204 ], [ 12.729982559565343, 53.617309012982169 ], [ 12.757022660272268, 53.611769381750285 ], [ 12.763879256203372, 53.614685191548148 ], [ 12.796903121601479, 53.611030973527818 ], [ 12.796452081221025, 53.608979811147918 ], [ 12.79860472746215, 53.601589803870333 ], [ 12.797512273148204, 53.592827329322155 ], [ 12.814224191571588, 53.589141033588703 ], [ 12.817004424611536, 53.587273817249482 ], [ 12.817641181330437, 53.58529091279393 ], [ 12.826559423831604, 53.586730360393616 ], [ 12.835395225936182, 53.589839981038757 ], [ 12.83491132345047, 53.593701521978105 ], [ 12.831635551256868, 53.592864293346892 ], [ 12.826836201946834, 53.596682295404662 ], [ 12.8309763762395, 53.599715616249078 ], [ 12.839386047072134, 53.602734707710582 ], [ 12.840426534024207, 53.605387313353695 ], [ 12.84546283942014, 53.605523852011842 ], [ 12.849204445438254, 53.603884544968103 ], [ 12.852158296777931, 53.602018214976979 ], [ 12.85447146843428, 53.597443464851864 ], [ 12.870233136555944, 53.599535921158051 ], [ 12.895980758616588, 53.601287815887382 ], [ 12.906587503435805, 53.601362137260779 ], [ 12.905733973230273, 53.598520209517815 ], [ 12.902648028118083, 53.598334494774875 ], [ 12.910331339897979, 53.590341333062618 ] ] ] } },
{ "type": "Feature", "properties": { "wkr": 21, "wkr_name": "Mecklenburgische Seenplatte IV" }, "geometry": { "type": "Polygon", "coordinates": [ [ [ 13.180687659445464, 53.465022551736212 ], [ 13.182664850120501, 53.462895788502877 ], [ 13.188755572149866, 53.448058176823203 ], [ 13.186279635478025, 53.443156493490136 ], [ 13.188800431775144, 53.440218071526495 ], [ 13.193724252211856, 53.441608246595983 ], [ 13.198155125414909, 53.438759028705235 ], [ 13.194353672149164, 53.438071619591639 ], [ 13.195313351415063, 53.435798762719024 ], [ 13.190740994112648, 53.435154919900704 ], [ 13.191044963242353, 53.4325276930212 ], [ 13.194425038329294, 53.431891784447849 ], [ 13.202129644673857, 53.431670017369143 ], [ 13.202456086428374, 53.43453272118213 ], [ 13.207717203244334, 53.432494423005053 ], [ 13.209421700769726, 53.43526706056582 ], [ 13.226516110358155, 53.434321338620727 ], [ 13.232281862761502, 53.449910644040116 ], [ 13.238450084991801, 53.449374061685162 ], [ 13.237550406264116, 53.448046075616922 ], [ 13.249035806954206, 53.443807854610583 ], [ 13.248681406475852, 53.438368362435838 ], [ 13.255630337762339, 53.437664259345055 ], [ 13.252911159880513, 53.43579583280534 ], [ 13.252981079669135, 53.434137886185354 ], [ 13.264290023680067, 53.434074700202181 ], [ 13.265478283681379, 53.437752823023793 ], [ 13.270086204131395, 53.43999393982579 ], [ 13.273915140288594, 53.440049732226676 ], [ 13.278087698718178, 53.436335696017132 ], [ 13.286259098549682, 53.423635363203168 ], [ 13.296332329440151, 53.425722433433755 ], [ 13.300546758060202, 53.430475639539686 ], [ 13.302483868414891, 53.42993097773261 ], [ 13.304673378662081, 53.430305306099143 ], [ 13.307341269741309, 53.433088383632104 ], [ 13.312583779844642, 53.436251147814943 ], [ 13.317648418869746, 53.437408616336072 ], [ 13.319109403618329, 53.43599929929858 ], [ 13.318684494637697, 53.434620484656712 ], [ 13.326620967052939, 53.432673277414956 ], [ 13.335469871327241, 53.429247959143922 ], [ 13.340180596369917, 53.431315520467777 ], [ 13.346538646210053, 53.430488729876089 ], [ 13.364235550931358, 53.436054573892214 ], [ 13.376667595663392, 53.436739058079048 ], [ 13.383933496394244, 53.432088925567193 ], [ 13.400434169828749, 53.424602829386217 ], [ 13.406028110841422, 53.425192664635894 ], [ 13.408233716957488, 53.424018051636878 ], [ 13.406992414506774, 53.42245389681954 ], [ 13.404001910751843, 53.421639359042729 ], [ 13.403190096289968, 53.416384621898501 ], [ 13.421835863843395, 53.402353222558325 ], [ 13.431447995229606, 53.405522293805824 ], [ 13.442529003924028, 53.407548342472936 ], [ 13.454552685116084, 53.409324510852592 ], [ 13.464496426658245, 53.408938200382337 ], [ 13.471791003590219, 53.411035028950167 ], [ 13.476631692232093, 53.411584361021191 ], [ 13.477755553318101, 53.408419542710028 ], [ 13.480910225185401, 53.408716259820885 ], [ 13.482716634251041, 53.4105456978088 ], [ 13.485222779650721, 53.409305132822467 ], [ 13.4844030240002, 53.407557203402511 ], [ 13.514096883728255, 53.406529275240302 ], [ 13.513637085389565, 53.405687553106709 ], [ 13.526829539373633, 53.402479782523471 ], [ 13.529671701306242, 53.401160094971679 ], [ 13.524703801293095, 53.392069258551068 ], [ 13.531412036377096, 53.390157270159854 ], [ 13.535082053117987, 53.387663172941579 ], [ 13.537938039196591, 53.388863088738951 ], [ 13.546582025152665, 53.389488035361836 ], [ 13.555455877528304, 53.387842226883997 ], [ 13.555914778522171, 53.386313814447966 ], [ 13.554055784894269, 53.382733188027728 ], [ 13.552613778259799, 53.381561597602023 ], [ 13.549917645199368, 53.381330576329653 ], [ 13.551280683437861, 53.379902989110164 ], [ 13.556554367357059, 53.379784728839631 ], [ 13.556752860706665, 53.377207756920527 ], [ 13.556593768646906, 53.376337114312356 ], [ 13.546830816688798, 53.37098653369344 ], [ 13.543049869790279, 53.364133999703157 ], [ 13.534224387038936, 53.364356268393692 ], [ 13.525954839147266, 53.367067670937097 ], [ 13.516805407523039, 53.352242078269676 ], [ 13.525330885736548, 53.35081668881238 ], [ 13.523895506556016, 53.342588532728506 ], [ 13.519831578993795, 53.339773507694254 ], [ 13.519848644022247, 53.337488054735445 ], [ 13.523246979925332, 53.33466572287287 ], [ 13.521230969193178, 53.333244815325884 ], [ 13.52373456288707, 53.320511244176245 ], [ 13.523078231499387, 53.319579695528681 ], [ 13.519031231353816, 53.318571364506447 ], [ 13.510938323035855, 53.318125300444933 ], [ 13.510861304157043, 53.319959610691456 ], [ 13.504900504762569, 53.326978098099495 ], [ 13.503438022973603, 53.327356624553538 ], [ 13.501709345753962, 53.326784581614987 ], [ 13.506634893675599, 53.317354638269734 ], [ 13.506356999031095, 53.315963794142036 ], [ 13.499360893807152, 53.310082912872005 ], [ 13.496951804588322, 53.306507526463562 ], [ 13.497709573884043, 53.302393278686147 ], [ 13.484004593813331, 53.291571599366719 ], [ 13.46091796017472, 53.288923143895488 ], [ 13.456657799286594, 53.294163936910465 ], [ 13.456343811037303, 53.297746067788758 ], [ 13.453667361419338, 53.29849982537506 ], [ 13.44156278251025, 53.298389646983338 ], [ 13.438834709257339, 53.299637182513528 ], [ 13.437029446765495, 53.299146656887729 ], [ 13.437658647399994, 53.297486816259934 ], [ 13.435093831928413, 53.294760801302978 ], [ 13.436336756814201, 53.291997204492247 ], [ 13.437896576154047, 53.292324271493584 ], [ 13.43837156625125, 53.291474423014456 ], [ 13.435253407677839, 53.290989994560682 ], [ 13.43388725927456, 53.289783749837163 ], [ 13.438911408701298, 53.287151253268433 ], [ 13.442089093072184, 53.287040944743083 ], [ 13.441137143378077, 53.285524838734304 ], [ 13.434342226330349, 53.282591572776447 ], [ 13.431784552497968, 53.284119302186454 ], [ 13.427628595651646, 53.28127299594928 ], [ 13.42852589538991, 53.280460778969015 ], [ 13.426457887075481, 53.276202808641557 ], [ 13.420523105693359, 53.269392770099969 ], [ 13.414266018816399, 53.265216623059167 ], [ 13.414659301045354, 53.264319160512883 ], [ 13.412515101051108, 53.26306583324012 ], [ 13.408333459264304, 53.262502217132571 ], [ 13.407872308016554, 53.259487837813211 ], [ 13.408835775290147, 53.258091765290949 ], [ 13.405707702762045, 53.254106612253956 ], [ 13.403748644482683, 53.249119482425314 ], [ 13.405917423868388, 53.248388324946085 ], [ 13.40506644685626, 53.246509137788372 ], [ 13.397596480250199, 53.245979008111114 ], [ 13.393436964303465, 53.243282202088999 ], [ 13.389332030295755, 53.242593709707435 ], [ 13.387636915204094, 53.243413000360583 ], [ 13.384806438079012, 53.24834845452451 ], [ 13.386411862188018, 53.249170183970676 ], [ 13.385592072591043, 53.250836733047223 ], [ 13.382797541663736, 53.250390064916843 ], [ 13.373312540255716, 53.260463657558567 ], [ 13.370720140822431, 53.261990401543997 ], [ 13.369990603333539, 53.268346032246548 ], [ 13.364708274097755, 53.275608255799128 ], [ 13.3609433091334, 53.277936944593094 ], [ 13.34919814374021, 53.278180485452289 ], [ 13.344612725648098, 53.277419636606403 ], [ 13.340353931831983, 53.276258110491518 ], [ 13.341029477257356, 53.273592832077817 ], [ 13.337386006426197, 53.273459591141624 ], [ 13.298594818457051, 53.280862205601679 ], [ 13.296917895893445, 53.280206194790352 ], [ 13.296494716660604, 53.278820354222532 ], [ 13.288700662316968, 53.275132425301159 ], [ 13.287240032798648, 53.27602279522084 ], [ 13.284915728431836, 53.275602130853521 ], [ 13.283734724497961, 53.272711229305571 ], [ 13.279333893539256, 53.2708344036459 ], [ 13.276044978040757, 53.265537026957034 ], [ 13.272054788505725, 53.263938267529447 ], [ 13.26469163768863, 53.263787529703677 ], [ 13.258841209116209, 53.261642899246596 ], [ 13.254074383822628, 53.261349290578458 ], [ 13.253300271361612, 53.259154362641866 ], [ 13.248487240282937, 53.256690362128111 ], [ 13.246048756837304, 53.249957813194889 ], [ 13.2439469087366, 53.248651984777823 ], [ 13.244975020003233, 53.247011978312273 ], [ 13.246788258266147, 53.247000572419999 ], [ 13.248272010796738, 53.248081101340787 ], [ 13.250885152224608, 53.246774997616022 ], [ 13.249620400432836, 53.245263987329871 ], [ 13.246037025845398, 53.243904461743398 ], [ 13.247968903616878, 53.24263424806054 ], [ 13.24364973579249, 53.239099468712823 ], [ 13.241465542270666, 53.239499511348377 ], [ 13.239992495338438, 53.23769752880758 ], [ 13.242710246606848, 53.237386340012051 ], [ 13.240862315270494, 53.235764317029265 ], [ 13.241145771875578, 53.231780747560428 ], [ 13.236974476768628, 53.227424842917799 ], [ 13.238595121823863, 53.225635204426105 ], [ 13.233326741743552, 53.221213951856775 ], [ 13.229578513398893, 53.216542938056996 ], [ 13.218790451500567, 53.218843117094302 ], [ 13.213101617442234, 53.220974537813433 ], [ 13.205695808391141, 53.220501608155047 ], [ 13.200798711189051, 53.224399703756497 ], [ 13.199310619708182, 53.227468653178406 ], [ 13.190660026693863, 53.235185620613493 ], [ 13.190977247849268, 53.23958330388794 ], [ 13.185854867940568, 53.248122139343138 ], [ 13.183438041140665, 53.24974920711572 ], [ 13.179987724889413, 53.250713200449312 ], [ 13.178636808659386, 53.247722643334143 ], [ 13.174220191681123, 53.246794773888197 ], [ 13.171853156574668, 53.249451656373417 ], [ 13.163767785647197, 53.249841378439697 ], [ 13.159632468959781, 53.249194190652851 ], [ 13.158073458649634, 53.247650580988697 ], [ 13.151977899457304, 53.246385265141129 ], [ 13.152031566481698, 53.251098998965439 ], [ 13.142787707455046, 53.246309051617359 ], [ 13.138249254464501, 53.245160338718179 ], [ 13.133020239216705, 53.238952823000581 ], [ 13.133605919950524, 53.23726451363968 ], [ 13.128708676393098, 53.236850097060127 ], [ 13.127764601054848, 53.239128969857688 ], [ 13.11747855689511, 53.241112837917292 ], [ 13.115084603339861, 53.239507392712888 ], [ 13.111619711145959, 53.240014993410441 ], [ 13.104453565424411, 53.236033118333381 ], [ 13.108015407791683, 53.225416597736427 ], [ 13.105249521005121, 53.220177352305704 ], [ 13.106751523738131, 53.215156793130355 ], [ 13.097365889209451, 53.212900893312622 ], [ 13.094084646255755, 53.217078523294695 ], [ 13.087343802317976, 53.215498419898609 ], [ 13.088091237218636, 53.213490458000109 ], [ 13.084379864864575, 53.21250440750616 ], [ 13.086062944542373, 53.211031100090061 ], [ 13.085098486482542, 53.209746014948593 ], [ 13.082532355107162, 53.210208421809554 ], [ 13.082230962107554, 53.208575957492933 ], [ 13.078518239090513, 53.204394503707753 ], [ 13.080670689068132, 53.201667525935228 ], [ 13.07939375831487, 53.200208714351682 ], [ 13.071988924444986, 53.200244487771883 ], [ 13.071047528075365, 53.202343090521396 ], [ 13.068971955326504, 53.203568514644147 ], [ 13.062858153471719, 53.200372088352893 ], [ 13.055320795922533, 53.200281787237536 ], [ 13.047065865212337, 53.197120811303911 ], [ 13.042997601287496, 53.196714623962073 ], [ 13.040295645773863, 53.195482038594982 ], [ 13.038680518061204, 53.193141568243426 ], [ 13.035130928506398, 53.192350666114109 ], [ 13.030330040074068, 53.189219849710106 ], [ 13.030311078056634, 53.187678542474856 ], [ 13.028417809990868, 53.185817464042323 ], [ 13.019047255478005, 53.185162069798288 ], [ 13.018174867893986, 53.183844723051131 ], [ 13.019964337013011, 53.180244236301881 ], [ 13.019910474024499, 53.175768632680331 ], [ 13.012299093620825, 53.171918953471248 ], [ 13.009867967681222, 53.172807835496492 ], [ 13.005556050767966, 53.169894077736316 ], [ 13.006858851360221, 53.167812326693529 ], [ 13.001898284508487, 53.166952621037716 ], [ 13.001919330214813, 53.168754524396462 ], [ 12.995896223609169, 53.168173270367554 ], [ 12.991664329031599, 53.168545503900376 ], [ 12.984528746539187, 53.166752521947387 ], [ 12.984755884384917, 53.164992220168685 ], [ 12.979804545144733, 53.162522599646444 ], [ 12.97626919215274, 53.163327675225126 ], [ 12.975798113300515, 53.164923086948789 ], [ 12.973926390339537, 53.165810763722405 ], [ 12.969927206333855, 53.165592844155221 ], [ 12.967253809439189, 53.167638974785497 ], [ 12.965143776235104, 53.175511090765596 ], [ 12.963773184066479, 53.176736492650072 ], [ 12.961014970039168, 53.177592023529428 ], [ 12.948691400975028, 53.172823879465049 ], [ 12.944639834960341, 53.172293135437137 ], [ 12.942290336829441, 53.174355504557582 ], [ 12.947492613521678, 53.178357798892208 ], [ 12.956575510411385, 53.17966497672726 ], [ 12.960846895861005, 53.181448232406794 ], [ 12.960873526686251, 53.183962443840343 ], [ 12.965220644454513, 53.186125141323146 ], [ 12.968718386331126, 53.186864237584224 ], [ 12.973144007488647, 53.189612624635338 ], [ 12.97985617009636, 53.191052979877554 ], [ 12.9797951186231, 53.191974294755873 ], [ 12.976778927706334, 53.193918700707314 ], [ 12.976719298561232, 53.19756139330191 ], [ 12.969745401169849, 53.198274522446674 ], [ 12.964951564920675, 53.20003633881241 ], [ 12.957823163214734, 53.19897632711691 ], [ 12.954063954848374, 53.199788126814909 ], [ 12.947847595765447, 53.198930748121739 ], [ 12.942926583950449, 53.195556008520477 ], [ 12.93726254606714, 53.194109814084555 ], [ 12.944021321008384, 53.19067426015706 ], [ 12.943456020843488, 53.185915302492681 ], [ 12.938225328105151, 53.186145904407887 ], [ 12.93670658977673, 53.18761632917716 ], [ 12.933082112506318, 53.188006986000843 ], [ 12.928258448619683, 53.186683061686978 ], [ 12.923870523914017, 53.187410978177553 ], [ 12.919675441578535, 53.186461883580854 ], [ 12.919555110024838, 53.188306969214025 ], [ 12.927532972385391, 53.190076116919066 ], [ 12.929979013436533, 53.191536790521759 ], [ 12.930489085224657, 53.193545814334186 ], [ 12.928798100185594, 53.194690952251406 ], [ 12.92416268573225, 53.19583078538021 ], [ 12.918706127555327, 53.194510771983445 ], [ 12.913483039973931, 53.195241164547646 ], [ 12.909346853698279, 53.193453465558434 ], [ 12.904750704026993, 53.194015073025206 ], [ 12.902856498284766, 53.193057521892598 ], [ 12.902483908661173, 53.190418700557295 ], [ 12.890457282154941, 53.187567073005525 ], [ 12.888508317690647, 53.181704742796846 ], [ 12.886348822031414, 53.180289571871867 ], [ 12.88411889788118, 53.180591026192118 ], [ 12.879226823600646, 53.179308040019173 ], [ 12.870458504081107, 53.183889712623802 ], [ 12.867555039178466, 53.18683292713731 ], [ 12.860254691513001, 53.187409925078356 ], [ 12.857335410341243, 53.189013872251543 ], [ 12.853335309338775, 53.194722519081211 ], [ 12.849662148616932, 53.197541861710391 ], [ 12.849539512666706, 53.199469927166142 ], [ 12.848081421610848, 53.200647810130015 ], [ 12.845229568298182, 53.20103348557361 ], [ 12.841382017253945, 53.199828508445655 ], [ 12.837383047039529, 53.19720061360762 ], [ 12.833825304491688, 53.197127036766865 ], [ 12.830874330085269, 53.195888554944837 ], [ 12.824044837275034, 53.196639529139631 ], [ 12.82133658535485, 53.193712458472518 ], [ 12.819704922057102, 53.193562317824288 ], [ 12.819027331356168, 53.195551985991905 ], [ 12.816091412025356, 53.195623292831023 ], [ 12.814944314578726, 53.194300791467015 ], [ 12.814805832433374, 53.199358520689948 ], [ 12.808396221268884, 53.205513427019966 ], [ 12.81039137761781, 53.207658311580666 ], [ 12.812962392357997, 53.207573567232721 ], [ 12.8151698481464, 53.208901968175077 ], [ 12.811878814818241, 53.21037098353834 ], [ 12.806626416174627, 53.209327296783698 ], [ 12.797146474595724, 53.20947709252254 ], [ 12.797165308543475, 53.21061982730965 ], [ 12.801344575721041, 53.211301091282436 ], [ 12.804294661731458, 53.22238240899793 ], [ 12.800332796863575, 53.235790909271685 ], [ 12.793995408857153, 53.234906176645666 ], [ 12.789861300381563, 53.23708164485722 ], [ 12.782139657124016, 53.238547356670537 ], [ 12.775885616094152, 53.238262657653756 ], [ 12.763872429270954, 53.242061537671631 ], [ 12.757403124915053, 53.249914485471756 ], [ 12.753979500327533, 53.25121746197555 ], [ 12.752913149502826, 53.253612680824929 ], [ 12.754752214804624, 53.26466935671629 ], [ 12.757248160041556, 53.265683569956323 ], [ 12.758712409266417, 53.267480130882809 ], [ 12.758113133186679, 53.269642377977291 ], [ 12.755784323247477, 53.270564523756015 ], [ 12.758345381400156, 53.272946528696643 ], [ 12.777349995777712, 53.279176258366732 ], [ 12.773924121850211, 53.28313319562286 ], [ 12.764072333296747, 53.286731475085304 ], [ 12.766561429606437, 53.290398258365045 ], [ 12.767103506192834, 53.301204001592069 ], [ 12.788023516839157, 53.304801724041823 ], [ 12.801415455220486, 53.304513403593944 ], [ 12.804147007022642, 53.305584936974668 ], [ 12.809949025165382, 53.311499485208877 ], [ 12.810517522367588, 53.316133786134955 ], [ 12.809470270364567, 53.31729720894792 ], [ 12.812522246318183, 53.324400914240712 ], [ 12.811889925069277, 53.326269240391831 ], [ 12.81414309970631, 53.329593923413171 ], [ 12.814184362942818, 53.332228915000769 ], [ 12.810589738365625, 53.334100397239233 ], [ 12.811953608296381, 53.335472141804729 ], [ 12.815601872248402, 53.336197056866148 ], [ 12.816390378381607, 53.338401539414683 ], [ 12.82255873788432, 53.342548898132442 ], [ 12.823420702082464, 53.344983269469623 ], [ 12.822672539349123, 53.347337793802573 ], [ 12.824902809979408, 53.351142149644112 ], [ 12.832307435050962, 53.352811879104998 ], [ 12.831343399539806, 53.35534614572456 ], [ 12.83235116146173, 53.356709426613449 ], [ 12.841706226692091, 53.360197079949543 ], [ 12.843341580635691, 53.356683544195 ], [ 12.846460201156509, 53.357751251833896 ], [ 12.849234818080401, 53.360571637627316 ], [ 12.851950821089, 53.360558016348158 ], [ 12.85683265018781, 53.384890502197479 ], [ 12.850862534623889, 53.388322525896562 ], [ 12.844180088963942, 53.390291356684436 ], [ 12.849837534220926, 53.40877195383549 ], [ 12.850875592016806, 53.417163686388797 ], [ 12.857472125586828, 53.417097541747914 ], [ 12.861457483123059, 53.418980845650431 ], [ 12.867283638057556, 53.419584633859174 ], [ 12.868543731016402, 53.421608636671444 ], [ 12.867924489971262, 53.423535247996789 ], [ 12.885538973027915, 53.435711080586977 ], [ 12.875517039416522, 53.44535768267118 ], [ 12.876947108516536, 53.45863495150013 ], [ 12.875229124218109, 53.464086936636399 ], [ 12.884341059499004, 53.46463172990984 ], [ 12.88797058244846, 53.467176121358406 ], [ 12.897769388371715, 53.464683188252934 ], [ 12.90492279742038, 53.457252498783781 ], [ 12.92796682515718, 53.453900079605702 ], [ 12.940687513824557, 53.451005074525312 ], [ 12.945049642613604, 53.457630146400376 ], [ 12.941337484305551, 53.462436558429587 ], [ 12.954026809681093, 53.46289434047906 ], [ 12.95552146506971, 53.465235475498019 ], [ 12.965761025133245, 53.465348409545733 ], [ 12.974106522771107, 53.462804148658911 ], [ 12.977266170867493, 53.464288071288316 ], [ 12.977103194132184, 53.465772410052217 ], [ 12.990036964401346, 53.465439782301978 ], [ 13.000496238706521, 53.466772622455565 ], [ 13.005531671343846, 53.465646241368297 ], [ 13.012778209784619, 53.46659053634275 ], [ 13.024420854893132, 53.464305616353691 ], [ 13.027353358387995, 53.466723241400544 ], [ 13.029665425411935, 53.466649449890177 ], [ 13.032067636510863, 53.464541146592111 ], [ 13.03679438626019, 53.464123604837525 ], [ 13.041711029170553, 53.467618476791493 ], [ 13.051616581417939, 53.469305861387568 ], [ 13.056214037930992, 53.469341095257946 ], [ 13.066380886155045, 53.466974161403066 ], [ 13.067282016045001, 53.465393602825834 ], [ 13.072912493239491, 53.469501655893296 ], [ 13.079224816028626, 53.470705502869045 ], [ 13.086462556717612, 53.473961616655103 ], [ 13.095331885084404, 53.467607943268675 ], [ 13.099937586058994, 53.467735839359861 ], [ 13.10088179617914, 53.469348646018652 ], [ 13.098262402190109, 53.47012589581513 ], [ 13.101700543460518, 53.474710532267331 ], [ 13.106941092061653, 53.47378333481501 ], [ 13.114064196697901, 53.47803609774467 ], [ 13.116322358443258, 53.477832185780336 ], [ 13.116172018486996, 53.472510160591618 ], [ 13.124075550072337, 53.469488479638997 ], [ 13.124590748469023, 53.475160423901023 ], [ 13.120850544459733, 53.478332103084171 ], [ 13.124963089614059, 53.479857397760277 ], [ 13.133179685557796, 53.4739765279474 ], [ 13.131822383145389, 53.472125055742261 ], [ 13.132744850970939, 53.468650198584228 ], [ 13.136106785604404, 53.464125033810539 ], [ 13.140170405148455, 53.461097095728462 ], [ 13.135394739076219, 53.457640546156973 ], [ 13.141513475252109, 53.454481768031442 ], [ 13.141783680566718, 53.449904605191392 ], [ 13.161707071862384, 53.444152106090996 ], [ 13.171822630546654, 53.445222643629698 ], [ 13.174172097646274, 53.448463813191282 ], [ 13.177651013906811, 53.450058885881511 ], [ 13.178751115017967, 53.453509896824222 ], [ 13.176608908874048, 53.456452195758608 ], [ 13.178587532458574, 53.459515636693489 ], [ 13.176415836786729, 53.461026508940172 ], [ 13.174396232235289, 53.461224798592902 ], [ 13.176806509210024, 53.464062625701459 ], [ 13.180687659445464, 53.465022551736212 ] ] ] } },
{ "type": "Feature", "properties": { "wkr": 22, "wkr_name": "Mecklenburgische Seenplatte V" }, "geometry": { "type": "MultiPolygon", "coordinates": [ [ [ [ 13.218434318396069, 53.618252729966954 ], [ 13.228111499469938, 53.616152656655181 ], [ 13.248957890278486, 53.617132422929252 ], [ 13.246851059925472, 53.61447382669688 ], [ 13.24638842056717, 53.610437115539483 ], [ 13.250437155826694, 53.609208235022528 ], [ 13.248986363732611, 53.60651494359535 ], [ 13.249171401583208, 53.603892183039889 ], [ 13.242106527997093, 53.603425571067525 ], [ 13.241434103757266, 53.601385911785073 ], [ 13.236240375757747, 53.599021453808618 ], [ 13.237361560102311, 53.597289766292889 ], [ 13.229666283227413, 53.595205262097927 ], [ 13.232501564526254, 53.594047179546109 ], [ 13.231562829306185, 53.588940995411178 ], [ 13.224704969850512, 53.587405962442077 ], [ 13.224255061576082, 53.588888348448492 ], [ 13.220895439619509, 53.588723998149455 ], [ 13.220867303171737, 53.583092265066618 ], [ 13.215781676223534, 53.583158128308206 ], [ 13.213104048311962, 53.581214333115923 ], [ 13.209322313183682, 53.579911708684477 ], [ 13.208645757170176, 53.578355232134918 ], [ 13.205162014009055, 53.576131490058685 ], [ 13.195349510679936, 53.576668015889695 ], [ 13.18423399310505, 53.569802738837261 ], [ 13.180713175584833, 53.565977651735189 ], [ 13.190251435399764, 53.55645200056221 ], [ 13.2054158598282, 53.554501157744035 ], [ 13.206405622290461, 53.556232839799669 ], [ 13.211641215040485, 53.557341706456491 ], [ 13.210589255252371, 53.552690171273142 ], [ 13.217357801606967, 53.544837930768132 ], [ 13.212966678722836, 53.544086709332348 ], [ 13.221737522958229, 53.536608025882117 ], [ 13.220263443291692, 53.535155101174418 ], [ 13.221320174101727, 53.530478835055114 ], [ 13.216694180163783, 53.52863713214596 ], [ 13.212594946316838, 53.523369611524039 ], [ 13.205734924040515, 53.519136358607653 ], [ 13.207326040871534, 53.513964799865128 ], [ 13.202516350711575, 53.509657983066518 ], [ 13.197642492721876, 53.506896871286109 ], [ 13.194321071687947, 53.503812322627063 ], [ 13.185667741336436, 53.49956329774853 ], [ 13.183849978038403, 53.49644294374518 ], [ 13.185320106193611, 53.493882164163281 ], [ 13.18025015290092, 53.494456819457938 ], [ 13.176711647038235, 53.493710517323116 ], [ 13.172800095627764, 53.490895478353146 ], [ 13.163308452938697, 53.488573907043936 ], [ 13.163557826055101, 53.486622777967654 ], [ 13.1611719465463, 53.485552866853723 ], [ 13.157813239325444, 53.479257546128039 ], [ 13.161569907902788, 53.477077173392196 ], [ 13.161376746457778, 53.473783558393656 ], [ 13.159158423287975, 53.468323280259497 ], [ 13.154283701275071, 53.46568930556807 ], [ 13.140162875965732, 53.461097135694686 ], [ 13.132722259424051, 53.468650317042325 ], [ 13.131799789753924, 53.47212517400996 ], [ 13.13315709118007, 53.473976646463349 ], [ 13.124940492125358, 53.479857514694949 ], [ 13.120827947789442, 53.47833221924791 ], [ 13.124568153477595, 53.475160540786931 ], [ 13.124052958095749, 53.469488596453488 ], [ 13.116149424919632, 53.472510275897228 ], [ 13.116299762047191, 53.477832301089762 ], [ 13.114041600197707, 53.478036212626051 ], [ 13.106918497835512, 53.473783448368707 ], [ 13.101677948751945, 53.474710644825436 ], [ 13.098239609060091, 53.470130499625071 ], [ 13.100859204321328, 53.469348758446728 ], [ 13.099914995059851, 53.467735951616895 ], [ 13.095309294162506, 53.467608054655216 ], [ 13.086439962438185, 53.473961726334274 ], [ 13.079202223494764, 53.470705611194475 ], [ 13.072889901358904, 53.469501763030415 ], [ 13.067259426359126, 53.465393708917446 ], [ 13.066358295631638, 53.466974267316772 ], [ 13.056191446173242, 53.469341199237334 ], [ 13.051593989689589, 53.469305964497536 ], [ 13.041688438362101, 53.467618578035946 ], [ 13.036771797320043, 53.464123705168909 ], [ 13.032045047360551, 53.464541246027423 ], [ 13.029642835147714, 53.466649548861 ], [ 13.027330768090357, 53.466723339933694 ], [ 13.024398265887005, 53.464305714343944 ], [ 13.012755619594691, 53.466590632119754 ], [ 13.005509081674527, 53.465646335779375 ], [ 13.000473648452394, 53.466772715908675 ], [ 12.990014374883645, 53.46543987378336 ], [ 12.977080604474089, 53.465772499085638 ], [ 12.977243581997334, 53.464288160359892 ], [ 12.974083934698101, 53.46280423714019 ], [ 12.965738435733135, 53.465348496435929 ], [ 12.955498875759915, 53.465235560452136 ], [ 12.954004221619229, 53.462894425162212 ], [ 12.94131489652554, 53.462436640715062 ], [ 12.945027057374345, 53.457630229412153 ], [ 12.940664932115427, 53.451005156745559 ], [ 12.927944241951508, 53.453900159405642 ], [ 12.904900212510377, 53.457252574208574 ], [ 12.897746799539913, 53.464683262286556 ], [ 12.887947992326078, 53.467176193525809 ], [ 12.88564057472113, 53.465139046953283 ], [ 12.881892553471989, 53.467786727070099 ], [ 12.891018699206359, 53.475378821686498 ], [ 12.88534352958033, 53.479190891400975 ], [ 12.889943961014406, 53.480870993174307 ], [ 12.885058223968613, 53.484856728607475 ], [ 12.885746798138301, 53.487264255140857 ], [ 12.877151849388186, 53.490386899526513 ], [ 12.887462312433181, 53.497068345476194 ], [ 12.889195696855861, 53.499780318108748 ], [ 12.891797096603179, 53.510449727994626 ], [ 12.893562929336108, 53.513239282974368 ], [ 12.896561060487164, 53.514966860605789 ], [ 12.891984120074458, 53.515858945313724 ], [ 12.88059239192712, 53.515116344629455 ], [ 12.878009714769453, 53.516042051770967 ], [ 12.867324620625068, 53.515691281917327 ], [ 12.859769754048735, 53.518570328884323 ], [ 12.861828515228307, 53.523495581610348 ], [ 12.86454100961666, 53.525540281191411 ], [ 12.871946829115977, 53.524791774787026 ], [ 12.8747556074371, 53.529158050772061 ], [ 12.880380257585376, 53.530373406810845 ], [ 12.883183086662761, 53.533377492472574 ], [ 12.886468963357814, 53.538306444160703 ], [ 12.88108371811726, 53.540371482457076 ], [ 12.874587999595077, 53.541614003136317 ], [ 12.874695625027778, 53.543786133658493 ], [ 12.873230787883992, 53.544623347629958 ], [ 12.877295040576357, 53.547653637096005 ], [ 12.877353969678945, 53.550687479825527 ], [ 12.883553910222574, 53.555429374303536 ], [ 12.880123872117746, 53.557278607016464 ], [ 12.888470060345217, 53.561746784247347 ], [ 12.890173094145362, 53.565288561806824 ], [ 12.887724766997227, 53.565965188758554 ], [ 12.894811060640226, 53.569124259743937 ], [ 12.901583248451594, 53.574914613729966 ], [ 12.901251150712211, 53.577225900020252 ], [ 12.905401004902611, 53.577458945613429 ], [ 12.905932834834813, 53.580341931453624 ], [ 12.908185456878748, 53.581446542631845 ], [ 12.910866350136198, 53.58641889308749 ], [ 12.90645924128779, 53.588577690491945 ], [ 12.90948434040388, 53.589022369217012 ], [ 12.912163087606192, 53.595311862449705 ], [ 12.915184246558796, 53.596174803420986 ], [ 12.922647870702839, 53.595015608215832 ], [ 12.925581936350726, 53.592669914640155 ], [ 12.93132227921858, 53.590937171951637 ], [ 12.937902770963582, 53.590704767094287 ], [ 12.944286980957218, 53.589459859745908 ], [ 12.953512963281327, 53.589799747152284 ], [ 12.958671294175611, 53.591025015170317 ], [ 12.964622953815491, 53.579126158585588 ], [ 12.968289896118614, 53.578230956660477 ], [ 12.969003202156335, 53.575710818916093 ], [ 12.975801772244331, 53.572687314997651 ], [ 12.975341003270435, 53.571081436770349 ], [ 12.976796127597874, 53.568063408598491 ], [ 12.978847868205724, 53.570900411792067 ], [ 12.995334778099998, 53.569032013188064 ], [ 13.000434885247373, 53.571183220641181 ], [ 13.004394331531294, 53.567521027465979 ], [ 13.004344157537821, 53.565098561629739 ], [ 13.006125749195267, 53.564248903814253 ], [ 13.015740492728677, 53.566338943603029 ], [ 13.01798566210504, 53.566010866504904 ], [ 13.018608858668523, 53.563920570459494 ], [ 13.021162515918315, 53.563727637614853 ], [ 13.033300198702232, 53.568078681699284 ], [ 13.051642937283969, 53.560447969969815 ], [ 13.062084409633581, 53.557982363227765 ], [ 13.068261572250371, 53.557843718131764 ], [ 13.069996619125918, 53.546211430672102 ], [ 13.073945691686403, 53.544918078026207 ], [ 13.076179019581927, 53.551821258614844 ], [ 13.086251585097454, 53.554461629945173 ], [ 13.089017359612544, 53.552868939809976 ], [ 13.090236000196574, 53.558276643838973 ], [ 13.088903713681637, 53.561049069516152 ], [ 13.092336777468464, 53.562301618060104 ], [ 13.093869117683232, 53.564085305372487 ], [ 13.095274378507165, 53.568580631046132 ], [ 13.098591401741967, 53.56935152295916 ], [ 13.091382206220192, 53.574506541809235 ], [ 13.094177924892515, 53.577082260750188 ], [ 13.106764394498935, 53.579525799734824 ], [ 13.111031252377995, 53.582247211314296 ], [ 13.11876926385886, 53.583563138905639 ], [ 13.122253250841938, 53.583303498123293 ], [ 13.130685201110854, 53.585602658260534 ], [ 13.134493575250334, 53.587227582569952 ], [ 13.138163824772773, 53.594550967668354 ], [ 13.149265503828522, 53.596420648920663 ], [ 13.151754353267467, 53.594355355621502 ], [ 13.16148297134875, 53.596336207300538 ], [ 13.1637118082432, 53.597593655271204 ], [ 13.164394145543554, 53.600251930260853 ], [ 13.167191699309788, 53.60085346375741 ], [ 13.17211645497793, 53.603901622623937 ], [ 13.181373680976055, 53.60363470858676 ], [ 13.194278696024957, 53.600915640530374 ], [ 13.199731769114184, 53.604189528910219 ], [ 13.200805642896755, 53.60841509540797 ], [ 13.205053370169574, 53.607935779127686 ], [ 13.210862596850367, 53.619091297588376 ], [ 13.212735636400478, 53.620677244028116 ], [ 13.218434318396069, 53.618252729966954 ] ] ], [ [ [ 13.438597974569094, 53.749284934262526 ], [ 13.445457880262619, 53.748114752139813 ], [ 13.445971466764648, 53.750310681007228 ], [ 13.456201235759588, 53.748613179594955 ], [ 13.466359248940336, 53.74847317191562 ], [ 13.470920134019531, 53.746615639218938 ], [ 13.493363690808902, 53.744689698427003 ], [ 13.503597084561861, 53.742732757079906 ], [ 13.508058873294058, 53.739120708815769 ], [ 13.511334517218266, 53.737297701803143 ], [ 13.51511122288745, 53.736781510409507 ], [ 13.518242625271833, 53.734467891259477 ], [ 13.51597021164681, 53.733235830669429 ], [ 13.521322892360269, 53.728238500895323 ], [ 13.525490413095499, 53.726446338401772 ], [ 13.526524858297496, 53.72237349088816 ], [ 13.523740107267756, 53.721394272617189 ], [ 13.523204579623474, 53.71596793916811 ], [ 13.531552648917547, 53.706767154161128 ], [ 13.539552897781578, 53.700337351219353 ], [ 13.542418381273716, 53.699670230616171 ], [ 13.544956119806193, 53.697269204670327 ], [ 13.554902489779417, 53.694715849578827 ], [ 13.597077462783174, 53.700471309592338 ], [ 13.642774872191163, 53.703982889573638 ], [ 13.646435579419688, 53.700087815714575 ], [ 13.657185852957612, 53.698069396155375 ], [ 13.679603288078747, 53.696843655236123 ], [ 13.691386174573626, 53.697301723810938 ], [ 13.699873042131307, 53.699088021012066 ], [ 13.709934052807629, 53.69899076804802 ], [ 13.72570383972154, 53.696067167008927 ], [ 13.745756043587791, 53.688981350685729 ], [ 13.746165672471054, 53.687192821116042 ], [ 13.751438404070592, 53.690236347967399 ], [ 13.755514035352343, 53.689294715614551 ], [ 13.753411416210875, 53.686790510883974 ], [ 13.7598460589365, 53.685335170503627 ], [ 13.769170439942293, 53.684459292009066 ], [ 13.795315340207962, 53.685387102954046 ], [ 13.792495265262016, 53.678852683058302 ], [ 13.764747988458534, 53.679243803690788 ], [ 13.750723602849973, 53.672212812217197 ], [ 13.723787703102243, 53.668204559798717 ], [ 13.718303851894381, 53.664084167220366 ], [ 13.706150086129629, 53.65884599733775 ], [ 13.694552862694605, 53.650755026593629 ], [ 13.709056161287736, 53.644415045512616 ], [ 13.716601685237691, 53.642330734147642 ], [ 13.719518847423375, 53.640264818796389 ], [ 13.728320721956072, 53.639010120328493 ], [ 13.734158778741207, 53.637159572293044 ], [ 13.736550395104176, 53.632002382593924 ], [ 13.735932214905054, 53.629064800011889 ], [ 13.730197403350271, 53.625626254604093 ], [ 13.732390889738493, 53.625044684792293 ], [ 13.734852873871356, 53.625864506287769 ], [ 13.739099226617828, 53.625338137576172 ], [ 13.744832220213652, 53.627088440624419 ], [ 13.749035718819711, 53.625055706686474 ], [ 13.758901849336848, 53.622478994060153 ], [ 13.759689305192971, 53.621111175016523 ], [ 13.762196502585944, 53.62127600794004 ], [ 13.762012030202943, 53.619639665851018 ], [ 13.765905661126101, 53.616651359948044 ], [ 13.760342267501745, 53.614807469750112 ], [ 13.75449920711285, 53.614974418107401 ], [ 13.75717646853189, 53.612060288636393 ], [ 13.753776967001253, 53.610286896032058 ], [ 13.744463308800432, 53.610985559071366 ], [ 13.735089631027929, 53.60478724578207 ], [ 13.73498422477458, 53.60368844952518 ], [ 13.72897891820503, 53.603047325153383 ], [ 13.724802748135364, 53.601727545990606 ], [ 13.724278996042429, 53.600573230639192 ], [ 13.718570980450492, 53.59954527036507 ], [ 13.707390058111708, 53.592231257039359 ], [ 13.704852345666223, 53.591378870374676 ], [ 13.701786213434668, 53.592639513171072 ], [ 13.699233364610388, 53.591779474228275 ], [ 13.704483949203194, 53.588700665596761 ], [ 13.70428544418148, 53.587362632924631 ], [ 13.709692099236324, 53.584823725382329 ], [ 13.708962781725191, 53.576147621857373 ], [ 13.72569220261879, 53.572286802771288 ], [ 13.720043862851174, 53.562247294616277 ], [ 13.71818648805673, 53.561118548391313 ], [ 13.72163913050697, 53.557767446969493 ], [ 13.724157537137138, 53.543182783964561 ], [ 13.721515509246275, 53.541142931810676 ], [ 13.716670035851772, 53.542027787828964 ], [ 13.713319913331752, 53.540962486490905 ], [ 13.705991833877317, 53.536130618047494 ], [ 13.69847214377462, 53.537858823537199 ], [ 13.679013323817243, 53.535492412109591 ], [ 13.678554823158459, 53.531701904916453 ], [ 13.68312650491862, 53.523843185711677 ], [ 13.680333342481051, 53.520973532183284 ], [ 13.671814089026197, 53.516494221238048 ], [ 13.669313443720181, 53.510470423275954 ], [ 13.670112464984797, 53.509211773921081 ], [ 13.683484982678285, 53.508260148964254 ], [ 13.689370023380654, 53.508804752240991 ], [ 13.693103379629001, 53.508224606030659 ], [ 13.695592814030524, 53.506812933181365 ], [ 13.695740620775961, 53.503173212100592 ], [ 13.693579032510719, 53.498505820981428 ], [ 13.690486442001479, 53.495807686335795 ], [ 13.687809247978278, 53.491365241192376 ], [ 13.709718216441271, 53.478765623429958 ], [ 13.702435199791065, 53.473255100664545 ], [ 13.695500407698084, 53.471490399059434 ], [ 13.688495138879487, 53.467159304605431 ], [ 13.678339014478599, 53.464324118144965 ], [ 13.673165395848287, 53.460100511181153 ], [ 13.6690850423161, 53.458616504462753 ], [ 13.663110154726255, 53.458083363866685 ], [ 13.662000662606202, 53.456357274115192 ], [ 13.654249942594584, 53.45084086678083 ], [ 13.655550174771149, 53.448589222146865 ], [ 13.65202740619582, 53.445946577899655 ], [ 13.650980570035122, 53.443536124625069 ], [ 13.647877325704229, 53.445405194640529 ], [ 13.64050923308556, 53.447085305696461 ], [ 13.633934911974789, 53.440032438110535 ], [ 13.639041135167485, 53.438004419501155 ], [ 13.636208070147617, 53.433190605662901 ], [ 13.629410104515582, 53.431566602055085 ], [ 13.636100891072161, 53.424535036680112 ], [ 13.626270805728742, 53.410249601043915 ], [ 13.622052888535054, 53.408601218628696 ], [ 13.619901830381121, 53.409475248147722 ], [ 13.619435370781645, 53.411780727995179 ], [ 13.617262440465204, 53.413120063574958 ], [ 13.608918266303114, 53.413345731720767 ], [ 13.604813540244404, 53.411255281027834 ], [ 13.59718253980116, 53.410518209961197 ], [ 13.594180642601213, 53.408272573712395 ], [ 13.592208031896298, 53.407925079237081 ], [ 13.589255811048986, 53.409551797890764 ], [ 13.579861399309141, 53.407773368598001 ], [ 13.572320151383337, 53.407883689398815 ], [ 13.572049883644453, 53.40678487120983 ], [ 13.569815577139693, 53.405705920806902 ], [ 13.569131549498241, 53.402997255302807 ], [ 13.560952557453486, 53.399842752229276 ], [ 13.558156664991522, 53.400820108921053 ], [ 13.550110460789323, 53.398935574209453 ], [ 13.548979950785386, 53.396066781202819 ], [ 13.546108806600758, 53.394568232394498 ], [ 13.547482520366108, 53.392778680824513 ], [ 13.553712297958041, 53.392641018995526 ], [ 13.556369371337194, 53.391388627896077 ], [ 13.554834862011122, 53.389370733682107 ], [ 13.555455877528329, 53.387842226883997 ], [ 13.546604574894326, 53.389487838344955 ], [ 13.537960588616754, 53.388862893353036 ], [ 13.535104601906651, 53.387662978090844 ], [ 13.531434586487862, 53.390157076011548 ], [ 13.524726352421037, 53.392069065677099 ], [ 13.529694257237798, 53.401159901192102 ], [ 13.526852096006051, 53.402479589285726 ], [ 13.513659643730987, 53.405687362373691 ], [ 13.514119442514742, 53.406529084423497 ], [ 13.484425583352609, 53.407557018200905 ], [ 13.485245339927776, 53.409304947472492 ], [ 13.482739195186364, 53.410545512937119 ], [ 13.480932785153465, 53.408716075283685 ], [ 13.477778113130999, 53.408419358767901 ], [ 13.47665425372092, 53.411584177303347 ], [ 13.471813564790969, 53.411034846145157 ], [ 13.464518986752861, 53.4089380189479 ], [ 13.454575245419806, 53.409324331298862 ], [ 13.4425515632923, 53.407548165184672 ], [ 13.43147055352906, 53.40552211860382 ], [ 13.421858420468173, 53.402353049160503 ], [ 13.403212660344641, 53.416384452079441 ], [ 13.404024477589545, 53.421639189090818 ], [ 13.407014981775687, 53.422453726305633 ], [ 13.408256285054929, 53.424017880894446 ], [ 13.406050679561426, 53.425192494314949 ], [ 13.400456738236695, 53.424602660120414 ], [ 13.383933496394242, 53.4320889255672 ], [ 13.376667595663378, 53.436739058079077 ], [ 13.364235550931339, 53.4360545738922 ], [ 13.346538646210055, 53.430488729876124 ], [ 13.340180596369901, 53.431315520467798 ], [ 13.335469871327277, 53.429247959143936 ], [ 13.326620967052936, 53.432673277414978 ], [ 13.318684494637692, 53.434620484656747 ], [ 13.319109403618329, 53.43599929929858 ], [ 13.317648418869743, 53.437408616336072 ], [ 13.312583779844637, 53.436251147814943 ], [ 13.307341269741306, 53.433088383632104 ], [ 13.304673378662091, 53.430305306099143 ], [ 13.302483868414884, 53.429930977732639 ], [ 13.300546758060181, 53.430475639539708 ], [ 13.296332329440148, 53.425722433433791 ], [ 13.286259098549682, 53.423635363203168 ], [ 13.278087698718178, 53.436335696017132 ], [ 13.27391514028858, 53.440049732226704 ], [ 13.270086204131394, 53.439993939825847 ], [ 13.265478283681395, 53.437752823023828 ], [ 13.264290023680068, 53.434074700202196 ], [ 13.252981079669135, 53.434137886185354 ], [ 13.252911159880499, 53.43579583280534 ], [ 13.255630337762337, 53.437664259345077 ], [ 13.248681406475843, 53.438368362435838 ], [ 13.249035806954193, 53.443807854610576 ], [ 13.237550406264125, 53.448046075616922 ], [ 13.238450084991772, 53.449374061685177 ], [ 13.2322818627615, 53.449910644040138 ], [ 13.22651611035816, 53.434321338620748 ], [ 13.209421700769717, 53.435267060565828 ], [ 13.207717203244322, 53.432494423005053 ], [ 13.202456086428372, 53.434532721182144 ], [ 13.20212964467385, 53.431670017369179 ], [ 13.191044963242337, 53.432527693021221 ], [ 13.190740994112664, 53.435154919900704 ], [ 13.195313351415058, 53.435798762719024 ], [ 13.194353672149157, 53.438071619591639 ], [ 13.198155125414923, 53.438759028705235 ], [ 13.193724252211874, 53.441608246595983 ], [ 13.188800431775119, 53.44021807152653 ], [ 13.186279635478021, 53.44315649349015 ], [ 13.188755572149871, 53.448058176823203 ], [ 13.182664850120515, 53.462895788502898 ], [ 13.176248994323538, 53.469886757342515 ], [ 13.18258171055021, 53.470909937013595 ], [ 13.186347512934887, 53.47262482453408 ], [ 13.189677475333951, 53.475478008726512 ], [ 13.198259004824422, 53.478926010067724 ], [ 13.20239891576467, 53.482523550575699 ], [ 13.210010260250236, 53.484805609892526 ], [ 13.215180435896015, 53.491677562290356 ], [ 13.218390510605452, 53.494366290609094 ], [ 13.220370209044779, 53.502888735047662 ], [ 13.225104752825745, 53.506791585880691 ], [ 13.23000663332302, 53.515791935365868 ], [ 13.246389274591781, 53.512693562550339 ], [ 13.249508638499883, 53.513228553184121 ], [ 13.24911287497906, 53.51584393566732 ], [ 13.250455771584631, 53.518887138482619 ], [ 13.259750462290896, 53.517680861684944 ], [ 13.256394527010132, 53.511446505291666 ], [ 13.267470333741601, 53.51255624632023 ], [ 13.269541947859246, 53.517926698102698 ], [ 13.283452352880435, 53.519715688419929 ], [ 13.293682209807194, 53.52009940907466 ], [ 13.301783397562321, 53.52158813883954 ], [ 13.323844291854209, 53.530353570739173 ], [ 13.324390452545321, 53.533064174981256 ], [ 13.328305673290881, 53.53317658759152 ], [ 13.327890370582354, 53.539506996626827 ], [ 13.343098486933652, 53.539266989975047 ], [ 13.343025478688295, 53.550706837116927 ], [ 13.340328704327606, 53.558070953876339 ], [ 13.33933314047156, 53.56851501259063 ], [ 13.322148839356975, 53.570932020792974 ], [ 13.312441264815511, 53.581874641219578 ], [ 13.314531191336558, 53.584933812506691 ], [ 13.311658670439504, 53.587012471270903 ], [ 13.311123992570712, 53.591410452089271 ], [ 13.284714920548735, 53.589820519073413 ], [ 13.266464686693512, 53.591627419287548 ], [ 13.264442808279654, 53.599163407580257 ], [ 13.252723883817806, 53.619098024938573 ], [ 13.251574287774842, 53.624260158293474 ], [ 13.257486076070128, 53.626763596690353 ], [ 13.257881256699402, 53.628263677371699 ], [ 13.25291670342666, 53.630095281352389 ], [ 13.253934187122324, 53.632715567803039 ], [ 13.256589234381288, 53.634289855997224 ], [ 13.255577161606006, 53.636988675712061 ], [ 13.25894617483139, 53.638394834569198 ], [ 13.256351255968314, 53.640393148448162 ], [ 13.257468867046645, 53.643804512329552 ], [ 13.261529634980803, 53.645087225245994 ], [ 13.262812514211205, 53.648372571817838 ], [ 13.27226287651486, 53.653524951687636 ], [ 13.267615682434091, 53.662125582283473 ], [ 13.269347097535306, 53.663551090544075 ], [ 13.273750007282626, 53.662474538722023 ], [ 13.278171130224976, 53.662843786225622 ], [ 13.30899866002394, 53.672382973831468 ], [ 13.326303649070717, 53.676322894621535 ], [ 13.345285641724939, 53.679593066980978 ], [ 13.381352813376147, 53.691929718695079 ], [ 13.393722106178656, 53.697314167790076 ], [ 13.410675909804993, 53.706300656927723 ], [ 13.416415713511018, 53.712625789560022 ], [ 13.418962878221135, 53.727203154829112 ], [ 13.428991887752909, 53.742612814913656 ], [ 13.432074249305151, 53.749527936987946 ], [ 13.432000451070044, 53.75178689527332 ], [ 13.43664521805113, 53.751505109322785 ], [ 13.438597974569094, 53.749284934262526 ] ] ] ] } },
{ "type": "Feature", "properties": { "wkr": 23, "wkr_name": "Vorpommern-Rügen I" }, "geometry": { "type": "MultiPolygon", "coordinates": [ [ [ [ 12.528645283529213, 54.365919155300595 ], [ 12.526222999746851, 54.362805771319898 ], [ 12.524468861846097, 54.363513094189557 ], [ 12.527860491952698, 54.366273969180959 ], [ 12.528645283529213, 54.365919155300595 ] ] ], [ [ [ 12.528694896823719, 54.367462244828339 ], [ 12.52463679089475, 54.367142852941704 ], [ 12.523182366594538, 54.368133203803772 ], [ 12.528086761582149, 54.368735743161572 ], [ 12.528694896823719, 54.367462244828339 ] ] ], [ [ [ 12.524569883922245, 54.371122979540949 ], [ 12.522839192638225, 54.370019899060672 ], [ 12.5205538804867, 54.370569855412512 ], [ 12.518898825834262, 54.372272140673786 ], [ 12.522756910266915, 54.373606950481062 ], [ 12.52253420958769, 54.37234012296063 ], [ 12.524569883922245, 54.371122979540949 ] ] ], [ [ [ 12.734516232666319, 54.41320755897052 ], [ 12.737381823942956, 54.411682266944503 ], [ 12.735873590305326, 54.407870536709545 ], [ 12.72953227988272, 54.404686522626442 ], [ 12.717782402277846, 54.4050143123034 ], [ 12.725187910529804, 54.413011007416095 ], [ 12.729036911081634, 54.412409903392764 ], [ 12.734516232666319, 54.41320755897052 ] ] ], [ [ [ 12.670279970468247, 54.420674386330532 ], [ 12.670719603626612, 54.415970381495825 ], [ 12.668553606886054, 54.417940351277274 ], [ 12.670279970468247, 54.420674386330532 ] ] ], [ [ [ 12.642849232248489, 54.420659242510993 ], [ 12.64527191042604, 54.417725816053547 ], [ 12.645104892793578, 54.415742588072277 ], [ 12.643000941539343, 54.416784448295424 ], [ 12.640516959241499, 54.416849511263109 ], [ 12.642194670499283, 54.417762246515352 ], [ 12.639764821358311, 54.419464709642455 ], [ 12.638624355221602, 54.416219954223635 ], [ 12.636518370589895, 54.416504739519695 ], [ 12.636582290195522, 54.420601711767752 ], [ 12.635016149434017, 54.421234176035135 ], [ 12.637506063168603, 54.423469307928869 ], [ 12.639393366820327, 54.421859451970846 ], [ 12.642849232248489, 54.420659242510993 ] ] ], [ [ [ 12.929579993439489, 54.430222600641933 ], [ 12.928741323618103, 54.427105133110054 ], [ 12.926828147985644, 54.430545891408272 ], [ 12.922793070485474, 54.432921921825404 ], [ 12.926842435814672, 54.431994025608539 ], [ 12.929579993439489, 54.430222600641933 ] ] ], [ [ [ 12.696830424087571, 54.43088130408897 ], [ 12.697785639923756, 54.429824414477558 ], [ 12.700234714926825, 54.430441230097635 ], [ 12.709632616158574, 54.42602360274082 ], [ 12.717020829087717, 54.424988809265187 ], [ 12.723725166808622, 54.425320305598248 ], [ 12.729708353029659, 54.422076565615733 ], [ 12.73121044523921, 54.417871513528802 ], [ 12.730472381056105, 54.415675856042839 ], [ 12.721349689930406, 54.415074341514988 ], [ 12.71432539280555, 54.417020721440736 ], [ 12.699492223826127, 54.418728112185413 ], [ 12.692284159431475, 54.418274618447818 ], [ 12.684278251361127, 54.415393495659075 ], [ 12.678928295116501, 54.415244726724985 ], [ 12.675172934847692, 54.418678897279932 ], [ 12.677298302834657, 54.421953728248738 ], [ 12.69106336150289, 54.424684526830852 ], [ 12.691392708623519, 54.427294251667007 ], [ 12.693366898133553, 54.428776436823988 ], [ 12.687294310010458, 54.427481254652818 ], [ 12.688489514960629, 54.428800527939863 ], [ 12.694054189506042, 54.431298153782443 ], [ 12.696830424087571, 54.43088130408897 ] ] ], [ [ [ 12.52560732334007, 54.478911212777561 ], [ 12.526690849039372, 54.476139565722441 ], [ 12.528638253863296, 54.477462683343411 ], [ 12.527666184348524, 54.473301909522966 ], [ 12.522904540319212, 54.472482896471043 ], [ 12.520195829578359, 54.474059085930065 ], [ 12.520087556692115, 54.475727520693397 ], [ 12.522154147955558, 54.476835655693293 ], [ 12.517503798750372, 54.475100472189787 ], [ 12.521830279321552, 54.469165197983436 ], [ 12.52344599232387, 54.469300272373786 ], [ 12.52295949130451, 54.471821407427754 ], [ 12.525368207592386, 54.47165135467867 ], [ 12.531656698820303, 54.466136526647688 ], [ 12.54027507215195, 54.460512764295949 ], [ 12.553204834171868, 54.455851645230808 ], [ 12.57077409311947, 54.453384833661858 ], [ 12.614631529784345, 54.449992828331233 ], [ 12.660683299033597, 54.442642936249896 ], [ 12.677056342379244, 54.441576990131828 ], [ 12.707005985735512, 54.44228492565869 ], [ 12.772932706942179, 54.441787301589144 ], [ 12.797305820573815, 54.44036603268006 ], [ 12.819983368239983, 54.440212883313677 ], [ 12.863453694374453, 54.441070450807089 ], [ 12.914148748220411, 54.445242722678451 ], [ 12.921174961852529, 54.444714561299961 ], [ 12.919245147643457, 54.44100481408141 ], [ 12.915346912622223, 54.4384276672304 ], [ 12.919021646574974, 54.434227557360046 ], [ 12.926276330894872, 54.429476840070123 ], [ 12.926582828285161, 54.427647327645296 ], [ 12.925031082617375, 54.42526886563806 ], [ 12.919671653577144, 54.422693431786378 ], [ 12.910618939997354, 54.419948777761299 ], [ 12.902300728644155, 54.420801307478975 ], [ 12.899487603635809, 54.420045663958994 ], [ 12.899640737592206, 54.419068045575827 ], [ 12.895257515063827, 54.418827530200375 ], [ 12.89330317345625, 54.417761694289212 ], [ 12.88367604044066, 54.417097446021607 ], [ 12.875597658949884, 54.413620279597069 ], [ 12.868225304380456, 54.4173603871102 ], [ 12.859336119110504, 54.420412164590196 ], [ 12.8527420495884, 54.421491851329627 ], [ 12.832222606000853, 54.422906796547267 ], [ 12.830862723638472, 54.422090186145311 ], [ 12.822369430074213, 54.421038511072581 ], [ 12.815248051471119, 54.418282904741737 ], [ 12.809092029887331, 54.415176673120982 ], [ 12.802730121486571, 54.408635923803423 ], [ 12.800081013532367, 54.408673117526511 ], [ 12.791320467353854, 54.416223390435285 ], [ 12.784360510987073, 54.417466532600471 ], [ 12.780300072114912, 54.416688454765904 ], [ 12.778414146450441, 54.417572591200624 ], [ 12.773930996522783, 54.417581065380311 ], [ 12.76743795561284, 54.416333301508764 ], [ 12.764460755782123, 54.414919254807536 ], [ 12.763796334085596, 54.412431608174813 ], [ 12.755595506177363, 54.414308543090421 ], [ 12.741588534496842, 54.41510310236982 ], [ 12.735542365422187, 54.417635507259575 ], [ 12.724607341957563, 54.43130973613578 ], [ 12.722763112034126, 54.429926630219555 ], [ 12.721475104075278, 54.432260051134691 ], [ 12.719962897648205, 54.432704810381885 ], [ 12.713459879643693, 54.428302672518512 ], [ 12.709516456044566, 54.428685628801652 ], [ 12.699904436895849, 54.431757844074944 ], [ 12.691995217672224, 54.431920685816635 ], [ 12.68426760366448, 54.427837453876712 ], [ 12.67179330731369, 54.422972830397306 ], [ 12.668515441395892, 54.420541471206697 ], [ 12.66725953087132, 54.416699536492999 ], [ 12.667616749117119, 54.410113318614513 ], [ 12.665343153736858, 54.40835013175716 ], [ 12.653030721614813, 54.410410798534059 ], [ 12.650230686683193, 54.41450818952945 ], [ 12.648395101073662, 54.415174656757266 ], [ 12.647487331148472, 54.418546940250515 ], [ 12.644839876012716, 54.419400564553236 ], [ 12.643222867788163, 54.42129214284639 ], [ 12.640147418386526, 54.422146839422808 ], [ 12.639121558958731, 54.423250588619318 ], [ 12.640206500631027, 54.424289695803289 ], [ 12.644802315280842, 54.424443014432356 ], [ 12.645128345693342, 54.425419855902511 ], [ 12.637824271129347, 54.425304792880141 ], [ 12.631713816081012, 54.421396704841385 ], [ 12.626791608577879, 54.419729164767581 ], [ 12.624310005116932, 54.420456596207792 ], [ 12.617209214734791, 54.417751243878506 ], [ 12.618046412225025, 54.415094328405537 ], [ 12.611604298662161, 54.412768902847652 ], [ 12.610790625919879, 54.411017898174762 ], [ 12.617059342973436, 54.407682672441901 ], [ 12.616838446109911, 54.406914621853154 ], [ 12.610592158526611, 54.409260628060352 ], [ 12.602102531008226, 54.409301719330514 ], [ 12.601396628257895, 54.408457461369785 ], [ 12.586251618979521, 54.407785829946448 ], [ 12.582371958612585, 54.405624129572466 ], [ 12.577820060340663, 54.404493517983582 ], [ 12.575703281082518, 54.400996962005678 ], [ 12.577643527392375, 54.396724199750729 ], [ 12.584616582621928, 54.394659837135052 ], [ 12.585985223623334, 54.393181381257527 ], [ 12.589775746812069, 54.392443153398496 ], [ 12.593144572295241, 54.393129113268614 ], [ 12.597527284394863, 54.392093885762804 ], [ 12.59811091438273, 54.391010947900654 ], [ 12.593640614100758, 54.386392575949273 ], [ 12.59287852847733, 54.383589681434614 ], [ 12.591527690841128, 54.383590295804886 ], [ 12.591290454890018, 54.387819913220554 ], [ 12.587678067137594, 54.389099445479275 ], [ 12.582266951109361, 54.389299241200156 ], [ 12.580414919018276, 54.388464176287158 ], [ 12.57749367834643, 54.388399954937448 ], [ 12.572999298895571, 54.389546760096358 ], [ 12.568111530580609, 54.389795075543766 ], [ 12.559974862792672, 54.388979074568873 ], [ 12.554059769680874, 54.390067016921897 ], [ 12.548906149986204, 54.389234198328616 ], [ 12.546504089874494, 54.386720890541021 ], [ 12.53702546079221, 54.384488415868994 ], [ 12.535174807794668, 54.381734461027875 ], [ 12.528267851023944, 54.381096111774781 ], [ 12.523381742337515, 54.378979810204058 ], [ 12.520758587913804, 54.377014009600721 ], [ 12.520779461015168, 54.373552685602426 ], [ 12.517305734635503, 54.372932201918069 ], [ 12.501732228070285, 54.381335524799759 ], [ 12.495409266623852, 54.382155320866737 ], [ 12.458515973195295, 54.381561083341879 ], [ 12.439314353891513, 54.37864699636841 ], [ 12.43611621264197, 54.378987746702677 ], [ 12.433930883625667, 54.375937904139576 ], [ 12.428037460827033, 54.374261508095863 ], [ 12.425598712995843, 54.372734142495268 ], [ 12.420883852542847, 54.372188293618592 ], [ 12.417363383262403, 54.367122126086741 ], [ 12.415341946425317, 54.366578697230821 ], [ 12.414169633753421, 54.365003038108654 ], [ 12.416530299018898, 54.364071089799971 ], [ 12.415696275032355, 54.361316563541969 ], [ 12.417047030411181, 54.358418255256133 ], [ 12.416125171178381, 54.356793444827709 ], [ 12.419585340086696, 54.354436282323675 ], [ 12.420981130794157, 54.343755275432812 ], [ 12.419880489797993, 54.340178468974322 ], [ 12.415746305064076, 54.335657420902315 ], [ 12.407422811597842, 54.336331446103266 ], [ 12.40043111366704, 54.34320780132829 ], [ 12.388903585638733, 54.342848176975124 ], [ 12.388656749351808, 54.340929736812448 ], [ 12.384454218967418, 54.340187773191737 ], [ 12.389598000256346, 54.336849774183449 ], [ 12.389349549458764, 54.335423287983524 ], [ 12.396766840686608, 54.33228546726086 ], [ 12.394170620532721, 54.327365796077878 ], [ 12.396035625959843, 54.323679918054587 ], [ 12.391333588224683, 54.321217126546166 ], [ 12.391007126305544, 54.31797111537707 ], [ 12.38807275622076, 54.315656215137736 ], [ 12.383871623297193, 54.314175357773628 ], [ 12.384973047384754, 54.31240683676063 ], [ 12.383716213574347, 54.310536476107501 ], [ 12.375822850446101, 54.308511449983165 ], [ 12.37388267516098, 54.309591398477913 ], [ 12.370184266001893, 54.309438052407224 ], [ 12.365808764616812, 54.310467355333387 ], [ 12.360190861487347, 54.306328281498295 ], [ 12.361211661980345, 54.303969508971043 ], [ 12.358778561020079, 54.302688065542192 ], [ 12.357526368210378, 54.300078439143142 ], [ 12.363257638817931, 54.296104524938109 ], [ 12.365719809472559, 54.29035590532483 ], [ 12.368587104987295, 54.287705100400821 ], [ 12.382796093641341, 54.278214668137849 ], [ 12.380312809873345, 54.276360713317324 ], [ 12.377137453931098, 54.271686567197925 ], [ 12.364295903754554, 54.268224182550583 ], [ 12.363972020799254, 54.265866816296295 ], [ 12.36816812329041, 54.265331420251862 ], [ 12.370279107489216, 54.263267984026079 ], [ 12.382304032329163, 54.259250628776748 ], [ 12.387186142402813, 54.256307033610646 ], [ 12.396265172174246, 54.253267720683652 ], [ 12.398035423861295, 54.251549270363157 ], [ 12.419971187792118, 54.246395076205857 ], [ 12.436338694466663, 54.245392018326093 ], [ 12.45455330542443, 54.246780633724207 ], [ 12.460762653902295, 54.248898260514949 ], [ 12.460426218740489, 54.25042314170603 ], [ 12.451098262385637, 54.25395694895704 ], [ 12.440514660291194, 54.255622197832814 ], [ 12.433877575234211, 54.255861654663761 ], [ 12.428499218808154, 54.257334785997692 ], [ 12.421024890006269, 54.257770368603744 ], [ 12.417576852672429, 54.25875086746418 ], [ 12.409065018456161, 54.269510046941136 ], [ 12.410400587734967, 54.272018058086985 ], [ 12.408451950442677, 54.276687907121783 ], [ 12.409452085353216, 54.279689758234355 ], [ 12.416318155156171, 54.287760385294803 ], [ 12.430672722732368, 54.293770905836645 ], [ 12.432829219113117, 54.295832525751116 ], [ 12.440867546573848, 54.297695240255187 ], [ 12.455913717101204, 54.299345416570851 ], [ 12.459672425345087, 54.300686402248878 ], [ 12.461072578813265, 54.300256979305161 ], [ 12.467118898281409, 54.302157432905993 ], [ 12.474422685458361, 54.302765395565551 ], [ 12.478465105098527, 54.304670863066917 ], [ 12.479394801794674, 54.302795486017928 ], [ 12.472855473175118, 54.299714962155043 ], [ 12.467953500877252, 54.295063232799947 ], [ 12.476194724694132, 54.290799463690533 ], [ 12.481381999092996, 54.284924304680466 ], [ 12.484348679845105, 54.284246871601411 ], [ 12.508142244468544, 54.285986854975029 ], [ 12.509206383886319, 54.281849969582616 ], [ 12.511942488486314, 54.280787909904447 ], [ 12.512223680030063, 54.278728118321155 ], [ 12.515692171083026, 54.27798081981107 ], [ 12.515228338747269, 54.276498294673203 ], [ 12.511309680283444, 54.276288794489503 ], [ 12.511533206154494, 54.274440249338554 ], [ 12.520276324514768, 54.275676925006984 ], [ 12.52073745530442, 54.273909337399566 ], [ 12.531110399973029, 54.271475451063317 ], [ 12.53197624430018, 54.275258100823962 ], [ 12.530176139636842, 54.275190585251117 ], [ 12.531104249193849, 54.281385604591961 ], [ 12.55899398851777, 54.278277176754976 ], [ 12.562272041367919, 54.285215609916463 ], [ 12.56812078092927, 54.284225505637544 ], [ 12.572018520481709, 54.282411096427055 ], [ 12.570538521869384, 54.281078019735126 ], [ 12.582749413941251, 54.274217365531037 ], [ 12.591818731799329, 54.271514644447741 ], [ 12.593280275234855, 54.267588907788927 ], [ 12.615464562592834, 54.263876010640054 ], [ 12.608141973652582, 54.252782340475342 ], [ 12.611927171357173, 54.250313516605459 ], [ 12.609109877886373, 54.245299566276636 ], [ 12.612753073851712, 54.243160992254239 ], [ 12.61738594845694, 54.243157756959263 ], [ 12.618231245171902, 54.243896155609249 ], [ 12.624551935150375, 54.243664633784356 ], [ 12.629488544950519, 54.242268239347247 ], [ 12.632034423024095, 54.238701461289253 ], [ 12.640647806885013, 54.234392694157187 ], [ 12.644501186762302, 54.235757171625679 ], [ 12.653857509695719, 54.235068772908072 ], [ 12.659940317345637, 54.242096815635826 ], [ 12.664543540370792, 54.249904454386474 ], [ 12.691064411637088, 54.248801733108387 ], [ 12.700717961170488, 54.249498763390093 ], [ 12.702925431876427, 54.250288899505456 ], [ 12.723325101555075, 54.246191196491417 ], [ 12.7366829413681, 54.241278946575648 ], [ 12.736066227659526, 54.239337122305976 ], [ 12.731329290340666, 54.235436482615079 ], [ 12.732436425573217, 54.232740417926898 ], [ 12.745614866070854, 54.232402556841286 ], [ 12.758595209995272, 54.233323513045029 ], [ 12.759759441535977, 54.228224412056903 ], [ 12.75829454425209, 54.226958714315415 ], [ 12.751601456801641, 54.230490468665387 ], [ 12.749620691736377, 54.230509525293293 ], [ 12.746266626845454, 54.224316051087143 ], [ 12.750645656326999, 54.222320526340958 ], [ 12.750616392040302, 54.218658086003245 ], [ 12.749574882184032, 54.216466933896278 ], [ 12.744523137145904, 54.214015988503 ], [ 12.742862393594441, 54.212272660553268 ], [ 12.746841519873362, 54.211397505192608 ], [ 12.751171818041568, 54.209194794456657 ], [ 12.748829005687661, 54.200447452038098 ], [ 12.752710334784913, 54.199231610434254 ], [ 12.751685397684513, 54.196046106810655 ], [ 12.754912809717228, 54.195229329286263 ], [ 12.759816431958464, 54.195932394365798 ], [ 12.765292403626988, 54.194623670223706 ], [ 12.767654310786144, 54.193673257374904 ], [ 12.770878277951361, 54.189318168065036 ], [ 12.77972360880622, 54.188857900616455 ], [ 12.779963976084497, 54.185478946955577 ], [ 12.785179179383555, 54.186514938475028 ], [ 12.790769374965997, 54.185615836860862 ], [ 12.792228925538899, 54.180762969820499 ], [ 12.796674558554134, 54.179470635467077 ], [ 12.798624716573098, 54.17758554414295 ], [ 12.798817361800539, 54.176003674809273 ], [ 12.795089943400848, 54.173361272841852 ], [ 12.795487659027932, 54.172095691928007 ], [ 12.798112339672475, 54.171220505176784 ], [ 12.798826765222822, 54.167460739190986 ], [ 12.802046793063727, 54.165198115680475 ], [ 12.79966851026991, 54.162119237053929 ], [ 12.799658161649209, 54.160537818609349 ], [ 12.81307224929167, 54.16070362826175 ], [ 12.821954847003187, 54.1589422349088 ], [ 12.821991346329245, 54.156901789421426 ], [ 12.824155840869683, 54.154681707462103 ], [ 12.820056303737434, 54.151813879139191 ], [ 12.815783916913871, 54.144853470577111 ], [ 12.820484720496456, 54.137435994755904 ], [ 12.817525811716621, 54.129387492363911 ], [ 12.815748783769806, 54.126810590594729 ], [ 12.810765768850818, 54.124015335295645 ], [ 12.821136211615233, 54.121681156393137 ], [ 12.82882218814609, 54.1173917244801 ], [ 12.845129386439137, 54.115736787272454 ], [ 12.846102969780516, 54.117041620286933 ], [ 12.849070143090326, 54.117033713671148 ], [ 12.847007855289387, 54.099951087387268 ], [ 12.845231029521297, 54.098194657762377 ], [ 12.849575356616329, 54.097026334201523 ], [ 12.852741505671846, 54.097224584664957 ], [ 12.853517836120023, 54.095310838785977 ], [ 12.860015790734938, 54.094466540200955 ], [ 12.862553592044762, 54.093062324511926 ], [ 12.866771598989159, 54.09341222438853 ], [ 12.873809679228904, 54.091867025468268 ], [ 12.874147643472362, 54.090215102940931 ], [ 12.877984669657684, 54.088885425527515 ], [ 12.882735759206101, 54.089491575717993 ], [ 12.885014131660892, 54.088709977032536 ], [ 12.889235554720921, 54.089059074234669 ], [ 12.891556727116779, 54.090541494341053 ], [ 12.893987904345767, 54.089768201788438 ], [ 12.895420097250822, 54.092708994122539 ], [ 12.898933127614827, 54.092387856455524 ], [ 12.904692933527601, 54.095459351975087 ], [ 12.909248403236541, 54.095869700307304 ], [ 12.911741402781868, 54.097656771625203 ], [ 12.919097555748312, 54.096301108172362 ], [ 12.92051900548544, 54.097898311371907 ], [ 12.924752423441381, 54.098544967628619 ], [ 12.927201784103543, 54.098083147135306 ], [ 12.928631495734948, 54.100506918140319 ], [ 12.933636470273159, 54.100128464175917 ], [ 12.936658010570591, 54.094084193334496 ], [ 12.94041494354502, 54.093319017102679 ], [ 12.940076623640438, 54.083756883101266 ], [ 12.928420316996617, 54.082254884203984 ], [ 12.925296594814331, 54.078017157686368 ], [ 12.917861630014084, 54.077311797855081 ], [ 12.914861935189222, 54.071054196244198 ], [ 12.930733276844101, 54.067764774080011 ], [ 12.930584540617858, 54.066610581916898 ], [ 12.934371905541159, 54.066478696435112 ], [ 12.939095542942773, 54.064869775390413 ], [ 12.934182055788936, 54.062221767763951 ], [ 12.923690496299804, 54.051963091971018 ], [ 12.917543899917721, 54.049127879296954 ], [ 12.909368929869991, 54.048518115956412 ], [ 12.903134235283339, 54.043723038602195 ], [ 12.894309378487444, 54.048479312439518 ], [ 12.890952844371295, 54.046281269737015 ], [ 12.888657300248932, 54.044363011414674 ], [ 12.892510707875035, 54.042841758462231 ], [ 12.894528291920297, 54.040386616089769 ], [ 12.873226407599637, 54.02171954391919 ], [ 12.881607460555125, 54.017206451997339 ], [ 12.887435986410177, 54.017934788892845 ], [ 12.891057191266205, 54.017618368965607 ], [ 12.889842899245933, 54.012183284777244 ], [ 12.895203718067936, 54.011805255683669 ], [ 12.894669004027596, 54.007742859971486 ], [ 12.891662562990357, 54.003005497636401 ], [ 12.898904574518953, 53.996888458295025 ], [ 12.895393078036891, 53.995591813496596 ], [ 12.89662479756063, 53.99259801274868 ], [ 12.906886362162293, 53.987001462861691 ], [ 12.902718583239484, 53.981678650974153 ], [ 12.894894092788631, 53.980350390254223 ], [ 12.877095458383927, 53.979897669469558 ], [ 12.872509868024899, 53.976594464366876 ], [ 12.874335499063115, 53.973125115072648 ], [ 12.865221659738987, 53.973479220178938 ], [ 12.857734913928452, 53.975867152467863 ], [ 12.849182367606886, 53.98047348547302 ], [ 12.842221521703937, 53.987959999588796 ], [ 12.835332940412609, 53.99142159236068 ], [ 12.83313442388145, 53.993977969225362 ], [ 12.829959494561079, 53.99461063091865 ], [ 12.828703067633242, 53.996404248079962 ], [ 12.817428823136876, 54.001468867883943 ], [ 12.812069640805358, 54.0026470482957 ], [ 12.808549850997121, 54.004779951166256 ], [ 12.804948360185328, 54.005162707172957 ], [ 12.801673168934775, 54.006960732700747 ], [ 12.794296937968159, 54.007936357245441 ], [ 12.792186734040468, 54.009899252241418 ], [ 12.789222781387608, 54.010111419855583 ], [ 12.788094564124654, 54.01082152773369 ], [ 12.790009843146759, 54.011524917879733 ], [ 12.790158154098568, 54.012440927433779 ], [ 12.779093121512568, 54.017959321847862 ], [ 12.775984792500408, 54.020849942674502 ], [ 12.77245946138912, 54.019846874471654 ], [ 12.770983094490269, 54.021391327191807 ], [ 12.767384627439331, 54.022521865742291 ], [ 12.763721014250205, 54.024901425107053 ], [ 12.763374387939546, 54.026150454719946 ], [ 12.760928260748704, 54.026314777908595 ], [ 12.759007725723777, 54.029617543209724 ], [ 12.756497220158735, 54.029157514529409 ], [ 12.755973564898945, 54.0304544132674 ], [ 12.749120279085105, 54.031383514429969 ], [ 12.745678989162741, 54.033586835139026 ], [ 12.74153137392164, 54.031267552132654 ], [ 12.736014558875242, 54.026018322387252 ], [ 12.729549284145486, 54.024003227373512 ], [ 12.724489592251352, 54.023757994300013 ], [ 12.723706705369251, 54.021006079686231 ], [ 12.715922155701811, 54.018827455422894 ], [ 12.691771446676977, 54.029888905320689 ], [ 12.696746898861541, 54.031714887622961 ], [ 12.696585359469491, 54.033251620037049 ], [ 12.693807001636776, 54.03315672937628 ], [ 12.690430142806486, 54.030335543019888 ], [ 12.689337615062341, 54.030783547389156 ], [ 12.693003103337183, 54.033691263679053 ], [ 12.69827373957952, 54.034585765520227 ], [ 12.696429937520172, 54.036273177046525 ], [ 12.688024696930476, 54.037635351159516 ], [ 12.679623308278666, 54.040307997171915 ], [ 12.674068655873352, 54.044183195355444 ], [ 12.667752179173567, 54.044240311139433 ], [ 12.659125434355465, 54.046413470448869 ], [ 12.656454128456051, 54.049331344367317 ], [ 12.64735820010989, 54.053635651852488 ], [ 12.636060436566829, 54.061267113961605 ], [ 12.634321487558076, 54.063580144037182 ], [ 12.627564700617395, 54.067566508796077 ], [ 12.613501745007431, 54.070455116090358 ], [ 12.609353182396774, 54.073807280968374 ], [ 12.608424373349081, 54.077314362793373 ], [ 12.606011832868205, 54.078144872379866 ], [ 12.602527490133113, 54.077832667953572 ], [ 12.604406549317051, 54.076479974451907 ], [ 12.600960416967879, 54.074706792454002 ], [ 12.598592004601178, 54.075849881662243 ], [ 12.594984111233085, 54.073782729370329 ], [ 12.595989610903468, 54.072097442386998 ], [ 12.588691832686678, 54.070241583385062 ], [ 12.58731079037387, 54.070072129001034 ], [ 12.585381403148654, 54.071746741226164 ], [ 12.581616196168913, 54.072286651492782 ], [ 12.576834913951354, 54.077002306307939 ], [ 12.566940070657102, 54.084049764401534 ], [ 12.562565487972019, 54.090395118624158 ], [ 12.556849768781779, 54.093612783735402 ], [ 12.540047521305077, 54.08768013708616 ], [ 12.536252072438471, 54.089546087532646 ], [ 12.53593911995014, 54.091084780449904 ], [ 12.518934760399061, 54.095442617931099 ], [ 12.518870163456755, 54.093391816967397 ], [ 12.515133066121086, 54.093135460020633 ], [ 12.513761021315645, 54.093903530737592 ], [ 12.501882237968017, 54.09341826162845 ], [ 12.494715761820478, 54.09109362837777 ], [ 12.491272711781845, 54.095618691449147 ], [ 12.485952245263112, 54.096387263559237 ], [ 12.48385678466324, 54.097633040913834 ], [ 12.477588745655952, 54.09504049195214 ], [ 12.459361740391483, 54.092343131696325 ], [ 12.455820461334632, 54.097836482942597 ], [ 12.454754005300122, 54.104426140819378 ], [ 12.459981645546799, 54.107250594871566 ], [ 12.44986806844927, 54.116875904139818 ], [ 12.435461745822694, 54.124284164739272 ], [ 12.432744422649492, 54.12272307123218 ], [ 12.432946890424057, 54.119565068949406 ], [ 12.431846370850661, 54.119143910593721 ], [ 12.426531523863176, 54.120891350434661 ], [ 12.418445794445367, 54.11970683865465 ], [ 12.423689447417498, 54.116854812545462 ], [ 12.411919673044844, 54.113622046576452 ], [ 12.406866215993047, 54.114606511226867 ], [ 12.401441541181939, 54.114600773954635 ], [ 12.40082456541667, 54.112587443989469 ], [ 12.395406031075964, 54.111810928704472 ], [ 12.394470169366466, 54.112762061772322 ], [ 12.388985131319075, 54.11257357564407 ], [ 12.386492182426448, 54.11326573335036 ], [ 12.388108042252506, 54.114659536905371 ], [ 12.384234045098465, 54.116853217853716 ], [ 12.384374351753262, 54.131830153287886 ], [ 12.387865871725969, 54.131722901402632 ], [ 12.389157617257331, 54.130844035755082 ], [ 12.391599883602426, 54.131340967599392 ], [ 12.392161015880328, 54.132790398531313 ], [ 12.39159637925712, 54.133926193643482 ], [ 12.384733375631027, 54.13534418602007 ], [ 12.380857589846169, 54.139899077137713 ], [ 12.381339685405841, 54.142956574649304 ], [ 12.374515345665955, 54.14877425021772 ], [ 12.372820599777453, 54.152727427345731 ], [ 12.378874195334365, 54.152733171566048 ], [ 12.379248627368497, 54.154831417561667 ], [ 12.382132186064467, 54.157469465537844 ], [ 12.366108058298055, 54.1619835415515 ], [ 12.365656385180957, 54.165785543905592 ], [ 12.366894628243058, 54.168172610623749 ], [ 12.371426650431706, 54.17447690367058 ], [ 12.375099541100059, 54.177154659284845 ], [ 12.369100491482328, 54.179562023546808 ], [ 12.358245183740866, 54.178559814235605 ], [ 12.355355535896996, 54.184260097890551 ], [ 12.35198213956413, 54.183860481657717 ], [ 12.351551855622018, 54.185097151183086 ], [ 12.366022753171086, 54.187211453402512 ], [ 12.370914000182596, 54.188688303204636 ], [ 12.372734054019848, 54.190479116051407 ], [ 12.370601193921544, 54.196618006172066 ], [ 12.372110653488896, 54.198948409654143 ], [ 12.370919535161745, 54.200779751085264 ], [ 12.372759482099516, 54.205637435830539 ], [ 12.370981828172795, 54.206972178981118 ], [ 12.371653782528217, 54.207864963532437 ], [ 12.367858659208613, 54.209752260803008 ], [ 12.359381318288676, 54.21126207248318 ], [ 12.355244496788375, 54.210860830642169 ], [ 12.352440731793086, 54.211474404065783 ], [ 12.346106818401397, 54.216895635681404 ], [ 12.349690734277813, 54.221957075315458 ], [ 12.330052027833089, 54.224639478062663 ], [ 12.331895117849475, 54.228821520414485 ], [ 12.327094603253023, 54.228953708791771 ], [ 12.323376705852613, 54.228055685387119 ], [ 12.323472244661639, 54.230411970447861 ], [ 12.318738264455492, 54.231044629675573 ], [ 12.319232592887166, 54.235487967990814 ], [ 12.311620496922176, 54.23428170825089 ], [ 12.313011354325571, 54.243272414900446 ], [ 12.311454972983329, 54.246050201868933 ], [ 12.312194950086155, 54.248984891787508 ], [ 12.31124717720499, 54.250505987949751 ], [ 12.308200932059467, 54.252306529057357 ], [ 12.297793939924423, 54.252405473981383 ], [ 12.300232315747841, 54.255262580395325 ], [ 12.280123321275441, 54.260970059485246 ], [ 12.278444256312685, 54.262006456447374 ], [ 12.279533827578417, 54.263840660683144 ], [ 12.283410994697665, 54.265978020038517 ], [ 12.284975705026078, 54.273328758291292 ], [ 12.284209062859533, 54.274434481315808 ], [ 12.319365081089828, 54.287732362088832 ], [ 12.336020278833621, 54.296709822430778 ], [ 12.341302232792106, 54.300822072399065 ], [ 12.3509778529294, 54.309536787589899 ], [ 12.36581998860901, 54.325744805987966 ], [ 12.375403683487111, 54.337100178790458 ], [ 12.385813135497891, 54.35198551421648 ], [ 12.394847765028757, 54.360284734889674 ], [ 12.40549023458718, 54.373845408506945 ], [ 12.406346863872248, 54.376714543121516 ], [ 12.432115302481835, 54.388965739036735 ], [ 12.450296719550202, 54.402670537015858 ], [ 12.469212909568769, 54.423654860997836 ], [ 12.476856393111388, 54.439887159489352 ], [ 12.489593468517358, 54.459584758752975 ], [ 12.498547596550532, 54.471818254636034 ], [ 12.505490915941186, 54.478229481686533 ], [ 12.513215562123131, 54.483762188375636 ], [ 12.518787458438556, 54.484517738325941 ], [ 12.519921786434605, 54.483701165386066 ], [ 12.525441154223911, 54.483196661211338 ], [ 12.529232526784257, 54.481778970234217 ], [ 12.52560732334007, 54.478911212777561 ] ] ] ] } },
{ "type": "Feature", "properties": { "wkr": 24, "wkr_name": "Vorpommern-Rügen II – Stralsund III" }, "geometry": { "type": "Polygon", "coordinates": [ [ [ 12.902722374081494, 53.981676392486349 ], [ 12.906890153273437, 53.986999204246587 ], [ 12.8966285897353, 53.992595754469278 ], [ 12.895396870553705, 53.995589555260224 ], [ 12.898908366968376, 53.996886199947674 ], [ 12.891666356390962, 54.003003239528582 ], [ 12.894672797705788, 54.007740601772873 ], [ 12.895207512093171, 54.011802997472749 ], [ 12.889846693591977, 54.012181026738709 ], [ 12.891060986050132, 54.017616110894679 ], [ 12.887439781416502, 54.017932530938452 ], [ 12.881611255804904, 54.017204194229073 ], [ 12.873230203713934, 54.021717286425307 ], [ 12.894532088626356, 54.040384357934677 ], [ 12.892514504916221, 54.042839500374825 ], [ 12.88866109763679, 54.044360753452708 ], [ 12.890956641814309, 54.046279011703639 ], [ 12.894313175954894, 54.048477054301117 ], [ 12.903138031838917, 54.043720780174972 ], [ 12.909372726536725, 54.048515857334877 ], [ 12.917547696204187, 54.049125620413903 ], [ 12.923694292520423, 54.051960832894203 ], [ 12.934185852399089, 54.062219508362794 ], [ 12.939099339535506, 54.064867515834855 ], [ 12.93437570253565, 54.06647643703289 ], [ 12.930588337827128, 54.066608322636363 ], [ 12.930737074152399, 54.06776251479598 ], [ 12.914865733651226, 54.071051937473207 ], [ 12.917865428896162, 54.077309538995259 ], [ 12.925300393364131, 54.078014898588883 ], [ 12.928424115772449, 54.082252625011243 ], [ 12.940080421931841, 54.083754623536493 ], [ 12.940418742705623, 54.093316757538219 ], [ 12.936661810003374, 54.094081933891474 ], [ 12.933640270428961, 54.100126204836961 ], [ 12.928635296193898, 54.100504658962336 ], [ 12.927205584413931, 54.098080888000368 ], [ 12.924756223925765, 54.098542708572801 ], [ 12.920522806136384, 54.097896052451183 ], [ 12.919101356326999, 54.096298849295366 ], [ 12.911745203880212, 54.097654512985869 ], [ 12.90925220430227, 54.095867441745902 ], [ 12.904696734798987, 54.095457093559375 ], [ 12.898936928909011, 54.092385598221036 ], [ 12.895423898762736, 54.09270673600119 ], [ 12.893991705661094, 54.089765943709594 ], [ 12.891560528633951, 54.090539236341186 ], [ 12.889239356224531, 54.089056816307533 ], [ 12.885017933357798, 54.088707719240574 ], [ 12.882739561097454, 54.089489318000119 ], [ 12.877988471746733, 54.088883167961477 ], [ 12.874151445890105, 54.090212845499693 ], [ 12.873813481818241, 54.091864768039869 ], [ 12.866775402098403, 54.09340996718813 ], [ 12.862557395346965, 54.093060067446579 ], [ 12.860019594303344, 54.094464283218798 ], [ 12.853521640114272, 54.095308582013658 ], [ 12.852745309885581, 54.097222327919866 ], [ 12.849579160980843, 54.097024077557961 ], [ 12.845234834226662, 54.098192401259872 ], [ 12.847011660063233, 54.09994883082976 ], [ 12.849073949344119, 54.11703145706803 ], [ 12.846106776193745, 54.11703936377917 ], [ 12.845133192782875, 54.115734530794455 ], [ 12.828825995515947, 54.117389468528408 ], [ 12.821140019795784, 54.121678900693873 ], [ 12.810769577803372, 54.124013079932809 ], [ 12.81663790274051, 54.127632917431306 ], [ 12.820301108972609, 54.135783092459775 ], [ 12.820488530181182, 54.137433739096799 ], [ 12.815787727542393, 54.144851215078319 ], [ 12.82006011478723, 54.151811623511428 ], [ 12.824159651967896, 54.154679451705995 ], [ 12.821995157750701, 54.156899533737587 ], [ 12.821958658617239, 54.158939979228663 ], [ 12.813076061545837, 54.160701372869617 ], [ 12.799661974605804, 54.160535563648835 ], [ 12.799672323373771, 54.162116982095029 ], [ 12.802050606328164, 54.165195860648723 ], [ 12.798830578871213, 54.167458484265701 ], [ 12.798116153710755, 54.171218250279161 ], [ 12.795491473288594, 54.172093437115976 ], [ 12.795093757801224, 54.173359018044202 ], [ 12.79882117624857, 54.176001419894774 ], [ 12.798628531179476, 54.177583289236644 ], [ 12.796678373441361, 54.179468380625885 ], [ 12.79223274078514, 54.180760715124045 ], [ 12.790773190744728, 54.185613582217449 ], [ 12.785182995545831, 54.186512684012719 ], [ 12.779967792429002, 54.185476692659996 ], [ 12.779727425480104, 54.18885564633284 ], [ 12.77088209514198, 54.189315914066945 ], [ 12.767658128557528, 54.193671003486152 ], [ 12.765296221613896, 54.19462141641224 ], [ 12.75982025036128, 54.195930140732507 ], [ 12.75491662831663, 54.195227075810173 ], [ 12.751689216533252, 54.196043853439662 ], [ 12.752714153877518, 54.199229357034206 ], [ 12.748832825102122, 54.200445198764676 ], [ 12.751175638151329, 54.209192541118576 ], [ 12.746845340421807, 54.21139525199689 ], [ 12.742866214438129, 54.212270407486976 ], [ 12.744526958064332, 54.214013735385379 ], [ 12.749578703061987, 54.216464680618763 ], [ 12.750620213068235, 54.21865583269485 ], [ 12.750649477697337, 54.222318273036151 ], [ 12.746270448637889, 54.224313797926065 ], [ 12.749624513931012, 54.230507272031758 ], [ 12.751605278888311, 54.230488215339911 ], [ 12.75829836564821, 54.226956460769721 ], [ 12.759763262972477, 54.228222158465506 ], [ 12.758599031973292, 54.233321259497501 ], [ 12.745618688658089, 54.232400303711323 ], [ 12.732440248898454, 54.23273816522255 ], [ 12.731333113978705, 54.235434229949838 ], [ 12.736070051410572, 54.239334869492744 ], [ 12.736686765268749, 54.241276693744915 ], [ 12.723328926633853, 54.246188944097966 ], [ 12.729917033283881, 54.252416246024637 ], [ 12.721128452089332, 54.254972864755388 ], [ 12.725682737888132, 54.260055803733088 ], [ 12.726010418386089, 54.26457035957386 ], [ 12.727543529739997, 54.266677161147285 ], [ 12.722563855644445, 54.267830547455723 ], [ 12.72017436410635, 54.263514545412896 ], [ 12.711435571697638, 54.265872718884637 ], [ 12.709818643891204, 54.270356335413382 ], [ 12.7016725016317, 54.272963412092935 ], [ 12.703585853884215, 54.274230786108085 ], [ 12.712969880720957, 54.273432159507813 ], [ 12.717888616523613, 54.273909863736129 ], [ 12.726459224470783, 54.276364994172475 ], [ 12.727413545298873, 54.276062448803401 ], [ 12.726375654366274, 54.272476817464565 ], [ 12.73391911447853, 54.278749485474663 ], [ 12.742410232619099, 54.281882228927017 ], [ 12.740232412100413, 54.283966159697989 ], [ 12.748356767415521, 54.285659278607305 ], [ 12.752088354467933, 54.284958753862028 ], [ 12.759939330274088, 54.286278735166505 ], [ 12.76556482896371, 54.288503341359259 ], [ 12.768979327383891, 54.28871254644303 ], [ 12.770427219663173, 54.287429449525263 ], [ 12.786749145855394, 54.28807399078427 ], [ 12.79365371158543, 54.282354958418985 ], [ 12.805425954728181, 54.285595548703455 ], [ 12.80789668665602, 54.287029875384249 ], [ 12.813727986307013, 54.286383170687472 ], [ 12.821979017045367, 54.290304038656018 ], [ 12.825309418865551, 54.293245570290026 ], [ 12.829778344483787, 54.294746604139974 ], [ 12.835216302529862, 54.300104299844563 ], [ 12.836912787041324, 54.302613811813032 ], [ 12.836560551406709, 54.307004024993873 ], [ 12.841346654461962, 54.315278645596869 ], [ 12.845532947529081, 54.314407916113019 ], [ 12.865845472915447, 54.315477650710811 ], [ 12.861546066579434, 54.30713301573801 ], [ 12.860173997162581, 54.29426707749117 ], [ 12.88056954686169, 54.286164937947447 ], [ 12.883374944154488, 54.284060291057891 ], [ 12.883978450388998, 54.280320414319959 ], [ 12.880333858657925, 54.279857032572572 ], [ 12.876784758283701, 54.277556924944363 ], [ 12.873485655692653, 54.269558461275203 ], [ 12.871939794379339, 54.267745739907539 ], [ 12.866667150117397, 54.265319468021325 ], [ 12.864087002131242, 54.263175085505559 ], [ 12.862708753043396, 54.260155255443109 ], [ 12.8650439708953, 54.258669157816684 ], [ 12.869115551781407, 54.259215051087303 ], [ 12.876565183850865, 54.2580823218482 ], [ 12.890128110745575, 54.258043294743977 ], [ 12.897611522383947, 54.258654578616301 ], [ 12.905984506711436, 54.257043247918766 ], [ 12.911546764000654, 54.258538405271722 ], [ 12.91161590093059, 54.252099354022754 ], [ 12.900058127980694, 54.247927018130412 ], [ 12.895320613106907, 54.241851642173515 ], [ 12.889158400238017, 54.239861884313029 ], [ 12.896303542343832, 54.235711801117773 ], [ 12.904588097136928, 54.24156530377801 ], [ 12.907872185901754, 54.242107825704466 ], [ 12.929049541759717, 54.243613766359672 ], [ 12.930744959290838, 54.240056557444547 ], [ 12.934658315541547, 54.240108247555717 ], [ 12.934918575465106, 54.237009955042502 ], [ 12.930316164897475, 54.235769556043586 ], [ 12.908065710457464, 54.235484902945942 ], [ 12.906985928639397, 54.227558320524437 ], [ 12.904598291285891, 54.223378372313952 ], [ 12.920974370419328, 54.221181733713919 ], [ 12.922996352608848, 54.220141877303078 ], [ 12.926775523365619, 54.220051777220363 ], [ 12.927033807735812, 54.219004090858753 ], [ 12.92398828098807, 54.218018040113719 ], [ 12.924249217295964, 54.217233264892215 ], [ 12.930921344541709, 54.21352789616919 ], [ 12.933268141226561, 54.214432114173498 ], [ 12.937817153909855, 54.212239575324517 ], [ 12.936675120129673, 54.209094011762403 ], [ 12.944032309537475, 54.209222038735142 ], [ 12.943279283243688, 54.20260646501891 ], [ 12.949308710140448, 54.195916029844007 ], [ 12.950752910029372, 54.197784527306737 ], [ 12.956325225495076, 54.19641696269661 ], [ 12.957788950152372, 54.197188233429529 ], [ 12.966417039158252, 54.198079206410114 ], [ 12.969312607964964, 54.202733294985691 ], [ 12.968955371325352, 54.206369479424218 ], [ 12.975412052747997, 54.207698281077583 ], [ 12.980436002566247, 54.206890774767189 ], [ 12.998795840212775, 54.20809415987955 ], [ 12.997079720699949, 54.210377192925712 ], [ 13.015388424311118, 54.214453212061827 ], [ 13.018190213262189, 54.212157641337491 ], [ 13.026912096842697, 54.210728062118406 ], [ 13.033232038247551, 54.21079628773952 ], [ 13.034388780732332, 54.214291802087992 ], [ 13.036409376777252, 54.215741386911347 ], [ 13.055462769481672, 54.22293605256494 ], [ 13.056662833756258, 54.224265305460705 ], [ 13.055756315539147, 54.224749930003803 ], [ 13.050585729958803, 54.222432686606041 ], [ 13.041695565373974, 54.226627127811909 ], [ 13.040180129210869, 54.229761675929787 ], [ 13.037592881375236, 54.230002563867529 ], [ 13.037221882130705, 54.234429310284675 ], [ 13.039298830181062, 54.234793463553856 ], [ 13.040392538694103, 54.24226362754348 ], [ 13.041763648824496, 54.243841544831376 ], [ 13.053052656515593, 54.241854539721025 ], [ 13.05472783150763, 54.242737565452991 ], [ 13.060704884257088, 54.241262747247696 ], [ 13.061274417512276, 54.239911072083295 ], [ 13.056383888827533, 54.237711335992984 ], [ 13.057650351021524, 54.233108351506722 ], [ 13.07674883238672, 54.232659419955574 ], [ 13.085794645426768, 54.230908782863381 ], [ 13.11154020581453, 54.228731996912522 ], [ 13.110562469443918, 54.230790013934872 ], [ 13.113363917072139, 54.231071054123639 ], [ 13.115406320665979, 54.233454584838036 ], [ 13.116639882673704, 54.233911432047627 ], [ 13.120989963346373, 54.233309822008671 ], [ 13.12171768557233, 54.236859834640732 ], [ 13.125024278341469, 54.236675815075984 ], [ 13.130853794478345, 54.241235480440508 ], [ 13.132937393547829, 54.244879327332406 ], [ 13.113122743491543, 54.257220523837375 ], [ 13.099185789358167, 54.262766123961519 ], [ 13.086123128412634, 54.264213047014977 ], [ 13.083098719646486, 54.261600744248987 ], [ 13.08177143499808, 54.263651143890144 ], [ 13.089436842475221, 54.276284037781103 ], [ 13.097407931619923, 54.282301288082465 ], [ 13.106064289576361, 54.282224386263138 ], [ 13.111282744516371, 54.278418758426355 ], [ 13.125448879399205, 54.271979112405681 ], [ 13.131316317656431, 54.269728610814816 ], [ 13.136289215035685, 54.268838992320141 ], [ 13.14878192140765, 54.268037106991756 ], [ 13.152792730494021, 54.268551424355948 ], [ 13.166070483823129, 54.27797902289057 ], [ 13.177064402088561, 54.27146908178937 ], [ 13.178399847383673, 54.269480469696667 ], [ 13.176076344753433, 54.266664419740174 ], [ 13.162122675461111, 54.268011490610931 ], [ 13.157459889427788, 54.266267584485114 ], [ 13.151483778664645, 54.261324098833931 ], [ 13.148747484500289, 54.261462108250377 ], [ 13.146342794940548, 54.260364040647445 ], [ 13.144659951354772, 54.258143973506918 ], [ 13.14187734021351, 54.257304330708003 ], [ 13.14378360442833, 54.25334745759865 ], [ 13.147694065770093, 54.25366012236438 ], [ 13.150038998409494, 54.25482177768783 ], [ 13.150641722478836, 54.256311849673182 ], [ 13.155866232836157, 54.258257614456234 ], [ 13.159492967743997, 54.258557921272697 ], [ 13.1629257019819, 54.260728247412693 ], [ 13.162630586344466, 54.264043519733583 ], [ 13.166376877700882, 54.265850490332831 ], [ 13.169849437882075, 54.266052411905484 ], [ 13.172232088655296, 54.263267630422853 ], [ 13.17480570513491, 54.263170838715673 ], [ 13.178984006114844, 54.263849536340899 ], [ 13.184501153003737, 54.266203733450958 ], [ 13.187235982574501, 54.265860953726005 ], [ 13.190611673528837, 54.261893165741554 ], [ 13.189845877044821, 54.259318277640766 ], [ 13.193200248116883, 54.258383373898113 ], [ 13.197743110679989, 54.258592246695088 ], [ 13.202462391120671, 54.257373239747267 ], [ 13.204702042186582, 54.256347640461961 ], [ 13.208992062244487, 54.252118126091624 ], [ 13.216526427375831, 54.249498967998882 ], [ 13.216566305511426, 54.247730651553823 ], [ 13.210336839920124, 54.244476688275533 ], [ 13.214752878042555, 54.241259347152983 ], [ 13.218127535740994, 54.240283242995481 ], [ 13.227734798993929, 54.23977682993047 ], [ 13.260182500905801, 54.241021734542784 ], [ 13.264294973414886, 54.239312014667405 ], [ 13.272876457074076, 54.238745317213862 ], [ 13.289758110559038, 54.234837282229357 ], [ 13.290549210924812, 54.232372172273855 ], [ 13.296797296691727, 54.224718902647822 ], [ 13.303765060283382, 54.210738392828858 ], [ 13.305222007658099, 54.205406659822664 ], [ 13.319940046458671, 54.193359067901376 ], [ 13.308870862041456, 54.186499594269897 ], [ 13.298190705011102, 54.178270929986766 ], [ 13.291815756910566, 54.167612297979289 ], [ 13.288830344175848, 54.165346146966698 ], [ 13.287867546847227, 54.159164760329638 ], [ 13.292732953155971, 54.150385515986351 ], [ 13.28748874860805, 54.149079499913782 ], [ 13.287497698655638, 54.144509613955144 ], [ 13.291472573318556, 54.139504222916209 ], [ 13.290102606906014, 54.136523416306346 ], [ 13.290721123866541, 54.133899636245353 ], [ 13.271105369020688, 54.132223022239224 ], [ 13.259934142348783, 54.130592492147578 ], [ 13.252951734753831, 54.12878095056189 ], [ 13.244491547321402, 54.122700266859823 ], [ 13.246535368255877, 54.120125476309809 ], [ 13.242747992650866, 54.120425571205537 ], [ 13.239733308280352, 54.121782502725438 ], [ 13.236959269670791, 54.120295788048963 ], [ 13.222635463786474, 54.120544599467422 ], [ 13.21796550444642, 54.119291779346483 ], [ 13.216367286463131, 54.11753209861795 ], [ 13.218689365809109, 54.11170681929822 ], [ 13.225506595791657, 54.105048939518312 ], [ 13.23775921736233, 54.103676754740476 ], [ 13.239495915129314, 54.102388273724941 ], [ 13.245741084637917, 54.101625592432548 ], [ 13.247991432530304, 54.100219244099812 ], [ 13.258055140489411, 54.084411631994726 ], [ 13.260124006169075, 54.082761312842457 ], [ 13.289022722787818, 54.073026243155311 ], [ 13.278095769527031, 54.063524168095675 ], [ 13.268014138756371, 54.063818275327385 ], [ 13.264164899953826, 54.065792143591445 ], [ 13.248377080354709, 54.067671994709308 ], [ 13.242128199382783, 54.062580173297043 ], [ 13.239481021051205, 54.062709170177961 ], [ 13.234503819915476, 54.059727968775476 ], [ 13.233666907945569, 54.055748674611486 ], [ 13.231275835666434, 54.053341424301586 ], [ 13.224670615235901, 54.05340187568487 ], [ 13.22066781440707, 54.048438176892233 ], [ 13.212742867069673, 54.044524499672754 ], [ 13.213800646641479, 54.039779072279721 ], [ 13.209998915744375, 54.038327987222679 ], [ 13.207844893029238, 54.034632017088448 ], [ 13.204431626365999, 54.03431719276589 ], [ 13.19538957506143, 54.037266513885051 ], [ 13.195551242900731, 54.035413920373863 ], [ 13.19431239873105, 54.035040993052903 ], [ 13.190441591502237, 54.035844913583269 ], [ 13.18138120099117, 54.031379261204044 ], [ 13.177692548898975, 54.031791119524328 ], [ 13.154591373301294, 54.02793508632665 ], [ 13.157568027202515, 54.021493086861369 ], [ 13.13154773646523, 54.0224449897513 ], [ 13.132469259581043, 54.027289816699664 ], [ 13.129818471832351, 54.027357943647743 ], [ 13.129413854670437, 54.025411983470335 ], [ 13.108360086699912, 54.030928891009012 ], [ 13.110758839311421, 54.038211291490235 ], [ 13.100727131017589, 54.039724824144031 ], [ 13.097225819200629, 54.035262352809383 ], [ 13.087546790890677, 54.037203711949296 ], [ 13.084440412286945, 54.031534419476493 ], [ 13.08100983086668, 54.029824795644579 ], [ 13.078763493206333, 54.031784961695564 ], [ 13.05864610688843, 54.027975163783502 ], [ 13.053693980584949, 54.025765121436983 ], [ 13.049437339876414, 54.026063480501222 ], [ 13.040526658008854, 54.025043958639721 ], [ 13.028725167210974, 54.019745528318559 ], [ 13.027564838539041, 54.017438143344798 ], [ 13.022829773045054, 54.013565916366787 ], [ 12.997390253865536, 54.016797014528272 ], [ 12.993018387607815, 54.008689466147523 ], [ 12.986911194462108, 54.003751732758197 ], [ 12.957495045789749, 54.004307253689362 ], [ 12.954633201538959, 54.001032501114246 ], [ 12.937245144054913, 53.994068492686203 ], [ 12.925708459440058, 53.99477636997419 ], [ 12.913567256199801, 53.990637023106352 ], [ 12.908693423179686, 53.983202334901321 ], [ 12.902722374081494, 53.981676392486349 ] ] ] } },
{ "type": "Feature", "properties": { "wkr": 25, "wkr_name": "Vorpommern-Rügen III – Stralsund I" }, "geometry": { "type": "MultiPolygon", "coordinates": [ [ [ [ 12.529880786779749, 54.34610163518537 ], [ 12.528246673927544, 54.34659564897553 ], [ 12.527456908453265, 54.352186207949366 ], [ 12.529999189364506, 54.349603373612496 ], [ 12.529880786779749, 54.34610163518537 ] ] ], [ [ [ 12.534335641188633, 54.355760316232917 ], [ 12.533185933418078, 54.354983098591781 ], [ 12.529859559380684, 54.354933491011089 ], [ 12.531121694063195, 54.350459251926821 ], [ 12.528037089382005, 54.353992177510371 ], [ 12.528762833003929, 54.357988117200314 ], [ 12.53003565395163, 54.358554249753155 ], [ 12.534093194864687, 54.357105742152449 ], [ 12.534335641188633, 54.355760316232917 ] ] ], [ [ [ 12.527586069288217, 54.357835250571533 ], [ 12.52533586381921, 54.359005240004535 ], [ 12.525335362289075, 54.360456240875138 ], [ 12.526665845304773, 54.361199860287918 ], [ 12.528058272818731, 54.360667668148622 ], [ 12.527586069288217, 54.357835250571533 ] ] ], [ [ [ 12.584395706204665, 54.375358733602503 ], [ 12.580760637733338, 54.376139431918453 ], [ 12.584343586363936, 54.380558611348796 ], [ 12.58567430965255, 54.379958392684713 ], [ 12.58409848283768, 54.378047495429591 ], [ 12.584395706204665, 54.375358733602503 ] ] ], [ [ [ 12.662322129137568, 54.403678887846645 ], [ 12.660902295860627, 54.402683015311254 ], [ 12.658417167322705, 54.403381821533891 ], [ 12.659933858249737, 54.404617988734188 ], [ 12.662322129137568, 54.403678887846645 ] ] ], [ [ [ 12.665578301375851, 54.407101086941353 ], [ 12.664776173317842, 54.405448721612572 ], [ 12.661263523676542, 54.405057061183747 ], [ 12.662742416406285, 54.406432402271903 ], [ 12.65949700969472, 54.406642351067305 ], [ 12.658077895377915, 54.405920450013902 ], [ 12.656542293724645, 54.406164499323467 ], [ 12.656279996058808, 54.407352971474317 ], [ 12.659012776897708, 54.408325168883096 ], [ 12.665578301375851, 54.407101086941353 ] ] ], [ [ [ 13.032937106101336, 54.434277014708222 ], [ 13.03344881354869, 54.423914428865722 ], [ 13.025912927993009, 54.422235348328812 ], [ 13.022791433495984, 54.416890186808061 ], [ 13.021925830850066, 54.409410794261944 ], [ 13.02235329291025, 54.405468878972229 ], [ 13.025936306975678, 54.399434070409107 ], [ 13.024892574949764, 54.397441263908938 ], [ 13.02935562631653, 54.393963746148401 ], [ 13.037968288331315, 54.389900675093571 ], [ 13.043523786795159, 54.383383119760822 ], [ 13.048691999077066, 54.379908723233108 ], [ 13.064591105897058, 54.380914409094409 ], [ 13.072608795203758, 54.38309434983443 ], [ 13.07899159255253, 54.381174458830806 ], [ 13.082420266186862, 54.379391179307 ], [ 13.08610604459931, 54.375838612605115 ], [ 13.090752629741287, 54.370515845497891 ], [ 13.093825928708666, 54.364739435806577 ], [ 13.091847649604045, 54.362659283552212 ], [ 13.086109289589993, 54.35985035499376 ], [ 13.076623559928287, 54.349541225504105 ], [ 13.07585397449613, 54.345961486764701 ], [ 13.079171602766149, 54.336286646360939 ], [ 13.080777387735624, 54.335291005555987 ], [ 13.063280768810282, 54.327734504878563 ], [ 13.065105830177989, 54.325959225845537 ], [ 13.062679746306721, 54.324841238724609 ], [ 13.062182382695493, 54.319714886965919 ], [ 13.054884772771285, 54.319778152019587 ], [ 13.047758528836411, 54.318570357350637 ], [ 13.046329240976409, 54.32173780161741 ], [ 13.036634143210668, 54.320217355889937 ], [ 13.036759170871131, 54.317554770338859 ], [ 13.039950497909947, 54.315145981353929 ], [ 13.037349792646916, 54.313927989914831 ], [ 13.028191846211909, 54.314057787280532 ], [ 13.021701844808808, 54.315009371428211 ], [ 13.009330014333374, 54.313014086046707 ], [ 13.007814240978579, 54.316207696738232 ], [ 13.005892591654256, 54.316498217058943 ], [ 13.001679345488999, 54.313600939832497 ], [ 13.002339177625579, 54.311805656917024 ], [ 12.995973077835496, 54.309734118337509 ], [ 12.996775484045022, 54.307451095896504 ], [ 12.994146743691259, 54.302887421667108 ], [ 13.02461671770876, 54.303375769111469 ], [ 13.023290815791523, 54.294923229215243 ], [ 13.032210031755328, 54.288726761016143 ], [ 13.04321346904765, 54.290767614682011 ], [ 13.043119948482857, 54.286935511982556 ], [ 13.048650238717439, 54.284876632702456 ], [ 13.049678109559478, 54.287543298882667 ], [ 13.05333485684981, 54.287341090800915 ], [ 13.051518588047193, 54.281254796821969 ], [ 13.058588811524348, 54.281612361579974 ], [ 13.058496843584109, 54.284436417414909 ], [ 13.061710521887893, 54.285664045822593 ], [ 13.070852576236726, 54.283122870203471 ], [ 13.077907382563893, 54.284035129968537 ], [ 13.074947946863404, 54.276616192918219 ], [ 13.079892184564359, 54.275439311438426 ], [ 13.081771434998103, 54.263651143890137 ], [ 13.083098719646499, 54.261600744248987 ], [ 13.086123128412636, 54.264213047015005 ], [ 13.099185789358188, 54.262766123961548 ], [ 13.113122743491539, 54.257220523837375 ], [ 13.132937393547836, 54.244879327332448 ], [ 13.130853794478345, 54.241235480440537 ], [ 13.125024278341487, 54.236675815075984 ], [ 13.121717685572337, 54.236859834640732 ], [ 13.120989963346364, 54.233309822008671 ], [ 13.116639882673718, 54.233911432047627 ], [ 13.113363917072133, 54.231071054123674 ], [ 13.110562469443931, 54.2307900139349 ], [ 13.11154020581453, 54.228731996912551 ], [ 13.085794645426784, 54.230908782863388 ], [ 13.076748832386736, 54.232659419955603 ], [ 13.057650351021516, 54.233108351506736 ], [ 13.056383888827531, 54.237711335992962 ], [ 13.061274417512287, 54.239911072083302 ], [ 13.060704884257101, 54.241262747247696 ], [ 13.054727831507638, 54.242737565453012 ], [ 13.053052656515623, 54.241854539721025 ], [ 13.041763648824519, 54.243841544831376 ], [ 13.04039253869411, 54.24226362754348 ], [ 13.039298830181069, 54.234793463553864 ], [ 13.037221882130742, 54.234429310284675 ], [ 13.037592881375252, 54.230002563867529 ], [ 13.040180129210862, 54.229761675929844 ], [ 13.041695565373967, 54.226627127811931 ], [ 13.050585729958806, 54.222432686606041 ], [ 13.055756315539154, 54.224749930003803 ], [ 13.05666283375626, 54.224265305460705 ], [ 13.055462769481689, 54.22293605256494 ], [ 13.036409376777264, 54.215741386911375 ], [ 13.034388780732352, 54.214291802087992 ], [ 13.033232038247546, 54.210796287739548 ], [ 13.026912096842709, 54.210728062118406 ], [ 13.018190213262184, 54.212157641337519 ], [ 13.015388424311137, 54.214453212061827 ], [ 12.997079720699949, 54.210377192925712 ], [ 12.998795840212779, 54.20809415987955 ], [ 12.980436002566272, 54.206890774767174 ], [ 12.975412052747998, 54.207698281077612 ], [ 12.968955371325356, 54.206369479424247 ], [ 12.969312607964975, 54.202733294985677 ], [ 12.966417039158248, 54.198079206410121 ], [ 12.957788950152391, 54.19718823342955 ], [ 12.956325225495085, 54.19641696269661 ], [ 12.950752910029367, 54.197784527306759 ], [ 12.949308710140459, 54.195916029844007 ], [ 12.943279283243696, 54.202606465018945 ], [ 12.944032309537484, 54.209222038735142 ], [ 12.93667512012968, 54.209094011762382 ], [ 12.937817153909874, 54.212239575324539 ], [ 12.933268141226579, 54.214432114173512 ], [ 12.930921344541739, 54.21352789616919 ], [ 12.924249217295978, 54.217233264892215 ], [ 12.923988280988064, 54.218018040113755 ], [ 12.927033807735828, 54.21900409085876 ], [ 12.926775523365636, 54.220051777220391 ], [ 12.922996352608882, 54.220141877303092 ], [ 12.920974370419337, 54.221181733713969 ], [ 12.9045982912859, 54.22337837231396 ], [ 12.90698592863942, 54.227558320524444 ], [ 12.908065710457473, 54.235484902945963 ], [ 12.930316164897492, 54.235769556043607 ], [ 12.934918575465106, 54.237009955042502 ], [ 12.934658315541563, 54.240108247555717 ], [ 12.930744959290848, 54.240056557444568 ], [ 12.92904954175974, 54.243613766359694 ], [ 12.907872185901766, 54.242107825704466 ], [ 12.904588097136925, 54.241565303778025 ], [ 12.896303542343823, 54.235711801117752 ], [ 12.889158400238021, 54.239861884313015 ], [ 12.895320613106902, 54.241851642173515 ], [ 12.900058127980687, 54.247927018130447 ], [ 12.911615900930624, 54.252099354022782 ], [ 12.911546764000658, 54.258538405271722 ], [ 12.905984506711439, 54.257043247918766 ], [ 12.897611522383954, 54.258654578616287 ], [ 12.890128110745575, 54.258043294743977 ], [ 12.876565183850875, 54.258082321848228 ], [ 12.869115551781404, 54.259215051087345 ], [ 12.865043970895323, 54.258669157816684 ], [ 12.862708753043403, 54.260155255443131 ], [ 12.864087002131239, 54.263175085505566 ], [ 12.866667150117401, 54.265319468021332 ], [ 12.871939794379335, 54.267745739907539 ], [ 12.873485655692656, 54.269558461275224 ], [ 12.876784758283703, 54.277556924944392 ], [ 12.880333858657922, 54.279857032572579 ], [ 12.883978450389002, 54.280320414319988 ], [ 12.883374944154482, 54.284060291057926 ], [ 12.880569546861718, 54.286164937947447 ], [ 12.860173997162601, 54.29426707749117 ], [ 12.861546066579429, 54.30713301573801 ], [ 12.865845472915449, 54.315477650710832 ], [ 12.845532947529088, 54.314407916113019 ], [ 12.841346654461983, 54.315278645596869 ], [ 12.836560551406702, 54.307004024993873 ], [ 12.836912787041319, 54.302613811813025 ], [ 12.835216302529856, 54.300104299844584 ], [ 12.829778344483787, 54.294746604139974 ], [ 12.825309418865567, 54.293245570290061 ], [ 12.821979017045379, 54.290304038656018 ], [ 12.813727986307001, 54.286383170687508 ], [ 12.80789668665601, 54.287029875384249 ], [ 12.805425954728182, 54.285595548703434 ], [ 12.793653711585423, 54.282354958418985 ], [ 12.786749145855396, 54.288073990784255 ], [ 12.770427219663205, 54.287429449525291 ], [ 12.768979327383898, 54.28871254644303 ], [ 12.765564828963726, 54.288503341359295 ], [ 12.759939330274106, 54.286278735166526 ], [ 12.752088354467929, 54.284958753862028 ], [ 12.748356767415517, 54.285659278607305 ], [ 12.740232412100418, 54.283966159698004 ], [ 12.742410232619122, 54.281882228927024 ], [ 12.733919114478509, 54.278749485474677 ], [ 12.726375654366272, 54.2724768174646 ], [ 12.727413545298887, 54.276062448803408 ], [ 12.726459224470783, 54.276364994172475 ], [ 12.717888616523613, 54.273909863736137 ], [ 12.712969880720962, 54.273432159507813 ], [ 12.703585853884205, 54.274230786108063 ], [ 12.7016725016317, 54.272963412092921 ], [ 12.709818643891213, 54.27035633541341 ], [ 12.711435571697631, 54.26587271888468 ], [ 12.720174364106366, 54.263514545412889 ], [ 12.72256385564444, 54.267830547455752 ], [ 12.72754352974002, 54.266677161147285 ], [ 12.726010418386094, 54.26457035957386 ], [ 12.725682737888148, 54.260055803733067 ], [ 12.721128452089349, 54.254972864755423 ], [ 12.729917033283888, 54.252416246024637 ], [ 12.723328926633844, 54.246188944097945 ], [ 12.702929258434196, 54.250286647775951 ], [ 12.700721787772119, 54.249496511730833 ], [ 12.69106823869021, 54.248799481760074 ], [ 12.664547368948046, 54.249902203896426 ], [ 12.659944145433494, 54.24209456528461 ], [ 12.653861337446934, 54.235066522744532 ], [ 12.64450501507884, 54.235754921765469 ], [ 12.640651635279028, 54.23439044441983 ], [ 12.632038252284836, 54.238699211836014 ], [ 12.629492374683604, 54.242265989980915 ], [ 12.62455576527913, 54.243662384579501 ], [ 12.618235075660504, 54.243893906609173 ], [ 12.617389778921044, 54.243155507985584 ], [ 12.612756904563815, 54.243158743430449 ], [ 12.609113708995009, 54.245297317573453 ], [ 12.611931002788266, 54.250311267817693 ], [ 12.608145805519083, 54.252780091813257 ], [ 12.615468395114988, 54.26387376175532 ], [ 12.593284109294521, 54.267586659627113 ], [ 12.591822566308227, 54.271512396338402 ], [ 12.582753249190805, 54.274215117718867 ], [ 12.570542358421047, 54.281075772327547 ], [ 12.572022357080346, 54.282408848973262 ], [ 12.568124617908103, 54.284223258312451 ], [ 12.562275878753331, 54.285213362782116 ], [ 12.558997825421779, 54.278274929717853 ], [ 12.531108087882979, 54.281383358462968 ], [ 12.530179977788933, 54.275188339144009 ], [ 12.531980082362544, 54.275255854658582 ], [ 12.531114237723591, 54.271473204920902 ], [ 12.520741293839496, 54.273907091596755 ], [ 12.520280163241793, 54.275674679221559 ], [ 12.511537045231441, 54.274438003835066 ], [ 12.51131351954742, 54.276286548995692 ], [ 12.515232177821764, 54.276496049052597 ], [ 12.515696010273164, 54.277978574177332 ], [ 12.512227519476275, 54.278725872800912 ], [ 12.511946328142651, 54.280785664396177 ], [ 12.509210223789442, 54.281847724164471 ], [ 12.508146084820559, 54.285984609596852 ], [ 12.484352521302929, 54.284244626993086 ], [ 12.481385840773479, 54.284922060169343 ], [ 12.476198567208813, 54.290797219355767 ], [ 12.467957344236565, 54.29506098873852 ], [ 12.472859316714191, 54.299712717940672 ], [ 12.479398645276842, 54.302793241595367 ], [ 12.477144164410598, 54.307617116983465 ], [ 12.479496889769976, 54.308009101084103 ], [ 12.480015957690568, 54.310814400031774 ], [ 12.477135205200371, 54.313318957413387 ], [ 12.4778885578855, 54.315336908664079 ], [ 12.471653520912341, 54.32271005851306 ], [ 12.473325933394618, 54.329298831568138 ], [ 12.477363016440719, 54.330677747017141 ], [ 12.496125516689597, 54.330584729225855 ], [ 12.503274308253303, 54.33348954760654 ], [ 12.513451440359221, 54.335360408558749 ], [ 12.516564430160633, 54.335215317567027 ], [ 12.521524976121079, 54.333492301177891 ], [ 12.526915968797166, 54.334724574153334 ], [ 12.534737418511595, 54.338116712161352 ], [ 12.538358455294386, 54.341560177957739 ], [ 12.539619688402347, 54.344657600883309 ], [ 12.535663411926306, 54.344902579355264 ], [ 12.540207818607325, 54.351640902120494 ], [ 12.551406344759833, 54.356161771287709 ], [ 12.552105586200305, 54.357224306752485 ], [ 12.552106211939737, 54.359170017419402 ], [ 12.548803822988999, 54.361027155546545 ], [ 12.538296314436675, 54.36224041437579 ], [ 12.534656754915485, 54.363438938588111 ], [ 12.53498780145811, 54.365433887041029 ], [ 12.538530914283699, 54.367325648207483 ], [ 12.543443010536874, 54.367801804410817 ], [ 12.547154163062983, 54.369032879622338 ], [ 12.554561772811555, 54.373007544707761 ], [ 12.553439051926762, 54.374795615143093 ], [ 12.553379010890124, 54.379341865071773 ], [ 12.55735177667496, 54.374828805421338 ], [ 12.566660329036784, 54.371646446204174 ], [ 12.573560733096583, 54.37110119644408 ], [ 12.580550465058352, 54.373673178999645 ], [ 12.582081555754948, 54.373544623482445 ], [ 12.579388531203943, 54.369155384322653 ], [ 12.576338654351931, 54.366872997985652 ], [ 12.574812296057786, 54.358070991966351 ], [ 12.580283306354959, 54.356398057006786 ], [ 12.584743857646822, 54.356003373891781 ], [ 12.588975383781911, 54.357055161026345 ], [ 12.594011242194677, 54.358393954182759 ], [ 12.599409590169758, 54.362778221449986 ], [ 12.600420315470242, 54.36479475667759 ], [ 12.599501854269871, 54.367892724954551 ], [ 12.600595582996522, 54.368925318012352 ], [ 12.597420816990825, 54.370878832726895 ], [ 12.597860370544796, 54.37158167340727 ], [ 12.600513228981242, 54.370547080540206 ], [ 12.619182352004746, 54.37223432634152 ], [ 12.62781213400595, 54.375990725289412 ], [ 12.632241909206796, 54.376609697752656 ], [ 12.636117305919358, 54.378585635234771 ], [ 12.645850083955141, 54.380745007246517 ], [ 12.656353569520634, 54.384232725331643 ], [ 12.661368700797084, 54.387123199940163 ], [ 12.662527784189873, 54.389909571132364 ], [ 12.667016159047213, 54.388887363723939 ], [ 12.669174007488625, 54.389675719917989 ], [ 12.671415105421307, 54.392422682140243 ], [ 12.671271695604421, 54.394532007799526 ], [ 12.666321041069201, 54.398164927029242 ], [ 12.660389485785625, 54.398453988027406 ], [ 12.662821618982546, 54.403251544781035 ], [ 12.668347755851293, 54.404948558635475 ], [ 12.666406834847846, 54.407376520704744 ], [ 12.668739000680288, 54.408202858141628 ], [ 12.670628921596636, 54.407958280827039 ], [ 12.670365969424177, 54.40700010359334 ], [ 12.673325422367551, 54.406875319075105 ], [ 12.671805473380889, 54.40795617804396 ], [ 12.673167152201149, 54.408162174523063 ], [ 12.677138959389861, 54.407578208339245 ], [ 12.678545080790068, 54.406631008466327 ], [ 12.684343185915857, 54.406404097904037 ], [ 12.690389270088563, 54.408755247502441 ], [ 12.695750623318871, 54.410096266554085 ], [ 12.701670532667924, 54.410425502171336 ], [ 12.704633592898285, 54.411809656609712 ], [ 12.709355123450155, 54.410947345653682 ], [ 12.714681174291071, 54.404609972232031 ], [ 12.714349201742907, 54.403489563765838 ], [ 12.712154976042891, 54.402661592866963 ], [ 12.693529136439452, 54.401918379349837 ], [ 12.688594892885417, 54.400199427974236 ], [ 12.685618743284323, 54.393592467553283 ], [ 12.69129405898985, 54.386680602640268 ], [ 12.693194414581635, 54.386431139088764 ], [ 12.687873092535158, 54.382497881399232 ], [ 12.682323936910873, 54.380289811819566 ], [ 12.678917693543658, 54.373265384810466 ], [ 12.676732409872482, 54.372034665569451 ], [ 12.676235132528117, 54.370595467437226 ], [ 12.680605527255938, 54.370617327339481 ], [ 12.681727487603565, 54.371330401511344 ], [ 12.684611377058282, 54.370915868289231 ], [ 12.687561258513375, 54.368569455526526 ], [ 12.687416312551933, 54.372080468237669 ], [ 12.685782145331139, 54.373423448557858 ], [ 12.682656837564306, 54.374186459144589 ], [ 12.69567247881041, 54.384276082830887 ], [ 12.696711291181876, 54.386231217961111 ], [ 12.696467660006194, 54.392008799894569 ], [ 12.698792054560796, 54.397886382185845 ], [ 12.700219401155309, 54.39865046595488 ], [ 12.714721420940304, 54.398657438110625 ], [ 12.715112671667637, 54.39109607324766 ], [ 12.713751877764134, 54.386906561039453 ], [ 12.716900840138841, 54.381722194629241 ], [ 12.717030549296641, 54.379666705293971 ], [ 12.71942036264236, 54.377895366371646 ], [ 12.719328345139107, 54.373580444636332 ], [ 12.720590310159995, 54.371853474339403 ], [ 12.73177830925469, 54.371177948198344 ], [ 12.73678025172458, 54.371178922211413 ], [ 12.741892174226944, 54.374090634752605 ], [ 12.743176819043121, 54.383365561155259 ], [ 12.744234792938792, 54.384064605870684 ], [ 12.746816380379917, 54.379374496353705 ], [ 12.753588031097458, 54.374748893512376 ], [ 12.753398701221901, 54.372374939830401 ], [ 12.756772028539496, 54.370767244951502 ], [ 12.762178356654312, 54.371646959192724 ], [ 12.766064308227843, 54.370992855967906 ], [ 12.769629754105804, 54.37286845414328 ], [ 12.771652347353568, 54.375380412077895 ], [ 12.772672317073704, 54.381587206392012 ], [ 12.775886219319418, 54.389759617958028 ], [ 12.778714064884811, 54.391555553193569 ], [ 12.783013628668673, 54.391594199485226 ], [ 12.784433454690923, 54.393442228872658 ], [ 12.783407544015841, 54.395066172500243 ], [ 12.785229443367637, 54.39652257449734 ], [ 12.787054514644129, 54.395943813549586 ], [ 12.787354217357075, 54.393279136741747 ], [ 12.784680034016757, 54.386997239484749 ], [ 12.785614028723266, 54.379052553075212 ], [ 12.794054715608677, 54.378211757988787 ], [ 12.799775462001303, 54.375300856224619 ], [ 12.803580745334918, 54.370384605350466 ], [ 12.805749431933156, 54.363017034132341 ], [ 12.807830728471551, 54.362449750285776 ], [ 12.809004240940892, 54.349944460973049 ], [ 12.807096202486695, 54.348632468187233 ], [ 12.809664867716561, 54.343408538993671 ], [ 12.816819412923097, 54.350748904704531 ], [ 12.823231264819938, 54.352088475843658 ], [ 12.833540160950324, 54.350886651798064 ], [ 12.837903027394976, 54.351698126186335 ], [ 12.843266656064632, 54.351058014879492 ], [ 12.848137473215758, 54.351903720742925 ], [ 12.854489218197578, 54.35427290899878 ], [ 12.86631211248852, 54.362626980468015 ], [ 12.878300452940335, 54.365262582676884 ], [ 12.883265279740549, 54.369700872200774 ], [ 12.884272075641757, 54.372317242212958 ], [ 12.885514442791145, 54.376853555130296 ], [ 12.884499565301493, 54.38296212901934 ], [ 12.890335152006941, 54.389877449471086 ], [ 12.893870799876483, 54.39148225218743 ], [ 12.895576266664575, 54.393287804812523 ], [ 12.896939422575496, 54.395995117190644 ], [ 12.897270120585418, 54.401708887498167 ], [ 12.900584459685167, 54.402110205596898 ], [ 12.912000360971341, 54.406334580198028 ], [ 12.92340408454119, 54.413127982747547 ], [ 12.929231507638825, 54.414392082872155 ], [ 12.93585377048197, 54.414163960367482 ], [ 12.954837463441185, 54.416813916151341 ], [ 12.955285586270117, 54.420377429889705 ], [ 12.959143614442075, 54.422866607944727 ], [ 12.966105909658244, 54.422242460757147 ], [ 12.969999389348173, 54.423953921943514 ], [ 12.973376367169344, 54.423450019755798 ], [ 12.977054052007736, 54.424420744001729 ], [ 12.98593544471321, 54.424907350433458 ], [ 12.994147498821615, 54.427563530453099 ], [ 12.99720884582158, 54.430182500580472 ], [ 12.999729557036705, 54.436128216694101 ], [ 13.004131535134086, 54.437596387680074 ], [ 13.013947628868543, 54.438998171084513 ], [ 13.016774758492462, 54.439193810425117 ], [ 13.027463768410323, 54.436765762275201 ], [ 13.032937106101336, 54.434277014708222 ] ] ], [ [ [ 12.97669708495167, 54.437520292492344 ], [ 12.975359381356647, 54.436750101933718 ], [ 12.973203520310678, 54.436951008252159 ], [ 12.972360362851358, 54.439591286293798 ], [ 12.973658229239884, 54.440604274238957 ], [ 12.97556405464004, 54.440426665796913 ], [ 12.97669708495167, 54.437520292492344 ] ] ], [ [ [ 12.971413639590248, 54.440587395556086 ], [ 12.970337167549454, 54.436792618431618 ], [ 12.969171372221046, 54.436603553437656 ], [ 12.967890462084966, 54.437933445473789 ], [ 12.968208158001872, 54.439581194150506 ], [ 12.971413639590248, 54.440587395556086 ] ] ], [ [ [ 12.983553152774469, 54.438775959087828 ], [ 12.981633333147787, 54.437646308035291 ], [ 12.976029469003189, 54.441224900276765 ], [ 12.973580016870539, 54.441426491199763 ], [ 12.980231490240088, 54.442418306127209 ], [ 12.98275706317472, 54.441802545752964 ], [ 12.983553152774469, 54.438775959087828 ] ] ], [ [ [ 12.955517801845239, 54.44230255273888 ], [ 12.961390819019963, 54.440146991815496 ], [ 12.961013318940706, 54.437774064662953 ], [ 12.959116999968998, 54.437369906018667 ], [ 12.957390990107877, 54.43880528350283 ], [ 12.949722300110446, 54.440304551575409 ], [ 12.940516775905298, 54.439038845530668 ], [ 12.933734578911924, 54.435053539063745 ], [ 12.932653615536966, 54.432819672035478 ], [ 12.929645935530374, 54.432085765085816 ], [ 12.925192571607814, 54.433924085416436 ], [ 12.924080840718041, 54.435178217714039 ], [ 12.926221432872593, 54.440915960525778 ], [ 12.928671956674501, 54.442415127918153 ], [ 12.937491353141031, 54.44305486875475 ], [ 12.955517801845239, 54.44230255273888 ] ] ], [ [ [ 13.053075421278743, 54.448562151869162 ], [ 13.050019453677393, 54.445943949440306 ], [ 13.039575524515818, 54.442314271520509 ], [ 13.036986789083379, 54.443792098544016 ], [ 13.02957591321524, 54.442501183887991 ], [ 13.023019284314847, 54.442348450075386 ], [ 13.020215245355274, 54.443667869417389 ], [ 13.018507772469436, 54.443020593714827 ], [ 13.016229481133379, 54.443634325726798 ], [ 13.004021421331672, 54.441375659467475 ], [ 12.997244570314354, 54.439286762010632 ], [ 12.989147957127699, 54.434038319039836 ], [ 12.986564092401895, 54.433321280258383 ], [ 12.983538010764494, 54.433430694600524 ], [ 12.982020190713394, 54.434887467346087 ], [ 12.9807773077929, 54.433698297376175 ], [ 12.974363326815537, 54.43307566240513 ], [ 12.975959935621535, 54.434642335988883 ], [ 12.973011675839437, 54.434605846678338 ], [ 12.972698520044133, 54.436323213398587 ], [ 12.975602209438701, 54.436144220913519 ], [ 12.978318595008886, 54.437899981035613 ], [ 12.984103296730554, 54.43594524636174 ], [ 12.984868267401158, 54.437415598439081 ], [ 12.990047427105061, 54.438894953029994 ], [ 12.992467820349006, 54.443915918423876 ], [ 12.999750288576296, 54.447110281681702 ], [ 13.008439240461483, 54.448142410942118 ], [ 13.016933521330031, 54.446729116636561 ], [ 13.019385275647615, 54.447274076252555 ], [ 13.022661620019392, 54.446925255699725 ], [ 13.025131218462137, 54.448631011164572 ], [ 13.032501316458815, 54.447029265067684 ], [ 13.03454376122995, 54.447723067243984 ], [ 13.041504435089108, 54.452617715138494 ], [ 13.045862587886489, 54.454357542059661 ], [ 13.047105076847723, 54.46014312998544 ], [ 13.050844705910304, 54.46017639836937 ], [ 13.051232921273517, 54.457392811526951 ], [ 13.059121722224855, 54.451424802729036 ], [ 13.053075421278743, 54.448562151869162 ] ] ] ] } },
{ "type": "Feature", "properties": { "wkr": 26, "wkr_name": "Stralsund II" }, "geometry": { "type": "MultiPolygon", "coordinates": [ [ [ [ 13.129830633626423, 54.314643686093746 ], [ 13.124878880703935, 54.312024262284829 ], [ 13.130688970629134, 54.309405595326687 ], [ 13.131376020640053, 54.306957985663992 ], [ 13.128421897169012, 54.304820308791868 ], [ 13.124418953175558, 54.304810643199993 ], [ 13.12448321186673, 54.304197027333643 ], [ 13.126552969109097, 54.303874671246362 ], [ 13.123577235144012, 54.302345796516747 ], [ 13.117421840185219, 54.304586467223132 ], [ 13.112899383938421, 54.308849211928695 ], [ 13.113130553922757, 54.311507745117623 ], [ 13.118608210553745, 54.314379777458235 ], [ 13.121276592114457, 54.314287712662932 ], [ 13.126917666956084, 54.31662670909823 ], [ 13.129830633626423, 54.314643686093746 ] ] ], [ [ [ 13.087972024284898, 54.321280842482111 ], [ 13.090502595451566, 54.319413647754999 ], [ 13.098676503965217, 54.317457424950454 ], [ 13.103587334474328, 54.311016218668968 ], [ 13.110236941517655, 54.307624048739953 ], [ 13.112392464309492, 54.305441411423956 ], [ 13.110216276128925, 54.302844096221364 ], [ 13.112036564360576, 54.302257560791894 ], [ 13.106133530723081, 54.292338366830784 ], [ 13.105964741074487, 54.290406604273272 ], [ 13.103288692401891, 54.289885347445171 ], [ 13.104435822948318, 54.284413451742388 ], [ 13.106064289576366, 54.282224386263167 ], [ 13.097407931619932, 54.282301288082465 ], [ 13.089436842475232, 54.276284037781132 ], [ 13.081771434998103, 54.263651143890137 ], [ 13.07924676932533, 54.266927878978905 ], [ 13.082100466922233, 54.267952770449241 ], [ 13.079892184564359, 54.275439311438426 ], [ 13.074947946863404, 54.276616192918219 ], [ 13.077907382563893, 54.284035129968537 ], [ 13.070852576236726, 54.283122870203471 ], [ 13.061710521887893, 54.285664045822593 ], [ 13.058496843584109, 54.284436417414909 ], [ 13.058588811524348, 54.281612361579974 ], [ 13.051518588047193, 54.281254796821969 ], [ 13.05333485684981, 54.287341090800915 ], [ 13.049678109559478, 54.287543298882667 ], [ 13.048650238717439, 54.284876632702456 ], [ 13.043119948482857, 54.286935511982556 ], [ 13.04321346904765, 54.290767614682011 ], [ 13.032210031755328, 54.288726761016143 ], [ 13.023290815791523, 54.294923229215243 ], [ 13.02461671770876, 54.303375769111469 ], [ 12.994146743691259, 54.302887421667108 ], [ 12.996775484045022, 54.307451095896504 ], [ 12.995973077835496, 54.309734118337509 ], [ 13.002339177625579, 54.311805656917024 ], [ 13.001679345488999, 54.313600939832497 ], [ 13.005892591654256, 54.316498217058943 ], [ 13.007814240978579, 54.316207696738232 ], [ 13.009330014333374, 54.313014086046707 ], [ 13.021701844808808, 54.315009371428211 ], [ 13.028191846211909, 54.314057787280532 ], [ 13.037349792646916, 54.313927989914831 ], [ 13.039950497909947, 54.315145981353929 ], [ 13.036736637345337, 54.317524976146068 ], [ 13.036634143210668, 54.320217355889937 ], [ 13.046329240976409, 54.32173780161741 ], [ 13.047758528836411, 54.318570357350637 ], [ 13.054884772771285, 54.319778152019587 ], [ 13.062182382695493, 54.319714886965919 ], [ 13.062679746306721, 54.324841238724609 ], [ 13.065105830177989, 54.325959225845537 ], [ 13.063280768810282, 54.327734504878563 ], [ 13.080777387735624, 54.335291005555987 ], [ 13.086364853824051, 54.327003248910401 ], [ 13.087972024284898, 54.321280842482111 ] ] ] ] } },
{ "type": "Feature", "properties": { "wkr": 27, "wkr_name": "Nordwestmecklenburg I" }, "geometry": { "type": "Polygon", "coordinates": [ [ [ 10.96355215444259, 53.715137553214959 ], [ 10.953847656682459, 53.709991378354644 ], [ 10.954938939361771, 53.707719610714832 ], [ 10.950945429688877, 53.705289300320715 ], [ 10.939937479378601, 53.706404301083431 ], [ 10.921737379790775, 53.705965087637708 ], [ 10.916805936688723, 53.699260158871162 ], [ 10.911989550443312, 53.700320044803505 ], [ 10.905693112635547, 53.7032435717949 ], [ 10.891595020790469, 53.704429178214539 ], [ 10.886880717095751, 53.705568674726074 ], [ 10.881045610500369, 53.704083237580441 ], [ 10.88046018204521, 53.702397601339115 ], [ 10.875426332239883, 53.701630205144184 ], [ 10.87224930903143, 53.701481023336754 ], [ 10.867642303831289, 53.703735083982522 ], [ 10.863472745324209, 53.703673012936171 ], [ 10.861903865395869, 53.702281474498335 ], [ 10.859409496043648, 53.702772388316525 ], [ 10.857291390450417, 53.701204709315022 ], [ 10.85273394219977, 53.701806031409262 ], [ 10.852854166560862, 53.700199785041995 ], [ 10.850441352646778, 53.700249901278653 ], [ 10.849321295047233, 53.702167176748311 ], [ 10.851395071156848, 53.702836016993018 ], [ 10.852642397352197, 53.705649284781401 ], [ 10.850393372933246, 53.705862692266081 ], [ 10.846616102662784, 53.704621977848539 ], [ 10.843677636397304, 53.707341709609494 ], [ 10.842132630410958, 53.707725569061033 ], [ 10.839563047532669, 53.707143864159818 ], [ 10.830037909573566, 53.710796684540107 ], [ 10.82629194384428, 53.710673747781023 ], [ 10.823673662098745, 53.711473868252526 ], [ 10.818002252008329, 53.716464020737057 ], [ 10.810580863465903, 53.720445513196239 ], [ 10.806449198671061, 53.728412565203399 ], [ 10.806987057035286, 53.72987188468629 ], [ 10.809732461605533, 53.730829635032364 ], [ 10.808283117686633, 53.733253005539446 ], [ 10.80943188198248, 53.73527475790938 ], [ 10.806953701923577, 53.738742441229306 ], [ 10.802753314310651, 53.740687661883932 ], [ 10.796045348378911, 53.742059760066191 ], [ 10.793022274653005, 53.743725089114413 ], [ 10.782906239910018, 53.745910862435885 ], [ 10.780933331113856, 53.747451973870525 ], [ 10.776985451313072, 53.74772329982514 ], [ 10.775036405298239, 53.748678344446688 ], [ 10.770636019446256, 53.749454037930896 ], [ 10.765294447286751, 53.747624241218027 ], [ 10.759220935762267, 53.747375264765246 ], [ 10.758665910192269, 53.748584884310233 ], [ 10.757447809595748, 53.758637084687422 ], [ 10.759150019047501, 53.760558261844338 ], [ 10.758811054974613, 53.764273561211837 ], [ 10.762365245254479, 53.769069660025757 ], [ 10.765463140171043, 53.770134601500665 ], [ 10.770316563224247, 53.774873320172674 ], [ 10.770931907009306, 53.776535880874988 ], [ 10.766885404507425, 53.78033306012513 ], [ 10.767536116108502, 53.782495599024131 ], [ 10.76934328577838, 53.783778095597192 ], [ 10.768538630851387, 53.784860074336407 ], [ 10.769368847135093, 53.788721780153601 ], [ 10.771564606113543, 53.789301746846512 ], [ 10.773073755107893, 53.79289915781856 ], [ 10.772084689565537, 53.797480873685153 ], [ 10.766234959313998, 53.801737043805517 ], [ 10.765538406134569, 53.803696242304234 ], [ 10.76717819204015, 53.805798268805518 ], [ 10.763448102593884, 53.811407962384614 ], [ 10.76328886549673, 53.81927490281592 ], [ 10.761511659534831, 53.823443253821274 ], [ 10.755927923429642, 53.828613544139408 ], [ 10.755555620919926, 53.830178198440485 ], [ 10.750866043914877, 53.831603920349529 ], [ 10.749019084000709, 53.832998058517553 ], [ 10.748617396749735, 53.839669342143836 ], [ 10.750235689927027, 53.844336127611051 ], [ 10.753769744990125, 53.847623927648222 ], [ 10.753502609025082, 53.849495505635112 ], [ 10.748726613748765, 53.850174073955323 ], [ 10.748179276989017, 53.851480866035423 ], [ 10.759507131906631, 53.857921716852573 ], [ 10.759774762605291, 53.860297612766558 ], [ 10.762262059363181, 53.862885835853646 ], [ 10.764638816944233, 53.863578494550779 ], [ 10.764174648999097, 53.865797188207317 ], [ 10.770856905009611, 53.871331902416031 ], [ 10.771565904828469, 53.873567182270349 ], [ 10.778348421701882, 53.874671279888823 ], [ 10.782674860353699, 53.873618240836763 ], [ 10.788019933210249, 53.87420538065507 ], [ 10.792218887239024, 53.875957012605191 ], [ 10.79962099097434, 53.87583290270139 ], [ 10.803192996313648, 53.877597481989589 ], [ 10.808213681057458, 53.883069900840823 ], [ 10.807616925989475, 53.885578682625926 ], [ 10.811478721039256, 53.886325414183034 ], [ 10.814631796086191, 53.888061422885983 ], [ 10.819292085293243, 53.892694058150575 ], [ 10.827924308191205, 53.892757368426238 ], [ 10.830034504753259, 53.894064962356119 ], [ 10.832259810510863, 53.894316470064489 ], [ 10.834096770934707, 53.895949366568026 ], [ 10.837327914608421, 53.89619562285209 ], [ 10.842381197614509, 53.89476883766136 ], [ 10.845625077826691, 53.895694593785493 ], [ 10.849589147570775, 53.898430931492648 ], [ 10.849342015831906, 53.904620360928163 ], [ 10.856470899131168, 53.904302948421957 ], [ 10.859690374681197, 53.908582116732433 ], [ 10.875461566834957, 53.914529953492909 ], [ 10.880060831167684, 53.923919885370601 ], [ 10.885143555176235, 53.925163485747113 ], [ 10.887986593206513, 53.923333443740546 ], [ 10.889549384282352, 53.920793101806161 ], [ 10.894211743613786, 53.91813795168995 ], [ 10.902267106793675, 53.91760748435938 ], [ 10.902568218464864, 53.915955761275811 ], [ 10.909628173155248, 53.91568157023206 ], [ 10.911826250582312, 53.914559422970896 ], [ 10.906079973238036, 53.909887567648333 ], [ 10.90222660807173, 53.907921020602309 ], [ 10.901708869431037, 53.904319995527807 ], [ 10.903540343718774, 53.901822264935902 ], [ 10.91170220646698, 53.897614715430365 ], [ 10.92970686918065, 53.900488130196059 ], [ 10.935821555210712, 53.90032213553414 ], [ 10.942743773670635, 53.903896531978297 ], [ 10.948082458424015, 53.90402136896973 ], [ 10.951711743627227, 53.905507964932966 ], [ 10.957219683459339, 53.909786526939492 ], [ 10.960599744517021, 53.90917637173991 ], [ 10.962775732881914, 53.907585613466864 ], [ 10.965800778398085, 53.906875057375004 ], [ 10.968776078184932, 53.909024328020628 ], [ 10.964377524798925, 53.913439001076384 ], [ 10.960506499785696, 53.914633136005733 ], [ 10.953384192784011, 53.912857070334617 ], [ 10.949115321849783, 53.912926536846264 ], [ 10.93624924063357, 53.919698345558444 ], [ 10.929972470687993, 53.918120445773425 ], [ 10.924790457071039, 53.921697746425593 ], [ 10.920020023239335, 53.922122527831142 ], [ 10.913640571618339, 53.923935831711447 ], [ 10.902479064854763, 53.923706696382233 ], [ 10.8978340056108, 53.922438259546198 ], [ 10.89493993138788, 53.92622502918141 ], [ 10.895776667860863, 53.936015814264827 ], [ 10.897227194427712, 53.938154140928354 ], [ 10.90722096192477, 53.945362001035242 ], [ 10.908774830782203, 53.947929922575469 ], [ 10.903786270245236, 53.956702319840716 ], [ 10.933494304598804, 53.964946399214881 ], [ 10.945998789979624, 53.970528256004094 ], [ 10.950460358238637, 53.973915070497924 ], [ 10.984879610674128, 53.988550172000615 ], [ 11.006732995536865, 53.99481586164805 ], [ 11.028199203484284, 54.003120736786585 ], [ 11.038958760935557, 54.005931512134296 ], [ 11.050646181778557, 54.008059601590354 ], [ 11.070287529803686, 54.009399353417741 ], [ 11.092066001139559, 54.013663565213612 ], [ 11.103313228437727, 54.013353047898832 ], [ 11.116055404576993, 54.011455783332622 ], [ 11.131801794972992, 54.010885238464581 ], [ 11.143939352493172, 54.009451689963434 ], [ 11.149745675930463, 54.010147262723599 ], [ 11.156948884574961, 54.012309276129649 ], [ 11.179170803645894, 54.014986424050633 ], [ 11.183307798228425, 54.014401860771123 ], [ 11.190392826307255, 54.010353512400322 ], [ 11.192777147509258, 54.006032452401264 ], [ 11.193144018770679, 54.001246525724028 ], [ 11.195652811982569, 53.998123697451973 ], [ 11.199449566507617, 53.994763630923991 ], [ 11.200265450633696, 53.992598846824698 ], [ 11.208900203850607, 53.987933144939035 ], [ 11.218972431343152, 53.984263945150914 ], [ 11.229670954121751, 53.982332243975797 ], [ 11.237197901433682, 53.982143701406528 ], [ 11.24161516977885, 53.982965923685519 ], [ 11.248187573063809, 53.986950239880869 ], [ 11.253210923707805, 53.987778426331424 ], [ 11.257835648689442, 53.985435854412998 ], [ 11.260534358572206, 53.982719499175644 ], [ 11.256738177769259, 53.976875282795589 ], [ 11.252526077091478, 53.97341348456014 ], [ 11.248173385645829, 53.97407938693884 ], [ 11.24624446612613, 53.972924048444398 ], [ 11.241308048359638, 53.953124313631569 ], [ 11.241409004903961, 53.949814671118943 ], [ 11.246739891330039, 53.941429875985513 ], [ 11.252203569920159, 53.93745543365484 ], [ 11.25967565218995, 53.934035745680767 ], [ 11.272812806278942, 53.930486243045578 ], [ 11.281267981470741, 53.929990376241342 ], [ 11.286297007076422, 53.930430898033698 ], [ 11.290473917038533, 53.931895576726042 ], [ 11.298875747812419, 53.936585490664704 ], [ 11.315972063335918, 53.942679899138511 ], [ 11.32687447918806, 53.957439601782852 ], [ 11.330671104928946, 53.959020549234587 ], [ 11.336725618094407, 53.958357376872236 ], [ 11.350352542355871, 53.943146596369687 ], [ 11.361290336550621, 53.937643515786199 ], [ 11.362936061432594, 53.936085255652117 ], [ 11.366818623266532, 53.93483375506225 ], [ 11.377372857465375, 53.936197349949104 ], [ 11.386450134899645, 53.939127035432001 ], [ 11.390124258790349, 53.939078849322669 ], [ 11.396243997579568, 53.937272667480208 ], [ 11.405662535669443, 53.935766555088072 ], [ 11.407348954812798, 53.934614584826157 ], [ 11.404411375443322, 53.932283458214798 ], [ 11.401141655747564, 53.925720011102797 ], [ 11.402969427651644, 53.92280088799663 ], [ 11.395267156380781, 53.922290947216503 ], [ 11.394429216611837, 53.924865691727668 ], [ 11.390912188609219, 53.920927122719014 ], [ 11.392679819340573, 53.920041107891031 ], [ 11.391564611532194, 53.917524361177996 ], [ 11.393615035270511, 53.916227771386836 ], [ 11.393057590271948, 53.91421694202824 ], [ 11.395497190072946, 53.91374578362786 ], [ 11.390519796941176, 53.893541130349313 ], [ 11.386489951668066, 53.887920241167649 ], [ 11.381776558146703, 53.876709214308185 ], [ 11.363362466885723, 53.878786878073221 ], [ 11.36031269466398, 53.877490720485852 ], [ 11.360048170887103, 53.873463689716097 ], [ 11.348776848059101, 53.871920397208179 ], [ 11.35217066458946, 53.866451525713309 ], [ 11.350926087718285, 53.864021267294412 ], [ 11.354112624243376, 53.862567914155711 ], [ 11.347051107558173, 53.858870605812619 ], [ 11.342151417276638, 53.849943734716639 ], [ 11.340304959088854, 53.849647455925975 ], [ 11.33576384948759, 53.85088787776597 ], [ 11.333179525904635, 53.850192236743084 ], [ 11.326082054107513, 53.85200799723227 ], [ 11.323532031317406, 53.851408410845501 ], [ 11.316373169895755, 53.854606603603756 ], [ 11.31639025617948, 53.850263739193487 ], [ 11.30596655938986, 53.851544612323238 ], [ 11.302462958093809, 53.850511734003931 ], [ 11.306467005450974, 53.84349028137553 ], [ 11.295986063956528, 53.843042701143965 ], [ 11.292448774906482, 53.838283969728224 ], [ 11.293661505155489, 53.836953129830967 ], [ 11.298671484940369, 53.836044477312953 ], [ 11.300361839635823, 53.831965417698072 ], [ 11.300442443079872, 53.819127932868433 ], [ 11.296209895316764, 53.82047497655455 ], [ 11.289111503317262, 53.813601663860645 ], [ 11.287122739890147, 53.807616193906227 ], [ 11.2938792937499, 53.806216660031133 ], [ 11.293540667321491, 53.803646315030399 ], [ 11.304688851994463, 53.805141903964021 ], [ 11.308762770674438, 53.797861994997582 ], [ 11.310747187445257, 53.787827320696543 ], [ 11.31375934191575, 53.783790089445191 ], [ 11.321906747346244, 53.765359804137027 ], [ 11.321214003589438, 53.761455138266953 ], [ 11.316900897457431, 53.76290755739965 ], [ 11.315392624972013, 53.764944021929054 ], [ 11.305090406651326, 53.764943603388708 ], [ 11.300286079302737, 53.763518604256674 ], [ 11.290706036837035, 53.76413254114518 ], [ 11.292716967365562, 53.76262384259455 ], [ 11.293614886966045, 53.754981282222175 ], [ 11.29621912752855, 53.750212980798985 ], [ 11.288228886805957, 53.75020580800296 ], [ 11.28136009040549, 53.761372739624235 ], [ 11.264546765982638, 53.756859813468424 ], [ 11.260413287394966, 53.761422585862384 ], [ 11.258917126951735, 53.765765310150087 ], [ 11.254207420828047, 53.766471781677794 ], [ 11.249556311231085, 53.764031281183598 ], [ 11.247793689384697, 53.765223548756538 ], [ 11.246496324915539, 53.771082151132575 ], [ 11.238264952801437, 53.770299441130433 ], [ 11.234818644293636, 53.775247818546895 ], [ 11.232894455274105, 53.776302840880994 ], [ 11.225010454294159, 53.772058664498296 ], [ 11.220317047142847, 53.770839992260335 ], [ 11.212604089902353, 53.770668407480528 ], [ 11.205495225336712, 53.773459696067093 ], [ 11.206690099647515, 53.774576240301094 ], [ 11.201211115462074, 53.776978939447908 ], [ 11.199710582103243, 53.776484796649164 ], [ 11.190335939374386, 53.778954558614927 ], [ 11.188667610780149, 53.782181239954177 ], [ 11.184760181122563, 53.782723608867855 ], [ 11.18636556413044, 53.786271713439668 ], [ 11.182865865847916, 53.794613794412534 ], [ 11.180240192642449, 53.794523890307964 ], [ 11.17039048738828, 53.790245541902188 ], [ 11.170872090391239, 53.787144489880198 ], [ 11.165067644621834, 53.785684338062573 ], [ 11.16372710762079, 53.776010280583037 ], [ 11.155998511127445, 53.769652434351009 ], [ 11.149183533370751, 53.768937672613561 ], [ 11.144068473187549, 53.760762162070904 ], [ 11.142953361339599, 53.756507197399436 ], [ 11.136655671158131, 53.754446967085002 ], [ 11.135003184285317, 53.749442573095173 ], [ 11.117552801577551, 53.746490523314193 ], [ 11.113346992344058, 53.744290941163577 ], [ 11.095093247426467, 53.750658342447082 ], [ 11.087848145033238, 53.74264406081403 ], [ 11.088584089976049, 53.738927222726588 ], [ 11.08064950825244, 53.734231825901063 ], [ 11.072406359868978, 53.731513434745494 ], [ 11.075565294812836, 53.728520053179984 ], [ 11.076259584010883, 53.72581531804888 ], [ 11.083246684625472, 53.718775899816741 ], [ 11.075003527443521, 53.717367521642885 ], [ 11.070401833316062, 53.714446184623263 ], [ 11.06192498614516, 53.711073739290697 ], [ 11.061730374996637, 53.707320961112913 ], [ 11.064725534497969, 53.705144922481267 ], [ 11.062755885394207, 53.701081929764058 ], [ 11.050028589833284, 53.699493736991002 ], [ 11.046396366575562, 53.700208958204385 ], [ 11.043948371680267, 53.70162353438058 ], [ 11.032411841159911, 53.698855080485053 ], [ 11.025396868211629, 53.700335678127075 ], [ 11.02294585089555, 53.701354599337257 ], [ 11.021362316660792, 53.703433705881373 ], [ 11.016064982778872, 53.704397178941726 ], [ 11.015785114098563, 53.709644813140486 ], [ 11.017964965174404, 53.71177059022213 ], [ 11.015170482136298, 53.722606801022252 ], [ 11.016344425202215, 53.724288258509652 ], [ 11.018829495416217, 53.7254595967512 ], [ 11.014931973138429, 53.728922890788567 ], [ 11.00389780440983, 53.729371221444296 ], [ 10.983163520001369, 53.727474861894684 ], [ 10.981260508214817, 53.723625912750293 ], [ 10.977143570307204, 53.720347283519892 ], [ 10.971876235624997, 53.719099217225803 ], [ 10.970606127405008, 53.717433837958822 ], [ 10.966657608935884, 53.716542667241754 ], [ 10.966239528576946, 53.71561703721607 ], [ 10.96355215444259, 53.715137553214959 ] ] ] } },
{ "type": "Feature", "properties": { "wkr": 28, "wkr_name": "Nordwestmecklenburg II" }, "geometry": { "type": "MultiPolygon", "coordinates": [ [ [ [ 11.454253901037177, 53.87548219762467 ], [ 11.453112946416136, 53.873895740156286 ], [ 11.450550989196865, 53.874191609881855 ], [ 11.451884228427705, 53.876316940104566 ], [ 11.454253901037177, 53.87548219762467 ] ] ], [ [ [ 11.477251836327866, 53.963710261530373 ], [ 11.477727389728036, 53.961610135350639 ], [ 11.476702271216199, 53.961637100391371 ], [ 11.475260178654578, 53.963551339507021 ], [ 11.477251836327866, 53.963710261530373 ] ] ], [ [ [ 11.470180272978045, 53.968334959415252 ], [ 11.468002387576881, 53.963500840171463 ], [ 11.466245394590096, 53.963700915866312 ], [ 11.467011637080311, 53.967419920879408 ], [ 11.470180272978045, 53.968334959415252 ] ] ], [ [ [ 11.496604177576923, 54.029244158708771 ], [ 11.494647501426964, 54.024605546795655 ], [ 11.491352348659722, 54.025363134793153 ], [ 11.487073168776694, 54.024739968296267 ], [ 11.487735760133736, 54.026156024866474 ], [ 11.495477936578796, 54.031711576424925 ], [ 11.497795028457784, 54.031037584150361 ], [ 11.498890096249529, 54.0297915207993 ], [ 11.496604177576923, 54.029244158708771 ] ] ], [ [ [ 11.532115069969263, 54.029335038339759 ], [ 11.538522049235324, 54.025578688402462 ], [ 11.543354854100883, 54.024892160366768 ], [ 11.555126525513446, 54.026463144758672 ], [ 11.562249571615281, 54.028213517788537 ], [ 11.579189365616784, 54.019244669250725 ], [ 11.575392645165536, 54.01767173004005 ], [ 11.580676122751781, 54.012568358098974 ], [ 11.580807709603441, 54.006782159249184 ], [ 11.587130891261115, 54.004332239666532 ], [ 11.58859885294738, 54.001934752377458 ], [ 11.585353216933434, 53.994108943696375 ], [ 11.582158340953741, 53.993479734739189 ], [ 11.582661495203702, 53.989259378330644 ], [ 11.587728035102463, 53.986655880534919 ], [ 11.594122229123096, 53.987411354698125 ], [ 11.604532051513194, 53.985672222381524 ], [ 11.614139031306234, 53.98600404341871 ], [ 11.614267016024439, 53.989385001428509 ], [ 11.609350455557395, 53.992686991677083 ], [ 11.61273829382657, 53.993918797243644 ], [ 11.61847129344342, 53.990744177120618 ], [ 11.623209683657427, 53.992792287954153 ], [ 11.631085745077382, 53.989507247136096 ], [ 11.648704852765507, 53.987367518082337 ], [ 11.650650218942648, 53.985820817319485 ], [ 11.657826993858038, 53.984415081327477 ], [ 11.657218667021811, 53.982342318650957 ], [ 11.659743818491782, 53.980045126946806 ], [ 11.65913617356448, 53.977741026562953 ], [ 11.658155713173244, 53.976885046585018 ], [ 11.651892504796685, 53.976145548065908 ], [ 11.651633805071548, 53.97357471999478 ], [ 11.657135305923559, 53.97244666882802 ], [ 11.658913320023153, 53.970669393503044 ], [ 11.663410900697396, 53.97126551276866 ], [ 11.664674730024226, 53.968898454567942 ], [ 11.670142787720154, 53.964756097702136 ], [ 11.677771193746141, 53.962169161637725 ], [ 11.671206177422157, 53.959346684975038 ], [ 11.666924027697233, 53.955172525344381 ], [ 11.670090801685001, 53.950407017895358 ], [ 11.669925222365825, 53.948636172068518 ], [ 11.667494904377888, 53.947412733199954 ], [ 11.673202887320176, 53.944376597744181 ], [ 11.675624616104997, 53.940595439488625 ], [ 11.674348769413362, 53.935978495989687 ], [ 11.686723668692984, 53.934348825709748 ], [ 11.691330012407612, 53.940615270511188 ], [ 11.695007396023371, 53.942535423500971 ], [ 11.699771814354811, 53.948605738386334 ], [ 11.697057170551121, 53.952849750376828 ], [ 11.697543800337655, 53.953659355215258 ], [ 11.701780923759403, 53.95402709378606 ], [ 11.706284963059886, 53.955486559528943 ], [ 11.714676817487703, 53.955262539887443 ], [ 11.725845106214638, 53.956265234750681 ], [ 11.731084822435825, 53.955489414873632 ], [ 11.731770780075781, 53.953045979480578 ], [ 11.739809033594529, 53.95728287254849 ], [ 11.748308539681396, 53.960047646734679 ], [ 11.748837214960814, 53.963657212749418 ], [ 11.741021445353187, 53.96895156755113 ], [ 11.744203029719266, 53.970882142996928 ], [ 11.74578062725714, 53.973936945224139 ], [ 11.74986979532893, 53.971994514463304 ], [ 11.75993912785486, 53.973006341278072 ], [ 11.763936201537492, 53.977332668006234 ], [ 11.77086550844329, 53.974989259131682 ], [ 11.781865897044883, 53.97434156419699 ], [ 11.785510609482653, 53.973344768303633 ], [ 11.788940870048535, 53.971225684631769 ], [ 11.80393413664847, 53.966636383750348 ], [ 11.804461573901065, 53.965961306631769 ], [ 11.7979954386574, 53.962613852004196 ], [ 11.798669534819419, 53.958476471546135 ], [ 11.795209439434831, 53.95620954754861 ], [ 11.79928583630298, 53.956106336689231 ], [ 11.792859429641705, 53.945823686574059 ], [ 11.795081512132599, 53.942349444640413 ], [ 11.792147447291811, 53.94098854492826 ], [ 11.794069451815798, 53.938227531513128 ], [ 11.791411289180511, 53.935687001509756 ], [ 11.791957551347457, 53.93253164290639 ], [ 11.800647438807369, 53.929695928922854 ], [ 11.80492759530547, 53.918716879984736 ], [ 11.802103486035685, 53.917691445099329 ], [ 11.801390969959352, 53.912923545161213 ], [ 11.791027434940656, 53.914071092817842 ], [ 11.78904835159633, 53.910234195756509 ], [ 11.794764307027959, 53.909917295924153 ], [ 11.796810963450461, 53.908332442652288 ], [ 11.79305083685227, 53.906670885956473 ], [ 11.7953316452738, 53.902576921065396 ], [ 11.789890676244802, 53.898677410653839 ], [ 11.78865475247845, 53.893575205509627 ], [ 11.791183438036926, 53.891980434938333 ], [ 11.795908228575334, 53.892336792625478 ], [ 11.798281344657646, 53.890983330709552 ], [ 11.79587991618841, 53.889737076130857 ], [ 11.79164161495336, 53.88534955086029 ], [ 11.787764384358404, 53.886199452659916 ], [ 11.781570915177671, 53.883207849866864 ], [ 11.773136823102163, 53.882728594944396 ], [ 11.766050211474079, 53.878778488363615 ], [ 11.762084323236477, 53.874656975949797 ], [ 11.762015906742372, 53.872345506617862 ], [ 11.773026717234384, 53.867805923266289 ], [ 11.775898033922216, 53.863509797253883 ], [ 11.778030363849977, 53.862918398182124 ], [ 11.778372095000318, 53.862071553041503 ], [ 11.776871520785734, 53.859270601225056 ], [ 11.768243986435847, 53.856699229883084 ], [ 11.765727207745293, 53.854437561628551 ], [ 11.76263931075939, 53.853784577187149 ], [ 11.759577343777524, 53.85194172600923 ], [ 11.759736618656794, 53.850907369050041 ], [ 11.767705046312409, 53.845675121012803 ], [ 11.760663742466942, 53.83334982581902 ], [ 11.771009812639949, 53.830401109265928 ], [ 11.766645561622639, 53.828823915814212 ], [ 11.765030247975174, 53.827163091136747 ], [ 11.759284501555431, 53.826439403551809 ], [ 11.756839754309418, 53.825271658104498 ], [ 11.757510143301037, 53.824022778173202 ], [ 11.766174714819657, 53.823904742073132 ], [ 11.776187858809791, 53.821925666983013 ], [ 11.778594236049969, 53.820106066239816 ], [ 11.781958672542459, 53.81981242167064 ], [ 11.790429258270935, 53.82232432729387 ], [ 11.793644303357818, 53.822145692908961 ], [ 11.801655492865921, 53.817841545815831 ], [ 11.798793143275695, 53.813473973354405 ], [ 11.801598743483195, 53.811871451056028 ], [ 11.800724170344314, 53.808890462695196 ], [ 11.804337224986835, 53.806547861371669 ], [ 11.807413011416756, 53.802822126530529 ], [ 11.810452606527454, 53.794850751141283 ], [ 11.808022430417038, 53.788734026677943 ], [ 11.804600165857305, 53.79013294995066 ], [ 11.802788280047814, 53.789533798679749 ], [ 11.799522497719316, 53.787113263041228 ], [ 11.794087752854175, 53.779844049123518 ], [ 11.791979782997149, 53.778400341689846 ], [ 11.794577786481041, 53.776408293240834 ], [ 11.793568842431757, 53.77248302117605 ], [ 11.797646332083577, 53.770838988706807 ], [ 11.788508579454772, 53.768483639172558 ], [ 11.78530124212592, 53.769679366383983 ], [ 11.777807283508462, 53.770330021391246 ], [ 11.771983187913097, 53.766806758305343 ], [ 11.767272422659623, 53.767508756967409 ], [ 11.764629973899332, 53.765772696836201 ], [ 11.762247170061078, 53.767514061896442 ], [ 11.764012001660449, 53.769316130310074 ], [ 11.763269610525297, 53.77040201906663 ], [ 11.753438974512713, 53.768111865178682 ], [ 11.751964481206057, 53.769144581821557 ], [ 11.753558344077708, 53.769613438817537 ], [ 11.754086422148438, 53.773384945745754 ], [ 11.759663547457084, 53.775284424253705 ], [ 11.763666276274666, 53.775563429064761 ], [ 11.761039160635987, 53.777224608723678 ], [ 11.764035620975505, 53.778275795799736 ], [ 11.759170349920394, 53.77866817669932 ], [ 11.751879970128254, 53.777546073937408 ], [ 11.750442185143747, 53.778579124665541 ], [ 11.75035782160073, 53.783214047904586 ], [ 11.740204825570284, 53.783531474379046 ], [ 11.738990206420052, 53.781519265887873 ], [ 11.73763689665868, 53.78108375018558 ], [ 11.731461337370632, 53.781800319189983 ], [ 11.726181471087219, 53.786041283190897 ], [ 11.730205624526789, 53.789417906967763 ], [ 11.725923153243237, 53.790567404742959 ], [ 11.728536729970887, 53.794661830072435 ], [ 11.724268514017238, 53.796028008500507 ], [ 11.722884513919416, 53.794390557996259 ], [ 11.720919198883431, 53.79461109324216 ], [ 11.721978396276663, 53.796569822693002 ], [ 11.715438364228504, 53.79818768802587 ], [ 11.710988848638014, 53.792172790054558 ], [ 11.701824660492978, 53.789085814886896 ], [ 11.700218535072548, 53.788985282231714 ], [ 11.698416846589641, 53.789960949781594 ], [ 11.696160306972953, 53.789535231379496 ], [ 11.699290131265899, 53.784001190550164 ], [ 11.695506220302342, 53.7811101399639 ], [ 11.697773455943917, 53.778965607740098 ], [ 11.697633455041604, 53.777591200748972 ], [ 11.69493719027934, 53.777880204140189 ], [ 11.693430612917117, 53.776973656245012 ], [ 11.692999426761691, 53.780703330936063 ], [ 11.686427301767464, 53.783448448541215 ], [ 11.686007321060806, 53.784934569709947 ], [ 11.67965412833636, 53.78755903532516 ], [ 11.66782887710569, 53.784441082363749 ], [ 11.666866711915793, 53.781786527935537 ], [ 11.668896956365369, 53.779694507791412 ], [ 11.66941574465921, 53.775704554392171 ], [ 11.660565502791648, 53.774395025691362 ], [ 11.66150948740151, 53.773508063154154 ], [ 11.665311313703365, 53.772991623196518 ], [ 11.666326472932303, 53.770786622624591 ], [ 11.663128308752077, 53.766426842957529 ], [ 11.664111033830839, 53.761502069568508 ], [ 11.660914994281695, 53.758932451759698 ], [ 11.657540701064535, 53.760368210636472 ], [ 11.656298086831013, 53.763784230542392 ], [ 11.651119316449975, 53.765489762545933 ], [ 11.650024710598048, 53.766550897882382 ], [ 11.649337055838927, 53.772692923460774 ], [ 11.653772581095824, 53.775478401113254 ], [ 11.651553807773945, 53.776434874587807 ], [ 11.639689266926213, 53.77725678899872 ], [ 11.639205065057576, 53.774045308545482 ], [ 11.637569670442844, 53.773382017491805 ], [ 11.631475654920877, 53.764549908606355 ], [ 11.62676815391233, 53.760795660962607 ], [ 11.609423773760163, 53.760642475059711 ], [ 11.605988392750106, 53.758967755286541 ], [ 11.601010563280418, 53.760809884479279 ], [ 11.586391254372108, 53.760626628344873 ], [ 11.584597413238614, 53.762426183591913 ], [ 11.581108632665781, 53.763981159713623 ], [ 11.577449425114418, 53.76269683594586 ], [ 11.575858328937292, 53.763661275098208 ], [ 11.575979340093397, 53.765428954788966 ], [ 11.580810796831475, 53.766861455823999 ], [ 11.580322188856451, 53.767695346248871 ], [ 11.575957148402821, 53.766405840281053 ], [ 11.57241425479074, 53.767204347229487 ], [ 11.567585589470283, 53.766667628290378 ], [ 11.552504117622084, 53.762639158533922 ], [ 11.550814747733881, 53.764393358707224 ], [ 11.547890382673739, 53.765299539785971 ], [ 11.54420070135458, 53.768801803728088 ], [ 11.528614982280597, 53.764117328604414 ], [ 11.52788157806172, 53.762310792039031 ], [ 11.522025412506883, 53.76066966474442 ], [ 11.526541807102872, 53.765496009730029 ], [ 11.531177675491952, 53.768464462408929 ], [ 11.526882217757567, 53.768240628738354 ], [ 11.521469100975624, 53.77094112463147 ], [ 11.526252087245711, 53.777452345961954 ], [ 11.525750192920345, 53.778476789922713 ], [ 11.522642033308902, 53.776989005929323 ], [ 11.515984017531887, 53.770616055252063 ], [ 11.513642368746797, 53.769851192336866 ], [ 11.507202254248249, 53.770216758251124 ], [ 11.50007699967197, 53.769516465469458 ], [ 11.496375119187185, 53.771472563537976 ], [ 11.489638490972421, 53.766392665379399 ], [ 11.49043381576652, 53.762633627779358 ], [ 11.491735179787714, 53.761656881892314 ], [ 11.489154694115975, 53.759923466798469 ], [ 11.492846377310341, 53.75851323393735 ], [ 11.492757958365928, 53.757629867393753 ], [ 11.490765283352511, 53.75728718410565 ], [ 11.497019118856777, 53.749904591152315 ], [ 11.496825218478989, 53.74836679115878 ], [ 11.499015664754372, 53.745683663539566 ], [ 11.498915539252998, 53.743084380801548 ], [ 11.501247541722925, 53.740640467836158 ], [ 11.502106399387378, 53.734278661188505 ], [ 11.49808617813779, 53.722060771378786 ], [ 11.496339187193909, 53.721101371600838 ], [ 11.49646249608716, 53.716389695043489 ], [ 11.492156226853348, 53.712705748853068 ], [ 11.48669131000894, 53.704407733326164 ], [ 11.484931910774963, 53.696011129360663 ], [ 11.48655480092013, 53.692773085088568 ], [ 11.484768670513963, 53.690606221159634 ], [ 11.480513505559518, 53.688224899979666 ], [ 11.473337989799669, 53.687533905978157 ], [ 11.471166710448832, 53.689352111278403 ], [ 11.468049137616093, 53.695905223536478 ], [ 11.466019225651667, 53.697185562986462 ], [ 11.46364091089236, 53.696951362200011 ], [ 11.460685895768414, 53.696020323519022 ], [ 11.459049410989008, 53.693965921728072 ], [ 11.457321405200716, 53.694138627993745 ], [ 11.454935324604872, 53.692194335456058 ], [ 11.451782907298972, 53.693160136025917 ], [ 11.449689337648303, 53.692210893244031 ], [ 11.455455082798, 53.687288344399583 ], [ 11.46242515187244, 53.684187118610495 ], [ 11.459471628325121, 53.681775515789688 ], [ 11.455902256649386, 53.682036988430092 ], [ 11.453544616945031, 53.680986532999768 ], [ 11.440272405375856, 53.680908672374152 ], [ 11.43674978899341, 53.682271691385303 ], [ 11.436677441895734, 53.684957053229553 ], [ 11.430686718087975, 53.685488352105999 ], [ 11.43076983338792, 53.686801471767147 ], [ 11.420257864535053, 53.687449262842151 ], [ 11.420053510096533, 53.686138080843811 ], [ 11.41076139669998, 53.686736079398031 ], [ 11.40731560496406, 53.679100850033855 ], [ 11.405714930347033, 53.67796861511092 ], [ 11.400429123817835, 53.67717629356833 ], [ 11.399551591958705, 53.678690504072399 ], [ 11.395032857188436, 53.680418279365135 ], [ 11.395491927451447, 53.678866000678376 ], [ 11.390340633599967, 53.675488974496936 ], [ 11.386297972640312, 53.679416988527308 ], [ 11.376568265170725, 53.67985485874113 ], [ 11.373817962488825, 53.679258945813679 ], [ 11.366728544267589, 53.67321394482785 ], [ 11.368065756188752, 53.672305895771395 ], [ 11.368146071529205, 53.66922527633988 ], [ 11.364896742093727, 53.667924410094514 ], [ 11.363138317861598, 53.668338718312768 ], [ 11.360106382873346, 53.670793401809533 ], [ 11.35911258069847, 53.674801031095946 ], [ 11.357731794552341, 53.675038143972195 ], [ 11.358457149831214, 53.676919166416454 ], [ 11.359831573608863, 53.676826596192207 ], [ 11.360243427554689, 53.68136322031129 ], [ 11.354792845031701, 53.681357356473619 ], [ 11.35391252913454, 53.677335190068732 ], [ 11.355537088825352, 53.676890498304687 ], [ 11.35503934826667, 53.675508051738092 ], [ 11.350506713034935, 53.674951811048686 ], [ 11.343575980325445, 53.677964531991627 ], [ 11.336608459933149, 53.671467913485792 ], [ 11.333844662818001, 53.672254986880972 ], [ 11.332880691790043, 53.670509974950868 ], [ 11.328426085066392, 53.669757594784585 ], [ 11.320902247946485, 53.671222160055855 ], [ 11.319657208684909, 53.66999138281335 ], [ 11.319578200777476, 53.666555679317767 ], [ 11.316873419521563, 53.663121803041157 ], [ 11.29665141324192, 53.662046634272343 ], [ 11.29681322525852, 53.659988889400509 ], [ 11.303471710684855, 53.658533611508069 ], [ 11.302193409914329, 53.653281324442084 ], [ 11.294884687216905, 53.650444831259641 ], [ 11.291114609611748, 53.652991108686031 ], [ 11.286987874605337, 53.647979165308001 ], [ 11.282040586112574, 53.648511699544443 ], [ 11.289426987669088, 53.643308102229021 ], [ 11.290748037967665, 53.64095013265996 ], [ 11.293862705705354, 53.640344112708405 ], [ 11.294367825192131, 53.637375863935326 ], [ 11.297946219562638, 53.637129272941579 ], [ 11.298708857362296, 53.635578466099986 ], [ 11.304454147105661, 53.636735242454286 ], [ 11.306964585509938, 53.634317220406757 ], [ 11.303362668890145, 53.629076759865512 ], [ 11.297760195041041, 53.629198059815124 ], [ 11.29617642669432, 53.628438166996176 ], [ 11.294450151716475, 53.630367550380583 ], [ 11.292813862284033, 53.629607507395335 ], [ 11.294748387768779, 53.626456149395906 ], [ 11.293414137870327, 53.620974054237806 ], [ 11.298216420223742, 53.619608479854008 ], [ 11.306752182468065, 53.622340623621795 ], [ 11.316955120749443, 53.621197472388566 ], [ 11.313371035126078, 53.615848316753926 ], [ 11.314621559703534, 53.613364648635518 ], [ 11.307751996673774, 53.611519092608106 ], [ 11.30066673987978, 53.60553819101181 ], [ 11.297421236644047, 53.604041233038025 ], [ 11.301085677366531, 53.603175383385356 ], [ 11.302502436849693, 53.597972986766791 ], [ 11.301620854904263, 53.59436174562218 ], [ 11.299517863030243, 53.592788385309881 ], [ 11.295006679830859, 53.592007528200668 ], [ 11.284758469066494, 53.588279317747208 ], [ 11.282358469585247, 53.588130181641461 ], [ 11.273904046180503, 53.595796020384327 ], [ 11.260004610204968, 53.597675385230382 ], [ 11.253226531421292, 53.59684467872809 ], [ 11.25267642213533, 53.595278444286812 ], [ 11.249245243613364, 53.595525160303723 ], [ 11.247010698055069, 53.590484299244828 ], [ 11.241708756334159, 53.588168770182762 ], [ 11.240114054977218, 53.589211841820799 ], [ 11.239982610822274, 53.592709377752165 ], [ 11.234808209283175, 53.595443461136377 ], [ 11.237353812596931, 53.598904469843781 ], [ 11.241129045802543, 53.60104892458601 ], [ 11.23824593594234, 53.601492176036153 ], [ 11.234888318549277, 53.603398613130842 ], [ 11.224928170397025, 53.602654407978754 ], [ 11.222516459264575, 53.600638682900218 ], [ 11.216537911668828, 53.598327133149319 ], [ 11.213217682718071, 53.600255140630694 ], [ 11.206747162509576, 53.601108267575349 ], [ 11.207100262816693, 53.598697388364357 ], [ 11.204003334942296, 53.597147106533122 ], [ 11.201590367073582, 53.590212665634915 ], [ 11.203190746244193, 53.584834170591556 ], [ 11.198215771589588, 53.580494626239044 ], [ 11.190956028389344, 53.577860992889711 ], [ 11.185406282248767, 53.576933260355531 ], [ 11.175089224578935, 53.572212033277651 ], [ 11.169327706210858, 53.570586974252876 ], [ 11.16610848950331, 53.570142088518821 ], [ 11.159375572021668, 53.570693064370936 ], [ 11.153236085525474, 53.568080407746471 ], [ 11.144623169311837, 53.566441455735074 ], [ 11.141520548686996, 53.567327831818041 ], [ 11.141102025274181, 53.569557679728369 ], [ 11.143167069249625, 53.5753236400259 ], [ 11.146119547215104, 53.576309726668192 ], [ 11.146526609417418, 53.57772474176906 ], [ 11.145844979590672, 53.578379350436308 ], [ 11.141376138876995, 53.578244825562344 ], [ 11.1412342183182, 53.579366077702268 ], [ 11.145055913050129, 53.584076472637591 ], [ 11.148191050136711, 53.586246144966793 ], [ 11.145967095042757, 53.589058978892623 ], [ 11.14051058962052, 53.589598423118332 ], [ 11.140509282508491, 53.591386249569211 ], [ 11.134830912471431, 53.59362486623673 ], [ 11.114765935204721, 53.588646075938001 ], [ 11.116113407093396, 53.591618178675049 ], [ 11.109654140375554, 53.598479740384626 ], [ 11.104735997012916, 53.601834302373298 ], [ 11.102670218198767, 53.60561098047674 ], [ 11.101183922438342, 53.604322374603669 ], [ 11.099154547925774, 53.605618916472025 ], [ 11.095873344543174, 53.605580830276395 ], [ 11.091642950439629, 53.608018235759374 ], [ 11.082606493500437, 53.605449941898975 ], [ 11.080780381561347, 53.601908216409505 ], [ 11.071029671539868, 53.604512630499578 ], [ 11.06611945076942, 53.60473119348574 ], [ 11.064352649674612, 53.603716148503189 ], [ 11.063581267880821, 53.599223637464668 ], [ 11.051635644961324, 53.598336678886263 ], [ 11.042032185562467, 53.599292014446348 ], [ 11.034478230374841, 53.596254593169832 ], [ 11.033855313467326, 53.597760282957474 ], [ 11.032095546154199, 53.59834267669693 ], [ 11.019952199070113, 53.601274849579667 ], [ 11.017500585591799, 53.602701523011916 ], [ 11.012584576844672, 53.602785682689031 ], [ 11.009788201454935, 53.603702773043018 ], [ 11.011359995063204, 53.607657813328593 ], [ 11.009544113233869, 53.607965136581818 ], [ 11.01180836116408, 53.61992868293143 ], [ 11.004680059135719, 53.625340777194452 ], [ 11.00202949756086, 53.625526222957021 ], [ 11.002908269534139, 53.630763611615187 ], [ 10.999772990923372, 53.634951508298045 ], [ 10.992294307044308, 53.636928070477794 ], [ 10.989905622407379, 53.635210920967936 ], [ 10.988293922336574, 53.635372295867221 ], [ 10.985572176637985, 53.636759543360121 ], [ 10.984935197886401, 53.63900596109616 ], [ 10.980081275508308, 53.643131772322498 ], [ 10.973429205706402, 53.642318755824284 ], [ 10.970380295664938, 53.643522000034402 ], [ 10.968443127314648, 53.645914798105657 ], [ 10.966947021444442, 53.644615595065851 ], [ 10.965446340559943, 53.644519839878498 ], [ 10.952760702372979, 53.647289404410103 ], [ 10.952425755076574, 53.650702810993408 ], [ 10.95319680450104, 53.654336018595629 ], [ 10.9550443947477, 53.656542773884901 ], [ 10.954761022618657, 53.658757396957839 ], [ 10.94981237911086, 53.658319454510703 ], [ 10.949067270745376, 53.660704950678095 ], [ 10.94795571266858, 53.660908196822909 ], [ 10.94561146563518, 53.658984314461875 ], [ 10.941543661562498, 53.662652008382395 ], [ 10.942436059955815, 53.663429337538474 ], [ 10.938337372634175, 53.666258786851479 ], [ 10.941841838192557, 53.669417506424978 ], [ 10.939919899029974, 53.673283953592964 ], [ 10.94407248325051, 53.673993614199297 ], [ 10.94190362591161, 53.684328149046138 ], [ 10.936121997040749, 53.687495066741285 ], [ 10.928613519346921, 53.686339834059545 ], [ 10.9267069225751, 53.689743603014534 ], [ 10.925078446023051, 53.689272570069306 ], [ 10.922906112228427, 53.689975589773724 ], [ 10.920668974498478, 53.688534485104029 ], [ 10.918605415670996, 53.689381109964756 ], [ 10.918665147661903, 53.691096021179874 ], [ 10.926102021585697, 53.692306465720335 ], [ 10.923478942696702, 53.695526811686321 ], [ 10.922449949527367, 53.699090864360947 ], [ 10.916806532251583, 53.699244447188484 ], [ 10.92173797371478, 53.705949375930942 ], [ 10.941256448008337, 53.70636691234678 ], [ 10.950946012700227, 53.705273588256752 ], [ 10.954939520953181, 53.707703898601999 ], [ 10.953848238761445, 53.709975666264469 ], [ 10.960462036531119, 53.713868959264303 ], [ 10.970606703484755, 53.717418125709187 ], [ 10.972379222215954, 53.719305054808423 ], [ 10.978428456019563, 53.720990753256856 ], [ 10.981261080550759, 53.723610200366963 ], [ 10.983164091717061, 53.727459149504774 ], [ 11.003898368456607, 53.729355508817207 ], [ 11.014932533078696, 53.728907178048686 ], [ 11.018830053767061, 53.72544388395977 ], [ 11.016344984465015, 53.72427254573261 ], [ 11.015171041760222, 53.72259108824845 ], [ 11.018090772099281, 53.712321908682405 ], [ 11.015785673092557, 53.709629100331824 ], [ 11.016065541469834, 53.704381466119443 ], [ 11.020993754159154, 53.703579785842329 ], [ 11.022946406919221, 53.70133888642799 ], [ 11.025397423285973, 53.700319965206084 ], [ 11.032412393580948, 53.698839367468565 ], [ 11.043948919898778, 53.70160782123763 ], [ 11.046396913821384, 53.700193245036154 ], [ 11.050029135699432, 53.699478023778362 ], [ 11.061901755530476, 53.700748360520322 ], [ 11.0638563880725, 53.702123975266026 ], [ 11.064744917229914, 53.70434899947783 ], [ 11.064421626495973, 53.705604920416341 ], [ 11.061730916747475, 53.707305247805735 ], [ 11.061925527952141, 53.711058025989253 ], [ 11.07040237206032, 53.71443047121074 ], [ 11.075004064560762, 53.717351808190472 ], [ 11.083247218721313, 53.718760186271986 ], [ 11.076260120921205, 53.725799604615901 ], [ 11.075565832083486, 53.728504339765529 ], [ 11.072406898396977, 53.731497721368036 ], [ 11.080650043788189, 53.734216112445289 ], [ 11.088255191994252, 53.738572974035861 ], [ 11.087848678145622, 53.742628347291024 ], [ 11.095093778088662, 53.750642628866963 ], [ 11.113347515986298, 53.744275227358365 ], [ 11.118308467927827, 53.746666125409391 ], [ 11.135003700007514, 53.749426859053862 ], [ 11.136656186418747, 53.754431253044636 ], [ 11.142953874305256, 53.756491483314804 ], [ 11.144068985860004, 53.760746447963129 ], [ 11.148420421762786, 53.768460265748281 ], [ 11.149893292672427, 53.769211424660973 ], [ 11.155999019643875, 53.769636720135374 ], [ 11.16372761342452, 53.775994566299076 ], [ 11.165068150214831, 53.785668623786655 ], [ 11.170872593857219, 53.787128775551366 ], [ 11.170390991114388, 53.790229827593997 ], [ 11.180240692812626, 53.794508175905129 ], [ 11.182866365038352, 53.794598079982343 ], [ 11.186366061760792, 53.7862559989536 ], [ 11.184760679246766, 53.782707894390711 ], [ 11.188668107465364, 53.782165525437527 ], [ 11.190336435308716, 53.778938844057443 ], [ 11.199711074453788, 53.776469081987678 ], [ 11.201211607262165, 53.776963224785035 ], [ 11.20669058932859, 53.774560525566187 ], [ 11.205495715430079, 53.773443981351527 ], [ 11.212604577274879, 53.770652692667987 ], [ 11.220317531654612, 53.770824277373329 ], [ 11.223667541391675, 53.771557446544826 ], [ 11.232894935209554, 53.776287125892964 ], [ 11.234819123504781, 53.775232103518697 ], [ 11.238265430549767, 53.770283726053989 ], [ 11.246496799609661, 53.771066435991258 ], [ 11.248765736586559, 53.764190169513853 ], [ 11.250376700896298, 53.764312755208159 ], [ 11.253854097717969, 53.766402063336606 ], [ 11.258917596862059, 53.765749594848153 ], [ 11.260413756605644, 53.761406870538359 ], [ 11.264547233516939, 53.756844098106797 ], [ 11.281360551788575, 53.761357024086571 ], [ 11.288229345299495, 53.750190092387626 ], [ 11.296219583043134, 53.750197265083777 ], [ 11.293615343592139, 53.754965566549636 ], [ 11.292717424551768, 53.762608126943917 ], [ 11.290768493294534, 53.763708744611925 ], [ 11.291046056573617, 53.764329166703625 ], [ 11.300286533675195, 53.763502888532813 ], [ 11.305090859265293, 53.764927887637391 ], [ 11.31396554392056, 53.765143054371208 ], [ 11.315825044889086, 53.764800135764276 ], [ 11.31801709146133, 53.762362970493371 ], [ 11.321638899648395, 53.761617616846536 ], [ 11.321907193685725, 53.765344088210433 ], [ 11.31375979185483, 53.783774373655774 ], [ 11.310747638605156, 53.787811604927896 ], [ 11.3087632228505, 53.797846279281877 ], [ 11.304689305912635, 53.805126188311476 ], [ 11.29354112535831, 53.803630599482275 ], [ 11.293879751733458, 53.806200944485461 ], [ 11.287123200443125, 53.807600478431503 ], [ 11.289111963299936, 53.813585948365663 ], [ 11.296210352839886, 53.820459261004622 ], [ 11.3004428989834, 53.819112217288612 ], [ 11.300362295933423, 53.831949702130643 ], [ 11.298671941995101, 53.836028761777861 ], [ 11.293661964106466, 53.8369374143493 ], [ 11.292449234352423, 53.838268254254572 ], [ 11.295986522208123, 53.843026985647661 ], [ 11.306467459786152, 53.843474565772027 ], [ 11.30246341412756, 53.850496018453804 ], [ 11.305967014139975, 53.851528896744149 ], [ 11.316390707008845, 53.850248023512137 ], [ 11.316373620827902, 53.854590887946046 ], [ 11.323532479477461, 53.851392695109126 ], [ 11.326082501329914, 53.851992281450961 ], [ 11.333179970419062, 53.850176520889789 ], [ 11.336470949199281, 53.850856136723159 ], [ 11.3403054009098, 53.849631740017486 ], [ 11.342151858423067, 53.849928018778428 ], [ 11.347436081875633, 53.85928652354616 ], [ 11.354113061246331, 53.862552198125677 ], [ 11.350926525991222, 53.864005551304132 ], [ 11.352171102430047, 53.866435809714233 ], [ 11.348561251307501, 53.870546463066674 ], [ 11.348777287331229, 53.871904681271857 ], [ 11.351243264713439, 53.872753240794509 ], [ 11.360048605966639, 53.873447973652183 ], [ 11.360313129763384, 53.8774750044306 ], [ 11.363362900870948, 53.878771162006387 ], [ 11.381776985168534, 53.876693498043096 ], [ 11.386490377226101, 53.887904524905139 ], [ 11.390520221163044, 53.893525414057052 ], [ 11.400148729885672, 53.892409828224665 ], [ 11.408982961576156, 53.888087955361726 ], [ 11.410495732402911, 53.886089754397091 ], [ 11.413891903156932, 53.885108599029955 ], [ 11.419794632649882, 53.879510567346124 ], [ 11.41777884892895, 53.878865763146429 ], [ 11.417274477760616, 53.874360732794052 ], [ 11.418371741869832, 53.873115461942376 ], [ 11.417361365507732, 53.871063748039269 ], [ 11.420035857244104, 53.870408912769946 ], [ 11.422120332456398, 53.868595571897032 ], [ 11.428761326172236, 53.866984094725076 ], [ 11.429765163352434, 53.865349311727677 ], [ 11.430618501700943, 53.865116763796635 ], [ 11.434181867760845, 53.872472539590639 ], [ 11.437241200753466, 53.872024082845421 ], [ 11.439023879724843, 53.877605192565944 ], [ 11.444189601316184, 53.876544458057872 ], [ 11.443741132929361, 53.87521318069529 ], [ 11.449844398897811, 53.87299055383594 ], [ 11.450596125909547, 53.870785161146884 ], [ 11.452642413608118, 53.87235297198265 ], [ 11.459069465275059, 53.87411677092544 ], [ 11.462389359864886, 53.869813959680478 ], [ 11.465703758110864, 53.87023389483484 ], [ 11.483184492284868, 53.866733751864416 ], [ 11.4838767080347, 53.868335048042816 ], [ 11.486591898072374, 53.867633069842 ], [ 11.491712005497675, 53.874092872814842 ], [ 11.50054824055446, 53.873290501833822 ], [ 11.503016228498874, 53.875874101189574 ], [ 11.508022590811077, 53.877088911042954 ], [ 11.513270695822413, 53.87648424481003 ], [ 11.51528832216294, 53.879187321360021 ], [ 11.50975188713781, 53.881947861362342 ], [ 11.510835232594099, 53.884301679238 ], [ 11.51906546129848, 53.882387809072156 ], [ 11.520000446475004, 53.884915356010531 ], [ 11.519266620432465, 53.88651283894189 ], [ 11.524087587290907, 53.885690704036968 ], [ 11.527391394599293, 53.889989891062029 ], [ 11.523124791908131, 53.890982706932803 ], [ 11.524000843938433, 53.892182548220262 ], [ 11.52741762853173, 53.891757382620412 ], [ 11.53350313711465, 53.900319458738743 ], [ 11.514875634753118, 53.901472891297097 ], [ 11.5046631580291, 53.903729210663514 ], [ 11.503028757669039, 53.907908246491068 ], [ 11.503940959341765, 53.91042229804421 ], [ 11.51137369586162, 53.913854066723303 ], [ 11.512745519091446, 53.917687641630977 ], [ 11.509278571826037, 53.918257950572752 ], [ 11.515435652300784, 53.923611478116833 ], [ 11.516193760272161, 53.927786542638522 ], [ 11.509815208367742, 53.928209525017749 ], [ 11.508658246213523, 53.930874474219408 ], [ 11.486518023507621, 53.934374359953857 ], [ 11.486684925749822, 53.93852600633798 ], [ 11.479831423770952, 53.93860206780537 ], [ 11.482432804304352, 53.947524952399831 ], [ 11.479821763071939, 53.961434570418412 ], [ 11.48213864755536, 53.96274457804801 ], [ 11.48297054130969, 53.964582924978849 ], [ 11.48259411184114, 53.968168392355174 ], [ 11.478541334285863, 53.967630313904543 ], [ 11.479123761115616, 53.964601998742715 ], [ 11.478281448102662, 53.964187844788043 ], [ 11.474903604521668, 53.965125363194886 ], [ 11.471539570541037, 53.96334259556987 ], [ 11.472386119523975, 53.968876300062433 ], [ 11.466817656495429, 53.969811517394405 ], [ 11.464446379639556, 53.969224511331959 ], [ 11.464076393874223, 53.967075319149899 ], [ 11.460728858903664, 53.965096903520546 ], [ 11.458964902204738, 53.962292561438822 ], [ 11.456289148201709, 53.961726583802061 ], [ 11.454962037597294, 53.962130305908339 ], [ 11.45545662889152, 53.957248363735722 ], [ 11.449248626929105, 53.957952760359063 ], [ 11.444216890746171, 53.960266360963161 ], [ 11.442004540261319, 53.964282715915438 ], [ 11.441673875518072, 53.969456305969437 ], [ 11.446493412774078, 53.974783932957756 ], [ 11.445065713731463, 53.983817584963191 ], [ 11.446129553171197, 53.993905174408418 ], [ 11.445111518583392, 53.994900749462978 ], [ 11.446820272197673, 53.996085250002885 ], [ 11.446336730334423, 53.997333234878198 ], [ 11.444489118669186, 53.997322083339014 ], [ 11.441556060124585, 53.994933038373723 ], [ 11.439636135820448, 53.994727415107235 ], [ 11.439307749278573, 53.993302762758134 ], [ 11.435493889791987, 53.991633891510396 ], [ 11.43382328370943, 53.989316127434932 ], [ 11.43134814173423, 53.988572787183543 ], [ 11.427913548023811, 53.985011412197025 ], [ 11.429723400088866, 53.985281466238753 ], [ 11.430614565519681, 53.984026901412463 ], [ 11.428595055188469, 53.98350601652016 ], [ 11.42950392676007, 53.977402010878599 ], [ 11.427973166930087, 53.976569093826981 ], [ 11.427822317384418, 53.974619926182193 ], [ 11.429817155496652, 53.969528582820878 ], [ 11.426889652142458, 53.967170121345461 ], [ 11.428892359705266, 53.96467009365044 ], [ 11.428091159207591, 53.961952225804851 ], [ 11.430918184353917, 53.962231644479978 ], [ 11.432909309027787, 53.964012257475979 ], [ 11.432463276666333, 53.962340025297223 ], [ 11.427283391123032, 53.96051710391604 ], [ 11.421007113858387, 53.961780749560042 ], [ 11.408887431318535, 53.968959218863361 ], [ 11.403290851677724, 53.968433194679641 ], [ 11.400386217164501, 53.96906736670941 ], [ 11.399322042647213, 53.970855209648143 ], [ 11.39290289077822, 53.974474325080422 ], [ 11.386387513699875, 53.968968516902855 ], [ 11.387541401046789, 53.967781561662633 ], [ 11.390649046387388, 53.967496888144694 ], [ 11.393084331066605, 53.966320804890017 ], [ 11.395721823231783, 53.967512032376113 ], [ 11.400214992835506, 53.967137974039268 ], [ 11.40741230636082, 53.967789045326619 ], [ 11.410272073403691, 53.967143023063464 ], [ 11.410282179293711, 53.966384411840096 ], [ 11.404508718368493, 53.96452642239165 ], [ 11.39938132611775, 53.964048868837345 ], [ 11.393566004161103, 53.964432120870633 ], [ 11.387462891894309, 53.966312390335034 ], [ 11.381021159414507, 53.971625101958161 ], [ 11.378256069686183, 53.975345987956786 ], [ 11.37551240917071, 53.985444880454914 ], [ 11.376035311103735, 53.989727298292372 ], [ 11.375009164395049, 53.992643641820692 ], [ 11.378126201774354, 53.997181481909692 ], [ 11.403810091363043, 54.008704348926379 ], [ 11.416353893817233, 54.011688963726428 ], [ 11.447070597398872, 54.02148291624313 ], [ 11.455745912211389, 54.02332206964072 ], [ 11.470591015965095, 54.024463129519866 ], [ 11.49171860326565, 54.022599479173145 ], [ 11.495034990370922, 54.020829270946322 ], [ 11.496065145442699, 54.018504791059819 ], [ 11.493925756692967, 54.0068331224915 ], [ 11.49213022212909, 54.005299506322935 ], [ 11.492569751991992, 54.003261869003119 ], [ 11.487921961210503, 53.998843852624425 ], [ 11.488106237212147, 54.000040432004482 ], [ 11.48686508482967, 54.000439066053097 ], [ 11.488551014015261, 54.001461980208006 ], [ 11.487494078087964, 54.003029402516958 ], [ 11.482880491683343, 54.001540784696971 ], [ 11.483400513620952, 54.004518680894748 ], [ 11.485796493357835, 54.007490436486364 ], [ 11.484489179525944, 54.00884449837195 ], [ 11.483135277498659, 54.008441480416202 ], [ 11.481649399936547, 53.999419374748648 ], [ 11.478743338279326, 53.998006952355887 ], [ 11.479549738576081, 53.981719285094783 ], [ 11.473547936695153, 53.979859843207699 ], [ 11.467988842761072, 53.972897067025343 ], [ 11.471065365040602, 53.971692258943847 ], [ 11.4792754191408, 53.970317542195694 ], [ 11.484097901667338, 53.972028128191603 ], [ 11.484575808805689, 53.974301491425187 ], [ 11.487719105279057, 53.974706168447746 ], [ 11.486161815120607, 53.9710908087267 ], [ 11.488790398005534, 53.968223926126875 ], [ 11.493568412769989, 53.970594973309964 ], [ 11.493988813661421, 53.971955066801243 ], [ 11.490876068129575, 53.976718093859574 ], [ 11.494042634385149, 53.979357276298813 ], [ 11.498694153287957, 53.981566407145401 ], [ 11.499744432553506, 53.9856476531006 ], [ 11.498446714447443, 53.988536158820217 ], [ 11.494607631580635, 53.98831862763835 ], [ 11.490405183170468, 53.993599538808375 ], [ 11.497146023351748, 53.995643249907971 ], [ 11.49940463455455, 53.999413014341528 ], [ 11.505632990718333, 54.005032885350424 ], [ 11.50958525531686, 54.011757221900709 ], [ 11.512432592862151, 54.013512850227947 ], [ 11.520280655274966, 54.016321048936618 ], [ 11.532340547087662, 54.018786563060516 ], [ 11.534626108155065, 54.020173181747701 ], [ 11.535075984300937, 54.023215435930958 ], [ 11.533757768064874, 54.025230205863231 ], [ 11.529390719106415, 54.026982453449548 ], [ 11.529903611847146, 54.02563025640768 ], [ 11.528623623841321, 54.025398755104142 ], [ 11.520973051299043, 54.025368444440296 ], [ 11.517262511219309, 54.026125552166334 ], [ 11.518531456788631, 54.029949424417005 ], [ 11.524034352108885, 54.033804483817008 ], [ 11.529494771849221, 54.033755730551675 ], [ 11.532115069969263, 54.029335038339759 ] ], [ [ 11.449060214677946, 53.868581824519957 ], [ 11.449228258400439, 53.870184566967531 ], [ 11.447962399776779, 53.871094034013339 ], [ 11.444344789085154, 53.868279134877064 ], [ 11.445814334945975, 53.867279452247317 ], [ 11.44394727931469, 53.86511351098973 ], [ 11.446317272595619, 53.864407106590598 ], [ 11.447752878507931, 53.867995228902167 ], [ 11.449060214677946, 53.868581824519957 ] ], [ [ 11.665635008069067, 53.793599110670172 ], [ 11.666014610701907, 53.791349959297925 ], [ 11.669697836715576, 53.791623196913328 ], [ 11.676803191374805, 53.789674376415164 ], [ 11.67938755478156, 53.790034835148624 ], [ 11.688371270030018, 53.784292886085161 ], [ 11.693181779079344, 53.782459698281428 ], [ 11.694253032061626, 53.782715425564803 ], [ 11.695306125106631, 53.784751625996847 ], [ 11.693285092872971, 53.788599864554499 ], [ 11.691918478360902, 53.787689567326836 ], [ 11.690022697213179, 53.788233431871191 ], [ 11.691622144040373, 53.79251394422441 ], [ 11.687435321828065, 53.793239537576071 ], [ 11.671033299255368, 53.792511145367556 ], [ 11.665635008069067, 53.793599110670172 ] ] ] ] } },
{ "type": "Feature", "properties": { "wkr": 29, "wkr_name": "Vorpommern-Greifswald II" }, "geometry": { "type": "Polygon", "coordinates": [ [ [ 13.436645119710638, 53.751500616141122 ], [ 13.424242323789599, 53.752702068346281 ], [ 13.406546073680222, 53.759393619447643 ], [ 13.391873850069695, 53.762401002655544 ], [ 13.385486328420903, 53.755037519874229 ], [ 13.377039291360898, 53.750074232424865 ], [ 13.371049944162278, 53.748200608393645 ], [ 13.36709510884338, 53.749989471661756 ], [ 13.369071004129331, 53.752085264823393 ], [ 13.365699001117994, 53.75333693867983 ], [ 13.367293709058632, 53.755155700287197 ], [ 13.360227190386951, 53.75757409942166 ], [ 13.363947098045699, 53.760446461443529 ], [ 13.374102495358152, 53.76519177065498 ], [ 13.375789946175566, 53.76676730519511 ], [ 13.37106544266436, 53.770844114228332 ], [ 13.361191858841275, 53.775642329142933 ], [ 13.359685642809799, 53.77921131638233 ], [ 13.35781264096333, 53.780715733761014 ], [ 13.354125201259031, 53.78183080599559 ], [ 13.352228983789683, 53.785376625959294 ], [ 13.343817867220393, 53.787547764422413 ], [ 13.344095915208833, 53.804260240220934 ], [ 13.352902224882023, 53.803886217922994 ], [ 13.365966683988679, 53.799878910348632 ], [ 13.376664596828698, 53.799921159899192 ], [ 13.382844428705097, 53.803015322028763 ], [ 13.383094277067045, 53.805185421672569 ], [ 13.387517635541247, 53.807323283456533 ], [ 13.387695422631388, 53.810985036819773 ], [ 13.393002358013032, 53.816210328602622 ], [ 13.392047988771589, 53.819952679757783 ], [ 13.396482771526017, 53.828180002560053 ], [ 13.396504887420798, 53.830409746121646 ], [ 13.39409670395291, 53.834357739841039 ], [ 13.381787424279286, 53.83998850413245 ], [ 13.378300093274747, 53.844847618832034 ], [ 13.371630653770184, 53.848088264736496 ], [ 13.374210187097399, 53.854583060203517 ], [ 13.378191716996515, 53.856457202448759 ], [ 13.364973438510235, 53.862884055104367 ], [ 13.38171276910515, 53.867803500656201 ], [ 13.385968178991758, 53.86708630934325 ], [ 13.390535193799808, 53.868064752865841 ], [ 13.387788808950651, 53.872369205670438 ], [ 13.379911847893601, 53.879937511696895 ], [ 13.372335529936114, 53.883367662776379 ], [ 13.372969054834179, 53.889586433805192 ], [ 13.377340112686012, 53.893526750545718 ], [ 13.387635695717998, 53.894713807151547 ], [ 13.405989936000237, 53.892442139022634 ], [ 13.406444143331342, 53.899691450774377 ], [ 13.409699075557015, 53.902405808580376 ], [ 13.40420987631291, 53.909811770788792 ], [ 13.400353796731457, 53.909134337205629 ], [ 13.394022641634651, 53.909548748541283 ], [ 13.388132052384183, 53.909025026839558 ], [ 13.382086508836659, 53.910402927981728 ], [ 13.368813206386204, 53.92134523723972 ], [ 13.365331921767046, 53.922944240707309 ], [ 13.355371682219795, 53.924097124447592 ], [ 13.34886735220233, 53.925794875781953 ], [ 13.343848047945643, 53.928415500283968 ], [ 13.338659099139095, 53.936053720246903 ], [ 13.333589387724377, 53.937994893364596 ], [ 13.323923072308704, 53.943762644164394 ], [ 13.320463017061455, 53.946809123769007 ], [ 13.31169695594679, 53.957494893973113 ], [ 13.314568718645457, 53.958154334228922 ], [ 13.321387779207132, 53.961890360660007 ], [ 13.327257344274368, 53.962512464331404 ], [ 13.335044093868525, 53.961069563878581 ], [ 13.341139792694952, 53.963470007822586 ], [ 13.338232179664226, 53.966879875907246 ], [ 13.336870874243498, 53.976567881812976 ], [ 13.338783723563008, 53.977749472796908 ], [ 13.34256612320927, 53.982997303402001 ], [ 13.342361474034538, 53.984669021991316 ], [ 13.331500709127431, 53.988220668801631 ], [ 13.332611952662651, 53.9904228124106 ], [ 13.332138349193922, 53.993099197413059 ], [ 13.325334916451817, 53.998878107247656 ], [ 13.316773178134742, 53.999630683866187 ], [ 13.319613386688923, 54.004202852046319 ], [ 13.291113428607847, 54.007772046026446 ], [ 13.290264385033744, 54.012830302119774 ], [ 13.285928936257106, 54.02101571836053 ], [ 13.283014053146145, 54.021126426752936 ], [ 13.282669200394679, 54.023770783281378 ], [ 13.275641713785776, 54.031233682602199 ], [ 13.257737210866608, 54.02977349026456 ], [ 13.252667132882696, 54.034120084326453 ], [ 13.24337851756275, 54.034847382317444 ], [ 13.239616298316834, 54.039612521064477 ], [ 13.238637994584694, 54.045592281931519 ], [ 13.239594180602047, 54.049507115805291 ], [ 13.233666831450801, 54.055744181657545 ], [ 13.234503743332631, 54.059723475824157 ], [ 13.239480943932623, 54.06270467722775 ], [ 13.242128121978293, 54.062575680346249 ], [ 13.248377002278094, 54.067667501761015 ], [ 13.264164820171302, 54.065787650639116 ], [ 13.268014058557306, 54.063813782373082 ], [ 13.278095688239201, 54.06351967513973 ], [ 13.289022640323438, 54.073021750204639 ], [ 13.260123926830866, 54.082756819902727 ], [ 13.258055061375545, 54.084407139056481 ], [ 13.247991354512106, 54.10021475117437 ], [ 13.245741006863774, 54.101621099508492 ], [ 13.239495838030903, 54.102383780802562 ], [ 13.237759140452432, 54.103672261819355 ], [ 13.225506520207613, 54.105044446600587 ], [ 13.218689290966523, 54.111702326386599 ], [ 13.216367211875459, 54.117527605710947 ], [ 13.217965429686936, 54.119287286440361 ], [ 13.22263538852245, 54.120540106561158 ], [ 13.236959192856668, 54.120291295139637 ], [ 13.239733231166865, 54.121778009816602 ], [ 13.242747915210428, 54.12042107829518 ], [ 13.246535290405458, 54.120120983398621 ], [ 13.244491469693497, 54.122695773950809 ], [ 13.252951656213385, 54.128776457655647 ], [ 13.2599340630534, 54.130587999241456 ], [ 13.271105288516733, 54.132218529332533 ], [ 13.290721041239674, 54.133895143337277 ], [ 13.290102524347011, 54.13651892340021 ], [ 13.291472490612241, 54.139499730011934 ], [ 13.287497616381504, 54.144505121054898 ], [ 13.287488666336509, 54.149075007016741 ], [ 13.292732870316813, 54.150381023089615 ], [ 13.287867464538211, 54.159160267439624 ], [ 13.288830261764659, 54.165341654080898 ], [ 13.29181567417656, 54.167607805094804 ], [ 13.298190621589395, 54.178266437109059 ], [ 13.308870777463831, 54.186495101396929 ], [ 13.319939960681909, 54.193354575032224 ], [ 13.322454323464539, 54.190588186009265 ], [ 13.324533747306937, 54.185723895108822 ], [ 13.328055181204807, 54.182988879968207 ], [ 13.333154469682153, 54.182457178179774 ], [ 13.331382405754873, 54.178255454900217 ], [ 13.332254872324917, 54.177022958889587 ], [ 13.336880766443164, 54.176522053074009 ], [ 13.337238615473002, 54.175774533816764 ], [ 13.341151697687179, 54.175130383333816 ], [ 13.340924501557279, 54.173693989597474 ], [ 13.335798211499029, 54.173768734600749 ], [ 13.334838986510842, 54.171308195662597 ], [ 13.331179656570296, 54.170386718878653 ], [ 13.332009865461046, 54.169152118198525 ], [ 13.31711550077422, 54.160694496873155 ], [ 13.318648621211858, 54.15977902831002 ], [ 13.322578169262384, 54.160072364253743 ], [ 13.327189644618127, 54.16358741692823 ], [ 13.330348443562738, 54.164591013587604 ], [ 13.334101936319309, 54.164662730798852 ], [ 13.337561619414393, 54.167549210175011 ], [ 13.342036747428164, 54.167108086843406 ], [ 13.343493322047934, 54.165813148101293 ], [ 13.345768848899187, 54.165287805748271 ], [ 13.348393596583071, 54.165780078825769 ], [ 13.349967808546939, 54.167751111403241 ], [ 13.356620508467417, 54.168222548815834 ], [ 13.357230336099963, 54.170200039155091 ], [ 13.361888559794446, 54.170482553022907 ], [ 13.367698375525572, 54.17223311171729 ], [ 13.373987971405715, 54.176089758624705 ], [ 13.378694643234986, 54.177207167478393 ], [ 13.386418885893692, 54.175681086709446 ], [ 13.395083613923346, 54.170604637078988 ], [ 13.398703208762345, 54.169549596969652 ], [ 13.403480353407881, 54.170007251083419 ], [ 13.407414849703072, 54.168819419971392 ], [ 13.408888684835716, 54.166442842643121 ], [ 13.407193217988558, 54.16230536159712 ], [ 13.395410549196828, 54.159624562025378 ], [ 13.395806434025271, 54.158594887248128 ], [ 13.39050884004814, 54.156413046528456 ], [ 13.389125606898126, 54.154677097401418 ], [ 13.381687022761644, 54.15219080086154 ], [ 13.381527035059175, 54.147932106791735 ], [ 13.383548109715635, 54.143089513213084 ], [ 13.389475362977532, 54.142881173930718 ], [ 13.40030310633052, 54.146623129359853 ], [ 13.404423803462954, 54.150940910665788 ], [ 13.405804146780017, 54.154512300244384 ], [ 13.410850591180637, 54.156201150295047 ], [ 13.411381910636152, 54.155622095174778 ], [ 13.407571222789027, 54.152272985976794 ], [ 13.409621985201827, 54.150777370315765 ], [ 13.409513445836382, 54.149625529417584 ], [ 13.406190844719081, 54.14833536350713 ], [ 13.406743824649954, 54.147151762525247 ], [ 13.411891996376445, 54.14645375228281 ], [ 13.417572086259518, 54.142231191156768 ], [ 13.420449474829438, 54.141807342839982 ], [ 13.4204632001848, 54.140654740464704 ], [ 13.426395812282585, 54.138943657759491 ], [ 13.432226317549032, 54.131303766240421 ], [ 13.434987225487017, 54.129485573033854 ], [ 13.438185664157476, 54.124039481239649 ], [ 13.440357935815271, 54.122643993877027 ], [ 13.439322599393984, 54.121411530615703 ], [ 13.432185785852731, 54.119838366629899 ], [ 13.42825810086485, 54.118083767899059 ], [ 13.416013684430657, 54.122472512716335 ], [ 13.413484427747033, 54.122307425277612 ], [ 13.413574374885316, 54.120717363887884 ], [ 13.407281870996192, 54.119579553523401 ], [ 13.410098150626109, 54.113398271957294 ], [ 13.404329552932579, 54.114026864767816 ], [ 13.396263025636982, 54.10753769992413 ], [ 13.388936434255447, 54.109174134332001 ], [ 13.381421247519537, 54.106668506116172 ], [ 13.38082418731056, 54.102810001912076 ], [ 13.378451953879933, 54.102377727992241 ], [ 13.374861679241455, 54.10835925454068 ], [ 13.371626774214274, 54.108911913702137 ], [ 13.370941698016624, 54.106613747972411 ], [ 13.364074706341182, 54.106798549720246 ], [ 13.369490550460942, 54.099121772597776 ], [ 13.341629949680614, 54.099550953338053 ], [ 13.338520981286486, 54.097920481032816 ], [ 13.334211431959739, 54.093094068896306 ], [ 13.321791769209213, 54.091989956650089 ], [ 13.321768203383785, 54.086166521559882 ], [ 13.319363333183558, 54.084704043624313 ], [ 13.336474028204677, 54.080577962404128 ], [ 13.335595309393296, 54.078609278419322 ], [ 13.353193890973762, 54.076874197834783 ], [ 13.355083762318046, 54.077959991732627 ], [ 13.354716735617604, 54.079683669344192 ], [ 13.358167592313778, 54.080668733750848 ], [ 13.359712346306594, 54.078231602603857 ], [ 13.358068757154317, 54.077196600354995 ], [ 13.359856530684104, 54.072418772446014 ], [ 13.357957445784566, 54.070296728506946 ], [ 13.361643013066315, 54.069308038241857 ], [ 13.358560105929788, 54.064721265692995 ], [ 13.36210430623114, 54.063943977843024 ], [ 13.361345183488497, 54.061520472382917 ], [ 13.37765831222042, 54.059831069671041 ], [ 13.392810077008793, 54.060444533741624 ], [ 13.401769503095297, 54.059393885996187 ], [ 13.408818737237848, 54.070007763091063 ], [ 13.433307688412061, 54.060421090169392 ], [ 13.44032041366351, 54.056451648648995 ], [ 13.45577564076415, 54.056112813429444 ], [ 13.455915762250957, 54.059133769395928 ], [ 13.453222918503355, 54.060489223736191 ], [ 13.453236161411121, 54.064503359291209 ], [ 13.461295927997146, 54.061293937509305 ], [ 13.479566184415269, 54.061885048104443 ], [ 13.483251730747574, 54.05938640758761 ], [ 13.488427004270422, 54.057745268746508 ], [ 13.490387714372098, 54.054410441309841 ], [ 13.496986859320264, 54.055331051532093 ], [ 13.495654239812543, 54.059424722199083 ], [ 13.50230057318325, 54.066477134484067 ], [ 13.505732476516007, 54.065411133396829 ], [ 13.505921640862198, 54.063874953352538 ], [ 13.512287455547307, 54.059621142500212 ], [ 13.516256481191053, 54.059653653367704 ], [ 13.520180933071265, 54.057821458012619 ], [ 13.521611689917949, 54.056007576784879 ], [ 13.539175739190991, 54.050856783851678 ], [ 13.538520325646779, 54.047260733383666 ], [ 13.5178778786099, 54.042160767659929 ], [ 13.511945082863992, 54.034229881079085 ], [ 13.512385656253144, 54.033437576814926 ], [ 13.520785132300816, 54.033639026145657 ], [ 13.523296530001748, 54.036352800444305 ], [ 13.528518611206971, 54.035248974605729 ], [ 13.534105939089731, 54.033157667779889 ], [ 13.534756782356389, 54.029860284765228 ], [ 13.550525493526182, 54.025123410392062 ], [ 13.552933748377187, 54.028857605275718 ], [ 13.552275870207684, 54.029582159452858 ], [ 13.555402891613014, 54.031957462084115 ], [ 13.562363495921316, 54.034369430165796 ], [ 13.564307644157527, 54.036577405526451 ], [ 13.570487102423462, 54.038532822929881 ], [ 13.577916247156326, 54.033691307666196 ], [ 13.576836056247869, 54.032024456084798 ], [ 13.582709824294451, 54.029146420641673 ], [ 13.584466005827542, 54.029025416308762 ], [ 13.585859314503006, 54.030833437404524 ], [ 13.593660582601023, 54.030674648330731 ], [ 13.604750620617072, 54.028575203404898 ], [ 13.61070354881671, 54.030030300994987 ], [ 13.61227891670026, 54.020985351507285 ], [ 13.62654584419653, 54.018139866479558 ], [ 13.628108874307069, 54.017578903635439 ], [ 13.62746183444081, 54.015666000525471 ], [ 13.648437868412776, 54.014002713721261 ], [ 13.649260040100502, 54.014781584292713 ], [ 13.646360302686508, 54.01947787857511 ], [ 13.652462108740638, 54.019214193626667 ], [ 13.658285910469335, 54.015852100805319 ], [ 13.648508605738156, 54.011643107548871 ], [ 13.649574803817742, 54.009926793563793 ], [ 13.639622194553766, 54.005922765931921 ], [ 13.645461738957502, 54.001850898835436 ], [ 13.649085210184388, 54.002840222663032 ], [ 13.652122948157036, 53.998856505520727 ], [ 13.65514010497386, 53.992133226451756 ], [ 13.648737883011218, 53.991025598947878 ], [ 13.657005725591242, 53.988617797933699 ], [ 13.660653610056793, 53.988918686634776 ], [ 13.663978723394353, 53.990161819013643 ], [ 13.673352681891782, 53.985181168971039 ], [ 13.67968657940674, 53.979129188977794 ], [ 13.688302434520564, 53.976498474973411 ], [ 13.687700632199933, 53.988312710230197 ], [ 13.692711560929435, 53.988152626181652 ], [ 13.693898809622207, 53.982906397219729 ], [ 13.698180381380856, 53.974094827750555 ], [ 13.700666165943879, 53.971731409617732 ], [ 13.706230248885026, 53.968865906870427 ], [ 13.708959672006589, 53.968209923855547 ], [ 13.717888627459406, 53.968321746817345 ], [ 13.724345845430625, 53.966730331891874 ], [ 13.724458675198969, 53.964095382373408 ], [ 13.740256756666231, 53.963831556383433 ], [ 13.759353860966934, 53.960669029136525 ], [ 13.74822620617641, 53.946585390554915 ], [ 13.759420372171052, 53.942855922371322 ], [ 13.761150719865329, 53.938336511401616 ], [ 13.7651992950272, 53.93384234830414 ], [ 13.768730290261969, 53.932166030041159 ], [ 13.773687542786485, 53.935419916852346 ], [ 13.77876744275196, 53.936036604262675 ], [ 13.786469391205337, 53.935513379090622 ], [ 13.801844924548153, 53.930363520266241 ], [ 13.823776069745405, 53.937159940892649 ], [ 13.829918282094994, 53.930900002956356 ], [ 13.819613879913399, 53.927950829457252 ], [ 13.821931962261635, 53.92478101530758 ], [ 13.819440897568922, 53.922778570867543 ], [ 13.818678783447361, 53.919441027161646 ], [ 13.812129520204881, 53.908682725066846 ], [ 13.8075874203171, 53.896084004406376 ], [ 13.812460506640399, 53.891602666913663 ], [ 13.816195072611407, 53.889686123860344 ], [ 13.826771120440958, 53.877356775577333 ], [ 13.825036542293118, 53.876538661363881 ], [ 13.822299371438602, 53.872028878815485 ], [ 13.825424778578183, 53.865511487983468 ], [ 13.824810203818966, 53.864809254459779 ], [ 13.813286454567452, 53.862176741680059 ], [ 13.806983892841476, 53.859404612906836 ], [ 13.806875421057903, 53.8585411054543 ], [ 13.809921457764721, 53.857886685928428 ], [ 13.808736365527873, 53.856428826422878 ], [ 13.80988336461674, 53.855281354953235 ], [ 13.814425279243125, 53.853968394711416 ], [ 13.817328413055723, 53.851174248191192 ], [ 13.814195210758518, 53.84775635266206 ], [ 13.814536861997981, 53.846162731262218 ], [ 13.821189543595034, 53.846914441657241 ], [ 13.821248643120288, 53.84601444042179 ], [ 13.816395955555542, 53.843708957268497 ], [ 13.819422410209064, 53.842263678891278 ], [ 13.824156506169214, 53.842979678369318 ], [ 13.827196030566165, 53.844555780282519 ], [ 13.834136520311317, 53.844479972729907 ], [ 13.841984995933093, 53.84328822639749 ], [ 13.846293151062596, 53.843801948779991 ], [ 13.850853327211444, 53.843399377411806 ], [ 13.856332569457585, 53.840080416728789 ], [ 13.868264327933769, 53.835720357808334 ], [ 13.873480690405517, 53.8319254387455 ], [ 13.874093063373977, 53.830767924638884 ], [ 13.871909059383924, 53.828123895019388 ], [ 13.872130571119634, 53.826547417462571 ], [ 13.874038865419923, 53.824638797310151 ], [ 13.875148239300877, 53.82039103770186 ], [ 13.882397019519971, 53.818185024528212 ], [ 13.88349120706118, 53.816293342884499 ], [ 13.888715057198027, 53.813824885345177 ], [ 13.891537983073635, 53.809833031286573 ], [ 13.895299279541847, 53.807806702207827 ], [ 13.900099585440143, 53.803340073798758 ], [ 13.907195220162931, 53.801912215843537 ], [ 13.913225534303633, 53.80627797753818 ], [ 13.9155907807798, 53.8066790434425 ], [ 13.917651678061132, 53.80562824978302 ], [ 13.918144458611435, 53.802284381458087 ], [ 13.921034489835943, 53.800732565551243 ], [ 13.922513336482087, 53.797691997325366 ], [ 13.932342308590345, 53.797717623920065 ], [ 13.935563747473658, 53.794972906348427 ], [ 13.937330748294817, 53.791159602848893 ], [ 13.939981088408572, 53.790770574436458 ], [ 13.944332383119502, 53.787900912178856 ], [ 13.94138135559788, 53.784477291517334 ], [ 13.94099965974987, 53.78110675842062 ], [ 13.939464053170258, 53.779618745852083 ], [ 13.927060307871859, 53.779809636887016 ], [ 13.90609749602964, 53.786611574170728 ], [ 13.909204940991094, 53.79789083658391 ], [ 13.906368538040315, 53.798260591108161 ], [ 13.90583423872596, 53.795707193148274 ], [ 13.885768497449906, 53.796065362088122 ], [ 13.867210805296446, 53.793859459552635 ], [ 13.867542542768939, 53.776202850482647 ], [ 13.850664671596469, 53.774346672524509 ], [ 13.833553647530278, 53.77550079230393 ], [ 13.831259121317837, 53.772486513265513 ], [ 13.831090971173159, 53.770080500507717 ], [ 13.826667773354753, 53.766812532982584 ], [ 13.828091630340086, 53.763658769804991 ], [ 13.83172509058287, 53.761186868401602 ], [ 13.861286657443978, 53.7550925801171 ], [ 13.877600262132331, 53.755598910360064 ], [ 13.888570879411285, 53.754394893438352 ], [ 13.887062520713345, 53.751854525000198 ], [ 13.882933020629613, 53.749389027817628 ], [ 13.879859861257742, 53.745102308259291 ], [ 13.869067884181739, 53.736167298431475 ], [ 13.868413107004294, 53.732991018494573 ], [ 13.863803404066374, 53.727846885715955 ], [ 13.861257566989027, 53.722052143479402 ], [ 13.858661773396317, 53.720854142518768 ], [ 13.847367751875289, 53.718359512657251 ], [ 13.824926921935875, 53.718359904352234 ], [ 13.820393132525028, 53.72231522768368 ], [ 13.80647159771109, 53.727440259685913 ], [ 13.799022513229685, 53.728609775070382 ], [ 13.787577427867685, 53.721855215449615 ], [ 13.780810871310457, 53.719977616276338 ], [ 13.763610657664886, 53.719574552900518 ], [ 13.762356150894441, 53.715489144437825 ], [ 13.769203427500125, 53.716168941486096 ], [ 13.774936125371989, 53.714855871458248 ], [ 13.770677738910186, 53.712723853803688 ], [ 13.761604736977473, 53.712018659371743 ], [ 13.756071004114208, 53.709752471728258 ], [ 13.751907754124616, 53.708965114783986 ], [ 13.748732307591931, 53.706082330355763 ], [ 13.740782385423348, 53.702230706207153 ], [ 13.733853450223565, 53.693006198326763 ], [ 13.725703710598502, 53.696062673865171 ], [ 13.709933925360817, 53.698986274899241 ], [ 13.699872915756234, 53.699083527858846 ], [ 13.691386049104855, 53.697297230652907 ], [ 13.679603163865734, 53.696839162072969 ], [ 13.65718573113146, 53.698064902984392 ], [ 13.646435458736793, 53.700083322541062 ], [ 13.642774751894397, 53.703978396401631 ], [ 13.597077347358823, 53.700466816403178 ], [ 13.554902378852489, 53.694711356374576 ], [ 13.544956009937241, 53.697264711465692 ], [ 13.542418271673668, 53.699665737412666 ], [ 13.539552788486432, 53.700332858015742 ], [ 13.53155254047117, 53.706762660960514 ], [ 13.523204472061872, 53.715963445972328 ], [ 13.523739999646146, 53.721389779425373 ], [ 13.526524750378401, 53.722368997697622 ], [ 13.525490305284508, 53.726441845213955 ], [ 13.52132278499279, 53.728234007707911 ], [ 13.515970104847693, 53.733231337484682 ], [ 13.518242518229645, 53.734463398076095 ], [ 13.515111116178163, 53.736777017227148 ], [ 13.511334410911688, 53.73729320862045 ], [ 13.508058767336079, 53.739116215633821 ], [ 13.503596979078315, 53.742728263899807 ], [ 13.493363586416564, 53.744685205246668 ], [ 13.470920032021798, 53.746611146036969 ], [ 13.466359147428816, 53.748468678734476 ], [ 13.456201135332284, 53.748608686412844 ], [ 13.445971367428845, 53.750306187825444 ], [ 13.445457780982176, 53.74811025895643 ], [ 13.438597876020605, 53.749280441079378 ], [ 13.436645119710638, 53.751500616141122 ] ] ] } },
{ "type": "Feature", "properties": { "wkr": 30, "wkr_name": "Vorpommern-Greifswald III" }, "geometry": { "type": "MultiPolygon", "coordinates": [ [ [ [ 13.960501322695283, 53.941312060098184 ], [ 13.958177520603893, 53.941416198932714 ], [ 13.957710421439574, 53.942792638899967 ], [ 13.959744619687845, 53.943683040733646 ], [ 13.960501322695283, 53.941312060098184 ] ] ], [ [ [ 14.028960761382619, 53.947777696096168 ], [ 14.0278891623775, 53.947112384954892 ], [ 14.02406722634454, 53.949749094227251 ], [ 14.02476362207134, 53.95174507857832 ], [ 14.027760777008169, 53.950750267941459 ], [ 14.028960761382619, 53.947777696096168 ] ] ], [ [ [ 13.78521000247542, 54.053733677001276 ], [ 13.780400852594017, 54.056617628138 ], [ 13.780153895739547, 54.057674112855885 ], [ 13.781202076671065, 54.058108100154307 ], [ 13.783790156014909, 54.05679342492504 ], [ 13.78521000247542, 54.053733677001276 ] ] ], [ [ [ 13.805051382618711, 54.080696781763464 ], [ 13.804419589747411, 54.079161940300878 ], [ 13.802075510996424, 54.08098444861259 ], [ 13.803432242228451, 54.084862149795491 ], [ 13.804818162082366, 54.085063183151604 ], [ 13.806322849713316, 54.084276444168651 ], [ 13.803777601317435, 54.081907997779986 ], [ 13.805051382618711, 54.080696781763464 ] ] ], [ [ [ 13.80657026028636, 54.096325252284082 ], [ 13.804631772539169, 54.094952607122146 ], [ 13.804799654848367, 54.09905185359257 ], [ 13.802373115491358, 54.10259653334483 ], [ 13.798622822171859, 54.105626995227887 ], [ 13.794334664462049, 54.107465369476365 ], [ 13.798461736172031, 54.107118571964612 ], [ 13.803783647811063, 54.104954570750081 ], [ 13.808578793121074, 54.100101615019376 ], [ 13.80657026028636, 54.096325252284082 ] ] ], [ [ [ 13.769456962676559, 54.122534555556967 ], [ 13.774614940762563, 54.117721962595219 ], [ 13.781678574703825, 54.114761300219413 ], [ 13.783833767119477, 54.111905313867091 ], [ 13.790079203381126, 54.109004223532509 ], [ 13.78673629866919, 54.108227918040946 ], [ 13.777125679097825, 54.11088504751946 ], [ 13.772133079627512, 54.114028620634215 ], [ 13.766450960948932, 54.121401411476846 ], [ 13.765912727982093, 54.120672086150869 ], [ 13.763505010185936, 54.12087429412599 ], [ 13.763375937470604, 54.123736127749346 ], [ 13.765838615031543, 54.123964692729523 ], [ 13.766172942803056, 54.125048842471138 ], [ 13.761572572802525, 54.125502818146934 ], [ 13.762330797362322, 54.126304015354002 ], [ 13.764549417423293, 54.127065537944063 ], [ 13.768244214816901, 54.126647871871654 ], [ 13.769456962676559, 54.122534555556967 ] ] ], [ [ [ 13.726697379337985, 54.14091609917454 ], [ 13.733865829029865, 54.135907863334793 ], [ 13.746159134107891, 54.139379897022813 ], [ 13.749695934412767, 54.139402524054006 ], [ 13.747136215774244, 54.137329681869119 ], [ 13.746855589115105, 54.135193325463867 ], [ 13.753557953888551, 54.131231329286962 ], [ 13.762461063212362, 54.127731721539277 ], [ 13.75317312485331, 54.122312069206814 ], [ 13.756052915086912, 54.119694142784368 ], [ 13.758720687631381, 54.118844522997222 ], [ 13.762799900804174, 54.119928673853927 ], [ 13.765220348428286, 54.119382577628507 ], [ 13.775256468675801, 54.110023505315326 ], [ 13.779305046476882, 54.108577139729206 ], [ 13.783929570552734, 54.10721902653664 ], [ 13.788620476910229, 54.10717905502559 ], [ 13.790886052622803, 54.107991303896455 ], [ 13.796111221199657, 54.10577702289639 ], [ 13.800188489590736, 54.103302706074274 ], [ 13.803963536006851, 54.097343864254398 ], [ 13.794760713521484, 54.088522036795894 ], [ 13.7937778299634, 54.084984103143853 ], [ 13.7952674256102, 54.080301152889774 ], [ 13.794723008166008, 54.077100192993356 ], [ 13.789816045670337, 54.071529378358107 ], [ 13.790569403992947, 54.06486762323518 ], [ 13.787004171995495, 54.063320769140134 ], [ 13.785156040457645, 54.065625440323593 ], [ 13.774176548029605, 54.060123957312456 ], [ 13.774384186836686, 54.05863869459548 ], [ 13.780905785762146, 54.054620530435933 ], [ 13.784186158097162, 54.051142511995401 ], [ 13.781802957516941, 54.048386625735787 ], [ 13.778784898248832, 54.045541683092239 ], [ 13.770763258807106, 54.042492257209325 ], [ 13.763340061609155, 54.03640703201453 ], [ 13.759137540611194, 54.035002963125301 ], [ 13.748349804488814, 54.033834229604139 ], [ 13.744129890066494, 54.03233093589288 ], [ 13.742622848551422, 54.031402560770637 ], [ 13.743902645276094, 54.030297348970485 ], [ 13.743784824608927, 54.028588625105151 ], [ 13.751266320559465, 54.026164406923975 ], [ 13.756705075217232, 54.02824150626747 ], [ 13.760684715569028, 54.017629725998042 ], [ 13.760154597516415, 54.015680799181887 ], [ 13.768758110918428, 54.010785665916174 ], [ 13.773335046623192, 54.009974320173079 ], [ 13.782781211421089, 54.002626727294505 ], [ 13.784232368979287, 54.002672314276637 ], [ 13.79176925643956, 53.999016568452554 ], [ 13.79687375026157, 53.995373882252331 ], [ 13.806441208321607, 53.99574591426564 ], [ 13.812235631855726, 53.99489315564086 ], [ 13.822607678119802, 53.98809880275698 ], [ 13.833621873387044, 53.984357450637837 ], [ 13.835470885181053, 53.983117860736201 ], [ 13.840255004033486, 53.975945295265412 ], [ 13.853762934218539, 53.964940121885483 ], [ 13.853083785597519, 53.96318280632606 ], [ 13.855017560556266, 53.960540097851286 ], [ 13.851801371790311, 53.956952044590928 ], [ 13.851889256996543, 53.954223064724737 ], [ 13.857397744532559, 53.950436122354354 ], [ 13.859149819706246, 53.95084176788199 ], [ 13.866460163033063, 53.950084823959529 ], [ 13.869345664670144, 53.952382992369813 ], [ 13.881118652694614, 53.949918156511558 ], [ 13.883226299868115, 53.948067366407372 ], [ 13.883892664533116, 53.944740049452264 ], [ 13.891936388614297, 53.943790951448776 ], [ 13.894564089960923, 53.942450240862527 ], [ 13.89767650040919, 53.936663447134777 ], [ 13.907808176088801, 53.930640995799045 ], [ 13.914323729534056, 53.922066435137481 ], [ 13.914017945138511, 53.919950419601918 ], [ 13.911292049936005, 53.916684630751426 ], [ 13.901339706634493, 53.910392393765029 ], [ 13.899418819104335, 53.909957778318521 ], [ 13.896605390802609, 53.910659637781357 ], [ 13.891442632344079, 53.910597524645269 ], [ 13.887189855530734, 53.909973938539459 ], [ 13.877310371235451, 53.905824652216559 ], [ 13.871054200582259, 53.90217789162925 ], [ 13.864003698604975, 53.899978509159901 ], [ 13.86350311776895, 53.898423323491201 ], [ 13.858615429452946, 53.895739034657652 ], [ 13.854647567650696, 53.892247069783267 ], [ 13.850669040647608, 53.887527123780181 ], [ 13.849213536699153, 53.880274446378273 ], [ 13.84834210667667, 53.878975395579374 ], [ 13.844814067233704, 53.877481082872933 ], [ 13.841940025445146, 53.87855889313861 ], [ 13.839918139130791, 53.878122551753002 ], [ 13.83483040280095, 53.878638891715866 ], [ 13.826771260643461, 53.877361268536447 ], [ 13.816195211700865, 53.889690616816956 ], [ 13.812460645332452, 53.891607159871079 ], [ 13.807587558493832, 53.896088497363458 ], [ 13.81212965889031, 53.908687218012176 ], [ 13.818678922854337, 53.91944552009538 ], [ 13.819441037063486, 53.922783063798384 ], [ 13.821932102027239, 53.924785508235473 ], [ 13.819614019435452, 53.927955322384271 ], [ 13.829918422729259, 53.930904495874977 ], [ 13.823776209730646, 53.937164433810523 ], [ 13.801845062165299, 53.930368013201999 ], [ 13.786469527178784, 53.935517872031369 ], [ 13.778767577898574, 53.936041097207237 ], [ 13.773687677386253, 53.935424409800184 ], [ 13.768730424324055, 53.93217052299395 ], [ 13.765199428712428, 53.933846841257591 ], [ 13.761150853122242, 53.938341004353944 ], [ 13.759420505248746, 53.942860415321285 ], [ 13.748226338056206, 53.946589883507926 ], [ 13.759353994064021, 53.960673522073755 ], [ 13.740256887713709, 53.963836049328087 ], [ 13.724458804547368, 53.964099875325445 ], [ 13.724345974770454, 53.966734824842092 ], [ 13.717888756106648, 53.968326239769482 ], [ 13.708959799693019, 53.968214416811804 ], [ 13.706230376278622, 53.968870399827487 ], [ 13.700666292742422, 53.971735902575148 ], [ 13.698180507914875, 53.974099320707346 ], [ 13.693898935706379, 53.982910890172022 ], [ 13.692711686892252, 53.988157119130776 ], [ 13.687700757623405, 53.988317203181317 ], [ 13.688302559994494, 53.976502967932731 ], [ 13.679686703956488, 53.979133681938841 ], [ 13.673352805766775, 53.985185661930302 ], [ 13.663978846265728, 53.99016631197307 ], [ 13.660653732568768, 53.98892317959637 ], [ 13.65700584771008, 53.988622290896899 ], [ 13.648738004242386, 53.991030091912457 ], [ 13.655140226895654, 53.992137719413186 ], [ 13.65212306976113, 53.99886099847842 ], [ 13.649085331465489, 54.002844715619048 ], [ 13.645461859847211, 54.00185539179347 ], [ 13.639622314818574, 54.005927258889187 ], [ 13.649574925159161, 54.009931286514529 ], [ 13.648508726966496, 54.011647600498833 ], [ 13.658286032755944, 54.015856593748559 ], [ 13.652462230403188, 54.019218686569737 ], [ 13.646360423691585, 54.019482371520247 ], [ 13.649260161413167, 54.014786077240153 ], [ 13.648437989635992, 54.014007206669575 ], [ 13.627461953404971, 54.015670493479959 ], [ 13.628108993342844, 54.01758339658835 ], [ 13.626545963064387, 54.018144359432647 ], [ 13.612279034032897, 54.020989844463031 ], [ 13.61070366598776, 54.030034793944736 ], [ 13.604750737144867, 54.028579696357596 ], [ 13.593660697934714, 54.030679141285297 ], [ 13.585859371749294, 54.030835683882906 ], [ 13.584466120168335, 54.029029909267109 ], [ 13.58270993844598, 54.029150913600404 ], [ 13.576836169768226, 54.032028949043159 ], [ 13.577916360794484, 54.033695800623015 ], [ 13.570487215264029, 54.038537315885264 ], [ 13.564307756330059, 54.036581898484833 ], [ 13.562363607882531, 54.034373923126203 ], [ 13.555403002821782, 54.031961955047954 ], [ 13.552275981077594, 54.029586652419184 ], [ 13.552933859317546, 54.028862098242371 ], [ 13.550525604204326, 54.025127903361906 ], [ 13.534756891337206, 54.029864777735277 ], [ 13.534106048002389, 54.0331621607477 ], [ 13.52851871951826, 54.035253467573263 ], [ 13.523296637750382, 54.036357293412095 ], [ 13.520785239777059, 54.033643519115877 ], [ 13.512385762823337, 54.033442069786851 ], [ 13.511945189387067, 54.034234374050513 ], [ 13.517877985777249, 54.042165260624643 ], [ 13.538520435044466, 54.047265226340471 ], [ 13.53917584866166, 54.050861276805819 ], [ 13.521611797495972, 54.056012069739012 ], [ 13.520181040495842, 54.0578259509658 ], [ 13.516256588192974, 54.059658146320267 ], [ 13.512287562120738, 54.059625635453507 ], [ 13.505921746750522, 54.063879446304078 ], [ 13.505732582384697, 54.065415626347232 ], [ 13.502300678681818, 54.066481627434307 ], [ 13.501491182151064, 54.075031866296548 ], [ 13.497900636641187, 54.076832633951234 ], [ 13.502635418727877, 54.084070734600182 ], [ 13.505644698005906, 54.082516248097207 ], [ 13.507059685445594, 54.083053035094423 ], [ 13.506792946980289, 54.085850336681709 ], [ 13.503193660092311, 54.088000607879813 ], [ 13.501307672244067, 54.087826242702072 ], [ 13.500047867802447, 54.090672846541842 ], [ 13.48807389526781, 54.099837124579047 ], [ 13.482854921820589, 54.111665617707011 ], [ 13.478612004429582, 54.113923444442037 ], [ 13.476836318286447, 54.115885460213818 ], [ 13.476459501576228, 54.118146519833338 ], [ 13.478160225973543, 54.119438570483538 ], [ 13.492704840191786, 54.125021383354223 ], [ 13.503379931117504, 54.127097276126236 ], [ 13.526887201511725, 54.129947423006456 ], [ 13.529225455089211, 54.131094320855198 ], [ 13.545613724790515, 54.130078893081674 ], [ 13.557920894597482, 54.130365604871592 ], [ 13.580390097135474, 54.132331330770356 ], [ 13.622353505926466, 54.139717394096117 ], [ 13.636811046949356, 54.14488401210285 ], [ 13.648942944684817, 54.152690431098193 ], [ 13.677843985319653, 54.162777728940171 ], [ 13.686839486410802, 54.168048779890931 ], [ 13.695457772475908, 54.171803841042589 ], [ 13.698588484822823, 54.17241174270908 ], [ 13.706351801709319, 54.171606044387623 ], [ 13.711839581009487, 54.169298817405114 ], [ 13.718171921360712, 54.163866257323114 ], [ 13.717833924663537, 54.163026910483126 ], [ 13.71453906504356, 54.162558225199881 ], [ 13.710956125975631, 54.160168757337672 ], [ 13.700492015266786, 54.159084240826381 ], [ 13.695796757521901, 54.157806253696698 ], [ 13.697656858702498, 54.154923254135362 ], [ 13.696756663026862, 54.151626653187158 ], [ 13.697831978204249, 54.149301825579222 ], [ 13.718060312293723, 54.144686588197331 ], [ 13.726697379337985, 54.14091609917454 ] ] ], [ [ [ 13.813709993186036, 54.16999722397523 ], [ 13.810671508043857, 54.170598785502285 ], [ 13.80728790507621, 54.173158135048787 ], [ 13.808344897153329, 54.174025570901478 ], [ 13.813362491779355, 54.1741205631618 ], [ 13.813709993186036, 54.16999722397523 ] ] ], [ [ [ 13.826887174776648, 54.140273684511357 ], [ 13.840889583858081, 54.124583185731176 ], [ 13.855585349673909, 54.113092201133782 ], [ 13.877772913448295, 54.099297683749015 ], [ 13.889313863862309, 54.093266784782863 ], [ 13.920888222629433, 54.080429897792087 ], [ 13.943095182021676, 54.073895756638528 ], [ 13.970778380625196, 54.069316540306517 ], [ 14.001770825782209, 54.05888092102996 ], [ 14.01575336979062, 54.052912007876728 ], [ 14.050993747597451, 54.028926865224783 ], [ 14.088920971201114, 54.006968839427344 ], [ 14.13359591689458, 53.982440596809163 ], [ 14.153643041938034, 53.968259300013571 ], [ 14.168703491327749, 53.959207571618244 ], [ 14.182484683761054, 53.948238155597373 ], [ 14.205999278952824, 53.9363286845727 ], [ 14.226673529397731, 53.928457684714729 ], [ 14.215578964917521, 53.921039823924687 ], [ 14.207236600462215, 53.916877589745496 ], [ 14.196322083497185, 53.915585181705936 ], [ 14.187938219383019, 53.91593493719413 ], [ 14.186296755399757, 53.914865347907536 ], [ 14.185443310296998, 53.912358415345729 ], [ 14.197044282186122, 53.911984391067207 ], [ 14.205956633723874, 53.910319127604843 ], [ 14.203767391518841, 53.907349710895687 ], [ 14.212499185239061, 53.900675542842215 ], [ 14.214675065645439, 53.880899950456751 ], [ 14.213370121042516, 53.866713183439231 ], [ 14.205232437440367, 53.866732892128518 ], [ 14.199981079579661, 53.870047964372624 ], [ 14.191472269756449, 53.873022623768257 ], [ 14.176960590873428, 53.871139265523325 ], [ 14.175594429252456, 53.872318597586229 ], [ 14.165609504001555, 53.872374691794718 ], [ 14.161920330848108, 53.871593510769024 ], [ 14.15535869221476, 53.872145885119323 ], [ 14.148989070459516, 53.87176931510507 ], [ 14.141466916873629, 53.870441732489077 ], [ 14.126694759660113, 53.87175281297614 ], [ 14.121091900198202, 53.87006125763115 ], [ 14.116982583971582, 53.869870042251293 ], [ 14.099583803688315, 53.87096276477002 ], [ 14.091397396894431, 53.87394676717053 ], [ 14.088049080642394, 53.87389741682825 ], [ 14.084665995261959, 53.874787440798087 ], [ 14.077379470495298, 53.872218682462147 ], [ 14.062697049084232, 53.869448005221216 ], [ 14.051380124581451, 53.872033294806897 ], [ 14.045937578055284, 53.874032941011983 ], [ 14.040180691453232, 53.87427211817058 ], [ 14.034444441704483, 53.87350168565672 ], [ 14.0286365552096, 53.870095613767958 ], [ 14.025926667326283, 53.86939456752787 ], [ 14.020587507903549, 53.869281571444084 ], [ 14.016916339508134, 53.86710468667286 ], [ 14.016141203313071, 53.865241338250314 ], [ 14.011521448978369, 53.862299239531019 ], [ 14.008686221043913, 53.858790195828497 ], [ 13.99610357305653, 53.854380946319992 ], [ 13.992505747015251, 53.848682838033518 ], [ 13.988803725863008, 53.848216729929753 ], [ 13.982200267077801, 53.850176302398289 ], [ 13.970444870572399, 53.848741990680395 ], [ 13.962247361277489, 53.846222356941325 ], [ 13.93941997842836, 53.843647547955605 ], [ 13.922120295839893, 53.846998203968234 ], [ 13.923860866954405, 53.85148582381202 ], [ 13.92548120857785, 53.851969318526002 ], [ 13.928463519610068, 53.851252591767683 ], [ 13.935817482274803, 53.848091186325156 ], [ 13.944113288707957, 53.848521855820962 ], [ 13.946878501891105, 53.84987405268749 ], [ 13.950454032062026, 53.85021718600521 ], [ 13.953957807782871, 53.854104361583452 ], [ 13.954669000207344, 53.860793332126711 ], [ 13.951301281011999, 53.863244269363499 ], [ 13.942543276743407, 53.865565769034461 ], [ 13.932808586612593, 53.869512706891989 ], [ 13.930378352918547, 53.872387526085191 ], [ 13.930010904516829, 53.875199325698858 ], [ 13.928022402297263, 53.872954950340322 ], [ 13.928609253085328, 53.869755938641632 ], [ 13.92744449671809, 53.867438084435754 ], [ 13.928591205799638, 53.861840894689372 ], [ 13.923837889237438, 53.858943517949811 ], [ 13.922621422309104, 53.85473909416401 ], [ 13.920741538250683, 53.853753137037174 ], [ 13.921069118762636, 53.849191387435866 ], [ 13.91634850062697, 53.844022379146345 ], [ 13.900676172829423, 53.841055078345171 ], [ 13.898060567239424, 53.839925396332461 ], [ 13.893482446061633, 53.841091089987962 ], [ 13.890991542338304, 53.839770215126855 ], [ 13.883909882067018, 53.841200160718763 ], [ 13.881273939345322, 53.839478524360928 ], [ 13.877764730926099, 53.840100543951841 ], [ 13.87633714080458, 53.842389064513242 ], [ 13.866569286837617, 53.842621612586868 ], [ 13.861466234572099, 53.84352413194452 ], [ 13.855357093346726, 53.847667684949357 ], [ 13.845662238304888, 53.851049245685999 ], [ 13.837681914438127, 53.849979949743478 ], [ 13.826006547076178, 53.849787838346934 ], [ 13.822050668219939, 53.856912417891358 ], [ 13.828205701471042, 53.857148741899223 ], [ 13.829590558220703, 53.858203138025665 ], [ 13.828633208593335, 53.861879503405987 ], [ 13.831935855025556, 53.86400718661266 ], [ 13.830582655542869, 53.865863729733249 ], [ 13.834077031267812, 53.867835309322729 ], [ 13.834031917076874, 53.870884861155538 ], [ 13.838236658840771, 53.872165528573248 ], [ 13.850114837424035, 53.870858372800022 ], [ 13.861339042884264, 53.872580376869749 ], [ 13.87235801169572, 53.877365628128786 ], [ 13.875222192199438, 53.877878622472728 ], [ 13.879564216330085, 53.876355074723968 ], [ 13.88836051496013, 53.877208655848172 ], [ 13.892074237293031, 53.876811342353932 ], [ 13.898547376137476, 53.880412094419235 ], [ 13.901521314373005, 53.882869974249353 ], [ 13.901578922325085, 53.88465187012774 ], [ 13.903401642508127, 53.885513580342369 ], [ 13.920988363102182, 53.887971415327947 ], [ 13.92117170018164, 53.890056469554665 ], [ 13.92378004787189, 53.890705955195855 ], [ 13.923102704160991, 53.893098509862313 ], [ 13.928676108816658, 53.895864779243816 ], [ 13.930267039902887, 53.898185467595511 ], [ 13.933592786452023, 53.906758976650544 ], [ 13.937209432027341, 53.907564483344942 ], [ 13.938109259867407, 53.90906370802719 ], [ 13.938475260261839, 53.911354357152341 ], [ 13.936251000104518, 53.916913919464406 ], [ 13.932812281232108, 53.918744874633511 ], [ 13.932344126659014, 53.936240917157328 ], [ 13.92539111789174, 53.941532417725263 ], [ 13.925137258652317, 53.946388768759178 ], [ 13.921890678373721, 53.951487679127354 ], [ 13.902400266287275, 53.960451961346507 ], [ 13.895289847538274, 53.965711399618741 ], [ 13.894964258093681, 53.968969971514333 ], [ 13.897371440956697, 53.973124300448291 ], [ 13.899792247572238, 53.982010311812893 ], [ 13.904124243110122, 53.98748997073627 ], [ 13.909038521671048, 53.991004437562452 ], [ 13.91574269587357, 53.991429643839361 ], [ 13.930012680737853, 53.990677053131321 ], [ 13.941975458190388, 53.99431754514675 ], [ 13.945781222343046, 53.994189551324425 ], [ 13.956039319333795, 53.992980151743993 ], [ 13.962865454803692, 53.990577580842199 ], [ 13.965347086743712, 53.988887149077151 ], [ 13.963774228389395, 53.972917123811044 ], [ 13.969673002595231, 53.972259150065668 ], [ 13.971777078771582, 53.970939291027555 ], [ 13.971449124493446, 53.969612813548018 ], [ 13.949880242011101, 53.958643016263302 ], [ 13.958336616411696, 53.95314628814495 ], [ 13.953073550513807, 53.949707353587925 ], [ 13.951462709885908, 53.94523664831172 ], [ 13.953279949984051, 53.943110316755529 ], [ 13.953470834994169, 53.934980902748464 ], [ 13.959989628740303, 53.933925376305908 ], [ 13.958560768601744, 53.93819503747271 ], [ 13.967806414091887, 53.949139210513977 ], [ 13.970754443005941, 53.9498441112869 ], [ 13.971107204634208, 53.95114632606164 ], [ 13.96681598696062, 53.953542154911766 ], [ 13.963657074819464, 53.956821997265244 ], [ 13.966129264462085, 53.958186492706375 ], [ 13.971757579325931, 53.958416119041878 ], [ 13.981787121103061, 53.961972218099277 ], [ 13.984530276208236, 53.962253021908303 ], [ 13.985868454965345, 53.96148691242977 ], [ 13.983190828060142, 53.959844319042439 ], [ 13.983909085851034, 53.959200783001016 ], [ 13.989592811702037, 53.960248842682937 ], [ 13.990098406098131, 53.961589124279968 ], [ 13.994909066867633, 53.962794620489838 ], [ 14.003795422973672, 53.959344470167593 ], [ 14.010085556131747, 53.960176293928036 ], [ 14.01984687230056, 53.962786973843677 ], [ 14.022737045645842, 53.962526316574895 ], [ 14.025174781418519, 53.961340780412399 ], [ 14.018914075732315, 53.960766291650671 ], [ 14.016837450183123, 53.959665865181726 ], [ 14.018471677412952, 53.959284763554962 ], [ 14.023131431764305, 53.960002054785051 ], [ 14.023679377785339, 53.95859482411813 ], [ 14.022637262365238, 53.958014781449037 ], [ 14.018975936290897, 53.958143474276532 ], [ 14.013126629639784, 53.956220327963315 ], [ 14.010214835053009, 53.953754425436799 ], [ 14.011980296480173, 53.949893456472473 ], [ 14.017705816053276, 53.946636241137654 ], [ 14.030411044452196, 53.942574129470998 ], [ 14.032719283500905, 53.942604013455551 ], [ 14.033268114418322, 53.941241448032251 ], [ 14.040046577406128, 53.941535845906365 ], [ 14.042594325809942, 53.945192491379302 ], [ 14.041986618113352, 53.947463424537709 ], [ 14.036994669151484, 53.946498355956784 ], [ 14.034875561450825, 53.949932145965896 ], [ 14.041079808925677, 53.959847684481041 ], [ 14.043241677078941, 53.961627815609774 ], [ 14.042749642285367, 53.967713236022206 ], [ 14.045323923295749, 53.971435779709942 ], [ 14.04807102443843, 53.982492535863997 ], [ 14.047461296238428, 53.997302218790772 ], [ 14.042413622611011, 53.999368356111248 ], [ 14.042498277282556, 54.000439291797314 ], [ 14.044374575705778, 54.001579778842853 ], [ 14.040702448799657, 54.00938098034969 ], [ 14.03861707212627, 54.010018738241726 ], [ 14.038308323600894, 54.012422639550486 ], [ 14.033808694241186, 54.016442781613442 ], [ 14.026857381902913, 54.018499896156598 ], [ 14.019326508292407, 54.018069969975365 ], [ 14.017207010054832, 54.018908926825368 ], [ 14.015780145456707, 54.021487799419582 ], [ 14.014961041603922, 54.019168901251476 ], [ 14.017758425722317, 54.017009735965104 ], [ 14.018005157288584, 54.015237862582559 ], [ 14.010900834009083, 54.009824413072423 ], [ 14.003849280431446, 54.010579616310899 ], [ 14.003976273714702, 54.014012717552717 ], [ 14.002567944081722, 54.015122964729699 ], [ 14.002826732438313, 54.024063811236168 ], [ 13.99786946072814, 54.035936547936821 ], [ 13.998034139593203, 54.039924236739708 ], [ 13.996556737413036, 54.043052503618725 ], [ 13.993566663674081, 54.045650654356436 ], [ 13.981303304969872, 54.050743146315369 ], [ 13.974458671474121, 54.056994388486089 ], [ 13.96869194940909, 54.060237788621976 ], [ 13.970547632276645, 54.061692854858101 ], [ 13.978000500083214, 54.062220027112389 ], [ 13.975300015387038, 54.062977893868641 ], [ 13.973513376828491, 54.064469628504504 ], [ 13.967628892039734, 54.062160235047102 ], [ 13.966191523936288, 54.059675069810091 ], [ 13.961721507433348, 54.060069040754463 ], [ 13.951447504408735, 54.059120916006329 ], [ 13.942305075094213, 54.061667004411582 ], [ 13.93286761261904, 54.061840318647803 ], [ 13.924467400428497, 54.063439242683458 ], [ 13.919788872804245, 54.063019225906167 ], [ 13.915085335733545, 54.064597140944876 ], [ 13.911264777118333, 54.064474781089856 ], [ 13.91004622425425, 54.063183131806568 ], [ 13.914661997194584, 54.061709230948615 ], [ 13.916047542755877, 54.060296260954118 ], [ 13.913689256675456, 54.056870492076762 ], [ 13.910356573508308, 54.046999367101314 ], [ 13.907361680380404, 54.04316177573871 ], [ 13.90913998678016, 54.04278404861963 ], [ 13.910425101291947, 54.04342322760408 ], [ 13.913110757317716, 54.047716064592024 ], [ 13.918567730246441, 54.04345952358284 ], [ 13.91842654644744, 54.04159534560349 ], [ 13.923665764273398, 54.03797181348282 ], [ 13.933089972782639, 54.029221752924364 ], [ 13.934085002586801, 54.027293640865487 ], [ 13.930766596000364, 54.024162467759545 ], [ 13.92766022753932, 54.024328805656879 ], [ 13.925163307107995, 54.023805200443604 ], [ 13.924091551714438, 54.022775054266582 ], [ 13.92358607696656, 54.02120957721074 ], [ 13.925240874309225, 54.01995303873872 ], [ 13.926568132980178, 54.01638334925002 ], [ 13.921486539105306, 54.016983041760717 ], [ 13.917547874618624, 54.01918992035116 ], [ 13.916470627179464, 54.021093354750377 ], [ 13.916129364662646, 54.023353593484941 ], [ 13.917345269930324, 54.02531751066919 ], [ 13.921647053375468, 54.027195001089311 ], [ 13.924952228578086, 54.029901167609665 ], [ 13.927959684340651, 54.03078800807851 ], [ 13.922768007911161, 54.035204438673965 ], [ 13.916264862728843, 54.032242682674607 ], [ 13.913602694193781, 54.028509854942762 ], [ 13.909863272634617, 54.026474154398819 ], [ 13.905505619627407, 54.018535086261103 ], [ 13.899520990964552, 54.013052823672879 ], [ 13.894427891607059, 54.011330624640927 ], [ 13.888502124193558, 54.011775521881539 ], [ 13.886573526703692, 54.009851397981045 ], [ 13.882526262709867, 54.010578012072344 ], [ 13.875364157207171, 54.00996637891464 ], [ 13.872524689051216, 54.007809362049699 ], [ 13.870183472585357, 54.008554599391061 ], [ 13.864483190349549, 54.006872010064797 ], [ 13.863122384730911, 54.003206272451493 ], [ 13.861529365227335, 54.001936428480498 ], [ 13.86170416281397, 53.999875504321999 ], [ 13.85526897229121, 54.001806584798814 ], [ 13.853546477241284, 54.003808538574226 ], [ 13.852374273617928, 54.009314971099101 ], [ 13.852937632854536, 54.013529337227361 ], [ 13.856576153544204, 54.017563338080237 ], [ 13.863727462021497, 54.022477998676571 ], [ 13.865151203175625, 54.026498477278821 ], [ 13.865150116879475, 54.032358226453503 ], [ 13.870014538391366, 54.036020917301812 ], [ 13.873335426135554, 54.03214668595821 ], [ 13.877849261927443, 54.035630062292938 ], [ 13.879545633511405, 54.039858921474995 ], [ 13.878308177682348, 54.042396516503167 ], [ 13.867854636064251, 54.046110034075454 ], [ 13.876059587805779, 54.041240695812995 ], [ 13.873121284098954, 54.039098890009591 ], [ 13.870154332082627, 54.043462562428196 ], [ 13.867743083350774, 54.043727914755799 ], [ 13.863862790963648, 54.046648652385741 ], [ 13.858283249685043, 54.048231679883287 ], [ 13.853582658293263, 54.048432087633294 ], [ 13.85491423558657, 54.047623263454284 ], [ 13.854184232809613, 54.046882989713758 ], [ 13.846982225116028, 54.046878966246254 ], [ 13.845005754529483, 54.044716292516682 ], [ 13.846796858553336, 54.043433792252003 ], [ 13.837938266133241, 54.040150802369965 ], [ 13.827033090198709, 54.0377857356955 ], [ 13.822086807798465, 54.037708769827368 ], [ 13.81382480989793, 54.032008723151115 ], [ 13.810173429664454, 54.03118470135454 ], [ 13.800499636309764, 54.018885242789437 ], [ 13.797114765149816, 54.018132176324755 ], [ 13.780338076892166, 54.018058770796344 ], [ 13.778925615205127, 54.019563271615688 ], [ 13.769953833718333, 54.019422571463949 ], [ 13.763585250605377, 54.026391391318079 ], [ 13.765377715088237, 54.031487416964261 ], [ 13.772102916581765, 54.037485291115715 ], [ 13.773798265340169, 54.041330582604871 ], [ 13.776685343764996, 54.041354555066114 ], [ 13.778815676151016, 54.040076326135974 ], [ 13.779198909690578, 54.038470215752326 ], [ 13.782586025095483, 54.038623634206274 ], [ 13.783602041200893, 54.03952762622 ], [ 13.782456070940828, 54.043188996226107 ], [ 13.784407099240118, 54.0459730619231 ], [ 13.78965950417518, 54.048439383347322 ], [ 13.790867511013333, 54.051004193685756 ], [ 13.791217945801899, 54.053243167605736 ], [ 13.787661964169668, 54.057021905036002 ], [ 13.788838725910775, 54.058800509056631 ], [ 13.794721948703424, 54.061601693519322 ], [ 13.79696375190032, 54.063719601046095 ], [ 13.801202139609043, 54.074915130994782 ], [ 13.807708569117517, 54.079614665617044 ], [ 13.808896337833355, 54.090658010981542 ], [ 13.813313552324944, 54.096428871513147 ], [ 13.812323120705736, 54.101010114656042 ], [ 13.809819784446214, 54.103661386921615 ], [ 13.808594354137073, 54.107451857643802 ], [ 13.812064247503168, 54.108614952101505 ], [ 13.811592956553159, 54.109330062992981 ], [ 13.807047888393644, 54.109146898366255 ], [ 13.80358641021332, 54.110255384512293 ], [ 13.792268727408597, 54.111217176192199 ], [ 13.786689388240145, 54.114520414825073 ], [ 13.786362404671886, 54.116991079900366 ], [ 13.784131743393319, 54.118994034356078 ], [ 13.775366097038603, 54.121347809497536 ], [ 13.776346552029848, 54.122663410038662 ], [ 13.775924969657176, 54.127490052802209 ], [ 13.771853190998092, 54.133349801269993 ], [ 13.767097696687816, 54.135176132322961 ], [ 13.764763003215753, 54.137608940162771 ], [ 13.762483501819968, 54.137135649809487 ], [ 13.764440606827074, 54.134100030362276 ], [ 13.759012078686041, 54.134400566681059 ], [ 13.756602085323591, 54.136368768446829 ], [ 13.752945462173029, 54.149699528277004 ], [ 13.750445556292927, 54.151385426150448 ], [ 13.751568591129875, 54.155863713172216 ], [ 13.750936129700069, 54.158445255731174 ], [ 13.753099559018223, 54.159753618915936 ], [ 13.756811793858809, 54.165533619333416 ], [ 13.761133605735161, 54.168067021439377 ], [ 13.775573620059397, 54.172489492799642 ], [ 13.793610310359295, 54.174537971508379 ], [ 13.805938205388909, 54.172606123702742 ], [ 13.809993650162159, 54.169729529162545 ], [ 13.81320045755502, 54.169147175836144 ], [ 13.816905029626406, 54.156813835331135 ], [ 13.826887174776648, 54.140273684511357 ] ] ], [ [ [ 13.813553972012251, 54.175511827084804 ], [ 13.805253528392445, 54.176260416161512 ], [ 13.8037932811401, 54.17748252404801 ], [ 13.813102166732556, 54.177974328375804 ], [ 13.813553972012251, 54.175511827084804 ] ] ], [ [ [ 13.915351239784325, 54.24294189609612 ], [ 13.906418060672333, 54.240360708957688 ], [ 13.906299360827536, 54.241409241383316 ], [ 13.909584088824934, 54.242234752718048 ], [ 13.909052004993061, 54.244656016722232 ], [ 13.91303278640455, 54.245559410553867 ], [ 13.918690422660982, 54.252267624168269 ], [ 13.921803076768926, 54.252506031330782 ], [ 13.925773029181807, 54.250505268674637 ], [ 13.926522715489776, 54.249633701630593 ], [ 13.925705801053411, 54.248506048332708 ], [ 13.918624267183279, 54.245587516843379 ], [ 13.915351239784325, 54.24294189609612 ] ] ] ] } },
{ "type": "Feature", "properties": { "wkr": 31, "wkr_name": "Ludwigslust-Parchim IV" }, "geometry": { "type": "Polygon", "coordinates": [ [ [ 11.630358435314701, 53.463604454415709 ], [ 11.637265993387082, 53.466222253713809 ], [ 11.633616990271703, 53.474406054910112 ], [ 11.634173758681504, 53.477893210558179 ], [ 11.642223248359517, 53.48134597728685 ], [ 11.636110485857767, 53.486036524196635 ], [ 11.638651857131702, 53.48754675407411 ], [ 11.629327792395921, 53.489713665026379 ], [ 11.634648069848605, 53.504502766540902 ], [ 11.63681116607944, 53.505556402199339 ], [ 11.638058724011506, 53.508718817341801 ], [ 11.665097519552095, 53.515231795119263 ], [ 11.662039771491257, 53.521823509537583 ], [ 11.66064245594521, 53.531627390392352 ], [ 11.667499876305483, 53.532068078406631 ], [ 11.676200109004839, 53.535933648892033 ], [ 11.678698136906421, 53.536003242218236 ], [ 11.678807467810184, 53.528215265217199 ], [ 11.682837713653226, 53.523516348625847 ], [ 11.68583472722422, 53.521367369364356 ], [ 11.692017450071781, 53.520047132555973 ], [ 11.696760039993281, 53.516932659526091 ], [ 11.6980827713473, 53.514740714104313 ], [ 11.696696991264206, 53.512992865932858 ], [ 11.699820903264657, 53.511803585196283 ], [ 11.700021123421957, 53.510296041981064 ], [ 11.705201335230818, 53.50816231947244 ], [ 11.705309524017558, 53.505430807971571 ], [ 11.706877624186969, 53.504531185430224 ], [ 11.710794948484674, 53.506622327947483 ], [ 11.717718928473236, 53.506417217996884 ], [ 11.721499074934647, 53.502698978586508 ], [ 11.731366978921113, 53.498851802770282 ], [ 11.735815175675267, 53.500511816242799 ], [ 11.746027494616639, 53.498707759154435 ], [ 11.748307429624766, 53.499364345971713 ], [ 11.761949116128536, 53.514562978745751 ], [ 11.783308207560289, 53.518242694338028 ], [ 11.821971581423863, 53.51940934761997 ], [ 11.818957389309528, 53.525428632996068 ], [ 11.81478035753557, 53.525697239289073 ], [ 11.815129704993002, 53.531708478667696 ], [ 11.808997996428705, 53.536691663145206 ], [ 11.804374452384385, 53.538569880856983 ], [ 11.786423507524749, 53.541139394544885 ], [ 11.782457779513541, 53.540744054457861 ], [ 11.780852369149672, 53.542893327305343 ], [ 11.785834133347874, 53.544742763424445 ], [ 11.774015059919128, 53.548617127169493 ], [ 11.789094771596204, 53.572388182990096 ], [ 11.795609388525941, 53.571902095194019 ], [ 11.800373546120635, 53.570387704900909 ], [ 11.81105003597821, 53.571054815366459 ], [ 11.81666877141862, 53.568725284948869 ], [ 11.82283279873119, 53.569749129488798 ], [ 11.831417000648349, 53.568449655738604 ], [ 11.84014757122192, 53.569442965366015 ], [ 11.849479351717777, 53.568832885618306 ], [ 11.857311057727935, 53.571135161037795 ], [ 11.855101075239327, 53.572885753033077 ], [ 11.846905410406404, 53.575436008026429 ], [ 11.841325275736523, 53.575098523239326 ], [ 11.833464547297222, 53.578394685012626 ], [ 11.831719560245473, 53.590090582534145 ], [ 11.838759636885376, 53.590178742650664 ], [ 11.83884600453119, 53.594447943323999 ], [ 11.8334620067257, 53.601539711534826 ], [ 11.840296263897606, 53.602003198994915 ], [ 11.842130280989393, 53.604161781680126 ], [ 11.840290723447572, 53.605902342693966 ], [ 11.837893369146499, 53.606220204184659 ], [ 11.838045748290185, 53.607812702172644 ], [ 11.843150127017694, 53.608046126960112 ], [ 11.845923529835776, 53.604577437901547 ], [ 11.856906867186266, 53.60471461771003 ], [ 11.860915584686323, 53.61092019532952 ], [ 11.873009853546922, 53.619247072769888 ], [ 11.886820807343314, 53.611328808613166 ], [ 11.897439923186639, 53.601785452931992 ], [ 11.892832351930096, 53.599702932369304 ], [ 11.891750282879512, 53.597004731611143 ], [ 11.891453444733349, 53.590135428078831 ], [ 11.894121191038412, 53.586489539974529 ], [ 11.891901882509408, 53.58185619428837 ], [ 11.888654454738635, 53.57815133126681 ], [ 11.875844214108831, 53.569432051072525 ], [ 11.876217058229338, 53.566583572363179 ], [ 11.882026812485172, 53.561590348889801 ], [ 11.889410323142338, 53.556922542541059 ], [ 11.901244396980804, 53.554848233036417 ], [ 11.913435834802472, 53.561072233525117 ], [ 11.931485272264075, 53.561534938583272 ], [ 11.936334864022905, 53.554226354446904 ], [ 11.939357416253561, 53.552302115671232 ], [ 11.946123719075091, 53.551807582508424 ], [ 11.956159173334754, 53.545732986776237 ], [ 11.961076088605497, 53.544920289659771 ], [ 11.963673742920248, 53.543394409552768 ], [ 11.965941528247361, 53.538589977628398 ], [ 11.973356376085302, 53.535540132510455 ], [ 11.975775211978087, 53.529807547831673 ], [ 11.979482856707033, 53.530359320730255 ], [ 11.980052502926162, 53.533528953326595 ], [ 11.977823298638853, 53.537941490611573 ], [ 11.982951212886039, 53.540071074137238 ], [ 11.985054456571056, 53.544221064268164 ], [ 11.990475450583421, 53.539976913677371 ], [ 11.985261156276325, 53.539776209897305 ], [ 11.983411670671229, 53.538082731796585 ], [ 11.983224676076761, 53.535883653247268 ], [ 11.986735591171502, 53.534067266415271 ], [ 11.989157456170085, 53.533748025764339 ], [ 11.992082625293808, 53.535346831780686 ], [ 11.993982199618996, 53.537872752667575 ], [ 11.997148985931755, 53.539185688081247 ], [ 12.00400153216999, 53.540980080049366 ], [ 12.011001664099568, 53.541538559090625 ], [ 12.012898173727583, 53.537295784239475 ], [ 12.029285262492429, 53.537975601907725 ], [ 12.036667402882092, 53.53496801187395 ], [ 12.040420870701448, 53.529337692673614 ], [ 12.054312375698194, 53.528493246045805 ], [ 12.054984846930571, 53.534273049279413 ], [ 12.049570742411742, 53.536072903724012 ], [ 12.051524876297851, 53.538231508666357 ], [ 12.050728625475426, 53.546374369533744 ], [ 12.054619025535922, 53.544979774795145 ], [ 12.056573217258773, 53.546289546949843 ], [ 12.061303076838994, 53.543442949308023 ], [ 12.066213614711936, 53.544177916396443 ], [ 12.067100023834582, 53.54307384309611 ], [ 12.069178070149187, 53.542690676066215 ], [ 12.067008995300434, 53.541314768131329 ], [ 12.067589615469847, 53.538062234869749 ], [ 12.070118901981896, 53.536315050129083 ], [ 12.074174446010506, 53.535352785385115 ], [ 12.079675982575656, 53.530299064464984 ], [ 12.088373740957294, 53.519732041821399 ], [ 12.090975956401364, 53.520394473087478 ], [ 12.091704953636123, 53.524781864891523 ], [ 12.095918577579731, 53.528806017450492 ], [ 12.10059347306346, 53.536508543021561 ], [ 12.106377307339494, 53.541835002214782 ], [ 12.110301337231292, 53.541928326357329 ], [ 12.115753215023059, 53.544604861459263 ], [ 12.124406110734119, 53.546651661402485 ], [ 12.127601094293215, 53.546109636295895 ], [ 12.129801108079992, 53.541382014286455 ], [ 12.133745998868044, 53.536681621869725 ], [ 12.128000108887244, 53.532882965901507 ], [ 12.132396810003382, 53.529705288024552 ], [ 12.142679434596618, 53.531082116113566 ], [ 12.153191778390283, 53.528716565181085 ], [ 12.160948472497155, 53.533294603194243 ], [ 12.158357568408471, 53.535758150012157 ], [ 12.162555758863412, 53.539314538059187 ], [ 12.17178057121685, 53.539331126934819 ], [ 12.181371852202727, 53.536303010403785 ], [ 12.178234750537152, 53.53215792791373 ], [ 12.17896401244794, 53.528819329523728 ], [ 12.183730104877544, 53.523947801474876 ], [ 12.187235072794405, 53.523751473881042 ], [ 12.193160080390365, 53.525897448634439 ], [ 12.203643520357891, 53.527466945563226 ], [ 12.221989350515589, 53.532685487543667 ], [ 12.229928889178188, 53.539168244352631 ], [ 12.231007304559686, 53.547635650882967 ], [ 12.241634314050327, 53.55754539227366 ], [ 12.251972655342037, 53.561445185839965 ], [ 12.250884882700301, 53.565474644877334 ], [ 12.236431944799921, 53.569226804904829 ], [ 12.231905272077361, 53.567900770827201 ], [ 12.229452593098827, 53.568860350672509 ], [ 12.230567285193152, 53.575295898985829 ], [ 12.232757075859077, 53.579878756549903 ], [ 12.224567700764936, 53.580750153947598 ], [ 12.228301898031818, 53.583787327745384 ], [ 12.228361796130104, 53.585516690408852 ], [ 12.22567431772414, 53.587387391726288 ], [ 12.224695108297574, 53.589298820772804 ], [ 12.227125570836815, 53.591288303452316 ], [ 12.224687108698905, 53.594586748059122 ], [ 12.227494118886039, 53.597292415820348 ], [ 12.234935370003862, 53.595769070773514 ], [ 12.241635390148982, 53.592492194166226 ], [ 12.248895086358173, 53.590566430044419 ], [ 12.250393218293079, 53.583596894232315 ], [ 12.254439664865284, 53.5822999076549 ], [ 12.282721136069053, 53.581807663258743 ], [ 12.288904834085638, 53.577961531505466 ], [ 12.287796423506531, 53.573602602058955 ], [ 12.289938206156737, 53.570624127295396 ], [ 12.299066944961039, 53.56803200819764 ], [ 12.305679519916501, 53.567813115026823 ], [ 12.304941370225645, 53.565282614307229 ], [ 12.306248400207105, 53.562683022418142 ], [ 12.30239102669645, 53.55679890900673 ], [ 12.304216343139293, 53.553544175452423 ], [ 12.294071722741204, 53.529144827899813 ], [ 12.295007532051015, 53.527082743092286 ], [ 12.293079739681618, 53.520553280130791 ], [ 12.289318721361477, 53.517286620124679 ], [ 12.298456120930481, 53.510597687217285 ], [ 12.300788549242958, 53.507742535593657 ], [ 12.30309169151165, 53.501700511058139 ], [ 12.301734320409166, 53.498378938730212 ], [ 12.318900287690346, 53.493126479380152 ], [ 12.317343461011626, 53.492404733741594 ], [ 12.321060162169863, 53.485769077976187 ], [ 12.325055207097506, 53.480800866289286 ], [ 12.330904695226749, 53.477965534338388 ], [ 12.335888651197354, 53.478145991621588 ], [ 12.336589871148343, 53.479070271874868 ], [ 12.365662444331399, 53.479150969741717 ], [ 12.35054568217725, 53.474554720080533 ], [ 12.347840852180058, 53.471987338529971 ], [ 12.346715796346523, 53.46679906220632 ], [ 12.34287210771485, 53.46001010879553 ], [ 12.333382142596605, 53.45646094279774 ], [ 12.327212308029708, 53.452469872013715 ], [ 12.319827566304101, 53.45353151250373 ], [ 12.314489350242843, 53.4527373581627 ], [ 12.31270515558715, 53.450515537024245 ], [ 12.307686552802965, 53.44718634545648 ], [ 12.310877244151506, 53.438048802972489 ], [ 12.309336458967383, 53.431051059580824 ], [ 12.304424861834267, 53.427078033790224 ], [ 12.300135531328094, 53.425442240238162 ], [ 12.304783964016499, 53.418122929398344 ], [ 12.310890397289405, 53.416010915686542 ], [ 12.310153228427692, 53.413435421473544 ], [ 12.307209151225155, 53.414682558631846 ], [ 12.303229173588479, 53.413798021484787 ], [ 12.303062174081255, 53.405469812541334 ], [ 12.31115748910141, 53.399156471487096 ], [ 12.312700194007181, 53.396282490579765 ], [ 12.316418209601501, 53.395456297199857 ], [ 12.316329819071891, 53.391923528331787 ], [ 12.314180392263344, 53.391263751657256 ], [ 12.311681685452038, 53.391642977957538 ], [ 12.309165393503752, 53.392282975449746 ], [ 12.307459574234773, 53.393900722588249 ], [ 12.287245327595169, 53.383839274982634 ], [ 12.279924873182406, 53.38144433838476 ], [ 12.275053346662141, 53.378705199933442 ], [ 12.27888085656083, 53.375829214523861 ], [ 12.287933135925295, 53.372315907924367 ], [ 12.290279273326156, 53.370690490801586 ], [ 12.30208236739468, 53.369386534074607 ], [ 12.312048866231134, 53.365656467957493 ], [ 12.311641076242122, 53.3622100447176 ], [ 12.300127389931072, 53.362817107229759 ], [ 12.299618573915016, 53.358996081119614 ], [ 12.29635306104079, 53.358976722662355 ], [ 12.289983291320192, 53.354779956197007 ], [ 12.311788360397568, 53.352099004302346 ], [ 12.315192693796368, 53.357019169485419 ], [ 12.31863930067909, 53.357097012573256 ], [ 12.326326929487443, 53.346627832320451 ], [ 12.326906065609839, 53.343780291919281 ], [ 12.338155563922573, 53.34204660983017 ], [ 12.344520426714107, 53.333261755029525 ], [ 12.331913388003608, 53.317921908283282 ], [ 12.325472934723701, 53.321186446347461 ], [ 12.311188642599413, 53.323217170615926 ], [ 12.310679352532832, 53.327111469197547 ], [ 12.308543322740395, 53.327330311764491 ], [ 12.287991429513049, 53.328325327088045 ], [ 12.280439309585736, 53.327439623485937 ], [ 12.27647260303875, 53.325450778308031 ], [ 12.271043391560866, 53.324090113684541 ], [ 12.268361528466894, 53.324648517039257 ], [ 12.260038966339987, 53.324146428131883 ], [ 12.25724900984442, 53.325174035977341 ], [ 12.258820919065041, 53.328430017919658 ], [ 12.253197297691324, 53.331398865504497 ], [ 12.246470991075896, 53.332927602547556 ], [ 12.241662374053226, 53.338631719352406 ], [ 12.235662750784035, 53.343063650783797 ], [ 12.233229582229219, 53.350279986911957 ], [ 12.230825052435307, 53.352815027203384 ], [ 12.229729440456563, 53.357891234431406 ], [ 12.222875412965427, 53.357688624131569 ], [ 12.211720467304088, 53.353168783051693 ], [ 12.206941687855521, 53.353632957078354 ], [ 12.197771930618936, 53.352807623989129 ], [ 12.189956855321995, 53.354143778052432 ], [ 12.186171266996443, 53.350431891307942 ], [ 12.185147586909265, 53.346743115031479 ], [ 12.187460587479491, 53.346162971777659 ], [ 12.186724812191189, 53.34318243753772 ], [ 12.169120399101494, 53.339007460223627 ], [ 12.15683312077144, 53.349369846196396 ], [ 12.155313984143817, 53.356508455755424 ], [ 12.151957856318889, 53.361420059942326 ], [ 12.13988085722702, 53.359934735518401 ], [ 12.139507184663241, 53.354319869105481 ], [ 12.135063144932371, 53.35160609348921 ], [ 12.134559389320268, 53.348668676158191 ], [ 12.108949090042962, 53.349619233186452 ], [ 12.10900310171159, 53.343826353032007 ], [ 12.082318468577835, 53.346213993379187 ], [ 12.079922242117975, 53.354710096484567 ], [ 12.079215584378886, 53.366895570471556 ], [ 12.077388180024645, 53.36900274942608 ], [ 12.069061321473185, 53.36954102222164 ], [ 12.062113680437752, 53.371213658183031 ], [ 12.05777758406812, 53.370380867045355 ], [ 12.046922513326912, 53.370507811286537 ], [ 12.051022066663151, 53.366835104175593 ], [ 12.048308542726891, 53.3649402067701 ], [ 12.047505071194117, 53.361417488682676 ], [ 12.051297941160511, 53.360344833628488 ], [ 12.053329048258494, 53.353649889114067 ], [ 12.056943724679469, 53.349431759974834 ], [ 12.041215395002139, 53.345963445229721 ], [ 12.030536634111106, 53.340207392005318 ], [ 12.022203769541285, 53.338347318242704 ], [ 12.022997137414789, 53.336564821929812 ], [ 12.014766060391539, 53.334270262419196 ], [ 12.018058074085697, 53.32967800104511 ], [ 12.021594929928906, 53.321597244386261 ], [ 12.018877441425984, 53.315793193591944 ], [ 12.023381677052695, 53.304225600488749 ], [ 12.022470581622114, 53.302555242013966 ], [ 12.018263511469264, 53.299599979411106 ], [ 12.003159331959687, 53.30001568686334 ], [ 11.997266004418705, 53.293959698253616 ], [ 11.99089561919021, 53.294963190837976 ], [ 11.983562103437894, 53.29866233963331 ], [ 11.979733895074061, 53.297592270614501 ], [ 11.97403091933551, 53.298381954347889 ], [ 11.973543826235963, 53.294729716854889 ], [ 11.966366292288866, 53.286283235256697 ], [ 11.961504204593199, 53.283089465732566 ], [ 11.958240454259791, 53.279503081031649 ], [ 11.955299445415513, 53.278212949706258 ], [ 11.956304539115841, 53.276165373917323 ], [ 11.955132989036095, 53.274904280347045 ], [ 11.948272381131794, 53.272235500563404 ], [ 11.945331702722797, 53.274204966510716 ], [ 11.925779291265766, 53.273795323858799 ], [ 11.909366622363402, 53.274434862921559 ], [ 11.898475872385402, 53.278184327095779 ], [ 11.892707693965994, 53.278869846940978 ], [ 11.893056604207722, 53.272761899312542 ], [ 11.889948054562879, 53.269266677314896 ], [ 11.887450416065183, 53.267872239916969 ], [ 11.885184406101333, 53.264969623968213 ], [ 11.881984584752992, 53.264324273744656 ], [ 11.881581340596501, 53.263192368922802 ], [ 11.871987068744623, 53.259830854548916 ], [ 11.865972113161284, 53.255735491765982 ], [ 11.865419973419446, 53.252379161716128 ], [ 11.862035807921961, 53.248708783006201 ], [ 11.855289732109361, 53.248595759614503 ], [ 11.845981702048977, 53.251401629454428 ], [ 11.831248402923411, 53.251860556821406 ], [ 11.821008356468068, 53.253320600844205 ], [ 11.812994277531416, 53.25352451162189 ], [ 11.819477077570893, 53.257000285559215 ], [ 11.832376278426638, 53.257743171435891 ], [ 11.834865814874254, 53.260000608326187 ], [ 11.841261009963024, 53.2633560973294 ], [ 11.841314256358938, 53.264851744559806 ], [ 11.842884569709398, 53.266087912524284 ], [ 11.845666525130889, 53.26665737911069 ], [ 11.845206939851749, 53.268439198990748 ], [ 11.848524866548587, 53.27071631629466 ], [ 11.852336143583475, 53.270818896516175 ], [ 11.852446173984152, 53.276098152400692 ], [ 11.844717277567369, 53.284058327947925 ], [ 11.840854889477921, 53.29361504914349 ], [ 11.827579683100641, 53.293360323223979 ], [ 11.824650029032391, 53.290297840579463 ], [ 11.819430611954479, 53.288962843070905 ], [ 11.821994664249289, 53.27744953210189 ], [ 11.813920611446772, 53.276423688373086 ], [ 11.804421705834711, 53.276314428579902 ], [ 11.798818330048721, 53.273474472355197 ], [ 11.790125554332338, 53.274236862372419 ], [ 11.785520286614396, 53.275804473634217 ], [ 11.7895568111604, 53.277406163480713 ], [ 11.779273487069499, 53.290371976148556 ], [ 11.780808001900839, 53.292107441805349 ], [ 11.790714949282137, 53.295160600330739 ], [ 11.787435654665099, 53.296457361631276 ], [ 11.782638057759575, 53.296392290502311 ], [ 11.782066187033761, 53.29943914181856 ], [ 11.776049988071263, 53.299575376670312 ], [ 11.774909056986186, 53.305457691024387 ], [ 11.767772950617459, 53.308531551086844 ], [ 11.764433921666358, 53.308688157867635 ], [ 11.762444065046234, 53.310578033068744 ], [ 11.754035249002859, 53.311704794193638 ], [ 11.746175899925454, 53.310482512944432 ], [ 11.739448567453211, 53.307110454112561 ], [ 11.735986049550389, 53.308908913215895 ], [ 11.730259655146208, 53.309480996079202 ], [ 11.724880485611205, 53.308504540201895 ], [ 11.720820569675341, 53.311580143925703 ], [ 11.716424356310982, 53.310363839573171 ], [ 11.709779008900545, 53.329048084808051 ], [ 11.703840574136612, 53.337696810886555 ], [ 11.693427844513034, 53.341090804370651 ], [ 11.688289335486507, 53.349415071469053 ], [ 11.691467885771123, 53.355676800603767 ], [ 11.69761226766402, 53.360127314786013 ], [ 11.698959863793482, 53.364247439617614 ], [ 11.697299188090403, 53.365239278822507 ], [ 11.697057284625382, 53.370300405238936 ], [ 11.689221694220665, 53.374118528200334 ], [ 11.680484972268456, 53.390723485777059 ], [ 11.687690065235067, 53.394148511389112 ], [ 11.681942940522161, 53.395475850250193 ], [ 11.672248294569071, 53.394213658620139 ], [ 11.667489334520145, 53.394527238567939 ], [ 11.660355598445728, 53.396563022893339 ], [ 11.655372361673892, 53.39870475129608 ], [ 11.646126229733959, 53.405392506227123 ], [ 11.648469396010309, 53.407292233680657 ], [ 11.640096216572045, 53.413457110214217 ], [ 11.629202588443503, 53.41052003322902 ], [ 11.627658553219245, 53.418514433870527 ], [ 11.636267078724277, 53.42937514505374 ], [ 11.631529410559246, 53.430483705384781 ], [ 11.624710513222318, 53.430586875863646 ], [ 11.618332747433318, 53.432441417467018 ], [ 11.639346036549119, 53.458520097349172 ], [ 11.64126290726646, 53.460280196324653 ], [ 11.643849678699718, 53.461077137593698 ], [ 11.64349929821266, 53.462206698828716 ], [ 11.630358435314701, 53.463604454415709 ] ] ] } },
{ "type": "Feature", "properties": { "wkr": 32, "wkr_name": "Ludwigslust-Parchim V" }, "geometry": { "type": "MultiPolygon", "coordinates": [ [ [ [ 11.665635008069067, 53.793599110670172 ], [ 11.671033299270366, 53.792511145376601 ], [ 11.68743532182785, 53.793239537585045 ], [ 11.691622144040201, 53.792513944233434 ], [ 11.690022697228351, 53.788233431871241 ], [ 11.69191847836073, 53.787689567335811 ], [ 11.693285092888141, 53.788599864554634 ], [ 11.695306125106631, 53.784751625996847 ], [ 11.694253032076606, 53.782715425573947 ], [ 11.693181779079344, 53.782459698281428 ], [ 11.688371270030018, 53.784292886085161 ], [ 11.679387554781391, 53.790034835157556 ], [ 11.676803191374805, 53.789674376415164 ], [ 11.669697836715576, 53.791623196913328 ], [ 11.666014610701708, 53.791349959306871 ], [ 11.665635008069067, 53.793599110670172 ] ] ], [ [ [ 11.720919071228504, 53.794617830137511 ], [ 11.722884386581821, 53.794397294898481 ], [ 11.724268386885706, 53.796034745405919 ], [ 11.728536603529875, 53.794668567010348 ], [ 11.72592302646092, 53.790574141677439 ], [ 11.730205498428946, 53.789424643916149 ], [ 11.726181344352685, 53.786048020125961 ], [ 11.728723342160711, 53.783300583889186 ], [ 11.732962992178527, 53.781264066760286 ], [ 11.738589382672632, 53.781250963345379 ], [ 11.740204701109361, 53.783538211370704 ], [ 11.750357698770674, 53.783220784903925 ], [ 11.750442062364085, 53.77858586169539 ], [ 11.752331013859433, 53.777432656575876 ], [ 11.758613821801099, 53.778613562954561 ], [ 11.764035500384262, 53.778282532873888 ], [ 11.761198487277166, 53.777534734976413 ], [ 11.761608325483593, 53.776454222935584 ], [ 11.763818813181427, 53.775737909403546 ], [ 11.760079096195994, 53.775343708524616 ], [ 11.753880286950782, 53.773163307787776 ], [ 11.753558221884106, 53.769620175866656 ], [ 11.752008203423822, 53.769246487397169 ], [ 11.753748928785331, 53.768103145164709 ], [ 11.763076175231811, 53.77042227386238 ], [ 11.764011881148983, 53.769322867379152 ], [ 11.762247049316569, 53.767520798976307 ], [ 11.76423907034974, 53.765832832876995 ], [ 11.767272302690538, 53.767515494063694 ], [ 11.771983068738095, 53.766813495397663 ], [ 11.7778071652356, 53.77033675849691 ], [ 11.785301125049347, 53.769686103526261 ], [ 11.788508462902525, 53.768490376333403 ], [ 11.797646063434108, 53.77085470878685 ], [ 11.801978599889431, 53.769263768885359 ], [ 11.805238878175967, 53.767030515732891 ], [ 11.810375998289686, 53.766423172300534 ], [ 11.812507132985425, 53.767513883813557 ], [ 11.815187110050116, 53.765472428225316 ], [ 11.819396391774838, 53.765840683631495 ], [ 11.82729955410259, 53.762897245293871 ], [ 11.830417749329216, 53.764386362564899 ], [ 11.84017321313846, 53.764491719740406 ], [ 11.844493178735346, 53.76009387495909 ], [ 11.844604939753708, 53.758093338572053 ], [ 11.838586018107479, 53.752037897732166 ], [ 11.841561723871113, 53.750089448727948 ], [ 11.869578397929772, 53.743868593983443 ], [ 11.87139779297657, 53.746268341554718 ], [ 11.87310959019826, 53.745835109957675 ], [ 11.878171352738994, 53.74288861276645 ], [ 11.883419765236793, 53.736558089547515 ], [ 11.904895264413224, 53.732144783060292 ], [ 11.904242683810645, 53.736370638106777 ], [ 11.916169201616343, 53.740251806864663 ], [ 11.926355882414118, 53.738685692175622 ], [ 11.929156018707936, 53.739191417078509 ], [ 11.936066288181644, 53.742733540097092 ], [ 11.959168404173457, 53.738057769751187 ], [ 11.965252726267023, 53.740635368886196 ], [ 11.980659498532399, 53.743421187342584 ], [ 11.98274935741459, 53.742954475010812 ], [ 11.987908202897879, 53.740068764588294 ], [ 11.991329082493165, 53.739196673868896 ], [ 11.997036392505258, 53.735111560086409 ], [ 11.987174735861286, 53.730385152945594 ], [ 11.975148707187449, 53.729314850194612 ], [ 11.976047306449708, 53.724452685417262 ], [ 11.987556682597109, 53.725941832001801 ], [ 11.995523580110047, 53.728209471418651 ], [ 12.000438477568061, 53.727406723987059 ], [ 12.001242434611813, 53.722729069395633 ], [ 12.006535736834969, 53.722800620057981 ], [ 12.005909306569254, 53.718813484488606 ], [ 12.00771216777906, 53.714469239889503 ], [ 12.009930017359897, 53.715555290941133 ], [ 12.012158521075326, 53.715565912385316 ], [ 12.017157875868241, 53.712009231906244 ], [ 12.021776282179941, 53.712369869546777 ], [ 12.019657252186377, 53.716968977163475 ], [ 12.020389051858594, 53.718000897797175 ], [ 12.026005386793519, 53.716288949631092 ], [ 12.031232242094564, 53.715834208467406 ], [ 12.033888484055199, 53.714674811725608 ], [ 12.036814318941007, 53.710803149357041 ], [ 12.039055995351166, 53.710577931073004 ], [ 12.037519079862873, 53.707928781603194 ], [ 12.029249408132074, 53.709215921336707 ], [ 12.027547212537076, 53.70641697260254 ], [ 12.032710577977504, 53.702225186864077 ], [ 12.033235725706456, 53.699778578566502 ], [ 12.026744855393789, 53.692205497757421 ], [ 12.030149590435954, 53.688491645056331 ], [ 12.035799829272898, 53.684804090493536 ], [ 12.038904085987186, 53.678090110624595 ], [ 12.043354246069091, 53.677101267272924 ], [ 12.044114917107006, 53.674526235373982 ], [ 12.048950028976332, 53.677244927212989 ], [ 12.051602659764365, 53.675048690375284 ], [ 12.050484296515114, 53.672287543184545 ], [ 12.05260568795695, 53.670074325880933 ], [ 12.050522213860589, 53.66604304951322 ], [ 12.069376363433021, 53.66142964223625 ], [ 12.069006410447786, 53.659170126785575 ], [ 12.070910177738478, 53.657730705096746 ], [ 12.071404600239497, 53.653837757592107 ], [ 12.075012114305277, 53.655396016750871 ], [ 12.07822693458043, 53.653321393485264 ], [ 12.080296327232181, 53.648837109989493 ], [ 12.088741174161727, 53.645512511749224 ], [ 12.090570575768295, 53.643434203669166 ], [ 12.095048660754612, 53.642816269076697 ], [ 12.095668798769436, 53.644652349019502 ], [ 12.102794686528574, 53.645688583087718 ], [ 12.106103383287572, 53.644688557443693 ], [ 12.107509546169625, 53.642415836799259 ], [ 12.120168909947891, 53.647583580344339 ], [ 12.128704717137328, 53.644293679117375 ], [ 12.138400836943921, 53.636470670011846 ], [ 12.142482593480711, 53.635539803412776 ], [ 12.15916606829343, 53.635797843521523 ], [ 12.168900760070231, 53.639820533175161 ], [ 12.186946870842904, 53.642071981928645 ], [ 12.198669457848879, 53.642394709261943 ], [ 12.198270211185044, 53.639037544396089 ], [ 12.202549556874233, 53.622838432267486 ], [ 12.214517673582252, 53.611160053817443 ], [ 12.20953920189412, 53.603098709990114 ], [ 12.217044715671904, 53.598700180565963 ], [ 12.227494118886053, 53.597292415820341 ], [ 12.224687108698889, 53.594586748059157 ], [ 12.227125570836806, 53.591288303452352 ], [ 12.224695108297555, 53.589298820772832 ], [ 12.228361796130107, 53.585516690408852 ], [ 12.228301898031814, 53.583787327745362 ], [ 12.224567700764926, 53.580750153947626 ], [ 12.232757075859077, 53.579878756549917 ], [ 12.229452593098859, 53.568860350672516 ], [ 12.231905272077364, 53.567900770827201 ], [ 12.236431944799914, 53.569226804904829 ], [ 12.250884882700305, 53.565474644877334 ], [ 12.251972655342039, 53.561445185839951 ], [ 12.241634314050321, 53.557545392273674 ], [ 12.231007304559697, 53.547635650882967 ], [ 12.229928889178213, 53.539168244352659 ], [ 12.221989350515605, 53.532685487543688 ], [ 12.203643520357902, 53.527466945563226 ], [ 12.19316008039036, 53.525897448634439 ], [ 12.187235072794403, 53.523751473881049 ], [ 12.18373010487757, 53.523947801474911 ], [ 12.178964012447944, 53.528819329523728 ], [ 12.178234750537163, 53.532157927913737 ], [ 12.181371852202723, 53.536303010403785 ], [ 12.171780571216841, 53.539331126934847 ], [ 12.162555758863418, 53.539314538059173 ], [ 12.158357568408492, 53.535758150012171 ], [ 12.160948472497168, 53.533294603194257 ], [ 12.15319177839031, 53.528716565181121 ], [ 12.142679434596621, 53.531082116113595 ], [ 12.132396810003394, 53.52970528802458 ], [ 12.128000108887257, 53.532882965901528 ], [ 12.133745998868061, 53.536681621869725 ], [ 12.129801108079995, 53.541382014286434 ], [ 12.127601094293222, 53.546109636295931 ], [ 12.124406110734151, 53.546651661402485 ], [ 12.115753215023076, 53.54460486145927 ], [ 12.110301337231308, 53.541928326357329 ], [ 12.106377307339494, 53.541835002214789 ], [ 12.100593473063469, 53.536508543021611 ], [ 12.095918577579761, 53.528806017450464 ], [ 12.091704953636132, 53.524781864891544 ], [ 12.090975956401357, 53.520394473087478 ], [ 12.088373740957287, 53.519732041821428 ], [ 12.079675982575671, 53.530299064465012 ], [ 12.074174446010524, 53.535352785385143 ], [ 12.070118901981903, 53.536315050129083 ], [ 12.06758961546984, 53.538062234869749 ], [ 12.067008995300432, 53.541314768131329 ], [ 12.069178070149185, 53.542690676066229 ], [ 12.067100023834577, 53.543073843096138 ], [ 12.066213614711941, 53.544177916396499 ], [ 12.061303076838994, 53.543442949308023 ], [ 12.056573217258792, 53.546289546949872 ], [ 12.054619025535954, 53.544979774795166 ], [ 12.050728625475443, 53.54637436953378 ], [ 12.05152487629787, 53.538231508666364 ], [ 12.049570742411746, 53.536072903724012 ], [ 12.054984846930582, 53.534273049279413 ], [ 12.054312375698188, 53.528493246045841 ], [ 12.040420870701448, 53.529337692673643 ], [ 12.036667402882086, 53.53496801187395 ], [ 12.029285262492438, 53.537975601907732 ], [ 12.012898173727592, 53.537295784239511 ], [ 12.011001664099581, 53.541538559090611 ], [ 12.004001532169998, 53.54098008004938 ], [ 11.993982199618975, 53.53787275266761 ], [ 11.991227889205364, 53.534687750065828 ], [ 11.987517469453403, 53.533809118150558 ], [ 11.983224676076764, 53.535883653247268 ], [ 11.983411670671236, 53.538082731796557 ], [ 11.985261156276328, 53.539776209897305 ], [ 11.990475450583435, 53.539976913677393 ], [ 11.985054456571079, 53.544221064268193 ], [ 11.982951212886038, 53.540071074137273 ], [ 11.977823298638853, 53.53794149061158 ], [ 11.980052502926178, 53.533528953326609 ], [ 11.979482856707039, 53.530359320730291 ], [ 11.975775211978114, 53.529807547831695 ], [ 11.973356376085297, 53.535540132510505 ], [ 11.965941528247354, 53.538589977628426 ], [ 11.96367374292028, 53.543394409552768 ], [ 11.961076088605475, 53.5449202896598 ], [ 11.956159173334754, 53.545732986776258 ], [ 11.946123719075119, 53.551807582508438 ], [ 11.939357416253575, 53.552302115671232 ], [ 11.936334864022911, 53.554226354446932 ], [ 11.931485272264077, 53.56153493858325 ], [ 11.913435834802481, 53.561072233525117 ], [ 11.901244396980795, 53.554848233036445 ], [ 11.889410323142339, 53.556922542541052 ], [ 11.882026812485178, 53.56159034888983 ], [ 11.876217058229336, 53.566583572363193 ], [ 11.87584421410885, 53.569432051072518 ], [ 11.888654454738647, 53.578151331266845 ], [ 11.893231805758077, 53.583805073923521 ], [ 11.894121191038431, 53.586489539974536 ], [ 11.891453444733346, 53.59013542807886 ], [ 11.891750282879507, 53.597004731611179 ], [ 11.892832351930107, 53.599702932369325 ], [ 11.897439923186642, 53.601785452932027 ], [ 11.886820807343321, 53.611328808613173 ], [ 11.87300985354695, 53.619247072769937 ], [ 11.86091558468633, 53.61092019532952 ], [ 11.856906867186279, 53.60471461771003 ], [ 11.84592352983579, 53.604577437901554 ], [ 11.843150127017713, 53.608046126960133 ], [ 11.838045748290181, 53.607812702172659 ], [ 11.837893369146506, 53.606220204184687 ], [ 11.840290723447563, 53.60590234269398 ], [ 11.842130280989398, 53.604161781680162 ], [ 11.84029626389761, 53.602003198994943 ], [ 11.833462006725698, 53.601539711534826 ], [ 11.838846004531199, 53.59444794332402 ], [ 11.838759636885394, 53.590178742650664 ], [ 11.831719560245459, 53.59009058253416 ], [ 11.833464547297238, 53.578394685012626 ], [ 11.841325275736537, 53.57509852323934 ], [ 11.846905410406416, 53.575436008026465 ], [ 11.855101075239327, 53.572885753033113 ], [ 11.857311057727944, 53.571135161037809 ], [ 11.849479351717799, 53.568832885618292 ], [ 11.840147571221916, 53.569442965366036 ], [ 11.83141700064837, 53.568449655738604 ], [ 11.8228327987312, 53.569749129488827 ], [ 11.816668771418607, 53.568725284948862 ], [ 11.81105003597821, 53.571054815366459 ], [ 11.800373546120639, 53.570387704900909 ], [ 11.795609388525952, 53.571902095194048 ], [ 11.789094771596192, 53.572388182990068 ], [ 11.774015059919122, 53.548617127169493 ], [ 11.785834133347882, 53.544742763424473 ], [ 11.780852369149683, 53.542893327305343 ], [ 11.782457779513553, 53.540744054457861 ], [ 11.786423507524752, 53.541139394544913 ], [ 11.804374452384398, 53.538569880857004 ], [ 11.808997996428712, 53.536691663145184 ], [ 11.815129704993002, 53.531708478667696 ], [ 11.814780357535579, 53.525697239289094 ], [ 11.818957389309524, 53.525428632996075 ], [ 11.821971581423888, 53.519409347619955 ], [ 11.783308207560301, 53.518242694338056 ], [ 11.761949116128527, 53.514562978745751 ], [ 11.748307429624766, 53.499364345971699 ], [ 11.746027494616662, 53.498707759154456 ], [ 11.735815175675263, 53.500511816242827 ], [ 11.731366978921125, 53.498851802770311 ], [ 11.721499074934652, 53.502698978586508 ], [ 11.717718928473229, 53.506417217996898 ], [ 11.710794948484684, 53.506622327947511 ], [ 11.706877624186955, 53.50453118543026 ], [ 11.705309524017565, 53.505430807971607 ], [ 11.705201335230813, 53.50816231947244 ], [ 11.700021123421978, 53.510296041981064 ], [ 11.69982090326466, 53.511803585196311 ], [ 11.696696991264218, 53.512992865932908 ], [ 11.698082771347302, 53.514740714104313 ], [ 11.696760039993286, 53.516932659526105 ], [ 11.692017450071784, 53.520047132555995 ], [ 11.685834727224226, 53.521367369364356 ], [ 11.682837713653223, 53.523516348625876 ], [ 11.678807467810195, 53.528215265217234 ], [ 11.67869813690643, 53.536003242218271 ], [ 11.676200109004849, 53.535933648892069 ], [ 11.66749987630549, 53.53206807840666 ], [ 11.660642455945228, 53.531627390392345 ], [ 11.662039771491255, 53.521823509537612 ], [ 11.665097519552104, 53.515231795119284 ], [ 11.638058724011506, 53.508718817341837 ], [ 11.636811166079436, 53.505556402199339 ], [ 11.634648069848613, 53.504502766540888 ], [ 11.629327792395928, 53.489713665026386 ], [ 11.638651857131718, 53.48754675407411 ], [ 11.636110485857778, 53.486036524196635 ], [ 11.64222324835951, 53.481345977286843 ], [ 11.634173758681511, 53.477893210558214 ], [ 11.633616990271724, 53.474406054910112 ], [ 11.637265993387087, 53.466222253713809 ], [ 11.630358435314699, 53.463604454415709 ], [ 11.607853510169145, 53.466435245440032 ], [ 11.577985978995356, 53.485674638899077 ], [ 11.557262458600292, 53.475552375182325 ], [ 11.553614233009137, 53.476271313043057 ], [ 11.543948216829959, 53.46742577897426 ], [ 11.547273754190961, 53.467472500493827 ], [ 11.547211575711554, 53.465188525266846 ], [ 11.550627907794556, 53.465039876134114 ], [ 11.55562649033064, 53.458965299649634 ], [ 11.546217832461704, 53.446703531435602 ], [ 11.532279220995198, 53.447390633216223 ], [ 11.510639625004819, 53.446758868697707 ], [ 11.508483397830204, 53.451756569991247 ], [ 11.501132939819712, 53.45287041843126 ], [ 11.498540200287524, 53.450825188834173 ], [ 11.469936655917435, 53.45462392307121 ], [ 11.475379692980175, 53.46093221405755 ], [ 11.47674076734384, 53.464633314187658 ], [ 11.474175101668243, 53.475127084747761 ], [ 11.470929738128705, 53.475855207361775 ], [ 11.46920807161368, 53.477611396293078 ], [ 11.473698523685796, 53.48057261032622 ], [ 11.488965363768278, 53.480317225001201 ], [ 11.48320669652354, 53.489023103923792 ], [ 11.489957778067602, 53.491026071675691 ], [ 11.488948813823816, 53.492506791894961 ], [ 11.477980960163855, 53.494838946488017 ], [ 11.467968427585033, 53.52122262742926 ], [ 11.466637351582142, 53.532997036373715 ], [ 11.46119446876469, 53.551701573168877 ], [ 11.468493190142556, 53.55263716419546 ], [ 11.466079872483022, 53.556365786615224 ], [ 11.483722080036619, 53.558302298418802 ], [ 11.481068382589925, 53.561207273786657 ], [ 11.451971578003997, 53.569611743226851 ], [ 11.450049135511238, 53.573045189516243 ], [ 11.473329962322492, 53.579175660439041 ], [ 11.475821700411101, 53.583514355105294 ], [ 11.483667023033698, 53.582802856575945 ], [ 11.48171357417667, 53.577853324173901 ], [ 11.487891182729747, 53.579866756600552 ], [ 11.491287511632073, 53.59433566426361 ], [ 11.493361990923523, 53.595953120136215 ], [ 11.496578047126476, 53.596283689675438 ], [ 11.497263298027185, 53.59763088423805 ], [ 11.49493030901375, 53.602328008618336 ], [ 11.496428876054754, 53.604596607347617 ], [ 11.500013949910999, 53.602622105151298 ], [ 11.505300351470503, 53.60596045981849 ], [ 11.5053092753979, 53.607612455581922 ], [ 11.501726513434791, 53.61118902152473 ], [ 11.503706084659095, 53.614065030133588 ], [ 11.504470184508449, 53.62160988865881 ], [ 11.499889994701663, 53.627704924628766 ], [ 11.484537045884766, 53.63469673327026 ], [ 11.484909508107933, 53.645376760531917 ], [ 11.483183099785153, 53.648265211842883 ], [ 11.485701060947928, 53.651752391481537 ], [ 11.484004465438879, 53.659840597187234 ], [ 11.485581090816448, 53.663131141263435 ], [ 11.485486379295132, 53.667215123238584 ], [ 11.480659714533049, 53.672520948375407 ], [ 11.480396923253275, 53.676465559829154 ], [ 11.474215226197984, 53.68264334234857 ], [ 11.469885016029211, 53.683351279262695 ], [ 11.463481547009533, 53.678513346520795 ], [ 11.459000768589037, 53.677179985204987 ], [ 11.453642743728375, 53.67699208471425 ], [ 11.449839209839652, 53.681063703530988 ], [ 11.454125588371305, 53.68105006890719 ], [ 11.455902087768269, 53.682043724472521 ], [ 11.459042316194138, 53.681697621218895 ], [ 11.46242498402677, 53.684193854676167 ], [ 11.455454913800736, 53.687295080432335 ], [ 11.449689167673936, 53.692217629245029 ], [ 11.451782737649651, 53.693166872040578 ], [ 11.45447161503489, 53.692072459171179 ], [ 11.457321236430179, 53.694145364025374 ], [ 11.459049242470961, 53.693972657752319 ], [ 11.460101779300784, 53.695654912776369 ], [ 11.462814157062054, 53.696795069885972 ], [ 11.466571162126566, 53.697015249714497 ], [ 11.469711922902073, 53.693601624266613 ], [ 11.472116695654712, 53.688090195511933 ], [ 11.474958439939414, 53.687371588057793 ], [ 11.481506717717069, 53.688590785798851 ], [ 11.486499358965871, 53.692583146168438 ], [ 11.484945468141825, 53.695268695702659 ], [ 11.486100184050624, 53.702623795493537 ], [ 11.492730567664774, 53.713375421545237 ], [ 11.496120888533181, 53.715868601713431 ], [ 11.497063368739635, 53.718943835692166 ], [ 11.496339024358345, 53.721108107751419 ], [ 11.498086015545471, 53.72206750753304 ], [ 11.502106237301078, 53.734285397340457 ], [ 11.501247379431749, 53.740647203984409 ], [ 11.498915376561616, 53.743091116938338 ], [ 11.49701895578654, 53.7499113272751 ], [ 11.490796867223859, 53.757390762587541 ], [ 11.492907007827629, 53.757734448685213 ], [ 11.492404383273271, 53.759077652837149 ], [ 11.489254460559755, 53.759562743627704 ], [ 11.489388670605521, 53.760585745854478 ], [ 11.49164414815499, 53.761348424877411 ], [ 11.489638326568423, 53.766399401461761 ], [ 11.496810775585365, 53.771529635519542 ], [ 11.499604613399523, 53.76960082692127 ], [ 11.507202092585359, 53.770223494393328 ], [ 11.51106272284226, 53.769558131666471 ], [ 11.515983857271765, 53.770622791427684 ], [ 11.523106575166995, 53.777364155782699 ], [ 11.526147375076167, 53.778411933868647 ], [ 11.521468941579567, 53.770947860845411 ], [ 11.52749747966411, 53.768116420386924 ], [ 11.531177517684796, 53.768471198641841 ], [ 11.526541648580762, 53.765502745963808 ], [ 11.522025253341278, 53.76067640096803 ], [ 11.527881419808811, 53.762317528282182 ], [ 11.528614824141487, 53.76412406484328 ], [ 11.54420054564557, 53.768808540006837 ], [ 11.547890227583339, 53.765306276088268 ], [ 11.550814593121711, 53.764400095021436 ], [ 11.552503963315941, 53.762645894872954 ], [ 11.567585437520643, 53.766674364665263 ], [ 11.572414103609043, 53.767211083621795 ], [ 11.575956997812051, 53.766412576707147 ], [ 11.580322038936563, 53.767702082670127 ], [ 11.580810646998676, 53.766868192247877 ], [ 11.575979189501686, 53.765435691196295 ], [ 11.575858178343221, 53.76366801152119 ], [ 11.577449274806028, 53.76270357237977 ], [ 11.581108482927666, 53.763987896154362 ], [ 11.584597264059186, 53.762432920034179 ], [ 11.586391105493338, 53.760633364809792 ], [ 11.601010416747144, 53.760816620983512 ], [ 11.605988247022079, 53.758974491810903 ], [ 11.609423628591355, 53.760649211594277 ], [ 11.626768011521648, 53.760802397574096 ], [ 11.631475513229701, 53.764556645232766 ], [ 11.637569529637144, 53.773388754116205 ], [ 11.639204924507226, 53.774052045175125 ], [ 11.639689126440844, 53.777263525644706 ], [ 11.653212696312327, 53.776153176895342 ], [ 11.653529236224749, 53.774840659871728 ], [ 11.650434943365227, 53.773946972705403 ], [ 11.64911947561148, 53.772064090785975 ], [ 11.650404459380672, 53.766001497346643 ], [ 11.656691796938645, 53.763483644652652 ], [ 11.657540563617523, 53.760374947338107 ], [ 11.660472033217955, 53.758909076225969 ], [ 11.664048927945185, 53.761387087104744 ], [ 11.663118481618186, 53.766452070678881 ], [ 11.666326336761273, 53.770793359353902 ], [ 11.665641910408462, 53.772722509907801 ], [ 11.6615093504311, 53.77351479986374 ], [ 11.660565365689134, 53.774401762415636 ], [ 11.669545262279945, 53.775984903201426 ], [ 11.668896820513273, 53.779701244532468 ], [ 11.666866575718457, 53.781793264654937 ], [ 11.668131978846457, 53.784643113759735 ], [ 11.671983475131309, 53.785101850744731 ], [ 11.679653994134751, 53.787565772088286 ], [ 11.686007187902847, 53.784941306494339 ], [ 11.686427168691587, 53.783455185328592 ], [ 11.69299929477201, 53.780710067756281 ], [ 11.693430481047946, 53.776980393079285 ], [ 11.694937058608931, 53.777886940981659 ], [ 11.697633323842098, 53.777597937593718 ], [ 11.697773324756438, 53.778972344572864 ], [ 11.695422945564626, 53.780767267601448 ], [ 11.699290000276802, 53.784007927389737 ], [ 11.69616017541631, 53.789541968208518 ], [ 11.698942428642072, 53.789911976162493 ], [ 11.700218404145911, 53.788992019075643 ], [ 11.703196995177731, 53.789393061943251 ], [ 11.707782728596055, 53.791598837559569 ], [ 11.710988719431066, 53.792179526922823 ], [ 11.71543823568852, 53.798194424917483 ], [ 11.721978268772538, 53.796576559590051 ], [ 11.720919071228504, 53.794617830137511 ] ] ] ] } },
{ "type": "Feature", "properties": { "wkr": 33, "wkr_name": "Vorpommern-Rügen IV" }, "geometry": { "type": "MultiPolygon", "coordinates": [ [ [ [ 13.360954158002846, 54.252672425402849 ], [ 13.363691661189073, 54.251038264714765 ], [ 13.358828023823135, 54.252453300447044 ], [ 13.360954158002846, 54.252672425402849 ] ] ], [ [ [ 13.391238199294886, 54.264315252902016 ], [ 13.388438268436532, 54.264031765092739 ], [ 13.388873989290527, 54.265059938400775 ], [ 13.391158385548176, 54.26546615066286 ], [ 13.391238199294886, 54.264315252902016 ] ] ], [ [ [ 13.397641891379655, 54.266426531139864 ], [ 13.39535228468003, 54.265775582103451 ], [ 13.394650919724025, 54.266933156761127 ], [ 13.3962064541097, 54.266982735706996 ], [ 13.397641891379655, 54.266426531139864 ] ] ], [ [ [ 13.217403338342375, 54.397995875085769 ], [ 13.20880760152551, 54.396693660792131 ], [ 13.207295366717828, 54.397459092257378 ], [ 13.207211498329873, 54.399171448674444 ], [ 13.209247614661509, 54.401022573310186 ], [ 13.213541210705319, 54.402447753772819 ], [ 13.217223978345805, 54.402773146704817 ], [ 13.219001948885184, 54.402241969344836 ], [ 13.220157211603969, 54.400613429536293 ], [ 13.217403338342375, 54.397995875085769 ] ] ], [ [ [ 13.124387222197143, 54.426845706654909 ], [ 13.117718405218783, 54.426882235098454 ], [ 13.116401653734483, 54.43058590338746 ], [ 13.123209843489754, 54.428594726324555 ], [ 13.124387222197143, 54.426845706654909 ] ] ], [ [ [ 13.211506256104617, 54.464443505682169 ], [ 13.201893066977195, 54.460677274321959 ], [ 13.200233827041249, 54.45940134606181 ], [ 13.200822220254604, 54.457389688643161 ], [ 13.19962892405233, 54.457034489821972 ], [ 13.198271746466045, 54.458241502247645 ], [ 13.198739579867754, 54.461451472103263 ], [ 13.202048806260384, 54.463408126015672 ], [ 13.205835928873883, 54.463421182183495 ], [ 13.211230025264809, 54.465004413047247 ], [ 13.211506256104617, 54.464443505682169 ] ] ], [ [ [ 13.20832999177907, 54.465254085348235 ], [ 13.206929308659381, 54.464731632591565 ], [ 13.204450619121774, 54.465275394604902 ], [ 13.204170504657872, 54.46631931846975 ], [ 13.206662459405374, 54.466829093066636 ], [ 13.20832999177907, 54.465254085348235 ] ] ], [ [ [ 13.224253510786568, 54.469871796259696 ], [ 13.226905822241562, 54.469560250707708 ], [ 13.223192086485547, 54.467044949417165 ], [ 13.223654654977198, 54.465865118065203 ], [ 13.221512235033279, 54.46458545759203 ], [ 13.217379693859355, 54.464213211786593 ], [ 13.216860444369814, 54.463591539687641 ], [ 13.213704863318743, 54.464233623335865 ], [ 13.213126032161179, 54.466804649793964 ], [ 13.217701354109723, 54.466651113005256 ], [ 13.220705349869442, 54.467793510369745 ], [ 13.221421566234781, 54.469121689016866 ], [ 13.224253510786568, 54.469871796259696 ] ] ], [ [ [ 13.081881894782072, 54.474553574116399 ], [ 13.080376898923257, 54.474504115349269 ], [ 13.080100836676177, 54.475219710593599 ], [ 13.08276296179247, 54.477018480805796 ], [ 13.083699788812041, 54.476684066299718 ], [ 13.081881894782072, 54.474553574116399 ] ] ], [ [ [ 13.198252151425555, 54.490791526402873 ], [ 13.197045288157822, 54.489645565261178 ], [ 13.195001748533787, 54.49023618206266 ], [ 13.195547939931565, 54.48794178297937 ], [ 13.19974860205688, 54.485447868536539 ], [ 13.206068152649511, 54.484458658109901 ], [ 13.211003839063832, 54.485453608311147 ], [ 13.215967804640087, 54.484866748390452 ], [ 13.222818913592679, 54.486865985985858 ], [ 13.225159299152624, 54.486527079135037 ], [ 13.227560361000261, 54.48427593453502 ], [ 13.218479992242383, 54.483008358404483 ], [ 13.225122646351855, 54.482004982305718 ], [ 13.225567608133096, 54.479996310436846 ], [ 13.224404143426622, 54.478924560078113 ], [ 13.226805855597059, 54.473741697931018 ], [ 13.224944267176996, 54.470591255180636 ], [ 13.222290358972318, 54.470803889871924 ], [ 13.215355150449891, 54.467511141188879 ], [ 13.211149797259655, 54.466945859640411 ], [ 13.209008208263086, 54.467353129865927 ], [ 13.210837175386942, 54.468594225925962 ], [ 13.20609069896501, 54.468914767480335 ], [ 13.193101719827464, 54.465826895252697 ], [ 13.193362860012369, 54.464540337183628 ], [ 13.188390444041985, 54.465917172426437 ], [ 13.186359955245964, 54.46481150702737 ], [ 13.186963015080286, 54.460000740191219 ], [ 13.182162733692831, 54.456568896127266 ], [ 13.170244519829705, 54.457156795901241 ], [ 13.16415971748604, 54.454490485889643 ], [ 13.16275329942091, 54.451500894727197 ], [ 13.164219635289843, 54.451329321767531 ], [ 13.164034498787647, 54.450308127799417 ], [ 13.160005717648875, 54.449012319202936 ], [ 13.15343748633042, 54.448025830172313 ], [ 13.147870830499922, 54.449572500804848 ], [ 13.143778326804753, 54.448272850855318 ], [ 13.143135620194755, 54.44685995477591 ], [ 13.133088364890453, 54.443256638610798 ], [ 13.130257513064624, 54.442875143108608 ], [ 13.128356076515759, 54.444135676349774 ], [ 13.123828673290873, 54.443697115418729 ], [ 13.125001672833765, 54.44270293544146 ], [ 13.123242482266255, 54.442053213545272 ], [ 13.121057100357566, 54.443413889118446 ], [ 13.121837170066806, 54.450619096274515 ], [ 13.125456256322696, 54.454618385458105 ], [ 13.13075916931804, 54.457951096614138 ], [ 13.144035274949367, 54.477180767745686 ], [ 13.157802300424304, 54.487681286331345 ], [ 13.161756830283419, 54.490029039834688 ], [ 13.171416668531528, 54.492787238886329 ], [ 13.182183889114599, 54.494040503959177 ], [ 13.193590563174178, 54.492988947971973 ], [ 13.198252151425555, 54.490791526402873 ] ] ], [ [ [ 13.166746232926352, 54.502114134573034 ], [ 13.162044328129664, 54.502852655848578 ], [ 13.155787261035773, 54.506737267750111 ], [ 13.156998892738665, 54.511505173629402 ], [ 13.158897466430698, 54.513072233127339 ], [ 13.165567819993502, 54.511447619420586 ], [ 13.169184456629379, 54.507589723341276 ], [ 13.169439085221207, 54.505557578570098 ], [ 13.163560126953003, 54.503283006454673 ], [ 13.166746232926352, 54.502114134573034 ] ] ], [ [ [ 13.303011958950165, 54.537572478461527 ], [ 13.301843811980646, 54.537289987627261 ], [ 13.299056687793611, 54.539091179799108 ], [ 13.299287797052459, 54.540729734790723 ], [ 13.301127156312045, 54.541156340464383 ], [ 13.300591843586959, 54.539580355805029 ], [ 13.303011958950165, 54.537572478461527 ] ] ], [ [ [ 13.12520713145409, 54.544421882213541 ], [ 13.123616828004936, 54.542901937012594 ], [ 13.122125190859048, 54.543421170448219 ], [ 13.119387746892224, 54.540819377208912 ], [ 13.119097155216874, 54.53885281474485 ], [ 13.116784148311741, 54.541135009857413 ], [ 13.11677805572285, 54.546778096929259 ], [ 13.122378360050691, 54.549595496994129 ], [ 13.124437935743781, 54.548765700416652 ], [ 13.12520713145409, 54.544421882213541 ] ] ], [ [ [ 13.379604403020847, 54.547283497704548 ], [ 13.385351581813376, 54.543179596995614 ], [ 13.390276931025564, 54.54124009264148 ], [ 13.39328236277642, 54.539659414490472 ], [ 13.389124624505753, 54.538767810481815 ], [ 13.387384876373831, 54.540029073425174 ], [ 13.380513361909209, 54.540701370151019 ], [ 13.378881481997407, 54.544421844745742 ], [ 13.359263959103798, 54.545656267698746 ], [ 13.35517491447534, 54.546602614739982 ], [ 13.354196079058037, 54.548107637418475 ], [ 13.354740287992946, 54.550022629961227 ], [ 13.362159014134097, 54.553230314920441 ], [ 13.363903704298055, 54.556202025343246 ], [ 13.373461914650164, 54.560360661175594 ], [ 13.377360308254431, 54.55930492225356 ], [ 13.376784779637802, 54.554575245517597 ], [ 13.379604403020847, 54.547283497704548 ] ] ], [ [ [ 13.369867717088191, 54.576695585888864 ], [ 13.360891937333781, 54.569342566400515 ], [ 13.359106878343518, 54.562807954741672 ], [ 13.354115030428389, 54.556526265352552 ], [ 13.353446164341809, 54.551426400328168 ], [ 13.350101885897461, 54.551558830999944 ], [ 13.349124214001424, 54.553326559278986 ], [ 13.34496126958823, 54.550752646204067 ], [ 13.338177170966931, 54.549287622318893 ], [ 13.338744445687688, 54.548648087400458 ], [ 13.342671531550719, 54.548482969867123 ], [ 13.344140917283127, 54.547338816389399 ], [ 13.350077623097127, 54.547189293739052 ], [ 13.353833819829779, 54.545620842055769 ], [ 13.360698448175345, 54.544727723422426 ], [ 13.361385015200611, 54.537895632347393 ], [ 13.35144291488732, 54.530593467636528 ], [ 13.34437982236564, 54.523983692949081 ], [ 13.345561148785428, 54.523167038616769 ], [ 13.344451592182994, 54.521338973845936 ], [ 13.349325923014771, 54.518808376459724 ], [ 13.34324632149711, 54.514737229870228 ], [ 13.333559462012833, 54.506003234048393 ], [ 13.328703739524125, 54.505446130489872 ], [ 13.327997655181548, 54.500629470093664 ], [ 13.325085065487748, 54.497873728531651 ], [ 13.332754020827672, 54.489769804490628 ], [ 13.344245925559779, 54.492383547422691 ], [ 13.354565553053559, 54.488872866561934 ], [ 13.355444742276429, 54.490212656283596 ], [ 13.364206173051373, 54.491425115789674 ], [ 13.364179146849661, 54.487961010650054 ], [ 13.368039221247582, 54.488397548746299 ], [ 13.370338263503811, 54.487584242146589 ], [ 13.370493536821682, 54.484765874406833 ], [ 13.368088819076025, 54.48433977509594 ], [ 13.366586972307095, 54.482577380846635 ], [ 13.367563379833939, 54.480670032697049 ], [ 13.370378179486103, 54.480585713464627 ], [ 13.370550343944565, 54.478025590267961 ], [ 13.367738382974832, 54.478242373168165 ], [ 13.363629575513574, 54.47381530312731 ], [ 13.350244794096358, 54.477003616761863 ], [ 13.350844370409723, 54.471389707792419 ], [ 13.348298386609351, 54.462354977157815 ], [ 13.343925893426114, 54.464170149969902 ], [ 13.342091823244751, 54.462870019913154 ], [ 13.331869779695095, 54.461347061357252 ], [ 13.334140276950839, 54.459118858453245 ], [ 13.325814239829478, 54.459202803818322 ], [ 13.326474035316755, 54.452674078587037 ], [ 13.32353139062921, 54.451774407925598 ], [ 13.323822719619907, 54.449478529917329 ], [ 13.320893846343289, 54.449299923961021 ], [ 13.320312999985351, 54.442482740398553 ], [ 13.316663722635875, 54.439882268515007 ], [ 13.312669573912251, 54.429025345714756 ], [ 13.308569301898718, 54.430444422398018 ], [ 13.303342626699587, 54.422625563187026 ], [ 13.293368312422791, 54.42620840240992 ], [ 13.292211080187927, 54.423559329972889 ], [ 13.295424918119977, 54.423227798975105 ], [ 13.294297198276029, 54.417204977254187 ], [ 13.304299876015353, 54.41255891978701 ], [ 13.312099305958441, 54.412612884054859 ], [ 13.319979087761105, 54.409109388321561 ], [ 13.324091516779177, 54.405207294075026 ], [ 13.32420322396465, 54.40352150466429 ], [ 13.322558665930947, 54.402094378345424 ], [ 13.338513034179464, 54.400832362598422 ], [ 13.339805483562724, 54.392938433501961 ], [ 13.342633802958169, 54.38517088076371 ], [ 13.351042381050728, 54.388010824264725 ], [ 13.35508223875452, 54.387898185081838 ], [ 13.358686504711086, 54.382163729277934 ], [ 13.362280604168905, 54.380390367206637 ], [ 13.368986558718284, 54.379865938607615 ], [ 13.37000936446633, 54.37657656527702 ], [ 13.371979607475929, 54.375237512903176 ], [ 13.392605501111523, 54.366827868564471 ], [ 13.40015669536243, 54.368964852953063 ], [ 13.408371549303919, 54.368484732823802 ], [ 13.408519582246342, 54.365449326647024 ], [ 13.404273914848817, 54.361878483160289 ], [ 13.403134994802173, 54.359608544080395 ], [ 13.404007355478528, 54.358119544242442 ], [ 13.408742017423265, 54.358984059973587 ], [ 13.409859242093662, 54.35595858501727 ], [ 13.413856739176783, 54.356354128698904 ], [ 13.412548125817544, 54.354507798467971 ], [ 13.407807794758725, 54.353324407291375 ], [ 13.405161793290299, 54.348258957071224 ], [ 13.400662962459165, 54.349933623993003 ], [ 13.39905177945554, 54.346711821582723 ], [ 13.386466155034976, 54.346599049118737 ], [ 13.380954814081742, 54.348376698492856 ], [ 13.37710922727914, 54.34215310084133 ], [ 13.373079254251255, 54.340116524827842 ], [ 13.374910109456085, 54.336553958717552 ], [ 13.371130618435249, 54.323915347362508 ], [ 13.378596494910127, 54.326260810538322 ], [ 13.380352794114744, 54.326057594256817 ], [ 13.379985771528089, 54.322838451003889 ], [ 13.376213656230599, 54.320865142035977 ], [ 13.374198097802513, 54.318697573692063 ], [ 13.37520541401306, 54.315417178465033 ], [ 13.374004428147856, 54.314367230868001 ], [ 13.378089406457727, 54.310312750371871 ], [ 13.384654443095735, 54.312864058469543 ], [ 13.394329336880757, 54.311470212494527 ], [ 13.394987087681153, 54.308180781151229 ], [ 13.399711953226475, 54.308939299784093 ], [ 13.402319951557645, 54.307915000838619 ], [ 13.401502778950801, 54.305948251199496 ], [ 13.417455291570571, 54.30058675143394 ], [ 13.412516809574972, 54.296560634334938 ], [ 13.412964691754732, 54.291421288046045 ], [ 13.408493328503194, 54.285000982113402 ], [ 13.399560272349266, 54.277592551371782 ], [ 13.396155991766923, 54.273597487609869 ], [ 13.385198001030448, 54.266036194225045 ], [ 13.384534051719468, 54.266600312364531 ], [ 13.386024635311147, 54.267971562839598 ], [ 13.386570706398224, 54.272676827735573 ], [ 13.391454519942899, 54.277549236246905 ], [ 13.390146907285276, 54.279665849852066 ], [ 13.388334231634396, 54.279085528281826 ], [ 13.386093662227083, 54.279528250195817 ], [ 13.383575538480988, 54.277505931585672 ], [ 13.375618221949379, 54.279075700990468 ], [ 13.371478586058116, 54.277522962791593 ], [ 13.371732577052198, 54.276238420151337 ], [ 13.374960407896555, 54.277137110005135 ], [ 13.375938541027939, 54.278217711577454 ], [ 13.377944576371242, 54.277183628810178 ], [ 13.372221466248272, 54.275345226829181 ], [ 13.371901192215494, 54.273372550826721 ], [ 13.369043664751583, 54.271022124565334 ], [ 13.363484026328788, 54.271521093732105 ], [ 13.361385934538395, 54.273512511977479 ], [ 13.360404341530089, 54.272234004773765 ], [ 13.358671019847252, 54.272706408048556 ], [ 13.358517184725548, 54.270766223904346 ], [ 13.357094778203951, 54.269886159557046 ], [ 13.350788924971789, 54.269731272533143 ], [ 13.353348940159528, 54.265533734863908 ], [ 13.356517979107963, 54.263466681592206 ], [ 13.354632054095157, 54.262032760202828 ], [ 13.354928032664448, 54.260118784844749 ], [ 13.357575288651512, 54.260267004270524 ], [ 13.357660919096897, 54.258981283199866 ], [ 13.355966841001619, 54.258696265878719 ], [ 13.35844645997744, 54.255784052702253 ], [ 13.35278409677206, 54.253977472520347 ], [ 13.355844383822703, 54.252343302165528 ], [ 13.355146917170741, 54.251226925886357 ], [ 13.356148688677077, 54.250660651254918 ], [ 13.357346149821383, 54.251443346805921 ], [ 13.359518923707107, 54.250538867253667 ], [ 13.358147314072378, 54.246598519791661 ], [ 13.35898729650097, 54.246395078961854 ], [ 13.361242851729475, 54.249441888352266 ], [ 13.363548824387864, 54.249457527647465 ], [ 13.367004134246695, 54.250718881358814 ], [ 13.368990986233166, 54.254490928770544 ], [ 13.365414632792122, 54.258303709218325 ], [ 13.363256830459255, 54.257298566751011 ], [ 13.362315650194068, 54.255327772804321 ], [ 13.358875992624105, 54.257755296504605 ], [ 13.361183904929527, 54.257838339381387 ], [ 13.36170947511776, 54.258789586870542 ], [ 13.360049294822787, 54.260018677096397 ], [ 13.360149763627843, 54.262356840047147 ], [ 13.366376365755352, 54.264158608936668 ], [ 13.37163075613635, 54.260945485909303 ], [ 13.379209239971797, 54.253563880344409 ], [ 13.390283074924128, 54.258920400818539 ], [ 13.39048494643519, 54.263100240241442 ], [ 13.393839965968116, 54.264986202542339 ], [ 13.396263192025589, 54.265067808509386 ], [ 13.397535057149465, 54.26387242702873 ], [ 13.402040635714508, 54.264235653405969 ], [ 13.402229631666222, 54.265189387117729 ], [ 13.404082189540887, 54.2649446413307 ], [ 13.410646816196728, 54.259037686156375 ], [ 13.413432683047555, 54.257930161629893 ], [ 13.417962581364293, 54.254046137792258 ], [ 13.423370694601543, 54.246630190576518 ], [ 13.424462872454784, 54.239805404961345 ], [ 13.423466334977991, 54.237869295664424 ], [ 13.417344700229439, 54.233009479204107 ], [ 13.409152769633197, 54.23119313325045 ], [ 13.399963174811086, 54.227111926287904 ], [ 13.395165453939152, 54.223391942655027 ], [ 13.393655634214833, 54.221032333248125 ], [ 13.391377080405375, 54.222273014746968 ], [ 13.387500615521434, 54.227104060488408 ], [ 13.383539063741958, 54.229138359397659 ], [ 13.366844474614732, 54.231890593170654 ], [ 13.359865570402279, 54.234045827151398 ], [ 13.335248561314652, 54.237273757913378 ], [ 13.328543889666239, 54.239261373745791 ], [ 13.326293965215719, 54.239143637570855 ], [ 13.323788247708801, 54.237481802112313 ], [ 13.315530327068803, 54.241739030216813 ], [ 13.312030451180776, 54.246151617517718 ], [ 13.308083776765704, 54.248450655502396 ], [ 13.302819822486098, 54.249668349155897 ], [ 13.296066242389633, 54.249185365737162 ], [ 13.29137930383896, 54.251355896019156 ], [ 13.291353878493178, 54.252904057484294 ], [ 13.294828527268518, 54.255317628285056 ], [ 13.295469812389909, 54.253469082729502 ], [ 13.299034893562078, 54.25163568745338 ], [ 13.308494143677088, 54.24946806450415 ], [ 13.318773712083557, 54.244888087103888 ], [ 13.32108013345586, 54.24473378649634 ], [ 13.323827617213123, 54.248380202431925 ], [ 13.323000363810108, 54.252074789133005 ], [ 13.327512929557727, 54.255929706827679 ], [ 13.326789545420494, 54.259228169391463 ], [ 13.324000923528875, 54.26049792324973 ], [ 13.324059309421173, 54.266359017221212 ], [ 13.327517051911558, 54.267554002067861 ], [ 13.328612129205144, 54.269027464597421 ], [ 13.330704926009902, 54.269674227943312 ], [ 13.332720476776357, 54.269099292310344 ], [ 13.334881840102051, 54.270304944356397 ], [ 13.335402927051694, 54.274022023260791 ], [ 13.337934769831522, 54.276903443924311 ], [ 13.336108804236785, 54.278560197381161 ], [ 13.333464420493099, 54.278413674041552 ], [ 13.332538751389187, 54.277202026935868 ], [ 13.328341126347887, 54.275319968003586 ], [ 13.327677412563803, 54.273338242300724 ], [ 13.323920844829535, 54.27080379693038 ], [ 13.319515972148066, 54.269877574424036 ], [ 13.309655814429496, 54.265825474323293 ], [ 13.310589092926413, 54.264633246605079 ], [ 13.314175681993383, 54.263920374823478 ], [ 13.314645209324667, 54.259307209404462 ], [ 13.320939969134837, 54.258969780986902 ], [ 13.321659359274255, 54.258457313145499 ], [ 13.320412264759716, 54.257852064424128 ], [ 13.315167739827533, 54.257097534045705 ], [ 13.304698571919818, 54.258687952912936 ], [ 13.28900225416486, 54.259240848374375 ], [ 13.284043634901213, 54.258779728362683 ], [ 13.278595287900446, 54.256045515043134 ], [ 13.270685283463129, 54.253791053385903 ], [ 13.250805043988214, 54.258585994709414 ], [ 13.24601014940361, 54.260919339694475 ], [ 13.242853334436322, 54.264381875301893 ], [ 13.238019276001594, 54.267191441340934 ], [ 13.227529200409492, 54.268768397596382 ], [ 13.217872624087743, 54.273202164177896 ], [ 13.217064600641502, 54.275412878851881 ], [ 13.218652297562549, 54.276259858905114 ], [ 13.219476791719305, 54.278526449749101 ], [ 13.218246047152419, 54.279088338700547 ], [ 13.215499186945951, 54.279438652446771 ], [ 13.215740620320972, 54.277098479822136 ], [ 13.214248173826928, 54.275296170688875 ], [ 13.216229838846294, 54.272519437325741 ], [ 13.21537026015112, 54.271600941643207 ], [ 13.212530142662246, 54.27068225359023 ], [ 13.200158479225012, 54.270171396577467 ], [ 13.196993532660729, 54.276281563052137 ], [ 13.196564178062751, 54.284713063771719 ], [ 13.199868889789991, 54.287262732418007 ], [ 13.202860110167023, 54.287740491569934 ], [ 13.203346160017198, 54.29000919798203 ], [ 13.200164134042119, 54.295131042588878 ], [ 13.19780322649985, 54.295209121352222 ], [ 13.195905775436817, 54.296273931947461 ], [ 13.193159203972284, 54.296849779539606 ], [ 13.191065964683744, 54.296364618893172 ], [ 13.188954741801664, 54.294500131945526 ], [ 13.187142052105377, 54.290364980352734 ], [ 13.182005581481894, 54.289240189172311 ], [ 13.181587456368664, 54.287793294800274 ], [ 13.178828578882742, 54.287675467768018 ], [ 13.176419091866363, 54.288550875842169 ], [ 13.166364073809657, 54.289684445120756 ], [ 13.157193418174471, 54.286076788593327 ], [ 13.153024187405641, 54.285603794565247 ], [ 13.143780064338186, 54.280777934415752 ], [ 13.141983456412975, 54.281049814953647 ], [ 13.138994487307686, 54.284589650212183 ], [ 13.141028966934408, 54.296367107464704 ], [ 13.148558333293611, 54.299323830937205 ], [ 13.153286882911395, 54.302954951111602 ], [ 13.15851418989455, 54.302402311695708 ], [ 13.154035808533656, 54.304236206900171 ], [ 13.160916201910352, 54.305022925682543 ], [ 13.165233612114667, 54.303980642681793 ], [ 13.164009842909945, 54.301055274935344 ], [ 13.169261770338236, 54.302115066853176 ], [ 13.172428815445128, 54.299497085074201 ], [ 13.177030534150816, 54.298517972548126 ], [ 13.17919128351115, 54.296432882622483 ], [ 13.181273538988314, 54.296224038161583 ], [ 13.182920199958891, 54.297136346932746 ], [ 13.185271037180058, 54.300087014053773 ], [ 13.18411872806605, 54.301805103855571 ], [ 13.17329435186045, 54.308308000080771 ], [ 13.168874065210828, 54.309919573685463 ], [ 13.164945608674888, 54.309796236775156 ], [ 13.156837013100239, 54.310936712450776 ], [ 13.149098734731552, 54.312984670715984 ], [ 13.143256698364505, 54.315222369107296 ], [ 13.139226247380218, 54.319454804214104 ], [ 13.136502608113183, 54.318021250087334 ], [ 13.131941214849899, 54.320322932443204 ], [ 13.136393603453563, 54.322641261139168 ], [ 13.135453086500542, 54.324079913311273 ], [ 13.124671822497918, 54.329343640252048 ], [ 13.122755799377913, 54.329220430137184 ], [ 13.114850538527836, 54.332055484983044 ], [ 13.114829817210145, 54.342659111239747 ], [ 13.122174574893998, 54.351677269835129 ], [ 13.123602922489093, 54.364807984292803 ], [ 13.12825945496702, 54.371107064664976 ], [ 13.133321842041017, 54.372892902605287 ], [ 13.142502139331695, 54.373372866644743 ], [ 13.145280349109767, 54.374412632869017 ], [ 13.15036219278532, 54.37484754931333 ], [ 13.154247623394749, 54.374268523848144 ], [ 13.157020688231102, 54.374946435747283 ], [ 13.165503813920299, 54.372795611543026 ], [ 13.167852688177211, 54.371399552706187 ], [ 13.171406508929483, 54.37154491701024 ], [ 13.17099242651882, 54.370394654147454 ], [ 13.174573354520895, 54.372056205634472 ], [ 13.17715430572868, 54.372249308714693 ], [ 13.185219002761485, 54.374929287463281 ], [ 13.196906748536753, 54.375719887850096 ], [ 13.201893683173308, 54.373553920906531 ], [ 13.199785477662914, 54.372379404809536 ], [ 13.202581248593267, 54.370849854017763 ], [ 13.211771256626982, 54.370709112782855 ], [ 13.216123306483377, 54.371430677225746 ], [ 13.215681278586018, 54.368667691334011 ], [ 13.218708963511435, 54.367464453607056 ], [ 13.220795741861373, 54.367551483184222 ], [ 13.222971343687183, 54.369516228590491 ], [ 13.224952649243354, 54.369965532672545 ], [ 13.233907946837231, 54.369386349849712 ], [ 13.238123409990179, 54.370651620485773 ], [ 13.239097287364174, 54.371580562840734 ], [ 13.236349023711522, 54.374254167562931 ], [ 13.23726157278182, 54.377697449773706 ], [ 13.248877932953608, 54.378469970715074 ], [ 13.260615155029708, 54.381015949077941 ], [ 13.261779665370163, 54.382951827272009 ], [ 13.260802937151867, 54.385195315799201 ], [ 13.256311889138214, 54.386572247665377 ], [ 13.249468650922651, 54.385493904548738 ], [ 13.25006314551807, 54.384041258943597 ], [ 13.240554282829974, 54.385514487302345 ], [ 13.2384306869595, 54.386712957840885 ], [ 13.235447551312275, 54.393544061273367 ], [ 13.231978239563807, 54.395343287310261 ], [ 13.230394097251825, 54.39844810061976 ], [ 13.230853040309141, 54.402165842957857 ], [ 13.236691041085042, 54.40354777327542 ], [ 13.238318415399201, 54.403012731615988 ], [ 13.243594710471541, 54.4046265122577 ], [ 13.244289375064895, 54.405608731122193 ], [ 13.248465627419954, 54.402358133043819 ], [ 13.251501534277002, 54.401780835700215 ], [ 13.255017794430948, 54.405356936721091 ], [ 13.25233758702327, 54.407801383563232 ], [ 13.246012010724337, 54.407476911058602 ], [ 13.242603504929324, 54.406344266903083 ], [ 13.242869888067153, 54.405257455705502 ], [ 13.24037062521853, 54.404350877801235 ], [ 13.2344313286257, 54.403594319861014 ], [ 13.232407143006162, 54.40413389452754 ], [ 13.236147512978073, 54.40829321805947 ], [ 13.236120038073102, 54.40668038558195 ], [ 13.237486178832205, 54.407297073113902 ], [ 13.236970631810074, 54.410263324803985 ], [ 13.235061977595388, 54.410833710837082 ], [ 13.235261508102566, 54.412611795423196 ], [ 13.232398499176908, 54.413681828933022 ], [ 13.229277190810166, 54.41267979513237 ], [ 13.234368137198382, 54.409882878833329 ], [ 13.233457008274646, 54.409526387197729 ], [ 13.228667288783681, 54.411681245574172 ], [ 13.221773647435004, 54.413117695447909 ], [ 13.215773215872522, 54.418911591979786 ], [ 13.211615838919325, 54.430264111130185 ], [ 13.206870270480231, 54.430160001754111 ], [ 13.201478324891191, 54.426008715308484 ], [ 13.193505971574892, 54.424270666435241 ], [ 13.182761617852805, 54.423342227506538 ], [ 13.175093361351491, 54.423978176432165 ], [ 13.172348301667233, 54.425342538634546 ], [ 13.167592614304349, 54.424511302122326 ], [ 13.166389359361313, 54.423430102935036 ], [ 13.159817734208845, 54.421949682438061 ], [ 13.157987968293545, 54.420673965679114 ], [ 13.152528533007208, 54.421656518407225 ], [ 13.150185810599389, 54.423447544743738 ], [ 13.149867235223663, 54.428717263184723 ], [ 13.161023614989793, 54.435734749119312 ], [ 13.164844428278258, 54.445244801580138 ], [ 13.168830514963926, 54.449559953511745 ], [ 13.169114691898107, 54.452263277970509 ], [ 13.170571875291111, 54.453513754663305 ], [ 13.172210267877839, 54.452507776671808 ], [ 13.175523326188472, 54.452834168875967 ], [ 13.180440724313868, 54.454933503505139 ], [ 13.181503019730732, 54.454334881827478 ], [ 13.186478972797754, 54.454472426733233 ], [ 13.192588674114399, 54.455356226584961 ], [ 13.192790402467871, 54.450091579556947 ], [ 13.197054773399973, 54.448190437330872 ], [ 13.200468427212469, 54.448075187026134 ], [ 13.204639977969208, 54.452864415722154 ], [ 13.204935605064632, 54.455174574691156 ], [ 13.203518565890935, 54.457202061105157 ], [ 13.207419941660536, 54.460743538919552 ], [ 13.209085412494247, 54.460954546945537 ], [ 13.208346116805924, 54.459599532187468 ], [ 13.212456834596127, 54.460311408953082 ], [ 13.214326858296783, 54.459126129841636 ], [ 13.218362922997338, 54.459287771404142 ], [ 13.222920865715022, 54.460457325158174 ], [ 13.223706169422947, 54.462232179836043 ], [ 13.222451268609303, 54.462605446770119 ], [ 13.224940129100634, 54.464316708570287 ], [ 13.227579358312605, 54.463937842363116 ], [ 13.230240844148403, 54.464655103868303 ], [ 13.233104582150816, 54.462509005031471 ], [ 13.237265280549007, 54.46248509208236 ], [ 13.237668917954844, 54.463990246753113 ], [ 13.24110508643218, 54.465805950599567 ], [ 13.248504420513488, 54.463702827440564 ], [ 13.251786008818151, 54.463906031878658 ], [ 13.255187452319516, 54.465678800749338 ], [ 13.254601315607299, 54.46612932044161 ], [ 13.249258587465476, 54.465387864489017 ], [ 13.247476160791802, 54.466022853159679 ], [ 13.248506031021602, 54.467375966568831 ], [ 13.244178948825938, 54.467841498989628 ], [ 13.238142775339378, 54.466011747542545 ], [ 13.238226976440483, 54.467107548829624 ], [ 13.236410428247297, 54.467794236044611 ], [ 13.231233054836579, 54.467477899967825 ], [ 13.231137961008953, 54.468244492847781 ], [ 13.236355067702407, 54.468403206380081 ], [ 13.240741682495608, 54.470730096592916 ], [ 13.242223815655503, 54.472592917744919 ], [ 13.246203698567548, 54.473008065873579 ], [ 13.253364417318407, 54.471314935022797 ], [ 13.254035983243291, 54.473770978829684 ], [ 13.256987757217656, 54.473164886449887 ], [ 13.266990612578059, 54.476911136208912 ], [ 13.270247647061698, 54.480016563831178 ], [ 13.265375664006648, 54.480497505163704 ], [ 13.258841519626797, 54.478148196877477 ], [ 13.257407913095225, 54.479111453029255 ], [ 13.257123209100135, 54.484437458071277 ], [ 13.255706065028052, 54.486393638349369 ], [ 13.253874470134551, 54.4860360107199 ], [ 13.249606979626837, 54.487384171550275 ], [ 13.24354009569066, 54.486655606009514 ], [ 13.236216134378001, 54.482764091594639 ], [ 13.230209362131719, 54.484633832666788 ], [ 13.22757979295533, 54.486594274510068 ], [ 13.226303369790203, 54.493100774434787 ], [ 13.226711277855109, 54.494897889516949 ], [ 13.22835683426522, 54.495218764457661 ], [ 13.229128421032591, 54.503733328586222 ], [ 13.233244327230219, 54.50448048457725 ], [ 13.231019591051471, 54.507395711796683 ], [ 13.233621315744712, 54.508297440120486 ], [ 13.231209564255531, 54.510663273636041 ], [ 13.228369110471059, 54.511191569074654 ], [ 13.223186222720757, 54.510632178791546 ], [ 13.209446843254712, 54.507880393350881 ], [ 13.207787921068419, 54.506752651089819 ], [ 13.203361346179486, 54.506116389352151 ], [ 13.201289429473157, 54.503789057176839 ], [ 13.198022076874302, 54.503683269788922 ], [ 13.191865933336123, 54.505446161717117 ], [ 13.180639015710291, 54.505874279897462 ], [ 13.17063598834703, 54.507836152995274 ], [ 13.167164416552872, 54.512077452893607 ], [ 13.162459828362694, 54.514011097827215 ], [ 13.164079311982105, 54.520757946601812 ], [ 13.16278758036454, 54.527005305256758 ], [ 13.159718319248691, 54.535312677090261 ], [ 13.154971945859828, 54.540593353201878 ], [ 13.148287447570228, 54.542388245334678 ], [ 13.141738582751985, 54.541337911551963 ], [ 13.139827761042595, 54.540399314968212 ], [ 13.144469368118397, 54.546821556716573 ], [ 13.170432932051931, 54.54555304253666 ], [ 13.188566250947611, 54.548312562706251 ], [ 13.21329919993339, 54.550381032200079 ], [ 13.22686908521848, 54.553228016616742 ], [ 13.236420635823807, 54.553998291021017 ], [ 13.242156710642957, 54.553340832335685 ], [ 13.244637972887226, 54.555597777494356 ], [ 13.245549187626313, 54.552609117788215 ], [ 13.255526290582809, 54.551827540552985 ], [ 13.25882224754308, 54.548907878944377 ], [ 13.261894134584573, 54.547568691208852 ], [ 13.263548048524303, 54.548219467937244 ], [ 13.276508778143143, 54.543426243883182 ], [ 13.286135814696042, 54.543307037026544 ], [ 13.289510080158582, 54.54145082647598 ], [ 13.291067331770975, 54.538069122641318 ], [ 13.295057177717442, 54.537154831164493 ], [ 13.294889873752691, 54.534990183590146 ], [ 13.294110448256106, 54.533781822492919 ], [ 13.291454192887313, 54.533652196300281 ], [ 13.290421301270769, 54.532299401033498 ], [ 13.289863946019603, 54.526097860646125 ], [ 13.286992752889653, 54.524316050737703 ], [ 13.287508582885295, 54.521670939141053 ], [ 13.292552794594496, 54.521271235024656 ], [ 13.295247192461533, 54.520153757219795 ], [ 13.297498922148051, 54.51911092112352 ], [ 13.300819092405089, 54.514677844984149 ], [ 13.304849151722054, 54.513996565337976 ], [ 13.308407994527203, 54.514964856124223 ], [ 13.310911557755642, 54.517298855828919 ], [ 13.306095270603768, 54.519533274562171 ], [ 13.307897130099382, 54.520274520866835 ], [ 13.311395467948605, 54.519425567760329 ], [ 13.311834034525301, 54.525097731768028 ], [ 13.30408409593273, 54.526854095731984 ], [ 13.302914371395834, 54.528550891731427 ], [ 13.306102189274885, 54.533596875911471 ], [ 13.307410879909137, 54.539355612725494 ], [ 13.305273147922762, 54.539919458877087 ], [ 13.30332622197661, 54.547019637015779 ], [ 13.30195764638734, 54.548239104608186 ], [ 13.297137768482516, 54.549875428950195 ], [ 13.296753895960379, 54.550857317650468 ], [ 13.299803068661951, 54.554605716595006 ], [ 13.325017504118339, 54.568102904543203 ], [ 13.333237775767429, 54.570925331849494 ], [ 13.337198107432906, 54.57037382700851 ], [ 13.340825449965903, 54.571781080146224 ], [ 13.349854642035458, 54.579256515735814 ], [ 13.354460666930601, 54.580809685026701 ], [ 13.359398206629406, 54.580543003048284 ], [ 13.369027720245557, 54.578568271697641 ], [ 13.369867717088191, 54.576695585888864 ] ] ], [ [ [ 13.146217977325357, 54.602996533802973 ], [ 13.148066066142373, 54.59500235604056 ], [ 13.151279466954181, 54.587939896378963 ], [ 13.15774117319914, 54.580588791941118 ], [ 13.154859396988705, 54.577969160249346 ], [ 13.157227983323637, 54.573432039258115 ], [ 13.156665580247836, 54.572096461325238 ], [ 13.156051942015084, 54.571665979854586 ], [ 13.153286282318172, 54.576993332917063 ], [ 13.151306763783301, 54.575092792651994 ], [ 13.151534249035045, 54.583133881629109 ], [ 13.147080476789371, 54.589023908704689 ], [ 13.147945076124804, 54.591279497223617 ], [ 13.146249190780059, 54.595648226742746 ], [ 13.145389221757998, 54.595039237035721 ], [ 13.145974971618113, 54.589878503878246 ], [ 13.144652017332319, 54.587744250902929 ], [ 13.146405349843768, 54.581007433350031 ], [ 13.146505890819894, 54.575462675822273 ], [ 13.145235125889755, 54.57373023250998 ], [ 13.142553914969437, 54.575473222194027 ], [ 13.144269076923445, 54.577196679786425 ], [ 13.143577941398124, 54.580702405785111 ], [ 13.139902966389014, 54.586206366651105 ], [ 13.134155299009139, 54.589446905685868 ], [ 13.139134605774913, 54.590842088361349 ], [ 13.140940163033084, 54.59395578566135 ], [ 13.141188917743372, 54.598571128127986 ], [ 13.139482659455728, 54.598305431377142 ], [ 13.128953509163189, 54.590613123085056 ], [ 13.124337245338625, 54.585048382090505 ], [ 13.125133184302024, 54.583903290343393 ], [ 13.111724707695609, 54.584514935292297 ], [ 13.110627774422053, 54.583223840783475 ], [ 13.110465168936859, 54.581256766104083 ], [ 13.112718528754472, 54.578099010806845 ], [ 13.117559559967569, 54.575557944491699 ], [ 13.115653466793704, 54.574740454612829 ], [ 13.119095259731413, 54.573937757207332 ], [ 13.109661194234157, 54.572328822710823 ], [ 13.11090973808467, 54.569804647007729 ], [ 13.110012693839945, 54.568393581640706 ], [ 13.108107097766053, 54.567849906893805 ], [ 13.112734495600479, 54.564485508933529 ], [ 13.116228793559165, 54.556974984117694 ], [ 13.116879725461391, 54.551009884169559 ], [ 13.113219717451027, 54.544314755085345 ], [ 13.116698130571969, 54.538026286815509 ], [ 13.105018102386495, 54.531166431967328 ], [ 13.103655236296637, 54.529234092688654 ], [ 13.09287508905091, 54.527513378149358 ], [ 13.092444533407601, 54.525940501569934 ], [ 13.094180860489866, 54.524083778439078 ], [ 13.092233161446021, 54.520237737613385 ], [ 13.092662328147251, 54.517396270043875 ], [ 13.09178448895566, 54.517011620467279 ], [ 13.089036441294555, 54.518834646543588 ], [ 13.084510888684026, 54.519131338864263 ], [ 13.084954305049244, 54.5170424178662 ], [ 13.087587608845416, 54.517030582192142 ], [ 13.08837246268163, 54.514785100684655 ], [ 13.083782315888577, 54.515708779403006 ], [ 13.081439952234266, 54.512297879996616 ], [ 13.082159743878607, 54.510367224278255 ], [ 13.07954602386117, 54.507112517260168 ], [ 13.079736201239038, 54.502477277404026 ], [ 13.075659263134408, 54.500628501606286 ], [ 13.073443549757787, 54.500606802213532 ], [ 13.072753351899244, 54.499468668207946 ], [ 13.073867646268667, 54.491634972976449 ], [ 13.071300639015233, 54.491565401682507 ], [ 13.074115725228632, 54.489940005983797 ], [ 13.076058223185751, 54.483517921388689 ], [ 13.075507371339324, 54.482695890797302 ], [ 13.073614752758521, 54.482821085169078 ], [ 13.072795924622346, 54.482155284413501 ], [ 13.076684678054065, 54.479777171418824 ], [ 13.076807906285039, 54.478871288481471 ], [ 13.071947250981902, 54.479169079579023 ], [ 13.074147602958096, 54.476917377214846 ], [ 13.072258557927523, 54.471929610943782 ], [ 13.072758934526057, 54.468858779016443 ], [ 13.067782295957754, 54.470531795781326 ], [ 13.071396553885174, 54.467880761794667 ], [ 13.069142292048342, 54.465922794472547 ], [ 13.0694523631756, 54.463639049936397 ], [ 13.06589474748894, 54.460152310325945 ], [ 13.065403840119801, 54.45764061155564 ], [ 13.061575438751239, 54.460406899966998 ], [ 13.061986123948264, 54.466346823168521 ], [ 13.06040235252658, 54.474696887041944 ], [ 13.061200026502531, 54.478903264336211 ], [ 13.069527784610196, 54.501059709004949 ], [ 13.081014683628357, 54.52080028527967 ], [ 13.085905626837066, 54.537574941617237 ], [ 13.093549797816436, 54.547575277257906 ], [ 13.099140478910977, 54.560062373722722 ], [ 13.102429198921518, 54.577868120661435 ], [ 13.101238566139713, 54.579338264057711 ], [ 13.101337708168886, 54.587198052849629 ], [ 13.097859586209188, 54.590284856754025 ], [ 13.119521994210121, 54.603249323216957 ], [ 13.13066708341362, 54.605476132717527 ], [ 13.134801895189135, 54.605613427689974 ], [ 13.146217977325357, 54.602996533802973 ] ] ], [ [ [ 13.429335766678582, 54.68480658502866 ], [ 13.437849010570938, 54.677613679085709 ], [ 13.437836773197493, 54.676164681029981 ], [ 13.434086134397374, 54.673768032427617 ], [ 13.431766463677571, 54.670304899177751 ], [ 13.432336320270513, 54.666214089900613 ], [ 13.429227051745931, 54.661148210552561 ], [ 13.422551088092646, 54.657419994775125 ], [ 13.394378072483393, 54.652491042143247 ], [ 13.387073866969811, 54.649434756866079 ], [ 13.383720755094783, 54.646135259845678 ], [ 13.376972594172429, 54.634921714486538 ], [ 13.378031579645494, 54.625312506890701 ], [ 13.381768620187502, 54.615318647218963 ], [ 13.390038683778466, 54.602102943485292 ], [ 13.398057150004401, 54.593215421467008 ], [ 13.403656470038719, 54.589028570389459 ], [ 13.422374084951334, 54.578117271771305 ], [ 13.437163721396914, 54.573347444234557 ], [ 13.459178842310699, 54.570570386078444 ], [ 13.468191498375656, 54.571728659268004 ], [ 13.468752417913612, 54.57310835984125 ], [ 13.466289594022431, 54.575353731733074 ], [ 13.476163271255963, 54.573512252942891 ], [ 13.480931900365801, 54.573697864621664 ], [ 13.483286646156401, 54.572841654159085 ], [ 13.491236167403835, 54.572622451464618 ], [ 13.495778544026898, 54.574386422334356 ], [ 13.501436380744479, 54.575215968187024 ], [ 13.507207908218277, 54.573968233404067 ], [ 13.548987174439798, 54.58063223279121 ], [ 13.558457500624025, 54.580699412898014 ], [ 13.569028467240932, 54.582702250253043 ], [ 13.580192507234408, 54.583186979470867 ], [ 13.59133500295944, 54.584625802059087 ], [ 13.634992495049454, 54.585312677240537 ], [ 13.64302531060471, 54.582501256992771 ], [ 13.647538988790934, 54.579901156402634 ], [ 13.660431521360135, 54.57609377193991 ], [ 13.676876021936609, 54.565034996366904 ], [ 13.678918028254929, 54.562404984400196 ], [ 13.677294890458763, 54.556277300617801 ], [ 13.67754414322822, 54.551051069349398 ], [ 13.68065161980596, 54.544645260365499 ], [ 13.679030669596928, 54.53790416251222 ], [ 13.67950158314598, 54.53495632354857 ], [ 13.668261710240721, 54.521029591862629 ], [ 13.652515941241058, 54.515088217552979 ], [ 13.64428600853771, 54.513064827193787 ], [ 13.62302734420704, 54.503091735092134 ], [ 13.610763439486895, 54.499888779757164 ], [ 13.602035220625481, 54.490780505446153 ], [ 13.597342221667972, 54.488534401206067 ], [ 13.597105242495163, 54.487118865336122 ], [ 13.601923249618022, 54.483319575735344 ], [ 13.601078258071967, 54.482436411056057 ], [ 13.598704974781917, 54.481837027126076 ], [ 13.596078784778214, 54.483976701879349 ], [ 13.593255202436071, 54.483381500913978 ], [ 13.590365416628865, 54.48554596635703 ], [ 13.580898692779504, 54.481711425221576 ], [ 13.574584614096953, 54.477185369230277 ], [ 13.560725437022779, 54.475730887719209 ], [ 13.554069066702445, 54.476458690404534 ], [ 13.549894259741096, 54.475197213569814 ], [ 13.543852091027553, 54.477372941604031 ], [ 13.526827936742794, 54.479921356841388 ], [ 13.526980517188695, 54.482847576104334 ], [ 13.537768355744866, 54.482496276242671 ], [ 13.536798726267122, 54.489752347279051 ], [ 13.540955646360922, 54.49119630239791 ], [ 13.532981748590108, 54.492940568639547 ], [ 13.530185190547121, 54.494616901496379 ], [ 13.525946261541842, 54.495060373439777 ], [ 13.528560186188315, 54.497177955185727 ], [ 13.532677304850029, 54.499200203105858 ], [ 13.538804545189796, 54.498612984566435 ], [ 13.544251136310541, 54.495305684530557 ], [ 13.546696596958055, 54.495707707547076 ], [ 13.546424904692961, 54.493276809490148 ], [ 13.551138841670964, 54.491451483267518 ], [ 13.555333334822286, 54.492274232055323 ], [ 13.563306443872868, 54.499030401210646 ], [ 13.557896877463079, 54.499874270645215 ], [ 13.55843297075892, 54.506551165185407 ], [ 13.556554026545236, 54.508157719318241 ], [ 13.555775202922264, 54.510689655297071 ], [ 13.54923872155277, 54.512923940073172 ], [ 13.533757988949644, 54.507495410511488 ], [ 13.52923433137552, 54.503715033924202 ], [ 13.523433388600752, 54.505246070505947 ], [ 13.521611972053908, 54.507200996344217 ], [ 13.51607468942875, 54.507185271289565 ], [ 13.513558766039949, 54.509511784600249 ], [ 13.514847884809466, 54.515573114895716 ], [ 13.509846105536221, 54.526664839170792 ], [ 13.51083101141632, 54.528782407145037 ], [ 13.513213642851394, 54.526637902154576 ], [ 13.513811205610578, 54.52805083937492 ], [ 13.509404609684678, 54.531681049400966 ], [ 13.504273376031021, 54.540544593942151 ], [ 13.504923215864872, 54.544354310671281 ], [ 13.502590837421092, 54.548565269622507 ], [ 13.500447425410741, 54.549128156347017 ], [ 13.497896121175373, 54.548112552552574 ], [ 13.495578573528935, 54.549330546608417 ], [ 13.492939745764076, 54.552368569120709 ], [ 13.493330368284973, 54.553378814315742 ], [ 13.496805697635388, 54.553731165339919 ], [ 13.496686774538764, 54.554765609502716 ], [ 13.491491850577127, 54.55894930260505 ], [ 13.492702117635169, 54.559458809362312 ], [ 13.494853325164925, 54.558376964093746 ], [ 13.495808964584311, 54.559241179833258 ], [ 13.493316695797077, 54.560786348046697 ], [ 13.495008253115881, 54.561044812943237 ], [ 13.499747386533738, 54.558704710993169 ], [ 13.506002690347152, 54.558560842154847 ], [ 13.508524004350308, 54.557779187579207 ], [ 13.512731738458706, 54.561450426928779 ], [ 13.51324076452868, 54.563025798739282 ], [ 13.511779448578856, 54.565481930914395 ], [ 13.509236839540037, 54.56652896028114 ], [ 13.503323042603432, 54.563812371534084 ], [ 13.495727324203711, 54.563708284509197 ], [ 13.489575198683612, 54.562159082413181 ], [ 13.489985547927446, 54.559172250262613 ], [ 13.485152054868323, 54.558277508656559 ], [ 13.491634128035944, 54.552902233976226 ], [ 13.490654655250566, 54.551166475991941 ], [ 13.488594965725802, 54.551182595665139 ], [ 13.484436563991341, 54.553720059099057 ], [ 13.482167265145071, 54.552865957353205 ], [ 13.454073151199742, 54.553291395931666 ], [ 13.448396905417331, 54.551273708454431 ], [ 13.446099658720817, 54.551906421617431 ], [ 13.434871508240301, 54.559356344362371 ], [ 13.429316519005617, 54.565973034318652 ], [ 13.426000661417646, 54.568374170214902 ], [ 13.421242704381568, 54.569720680660261 ], [ 13.415145045915663, 54.570272447640072 ], [ 13.407255131812905, 54.572939477178934 ], [ 13.400574730230595, 54.572099428977623 ], [ 13.396811887167166, 54.572453959689469 ], [ 13.394428295404387, 54.573681633677907 ], [ 13.390663091533121, 54.57785749978261 ], [ 13.386580418845986, 54.579991028873806 ], [ 13.38356884648117, 54.584201839791611 ], [ 13.383994154219629, 54.595481472251421 ], [ 13.382375770520319, 54.59903333493962 ], [ 13.374032012260326, 54.608512840772391 ], [ 13.370777360888711, 54.614472746070284 ], [ 13.367111618811881, 54.614279805627163 ], [ 13.365577146427094, 54.612656864185169 ], [ 13.360146547225979, 54.613237053974423 ], [ 13.356193935075188, 54.612430134535018 ], [ 13.354161317493075, 54.611230546101424 ], [ 13.353245774200873, 54.605642644659547 ], [ 13.347698824238973, 54.600849334333134 ], [ 13.333067383258685, 54.596207443317397 ], [ 13.327862686456946, 54.593733800405275 ], [ 13.329766667966236, 54.59073574670731 ], [ 13.333018892528191, 54.58866352614686 ], [ 13.332732110651973, 54.586427796629906 ], [ 13.334725029827823, 54.584866960335411 ], [ 13.33436083139836, 54.583433740855952 ], [ 13.325446641805865, 54.580458493589433 ], [ 13.316635335728595, 54.580002799959225 ], [ 13.310093629767479, 54.577015852841996 ], [ 13.305998546487524, 54.573501134189989 ], [ 13.297526675212263, 54.571649137047288 ], [ 13.295283709694081, 54.572047162130943 ], [ 13.286334103818204, 54.569812966310948 ], [ 13.284813831750061, 54.568060887664856 ], [ 13.278665874870507, 54.564804847207 ], [ 13.274306973166269, 54.563833711842811 ], [ 13.257061217213348, 54.56296146539929 ], [ 13.254847419621143, 54.561478165797396 ], [ 13.250180896222696, 54.560768600058871 ], [ 13.247968900654254, 54.558022700939581 ], [ 13.245724918039999, 54.55812781876255 ], [ 13.243501770935968, 54.559679536507097 ], [ 13.24313790776163, 54.561687781097895 ], [ 13.247671566945161, 54.567484508887993 ], [ 13.255609513797273, 54.587097546263237 ], [ 13.259503634697438, 54.593901896036371 ], [ 13.277584608153516, 54.609571477810178 ], [ 13.284430916664434, 54.619605628395064 ], [ 13.288253785803432, 54.628406501924523 ], [ 13.287663918091461, 54.637288578773074 ], [ 13.286189391332929, 54.638876928982071 ], [ 13.287246880090525, 54.640395790059635 ], [ 13.285713226789891, 54.643617749907818 ], [ 13.282479056216546, 54.646416393533443 ], [ 13.268056736534545, 54.643562291958752 ], [ 13.264405375277951, 54.64407357358894 ], [ 13.240534704558513, 54.632124095612191 ], [ 13.231037286001239, 54.625750895881467 ], [ 13.226988851821533, 54.624902056123766 ], [ 13.230928025115849, 54.608159188949521 ], [ 13.237426733227965, 54.598372470706273 ], [ 13.237357469693189, 54.594288712912075 ], [ 13.235989073687225, 54.596637334091476 ], [ 13.234123786630184, 54.597301667650825 ], [ 13.230295380223621, 54.594883665569178 ], [ 13.227459393816201, 54.591404189617599 ], [ 13.228169253855949, 54.587807944155344 ], [ 13.214806456926411, 54.58555062946634 ], [ 13.207947240429894, 54.579965285079076 ], [ 13.202070442494643, 54.576229998795959 ], [ 13.197712811082203, 54.57480905628853 ], [ 13.194887996648971, 54.572247446628289 ], [ 13.188787993354012, 54.571846387577487 ], [ 13.18369457291994, 54.569804481086415 ], [ 13.185063837352663, 54.567618184479102 ], [ 13.182855313154745, 54.564087126469637 ], [ 13.178251378237295, 54.563349765706178 ], [ 13.177568773673361, 54.561720128878818 ], [ 13.175469906908829, 54.565489389848871 ], [ 13.174347442259286, 54.563648625157249 ], [ 13.176152461964126, 54.561123179218761 ], [ 13.163170795895386, 54.557982213335436 ], [ 13.160840183164343, 54.55875563378121 ], [ 13.160455987507364, 54.564313107114423 ], [ 13.168553311178902, 54.572824006851839 ], [ 13.178705412493148, 54.575702946774889 ], [ 13.195234975374733, 54.582157178632663 ], [ 13.204506930786831, 54.587283022212617 ], [ 13.214285079995296, 54.594582183390365 ], [ 13.220295429771262, 54.600812147544929 ], [ 13.226374656606607, 54.610799703747013 ], [ 13.226187361955473, 54.61630241962505 ], [ 13.220657300213245, 54.627877990376007 ], [ 13.2209197304224, 54.632506537597123 ], [ 13.218816579467031, 54.636004774678547 ], [ 13.221248395542005, 54.640892990589521 ], [ 13.230191041008096, 54.647813792771821 ], [ 13.237671398296486, 54.651255818268751 ], [ 13.250780875200462, 54.659950794655828 ], [ 13.288139553486078, 54.67356251461085 ], [ 13.322273545478621, 54.674490669410325 ], [ 13.339414482591209, 54.676231269113067 ], [ 13.356029293517736, 54.680098081399215 ], [ 13.378284423570324, 54.683540138731566 ], [ 13.407965717886476, 54.682407540625483 ], [ 13.418250500370583, 54.684129538938429 ], [ 13.429335766678582, 54.68480658502866 ] ] ] ] } },
{ "type": "Feature", "properties": { "wkr": 34, "wkr_name": "Vorpommern-Rügen V" }, "geometry": { "type": "MultiPolygon", "coordinates": [ [ [ [ 13.543973910282963, 54.323557591256382 ], [ 13.539229484880467, 54.323188054830453 ], [ 13.534739677727559, 54.321895006332525 ], [ 13.52810469279726, 54.318339137218672 ], [ 13.524072012528965, 54.314763858895091 ], [ 13.524003148485688, 54.309958404016967 ], [ 13.519744392476694, 54.312327572241792 ], [ 13.518445325152987, 54.316355494325933 ], [ 13.521440163394784, 54.315272863772897 ], [ 13.523293137713567, 54.316262062290797 ], [ 13.530992795411828, 54.323847132028185 ], [ 13.529908688545126, 54.325437815440267 ], [ 13.530926077104837, 54.326662956647112 ], [ 13.53818778205455, 54.329687889895226 ], [ 13.541812653439608, 54.332201212307645 ], [ 13.542597901287493, 54.331925059207983 ], [ 13.541281558233056, 54.33107103613402 ], [ 13.546309185467827, 54.325845659937386 ], [ 13.543973910282963, 54.323557591256382 ] ] ], [ [ [ 13.545207785048945, 54.433495476425705 ], [ 13.547926894523599, 54.434519601023268 ], [ 13.555525741221386, 54.43284510515246 ], [ 13.554880217590584, 54.432362666053272 ], [ 13.552468007896252, 54.430435426448305 ], [ 13.555525741221386, 54.43284510515246 ], [ 13.547736999892063, 54.434577576197057 ], [ 13.549791299986342, 54.435728485878684 ], [ 13.553765082461309, 54.435263704331767 ], [ 13.556694767376962, 54.438594605615563 ], [ 13.556752980423573, 54.442883364717979 ], [ 13.552618216197917, 54.446397731877447 ], [ 13.545330097686341, 54.446987608270163 ], [ 13.533090003951468, 54.445537589568843 ], [ 13.528959660880355, 54.445799406434752 ], [ 13.524871981588502, 54.448370089264316 ], [ 13.52471384038013, 54.449352488558823 ], [ 13.526322468334168, 54.450052219728512 ], [ 13.537963432450086, 54.451638402190703 ], [ 13.546898028628139, 54.457138950140454 ], [ 13.548569946956551, 54.469057084033857 ], [ 13.547139219738733, 54.471445736832884 ], [ 13.548540461467942, 54.47279895016338 ], [ 13.546224453707328, 54.475603522513708 ], [ 13.539993977576293, 54.477537622962267 ], [ 13.543852091027553, 54.477372941604031 ], [ 13.549894259741096, 54.475197213569814 ], [ 13.554069066702445, 54.476458690404534 ], [ 13.56057841458439, 54.475714157572369 ], [ 13.574292685832829, 54.477360712570615 ], [ 13.571043523484091, 54.472120973510322 ], [ 13.569688949568169, 54.464662400851793 ], [ 13.570824680347537, 54.456583307523971 ], [ 13.573612612340058, 54.448755686650152 ], [ 13.581049642882745, 54.435480200909701 ], [ 13.590736427979493, 54.422648612712571 ], [ 13.606040625915949, 54.40853122101084 ], [ 13.613937334960442, 54.403392365984011 ], [ 13.620970491750166, 54.4004873377243 ], [ 13.626690491381328, 54.399366480739445 ], [ 13.631478122634611, 54.399545693398686 ], [ 13.63431752784745, 54.400605315893962 ], [ 13.639239491764153, 54.399322685443686 ], [ 13.655040533966536, 54.399483364633745 ], [ 13.658604549127114, 54.399834643607576 ], [ 13.665403470272262, 54.402998015526705 ], [ 13.670949527896179, 54.401898343730366 ], [ 13.688985292169823, 54.389487753634704 ], [ 13.704611656689671, 54.381426422559599 ], [ 13.708182585595322, 54.375289268212754 ], [ 13.708524938652474, 54.372560467665529 ], [ 13.713954240839534, 54.365515236190681 ], [ 13.722312537208579, 54.358441021046382 ], [ 13.730650916853445, 54.352903361982506 ], [ 13.745394190747136, 54.345379988435056 ], [ 13.762692800074566, 54.341464526829924 ], [ 13.765110289288705, 54.342314021304894 ], [ 13.766397724837132, 54.341251508834731 ], [ 13.764977576127176, 54.339796414049751 ], [ 13.752135574673236, 54.338564654511003 ], [ 13.749103509760364, 54.337195234803815 ], [ 13.74401462270823, 54.337003344498264 ], [ 13.738435314567059, 54.334506502700584 ], [ 13.735417463149613, 54.332269248032766 ], [ 13.729456331280481, 54.317848654153167 ], [ 13.724975396838323, 54.317998442799343 ], [ 13.722669478773813, 54.316798745241968 ], [ 13.720203210681555, 54.313625471287125 ], [ 13.714870046812335, 54.295057437896048 ], [ 13.718222844703307, 54.282721802953517 ], [ 13.724254484084444, 54.274269964846042 ], [ 13.719424041747965, 54.272499623024615 ], [ 13.714551944798577, 54.271969280409728 ], [ 13.712564184588352, 54.271050519565556 ], [ 13.711160443909847, 54.268846133005248 ], [ 13.708100366145478, 54.269183530867913 ], [ 13.69851411102827, 54.278715915477733 ], [ 13.693235619472713, 54.280130509938125 ], [ 13.688245104502814, 54.280319884716448 ], [ 13.684531712293774, 54.284318940212039 ], [ 13.689496827956638, 54.287473543794725 ], [ 13.690689027845126, 54.287392487723885 ], [ 13.690485072697902, 54.286414769981398 ], [ 13.696074820436584, 54.284019767330186 ], [ 13.696054726774536, 54.282620122705424 ], [ 13.698338824464969, 54.280955593571313 ], [ 13.703751114252158, 54.280065136568417 ], [ 13.708844049926553, 54.280644979699822 ], [ 13.707086582988596, 54.290421200720836 ], [ 13.704341777576458, 54.294296370322762 ], [ 13.701043225393985, 54.296242659134045 ], [ 13.699860278794763, 54.296431641087395 ], [ 13.696865597155986, 54.294395460815487 ], [ 13.692672879372983, 54.294051506848746 ], [ 13.69007782323593, 54.29112551274396 ], [ 13.690632017555682, 54.290233604042982 ], [ 13.680420857905414, 54.291949086683132 ], [ 13.669203869531461, 54.292112471995466 ], [ 13.666167399797388, 54.290911904679234 ], [ 13.664011390106079, 54.28883939939486 ], [ 13.660049281251187, 54.287962629132927 ], [ 13.656416902313076, 54.288416579122561 ], [ 13.646270125987725, 54.297565422721178 ], [ 13.651450181916273, 54.301328357194556 ], [ 13.65869718040104, 54.304492421214086 ], [ 13.669339559336969, 54.306300524780525 ], [ 13.678261682304708, 54.308944153423319 ], [ 13.681297645636588, 54.310625524249751 ], [ 13.684547894024652, 54.310327258719354 ], [ 13.686360646583845, 54.31208067717759 ], [ 13.683577416022622, 54.313017200902628 ], [ 13.685652677248275, 54.314534328278896 ], [ 13.688670778181928, 54.315543749072212 ], [ 13.697643608017506, 54.315644294759608 ], [ 13.700311855905193, 54.316843751370975 ], [ 13.69896308799618, 54.317869631793194 ], [ 13.696867156247549, 54.317688883638809 ], [ 13.703892435973387, 54.320934077384173 ], [ 13.704021630456397, 54.325937907540109 ], [ 13.695696185426714, 54.325032744100611 ], [ 13.687621257282039, 54.326559348880757 ], [ 13.681211313478506, 54.326779818495758 ], [ 13.677178446005174, 54.329828826614559 ], [ 13.673133842308829, 54.330660107557911 ], [ 13.652649988998361, 54.325685342868859 ], [ 13.647428692366686, 54.322796858999311 ], [ 13.638942715170144, 54.320329083786923 ], [ 13.625936699838467, 54.319390661538009 ], [ 13.62104572184615, 54.318142771377445 ], [ 13.617475692249593, 54.316249108129668 ], [ 13.613554895937948, 54.315630285731551 ], [ 13.610393342206722, 54.316937337559018 ], [ 13.612744278118011, 54.320805391863189 ], [ 13.645967269248695, 54.326200900887663 ], [ 13.656908085530263, 54.331296768465322 ], [ 13.665605820269953, 54.333604574806564 ], [ 13.673950219188226, 54.336849494710258 ], [ 13.682240502187586, 54.342397518079579 ], [ 13.68261030855869, 54.344910610742808 ], [ 13.684995763786292, 54.346739424218313 ], [ 13.682524352488175, 54.349290718090472 ], [ 13.687236637563817, 54.351928740482741 ], [ 13.686653041730644, 54.354660582176997 ], [ 13.6885450733685, 54.356422079542718 ], [ 13.687853155016223, 54.356853368817816 ], [ 13.685924032532299, 54.355415774932759 ], [ 13.685745234618, 54.352049310458824 ], [ 13.682646977584263, 54.350470028384251 ], [ 13.679163235587614, 54.350012503809829 ], [ 13.673795340660535, 54.350766241767282 ], [ 13.666641001200214, 54.348897927089013 ], [ 13.653589893302836, 54.347213402374521 ], [ 13.650286949107658, 54.349095323235481 ], [ 13.637427836735485, 54.344878837367418 ], [ 13.635705746786563, 54.343180141529238 ], [ 13.639576451159044, 54.340223845323891 ], [ 13.636674389940126, 54.339117876790091 ], [ 13.630335003796896, 54.339175391484439 ], [ 13.628894814949444, 54.336775198316765 ], [ 13.622980102337554, 54.334835548252251 ], [ 13.623590462036891, 54.333048295425343 ], [ 13.629907677638954, 54.332045348001259 ], [ 13.629946851095333, 54.331346203726547 ], [ 13.621217929709774, 54.331424852229489 ], [ 13.614971344426948, 54.330575274667957 ], [ 13.612997138722445, 54.331089398023458 ], [ 13.603158007039317, 54.344891594105604 ], [ 13.597324254117185, 54.348497524940953 ], [ 13.588591892572108, 54.351903674233796 ], [ 13.57539891956268, 54.352988123988069 ], [ 13.572591577205262, 54.352248435512458 ], [ 13.564630266040512, 54.345457930499812 ], [ 13.550871392886657, 54.339753560052422 ], [ 13.54596834533899, 54.342254911218497 ], [ 13.539261495131761, 54.343034214335148 ], [ 13.537432778414995, 54.342790954043117 ], [ 13.5360145043021, 54.341236644620835 ], [ 13.530335984350243, 54.340317683686173 ], [ 13.514939952253263, 54.341306646721662 ], [ 13.512289700126784, 54.343230048889048 ], [ 13.50919736925362, 54.344187380900955 ], [ 13.505588731196646, 54.343470408553983 ], [ 13.504921885428972, 54.341594403002674 ], [ 13.502242377941286, 54.341955834300997 ], [ 13.494824536483787, 54.337157378520459 ], [ 13.484463716324594, 54.335535930640873 ], [ 13.479038763543437, 54.33099039740484 ], [ 13.470202839381194, 54.330912817017143 ], [ 13.46473507713403, 54.329155387834732 ], [ 13.461301533510893, 54.330040950250989 ], [ 13.461649193098095, 54.33165145941819 ], [ 13.459183545280251, 54.334669843183526 ], [ 13.4543946115616, 54.335942210760301 ], [ 13.453460650388925, 54.332684783825727 ], [ 13.452617528727767, 54.332976549245529 ], [ 13.450524927398179, 54.331541063050217 ], [ 13.452953060009817, 54.32992288325498 ], [ 13.455333185892366, 54.330634918232562 ], [ 13.457066414194601, 54.329066895934822 ], [ 13.452668204772895, 54.326114535775346 ], [ 13.461811934330042, 54.327783508566377 ], [ 13.462794465617886, 54.328908317666411 ], [ 13.465996582948621, 54.32678206813393 ], [ 13.466259849558734, 54.322095480140412 ], [ 13.460704347084686, 54.316354893740773 ], [ 13.454053705288059, 54.314866545325103 ], [ 13.445199648531068, 54.313983083182237 ], [ 13.438354199501408, 54.311095615350879 ], [ 13.432625517866583, 54.30757720825747 ], [ 13.427664210028173, 54.307153216654655 ], [ 13.417455291570571, 54.30058675143394 ], [ 13.401502778950801, 54.305948251199496 ], [ 13.402319951549721, 54.307915000836239 ], [ 13.399711953212146, 54.30893929977703 ], [ 13.394987087673888, 54.308180781145907 ], [ 13.394329336875211, 54.311470212493958 ], [ 13.384654443081448, 54.312864058461138 ], [ 13.378089406450565, 54.310312750363217 ], [ 13.374004428134098, 54.314367230866566 ], [ 13.375205414009342, 54.315417178461658 ], [ 13.374198097794933, 54.318697573684894 ], [ 13.376213656223731, 54.320865142034371 ], [ 13.379985771523051, 54.322838451000898 ], [ 13.380352794111666, 54.326057594250926 ], [ 13.378596494909177, 54.326260810530421 ], [ 13.371130618430861, 54.323915347355438 ], [ 13.374910109453181, 54.336553958715243 ], [ 13.373079254250872, 54.340116524823408 ], [ 13.377109227271163, 54.342153100835844 ], [ 13.380954814074794, 54.348376698489872 ], [ 13.386466155034976, 54.346599049118737 ], [ 13.399051779448422, 54.346711821581572 ], [ 13.400662962447887, 54.349933623991582 ], [ 13.405161793288922, 54.348258957065347 ], [ 13.407807794747196, 54.353324407290053 ], [ 13.412548125809773, 54.354507798459537 ], [ 13.413856739174463, 54.356354128696985 ], [ 13.409859242090977, 54.355958585015109 ], [ 13.408742017422124, 54.358984059973068 ], [ 13.404007355475514, 54.358119544239983 ], [ 13.403134994800272, 54.359608544076558 ], [ 13.404273914839624, 54.361878483157518 ], [ 13.408519582232227, 54.365449326640949 ], [ 13.408371549303919, 54.368484732823802 ], [ 13.40015669536243, 54.368964852953063 ], [ 13.392605501111523, 54.366827868564471 ], [ 13.371979607475929, 54.375237512903176 ], [ 13.37000936446633, 54.37657656527702 ], [ 13.368986558718284, 54.379865938607615 ], [ 13.362280604168905, 54.380390367206637 ], [ 13.358686504711086, 54.382163729277934 ], [ 13.35508223875452, 54.387898185081838 ], [ 13.351042381050728, 54.388010824264725 ], [ 13.342633802958169, 54.38517088076371 ], [ 13.339805483562724, 54.392938433501961 ], [ 13.338513034179464, 54.400832362598422 ], [ 13.322558665930947, 54.402094378345424 ], [ 13.32420322396465, 54.40352150466429 ], [ 13.324091516779177, 54.405207294075026 ], [ 13.319979087761105, 54.409109388321561 ], [ 13.312099305958441, 54.412612884054859 ], [ 13.304299876015353, 54.41255891978701 ], [ 13.294297198276029, 54.417204977254187 ], [ 13.295424918119977, 54.423227798975105 ], [ 13.292211080187927, 54.423559329972889 ], [ 13.293368312422791, 54.42620840240992 ], [ 13.303342626699587, 54.422625563187026 ], [ 13.308569301898718, 54.430444422398018 ], [ 13.312669573912251, 54.429025345714756 ], [ 13.316663722635875, 54.439882268515007 ], [ 13.320312999985351, 54.442482740398553 ], [ 13.320893846343289, 54.449299923961021 ], [ 13.323822719619907, 54.449478529917329 ], [ 13.32353139062921, 54.451774407925598 ], [ 13.326474035316755, 54.452674078587037 ], [ 13.325814239829478, 54.459202803818322 ], [ 13.334140276950839, 54.459118858453245 ], [ 13.331869779695095, 54.461347061357252 ], [ 13.342091823244751, 54.462870019913154 ], [ 13.343925893426114, 54.464170149969902 ], [ 13.348298386609351, 54.462354977157815 ], [ 13.350844370409723, 54.471389707792419 ], [ 13.350244794096358, 54.477003616761863 ], [ 13.363629575513574, 54.47381530312731 ], [ 13.367738382974832, 54.478242373168165 ], [ 13.370550343944565, 54.478025590267961 ], [ 13.370378179486103, 54.480585713464627 ], [ 13.367563379833939, 54.480670032697049 ], [ 13.366586972307095, 54.482577380846635 ], [ 13.368088819076025, 54.48433977509594 ], [ 13.370493536821682, 54.484765874406833 ], [ 13.370338263503811, 54.487584242146589 ], [ 13.368039221247582, 54.488397548746299 ], [ 13.364179146849661, 54.487961010650054 ], [ 13.364206173051373, 54.491425115789674 ], [ 13.355444742276429, 54.490212656283596 ], [ 13.354565553053559, 54.488872866561934 ], [ 13.344245925559779, 54.492383547422691 ], [ 13.332754020827672, 54.489769804490628 ], [ 13.325085065487748, 54.497873728531651 ], [ 13.327997655181548, 54.500629470093664 ], [ 13.328703739524125, 54.505446130489872 ], [ 13.333559462012833, 54.506003234048393 ], [ 13.34324632149711, 54.514737229870228 ], [ 13.349325923014771, 54.518808376459724 ], [ 13.354446898076109, 54.519214460304681 ], [ 13.357609895099067, 54.522718171064696 ], [ 13.358751843794332, 54.523040788456981 ], [ 13.364019275266317, 54.521277509274128 ], [ 13.365993370070971, 54.522073002106744 ], [ 13.368827290170151, 54.521649301031758 ], [ 13.37123810282503, 54.522257392882352 ], [ 13.372897848124898, 54.520116178826363 ], [ 13.37489745073462, 54.520830350541303 ], [ 13.375146882287977, 54.525130962650522 ], [ 13.380100752184994, 54.526566146197794 ], [ 13.385140262501979, 54.529139540102719 ], [ 13.388535237582429, 54.53304526351625 ], [ 13.389836374054022, 54.536561147340542 ], [ 13.389124624505753, 54.538767810481815 ], [ 13.393248109098582, 54.539684369271633 ], [ 13.402736632651116, 54.532327532787377 ], [ 13.415167691555482, 54.518682292950672 ], [ 13.408420108350811, 54.510411312404017 ], [ 13.40658014474122, 54.506647811606967 ], [ 13.412547008418979, 54.496032176977039 ], [ 13.41268617668397, 54.493854158654429 ], [ 13.418372841166017, 54.492831224671946 ], [ 13.425803915348864, 54.490218505768226 ], [ 13.441092005684942, 54.487654694995328 ], [ 13.442569958330928, 54.486771996242823 ], [ 13.44736885485446, 54.475513905754767 ], [ 13.450509829459316, 54.473800796243253 ], [ 13.451591231153941, 54.471941362492181 ], [ 13.453772618586948, 54.473232476123364 ], [ 13.453144811939197, 54.474491002514938 ], [ 13.461652350754367, 54.478511056070381 ], [ 13.479543264565882, 54.483437955615067 ], [ 13.484043806009224, 54.484000604761036 ], [ 13.496707835941507, 54.481668072116186 ], [ 13.502249934931008, 54.482549893510473 ], [ 13.504075715887087, 54.484550700268045 ], [ 13.500718041613931, 54.488990027605709 ], [ 13.501086422498567, 54.492691963967872 ], [ 13.504913052065977, 54.49786726998623 ], [ 13.508935760251896, 54.508044367545075 ], [ 13.510263672786449, 54.508851581101275 ], [ 13.513558766039949, 54.509511784600249 ], [ 13.51607468942875, 54.507185271289565 ], [ 13.521611972053908, 54.507200996344217 ], [ 13.523433388600752, 54.505246070505947 ], [ 13.52923433137552, 54.503715033924202 ], [ 13.533757988949644, 54.507495410511488 ], [ 13.54923872155277, 54.512923940073172 ], [ 13.555775202922264, 54.510689655297071 ], [ 13.556554026545236, 54.508157719318241 ], [ 13.55843297075892, 54.506551165185407 ], [ 13.557896877463079, 54.499874270645215 ], [ 13.563306443872868, 54.499030401210646 ], [ 13.555333334822286, 54.492274232055323 ], [ 13.551138841670964, 54.491451483267518 ], [ 13.546424904692961, 54.493276809490148 ], [ 13.546696596958055, 54.495707707547076 ], [ 13.544251136310541, 54.495305684530557 ], [ 13.538804545189796, 54.498612984566435 ], [ 13.532677304850029, 54.499200203105858 ], [ 13.525946261541842, 54.495060373439777 ], [ 13.530185190547121, 54.494616901496379 ], [ 13.532981748590108, 54.492940568639547 ], [ 13.540955646360922, 54.49119630239791 ], [ 13.536798726267122, 54.489752347279051 ], [ 13.537768355744866, 54.482496276242671 ], [ 13.526980517188695, 54.482847576104334 ], [ 13.526827936742794, 54.479921356841388 ], [ 13.509658081686844, 54.480241886846883 ], [ 13.510228626136401, 54.477932151924541 ], [ 13.508960286876183, 54.477155932201995 ], [ 13.503578207159766, 54.478470492550642 ], [ 13.490643257384836, 54.477703185562255 ], [ 13.48610323913868, 54.475568344330796 ], [ 13.482533636646277, 54.472661921894769 ], [ 13.479454386147973, 54.467390245997436 ], [ 13.470912676843902, 54.457761508152579 ], [ 13.470722333985725, 54.454125519534884 ], [ 13.472426411211133, 54.452072399148392 ], [ 13.493574053735699, 54.452864690518922 ], [ 13.506076815740334, 54.451815306325102 ], [ 13.507083846476068, 54.450533353452926 ], [ 13.502220533609622, 54.447177244482951 ], [ 13.49944140472912, 54.446374820267074 ], [ 13.500483840490567, 54.44413323407899 ], [ 13.510029489464337, 54.445142324622097 ], [ 13.512420387874801, 54.444356975813946 ], [ 13.513251060164617, 54.442968496046326 ], [ 13.504144634768963, 54.436831339277994 ], [ 13.503220976121547, 54.434924439806352 ], [ 13.499320025890173, 54.436550609081067 ], [ 13.496697233131023, 54.436634300397742 ], [ 13.485815003453769, 54.434551693353569 ], [ 13.482996179274341, 54.435658944263686 ], [ 13.484044881166932, 54.438519817828322 ], [ 13.496999668700058, 54.44498987686768 ], [ 13.497424334644899, 54.446669306760967 ], [ 13.492332903934731, 54.446891450995302 ], [ 13.489814213690828, 54.44600354956944 ], [ 13.488212266070068, 54.444074914908668 ], [ 13.481385870621059, 54.441921923730149 ], [ 13.480675276826506, 54.439503128385731 ], [ 13.476040907715326, 54.437752945958003 ], [ 13.476896768769981, 54.436917281631118 ], [ 13.481016275361732, 54.438736629312217 ], [ 13.481836183315185, 54.438184291875409 ], [ 13.481073184629444, 54.436675919494242 ], [ 13.475800248966054, 54.433443302546443 ], [ 13.475339952141972, 54.431505674018055 ], [ 13.476604429074071, 54.428817784113456 ], [ 13.474892078605667, 54.42570582130702 ], [ 13.478600440709121, 54.424086372745251 ], [ 13.495131972274695, 54.421018205651251 ], [ 13.498962401775275, 54.424351279138286 ], [ 13.50126808748141, 54.425240669936976 ], [ 13.503550776679155, 54.424979855296847 ], [ 13.509417239113882, 54.419181237637488 ], [ 13.511493220803281, 54.418340007796424 ], [ 13.515376999028874, 54.41949054250216 ], [ 13.521754294878489, 54.418250461082465 ], [ 13.528377383949445, 54.419870282051129 ], [ 13.529065144292474, 54.417552764920018 ], [ 13.531328439069689, 54.416195078489658 ], [ 13.535063116197119, 54.416739500703187 ], [ 13.539939749077863, 54.419249430066102 ], [ 13.541980176843934, 54.423456560970841 ], [ 13.54167715858383, 54.427784125144534 ], [ 13.538370526327771, 54.42888097288423 ], [ 13.527285457074759, 54.429751585250123 ], [ 13.52038650782508, 54.429553886538322 ], [ 13.520494742642082, 54.434082488291835 ], [ 13.530233916940869, 54.434256991305503 ], [ 13.533213963308217, 54.434924599886259 ], [ 13.535475309169232, 54.433767181884782 ], [ 13.545207785048945, 54.433495476425705 ] ], [ [ 13.580244610017214, 54.415152561803467 ], [ 13.580854716656527, 54.414140726154194 ], [ 13.580588797554869, 54.414739217963238 ], [ 13.580244610017214, 54.415152561803467 ] ], [ [ 13.564062995694668, 54.413061473831696 ], [ 13.562402915700314, 54.414213107487839 ], [ 13.563483475482199, 54.413310939895418 ], [ 13.564062995694668, 54.413061473831696 ] ], [ [ 13.571215591050468, 54.413643445105578 ], [ 13.57109049614418, 54.413623426419761 ], [ 13.571322908318505, 54.413636044754099 ], [ 13.571215591050468, 54.413643445105578 ] ], [ [ 13.564098903703698, 54.413046016318567 ], [ 13.565237318274052, 54.41289382268986 ], [ 13.567750028309543, 54.413088803059772 ], [ 13.564098903703698, 54.413046016318567 ] ], [ [ 13.513153582109988, 54.396786717959074 ], [ 13.514127094129606, 54.396305579963943 ], [ 13.513062685346169, 54.396855697620389 ], [ 13.513153582109988, 54.396786717959074 ] ], [ [ 13.518995885053501, 54.39018412551772 ], [ 13.518680647544628, 54.390056590792774 ], [ 13.51894893078518, 54.390133019476821 ], [ 13.518995885053501, 54.39018412551772 ] ], [ [ 13.512437128318236, 54.387410083942441 ], [ 13.512464168562195, 54.387396209471014 ], [ 13.512643931195374, 54.387503586519571 ], [ 13.512437128318236, 54.387410083942441 ] ] ] ] } },
{ "type": "Feature", "properties": { "wkr": 35, "wkr_name": "Vorpommern-Greifswald IV" }, "geometry": { "type": "MultiPolygon", "coordinates": [ [ [ [ 14.267204916575073, 53.709144082199543 ], [ 14.269225181391207, 53.70556323831611 ], [ 14.259175225395177, 53.703746493206687 ], [ 14.25507260911195, 53.702094118314932 ], [ 14.25103959059051, 53.702725140109557 ], [ 14.247854879701247, 53.705473674885383 ], [ 14.248667450131411, 53.707907940004148 ], [ 14.251137232029988, 53.70917056925267 ], [ 14.258165382499392, 53.708623293134124 ], [ 14.264435218276766, 53.710500114698384 ], [ 14.267204916575073, 53.709144082199543 ] ] ], [ [ [ 13.909201295291371, 53.797895373615255 ], [ 13.906092653669869, 53.786616025638565 ], [ 13.92705666568555, 53.779814174491406 ], [ 13.939460412333879, 53.779623283839769 ], [ 13.940996018947558, 53.78111129645405 ], [ 13.941377714539884, 53.784481829558665 ], [ 13.944603263666853, 53.787853934723564 ], [ 13.951629674869292, 53.783255598206992 ], [ 13.957522727960628, 53.781287967016759 ], [ 13.959830030597436, 53.778962907513474 ], [ 13.967083423279554, 53.775456357344126 ], [ 13.96804185903183, 53.774081267434951 ], [ 13.971840949, 53.773927634748105 ], [ 13.975609835110584, 53.771868919027341 ], [ 13.986902390105874, 53.770467386435328 ], [ 13.998668193226399, 53.767381013343545 ], [ 14.005441948795379, 53.766959564615426 ], [ 14.014795369430063, 53.76354088299577 ], [ 14.018905825408892, 53.763935215823729 ], [ 14.022652253119269, 53.761169252201128 ], [ 14.036418279260419, 53.757033783556984 ], [ 14.038707466173737, 53.755051460286978 ], [ 14.045355388533508, 53.754667774682659 ], [ 14.049083794189299, 53.752696853142574 ], [ 14.061660219778664, 53.754569981014654 ], [ 14.070084639415228, 53.750991618639901 ], [ 14.074478820141927, 53.748024672915442 ], [ 14.084347433266181, 53.744916818065128 ], [ 14.092595877832817, 53.743481276458255 ], [ 14.097444570388797, 53.743454320759966 ], [ 14.101824136109716, 53.740488768256938 ], [ 14.1098342821195, 53.74061267676673 ], [ 14.125261927172625, 53.738226341125873 ], [ 14.13272753473413, 53.738272307988751 ], [ 14.14083079728735, 53.739337480840916 ], [ 14.144882792007531, 53.742177998765705 ], [ 14.147091184061869, 53.742256174759682 ], [ 14.147862058061328, 53.74063737958658 ], [ 14.151298826861376, 53.74178196966762 ], [ 14.15522840017673, 53.740938190092606 ], [ 14.166267425960541, 53.742203024227365 ], [ 14.169674726128077, 53.740415399972015 ], [ 14.173766730265646, 53.736427585783574 ], [ 14.179461735817679, 53.735547261956725 ], [ 14.184657286031271, 53.736461565254388 ], [ 14.201283629000326, 53.744990641841284 ], [ 14.213786657248594, 53.750123486854719 ], [ 14.223093424304379, 53.756946408591837 ], [ 14.224532411484468, 53.758956278838923 ], [ 14.228608439604065, 53.760855596696281 ], [ 14.233232742717467, 53.761635560394346 ], [ 14.24698691863968, 53.758784493291692 ], [ 14.256172407085698, 53.755894063759342 ], [ 14.266241078973284, 53.748538305665967 ], [ 14.268532468381014, 53.742147359786031 ], [ 14.271027075111046, 53.739824371242705 ], [ 14.271544620726536, 53.73779846137311 ], [ 14.267185141025136, 53.736836732674249 ], [ 14.265643261392331, 53.734480807278082 ], [ 14.265712956764444, 53.730360124170666 ], [ 14.261614295477898, 53.729772942265264 ], [ 14.258496982801724, 53.7276942461991 ], [ 14.256374229991486, 53.723204891073905 ], [ 14.252590782743111, 53.720319717832332 ], [ 14.245552625148237, 53.716966664886939 ], [ 14.229471452906919, 53.711187087552752 ], [ 14.223288289670906, 53.710250291117291 ], [ 14.216541807701892, 53.707002095938932 ], [ 14.215424416801863, 53.704998010997656 ], [ 14.215892113206531, 53.702378163239558 ], [ 14.219847897799058, 53.699154423707419 ], [ 14.246331105088638, 53.693731985709604 ], [ 14.255709297272404, 53.694636668330396 ], [ 14.260171359795137, 53.697696850857753 ], [ 14.267748348397649, 53.698088370795141 ], [ 14.271966698269692, 53.693638314841209 ], [ 14.272223080215424, 53.6895234701406 ], [ 14.275206390118894, 53.688807304271236 ], [ 14.274872836782363, 53.687303023518702 ], [ 14.28114240521667, 53.684796278869499 ], [ 14.283620540525288, 53.682367717797938 ], [ 14.282356869762515, 53.674536900471104 ], [ 14.27674868120949, 53.669510563872002 ], [ 14.274713509716129, 53.669448378355824 ], [ 14.271298719493643, 53.667246659583782 ], [ 14.271051162111924, 53.665042696802558 ], [ 14.272552721354998, 53.663328441997884 ], [ 14.275869584288056, 53.662418430186356 ], [ 14.279025978103755, 53.663044939444362 ], [ 14.284671279568608, 53.658782011522042 ], [ 14.283986300534494, 53.634426600492873 ], [ 14.311220745196044, 53.618449143566359 ], [ 14.316940289179588, 53.617990895547905 ], [ 14.312096435368836, 53.580333941095276 ], [ 14.31227845536174, 53.574477197249074 ], [ 14.304455005740161, 53.575195809171468 ], [ 14.30560094224351, 53.577837581281592 ], [ 14.282291586381005, 53.579029414597237 ], [ 14.281121797424193, 53.575751908506966 ], [ 14.269527842578299, 53.575899933537947 ], [ 14.269729670104081, 53.578940120912193 ], [ 14.26605127967782, 53.579199243005178 ], [ 14.266333395003544, 53.583179068557257 ], [ 14.258493697425443, 53.583537645452466 ], [ 14.25998689335872, 53.58854535884344 ], [ 14.253115194626597, 53.589675102916722 ], [ 14.251514902723532, 53.587229184838144 ], [ 14.24716073242868, 53.588635404496912 ], [ 14.249507852210877, 53.592401463516047 ], [ 14.246344992421802, 53.593261703653397 ], [ 14.24134585611054, 53.586668254852526 ], [ 14.235939235811751, 53.587202680010016 ], [ 14.236448446329922, 53.588481030247209 ], [ 14.234550795242756, 53.588759193185894 ], [ 14.236030613704207, 53.591707307194412 ], [ 14.231584668749811, 53.592490346015595 ], [ 14.221593489444301, 53.589080924897729 ], [ 14.221181832308837, 53.583704308932653 ], [ 14.218287800072538, 53.583585457558641 ], [ 14.217344776376724, 53.588648884896365 ], [ 14.213079393225822, 53.589023440230243 ], [ 14.214751046810113, 53.590658633154582 ], [ 14.210633736736092, 53.592048509371928 ], [ 14.208628350921417, 53.590008953054365 ], [ 14.20025171330429, 53.591573311158662 ], [ 14.186430030925035, 53.592696958860138 ], [ 14.1851221455616, 53.589950910401129 ], [ 14.173916964249727, 53.592594439046955 ], [ 14.173380035466231, 53.594836475957784 ], [ 14.176463192879895, 53.594359771785136 ], [ 14.178117452399073, 53.598141126968272 ], [ 14.17370220337391, 53.599022067478067 ], [ 14.153377282569206, 53.59730191912967 ], [ 14.129878293263076, 53.596533498343355 ], [ 14.129328720574565, 53.598784906079629 ], [ 14.120723897810413, 53.599172363537768 ], [ 14.11468104633043, 53.603942684098335 ], [ 14.114074736673379, 53.607520375835328 ], [ 14.081444007396883, 53.592908520130827 ], [ 14.072258710610411, 53.583709646719321 ], [ 14.067541588206542, 53.588153847177907 ], [ 14.044708360844549, 53.584472033351737 ], [ 14.047902506417374, 53.588658228380858 ], [ 14.036408851124291, 53.601586692012496 ], [ 14.028668884775383, 53.601406244879925 ], [ 14.026869710654054, 53.597998042207557 ], [ 14.019893404510903, 53.59756428733963 ], [ 14.006952642893616, 53.599725077554993 ], [ 14.005287497261442, 53.598214909893464 ], [ 14.012454758408335, 53.597765127285847 ], [ 14.016961595361561, 53.595704349858543 ], [ 14.023740562899842, 53.595678548557707 ], [ 14.032014441119026, 53.597236414284218 ], [ 14.03931296729227, 53.593401897536864 ], [ 14.038387350593498, 53.588447180703177 ], [ 14.029409536099308, 53.57826208719726 ], [ 14.025673627020019, 53.571105899529101 ], [ 14.010877991385696, 53.571577443944676 ], [ 14.007658337565189, 53.569553937658014 ], [ 14.010119606646889, 53.565308498661231 ], [ 14.004370180276043, 53.563650752579974 ], [ 14.003973078988402, 53.560721602913489 ], [ 14.001307241487586, 53.559872651519846 ], [ 13.987264849188115, 53.565440338276332 ], [ 13.989314501290915, 53.567023882832309 ], [ 13.98340065098272, 53.567836148632878 ], [ 13.985670451552544, 53.571527906125297 ], [ 13.977670614458903, 53.568599056179977 ], [ 13.972646405003307, 53.569959467338677 ], [ 13.974009067184618, 53.573642650812943 ], [ 13.977843159649913, 53.572702542199721 ], [ 13.978422154385873, 53.575027344539784 ], [ 13.975413970311866, 53.575489031778019 ], [ 13.976991542541491, 53.577930841990856 ], [ 13.97261441919661, 53.57881340336931 ], [ 13.971488716514692, 53.576643876348896 ], [ 13.966665665580157, 53.577194842272583 ], [ 13.956494249933092, 53.584676230409464 ], [ 13.939260518964483, 53.601417309288962 ], [ 13.939988515461051, 53.603990102898614 ], [ 13.93738908925355, 53.604370579376834 ], [ 13.932469280936445, 53.609398330701637 ], [ 13.936076464742701, 53.609974952687018 ], [ 13.937453673506738, 53.613995065642314 ], [ 13.933869589857506, 53.6181346564588 ], [ 13.913619761736458, 53.616846272694609 ], [ 13.914080549488736, 53.618566804041571 ], [ 13.910748151127963, 53.61948034281113 ], [ 13.896432107361141, 53.620080694351884 ], [ 13.891439625610044, 53.619812032271923 ], [ 13.889863949162157, 53.617618630825298 ], [ 13.882709467729244, 53.616431276288374 ], [ 13.883660132222069, 53.615438466413224 ], [ 13.899872494844653, 53.612407104128565 ], [ 13.903608152143539, 53.612306495422132 ], [ 13.902294988216838, 53.610645206070743 ], [ 13.903062682030495, 53.604566070024198 ], [ 13.897408031746552, 53.604404706838167 ], [ 13.896960127304709, 53.582048227300895 ], [ 13.899243839703146, 53.572207624935331 ], [ 13.89168419124297, 53.571719012774274 ], [ 13.872332780819777, 53.579747643587034 ], [ 13.867888152888604, 53.580459297612968 ], [ 13.862801716364846, 53.579473724139071 ], [ 13.857935208781342, 53.574906637345094 ], [ 13.850195476967903, 53.575836220819298 ], [ 13.845148932850289, 53.575703546554813 ], [ 13.841834846065014, 53.573919425512166 ], [ 13.837078072377905, 53.573454321707402 ], [ 13.831583644017527, 53.57423673741836 ], [ 13.808173241297503, 53.568661572942275 ], [ 13.804299787423064, 53.566787532567645 ], [ 13.804234091498946, 53.564115050979098 ], [ 13.802034183925596, 53.561613252590263 ], [ 13.797565879855657, 53.55983103705401 ], [ 13.791938935605307, 53.559882731522869 ], [ 13.786326773689082, 53.562765425079348 ], [ 13.788890056869807, 53.5662146458248 ], [ 13.794871524495626, 53.567944836940718 ], [ 13.806487798809586, 53.573821757889149 ], [ 13.820156603700493, 53.586730520160224 ], [ 13.819312495424059, 53.590113919398817 ], [ 13.817630941894912, 53.591632104496519 ], [ 13.803557937115023, 53.596332195140278 ], [ 13.79737331843279, 53.593949049174469 ], [ 13.795857197241281, 53.592499134963504 ], [ 13.785113725825239, 53.595901196965585 ], [ 13.777151004163665, 53.596360203502066 ], [ 13.768302098812658, 53.608799116299544 ], [ 13.765901882750391, 53.616651399574131 ], [ 13.762008251558612, 53.619639705352604 ], [ 13.762192723795504, 53.621276047446671 ], [ 13.759685526416188, 53.621111214444106 ], [ 13.758898070437509, 53.622479033462177 ], [ 13.749031939685961, 53.62505574577559 ], [ 13.744828440896498, 53.627088479579633 ], [ 13.739095447454755, 53.625338176351285 ], [ 13.734849094659534, 53.625864544928575 ], [ 13.732387110598953, 53.625044723355757 ], [ 13.730193624157891, 53.625626293097959 ], [ 13.735928435407628, 53.629064838685153 ], [ 13.736546615344398, 53.632002421285087 ], [ 13.734154998519337, 53.637159610905982 ], [ 13.728316941566385, 53.639010158756093 ], [ 13.719515066918051, 53.64026485694523 ], [ 13.71659790454645, 53.642330772203358 ], [ 13.70905238040719, 53.644415083328887 ], [ 13.694549081241483, 53.650755063948324 ], [ 13.706146303956334, 53.658846035054495 ], [ 13.718300069256493, 53.664084205318332 ], [ 13.723783920097381, 53.668204598067838 ], [ 13.750719819496835, 53.672212851335388 ], [ 13.764744204481122, 53.679243843248585 ], [ 13.792491481332224, 53.678852723493172 ], [ 13.795311555693551, 53.685387143474784 ], [ 13.769170439942293, 53.684459292009066 ], [ 13.75984214166672, 53.68533071676859 ], [ 13.75340749949091, 53.686786056942594 ], [ 13.755510118181137, 53.689290261741185 ], [ 13.75143448724589, 53.6902318939634 ], [ 13.746240447345313, 53.687160589779765 ], [ 13.745751471236655, 53.688954430802667 ], [ 13.73385358021061, 53.693010691468885 ], [ 13.740782516161145, 53.702235199339356 ], [ 13.748732439182245, 53.70608682348125 ], [ 13.751907886057431, 53.708969607905793 ], [ 13.756071136491823, 53.709756964847443 ], [ 13.761604869948185, 53.712023152486509 ], [ 13.770677872849001, 53.712728346913153 ], [ 13.774936259767943, 53.714860364563911 ], [ 13.769203561286952, 53.716173434593863 ], [ 13.762356283950353, 53.715493637549649 ], [ 13.763610790860515, 53.719579046008796 ], [ 13.780811006340512, 53.719982109375202 ], [ 13.787577563622101, 53.721859708543455 ], [ 13.799022650215278, 53.728614268152945 ], [ 13.806471735489206, 53.727444752765074 ], [ 13.820393271779126, 53.722319720758364 ], [ 13.824927061666607, 53.718364397427088 ], [ 13.847364106549568, 53.718364047868405 ], [ 13.858658129061141, 53.720858678076794 ], [ 13.861253922826553, 53.722056679116371 ], [ 13.863799759666589, 53.727851421424909 ], [ 13.868409462645742, 53.732995554340143 ], [ 13.86906423961365, 53.7361718342936 ], [ 13.879856217060205, 53.745106844444805 ], [ 13.882929376384228, 53.749393564093189 ], [ 13.887058876693882, 53.751859061400673 ], [ 13.888567235329919, 53.754399429882533 ], [ 13.877596616767455, 53.755603446463205 ], [ 13.861283010373137, 53.755097115715635 ], [ 13.831721439802198, 53.761191403076459 ], [ 13.828087978951114, 53.763663304364165 ], [ 13.826664121534236, 53.766817067493811 ], [ 13.831087319538426, 53.770085035152263 ], [ 13.831255469488442, 53.772491047912318 ], [ 13.833549995680661, 53.775505327018379 ], [ 13.850661021685854, 53.77435120777092 ], [ 13.867538894506669, 53.776207386249901 ], [ 13.867207155438756, 53.793863995288675 ], [ 13.885764849391807, 53.796069898396325 ], [ 13.905830592856523, 53.795711730077876 ], [ 13.906364892002975, 53.798265128051298 ], [ 13.909201295291371, 53.797895373615255 ] ] ] ] } },
{ "type": "Feature", "properties": { "wkr": 36, "wkr_name": "Vorpommern-Greifswald V" }, "geometry": { "type": "Polygon", "coordinates": [ [ [ 13.801014271512196, 53.555632988842589 ], [ 13.80369394730349, 53.554161082990909 ], [ 13.802245435165046, 53.555537046107396 ], [ 13.801014271512196, 53.555632988842589 ], [ 13.799793441934293, 53.55883273772104 ], [ 13.796580091430519, 53.55751038729359 ], [ 13.791247766211532, 53.558577425869053 ], [ 13.784986280849681, 53.553013775924903 ], [ 13.776715608912145, 53.531513932382822 ], [ 13.776848281452185, 53.528013056698036 ], [ 13.780041034600016, 53.523650888545909 ], [ 13.777887868206083, 53.513659537669874 ], [ 13.781685884139444, 53.512495798767105 ], [ 13.784967758577018, 53.513054069619216 ], [ 13.79292652977542, 53.510852090953975 ], [ 13.791860063443663, 53.508494905779386 ], [ 13.795842173755334, 53.504777768086036 ], [ 13.800223264752495, 53.498583901988425 ], [ 13.801762697119656, 53.497890898217491 ], [ 13.808763975362794, 53.501667195273022 ], [ 13.813515700073356, 53.501486239548299 ], [ 13.816370845909484, 53.499718960257603 ], [ 13.821404113355385, 53.499877529878688 ], [ 13.826277366251492, 53.498282325929566 ], [ 13.811951024095096, 53.484359125142532 ], [ 13.803684726009308, 53.479533679383472 ], [ 13.789574633194025, 53.475613397378623 ], [ 13.780771451380589, 53.473985730681171 ], [ 13.777373329025909, 53.475743294076999 ], [ 13.753839402575458, 53.478009391975192 ], [ 13.746936666407674, 53.4816037188872 ], [ 13.747056182218268, 53.484036394267591 ], [ 13.741642424371772, 53.485741757088924 ], [ 13.736237457239305, 53.481493744460501 ], [ 13.726552837851788, 53.482473518859948 ], [ 13.720993323130811, 53.481723222300054 ], [ 13.71798977012431, 53.482556387561267 ], [ 13.714372915126924, 53.482228251120851 ], [ 13.709718216441271, 53.478765623429958 ], [ 13.706832426942485, 53.479902173924728 ], [ 13.704015482177942, 53.482451426761649 ], [ 13.687809247978278, 53.491365241192376 ], [ 13.690486442001522, 53.495807686335802 ], [ 13.693579032510719, 53.498505820981428 ], [ 13.695740620775988, 53.503173212100592 ], [ 13.695592814030553, 53.506812933181365 ], [ 13.693103379629001, 53.508224606030659 ], [ 13.689370023380654, 53.508804752240991 ], [ 13.683484982678285, 53.508260148964254 ], [ 13.670112464984797, 53.509211773921081 ], [ 13.669313443720181, 53.510470423275954 ], [ 13.671814089026197, 53.516494221238048 ], [ 13.680333342481051, 53.520973532183284 ], [ 13.683126504918649, 53.523843185711677 ], [ 13.678554823158459, 53.531701904916453 ], [ 13.679013323817271, 53.535492412109591 ], [ 13.698472143774646, 53.537858823537199 ], [ 13.705991833877317, 53.536130618047494 ], [ 13.713319913331752, 53.540962486490905 ], [ 13.7166700358518, 53.542027787828964 ], [ 13.721515509246277, 53.541142931810647 ], [ 13.724157537137138, 53.543182783964561 ], [ 13.721639130506999, 53.557767446969493 ], [ 13.71818648805673, 53.561118548391313 ], [ 13.720043862851215, 53.562247294616277 ], [ 13.72569220261879, 53.572286802771288 ], [ 13.708962781725191, 53.576147621857373 ], [ 13.709692099236324, 53.584823725382329 ], [ 13.70428544418148, 53.587362632924631 ], [ 13.704483949203194, 53.588700665596761 ], [ 13.699233364610388, 53.591779474228275 ], [ 13.701786213434668, 53.592639513171044 ], [ 13.704852345666223, 53.591378870374676 ], [ 13.707390058111734, 53.592231257039359 ], [ 13.71857098045052, 53.59954527036507 ], [ 13.724278996042431, 53.600573230639156 ], [ 13.724802748135364, 53.601727545990606 ], [ 13.728978918205032, 53.603047325153327 ], [ 13.73498422477458, 53.60368844952518 ], [ 13.735089631027929, 53.60478724578207 ], [ 13.744463308800432, 53.610985559071366 ], [ 13.753776967001253, 53.610286896032058 ], [ 13.757176468531918, 53.612060288636393 ], [ 13.754499207112893, 53.614974418107401 ], [ 13.756314751650855, 53.615277416577072 ], [ 13.760342267501745, 53.614807469750112 ], [ 13.765905661126101, 53.616651359948044 ], [ 13.768305876486133, 53.608799076593712 ], [ 13.77715478072315, 53.596360163510489 ], [ 13.785117502340134, 53.595901156722363 ], [ 13.795860973447788, 53.592499094379505 ], [ 13.797377094767903, 53.59394900854339 ], [ 13.803561713659779, 53.596332154315064 ], [ 13.817634718013641, 53.591632063224743 ], [ 13.819316271406485, 53.590113878073225 ], [ 13.820160379380862, 53.586730478806338 ], [ 13.8064915733462, 53.573821716960389 ], [ 13.794875298514325, 53.567944796375684 ], [ 13.78889383073721, 53.566214605447605 ], [ 13.787666086428001, 53.565032632970976 ], [ 13.786330547250497, 53.562765384781343 ], [ 13.791942708907531, 53.559882691046347 ], [ 13.79756965315064, 53.559830996399903 ], [ 13.802037957377129, 53.561613211796029 ], [ 13.804234091498946, 53.564115050979098 ], [ 13.804299787423064, 53.566787532567645 ], [ 13.808173241297503, 53.568661572942275 ], [ 13.831583644017527, 53.57423673741836 ], [ 13.837078072377905, 53.573454321707402 ], [ 13.841834846065014, 53.573919425512166 ], [ 13.845148932850289, 53.575703546554813 ], [ 13.850195476967903, 53.575836220819298 ], [ 13.857935208781342, 53.574906637345094 ], [ 13.862801716364846, 53.579473724139071 ], [ 13.867888152888604, 53.580459297612968 ], [ 13.872332780819777, 53.579747643587034 ], [ 13.89168419124297, 53.571719012774274 ], [ 13.899243839703146, 53.572207624935331 ], [ 13.896960127304709, 53.582048227300895 ], [ 13.897408031746552, 53.604404706838167 ], [ 13.903062682030495, 53.604566070024198 ], [ 13.902294988216838, 53.610645206070743 ], [ 13.903608152143539, 53.612306495422132 ], [ 13.899872494844653, 53.612407104128565 ], [ 13.883660132222069, 53.615438466413224 ], [ 13.882709467729244, 53.616431276288374 ], [ 13.889863949162157, 53.617618630825298 ], [ 13.891439625610044, 53.619812032271923 ], [ 13.896432107361141, 53.620080694351884 ], [ 13.910748151127963, 53.61948034281113 ], [ 13.914080549488736, 53.618566804041571 ], [ 13.913619761736458, 53.616846272694609 ], [ 13.933869589857506, 53.6181346564588 ], [ 13.937453673506738, 53.613995065642314 ], [ 13.936076464742701, 53.609974952687018 ], [ 13.932469280936445, 53.609398330701637 ], [ 13.93738908925355, 53.604370579376834 ], [ 13.939988515461051, 53.603990102898614 ], [ 13.939260518964483, 53.601417309288962 ], [ 13.956494249933092, 53.584676230409464 ], [ 13.966665665580157, 53.577194842272583 ], [ 13.971488716514692, 53.576643876348896 ], [ 13.97261441919661, 53.57881340336931 ], [ 13.976991542541491, 53.577930841990856 ], [ 13.975413970311866, 53.575489031778019 ], [ 13.978422154385873, 53.575027344539784 ], [ 13.977843159649913, 53.572702542199721 ], [ 13.974009067184618, 53.573642650812943 ], [ 13.972646405003307, 53.569959467338677 ], [ 13.977670614458903, 53.568599056179977 ], [ 13.985670451552544, 53.571527906125297 ], [ 13.98340065098272, 53.567836148632878 ], [ 13.989314501290915, 53.567023882832309 ], [ 13.987264849188115, 53.565440338276332 ], [ 14.001307241487586, 53.559872651519846 ], [ 14.003973078988402, 53.560721602913489 ], [ 14.004370180276043, 53.563650752579974 ], [ 14.010119606646889, 53.565308498661231 ], [ 14.007658337565189, 53.569553937658014 ], [ 14.010877991385696, 53.571577443944676 ], [ 14.025673627020019, 53.571105899529101 ], [ 14.029409536099308, 53.57826208719726 ], [ 14.038387350593498, 53.588447180703177 ], [ 14.03931296729227, 53.593401897536864 ], [ 14.032014441119026, 53.597236414284218 ], [ 14.023740562899842, 53.595678548557707 ], [ 14.016961595361561, 53.595704349858543 ], [ 14.012454758408335, 53.597765127285847 ], [ 14.005287497261442, 53.598214909893464 ], [ 14.006952642893616, 53.599725077554993 ], [ 14.019893404510903, 53.59756428733963 ], [ 14.026869710654054, 53.597998042207557 ], [ 14.028668884775383, 53.601406244879925 ], [ 14.036408851124291, 53.601586692012496 ], [ 14.047902506417374, 53.588658228380858 ], [ 14.044708360844549, 53.584472033351737 ], [ 14.067541588206542, 53.588153847177907 ], [ 14.072258710610411, 53.583709646719321 ], [ 14.081444007396883, 53.592908520130827 ], [ 14.114074736673379, 53.607520375835328 ], [ 14.11468104633043, 53.603942684098335 ], [ 14.120723897810413, 53.599172363537768 ], [ 14.129328720574565, 53.598784906079629 ], [ 14.129878293263076, 53.596533498343355 ], [ 14.153377282569206, 53.59730191912967 ], [ 14.17370220337391, 53.599022067478067 ], [ 14.178117452399073, 53.598141126968272 ], [ 14.176463192879895, 53.594359771785136 ], [ 14.173380035466231, 53.594836475957784 ], [ 14.173916964249727, 53.592594439046955 ], [ 14.1851221455616, 53.589950910401129 ], [ 14.186430030925035, 53.592696958860138 ], [ 14.20025171330429, 53.591573311158662 ], [ 14.208628350921417, 53.590008953054365 ], [ 14.210633736736092, 53.592048509371928 ], [ 14.214751046810113, 53.590658633154582 ], [ 14.213079393225822, 53.589023440230243 ], [ 14.217344776376724, 53.588648884896365 ], [ 14.218287800072538, 53.583585457558641 ], [ 14.221181832308837, 53.583704308932653 ], [ 14.221593489444301, 53.589080924897729 ], [ 14.231584668749811, 53.592490346015595 ], [ 14.236030613704207, 53.591707307194412 ], [ 14.234550795242756, 53.588759193185894 ], [ 14.236448446329922, 53.588481030247209 ], [ 14.235939235811751, 53.587202680010016 ], [ 14.24134585611054, 53.586668254852526 ], [ 14.246344992421802, 53.593261703653397 ], [ 14.249507852210877, 53.592401463516047 ], [ 14.24716073242868, 53.588635404496912 ], [ 14.251514902723532, 53.587229184838144 ], [ 14.253115194626597, 53.589675102916722 ], [ 14.25998689335872, 53.58854535884344 ], [ 14.258493697425443, 53.583537645452466 ], [ 14.266333395003544, 53.583179068557257 ], [ 14.26605127967782, 53.579199243005178 ], [ 14.269729670104081, 53.578940120912193 ], [ 14.269527842578299, 53.575899933537947 ], [ 14.281121797424193, 53.575751908506966 ], [ 14.282291586381005, 53.579029414597237 ], [ 14.30560094224351, 53.577837581281592 ], [ 14.304455005740161, 53.575195809171468 ], [ 14.312282229566261, 53.574477140359704 ], [ 14.313919063744157, 53.565209879033091 ], [ 14.302659125218909, 53.553514548377592 ], [ 14.307204868277381, 53.55133278101318 ], [ 14.305730777280473, 53.544015338772802 ], [ 14.315874160407088, 53.536896962855479 ], [ 14.319355719355942, 53.529832638494462 ], [ 14.315761703046606, 53.52512690195023 ], [ 14.322261248972127, 53.514928794993608 ], [ 14.32693026492348, 53.503897552435454 ], [ 14.332153571399763, 53.501261571855082 ], [ 14.343030221481596, 53.498725730737142 ], [ 14.350737195700788, 53.495960583872311 ], [ 14.354110718158605, 53.488524278731319 ], [ 14.353481839641555, 53.482101263002896 ], [ 14.356965544208775, 53.470020954461333 ], [ 14.356470581752626, 53.462114397341963 ], [ 14.357978731899349, 53.457377038749172 ], [ 14.371359201311906, 53.456376783159676 ], [ 14.370957176700374, 53.448929958046023 ], [ 14.37187013672113, 53.447639085848721 ], [ 14.370675674733089, 53.438064842574676 ], [ 14.368681661027365, 53.432499142359099 ], [ 14.369541054932837, 53.424874288143116 ], [ 14.373347026331437, 53.416749245798663 ], [ 14.373399692906968, 53.408833879468105 ], [ 14.389260935787771, 53.387730459432198 ], [ 14.394896125950952, 53.37561191110975 ], [ 14.395359574663177, 53.369475137732806 ], [ 14.393125140711151, 53.358456555459355 ], [ 14.390580940995411, 53.353690694876811 ], [ 14.405543290513405, 53.347072415515854 ], [ 14.408520315771884, 53.335475522366401 ], [ 14.412465383141658, 53.329461953631771 ], [ 14.402794066622914, 53.330261262297718 ], [ 14.396199937812025, 53.329068754996975 ], [ 14.381074319496543, 53.323579686043367 ], [ 14.380730263538883, 53.319923071471557 ], [ 14.37510712767727, 53.315566937028343 ], [ 14.369696350725363, 53.315613493579214 ], [ 14.365856480784426, 53.317433557782202 ], [ 14.36169878979058, 53.317644550541125 ], [ 14.361920436004439, 53.315139064437467 ], [ 14.350376615016728, 53.313638981724118 ], [ 14.348890566352612, 53.31007429076918 ], [ 14.316659307330823, 53.312394999533126 ], [ 14.316023036274263, 53.30774926662427 ], [ 14.313061939031485, 53.303586216068531 ], [ 14.313179462920205, 53.302209169607124 ], [ 14.300852662273289, 53.28834598471677 ], [ 14.302050376981187, 53.286131669076461 ], [ 14.277237500302595, 53.281081840498182 ], [ 14.261994110836113, 53.276752548684769 ], [ 14.265197313253649, 53.26845562986216 ], [ 14.266070482177675, 53.259606288093828 ], [ 14.252253817426119, 53.257375193755898 ], [ 14.227812662937595, 53.256195874473626 ], [ 14.226292836959827, 53.256802010758761 ], [ 14.211178070242319, 53.25490210077291 ], [ 14.207639346283042, 53.25799632629785 ], [ 14.203090262752834, 53.258987353713174 ], [ 14.200420172852663, 53.261698021847153 ], [ 14.197946816631481, 53.260622834467632 ], [ 14.195918042006529, 53.261708083381379 ], [ 14.187427858124122, 53.260587653210656 ], [ 14.183388962651954, 53.261728505526861 ], [ 14.176079568324074, 53.262096240328447 ], [ 14.172205311809075, 53.264557571517791 ], [ 14.166260459056083, 53.265963554631689 ], [ 14.16344939137392, 53.267432411365078 ], [ 14.159437003105934, 53.267592418653919 ], [ 14.14209309425984, 53.265239949716779 ], [ 14.131332694285524, 53.261867417115276 ], [ 14.121250527816555, 53.260046827778751 ], [ 14.11728795137752, 53.260235253963103 ], [ 14.116593744012546, 53.261698960557553 ], [ 14.11424743928273, 53.261545578883926 ], [ 14.114124358904176, 53.260567233493767 ], [ 14.099864845129773, 53.26147431518222 ], [ 14.104726468093817, 53.276992780000086 ], [ 14.111464818721172, 53.283869957798821 ], [ 14.135760807928213, 53.30030186455852 ], [ 14.169240972629371, 53.318216331210671 ], [ 14.185196612160913, 53.328263684573045 ], [ 14.206845276919799, 53.343167894803848 ], [ 14.224567288066183, 53.359920984836059 ], [ 14.23315512420843, 53.371671052028745 ], [ 14.235615608705045, 53.377870028193996 ], [ 14.241629454990948, 53.387482116083113 ], [ 14.243409588635348, 53.39317017572062 ], [ 14.243459703567813, 53.398739940025457 ], [ 14.241677444878599, 53.406250574910651 ], [ 14.237528516076731, 53.414975731704786 ], [ 14.242068958533594, 53.422080306822608 ], [ 14.238386232435229, 53.42628766240864 ], [ 14.23547883318995, 53.428937050384015 ], [ 14.233230320867072, 53.428056821835582 ], [ 14.225188374394875, 53.434142856823669 ], [ 14.214878808555671, 53.429821919781759 ], [ 14.212037084112479, 53.426340012509876 ], [ 14.205795920724668, 53.423077807142668 ], [ 14.190618734303641, 53.422096352641823 ], [ 14.176872463604932, 53.422855573152411 ], [ 14.1652294903922, 53.427488357090773 ], [ 14.136683713507061, 53.440870081838469 ], [ 14.134395881688452, 53.4389163311237 ], [ 14.121868436556927, 53.441440598809031 ], [ 14.108041171567322, 53.427316576574093 ], [ 14.105272596648563, 53.422539068400901 ], [ 14.095607850559071, 53.421609244033426 ], [ 14.093806905934462, 53.422082962227627 ], [ 14.082037821503386, 53.415144906069777 ], [ 14.083838029802241, 53.412347661591348 ], [ 14.082410129533899, 53.410858186617482 ], [ 14.076229454345182, 53.413820990173647 ], [ 14.068797776757751, 53.415111614836121 ], [ 14.056160794188902, 53.412623704553035 ], [ 14.051048198288113, 53.413863199314108 ], [ 14.049559985077241, 53.415678220167493 ], [ 14.045501731483752, 53.429486868344867 ], [ 14.007185208416017, 53.43048923215165 ], [ 14.00069252800335, 53.434872201308075 ], [ 13.962170421702679, 53.430006952230706 ], [ 13.953525426380608, 53.431089652092673 ], [ 13.946073142240113, 53.430732110290428 ], [ 13.937289482616109, 53.428931405149285 ], [ 13.933003614606703, 53.426575301107732 ], [ 13.924321380854865, 53.425170344997532 ], [ 13.923216356675988, 53.423995368431214 ], [ 13.917603273158869, 53.421826806254614 ], [ 13.906798719026309, 53.426913945575031 ], [ 13.903148640187462, 53.431743708167296 ], [ 13.910396239921274, 53.435389728774979 ], [ 13.912031508379311, 53.437961919646014 ], [ 13.904867983589082, 53.443680334608487 ], [ 13.905215508441183, 53.444867411481624 ], [ 13.917095810580944, 53.446447287037785 ], [ 13.918973498123046, 53.452106771981057 ], [ 13.916546172909591, 53.453779468555197 ], [ 13.917918066372941, 53.455031974070266 ], [ 13.916499374538095, 53.456426397777555 ], [ 13.875305771688351, 53.4735959701977 ], [ 13.878566459597893, 53.478426991577365 ], [ 13.88177859458985, 53.480416830538331 ], [ 13.884563592680665, 53.485450617220792 ], [ 13.880283995507584, 53.486890881940404 ], [ 13.876822186064324, 53.486341693413699 ], [ 13.873619391802203, 53.490599610271829 ], [ 13.874364534516138, 53.494073832720154 ], [ 13.876902195443458, 53.496463056835175 ], [ 13.876397465354229, 53.499990568679507 ], [ 13.879559844803458, 53.504175686430237 ], [ 13.848799789592917, 53.514937118029223 ], [ 13.821844099044773, 53.518062945724779 ], [ 13.823894862222414, 53.520606934048381 ], [ 13.819052500383256, 53.526613312727505 ], [ 13.806031931757342, 53.539918066100185 ], [ 13.798412268351894, 53.546350649902401 ], [ 13.798275526843844, 53.548934309386624 ], [ 13.801014271512196, 53.555632988842589 ] ] ] } }
]
}
