"Ergebnisart";"Datum";"Uhrzeit";"Soll.Wahlbezirke";"Ist.Wahlbezirke";"Satzart";"Schlüsselnummer";"Name";"Wahllokal";"A.Wahlberechtigte";"B.Wähler";"E.Ungültige.Zweitstimmen";"F.Gültige.Zweitstimmen";"F01.CDU";"F02.AfD";"F03.Die Linke";"F04.SPD";"F05.FDP";"F06.GRÜNE";"F07.FREIE WÄHLER";"F08.dieBasis";"F09.Tierschutzpartei";"F10.Gartenpartei";"F11.Die PARTEI";"F12.TIERSCHUTZALLIANZ";"F15.BSW";"F19.PdF";"F20.Volt";"C.Ungültige.Erststimmen";"D.Gültige.Erststimmen";"D01.CDU";"D02.AfD";"D03.Die Linke";"D04.SPD";"D05.FDP";"D06.GRÜNE";"D07.FREIE WÄHLER";"D09.Tierschutzpartei";"D10.Gartenpartei";"D11.Die PARTEI";"D12.TIERSCHUTZALLIANZ";"D13.HEIMAT";"D15.BSW";"D19.PdF";"D20.Volt";"D21.EB";"Gewählt im Wahlkreis"
"Z";"06.09.2026";"20:53:06";57;54;"GEM";"15001000";"Dessau-Roßlau, Stadt";"U";56604;31719;367;31352;4900;14204;2476;2784;884;2817;269;29;382;146;86;176;2041;38;120;468;31251;7720;15076;3232;2406;1338;1076;288;;;;;115;;;;;""
"Z";"06.09.2026";"20:45:46";22;20;"GEM";"15001000";"Dessau-Roßlau, Stadt";"B";0;11779;73;11706;3092;2450;1202;1594;461;1694;135;15;126;56;28;56;743;19;35;147;11632;4755;2540;1531;1183;714;718;136;;;;;55;;;;;""
"Z";"06.09.2026";"20:53:06";79;74;"GEM";"15001000";"Dessau-Roßlau, Stadt";"";56604;43498;440;43058;7992;16654;3678;4378;1345;4511;404;44;508;202;114;232;2784;57;155;615;42883;12475;17616;4763;3589;2052;1794;424;;;;;170;;;;;""
"Z";"06.09.2026";"21:08:26";126;105;"GEM";"15002000";"Halle (Saale), Stadt";"U";142660;72578;764;71814;8770;26489;7544;7672;1923;13191;524;107;753;273;233;363;3583;112;277;853;71725;12580;26836;15858;6296;2154;4531;296;;;;;;3002;;;172;""
"Z";"06.09.2026";"20:58:09";60;46;"GEM";"15002000";"Halle (Saale), Stadt";"B";0;32742;153;32589;5862;5062;4310;5315;1053;8211;312;52;270;151;100;119;1602;61;109;219;32523;8096;4951;9917;3841;1251;2604;190;;;;;;1584;;;89;""
"Z";"06.09.2026";"21:08:26";186;151;"GEM";"15002000";"Halle (Saale), Stadt";"";142660;105320;917;104403;14632;31551;11854;12987;2976;21402;836;159;1023;424;333;482;5185;173;386;1072;104248;20676;31787;25775;10137;3405;7135;486;;;;;;4586;;;261;""
"Z";"06.09.2026";"20:55:22";148;136;"GEM";"15003000";"Magdeburg, Landeshauptstadt";"U";159779;79666;751;78915;9923;32750;7733;7765;1976;11234;405;122;716;1105;226;636;3843;114;367;749;78917;17056;33187;12602;5599;1873;2992;;;1530;;539;;3302;;237;;""
"Z";"06.09.2026";"20:55:57";70;65;"GEM";"15003000";"Magdeburg, Landeshauptstadt";"B";0;47305;183;47122;9492;8296;6116;7411;1707;9196;301;56;407;626;145;386;2628;93;262;246;47059;15433;8119;9970;4833;1706;2886;;;1125;;380;;2371;;236;;""
"Z";"06.09.2026";"20:55:57";218;201;"GEM";"15003000";"Magdeburg, Landeshauptstadt";"";159779;126971;934;126037;19415;41046;13849;15176;3683;20430;706;178;1123;1731;371;1022;6471;207;629;995;125976;32489;41306;22572;10432;3579;5878;;;2655;;919;;5673;;473;;""
"V";"06.09.2026";"19:03:27";3;3;"GEM";"15081026";"Apenburg-Winterfeld, Flecken";"U";1315;947;14;933;145;454;71;97;24;53;5;1;7;5;3;3;62;2;1;13;934;234;460;84;59;18;23;;;;9;;;47;;;;""
"L";;;1;0;"GEM";"15081026";"Apenburg-Winterfeld, Flecken";"B";0;0;0;0;0;0;0;0;0;0;0;0;0;0;0;0;0;0;0;0;0;0;0;0;0;0;0;;;;0;;;0;;;;""
"Z";"06.09.2026";"19:03:27";4;3;"GEM";"15081026";"Apenburg-Winterfeld, Flecken";"";1315;947;14;933;145;454;71;97;24;53;5;1;7;5;3;3;62;2;1;13;934;234;460;84;59;18;23;;;;9;;;47;;;;""
"V";"06.09.2026";"19:36:04";16;16;"GEM";"15081030";"Arendsee (Altmark), Stadt";"U";5337;3268;39;3229;543;1573;296;238;122;177;31;12;23;10;12;11;163;5;13;45;3223;715;1556;350;249;86;71;;;;30;;;166;;;;""
"L";;;1;0;"GEM";"15081030";"Arendsee (Altmark), Stadt";"B";0;0;0;0;0;0;0;0;0;0;0;0;0;0;0;0;0;0;0;0;0;0;0;0;0;0;0;;;;0;;;0;;;;""
"Z";"06.09.2026";"19:36:04";17;16;"GEM";"15081030";"Arendsee (Altmark), Stadt";"";5337;3268;39;3229;543;1573;296;238;122;177;31;12;23;10;12;11;163;5;13;45;3223;715;1556;350;249;86;71;;;;30;;;166;;;;""
"Z";"06.09.2026";"19:02:23";6;5;"GEM";"15081045";"Beetzendorf";"U";1079;687;3;684;104;299;74;46;17;91;5;2;5;3;3;2;32;1;0;3;684;178;293;109;32;8;29;;;;5;;;30;;;;""
"L";;;1;0;"GEM";"15081045";"Beetzendorf";"B";0;0;0;0;0;0;0;0;0;0;0;0;0;0;0;0;0;0;0;0;0;0;0;0;0;0;0;;;;0;;;0;;;;""
"Z";"06.09.2026";"19:02:23";7;5;"GEM";"15081045";"Beetzendorf";"";1079;687;3;684;104;299;74;46;17;91;5;2;5;3;3;2;32;1;0;3;684;178;293;109;32;8;29;;;;5;;;30;;;;""
"V";"06.09.2026";"19:26:32";2;2;"GEM";"15081095";"Dähre";"U";1125;717;7;710;124;333;62;60;29;63;4;1;2;0;2;0;30;0;0;5;712;185;334;71;45;30;17;;;;4;;;26;;;;""
"L";;;1;0;"GEM";"15081095";"Dähre";"B";0;0;0;0;0;0;0;0;0;0;0;0;0;0;0;0;0;0;0;0;0;0;0;0;0;0;0;;;;0;;;0;;;;""
"Z";"06.09.2026";"19:26:32";3;2;"GEM";"15081095";"Dähre";"";1125;717;7;710;124;333;62;60;29;63;4;1;2;0;2;0;30;0;0;5;712;185;334;71;45;30;17;;;;4;;;26;;;;""
"L";;;1;0;"GEM";"15081105";"Diesdorf, Flecken";"U";0;0;0;0;0;0;0;0;0;0;0;0;0;0;0;0;0;0;0;0;0;0;0;0;0;0;0;;;;0;;;0;;;;""
"L";;;1;0;"GEM";"15081105";"Diesdorf, Flecken";"B";0;0;0;0;0;0;0;0;0;0;0;0;0;0;0;0;0;0;0;0;0;0;0;0;0;0;0;;;;0;;;0;;;;""
"L";;;2;0;"GEM";"15081105";"Diesdorf, Flecken";"";0;0;0;0;0;0;0;0;0;0;0;0;0;0;0;0;0;0;0;0;0;0;0;0;0;0;0;;;;0;;;0;;;;""
"Z";"06.09.2026";"19:46:03";37;34;"GEM";"15081135";"Gardelegen, Hansestadt";"U";14868;9452;110;9342;1434;4446;781;917;268;590;81;13;114;54;37;61;498;16;32;111;9341;2190;4375;870;706;337;187;;;;145;;;531;;;;""
"L";;;3;0;"GEM";"15081135";"Gardelegen, Hansestadt";"B";0;0;0;0;0;0;0;0;0;0;0;0;0;0;0;0;0;0;0;0;0;0;0;0;0;0;0;;;;0;;;0;;;;""
"Z";"06.09.2026";"19:46:03";40;34;"GEM";"15081135";"Gardelegen, Hansestadt";"";14868;9452;110;9342;1434;4446;781;917;268;590;81;13;114;54;37;61;498;16;32;111;9341;2190;4375;870;706;337;187;;;;145;;;531;;;;""
"V";"06.09.2026";"18:59:32";5;5;"GEM";"15081225";"Jübar";"U";1230;853;7;846;134;469;57;60;10;47;11;1;11;5;1;5;33;2;0;6;847;238;432;54;53;17;13;;;;10;;;30;;;;""
"L";;;1;0;"GEM";"15081225";"Jübar";"B";0;0;0;0;0;0;0;0;0;0;0;0;0;0;0;0;0;0;0;0;0;0;0;0;0;0;0;;;;0;;;0;;;;""
"Z";"06.09.2026";"18:59:32";6;5;"GEM";"15081225";"Jübar";"";1230;853;7;846;134;469;57;60;10;47;11;1;11;5;1;5;33;2;0;6;847;238;432;54;53;17;13;;;;10;;;30;;;;""
"Z";"06.09.2026";"19:23:21";17;14;"GEM";"15081240";"Kalbe (Milde), Stadt";"U";4102;2581;25;2556;417;1242;228;214;70;157;22;3;22;6;12;7;145;2;9;27;2554;567;1262;279;154;76;57;;;;29;;;130;;;;""
"L";;;1;0;"GEM";"15081240";"Kalbe (Milde), Stadt";"B";0;0;0;0;0;0;0;0;0;0;0;0;0;0;0;0;0;0;0;0;0;0;0;0;0;0;0;;;;0;;;0;;;;""
"Z";"06.09.2026";"19:23:21";18;14;"GEM";"15081240";"Kalbe (Milde), Stadt";"";4102;2581;25;2556;417;1242;228;214;70;157;22;3;22;6;12;7;145;2;9;27;2554;567;1262;279;154;76;57;;;;29;;;130;;;;""
"Z";"06.09.2026";"19:38:26";17;15;"GEM";"15081280";"Klötze, Stadt";"U";6024;3670;45;3625;577;1671;316;411;94;243;45;6;22;17;19;20;168;6;10;42;3628;811;1652;507;274;97;86;;;;42;;;159;;;;""
"L";;;2;0;"GEM";"15081280";"Klötze, Stadt";"B";0;0;0;0;0;0;0;0;0;0;0;0;0;0;0;0;0;0;0;0;0;0;0;0;0;0;0;;;;0;;;0;;;;""
"Z";"06.09.2026";"19:38:26";19;15;"GEM";"15081280";"Klötze, Stadt";"";6024;3670;45;3625;577;1671;316;411;94;243;45;6;22;17;19;20;168;6;10;42;3628;811;1652;507;274;97;86;;;;42;;;159;;;;""
"V";"06.09.2026";"19:34:01";3;3;"GEM";"15081290";"Kuhfelde";"U";857;608;8;600;105;312;40;36;15;42;11;0;1;2;4;3;27;2;0;9;599;131;310;46;36;20;18;;;;9;;;29;;;;""
"V";"06.09.2026";"19:33:27";1;1;"GEM";"15081290";"Kuhfelde";"B";0;100;0;100;24;20;11;10;2;15;0;0;0;1;1;3;12;0;1;0;100;31;24;15;10;3;4;;;;3;;;10;;;;""
"V";"06.09.2026";"19:34:01";4;4;"GEM";"15081290";"Kuhfelde";"";857;708;8;700;129;332;51;46;17;57;11;0;1;3;5;6;39;2;1;9;699;162;334;61;46;23;22;;;;12;;;39;;;;""
"V";"06.09.2026";"18:53:57";3;3;"GEM";"15081440";"Rohrberg";"U";820;592;5;587;92;314;34;41;7;45;5;1;10;3;2;3;30;0;0;3;589;130;316;42;43;13;10;;;;12;;;23;;;;""
"L";;;1;0;"GEM";"15081440";"Rohrberg";"B";0;0;0;0;0;0;0;0;0;0;0;0;0;0;0;0;0;0;0;0;0;0;0;0;0;0;0;;;;0;;;0;;;;""
"Z";"06.09.2026";"18:53:57";4;3;"GEM";"15081440";"Rohrberg";"";820;592;5;587;92;314;34;41;7;45;5;1;10;3;2;3;30;0;0;3;589;130;316;42;43;13;10;;;;12;;;23;;;;""
"Z";"06.09.2026";"19:46:47";21;16;"GEM";"15081455";"Salzwedel, Hansestadt";"U";10601;6336;79;6257;955;2851;677;595;147;453;59;15;57;23;18;32;349;12;14;90;6246;1452;2850;841;418;152;163;;;;66;;;304;;;;""
"Z";"06.09.2026";"19:40:37";4;1;"GEM";"15081455";"Salzwedel, Hansestadt";"B";0;953;3;950;230;215;137;135;32;108;9;0;6;4;2;2;64;2;4;3;950;330;200;194;89;37;26;;;;6;;;68;;;;""
"Z";"06.09.2026";"19:46:47";25;17;"GEM";"15081455";"Salzwedel, Hansestadt";"";10601;7289;82;7207;1185;3066;814;730;179;561;68;15;63;27;20;34;413;14;18;93;7196;1782;3050;1035;507;189;189;;;;72;;;372;;;;""
"V";"06.09.2026";"19:00:15";2;2;"GEM";"15081545";"Wallstawe";"U";685;446;8;438;69;233;32;35;10;34;5;0;2;0;0;0;13;1;4;8;438;103;227;44;26;15;7;;;;2;;;14;;;;""
"L";;;1;0;"GEM";"15081545";"Wallstawe";"B";0;0;0;0;0;0;0;0;0;0;0;0;0;0;0;0;0;0;0;0;0;0;0;0;0;0;0;;;;0;;;0;;;;""
"Z";"06.09.2026";"19:00:15";3;2;"GEM";"15081545";"Wallstawe";"";685;446;8;438;69;233;32;35;10;34;5;0;2;0;0;0;13;1;4;8;438;103;227;44;26;15;7;;;;2;;;14;;;;""
"Z";"06.09.2026";"19:40:40";8;7;"GEM";"15082005";"Aken (Elbe), Stadt";"U";4233;2540;31;2509;404;1364;180;151;91;106;26;3;24;7;6;16;129;1;1;40;2500;488;1418;225;138;178;53;;;;;;;;;;;""
"V";"06.09.2026";"21:01:36";1;1;"GEM";"15082005";"Aken (Elbe), Stadt";"B";0;1150;11;1139;271;318;119;141;60;99;15;1;14;8;1;8;80;0;4;21;1129;367;334;164;93;140;31;;;;;;;;;;;""
"Z";"06.09.2026";"21:01:36";9;8;"GEM";"15082005";"Aken (Elbe), Stadt";"";4233;3690;42;3648;675;1682;299;292;151;205;41;4;38;15;7;24;209;1;5;61;3629;855;1752;389;231;318;84;;;;;;;;;;;""
"Z";"06.09.2026";"20:18:32";25;21;"GEM";"15082015";"Bitterfeld-Wolfen, Stadt";"U";24492;13040;154;12886;1794;7278;937;832;267;623;174;10;150;53;32;71;609;13;43;178;12862;2133;7637;1153;813;322;324;480;;;;;;;;;;""
"Z";"06.09.2026";"20:34:48";6;5;"GEM";"15082015";"Bitterfeld-Wolfen, Stadt";"B";0;4993;21;4972;1265;1425;524;613;118;467;120;2;73;31;11;28;262;9;24;34;4959;1531;1482;702;551;147;257;289;;;;;;;;;;""
"Z";"06.09.2026";"20:34:48";31;26;"GEM";"15082015";"Bitterfeld-Wolfen, Stadt";"";24492;18033;175;17858;3059;8703;1461;1445;385;1090;294;12;223;84;43;99;871;22;67;212;17821;3664;9119;1855;1364;469;581;769;;;;;;;;;;""
"Z";"06.09.2026";"20:53:19";22;21;"GEM";"15082180";"Köthen (Anhalt), Stadt";"U";17771;9752;111;9641;1504;5023;847;620;275;521;98;13;100;57;16;66;456;7;38;130;9622;2244;5006;942;530;280;263;;;;;;;357;;;;""
"L";;;2;0;"GEM";"15082180";"Köthen (Anhalt), Stadt";"B";0;0;0;0;0;0;0;0;0;0;0;0;0;0;0;0;0;0;0;0;0;0;0;0;0;0;0;;;;;;;0;;;;""
"Z";"06.09.2026";"20:53:19";24;21;"GEM";"15082180";"Köthen (Anhalt), Stadt";"";17771;9752;111;9641;1504;5023;847;620;275;521;98;13;100;57;16;66;456;7;38;130;9622;2244;5006;942;530;280;263;;;;;;;357;;;;""
"Z";"06.09.2026";"20:32:32";13;12;"GEM";"15082241";"Muldestausee";"U";8993;5337;57;5280;745;3013;311;279;163;267;73;7;75;27;7;37;253;10;13;67;5270;1048;3015;384;259;200;130;;;;;;;234;;;;""
"V";"06.09.2026";"19:52:45";3;3;"GEM";"15082241";"Muldestausee";"B";0;2243;18;2225;634;664;201;200;71;225;22;1;32;11;12;12;126;8;6;34;2209;815;657;234;166;82;118;;;;;;;137;;;;""
"Z";"06.09.2026";"20:32:32";16;15;"GEM";"15082241";"Muldestausee";"";8993;7580;75;7505;1379;3677;512;479;234;492;95;8;107;38;19;49;379;18;19;101;7479;1863;3672;618;425;282;248;;;;;;;371;;;;""
"V";"06.09.2026";"20:37:17";18;18;"GEM";"15082256";"Osternienburger Land";"U";6815;4541;73;4468;750;2493;345;199;127;169;40;6;42;14;17;25;215;6;20;89;4452;1019;2572;433;177;179;72;;;;;;;;;;;""
"V";"06.09.2026";"20:21:16";1;1;"GEM";"15082256";"Osternienburger Land";"B";0;883;6;877;247;281;83;72;40;38;13;2;19;2;4;5;65;3;3;16;867;284;300;133;59;66;25;;;;;;;;;;;""
"V";"06.09.2026";"20:37:17";19;19;"GEM";"15082256";"Osternienburger Land";"";6815;5424;79;5345;997;2774;428;271;167;207;53;8;61;16;21;30;280;9;23;105;5319;1303;2872;566;236;245;97;;;;;;;;;;;""
"V";"06.09.2026";"20:17:34";10;10;"GEM";"15082301";"Raguhn-Jeßnitz, Stadt";"U";7408;4737;51;4686;579;2958;234;184;99;196;57;5;60;23;3;29;234;7;18;57;4680;792;3042;287;174;118;88;;;;;;;179;;;;""
"L";;;1;0;"GEM";"15082301";"Raguhn-Jeßnitz, Stadt";"B";0;0;0;0;0;0;0;0;0;0;0;0;0;0;0;0;0;0;0;0;0;0;0;0;0;0;0;;;;;;;0;;;;""
"Z";"06.09.2026";"20:17:34";11;10;"GEM";"15082301";"Raguhn-Jeßnitz, Stadt";"";7408;4737;51;4686;579;2958;234;184;99;196;57;5;60;23;3;29;234;7;18;57;4680;792;3042;287;174;118;88;;;;;;;179;;;;""
"V";"06.09.2026";"20:00:36";14;14;"GEM";"15082340";"Sandersdorf-Brehna, Stadt";"U";11898;6782;77;6705;949;3759;417;408;184;338;128;9;95;23;21;46;299;11;18;84;6698;1154;3877;485;404;197;235;346;;;;;;;;;;""
"Z";"06.09.2026";"20:59:52";3;2;"GEM";"15082340";"Sandersdorf-Brehna, Stadt";"B";0;1901;13;1888;483;567;187;211;61;157;49;3;25;10;5;14;108;3;5;17;1884;538;592;230;191;74;134;125;;;;;;;;;;""
"Z";"06.09.2026";"20:59:52";17;16;"GEM";"15082340";"Sandersdorf-Brehna, Stadt";"";11898;8683;90;8593;1432;4326;604;619;245;495;177;12;120;33;26;60;407;14;23;101;8582;1692;4469;715;595;271;369;471;;;;;;;;;;""
"V";"06.09.2026";"20:35:49";27;27;"GEM";"15082377";"Südliches Anhalt, Stadt";"U";10597;7218;92;7126;1158;4035;535;361;163;286;84;6;72;27;14;37;321;13;14;84;7134;1680;4035;603;276;198;103;;;;;;;239;;;;""
"L";;;1;0;"GEM";"15082377";"Südliches Anhalt, Stadt";"B";0;0;0;0;0;0;0;0;0;0;0;0;0;0;0;0;0;0;0;0;0;0;0;0;0;0;0;;;;;;;0;;;;""
"Z";"06.09.2026";"20:35:49";28;27;"GEM";"15082377";"Südliches Anhalt, Stadt";"";10597;7218;92;7126;1158;4035;535;361;163;286;84;6;72;27;14;37;321;13;14;84;7134;1680;4035;603;276;198;103;;;;;;;239;;;;""
"Z";"06.09.2026";"20:28:52";33;32;"GEM";"15082430";"Zerbst/Anhalt, Stadt";"U";15074;9077;105;8972;1445;4745;595;681;197;441;143;8;91;40;22;40;472;13;39;161;8916;2033;4900;712;762;283;226;;;;;;;;;;;""
"V";"06.09.2026";"20:58:52";3;3;"GEM";"15082430";"Zerbst/Anhalt, Stadt";"B";0;2983;16;2967;824;834;277;361;85;219;60;3;35;27;6;9;213;9;5;49;2934;1117;841;346;384;120;126;;;;;;;;;;;""
"Z";"06.09.2026";"20:58:52";36;35;"GEM";"15082430";"Zerbst/Anhalt, Stadt";"";15074;12060;121;11939;2269;5579;872;1042;282;660;203;11;126;67;28;49;685;22;44;210;11850;3150;5741;1058;1146;403;352;;;;;;;;;;;""
"Z";"06.09.2026";"20:15:20";12;11;"GEM";"15082440";"Zörbig, Stadt";"U";7130;4281;57;4224;684;2371;219;255;94;189;115;5;37;17;8;21;194;9;6;60;4221;847;2432;255;241;75;83;288;;;;;;;;;;""
"L";;;1;0;"GEM";"15082440";"Zörbig, Stadt";"B";0;0;0;0;0;0;0;0;0;0;0;0;0;0;0;0;0;0;0;0;0;0;0;0;0;0;0;0;;;;;;;;;;""
"Z";"06.09.2026";"20:15:20";13;11;"GEM";"15082440";"Zörbig, Stadt";"";7130;4281;57;4224;684;2371;219;255;94;189;115;5;37;17;8;21;194;9;6;60;4221;847;2432;255;241;75;83;288;;;;;;;;;;""
"V";"06.09.2026";"19:15:37";3;3;"GEM";"15083020";"Altenhausen";"U";847;566;5;561;98;275;43;49;10;30;5;3;4;6;3;3;31;0;1;8;558;152;266;47;41;14;11;;;;;;;27;;;;""
"V";"06.09.2026";"19:31:41";1;1;"GEM";"15083020";"Altenhausen";"B";0;129;0;129;24;39;17;20;3;10;0;0;4;2;1;1;8;0;0;0;129;44;38;13;18;2;5;;;;;;;9;;;;""
"V";"06.09.2026";"19:31:41";4;4;"GEM";"15083020";"Altenhausen";"";847;695;5;690;122;314;60;69;13;40;5;3;8;8;4;4;39;0;1;8;687;196;304;60;59;16;16;;;;;;;36;;;;""
"V";"06.09.2026";"19:18:13";4;4;"GEM";"15083025";"Am Großen Bruch";"U";1646;1097;10;1087;200;640;52;61;27;27;14;1;7;9;2;2;45;0;0;13;1084;248;644;71;41;27;15;;;;;;;38;;;;""
"V";"06.09.2026";"19:37:05";1;1;"GEM";"15083025";"Am Großen Bruch";"B";0;252;3;249;61;72;21;41;11;11;5;0;4;2;0;2;18;1;0;5;247;93;66;27;27;6;6;;;;;;;22;;;;""
"V";"06.09.2026";"19:37:05";5;5;"GEM";"15083025";"Am Großen Bruch";"";1646;1349;13;1336;261;712;73;102;38;38;19;1;11;11;2;4;63;1;0;18;1331;341;710;98;68;33;21;;;;;;;60;;;;""
"V";"06.09.2026";"20:27:52";4;4;"GEM";"15083030";"Angern";"U";1572;1051;14;1037;173;517;86;69;17;72;15;1;6;5;1;2;71;0;2;12;1039;256;507;95;54;16;22;;;;;;;77;;;12;""
"L";;;1;0;"GEM";"15083030";"Angern";"B";0;0;0;0;0;0;0;0;0;0;0;0;0;0;0;0;0;0;0;0;0;0;0;0;0;0;0;;;;;;;0;;;0;""
"Z";"06.09.2026";"20:27:52";5;4;"GEM";"15083030";"Angern";"";1572;1051;14;1037;173;517;86;69;17;72;15;1;6;5;1;2;71;0;2;12;1039;256;507;95;54;16;22;;;;;;;77;;;12;""
"V";"06.09.2026";"19:10:19";2;2;"GEM";"15083035";"Ausleben";"U";1327;836;4;832;99;523;46;46;22;19;25;0;10;15;2;4;20;0;1;12;824;133;530;56;36;25;15;;;;;;;29;;;;""
"V";"06.09.2026";"20:45:15";1;1;"GEM";"15083035";"Ausleben";"B";0;214;1;213;52;64;25;26;5;14;0;0;2;8;1;0;15;1;0;1;213;71;59;26;16;8;10;;;;;;;23;;;;""
"V";"06.09.2026";"20:45:15";3;3;"GEM";"15083035";"Ausleben";"";1327;1050;5;1045;151;587;71;72;27;33;25;0;12;23;3;4;35;1;1;13;1037;204;589;82;52;33;25;;;;;;;52;;;;""
"Z";"06.09.2026";"21:07:16";5;4;"GEM";"15083040";"Barleben";"U";6028;3474;35;3439;517;1799;208;235;105;252;47;2;39;18;6;15;174;6;16;32;3442;823;1792;253;192;103;73;;;;;;;150;;;56;""
"Z";"06.09.2026";"20:18:45";3;2;"GEM";"15083040";"Barleben";"B";0;1563;5;1558;415;381;133;212;64;181;19;0;23;9;4;15;97;0;5;6;1557;665;353;151;144;65;64;;;;;;;87;;;28;""
"Z";"06.09.2026";"21:07:16";8;6;"GEM";"15083040";"Barleben";"";6028;5037;40;4997;932;2180;341;447;169;433;66;2;62;27;10;30;271;6;21;38;4999;1488;2145;404;336;168;137;;;;;;;237;;;84;""
"V";"06.09.2026";"19:29:20";1;1;"GEM";"15083060";"Beendorf";"U";675;424;5;419;72;223;23;29;9;16;8;1;2;1;3;2;29;0;1;4;420;125;214;26;16;9;9;;;;;;;21;;;;""
"V";"06.09.2026";"20:12:09";1;1;"GEM";"15083060";"Beendorf";"B";0;99;1;98;24;35;8;12;1;7;1;0;0;0;0;3;7;0;0;1;98;34;35;7;9;1;3;;;;;;;9;;;;""
"V";"06.09.2026";"20:12:09";2;2;"GEM";"15083060";"Beendorf";"";675;523;6;517;96;258;31;41;10;23;9;1;2;1;3;5;36;0;1;5;518;159;249;33;25;10;12;;;;;;;30;;;;""
"V";"06.09.2026";"19:11:36";2;2;"GEM";"15083115";"Bülstringen";"U";700;512;7;505;106;254;26;45;14;14;10;1;2;1;2;4;25;1;0;7;505;181;241;15;28;13;5;;;;;;;22;;;;""
"V";"06.09.2026";"18:51:33";1;1;"GEM";"15083115";"Bülstringen";"B";0;88;0;88;21;22;6;16;6;6;1;0;4;0;0;2;4;0;0;0;88;46;20;3;4;5;3;;;;;;;7;;;;""
"V";"06.09.2026";"19:11:36";3;3;"GEM";"15083115";"Bülstringen";"";700;600;7;593;127;276;32;61;20;20;11;1;6;1;2;6;29;1;0;7;593;227;261;18;32;18;8;;;;;;;29;;;;""
"V";"06.09.2026";"20:16:23";4;4;"GEM";"15083120";"Burgstall";"U";1201;832;15;817;119;465;49;57;19;36;4;1;4;5;2;1;50;1;4;16;816;154;470;68;40;16;14;;;;;;;48;;;6;""
"L";;;1;0;"GEM";"15083120";"Burgstall";"B";0;0;0;0;0;0;0;0;0;0;0;0;0;0;0;0;0;0;0;0;0;0;0;0;0;0;0;;;;;;;0;;;0;""
"Z";"06.09.2026";"20:16:23";5;4;"GEM";"15083120";"Burgstall";"";1201;832;15;817;119;465;49;57;19;36;4;1;4;5;2;1;50;1;4;16;816;154;470;68;40;16;14;;;;;;;48;;;6;""
"V";"06.09.2026";"19:52:28";8;8;"GEM";"15083125";"Calvörde";"U";2731;1721;19;1702;300;862;136;122;33;77;19;2;22;9;10;6;94;3;7;25;1696;508;832;121;106;26;25;;;;;;;78;;;;""
"V";"06.09.2026";"20:41:10";1;1;"GEM";"15083125";"Calvörde";"B";0;434;3;431;104;144;30;52;9;30;3;1;5;4;0;4;41;0;4;2;432;178;130;26;34;9;11;;;;;;;44;;;;""
"V";"06.09.2026";"20:41:10";9;9;"GEM";"15083125";"Calvörde";"";2731;2155;22;2133;404;1006;166;174;42;107;22;3;27;13;10;10;135;3;11;27;2128;686;962;147;140;35;36;;;;;;;122;;;;""
"Z";"06.09.2026";"20:24:21";3;2;"GEM";"15083130";"Colbitz";"U";1695;1018;3;1015;133;557;82;74;17;64;7;0;7;4;3;4;56;2;5;5;1013;189;559;107;56;26;22;;;;;;;42;;;12;""
"L";;;1;0;"GEM";"15083130";"Colbitz";"B";0;0;0;0;0;0;0;0;0;0;0;0;0;0;0;0;0;0;0;0;0;0;0;0;0;0;0;;;;;;;0;;;0;""
"Z";"06.09.2026";"20:24:21";4;2;"GEM";"15083130";"Colbitz";"";1695;1018;3;1015;133;557;82;74;17;64;7;0;7;4;3;4;56;2;5;5;1013;189;559;107;56;26;22;;;;;;;42;;;12;""
"V";"06.09.2026";"19:49:23";5;5;"GEM";"15083190";"Eilsleben";"U";2966;1747;25;1722;291;831;129;157;36;82;15;1;21;12;7;10;125;3;2;22;1725;447;835;123;127;51;36;;;;;;;106;;;;""
"V";"06.09.2026";"19:33:44";1;1;"GEM";"15083190";"Eilsleben";"B";0;590;2;588;157;147;61;77;18;55;10;0;7;1;0;2;51;1;1;2;588;229;135;53;66;15;30;;;;;;;60;;;;""
"V";"06.09.2026";"19:49:23";6;6;"GEM";"15083190";"Eilsleben";"";2966;2337;27;2310;448;978;190;234;54;137;25;1;28;13;7;12;176;4;3;24;2313;676;970;176;193;66;66;;;;;;;166;;;;""
"V";"06.09.2026";"20:44:03";5;5;"GEM";"15083205";"Erxleben";"U";2269;1498;23;1475;205;789;113;111;25;81;13;3;31;8;2;12;78;1;3;30;1468;369;798;102;79;32;28;;;;;;;60;;;;""
"V";"06.09.2026";"20:10:16";1;1;"GEM";"15083205";"Erxleben";"B";0;341;0;341;95;86;40;39;5;29;4;0;4;1;2;3;32;1;0;0;341;143;87;34;30;11;7;;;;;;;29;;;;""
"V";"06.09.2026";"20:44:03";6;6;"GEM";"15083205";"Erxleben";"";2269;1839;23;1816;300;875;153;150;30;110;17;3;35;9;4;15;110;2;3;30;1809;512;885;136;109;43;35;;;;;;;89;;;;""
"V";"06.09.2026";"19:39:10";4;4;"GEM";"15083230";"Flechtingen";"U";2167;1337;11;1326;253;637;71;120;29;88;18;1;11;6;4;6;77;1;4;15;1322;447;626;65;82;24;20;;;;;;;58;;;;""
"L";;;1;0;"GEM";"15083230";"Flechtingen";"B";0;0;0;0;0;0;0;0;0;0;0;0;0;0;0;0;0;0;0;0;0;0;0;0;0;0;0;;;;;;;0;;;;""
"Z";"06.09.2026";"19:39:10";5;4;"GEM";"15083230";"Flechtingen";"";2167;1337;11;1326;253;637;71;120;29;88;18;1;11;6;4;6;77;1;4;15;1322;447;626;65;82;24;20;;;;;;;58;;;;""
"Z";"06.09.2026";"19:56:27";5;4;"GEM";"15083245";"Gröningen, Stadt";"U";1407;919;10;909;127;519;73;65;26;28;9;0;10;4;4;1;41;1;1;5;914;154;531;88;55;35;10;;;;;;;41;;;;""
"L";;;1;0;"GEM";"15083245";"Gröningen, Stadt";"B";0;0;0;0;0;0;0;0;0;0;0;0;0;0;0;0;0;0;0;0;0;0;0;0;0;0;0;;;;;;;0;;;;""
"Z";"06.09.2026";"19:56:27";6;4;"GEM";"15083245";"Gröningen, Stadt";"";1407;919;10;909;127;519;73;65;26;28;9;0;10;4;4;1;41;1;1;5;914;154;531;88;55;35;10;;;;;;;41;;;;""
"V";"06.09.2026";"20:49:16";14;14;"GEM";"15083270";"Haldensleben, Stadt";"U";14731;8307;96;8211;1281;4173;649;668;179;499;76;6;96;53;26;37;442;8;18;102;8205;2181;4108;613;568;190;151;;;;;;;394;;;;""
"Z";"06.09.2026";"20:22:18";3;2;"GEM";"15083270";"Haldensleben, Stadt";"B";0;1255;9;1246;345;352;136;173;25;98;9;0;14;13;1;4;75;0;1;11;1244;505;336;115;158;25;35;;;;;;;70;;;;""
"Z";"06.09.2026";"20:49:16";17;16;"GEM";"15083270";"Haldensleben, Stadt";"";14731;9562;105;9457;1626;4525;785;841;204;597;85;6;110;66;27;41;517;8;19;113;9449;2686;4444;728;726;215;186;;;;;;;464;;;;""
"V";"06.09.2026";"19:24:16";1;1;"GEM";"15083275";"Harbke";"U";1126;745;7;738;122;347;42;91;14;35;10;1;12;8;2;7;45;2;0;7;738;189;359;41;73;16;17;;;;;;;43;;;;""
"V";"06.09.2026";"18:54:33";1;1;"GEM";"15083275";"Harbke";"B";0;145;9;136;48;42;9;14;4;9;0;0;1;1;0;0;8;0;0;9;136;57;41;9;14;5;2;;;;;;;8;;;;""
"V";"06.09.2026";"19:24:16";2;2;"GEM";"15083275";"Harbke";"";1126;890;16;874;170;389;51;105;18;44;10;1;13;9;2;7;53;2;0;16;874;246;400;50;87;21;19;;;;;;;51;;;;""
"Z";"06.09.2026";"20:34:55";16;15;"GEM";"15083298";"Hohe Börde";"U";14490;7896;92;7804;1032;4418;491;496;186;486;62;4;82;58;21;50;380;11;27;88;7808;1504;4413;574;402;283;183;;;;;;;324;;;125;""
"Z";"06.09.2026";"20:46:19";4;2;"GEM";"15083298";"Hohe Börde";"B";0;1421;5;1416;312;459;135;162;65;114;30;1;12;12;2;5;99;4;4;7;1414;406;457;146;129;96;39;;;;;;;86;;;55;""
"Z";"06.09.2026";"20:46:19";20;17;"GEM";"15083298";"Hohe Börde";"";14490;9317;97;9220;1344;4877;626;658;251;600;92;5;94;70;23;55;479;15;31;95;9222;1910;4870;720;531;379;222;;;;;;;410;;;180;""
"V";"06.09.2026";"20:00:21";4;4;"GEM";"15083320";"Hötensleben";"U";2786;1649;16;1633;288;879;114;118;29;71;12;3;14;8;3;7;79;5;3;17;1632;375;887;127;113;37;23;;;;;;;70;;;;""
"V";"06.09.2026";"20:54:15";1;1;"GEM";"15083320";"Hötensleben";"B";0;464;1;463;121;128;55;69;11;25;8;0;10;4;1;3;26;0;2;5;459;143;128;65;67;18;13;;;;;;;25;;;;""
"V";"06.09.2026";"20:54:15";5;5;"GEM";"15083320";"Hötensleben";"";2786;2113;17;2096;409;1007;169;187;40;96;20;3;24;12;4;10;105;5;5;22;2091;518;1015;192;180;55;36;;;;;;;95;;;;""
"V";"06.09.2026";"19:17:34";4;4;"GEM";"15083323";"Ingersleben";"U";1038;722;10;712;105;396;29;56;14;37;24;0;9;6;0;3;29;1;3;14;708;181;390;40;42;23;7;;;;;;;25;;;;""
"V";"06.09.2026";"18:47:13";1;1;"GEM";"15083323";"Ingersleben";"B";0;109;0;109;37;29;9;10;5;8;1;1;2;2;0;0;5;0;0;0;109;51;27;4;17;5;1;;;;;;;4;;;;""
"V";"06.09.2026";"19:17:34";5;5;"GEM";"15083323";"Ingersleben";"";1038;831;10;821;142;425;38;66;19;45;25;1;11;8;0;3;34;1;3;14;817;232;417;44;59;28;8;;;;;;;29;;;;""
"V";"06.09.2026";"20:22:39";1;1;"GEM";"15083355";"Kroppenstedt, Stadt";"U";1079;718;9;709;105;436;23;45;25;28;7;0;2;3;1;1;32;0;1;7;711;141;439;23;45;23;13;;;;;;;27;;;;""
"V";"06.09.2026";"20:21:47";1;1;"GEM";"15083355";"Kroppenstedt, Stadt";"B";0;154;0;154;50;51;15;10;4;7;5;1;0;1;0;0;10;0;0;0;154;51;48;23;6;6;8;;;;;;;12;;;;""
"V";"06.09.2026";"20:22:39";2;2;"GEM";"15083355";"Kroppenstedt, Stadt";"";1079;872;9;863;155;487;38;55;29;35;12;1;2;4;1;1;42;0;1;7;865;192;487;46;51;29;21;;;;;;;39;;;;""
"V";"06.09.2026";"20:23:22";2;2;"GEM";"15083361";"Loitsche-Heinrichsberg";"U";761;505;9;496;66;263;31;41;9;34;6;1;3;3;1;2;35;0;1;6;499;97;265;37;41;8;10;;;;;;;34;;;7;""
"L";;;1;0;"GEM";"15083361";"Loitsche-Heinrichsberg";"B";0;0;0;0;0;0;0;0;0;0;0;0;0;0;0;0;0;0;0;0;0;0;0;0;0;0;0;;;;;;;0;;;0;""
"Z";"06.09.2026";"20:23:22";3;2;"GEM";"15083361";"Loitsche-Heinrichsberg";"";761;505;9;496;66;263;31;41;9;34;6;1;3;3;1;2;35;0;1;6;499;97;265;37;41;8;10;;;;;;;34;;;7;""
"V";"06.09.2026";"21:06:13";9;9;"GEM";"15083390";"Niedere Börde";"U";5525;3507;33;3474;499;1859;255;266;76;188;38;3;45;27;4;24;179;6;5;36;3471;820;1858;245;226;76;78;;;;;;;168;;;;""
"L";;;1;0;"GEM";"15083390";"Niedere Börde";"B";0;0;0;0;0;0;0;0;0;0;0;0;0;0;0;0;0;0;0;0;0;0;0;0;0;0;0;;;;;;;0;;;;""
"Z";"06.09.2026";"21:06:13";10;9;"GEM";"15083390";"Niedere Börde";"";5525;3507;33;3474;499;1859;255;266;76;188;38;3;45;27;4;24;179;6;5;36;3471;820;1858;245;226;76;78;;;;;;;168;;;;""
"Z";"06.09.2026";"19:39:25";26;16;"GEM";"15083411";"Oebisfelde-Weferlingen, Stadt";"U";4298;2917;36;2881;527;1388;186;269;67;161;32;0;23;14;23;24;156;5;6;38;2879;688;1395;206;265;82;48;;;;43;;;152;;;;""
"L";;;2;0;"GEM";"15083411";"Oebisfelde-Weferlingen, Stadt";"B";0;0;0;0;0;0;0;0;0;0;0;0;0;0;0;0;0;0;0;0;0;0;0;0;0;0;0;;;;0;;;0;;;;""
"Z";"06.09.2026";"19:39:25";28;16;"GEM";"15083411";"Oebisfelde-Weferlingen, Stadt";"";4298;2917;36;2881;527;1388;186;269;67;161;32;0;23;14;23;24;156;5;6;38;2879;688;1395;206;265;82;48;;;;43;;;152;;;;""
"Z";"06.09.2026";"19:49:22";19;15;"GEM";"15083415";"Oschersleben (Bode), Stadt";"U";9941;5615;57;5558;815;3136;390;388;93;238;62;4;63;37;14;34;266;9;9;70;5545;1051;3174;469;330;103;134;;;;;;;284;;;;""
"L";;;2;0;"GEM";"15083415";"Oschersleben (Bode), Stadt";"B";0;0;0;0;0;0;0;0;0;0;0;0;0;0;0;0;0;0;0;0;0;0;0;0;0;0;0;;;;;;;0;;;;""
"Z";"06.09.2026";"19:49:22";21;15;"GEM";"15083415";"Oschersleben (Bode), Stadt";"";9941;5615;57;5558;815;3136;390;388;93;238;62;4;63;37;14;34;266;9;9;70;5545;1051;3174;469;330;103;134;;;;;;;284;;;;""
"V";"06.09.2026";"20:08:37";1;1;"GEM";"15083440";"Rogätz";"U";1778;1020;6;1014;129;572;68;64;14;50;8;2;9;8;2;6;74;3;5;8;1012;190;569;98;49;13;13;;;;;;;71;;;9;""
"V";"06.09.2026";"21:10:47";1;1;"GEM";"15083440";"Rogätz";"B";0;456;3;453;105;133;46;74;8;46;5;0;4;4;0;0;27;0;1;3;453;151;120;82;28;14;16;;;;;;;35;;;7;""
"V";"06.09.2026";"21:10:47";2;2;"GEM";"15083440";"Rogätz";"";1778;1476;9;1467;234;705;114;138;22;96;13;2;13;12;2;6;101;3;6;11;1465;341;689;180;77;27;29;;;;;;;106;;;16;""
"V";"06.09.2026";"19:07:11";3;3;"GEM";"15083485";"Sommersdorf";"U";1088;709;4;705;122;393;43;52;11;30;1;1;10;4;1;4;32;0;1;9;700;160;397;44;47;11;17;;;;;;;24;;;;""
"V";"06.09.2026";"19:58:28";1;1;"GEM";"15083485";"Sommersdorf";"B";0;163;0;163;31;48;15;23;4;18;0;0;2;2;4;1;15;0;0;0;163;51;47;13;18;4;14;;;;;;;16;;;;""
"V";"06.09.2026";"19:58:28";4;4;"GEM";"15083485";"Sommersdorf";"";1088;872;4;868;153;441;58;75;15;48;1;1;12;6;5;5;47;0;1;9;863;211;444;57;65;15;31;;;;;;;40;;;;""
"V";"06.09.2026";"21:09:39";8;8;"GEM";"15083490";"Sülzetal";"U";7239;4358;52;4306;678;2262;274;326;115;264;44;4;33;37;12;24;221;5;7;85;4273;1035;2259;325;234;106;116;;;;;;;198;;;;""
"L";;;1;0;"GEM";"15083490";"Sülzetal";"B";0;0;0;0;0;0;0;0;0;0;0;0;0;0;0;0;0;0;0;0;0;0;0;0;0;0;0;;;;;;;0;;;;""
"Z";"06.09.2026";"21:09:39";9;8;"GEM";"15083490";"Sülzetal";"";7239;4358;52;4306;678;2262;274;326;115;264;44;4;33;37;12;24;221;5;7;85;4273;1035;2259;325;234;106;116;;;;;;;198;;;;""
"V";"06.09.2026";"18:58:25";1;1;"GEM";"15083505";"Ummendorf";"U";751;467;2;465;77;241;32;28;10;26;5;0;9;2;4;8;21;0;2;3;464;129;233;35;27;12;8;;;;;;;20;;;;""
"V";"06.09.2026";"19:20:09";1;1;"GEM";"15083505";"Ummendorf";"B";0;149;0;149;55;46;9;14;2;11;0;0;2;1;0;1;8;0;0;2;147;63;44;9;18;3;4;;;;;;;6;;;;""
"V";"06.09.2026";"19:20:09";2;2;"GEM";"15083505";"Ummendorf";"";751;616;2;614;132;287;41;42;12;37;5;0;11;3;4;9;29;0;2;5;611;192;277;44;45;15;12;;;;;;;26;;;;""
"V";"06.09.2026";"19:21:32";2;2;"GEM";"15083515";"Völpke";"U";958;594;6;588;79;348;34;49;6;17;5;0;6;1;2;4;34;1;2;5;589;111;355;33;41;9;4;;;;;;;36;;;;""
"V";"06.09.2026";"19:34:44";1;1;"GEM";"15083515";"Völpke";"B";0;140;0;140;30;38;18;22;8;5;2;0;0;1;0;2;9;1;4;0;140;48;38;18;22;3;3;;;;;;;8;;;;""
"V";"06.09.2026";"19:34:44";3;3;"GEM";"15083515";"Völpke";"";958;734;6;728;109;386;52;71;14;22;7;0;6;2;2;6;43;2;6;5;729;159;393;51;63;12;7;;;;;;;44;;;;""
"Z";"06.09.2026";"20:28:52";16;15;"GEM";"15083531";"Wanzleben-Börde, Stadt";"U";10052;6165;64;6101;934;3316;415;446;142;305;76;7;60;47;12;38;281;9;13;84;6081;1274;3333;494;374;160;137;;;;;;;309;;;;""
"Z";"06.09.2026";"20:30:02";2;1;"GEM";"15083531";"Wanzleben-Börde, Stadt";"B";0;1111;6;1105;291;307;121;128;55;88;11;0;15;5;1;7;69;4;3;9;1102;414;286;144;70;54;51;;;;;;;83;;;;""
"Z";"06.09.2026";"20:30:02";18;16;"GEM";"15083531";"Wanzleben-Börde, Stadt";"";10052;7276;70;7206;1225;3623;536;574;197;393;87;7;75;52;13;45;350;13;16;93;7183;1688;3619;638;444;214;188;;;;;;;392;;;;""
"V";"06.09.2026";"20:06:41";1;1;"GEM";"15083535";"Wefensleben";"U";1331;797;9;788;139;413;63;57;12;36;6;1;6;1;0;1;51;0;2;8;789;188;415;71;51;11;16;;;;;;;37;;;;""
"V";"06.09.2026";"21:00:38";1;1;"GEM";"15083535";"Wefensleben";"B";0;234;2;232;51;73;30;31;7;16;1;0;3;0;0;1;17;1;1;4;230;72;70;25;30;6;11;;;;;;;16;;;;""
"V";"06.09.2026";"21:00:38";2;2;"GEM";"15083535";"Wefensleben";"";1331;1031;11;1020;190;486;93;88;19;52;7;1;9;1;0;2;68;1;3;12;1019;260;485;96;81;17;27;;;;;;;53;;;;""
"V";"06.09.2026";"20:06:54";4;4;"GEM";"15083557";"Westheide";"U";1412;944;9;935;130;527;55;76;21;41;5;1;11;3;1;4;52;3;5;10;934;195;532;65;53;23;13;;;;;;;46;;;7;""
"L";;;1;0;"GEM";"15083557";"Westheide";"B";0;0;0;0;0;0;0;0;0;0;0;0;0;0;0;0;0;0;0;0;0;0;0;0;0;0;0;;;;;;;0;;;0;""
"Z";"06.09.2026";"20:06:54";5;4;"GEM";"15083557";"Westheide";"";1412;944;9;935;130;527;55;76;21;41;5;1;11;3;1;4;52;3;5;10;934;195;532;65;53;23;13;;;;;;;46;;;7;""
"V";"06.09.2026";"20:18:04";10;10;"GEM";"15083565";"Wolmirstedt, Stadt";"U";9485;5467;62;5405;747;2733;388;465;124;403;61;5;70;39;19;34;275;13;29;65;5402;1180;2749;464;412;148;118;;;;;;;252;;;79;""
"Z";"06.09.2026";"21:02:42";2;1;"GEM";"15083565";"Wolmirstedt, Stadt";"B";0;981;14;967;223;246;96;176;33;109;5;1;16;5;1;5;47;1;3;5;976;345;239;107;141;37;36;;;;;;;51;;;20;""
"Z";"06.09.2026";"21:02:42";12;11;"GEM";"15083565";"Wolmirstedt, Stadt";"";9485;6448;76;6372;970;2979;484;641;157;512;66;6;86;44;20;39;322;14;32;70;6378;1525;2988;571;553;185;154;;;;;;;303;;;99;""
"V";"06.09.2026";"20:26:47";2;2;"GEM";"15083580";"Zielitz";"U";1456;913;8;905;147;459;77;76;16;54;4;1;16;6;2;5;38;3;1;8;905;200;458;95;76;21;16;;;;;;;31;;;8;""
"L";;;1;0;"GEM";"15083580";"Zielitz";"B";0;0;0;0;0;0;0;0;0;0;0;0;0;0;0;0;0;0;0;0;0;0;0;0;0;0;0;;;;;;;0;;;0;""
"Z";"06.09.2026";"20:26:47";3;2;"GEM";"15083580";"Zielitz";"";1456;913;8;905;147;459;77;76;16;54;4;1;16;6;2;5;38;3;1;8;905;200;458;95;76;21;16;;;;;;;31;;;8;""
"V";"06.09.2026";"19:55:54";3;3;"GEM";"15084012";"An der Poststraße";"U";1304;904;14;890;127;546;46;46;19;23;13;3;5;3;2;2;53;1;1;18;886;121;579;60;60;38;17;;;;;;;;11;;;""
"L";;;1;0;"GEM";"15084012";"An der Poststraße";"B";0;0;0;0;0;0;0;0;0;0;0;0;0;0;0;0;0;0;0;0;0;0;0;0;0;0;0;;;;;;;;0;;;""
"Z";"06.09.2026";"19:55:54";4;3;"GEM";"15084012";"An der Poststraße";"";1304;904;14;890;127;546;46;46;19;23;13;3;5;3;2;2;53;1;1;18;886;121;579;60;60;38;17;;;;;;;;11;;;""
"V";"06.09.2026";"20:16:15";2;2;"GEM";"15084013";"Meineweh";"U";773;487;8;479;54;303;30;21;10;20;4;1;8;0;0;1;25;0;2;9;478;98;302;29;17;9;7;;15;;;;;;;;1;""
"L";;;1;0;"GEM";"15084013";"Meineweh";"B";0;0;0;0;0;0;0;0;0;0;0;0;0;0;0;0;0;0;0;0;0;0;0;0;0;0;0;;0;;;;;;;;0;""
"Z";"06.09.2026";"20:16:15";3;2;"GEM";"15084013";"Meineweh";"";773;487;8;479;54;303;30;21;10;20;4;1;8;0;0;1;25;0;2;9;478;98;302;29;17;9;7;;15;;;;;;;;1;""
"V";"06.09.2026";"20:25:01";2;2;"GEM";"15084015";"Bad Bibra, Stadt";"U";2104;1158;14;1144;146;663;56;72;44;54;11;1;19;5;3;3;61;4;2;16;1142;175;693;88;81;68;28;;;;;;;;9;;;""
"V";"06.09.2026";"19:51:01";1;1;"GEM";"15084015";"Bad Bibra, Stadt";"B";0;406;0;406;112;133;40;40;17;21;7;1;3;2;1;1;26;2;0;9;397;99;131;61;38;39;22;;;;;;;;7;;;""
"V";"06.09.2026";"20:25:01";3;3;"GEM";"15084015";"Bad Bibra, Stadt";"";2104;1564;14;1550;258;796;96;112;61;75;18;2;22;7;4;4;87;6;2;25;1539;274;824;149;119;107;50;;;;;;;;16;;;""
"V";"06.09.2026";"19:13:20";3;3;"GEM";"15084025";"Balgstädt";"U";856;565;3;562;91;337;30;25;13;18;4;0;9;4;1;3;24;3;0;2;563;125;343;34;19;15;6;;15;;;;;;;;6;""
"V";"06.09.2026";"18:47:19";1;1;"GEM";"15084025";"Balgstädt";"B";0;155;1;154;49;60;12;9;3;9;1;0;1;0;0;0;10;0;0;1;154;63;59;11;6;4;4;;4;;;;;;;;3;""
"V";"06.09.2026";"19:13:20";4;4;"GEM";"15084025";"Balgstädt";"";856;720;4;716;140;397;42;34;16;27;5;0;10;4;1;3;34;3;0;3;717;188;402;45;25;19;10;;19;;;;;;;;9;""
"Z";"06.09.2026";"19:28:11";2;1;"GEM";"15084115";"Droyßig";"U";237;140;3;137;16;84;10;7;3;7;4;0;1;1;0;0;4;0;0;2;138;22;82;12;5;3;3;5;;;;;;4;;2;;""
"L";;;1;0;"GEM";"15084115";"Droyßig";"B";0;0;0;0;0;0;0;0;0;0;0;0;0;0;0;0;0;0;0;0;0;0;0;0;0;0;0;0;;;;;;0;;0;;""
"Z";"06.09.2026";"19:28:11";3;1;"GEM";"15084115";"Droyßig";"";237;140;3;137;16;84;10;7;3;7;4;0;1;1;0;0;4;0;0;2;138;22;82;12;5;3;3;5;;;;;;4;;2;;""
"V";"06.09.2026";"20:58:32";3;3;"GEM";"15084125";"Eckartsberga, Stadt";"U";1873;1071;11;1060;139;688;56;57;17;22;10;0;11;2;2;6;48;2;0;14;1057;180;707;60;61;26;14;;;;;;;;9;;;""
"V";"06.09.2026";"20:32:04";1;1;"GEM";"15084125";"Eckartsberga, Stadt";"B";0;332;6;326;78;120;32;37;9;18;3;0;2;0;0;1;22;4;0;9;323;85;119;43;37;25;8;;;;;;;;6;;;""
"V";"06.09.2026";"20:58:32";4;4;"GEM";"15084125";"Eckartsberga, Stadt";"";1873;1403;17;1386;217;808;88;94;26;40;13;0;13;2;2;7;70;6;0;23;1380;265;826;103;98;51;22;;;;;;;;15;;;""
"V";"06.09.2026";"19:56:47";11;11;"GEM";"15084130";"Elsteraue";"U";6506;4023;41;3982;583;2436;238;154;57;133;107;4;31;10;8;14;182;5;20;44;3979;628;2429;261;156;58;53;227;;;;;;142;;25;;""
"V";"06.09.2026";"20:03:14";2;2;"GEM";"15084130";"Elsteraue";"B";0;1320;8;1312;331;484;111;110;22;83;47;3;10;8;3;14;79;3;4;13;1307;345;465;129;93;22;59;110;;;;;;68;;16;;""
"V";"06.09.2026";"20:03:14";13;13;"GEM";"15084130";"Elsteraue";"";6506;5343;49;5294;914;2920;349;264;79;216;154;7;41;18;11;28;261;8;24;57;5286;973;2894;390;249;80;112;337;;;;;;210;;41;;""
"V";"06.09.2026";"19:26:49";2;2;"GEM";"15084132";"Finne";"U";893;564;5;559;93;319;30;28;12;15;7;1;10;1;1;3;35;2;2;9;555;106;328;39;31;21;18;;;;;;;;12;;;""
"V";"06.09.2026";"20:48:55";1;1;"GEM";"15084132";"Finne";"B";0;144;0;144;40;48;11;12;4;13;6;0;2;0;0;0;6;1;1;2;142;48;48;20;11;8;6;;;;;;;;1;;;""
"V";"06.09.2026";"20:48:55";3;3;"GEM";"15084132";"Finne";"";893;708;5;703;133;367;41;40;16;28;13;1;12;1;1;3;41;3;3;11;697;154;376;59;42;29;24;;;;;;;;13;;;""
"V";"06.09.2026";"19:53:38";2;2;"GEM";"15084133";"Finneland";"U";855;550;7;543;92;288;33;43;26;18;2;0;8;4;1;1;25;1;1;9;541;85;298;48;54;35;9;;;;;;;;12;;;""
"V";"06.09.2026";"20:16:23";1;1;"GEM";"15084133";"Finneland";"B";0;146;0;146;35;57;17;9;8;4;2;0;1;1;0;0;10;0;2;3;143;29;58;21;21;8;2;;;;;;;;4;;;""
"V";"06.09.2026";"20:16:23";3;3;"GEM";"15084133";"Finneland";"";855;696;7;689;127;345;50;52;34;22;4;0;9;5;1;1;35;1;3;12;684;114;356;69;75;43;11;;;;;;;;16;;;""
"V";"06.09.2026";"20:06:06";6;6;"GEM";"15084135";"Freyburg (Unstrut), Stadt";"U";3864;2054;24;2030;313;1143;135;113;55;74;27;5;33;5;9;8;101;5;4;21;2033;457;1177;170;72;61;33;;50;;;;;;;;13;""
"L";;;1;0;"GEM";"15084135";"Freyburg (Unstrut), Stadt";"B";0;0;0;0;0;0;0;0;0;0;0;0;0;0;0;0;0;0;0;0;0;0;0;0;0;0;0;;0;;;;;;;;0;""
"Z";"06.09.2026";"20:06:06";7;6;"GEM";"15084135";"Freyburg (Unstrut), Stadt";"";3864;2054;24;2030;313;1143;135;113;55;74;27;5;33;5;9;8;101;5;4;21;2033;457;1177;170;72;61;33;;50;;;;;;;;13;""
"V";"06.09.2026";"18:58:25";3;3;"GEM";"15084150";"Gleina";"U";929;635;10;625;136;310;41;44;19;21;6;1;6;2;0;2;32;2;3;9;626;175;320;43;27;25;12;;18;;;;;;;;6;""
"V";"06.09.2026";"19:17:10";1;1;"GEM";"15084150";"Gleina";"B";0;134;0;134;40;32;6;21;3;10;3;1;3;0;0;0;13;2;0;1;133;55;37;13;9;7;2;;5;;;;;;;;5;""
"V";"06.09.2026";"19:17:10";4;4;"GEM";"15084150";"Gleina";"";929;769;10;759;176;342;47;65;22;31;9;2;9;2;0;2;45;4;3;10;759;230;357;56;36;32;14;;23;;;;;;;;11;""
"V";"06.09.2026";"19:16:43";2;2;"GEM";"15084170";"Goseck";"U";802;545;3;542;94;311;29;35;6;22;5;1;3;4;0;3;27;0;2;3;542;131;321;31;20;7;11;;18;;;;;;;;3;""
"L";;;1;0;"GEM";"15084170";"Goseck";"B";0;0;0;0;0;0;0;0;0;0;0;0;0;0;0;0;0;0;0;0;0;0;0;0;0;0;0;;0;;;;;;;;0;""
"Z";"06.09.2026";"19:16:43";3;2;"GEM";"15084170";"Goseck";"";802;545;3;542;94;311;29;35;6;22;5;1;3;4;0;3;27;0;2;3;542;131;321;31;20;7;11;;18;;;;;;;;3;""
"Z";"06.09.2026";"19:32:04";4;2;"GEM";"15084207";"Gutenborn";"U";765;503;8;495;93;293;15;32;8;15;6;0;3;4;1;1;11;3;10;8;495;100;284;18;33;15;6;14;;;;;;9;;16;;""
"L";;;1;0;"GEM";"15084207";"Gutenborn";"B";0;0;0;0;0;0;0;0;0;0;0;0;0;0;0;0;0;0;0;0;0;0;0;0;0;0;0;0;;;;;;0;;0;;""
"Z";"06.09.2026";"19:32:04";5;2;"GEM";"15084207";"Gutenborn";"";765;503;8;495;93;293;15;32;8;15;6;0;3;4;1;1;11;3;10;8;495;100;284;18;33;15;6;14;;;;;;9;;16;;""
"V";"06.09.2026";"20:13:20";11;11;"GEM";"15084235";"Hohenmölsen, Stadt";"U";7735;4456;48;4408;606;2602;332;239;86;164;43;12;48;20;7;18;213;5;13;56;4400;772;2605;373;210;82;76;102;;;;;;160;;20;;""
"Z";"06.09.2026";"19:12:37";2;1;"GEM";"15084235";"Hohenmölsen, Stadt";"B";0;472;0;472;107;161;48;61;15;33;6;0;6;1;1;3;25;1;4;0;472;142;160;46;38;19;24;17;;;;;;19;;7;;""
"Z";"06.09.2026";"20:13:20";13;12;"GEM";"15084235";"Hohenmölsen, Stadt";"";7735;4928;48;4880;713;2763;380;300;101;197;49;12;54;21;8;21;238;6;17;56;4872;914;2765;419;248;101;100;119;;;;;;179;;27;;""
"V";"06.09.2026";"19:42:47";2;2;"GEM";"15084246";"Kaiserpfalz";"U";1232;779;8;771;109;464;65;40;16;21;11;0;4;4;3;2;31;1;0;8;771;129;466;69;56;20;16;;;;;;;;15;;;""
"V";"06.09.2026";"19:57:48";1;1;"GEM";"15084246";"Kaiserpfalz";"B";0;192;1;191;49;76;6;21;3;7;4;0;3;2;3;3;12;2;0;7;185;37;80;17;31;7;5;;;;;;;;8;;;""
"V";"06.09.2026";"19:57:48";3;3;"GEM";"15084246";"Kaiserpfalz";"";1232;971;9;962;158;540;71;61;19;28;15;0;7;6;6;5;43;3;0;15;956;166;546;86;87;27;21;;;;;;;;23;;;""
"V";"06.09.2026";"19:37:48";3;3;"GEM";"15084250";"Karsdorf";"U";1088;708;12;696;131;342;61;49;10;27;9;1;19;5;0;2;35;2;3;15;693;163;366;77;30;16;15;;22;;;;;;;;4;""
"L";;;1;0;"GEM";"15084250";"Karsdorf";"B";0;0;0;0;0;0;0;0;0;0;0;0;0;0;0;0;0;0;0;0;0;0;0;0;0;0;0;;0;;;;;;;;0;""
"Z";"06.09.2026";"19:37:48";4;3;"GEM";"15084250";"Karsdorf";"";1088;708;12;696;131;342;61;49;10;27;9;1;19;5;0;2;35;2;3;15;693;163;366;77;30;16;15;;22;;;;;;;;4;""
"Z";"06.09.2026";"19:33:55";5;2;"GEM";"15084275";"Kretzschau";"U";262;140;4;136;22;76;7;13;0;6;2;0;0;1;1;2;5;1;0;4;136;26;75;12;10;1;1;2;;;;;;6;;3;;""
"L";;;1;0;"GEM";"15084275";"Kretzschau";"B";0;0;0;0;0;0;0;0;0;0;0;0;0;0;0;0;0;0;0;0;0;0;0;0;0;0;0;0;;;;;;0;;0;;""
"Z";"06.09.2026";"19:33:55";6;2;"GEM";"15084275";"Kretzschau";"";262;140;4;136;22;76;7;13;0;6;2;0;0;1;1;2;5;1;0;4;136;26;75;12;10;1;1;2;;;;;;6;;3;;""
"V";"06.09.2026";"19:17:54";2;2;"GEM";"15084282";"Lanitz-Hassel-Tal";"U";840;561;6;555;106;280;29;35;23;21;8;1;5;3;1;2;37;3;1;11;550;115;291;54;35;31;18;;;;;;;;6;;;""
"V";"06.09.2026";"19:03:06";1;1;"GEM";"15084282";"Lanitz-Hassel-Tal";"B";0;117;0;117;28;48;10;11;2;8;1;0;2;1;2;1;2;1;0;1;116;33;48;17;10;4;3;;;;;;;;1;;;""
"V";"06.09.2026";"19:17:54";3;3;"GEM";"15084282";"Lanitz-Hassel-Tal";"";840;678;6;672;134;328;39;46;25;29;9;1;7;4;3;3;39;4;1;12;666;148;339;71;45;35;21;;;;;;;;7;;;""
"V";"06.09.2026";"19:46:24";4;4;"GEM";"15084285";"Laucha an der Unstrut, Stadt";"U";2235;1324;23;1301;215;742;75;57;38;53;18;5;20;9;2;5;62;0;0;23;1301;292;760;87;52;32;28;;38;;;;;;;;12;""
"L";;;1;0;"GEM";"15084285";"Laucha an der Unstrut, Stadt";"B";0;0;0;0;0;0;0;0;0;0;0;0;0;0;0;0;0;0;0;0;0;0;0;0;0;0;0;;0;;;;;;;;0;""
"Z";"06.09.2026";"19:46:24";5;4;"GEM";"15084285";"Laucha an der Unstrut, Stadt";"";2235;1324;23;1301;215;742;75;57;38;53;18;5;20;9;2;5;62;0;0;23;1301;292;760;87;52;32;28;;38;;;;;;;;12;""
"Z";"06.09.2026";"19:24:24";18;16;"GEM";"15084315";"Lützen, Stadt";"U";5123;3453;34;3419;488;2024;189;208;80;173;27;1;21;17;13;11;151;7;9;41;3412;668;2010;261;313;102;58;;;;;;;;;;;""
"V";"06.09.2026";"20:24:46";4;4;"GEM";"15084315";"Lützen, Stadt";"B";0;1148;14;1134;279;391;99;141;27;88;9;1;15;4;5;8;59;3;5;21;1127;347;384;113;205;39;39;;;;;;;;;;;""
"Z";"06.09.2026";"20:24:46";22;20;"GEM";"15084315";"Lützen, Stadt";"";5123;4601;48;4553;767;2415;288;349;107;261;36;2;36;21;18;19;210;10;14;62;4539;1015;2394;374;518;141;97;;;;;;;;;;;""
"V";"06.09.2026";"20:13:40";2;2;"GEM";"15084335";"Mertendorf";"U";1277;795;10;785;88;496;53;29;14;30;7;0;19;6;0;2;38;1;2;14;781;147;497;50;17;23;17;;23;;;;;;;;7;""
"V";"06.09.2026";"19:38:59";1;1;"GEM";"15084335";"Mertendorf";"B";0;275;2;273;82;67;22;30;7;27;5;0;7;0;0;0;23;0;3;3;272;120;78;19;18;7;12;;11;;;;;;;;7;""
"V";"06.09.2026";"20:13:40";3;3;"GEM";"15084335";"Mertendorf";"";1277;1070;12;1058;170;563;75;59;21;57;12;0;26;6;0;2;61;1;5;17;1053;267;575;69;35;30;29;;34;;;;;;;;14;""
"V";"06.09.2026";"19:41:31";1;1;"GEM";"15084341";"Molauer Land";"U";797;479;5;474;65;286;16;22;12;26;7;2;10;3;0;2;18;2;3;2;477;100;287;29;18;15;9;;18;;;;;;;;1;""
"L";;;1;0;"GEM";"15084341";"Molauer Land";"B";0;0;0;0;0;0;0;0;0;0;0;0;0;0;0;0;0;0;0;0;0;0;0;0;0;0;0;;0;;;;;;;;0;""
"Z";"06.09.2026";"19:41:31";2;1;"GEM";"15084341";"Molauer Land";"";797;479;5;474;65;286;16;22;12;26;7;2;10;3;0;2;18;2;3;2;477;100;287;29;18;15;9;;18;;;;;;;;1;""
"Z";"06.09.2026";"20:14:01";25;19;"GEM";"15084355";"Naumburg (Saale), Stadt";"U";16857;9364;94;9270;1431;4700;748;577;225;740;78;34;170;29;19;61;411;23;24;104;9260;2512;4717;795;326;217;332;;302;;;;;;;;59;""
"V";"06.09.2026";"20:25:50";6;6;"GEM";"15084355";"Naumburg (Saale), Stadt";"B";0;5256;22;5234;1379;1282;567;666;168;613;63;18;106;24;10;13;285;19;21;28;5228;2337;1252;608;321;160;302;;185;;;;;;;;63;""
"Z";"06.09.2026";"20:25:50";31;25;"GEM";"15084355";"Naumburg (Saale), Stadt";"";16857;14620;116;14504;2810;5982;1315;1243;393;1353;141;52;276;53;29;74;696;42;45;132;14488;4849;5969;1403;647;377;634;;487;;;;;;;;122;""
"V";"06.09.2026";"20:26:46";3;3;"GEM";"15084360";"Nebra (Unstrut), Stadt";"U";2415;1421;26;1395;206;857;95;67;26;31;14;0;23;7;4;6;56;1;2;27;1394;256;877;112;55;28;16;;40;;;;;;;;10;""
"L";;;1;0;"GEM";"15084360";"Nebra (Unstrut), Stadt";"B";0;0;0;0;0;0;0;0;0;0;0;0;0;0;0;0;0;0;0;0;0;0;0;0;0;0;0;;0;;;;;;;;0;""
"Z";"06.09.2026";"20:26:46";4;3;"GEM";"15084360";"Nebra (Unstrut), Stadt";"";2415;1421;26;1395;206;857;95;67;26;31;14;0;23;7;4;6;56;1;2;27;1394;256;877;112;55;28;16;;40;;;;;;;;10;""
"Z";"06.09.2026";"20:26:13";2;1;"GEM";"15084375";"Osterfeld, Stadt";"U";770;452;2;450;70;276;22;22;18;12;5;1;2;1;0;1;19;0;1;2;450;95;276;26;22;12;3;;12;;;;;;;;4;""
"V";"06.09.2026";"20:04:11";1;1;"GEM";"15084375";"Osterfeld, Stadt";"B";0;457;4;453;124;137;55;39;21;20;3;3;13;2;3;2;24;2;5;9;448;164;147;65;24;15;12;;15;;;;;;;;6;""
"Z";"06.09.2026";"20:26:13";3;2;"GEM";"15084375";"Osterfeld, Stadt";"";770;909;6;903;194;413;77;61;39;32;8;4;15;3;3;3;43;2;6;11;898;259;423;91;46;27;15;;27;;;;;;;;10;""
"Z";"06.09.2026";"19:43:27";5;4;"GEM";"15084442";"Schnaudertal";"U";621;459;5;454;55;315;21;19;4;6;7;2;3;6;1;3;9;0;3;6;453;59;324;24;15;9;1;9;;;;;;7;;5;;""
"V";"06.09.2026";"19:44:25";1;1;"GEM";"15084442";"Schnaudertal";"B";0;75;0;75;22;27;0;8;6;5;1;1;0;0;1;1;3;0;0;1;74;24;24;4;5;5;3;3;;;;;;3;;3;;""
"Z";"06.09.2026";"19:44:25";6;5;"GEM";"15084442";"Schnaudertal";"";621;534;5;529;77;342;21;27;10;11;8;3;3;6;2;4;12;0;3;7;527;83;348;28;20;14;4;12;;;;;;10;;8;;""
"L";;;1;0;"GEM";"15084445";"Schönburg";"U";0;0;0;0;0;0;0;0;0;0;0;0;0;0;0;0;0;0;0;0;0;0;0;0;0;0;0;;0;;;;;;;;0;""
"V";"06.09.2026";"19:06:29";1;1;"GEM";"15084445";"Schönburg";"B";0;164;0;164;31;66;9;9;13;14;7;0;1;3;1;0;10;0;0;1;163;62;61;8;2;13;10;;7;;;;;;;;0;""
"Z";"06.09.2026";"19:06:29";2;1;"GEM";"15084445";"Schönburg";"";0;164;0;164;31;66;9;9;13;14;7;0;1;3;1;0;10;0;0;1;163;62;61;8;2;13;10;;7;;;;;;;;0;""
"V";"06.09.2026";"19:17:15";1;1;"GEM";"15084470";"Stößen, Stadt";"U";725;409;2;407;52;239;20;29;10;14;2;3;7;1;0;2;28;0;0;2;407;92;250;23;17;8;7;;9;;;;;;;;1;""
"V";"06.09.2026";"19:56:20";1;1;"GEM";"15084470";"Stößen, Stadt";"B";0;152;0;152;53;39;21;12;4;9;3;0;4;1;0;2;4;0;0;0;152;79;36;14;6;6;4;;6;;;;;;;;1;""
"V";"06.09.2026";"19:56:20";2;2;"GEM";"15084470";"Stößen, Stadt";"";725;561;2;559;105;278;41;41;14;23;5;3;11;2;0;4;32;0;0;2;559;171;286;37;23;14;11;;15;;;;;;;;2;""
"V";"06.09.2026";"20:25:38";9;9;"GEM";"15084490";"Teuchern, Stadt";"U";6348;3687;41;3646;436;2369;193;169;62;117;37;9;40;17;10;17;152;6;12;58;3629;591;2427;252;193;113;53;;;;;;;;;;;""
"V";"06.09.2026";"19:33:09";2;2;"GEM";"15084490";"Teuchern, Stadt";"B";0;1214;8;1206;263;455;97;128;39;58;24;1;24;7;2;13;88;1;6;17;1197;365;476;119;135;74;28;;;;;;;;;;;""
"V";"06.09.2026";"20:25:38";11;11;"GEM";"15084490";"Teuchern, Stadt";"";6348;4901;49;4852;699;2824;290;297;101;175;61;10;64;24;12;30;240;7;18;75;4826;956;2903;371;328;187;81;;;;;;;;;;;""
"Z";"06.09.2026";"20:22:23";32;30;"GEM";"15084550";"Weißenfels, Stadt";"U";25651;14939;157;14782;2190;8398;1172;866;340;666;120;22;192;71;28;77;580;20;40;224;14715;3018;8495;1479;892;591;240;;;;;;;;;;;""
"Z";"06.09.2026";"20:26:15";7;4;"GEM";"15084550";"Weißenfels, Stadt";"B";0;2930;17;2913;768;824;323;360;105;246;25;5;31;25;8;13;158;9;13;46;2884;1057;835;399;353;148;92;;;;;;;;;;;""
"Z";"06.09.2026";"20:26:15";39;34;"GEM";"15084550";"Weißenfels, Stadt";"";25651;17869;174;17695;2958;9222;1495;1226;445;912;145;27;223;96;36;90;738;29;53;270;17599;4075;9330;1878;1245;739;332;;;;;;;;;;;""
"V";"06.09.2026";"19:59:34";1;1;"GEM";"15084560";"Wethau";"U";716;476;4;472;86;273;17;24;13;15;8;1;11;2;0;3;13;5;1;5;471;123;280;23;13;12;7;;11;;;;;;;;2;""
"L";;;1;0;"GEM";"15084560";"Wethau";"B";0;0;0;0;0;0;0;0;0;0;0;0;0;0;0;0;0;0;0;0;0;0;0;0;0;0;0;;0;;;;;;;;0;""
"Z";"06.09.2026";"19:59:34";2;1;"GEM";"15084560";"Wethau";"";716;476;4;472;86;273;17;24;13;15;8;1;11;2;0;3;13;5;1;5;471;123;280;23;13;12;7;;11;;;;;;;;2;""
"Z";"06.09.2026";"19:46:39";3;2;"GEM";"15084565";"Wetterzeube";"U";574;370;4;366;44;250;19;12;5;8;6;1;3;1;1;1;13;1;1;4;366;40;248;24;9;8;7;14;;;;;;13;;3;;""
"L";;;1;0;"GEM";"15084565";"Wetterzeube";"B";0;0;0;0;0;0;0;0;0;0;0;0;0;0;0;0;0;0;0;0;0;0;0;0;0;0;0;0;;;;;;0;;0;;""
"Z";"06.09.2026";"19:46:39";4;2;"GEM";"15084565";"Wetterzeube";"";574;370;4;366;44;250;19;12;5;8;6;1;3;1;1;1;13;1;1;4;366;40;248;24;9;8;7;14;;;;;;13;;3;;""
"Z";"06.09.2026";"20:24:32";26;25;"GEM";"15084590";"Zeitz, Stadt";"U";20075;10757;137;10620;1451;6324;708;642;181;399;199;14;105;42;26;44;423;18;44;147;10610;1723;6277;803;652;198;165;391;;;;;;322;;79;;""
"Z";"06.09.2026";"19:51:17";3;1;"GEM";"15084590";"Zeitz, Stadt";"B";0;859;2;857;229;300;84;88;19;46;22;2;5;5;2;5;42;1;7;4;855;242;293;79;105;18;26;44;;;;;;34;;14;;""
"Z";"06.09.2026";"20:24:32";29;26;"GEM";"15084590";"Zeitz, Stadt";"";20075;11616;139;11477;1680;6624;792;730;200;445;221;16;110;47;28;49;465;19;51;151;11465;1965;6570;882;757;216;191;435;;;;;;356;;93;;""
"V";"06.09.2026";"20:07:25";7;7;"GEM";"15085040";"Ballenstedt, Stadt";"U";7163;4140;57;4083;554;2237;288;285;96;236;76;3;32;13;14;22;212;8;7;54;4086;728;2215;303;240;121;149;113;;;;;;187;;;30;""
"Z";"06.09.2026";"20:41:09";2;1;"GEM";"15085040";"Ballenstedt, Stadt";"B";0;568;6;562;153;164;62;57;18;34;13;3;6;6;0;0;44;0;2;8;560;182;152;76;49;15;19;22;;;;;;43;;;2;""
"Z";"06.09.2026";"20:41:09";9;8;"GEM";"15085040";"Ballenstedt, Stadt";"";7163;4708;63;4645;707;2401;350;342;114;270;89;6;38;19;14;22;256;8;9;62;4646;910;2367;379;289;136;168;135;;;;;;230;;;32;""
"Z";"06.09.2026";"19:40:22";17;13;"GEM";"15085055";"Blankenburg (Harz), Stadt";"U";11060;6636;68;6568;963;3460;408;577;107;367;97;18;96;26;34;32;365;6;12;79;6557;1196;3456;564;539;135;151;210;;;;;;306;;;;""
"L";;;3;0;"GEM";"15085055";"Blankenburg (Harz), Stadt";"B";0;0;0;0;0;0;0;0;0;0;0;0;0;0;0;0;0;0;0;0;0;0;0;0;0;0;0;0;;;;;;0;;;;""
"Z";"06.09.2026";"19:40:22";20;13;"GEM";"15085055";"Blankenburg (Harz), Stadt";"";11060;6636;68;6568;963;3460;408;577;107;367;97;18;96;26;34;32;365;6;12;79;6557;1196;3456;564;539;135;151;210;;;;;;306;;;;""
"V";"06.09.2026";"20:03:50";1;1;"GEM";"15085090";"Ditfurt";"U";1178;806;11;795;128;446;43;44;17;56;7;1;5;2;0;4;37;1;4;10;796;150;445;55;47;22;33;12;;;;;;27;;;5;""
"V";"06.09.2026";"19:10:33";1;1;"GEM";"15085090";"Ditfurt";"B";0;164;5;159;35;53;14;16;2;17;5;1;1;0;0;1;13;0;1;7;157;37;50;21;11;4;10;8;;;;;;12;;;4;""
"V";"06.09.2026";"20:03:50";2;2;"GEM";"15085090";"Ditfurt";"";1178;970;16;954;163;499;57;60;19;73;12;2;6;2;0;5;50;1;5;17;953;187;495;76;58;26;43;20;;;;;;39;;;9;""
"Z";"06.09.2026";"20:55:38";8;7;"GEM";"15085110";"Falkenstein/Harz, Stadt";"U";4116;2536;33;2503;396;1310;157;188;47;118;39;3;27;9;5;12;174;7;11;32;2504;502;1331;181;172;46;54;;;;;;;202;16;;;""
"L";;;1;0;"GEM";"15085110";"Falkenstein/Harz, Stadt";"B";0;0;0;0;0;0;0;0;0;0;0;0;0;0;0;0;0;0;0;0;0;0;0;0;0;0;0;;;;;;;0;0;;;""
"Z";"06.09.2026";"20:55:38";9;7;"GEM";"15085110";"Falkenstein/Harz, Stadt";"";4116;2536;33;2503;396;1310;157;188;47;118;39;3;27;9;5;12;174;7;11;32;2504;502;1331;181;172;46;54;;;;;;;202;16;;;""
"V";"06.09.2026";"20:26:55";1;1;"GEM";"15085125";"Groß Quenstedt";"U";729;434;8;426;54;210;46;39;8;19;10;1;5;2;1;2;26;2;1;3;431;80;219;50;25;11;5;18;;;;;;23;;;;""
"V";"06.09.2026";"20:32:27";1;1;"GEM";"15085125";"Groß Quenstedt";"B";0;135;7;128;26;37;9;16;11;8;8;1;0;1;1;0;10;0;0;8;127;36;35;13;16;5;6;8;;;;;;8;;;;""
"V";"06.09.2026";"20:32:27";2;2;"GEM";"15085125";"Groß Quenstedt";"";729;569;15;554;80;247;55;55;19;27;18;2;5;3;2;2;36;2;1;11;558;116;254;63;41;16;11;26;;;;;;31;;;;""
"V";"06.09.2026";"20:47:53";23;23;"GEM";"15085135";"Halberstadt, Stadt";"U";30398;15676;192;15484;2195;7958;1287;1219;242;1019;270;21;140;69;22;87;905;21;29;196;15480;3052;8028;1573;898;198;564;490;;;;;;677;;;;""
"V";"06.09.2026";"21:07:02";8;8;"GEM";"15085135";"Halberstadt, Stadt";"B";0;6716;43;6673;1854;1530;762;890;140;714;110;10;73;35;12;38;472;7;26;57;6659;2408;1513;964;522;122;476;234;;;;;;420;;;;""
"V";"06.09.2026";"21:07:02";31;31;"GEM";"15085135";"Halberstadt, Stadt";"";30398;22392;235;22157;4049;9488;2049;2109;382;1733;380;31;213;104;34;125;1377;28;55;253;22139;5460;9541;2537;1420;320;1040;724;;;;;;1097;;;;""
"L";;;1;0;"GEM";"15085140";"Harsleben";"U";0;0;0;0;0;0;0;0;0;0;0;0;0;0;0;0;0;0;0;0;0;0;0;0;0;0;0;0;;;;;;0;;;0;""
"L";;;1;0;"GEM";"15085140";"Harsleben";"B";0;0;0;0;0;0;0;0;0;0;0;0;0;0;0;0;0;0;0;0;0;0;0;0;0;0;0;0;;;;;;0;;;0;""
"L";;;2;0;"GEM";"15085140";"Harsleben";"";0;0;0;0;0;0;0;0;0;0;0;0;0;0;0;0;0;0;0;0;0;0;0;0;0;0;0;0;;;;;;0;;;0;""
"V";"06.09.2026";"21:00:23";11;11;"GEM";"15085145";"Harzgerode, Stadt";"U";6142;3663;41;3622;606;2012;234;248;55;172;26;5;31;13;5;17;185;5;8;42;3621;797;1990;255;282;46;33;75;;;;;;143;;;;""
"V";"06.09.2026";"21:02:52";2;2;"GEM";"15085145";"Harzgerode, Stadt";"B";0;1178;29;1149;356;330;98;152;43;74;11;0;18;5;5;4;47;2;4;28;1150;437;313;123;161;26;20;29;;;;;;41;;;;""
"V";"06.09.2026";"21:02:52";13;13;"GEM";"15085145";"Harzgerode, Stadt";"";6142;4841;70;4771;962;2342;332;400;98;246;37;5;49;18;10;21;232;7;12;70;4771;1234;2303;378;443;72;53;104;;;;;;184;;;;""
"V";"06.09.2026";"20:45:31";1;1;"GEM";"15085160";"Hedersleben";"U";1058;718;10;708;128;445;33;14;22;17;7;17;3;1;2;6;12;0;1;15;703;124;436;41;28;24;9;12;;;;;;24;;;5;""
"V";"06.09.2026";"20:29:42";1;1;"GEM";"15085160";"Hedersleben";"B";0;148;0;148;60;39;12;11;6;6;1;0;2;1;0;2;8;0;0;1;147;49;40;8;19;10;8;4;;;;;;9;;;0;""
"V";"06.09.2026";"20:45:31";2;2;"GEM";"15085160";"Hedersleben";"";1058;866;10;856;188;484;45;25;28;23;8;17;5;2;2;8;20;0;1;16;850;173;476;49;47;34;17;16;;;;;;33;;;5;""
"V";"06.09.2026";"20:12:53";11;11;"GEM";"15085185";"Huy";"U";5665;3343;36;3307;481;1756;231;302;52;154;69;4;34;17;6;17;172;4;8;39;3304;580;1724;249;384;35;62;135;;;;;;135;;;;""
"L";;;1;0;"GEM";"15085185";"Huy";"B";0;0;0;0;0;0;0;0;0;0;0;0;0;0;0;0;0;0;0;0;0;0;0;0;0;0;0;0;;;;;;0;;;;""
"Z";"06.09.2026";"20:12:53";12;11;"GEM";"15085185";"Huy";"";5665;3343;36;3307;481;1756;231;302;52;154;69;4;34;17;6;17;172;4;8;39;3304;580;1724;249;384;35;62;135;;;;;;135;;;;""
"Z";"06.09.2026";"20:10:37";7;6;"GEM";"15085190";"Ilsenburg (Harz), Stadt";"U";6690;3903;43;3860;641;1624;277;493;80;341;69;5;42;12;18;29;182;9;38;50;3853;711;1579;346;707;73;108;157;;;;;;172;;;;""
"L";;;2;0;"GEM";"15085190";"Ilsenburg (Harz), Stadt";"B";0;0;0;0;0;0;0;0;0;0;0;0;0;0;0;0;0;0;0;0;0;0;0;0;0;0;0;0;;;;;;0;;;;""
"Z";"06.09.2026";"20:10:37";9;6;"GEM";"15085190";"Ilsenburg (Harz), Stadt";"";6690;3903;43;3860;641;1624;277;493;80;341;69;5;42;12;18;29;182;9;38;50;3853;711;1579;346;707;73;108;157;;;;;;172;;;;""
"V";"06.09.2026";"20:15:09";8;8;"GEM";"15085227";"Nordharz";"U";6276;4118;41;4077;570;2029;244;475;52;240;88;20;50;14;10;33;237;4;11;47;4071;683;2022;297;493;82;120;170;;;;;;204;;;;""
"V";"06.09.2026";"20:39:23";1;1;"GEM";"15085227";"Nordharz";"B";0;1096;2;1094;269;279;94;196;32;113;16;1;11;7;1;5;66;0;4;7;1089;303;267;112;210;36;53;38;;;;;;70;;;;""
"V";"06.09.2026";"20:39:23";9;9;"GEM";"15085227";"Nordharz";"";6276;5214;43;5171;839;2308;338;671;84;353;104;21;61;21;11;38;303;4;15;54;5160;986;2289;409;703;118;173;208;;;;;;274;;;;""
"V";"06.09.2026";"20:53:41";10;10;"GEM";"15085228";"Oberharz am Brocken, Stadt";"U";8219;4538;68;4470;709;2435;261;366;68;193;87;5;41;13;13;18;240;6;15;59;4479;884;2267;244;516;64;72;210;;;;;;222;;;;""
"V";"06.09.2026";"20:40:08";2;2;"GEM";"15085228";"Oberharz am Brocken, Stadt";"B";0;1838;7;1831;484;506;149;285;39;107;41;0;20;10;5;16;164;4;1;12;1826;535;447;129;408;29;43;69;;;;;;166;;;;""
"V";"06.09.2026";"20:53:41";12;12;"GEM";"15085228";"Oberharz am Brocken, Stadt";"";8219;6376;75;6301;1193;2941;410;651;107;300;128;5;61;23;18;34;404;10;16;71;6305;1419;2714;373;924;93;115;279;;;;;;388;;;;""
"V";"06.09.2026";"20:10:14";19;19;"GEM";"15085230";"Osterwieck, Stadt";"U";9051;5693;78;5615;840;2813;374;554;120;369;102;3;54;28;12;38;285;12;11;83;5610;1056;2769;474;601;128;152;226;;;;;;204;;;;""
"V";"06.09.2026";"20:43:45";2;2;"GEM";"15085230";"Osterwieck, Stadt";"B";0;1520;39;1481;379;394;159;240;36;114;37;0;27;6;6;12;69;1;1;38;1482;446;372;202;236;31;67;58;;;;;;70;;;;""
"V";"06.09.2026";"20:43:45";21;21;"GEM";"15085230";"Osterwieck, Stadt";"";9051;7213;117;7096;1219;3207;533;794;156;483;139;3;81;34;18;50;354;13;12;121;7092;1502;3141;676;837;159;219;284;;;;;;274;;;;""
"Z";"06.09.2026";"21:04:10";13;9;"GEM";"15085235";"Quedlinburg, Welterbestadt";"U";13130;6267;78;6189;815;3194;481;441;128;593;66;10;76;25;31;33;282;7;7;96;6171;1079;3148;574;407;132;401;111;;;;;;237;;;82;""
"Z";"06.09.2026";"21:07:38";5;1;"GEM";"15085235";"Quedlinburg, Welterbestadt";"B";0;1061;2;1059;257;252;114;134;33;155;15;4;14;3;7;6;61;2;2;3;1058;304;248;125;129;24;127;24;;;;;;56;;;21;""
"Z";"06.09.2026";"21:07:38";18;10;"GEM";"15085235";"Quedlinburg, Welterbestadt";"";13130;7328;80;7248;1072;3446;595;575;161;748;81;14;90;28;38;39;343;9;9;99;7229;1383;3396;699;536;156;528;135;;;;;;293;;;103;""
"V";"06.09.2026";"20:14:19";2;2;"GEM";"15085285";"Schwanebeck, Stadt";"U";1956;1247;20;1227;117;793;97;64;16;30;21;1;7;7;1;10;61;2;0;14;1233;150;801;104;73;16;12;27;;;;;;50;;;;""
"V";"06.09.2026";"19:41:21";1;1;"GEM";"15085285";"Schwanebeck, Stadt";"B";0;324;15;309;74;111;25;43;4;18;11;0;3;0;2;2;15;1;0;16;308;101;109;32;29;3;10;13;;;;;;11;;;;""
"V";"06.09.2026";"20:14:19";3;3;"GEM";"15085285";"Schwanebeck, Stadt";"";1956;1571;35;1536;191;904;122;107;20;48;32;1;10;7;3;12;76;3;0;30;1541;251;910;136;102;19;22;40;;;;;;61;;;;""
"V";"06.09.2026";"19:41:35";3;3;"GEM";"15085287";"Selke-Aue";"U";1088;817;9;808;168;431;58;44;9;36;6;1;6;3;2;3;39;2;0;13;804;180;430;63;36;13;27;16;;;;;;37;;;2;""
"V";"06.09.2026";"19:44:48";1;1;"GEM";"15085287";"Selke-Aue";"B";0;120;0;120;43;34;9;13;2;5;1;0;0;1;0;0;11;0;1;1;119;43;32;14;9;2;4;1;;;;;;12;;;2;""
"V";"06.09.2026";"19:44:48";4;4;"GEM";"15085287";"Selke-Aue";"";1088;937;9;928;211;465;67;57;11;41;7;1;6;4;2;3;50;2;1;14;923;223;462;77;45;15;31;17;;;;;;49;;;4;""
"V";"06.09.2026";"21:05:06";14;14;"GEM";"15085330";"Thale, Stadt";"U";13956;7880;110;7770;1073;4283;480;595;150;492;126;35;91;26;28;41;327;11;12;115;7765;1401;4304;715;404;134;246;214;;;;;;271;;;76;""
"Z";"06.09.2026";"20:24:11";4;3;"GEM";"15085330";"Thale, Stadt";"B";0;2078;21;2057;535;553;213;286;64;166;43;2;35;12;8;15;118;4;3;19;2059;644;553;283;211;50;107;83;;;;;;103;;;25;""
"Z";"06.09.2026";"21:05:06";18;17;"GEM";"15085330";"Thale, Stadt";"";13956;9958;131;9827;1608;4836;693;881;214;658;169;37;126;38;36;56;445;15;15;134;9824;2045;4857;998;615;184;353;297;;;;;;374;;;101;""
"V";"06.09.2026";"19:24:40";4;4;"GEM";"15085365";"Wegeleben, Stadt";"U";2007;1158;15;1143;176;659;82;50;22;52;11;1;10;4;2;10;63;1;0;18;1140;212;668;95;45;24;30;10;;;;;;47;;;9;""
"V";"06.09.2026";"19:53:36";1;1;"GEM";"15085365";"Wegeleben, Stadt";"B";0;400;2;398;104;108;45;39;13;24;9;0;7;4;5;4;36;0;0;4;396;128;104;44;31;15;17;17;;;;;;36;;;4;""
"V";"06.09.2026";"19:53:36";5;5;"GEM";"15085365";"Wegeleben, Stadt";"";2007;1558;17;1541;280;767;127;89;35;76;20;1;17;8;7;14;99;1;0;22;1536;340;772;139;76;39;47;27;;;;;;83;;;13;""
"Z";"06.09.2026";"19:59:24";20;18;"GEM";"15085370";"Wernigerode, Stadt";"U";22366;12066;116;11950;1777;5094;895;1709;240;1087;167;18;125;55;31;67;645;13;27;137;11929;2124;4970;945;2508;208;305;327;;;;;;542;;;;""
"Z";"06.09.2026";"20:21:48";6;2;"GEM";"15085370";"Wernigerode, Stadt";"B";0;2114;7;2107;465;410;214;446;68;267;39;4;32;8;6;13;122;4;9;14;2100;532;369;208;670;46;90;71;;;;;;114;;;;""
"Z";"06.09.2026";"20:21:48";26;20;"GEM";"15085370";"Wernigerode, Stadt";"";22366;14180;123;14057;2242;5504;1109;2155;308;1354;206;22;157;63;37;80;767;17;36;151;14029;2656;5339;1153;3178;254;395;398;;;;;;656;;;;""
"Z";"06.09.2026";"21:15:56";6;4;"GEM";"15086005";"Biederitz";"U";1751;1155;9;1146;164;522;90;115;31;104;34;3;13;6;2;3;53;1;5;10;1145;179;514;101;116;27;44;114;;;;;;39;;;11;""
"V";"06.09.2026";"21:15:12";2;2;"GEM";"15086005";"Biederitz";"B";0;1944;7;1937;474;411;162;281;63;287;113;2;23;10;6;9;84;1;11;10;1934;471;374;193;255;55;118;366;;;;;;55;;;47;""
"Z";"06.09.2026";"21:15:56";8;6;"GEM";"15086005";"Biederitz";"";1751;3099;16;3083;638;933;252;396;94;391;147;5;36;16;8;12;137;2;16;20;3079;650;888;294;371;82;162;480;;;;;;94;;;58;""
"Z";"06.09.2026";"21:13:23";16;5;"GEM";"15086015";"Burg, Stadt";"U";4213;2334;31;2303;356;1224;166;154;41;125;41;3;37;11;7;15;115;2;6;29;2305;444;1167;192;147;37;69;79;;;;;;75;;;95;""
"L";;;3;0;"GEM";"15086015";"Burg, Stadt";"B";0;0;0;0;0;0;0;0;0;0;0;0;0;0;0;0;0;0;0;0;0;0;0;0;0;0;0;0;;;;;;0;;;0;""
"Z";"06.09.2026";"21:13:23";19;5;"GEM";"15086015";"Burg, Stadt";"";4213;2334;31;2303;356;1224;166;154;41;125;41;3;37;11;7;15;115;2;6;29;2305;444;1167;192;147;37;69;79;;;;;;75;;;95;""
"V";"06.09.2026";"20:39:46";7;7;"GEM";"15086035";"Elbe-Parey";"U";5313;3285;36;3249;541;1639;248;263;61;171;48;0;47;13;5;22;167;7;17;45;3240;720;1704;279;222;57;78;;;;;;;132;;;48;""
"L";;;1;0;"GEM";"15086035";"Elbe-Parey";"B";0;0;0;0;0;0;0;0;0;0;0;0;0;0;0;0;0;0;0;0;0;0;0;0;0;0;0;;;;;;;0;;;0;""
"Z";"06.09.2026";"20:39:46";8;7;"GEM";"15086035";"Elbe-Parey";"";5313;3285;36;3249;541;1639;248;263;61;171;48;0;47;13;5;22;167;7;17;45;3240;720;1704;279;222;57;78;;;;;;;132;;;48;""
"Z";"06.09.2026";"21:12:06";12;6;"GEM";"15086040";"Genthin, Stadt";"U";3270;1900;48;1852;280;1017;132;128;33;79;32;1;29;9;4;11;85;8;4;44;1856;379;1059;139;119;35;30;;;;;;;55;;;40;""
"L";;;2;0;"GEM";"15086040";"Genthin, Stadt";"B";0;0;0;0;0;0;0;0;0;0;0;0;0;0;0;0;0;0;0;0;0;0;0;0;0;0;0;;;;;;;0;;;0;""
"Z";"06.09.2026";"21:12:06";14;6;"GEM";"15086040";"Genthin, Stadt";"";3270;1900;48;1852;280;1017;132;128;33;79;32;1;29;9;4;11;85;8;4;44;1856;379;1059;139;119;35;30;;;;;;;55;;;40;""
"V";"06.09.2026";"20:20:55";14;14;"GEM";"15086055";"Gommern, Stadt";"U";8455;5057;54;5003;827;2410;332;420;170;337;86;6;51;36;12;19;271;8;18;101;4956;1289;2376;459;384;305;143;;;;;;;;;;;""
"V";"06.09.2026";"20:55:56";1;1;"GEM";"15086055";"Gommern, Stadt";"B";0;1935;12;1923;497;514;169;267;56;206;40;3;16;12;5;8;122;4;4;62;1873;770;438;244;213;97;111;;;;;;;;;;;""
"V";"06.09.2026";"20:55:56";15;15;"GEM";"15086055";"Gommern, Stadt";"";8455;6992;66;6926;1324;2924;501;687;226;543;126;9;67;48;17;27;393;12;22;163;6829;2059;2814;703;597;402;254;;;;;;;;;;;""
"Z";"06.09.2026";"20:35:10";12;11;"GEM";"15086080";"Jerichow, Stadt";"U";3934;2722;26;2696;411;1509;170;211;49;108;39;1;24;8;2;6;150;4;4;33;2689;538;1553;169;172;54;53;;;;;;;104;;;46;""
"L";;;1;0;"GEM";"15086080";"Jerichow, Stadt";"B";0;0;0;0;0;0;0;0;0;0;0;0;0;0;0;0;0;0;0;0;0;0;0;0;0;0;0;;;;;;;0;;;0;""
"Z";"06.09.2026";"20:35:10";13;11;"GEM";"15086080";"Jerichow, Stadt";"";3934;2722;26;2696;411;1509;170;211;49;108;39;1;24;8;2;6;150;4;4;33;2689;538;1553;169;172;54;53;;;;;;;104;;;46;""
"Z";"06.09.2026";"21:15:04";28;16;"GEM";"15086140";"Möckern, Stadt";"U";5829;3514;50;3464;533;1803;279;257;93;166;81;6;34;18;8;18;155;3;10;51;3463;643;1776;316;208;110;108;133;;;;;;106;;;63;""
"L";;;2;0;"GEM";"15086140";"Möckern, Stadt";"B";0;0;0;0;0;0;0;0;0;0;0;0;0;0;0;0;0;0;0;0;0;0;0;0;0;0;0;0;;;;;;0;;;0;""
"Z";"06.09.2026";"21:15:04";30;16;"GEM";"15086140";"Möckern, Stadt";"";5829;3514;50;3464;533;1803;279;257;93;166;81;6;34;18;8;18;155;3;10;51;3463;643;1776;316;208;110;108;133;;;;;;106;;;63;""
"Z";"06.09.2026";"20:53:45";7;3;"GEM";"15086145";"Möser";"U";2513;1516;12;1504;234;772;102;117;35;107;28;0;24;3;3;6;58;4;11;12;1504;274;759;113;127;37;39;73;;;;;;48;;;34;""
"L";;;2;0;"GEM";"15086145";"Möser";"B";0;0;0;0;0;0;0;0;0;0;0;0;0;0;0;0;0;0;0;0;0;0;0;0;0;0;0;0;;;;;;0;;;0;""
"Z";"06.09.2026";"20:53:45";9;3;"GEM";"15086145";"Möser";"";2513;1516;12;1504;234;772;102;117;35;107;28;0;24;3;3;6;58;4;11;12;1504;274;759;113;127;37;39;73;;;;;;48;;;34;""
"V";"06.09.2026";"20:03:53";1;1;"GEM";"15087010";"Ahlsdorf";"U";1259;745;6;739;96;473;40;37;18;19;2;0;6;1;2;2;40;1;2;9;736;115;480;57;38;28;13;;;;;;;;5;;;""
"V";"06.09.2026";"20:24:15";1;1;"GEM";"15087010";"Ahlsdorf";"B";0;268;2;266;75;83;26;28;13;10;5;0;3;2;1;0;16;4;0;2;266;76;96;44;23;16;4;;;;;;;;7;;;""
"V";"06.09.2026";"20:24:15";2;2;"GEM";"15087010";"Ahlsdorf";"";1259;1013;8;1005;171;556;66;65;31;29;7;0;9;3;3;2;56;5;2;11;1002;191;576;101;61;44;17;;;;;;;;12;;;""
"V";"06.09.2026";"20:48:53";14;14;"GEM";"15087015";"Allstedt, Stadt";"U";6258;3788;46;3742;555;2139;234;232;81;111;26;3;47;18;7;20;215;46;8;58;3730;652;2241;299;241;104;62;;;;;;;;131;;;""
"V";"06.09.2026";"20:57:43";1;1;"GEM";"15087015";"Allstedt, Stadt";"B";0;1122;7;1115;272;339;126;123;46;63;12;1;10;6;2;2;84;23;6;11;1111;306;360;149;141;50;40;;;;;;;;65;;;""
"V";"06.09.2026";"20:57:43";15;15;"GEM";"15087015";"Allstedt, Stadt";"";6258;4910;53;4857;827;2478;360;355;127;174;38;4;57;24;9;22;299;69;14;69;4841;958;2601;448;382;154;102;;;;;;;;196;;;""
"V";"06.09.2026";"19:47:29";12;12;"GEM";"15087031";"Arnstein, Stadt";"U";5217;3357;47;3310;504;1943;215;184;46;97;22;5;21;12;6;24;176;49;6;48;3309;523;1909;254;176;57;58;;;;;;;191;141;;;""
"L";;;1;0;"GEM";"15087031";"Arnstein, Stadt";"B";0;0;0;0;0;0;0;0;0;0;0;0;0;0;0;0;0;0;0;0;0;0;0;0;0;0;0;;;;;;;0;0;;;""
"Z";"06.09.2026";"19:47:29";13;12;"GEM";"15087031";"Arnstein, Stadt";"";5217;3357;47;3310;504;1943;215;184;46;97;22;5;21;12;6;24;176;49;6;48;3309;523;1909;254;176;57;58;;;;;;;191;141;;;""
"V";"06.09.2026";"20:05:40";1;1;"GEM";"15087045";"Benndorf";"U";1614;820;13;807;126;451;70;51;16;27;4;0;9;8;0;6;34;3;2;16;804;158;469;82;51;22;10;;;;;;;;12;;;""
"V";"06.09.2026";"20:02:11";1;1;"GEM";"15087045";"Benndorf";"B";0;259;1;258;68;86;26;34;3;8;0;0;3;1;1;0;21;6;1;4;255;80;89;38;22;8;7;;;;;;;;11;;;""
"V";"06.09.2026";"20:05:40";2;2;"GEM";"15087045";"Benndorf";"";1614;1079;14;1065;194;537;96;85;19;35;4;0;12;9;1;6;55;9;3;20;1059;238;558;120;73;30;17;;;;;;;;23;;;""
"V";"06.09.2026";"19:45:24";3;3;"GEM";"15087055";"Berga";"U";1335;779;9;770;113;470;38;38;14;17;11;2;12;2;2;4;44;3;0;11;768;160;485;55;25;23;11;;;;;;;;9;;;""
"V";"06.09.2026";"19:38:06";1;1;"GEM";"15087055";"Berga";"B";0;272;2;270;84;85;15;37;9;15;1;1;2;0;0;0;21;0;0;3;269;102;86;21;25;17;13;;;;;;;;5;;;""
"V";"06.09.2026";"19:45:24";4;4;"GEM";"15087055";"Berga";"";1335;1051;11;1040;197;555;53;75;23;32;12;3;14;2;2;4;65;3;0;14;1037;262;571;76;50;40;24;;;;;;;;14;;;""
"V";"06.09.2026";"19:25:34";1;1;"GEM";"15087070";"Blankenheim";"U";942;594;2;592;83;357;40;31;18;10;7;0;8;2;1;5;25;3;2;4;590;106;371;45;29;23;4;;;;;;;;12;;;""
"L";;;1;0;"GEM";"15087070";"Blankenheim";"B";0;0;0;0;0;0;0;0;0;0;0;0;0;0;0;0;0;0;0;0;0;0;0;0;0;0;0;;;;;;;;0;;;""
"Z";"06.09.2026";"19:25:34";2;1;"GEM";"15087070";"Blankenheim";"";942;594;2;592;83;357;40;31;18;10;7;0;8;2;1;5;25;3;2;4;590;106;371;45;29;23;4;;;;;;;;12;;;""
"V";"06.09.2026";"19:27:43";1;1;"GEM";"15087075";"Bornstedt";"U";635;395;7;388;46;237;22;29;6;9;7;0;7;0;2;2;19;0;2;8;387;59;246;30;29;17;4;;;;;;;;2;;;""
"V";"06.09.2026";"18:39:43";1;1;"GEM";"15087075";"Bornstedt";"B";0;105;1;104;36;30;8;18;1;4;1;0;3;1;0;1;1;0;0;2;103;44;29;10;13;5;2;;;;;;;;0;;;""
"V";"06.09.2026";"19:27:43";2;2;"GEM";"15087075";"Bornstedt";"";635;500;8;492;82;267;30;47;7;13;8;0;10;1;2;3;20;0;2;10;490;103;275;40;42;22;6;;;;;;;;2;;;""
"V";"06.09.2026";"19:38:40";2;2;"GEM";"15087101";"Brücken-Hackpfüffel";"U";810;577;9;568;100;316;39;39;9;17;1;2;9;3;1;3;25;1;3;9;568;123;328;51;35;13;10;;;;;;;;8;;;""
"V";"06.09.2026";"20:14:04";1;1;"GEM";"15087101";"Brücken-Hackpfüffel";"B";0;79;0;79;16;24;6;16;1;10;1;0;1;0;0;0;4;0;0;0;79;20;25;12;11;1;10;;;;;;;;0;;;""
"V";"06.09.2026";"20:14:04";3;3;"GEM";"15087101";"Brücken-Hackpfüffel";"";810;656;9;647;116;340;45;55;10;27;2;2;10;3;1;3;29;1;3;9;647;143;353;63;46;14;20;;;;;;;;8;;;""
"V";"06.09.2026";"19:57:52";1;1;"GEM";"15087125";"Edersleben";"U";771;496;5;491;98;251;44;28;9;16;3;1;7;2;0;3;27;1;1;7;489;127;262;47;19;19;9;;;;;;;;6;;;""
"V";"06.09.2026";"19:50:20";1;1;"GEM";"15087125";"Edersleben";"B";0;148;1;147;26;70;9;7;3;9;2;0;1;0;2;2;15;1;0;1;147;35;76;12;10;5;4;;;;;;;;5;;;""
"V";"06.09.2026";"19:57:52";2;2;"GEM";"15087125";"Edersleben";"";771;644;6;638;124;321;53;35;12;25;5;1;8;2;2;5;42;2;1;8;636;162;338;59;29;24;13;;;;;;;;11;;;""
"Z";"06.09.2026";"20:14:21";21;19;"GEM";"15087130";"Eisleben, Lutherstadt";"U";14686;8228;103;8125;1140;4834;532;468;187;272;59;10;82;38;15;44;400;30;14;123;8105;1500;5002;731;404;244;128;;;;;;;;96;;;""
"V";"06.09.2026";"20:23:02";3;3;"GEM";"15087130";"Eisleben, Lutherstadt";"B";0;3009;22;2987;710;939;347;351;99;216;25;2;29;16;10;17;201;22;3;35;2974;964;977;459;258;138;109;;;;;;;;69;;;""
"Z";"06.09.2026";"20:23:02";24;22;"GEM";"15087130";"Eisleben, Lutherstadt";"";14686;11237;125;11112;1850;5773;879;819;286;488;84;12;111;54;25;61;601;52;17;158;11079;2464;5979;1190;662;382;237;;;;;;;;165;;;""
"V";"06.09.2026";"20:07:34";14;14;"GEM";"15087165";"Gerbstedt, Stadt";"U";5599;3328;50;3278;435;2041;177;167;71;119;17;4;26;20;5;15;159;15;7;64;3264;536;2116;261;150;108;57;;;;;;;;36;;;""
"V";"06.09.2026";"20:09:45";1;1;"GEM";"15087165";"Gerbstedt, Stadt";"B";0;1040;3;1037;282;363;112;98;28;60;14;0;9;7;2;4;49;6;3;11;1029;331;378;149;73;48;41;;;;;;;;9;;;""
"V";"06.09.2026";"20:09:45";15;15;"GEM";"15087165";"Gerbstedt, Stadt";"";5599;4368;53;4315;717;2404;289;265;99;179;31;4;35;27;7;19;208;21;10;75;4293;867;2494;410;223;156;98;;;;;;;;45;;;""
"Z";"06.09.2026";"20:12:10";2;1;"GEM";"15087205";"Helbra";"U";1509;956;12;944;145;577;62;48;17;17;7;0;10;1;5;4;48;1;2;11;945;171;606;83;41;23;13;;;;;;;;8;;;""
"V";"06.09.2026";"19:53:53";1;1;"GEM";"15087205";"Helbra";"B";0;650;0;650;219;185;62;74;9;28;6;0;8;5;2;4;43;5;0;4;646;256;203;93;53;14;18;;;;;;;;9;;;""
"Z";"06.09.2026";"20:12:10";3;2;"GEM";"15087205";"Helbra";"";1509;1606;12;1594;364;762;124;122;26;45;13;0;18;6;7;8;91;6;2;15;1591;427;809;176;94;37;31;;;;;;;;17;;;""
"V";"06.09.2026";"19:35:55";1;1;"GEM";"15087210";"Hergisdorf";"U";1233;649;2;647;113;379;38;34;17;9;11;0;7;1;3;3;30;1;1;2;647;133;387;54;31;32;8;;;;;;;;2;;;""
"V";"06.09.2026";"19:40:20";1;1;"GEM";"15087210";"Hergisdorf";"B";0;262;1;261;68;103;15;30;11;8;3;1;1;1;0;1;18;0;1;1;261;86;106;28;21;12;7;;;;;;;;1;;;""
"V";"06.09.2026";"19:40:20";2;2;"GEM";"15087210";"Hergisdorf";"";1233;911;3;908;181;482;53;64;28;17;14;1;8;2;3;4;48;1;2;3;908;219;493;82;52;44;15;;;;;;;;3;;;""
"Z";"06.09.2026";"20:15:19";12;11;"GEM";"15087220";"Hettstedt, Stadt";"U";8995;5117;53;5064;706;3066;359;278;103;143;29;8;37;17;6;19;248;31;14;72;5045;817;3195;518;237;152;66;;;;;;;;60;;;""
"V";"06.09.2026";"19:49:56";3;3;"GEM";"15087220";"Hettstedt, Stadt";"B";0;1616;2;1614;416;540;192;179;44;71;8;1;12;5;3;11;106;23;3;11;1605;446;572;310;133;51;45;;;;;;;;48;;;""
"Z";"06.09.2026";"20:15:19";15;14;"GEM";"15087220";"Hettstedt, Stadt";"";8995;6733;55;6678;1122;3606;551;457;147;214;37;9;49;22;9;30;354;54;17;83;6650;1263;3767;828;370;203;111;;;;;;;;108;;;""
"V";"06.09.2026";"19:26:57";5;5;"GEM";"15087250";"Kelbra (Kyffhäuser), Stadt";"U";2683;1508;20;1488;238;823;98;96;39;66;14;0;24;2;3;7;68;8;2;18;1490;314;848;133;87;53;34;;;;;;;;21;;;""
"V";"06.09.2026";"19:00:22";1;1;"GEM";"15087250";"Kelbra (Kyffhäuser), Stadt";"B";0;550;5;545;105;192;72;55;16;43;9;0;13;4;0;0;28;5;3;8;542;151;203;79;43;30;28;;;;;;;;8;;;""
"V";"06.09.2026";"19:26:57";6;6;"GEM";"15087250";"Kelbra (Kyffhäuser), Stadt";"";2683;2058;25;2033;343;1015;170;151;55;109;23;0;37;6;3;7;96;13;5;26;2032;465;1051;212;130;83;62;;;;;;;;29;;;""
"V";"06.09.2026";"20:06:51";1;1;"GEM";"15087260";"Klostermansfeld";"U";1841;1108;7;1101;200;620;76;64;26;38;10;0;9;2;0;2;51;2;1;11;1097;254;638;104;47;35;8;;;;;;;;11;;;""
"V";"06.09.2026";"19:00:24";1;1;"GEM";"15087260";"Klostermansfeld";"B";0;326;1;325;102;91;31;30;19;29;0;1;2;1;0;2;10;6;1;3;323;128;96;47;12;17;15;;;;;;;;8;;;""
"V";"06.09.2026";"20:06:51";2;2;"GEM";"15087260";"Klostermansfeld";"";1841;1434;8;1426;302;711;107;94;45;67;10;1;11;3;0;4;61;8;2;14;1420;382;734;151;59;52;23;;;;;;;;19;;;""
"Z";"06.09.2026";"20:00:08";16;13;"GEM";"15087275";"Mansfeld, Stadt";"U";4227;2682;24;2658;399;1584;190;136;58;72;26;4;16;7;6;8;108;39;5;34;2648;459;1640;247;113;79;46;;;;;;;;64;;;""
"V";"06.09.2026";"20:20:15";1;1;"GEM";"15087275";"Mansfeld, Stadt";"B";0;1313;6;1307;349;412;100;135;34;76;22;0;18;9;2;9;91;46;4;14;1299;419;450;151;92;39;53;;;;;;;;95;;;""
"Z";"06.09.2026";"20:20:15";17;14;"GEM";"15087275";"Mansfeld, Stadt";"";4227;3995;30;3965;748;1996;290;271;92;148;48;4;34;16;8;17;199;85;9;48;3947;878;2090;398;205;118;99;;;;;;;;159;;;""
"Z";"06.09.2026";"20:19:45";28;27;"GEM";"15087370";"Sangerhausen, Stadt";"U";19340;10597;137;10460;1684;5711;759;729;198;421;71;17;102;61;26;64;554;34;29;161;10436;2415;5931;966;533;311;189;;;;;;;;91;;;""
"Z";"06.09.2026";"20:23:54";5;4;"GEM";"15087370";"Sangerhausen, Stadt";"B";0;3085;20;3065;893;796;337;396;103;221;18;3;30;18;6;19;190;21;14;31;3054;1287;807;426;223;152;107;;;;;;;;52;;;""
"Z";"06.09.2026";"20:23:54";33;31;"GEM";"15087370";"Sangerhausen, Stadt";"";19340;13682;157;13525;2577;6507;1096;1125;301;642;89;20;132;79;32;83;744;55;43;192;13490;3702;6738;1392;756;463;296;;;;;;;;143;;;""
"V";"06.09.2026";"20:55:15";13;13;"GEM";"15087386";"Seegebiet Mansfelder Land";"U";7340;4671;52;4619;546;2834;306;243;104;170;40;9;56;15;12;17;237;25;5;66;4605;753;2894;426;203;149;61;;;;;;;;119;;;""
"L";;;1;0;"GEM";"15087386";"Seegebiet Mansfelder Land";"B";0;0;0;0;0;0;0;0;0;0;0;0;0;0;0;0;0;0;0;0;0;0;0;0;0;0;0;;;;;;;;0;;;""
"Z";"06.09.2026";"20:55:15";14;13;"GEM";"15087386";"Seegebiet Mansfelder Land";"";7340;4671;52;4619;546;2834;306;243;104;170;40;9;56;15;12;17;237;25;5;66;4605;753;2894;426;203;149;61;;;;;;;;119;;;""
"Z";"06.09.2026";"19:50:04";16;13;"GEM";"15087412";"Südharz";"U";3875;2484;26;2458;414;1401;175;147;52;79;20;2;21;10;3;5;121;6;2;28;2456;543;1460;191;110;76;55;;;;;;;;21;;;""
"V";"06.09.2026";"19:31:59";2;2;"GEM";"15087412";"Südharz";"B";0;1271;6;1265;341;369;165;136;38;89;13;2;10;5;4;3;74;8;8;13;1258;446;377;190;91;66;72;;;;;;;;16;;;""
"Z";"06.09.2026";"19:50:04";18;15;"GEM";"15087412";"Südharz";"";3875;3755;32;3723;755;1770;340;283;90;168;33;4;31;15;7;8;195;14;10;41;3714;989;1837;381;201;142;127;;;;;;;;37;;;""
"V";"06.09.2026";"19:35:55";4;4;"GEM";"15087440";"Wallhausen";"U";1991;1204;11;1193;169;687;64;70;22;46;8;2;18;4;3;14;75;4;7;22;1182;244;715;98;50;27;24;;;;;;;;24;;;""
"V";"06.09.2026";"19:17:09";1;1;"GEM";"15087440";"Wallhausen";"B";0;322;2;320;85;85;36;42;15;22;1;1;2;3;0;1;22;4;1;6;316;113;87;39;31;24;14;;;;;;;;8;;;""
"V";"06.09.2026";"19:35:55";5;5;"GEM";"15087440";"Wallhausen";"";1991;1526;13;1513;254;772;100;112;37;68;9;3;20;7;3;15;97;8;8;28;1498;357;802;137;81;51;38;;;;;;;;32;;;""
"V";"06.09.2026";"19:39:53";1;1;"GEM";"15087470";"Wimmelburg";"U";917;493;8;485;67;306;36;30;10;9;3;0;5;0;2;1;16;0;0;9;484;93;309;42;21;15;2;;;;;;;;2;;;""
"V";"06.09.2026";"19:04:04";1;1;"GEM";"15087470";"Wimmelburg";"B";0;231;1;230;51;68;28;31;5;17;0;0;1;2;0;1;24;2;0;1;230;91;71;38;14;10;1;;;;;;;;5;;;""
"V";"06.09.2026";"19:39:53";2;2;"GEM";"15087470";"Wimmelburg";"";917;724;9;715;118;374;64;61;15;26;3;0;6;2;2;2;40;2;0;10;714;184;380;80;35;25;3;;;;;;;;7;;;""
"V";"06.09.2026";"20:41:25";9;9;"GEM";"15088020";"Bad Dürrenberg, Stadt";"U";9061;4939;38;4901;731;2864;289;272;125;246;47;4;64;13;8;25;195;10;8;40;4899;897;2898;361;234;229;104;;;;;;;176;;;;""
"V";"06.09.2026";"20:56:17";1;1;"GEM";"15088020";"Bad Dürrenberg, Stadt";"B";0;1637;50;1587;507;446;152;150;54;144;12;2;15;7;9;4;77;2;6;56;1581;562;446;185;121;127;70;;;;;;;70;;;;""
"V";"06.09.2026";"20:56:17";10;10;"GEM";"15088020";"Bad Dürrenberg, Stadt";"";9061;6576;88;6488;1238;3310;441;422;179;390;59;6;79;20;17;29;272;12;14;96;6480;1459;3344;546;355;356;174;;;;;;;246;;;;""
"Z";"06.09.2026";"20:05:51";7;4;"GEM";"15088025";"Bad Lauchstädt, Goethestadt";"U";3192;1892;13;1879;257;1189;75;86;31;81;19;3;22;7;4;7;84;6;8;17;1875;345;1224;107;82;56;33;;;;;;;;28;;;""
"L";;;2;0;"GEM";"15088025";"Bad Lauchstädt, Goethestadt";"B";0;0;0;0;0;0;0;0;0;0;0;0;0;0;0;0;0;0;0;0;0;0;0;0;0;0;0;;;;;;;;0;;;""
"Z";"06.09.2026";"20:05:51";9;4;"GEM";"15088025";"Bad Lauchstädt, Goethestadt";"";3192;1892;13;1879;257;1189;75;86;31;81;19;3;22;7;4;7;84;6;8;17;1875;345;1224;107;82;56;33;;;;;;;;28;;;""
"V";"06.09.2026";"19:11:12";1;1;"GEM";"15088030";"Barnstädt";"U";773;449;2;447;77;253;24;27;10;13;7;0;3;1;2;1;28;1;0;3;446;94;261;32;25;19;8;;;;;;;;7;;;""
"V";"06.09.2026";"19:04:19";1;1;"GEM";"15088030";"Barnstädt";"B";0;169;0;169;45;53;21;15;10;8;1;0;2;1;1;1;11;0;0;0;169;48;55;28;15;13;5;;;;;;;;5;;;""
"V";"06.09.2026";"19:11:12";2;2;"GEM";"15088030";"Barnstädt";"";773;618;2;616;122;306;45;42;20;21;8;0;5;2;3;2;39;1;0;3;615;142;316;60;40;32;13;;;;;;;;12;;;""
"Z";"06.09.2026";"21:00:11";10;9;"GEM";"15088065";"Braunsbedra, Stadt";"U";7812;4412;50;4362;655;2571;277;243;93;172;29;8;48;14;13;32;195;0;12;62;4350;842;2692;369;232;136;79;;;;;;;;;;;""
"L";;;1;0;"GEM";"15088065";"Braunsbedra, Stadt";"B";0;0;0;0;0;0;0;0;0;0;0;0;0;0;0;0;0;0;0;0;0;0;0;0;0;0;0;;;;;;;;;;;""
"Z";"06.09.2026";"21:00:11";11;9;"GEM";"15088065";"Braunsbedra, Stadt";"";7812;4412;50;4362;655;2571;277;243;93;172;29;8;48;14;13;32;195;0;12;62;4350;842;2692;369;232;136;79;;;;;;;;;;;""
"V";"06.09.2026";"19:53:33";2;2;"GEM";"15088100";"Farnstädt";"U";1216;789;13;776;122;474;49;34;13;17;12;3;10;5;1;2;33;1;0;10;779;135;497;62;35;21;14;;;;;;;;15;;;""
"V";"06.09.2026";"20:06:29";1;1;"GEM";"15088100";"Farnstädt";"B";0;182;0;182;40;55;20;22;10;15;1;0;2;1;0;0;10;5;1;0;182;48;56;31;24;9;7;;;;;;;;7;;;""
"V";"06.09.2026";"20:06:29";3;3;"GEM";"15088100";"Farnstädt";"";1216;971;13;958;162;529;69;56;23;32;13;3;12;6;1;2;43;6;1;10;961;183;553;93;59;30;21;;;;;;;;22;;;""
"V";"06.09.2026";"20:56:22";5;5;"GEM";"15088150";"Kabelsketal";"U";7101;4125;33;4092;529;2288;240;277;109;288;57;5;44;16;9;20;193;2;15;38;4087;770;2322;351;229;133;104;;;;;;;178;;;;""
"L";;;1;0;"GEM";"15088150";"Kabelsketal";"B";0;0;0;0;0;0;0;0;0;0;0;0;0;0;0;0;0;0;0;0;0;0;0;0;0;0;0;;;;;;;0;;;;""
"Z";"06.09.2026";"20:56:22";6;5;"GEM";"15088150";"Kabelsketal";"";7101;4125;33;4092;529;2288;240;277;109;288;57;5;44;16;9;20;193;2;15;38;4087;770;2322;351;229;133;104;;;;;;;178;;;;""
"Z";"06.09.2026";"20:36:41";17;15;"GEM";"15088195";"Landsberg, Stadt";"U";9174;5651;53;5598;889;2999;305;368;150;382;57;9;64;13;12;34;291;11;14;69;5582;1197;3008;415;319;213;131;;;;;;;299;;;;""
"Z";"06.09.2026";"20:27:18";3;2;"GEM";"15088195";"Landsberg, Stadt";"B";0;1557;8;1549;425;428;157;167;54;157;11;1;16;9;4;8;109;2;1;9;1548;546;429;208;130;65;44;;;;;;;126;;;;""
"Z";"06.09.2026";"20:36:41";20;17;"GEM";"15088195";"Landsberg, Stadt";"";9174;7208;61;7147;1314;3427;462;535;204;539;68;10;80;22;16;42;400;13;15;78;7130;1743;3437;623;449;278;175;;;;;;;425;;;;""
"V";"06.09.2026";"20:20:47";11;11;"GEM";"15088205";"Leuna, Stadt";"U";11388;5856;42;5814;817;3581;320;309;117;237;41;4;64;24;19;27;239;4;11;59;5797;1119;3646;392;245;169;98;;;;;;;128;;;;""
"Z";"06.09.2026";"20:49:41";3;2;"GEM";"15088205";"Leuna, Stadt";"B";0;1624;7;1617;449;565;132;130;37;131;13;4;17;5;10;10;103;3;8;12;1612;524;570;164;118;63;59;;;;;;;114;;;;""
"Z";"06.09.2026";"20:49:41";14;13;"GEM";"15088205";"Leuna, Stadt";"";11388;7480;49;7431;1266;4146;452;439;154;368;54;8;81;29;29;37;342;7;19;71;7409;1643;4216;556;363;232;157;;;;;;;242;;;;""
"V";"06.09.2026";"21:07:25";10;10;"GEM";"15088216";"Wettin-Löbejün, Stadt";"U";7795;4612;50;4562;669;2605;265;268;100;289;36;1;44;23;4;32;204;10;12;61;4551;955;2684;337;240;187;100;;;;;;;;48;;;""
"V";"06.09.2026";"21:04:49";2;2;"GEM";"15088216";"Wettin-Löbejün, Stadt";"B";0;1692;1;1691;492;484;114;226;60;190;9;0;17;4;6;12;67;8;2;8;1684;658;496;151;185;103;68;;;;;;;;23;;;""
"V";"06.09.2026";"21:07:25";12;12;"GEM";"15088216";"Wettin-Löbejün, Stadt";"";7795;6304;51;6253;1161;3089;379;494;160;479;45;1;61;27;10;44;271;18;14;69;6235;1613;3180;488;425;290;168;;;;;;;;71;;;""
"Z";"06.09.2026";"21:09:49";21;18;"GEM";"15088220";"Merseburg, Stadt";"U";21423;10785;107;10678;1619;5855;715;692;226;654;66;14;134;37;29;53;530;16;38;155;10630;2283;6133;958;644;373;239;;;;;;;;;;;""
"Z";"06.09.2026";"21:15:03";7;4;"GEM";"15088220";"Merseburg, Stadt";"B";0;3193;7;3186;924;881;314;366;97;277;27;7;27;15;21;21;189;10;10;28;3165;1254;905;418;318;164;106;;;;;;;;;;;""
"Z";"06.09.2026";"21:15:03";28;22;"GEM";"15088220";"Merseburg, Stadt";"";21423;13978;114;13864;2543;6736;1029;1058;323;931;93;21;161;52;50;74;719;26;48;183;13795;3537;7038;1376;962;537;345;;;;;;;;;;;""
"Z";"06.09.2026";"20:47:56";11;10;"GEM";"15088235";"Mücheln (Geiseltal), Stadt";"U";6452;3819;42;3777;595;2289;202;219;61;120;34;9;29;7;7;20;167;11;7;51;3768;748;2350;273;183;108;73;;;;;;;;33;;;""
"V";"06.09.2026";"21:07:15";1;1;"GEM";"15088235";"Mücheln (Geiseltal), Stadt";"B";0;1238;8;1230;354;448;106;100;35;78;11;0;15;1;1;6;66;8;1;14;1224;423;458;157;69;47;48;;;;;;;;22;;;""
"Z";"06.09.2026";"21:07:15";12;11;"GEM";"15088235";"Mücheln (Geiseltal), Stadt";"";6452;5057;50;5007;949;2737;308;319;96;198;45;9;44;8;8;26;233;19;8;65;4992;1171;2808;430;252;155;121;;;;;;;;55;;;""
"V";"06.09.2026";"19:37:06";1;1;"GEM";"15088250";"Nemsdorf-Göhrendorf";"U";675;427;5;422;78;244;24;27;9;12;1;0;4;0;0;2;20;1;0;10;417;97;254;30;23;6;5;;;;;;;;2;;;""
"V";"06.09.2026";"20:21:54";1;1;"GEM";"15088250";"Nemsdorf-Göhrendorf";"B";0;140;3;137;34;39;16;19;4;7;1;0;1;2;0;1;12;0;1;4;136;51;40;25;7;8;1;;;;;;;;4;;;""
"V";"06.09.2026";"20:21:54";2;2;"GEM";"15088250";"Nemsdorf-Göhrendorf";"";675;567;8;559;112;283;40;46;13;19;2;0;5;2;0;3;32;1;1;14;553;148;294;55;30;14;6;;;;;;;;6;;;""
"V";"06.09.2026";"20:10:33";2;2;"GEM";"15088265";"Obhausen";"U";1815;1114;16;1098;150;664;73;70;19;39;6;5;7;8;3;4;45;4;1;16;1098;200;685;90;59;32;20;;;;;;;;12;;;""
"L";;;1;0;"GEM";"15088265";"Obhausen";"B";0;0;0;0;0;0;0;0;0;0;0;0;0;0;0;0;0;0;0;0;0;0;0;0;0;0;0;;;;;;;;0;;;""
"Z";"06.09.2026";"20:10:33";3;2;"GEM";"15088265";"Obhausen";"";1815;1114;16;1098;150;664;73;70;19;39;6;5;7;8;3;4;45;4;1;16;1098;200;685;90;59;32;20;;;;;;;;12;;;""
"Z";"06.09.2026";"20:37:30";11;9;"GEM";"15088295";"Petersberg";"U";5623;3500;36;3464;541;1901;176;213;87;217;31;2;35;17;10;24;199;7;4;45;3455;790;1981;240;157;161;80;;;;;;;20;26;;;""
"Z";"06.09.2026";"18:56:09";2;1;"GEM";"15088295";"Petersberg";"B";0;98;0;98;33;34;5;10;0;4;2;0;2;1;0;1;5;1;0;0;98;40;36;8;5;2;2;;;;;;;5;0;;;""
"Z";"06.09.2026";"20:37:30";13;10;"GEM";"15088295";"Petersberg";"";5623;3598;36;3562;574;1935;181;223;87;221;33;2;37;18;10;25;204;8;4;45;3553;830;2017;248;162;163;82;;;;;;;25;26;;;""
"Z";"06.09.2026";"21:15:21";13;10;"GEM";"15088305";"Querfurt, Stadt";"U";5669;3337;40;3297;402;2031;204;170;67;129;32;4;39;13;3;24;160;10;9;53;3284;567;2087;277;139;108;53;;;;;;;;53;;;""
"L";;;3;0;"GEM";"15088305";"Querfurt, Stadt";"B";0;0;0;0;0;0;0;0;0;0;0;0;0;0;0;0;0;0;0;0;0;0;0;0;0;0;0;;;;;;;;0;;;""
"Z";"06.09.2026";"21:15:21";16;10;"GEM";"15088305";"Querfurt, Stadt";"";5669;3337;40;3297;402;2031;204;170;67;129;32;4;39;13;3;24;160;10;9;53;3284;567;2087;277;139;108;53;;;;;;;;53;;;""
"V";"06.09.2026";"20:34:16";9;9;"GEM";"15088319";"Salzatal";"U";9559;5310;58;5252;846;2833;296;335;140;320;47;14;41;15;10;21;301;18;15;68;5242;1364;2922;388;216;193;95;;;;;;;;64;;;""
"L";;;2;0;"GEM";"15088319";"Salzatal";"B";0;0;0;0;0;0;0;0;0;0;0;0;0;0;0;0;0;0;0;0;0;0;0;0;0;0;0;;;;;;;;0;;;""
"Z";"06.09.2026";"20:34:16";11;9;"GEM";"15088319";"Salzatal";"";9559;5310;58;5252;846;2833;296;335;140;320;47;14;41;15;10;21;301;18;15;68;5242;1364;2922;388;216;193;95;;;;;;;;64;;;""
"V";"06.09.2026";"20:26:56";13;13;"GEM";"15088330";"Schkopau";"U";8952;5692;65;5627;812;3105;317;377;123;354;52;9;71;22;11;28;316;7;23;69;5623;1133;3147;409;373;154;122;;;;;;;285;;;;""
"Z";"06.09.2026";"20:23:08";2;1;"GEM";"15088330";"Schkopau";"B";0;777;2;775;246;208;73;87;24;68;6;0;13;4;2;5;34;0;5;3;774;298;203;89;84;32;28;;;;;;;40;;;;""
"Z";"06.09.2026";"20:26:56";15;14;"GEM";"15088330";"Schkopau";"";8952;6469;67;6402;1058;3313;390;464;147;422;58;9;84;26;13;33;350;7;28;72;6397;1431;3350;498;457;186;150;;;;;;;325;;;;""
"V";"06.09.2026";"19:49:10";1;1;"GEM";"15088340";"Schraplau, Stadt";"U";840;462;1;461;62;298;22;22;10;10;2;2;2;4;0;1;23;3;0;4;458;70;309;29;23;17;3;;;;;;;;7;;;""
"V";"06.09.2026";"19:42:45";1;1;"GEM";"15088340";"Schraplau, Stadt";"B";0;148;1;147;44;47;11;20;6;10;1;0;2;1;1;0;4;0;0;2;146;45;47;15;21;10;7;;;;;;;;1;;;""
"V";"06.09.2026";"19:49:10";2;2;"GEM";"15088340";"Schraplau, Stadt";"";840;610;2;608;106;345;33;42;16;20;3;2;4;5;1;1;27;3;0;6;604;115;356;44;44;27;10;;;;;;;;8;;;""
"V";"06.09.2026";"19:21:29";2;2;"GEM";"15088355";"Steigra";"U";897;502;7;495;92;285;28;31;7;17;6;2;3;3;0;0;16;5;0;7;495;113;292;35;30;15;5;;;;;;;;5;;;""
"V";"06.09.2026";"21:03:25";1;1;"GEM";"15088355";"Steigra";"B";0;219;1;218;74;68;5;20;8;16;1;0;4;1;0;1;9;10;1;2;217;95;65;12;16;10;6;;;;;;;;13;;;""
"V";"06.09.2026";"21:03:25";3;3;"GEM";"15088355";"Steigra";"";897;721;8;713;166;353;33;51;15;33;7;2;7;4;0;1;25;15;1;9;712;208;357;47;46;25;11;;;;;;;;18;;;""
"V";"06.09.2026";"20:58:48";13;13;"GEM";"15088365";"Teutschenthal";"U";11108;6631;57;6574;986;3721;360;432;167;338;58;4;64;18;12;41;341;16;16;79;6552;1483;3865;449;320;263;105;;;;;;;;67;;;""
"Z";"06.09.2026";"20:04:05";2;1;"GEM";"15088365";"Teutschenthal";"B";0;1096;4;1092;262;351;105;132;32;104;14;1;7;5;4;7;61;1;6;21;1075;406;353;135;76;41;31;;;;;;;;33;;;""
"Z";"06.09.2026";"20:58:48";15;14;"GEM";"15088365";"Teutschenthal";"";11108;7727;61;7666;1248;4072;465;564;199;442;72;5;71;23;16;48;402;17;22;100;7627;1889;4218;584;396;304;136;;;;;;;;100;;;""
"V";"06.09.2026";"20:19:32";3;3;"GEM";"15089005";"Alsleben (Saale), Stadt";"U";2001;1133;7;1126;175;686;61;58;33;32;5;1;12;4;0;5;48;3;3;8;1125;233;702;74;47;54;15;;;;;;;;;;;""
"L";;;1;0;"GEM";"15089005";"Alsleben (Saale), Stadt";"B";0;0;0;0;0;0;0;0;0;0;0;0;0;0;0;0;0;0;0;0;0;0;0;0;0;0;0;;;;;;;;;;;""
"Z";"06.09.2026";"20:19:32";4;3;"GEM";"15089005";"Alsleben (Saale), Stadt";"";2001;1133;7;1126;175;686;61;58;33;32;5;1;12;4;0;5;48;3;3;8;1125;233;702;74;47;54;15;;;;;;;;;;;""
"V";"06.09.2026";"21:00:51";23;23;"GEM";"15089015";"Aschersleben, Stadt";"U";20950;11283;144;11139;1564;5998;779;689;208;613;78;19;159;57;24;72;795;34;50;141;11142;1758;5922;932;789;266;271;;;;;;;1077;127;;;""
"L";;;3;0;"GEM";"15089015";"Aschersleben, Stadt";"B";0;0;0;0;0;0;0;0;0;0;0;0;0;0;0;0;0;0;0;0;0;0;0;0;0;0;0;;;;;;;0;0;;;""
"Z";"06.09.2026";"21:00:51";26;23;"GEM";"15089015";"Aschersleben, Stadt";"";20950;11283;144;11139;1564;5998;779;689;208;613;78;19;159;57;24;72;795;34;50;141;11142;1758;5922;932;789;266;271;;;;;;;1077;127;;;""
"Z";"06.09.2026";"20:37:02";13;10;"GEM";"15089026";"Barby, Stadt";"U";4710;3100;34;3066;489;1691;169;230;78;147;25;4;41;9;6;24;141;1;11;36;3064;650;1716;215;214;100;48;;;;;;;121;;;;""
"L";;;1;0;"GEM";"15089026";"Barby, Stadt";"B";0;0;0;0;0;0;0;0;0;0;0;0;0;0;0;0;0;0;0;0;0;0;0;0;0;0;0;;;;;;;0;;;;""
"Z";"06.09.2026";"20:37:02";14;10;"GEM";"15089026";"Barby, Stadt";"";4710;3100;34;3066;489;1691;169;230;78;147;25;4;41;9;6;24;141;1;11;36;3064;650;1716;215;214;100;48;;;;;;;121;;;;""
"V";"06.09.2026";"19:57:38";23;23;"GEM";"15089030";"Bernburg (Saale), Stadt";"U";24920;14387;186;14201;2124;7485;1173;915;515;761;85;25;187;65;33;92;678;18;45;240;14147;2906;7747;1523;766;928;277;;;;;;;;;;;""
"L";;;4;0;"GEM";"15089030";"Bernburg (Saale), Stadt";"B";0;0;0;0;0;0;0;0;0;0;0;0;0;0;0;0;0;0;0;0;0;0;0;0;0;0;0;;;;;;;;;;;""
"Z";"06.09.2026";"19:57:38";27;23;"GEM";"15089030";"Bernburg (Saale), Stadt";"";24920;14387;186;14201;2124;7485;1173;915;515;761;85;25;187;65;33;92;678;18;45;240;14147;2906;7747;1523;766;928;277;;;;;;;;;;;""
"V";"06.09.2026";"20:06:31";2;2;"GEM";"15089041";"Bördeaue";"U";1425;966;18;948;138;547;73;57;17;33;11;1;9;5;2;5;46;0;4;14;952;243;533;64;42;26;5;;;;;;;39;;;;""
"L";;;1;0;"GEM";"15089041";"Bördeaue";"B";0;0;0;0;0;0;0;0;0;0;0;0;0;0;0;0;0;0;0;0;0;0;0;0;0;0;0;;;;;;;0;;;;""
"Z";"06.09.2026";"20:06:31";3;2;"GEM";"15089041";"Bördeaue";"";1425;966;18;948;138;547;73;57;17;33;11;1;9;5;2;5;46;0;4;14;952;243;533;64;42;26;5;;;;;;;39;;;;""
"V";"06.09.2026";"20:49:53";7;7;"GEM";"15089042";"Bördeland";"U";6120;3890;54;3836;522;2190;250;252;98;181;29;12;45;20;5;28;185;6;13;60;3830;730;2227;295;246;123;65;;;;;;;144;;;;""
"L";;;1;0;"GEM";"15089042";"Bördeland";"B";0;0;0;0;0;0;0;0;0;0;0;0;0;0;0;0;0;0;0;0;0;0;0;0;0;0;0;;;;;;;0;;;;""
"Z";"06.09.2026";"20:49:53";8;7;"GEM";"15089042";"Bördeland";"";6120;3890;54;3836;522;2190;250;252;98;181;29;12;45;20;5;28;185;6;13;60;3830;730;2227;295;246;123;65;;;;;;;144;;;;""
"V";"06.09.2026";"19:44:44";3;3;"GEM";"15089043";"Börde-Hakel";"U";2423;1576;9;1567;275;900;87;83;30;53;14;2;17;6;3;6;88;0;3;14;1562;431;867;87;65;31;13;;;;;;;68;;;;""
"L";;;1;0;"GEM";"15089043";"Börde-Hakel";"B";0;0;0;0;0;0;0;0;0;0;0;0;0;0;0;0;0;0;0;0;0;0;0;0;0;0;0;;;;;;;0;;;;""
"Z";"06.09.2026";"19:44:44";4;3;"GEM";"15089043";"Börde-Hakel";"";2423;1576;9;1567;275;900;87;83;30;53;14;2;17;6;3;6;88;0;3;14;1562;431;867;87;65;31;13;;;;;;;68;;;;""
"V";"06.09.2026";"19:42:12";1;1;"GEM";"15089045";"Borne";"U";986;601;10;591;80;361;31;29;11;19;5;0;6;4;2;6;35;1;1;11;590;207;313;25;9;11;2;;;;;;;23;;;;""
"L";;;1;0;"GEM";"15089045";"Borne";"B";0;0;0;0;0;0;0;0;0;0;0;0;0;0;0;0;0;0;0;0;0;0;0;0;0;0;0;;;;;;;0;;;;""
"Z";"06.09.2026";"19:42:12";2;1;"GEM";"15089045";"Borne";"";986;601;10;591;80;361;31;29;11;19;5;0;6;4;2;6;35;1;1;11;590;207;313;25;9;11;2;;;;;;;23;;;;""
"V";"06.09.2026";"20:27:52";7;7;"GEM";"15089055";"Calbe (Saale), Stadt";"U";6617;3904;51;3853;597;2072;299;279;85;184;43;3;56;29;7;32;156;5;6;63;3841;787;2136;353;247;112;76;;;;;;;130;;;;""
"L";;;1;0;"GEM";"15089055";"Calbe (Saale), Stadt";"B";0;0;0;0;0;0;0;0;0;0;0;0;0;0;0;0;0;0;0;0;0;0;0;0;0;0;0;;;;;;;0;;;;""
"Z";"06.09.2026";"20:27:52";8;7;"GEM";"15089055";"Calbe (Saale), Stadt";"";6617;3904;51;3853;597;2072;299;279;85;184;43;3;56;29;7;32;156;5;6;63;3841;787;2136;353;247;112;76;;;;;;;130;;;;""
"V";"06.09.2026";"20:43:58";3;3;"GEM";"15089075";"Egeln, Stadt";"U";2640;1575;30;1545;237;939;93;88;26;57;5;2;19;6;6;3;52;3;9;31;1544;407;917;77;50;37;15;;;;;;;41;;;;""
"V";"06.09.2026";"20:17:36";1;1;"GEM";"15089075";"Egeln, Stadt";"B";0;464;0;464;136;129;41;62;17;30;27;0;3;3;2;5;8;0;1;0;464;216;112;44;24;19;14;;;;;;;35;;;;""
"V";"06.09.2026";"20:43:58";4;4;"GEM";"15089075";"Egeln, Stadt";"";2640;2039;30;2009;373;1068;134;150;43;87;32;2;22;9;8;8;60;3;10;31;2008;623;1029;121;74;56;29;;;;;;;76;;;;""
"V";"06.09.2026";"19:19:22";1;1;"GEM";"15089130";"Giersleben";"U";777;506;5;501;73;281;27;35;10;16;5;0;8;1;0;5;35;1;4;7;499;92;310;40;31;11;15;;;;;;;;;;;""
"L";;;1;0;"GEM";"15089130";"Giersleben";"B";0;0;0;0;0;0;0;0;0;0;0;0;0;0;0;0;0;0;0;0;0;0;0;0;0;0;0;;;;;;;;;;;""
"Z";"06.09.2026";"19:19:22";2;1;"GEM";"15089130";"Giersleben";"";777;506;5;501;73;281;27;35;10;16;5;0;8;1;0;5;35;1;4;7;499;92;310;40;31;11;15;;;;;;;;;;;""
"Z";"06.09.2026";"20:16:35";5;4;"GEM";"15089165";"Güsten, Stadt";"U";2037;1246;6;1240;144;788;82;68;21;37;16;1;18;3;2;12;42;4;2;15;1231;193;815;117;51;34;21;;;;;;;;;;;""
"L";;;1;0;"GEM";"15089165";"Güsten, Stadt";"B";0;0;0;0;0;0;0;0;0;0;0;0;0;0;0;0;0;0;0;0;0;0;0;0;0;0;0;;;;;;;;;;;""
"Z";"06.09.2026";"20:16:35";6;4;"GEM";"15089165";"Güsten, Stadt";"";2037;1246;6;1240;144;788;82;68;21;37;16;1;18;3;2;12;42;4;2;15;1231;193;815;117;51;34;21;;;;;;;;;;;""
"V";"06.09.2026";"20:08:21";5;5;"GEM";"15089175";"Hecklingen, Stadt";"U";5491;3271;29;3242;424;2028;196;143;43;95;36;4;46;14;8;22;174;5;4;34;3237;622;2049;222;107;72;34;;;;;;;131;;;;""
"L";;;1;0;"GEM";"15089175";"Hecklingen, Stadt";"B";0;0;0;0;0;0;0;0;0;0;0;0;0;0;0;0;0;0;0;0;0;0;0;0;0;0;0;;;;;;;0;;;;""
"Z";"06.09.2026";"20:08:21";6;5;"GEM";"15089175";"Hecklingen, Stadt";"";5491;3271;29;3242;424;2028;196;143;43;95;36;4;46;14;8;22;174;5;4;34;3237;622;2049;222;107;72;34;;;;;;;131;;;;""
"V";"06.09.2026";"19:48:43";1;1;"GEM";"15089185";"Ilberstedt";"U";821;537;7;530;72;338;36;18;14;13;5;1;4;5;1;2;20;1;0;10;527;78;354;42;21;26;6;;;;;;;;;;;""
"L";;;1;0;"GEM";"15089185";"Ilberstedt";"B";0;0;0;0;0;0;0;0;0;0;0;0;0;0;0;0;0;0;0;0;0;0;0;0;0;0;0;;;;;;;;;;;""
"Z";"06.09.2026";"19:48:43";2;1;"GEM";"15089185";"Ilberstedt";"";821;537;7;530;72;338;36;18;14;13;5;1;4;5;1;2;20;1;0;10;527;78;354;42;21;26;6;;;;;;;;;;;""
"Z";"06.09.2026";"20:58:24";10;9;"GEM";"15089195";"Könnern, Stadt";"U";6077;3760;46;3714;473;2240;222;208;138;118;40;2;39;13;10;23;172;5;11;53;3707;603;2304;281;239;237;43;;;;;;;;;;;""
"L";;;1;0;"GEM";"15089195";"Könnern, Stadt";"B";0;0;0;0;0;0;0;0;0;0;0;0;0;0;0;0;0;0;0;0;0;0;0;0;0;0;0;;;;;;;;;;;""
"Z";"06.09.2026";"20:58:24";11;9;"GEM";"15089195";"Könnern, Stadt";"";6077;3760;46;3714;473;2240;222;208;138;118;40;2;39;13;10;23;172;5;11;53;3707;603;2304;281;239;237;43;;;;;;;;;;;""
"V";"06.09.2026";"20:48:06";8;8;"GEM";"15089235";"Nienburg (Saale), Stadt";"U";4844;3000;35;2965;404;1806;152;162;105;77;30;3;45;14;2;15;129;4;17;37;2963;542;1877;220;125;172;27;;;;;;;;;;;""
"L";;;1;0;"GEM";"15089235";"Nienburg (Saale), Stadt";"B";0;0;0;0;0;0;0;0;0;0;0;0;0;0;0;0;0;0;0;0;0;0;0;0;0;0;0;;;;;;;;;;;""
"Z";"06.09.2026";"20:48:06";9;8;"GEM";"15089235";"Nienburg (Saale), Stadt";"";4844;3000;35;2965;404;1806;152;162;105;77;30;3;45;14;2;15;129;4;17;37;2963;542;1877;220;125;172;27;;;;;;;;;;;""
"V";"06.09.2026";"19:07:06";3;3;"GEM";"15089245";"Plötzkau";"U";1012;688;5;683;80;448;31;36;23;15;8;2;7;4;2;3;23;1;0;6;682;109;460;41;28;33;11;;;;;;;;;;;""
"L";;;1;0;"GEM";"15089245";"Plötzkau";"B";0;0;0;0;0;0;0;0;0;0;0;0;0;0;0;0;0;0;0;0;0;0;0;0;0;0;0;;;;;;;;;;;""
"Z";"06.09.2026";"19:07:06";4;3;"GEM";"15089245";"Plötzkau";"";1012;688;5;683;80;448;31;36;23;15;8;2;7;4;2;3;23;1;0;6;682;109;460;41;28;33;11;;;;;;;;;;;""
"Z";"06.09.2026";"20:55:09";23;22;"GEM";"15089305";"Schönebeck (Elbe), Stadt";"U";22739;13365;154;13211;1962;6790;1049;992;323;809;85;25;198;73;32;84;721;21;47;166;13199;2620;6982;1263;1060;413;315;;;;;;;546;;;;""
"L";;;3;0;"GEM";"15089305";"Schönebeck (Elbe), Stadt";"B";0;0;0;0;0;0;0;0;0;0;0;0;0;0;0;0;0;0;0;0;0;0;0;0;0;0;0;;;;;;;0;;;;""
"Z";"06.09.2026";"20:55:09";26;22;"GEM";"15089305";"Schönebeck (Elbe), Stadt";"";22739;13365;154;13211;1962;6790;1049;992;323;809;85;25;198;73;32;84;721;21;47;166;13199;2620;6982;1263;1060;413;315;;;;;;;546;;;;""
"Z";"06.09.2026";"20:43:32";6;5;"GEM";"15089307";"Seeland, Stadt";"U";4398;2806;31;2775;454;1533;206;147;42;117;19;4;24;11;5;9;191;7;6;36;2770;534;1532;223;148;44;58;;;;;;;209;22;;;""
"L";;;1;0;"GEM";"15089307";"Seeland, Stadt";"B";0;0;0;0;0;0;0;0;0;0;0;0;0;0;0;0;0;0;0;0;0;0;0;0;0;0;0;;;;;;;0;0;;;""
"Z";"06.09.2026";"20:43:32";7;5;"GEM";"15089307";"Seeland, Stadt";"";4398;2806;31;2775;454;1533;206;147;42;117;19;4;24;11;5;9;191;7;6;36;2770;534;1532;223;148;44;58;;;;;;;209;22;;;""
"Z";"06.09.2026";"20:33:50";16;12;"GEM";"15089310";"Staßfurt, Salzstadt";"U";12091;7198;70;7128;1016;4260;473;389;132;220;56;4;88;42;7;46;365;11;19;87;7111;1469;4292;456;278;161;105;;;;;;;350;;;;""
"L";;;3;0;"GEM";"15089310";"Staßfurt, Salzstadt";"B";0;0;0;0;0;0;0;0;0;0;0;0;0;0;0;0;0;0;0;0;0;0;0;0;0;0;0;;;;;;;0;;;;""
"Z";"06.09.2026";"20:33:50";19;12;"GEM";"15089310";"Staßfurt, Salzstadt";"";12091;7198;70;7128;1016;4260;473;389;132;220;56;4;88;42;7;46;365;11;19;87;7111;1469;4292;456;278;161;105;;;;;;;350;;;;""
"V";"06.09.2026";"19:32:57";1;1;"GEM";"15089365";"Wolmirsleben";"U";1129;733;7;726;110;437;51;37;4;34;3;0;4;2;1;4;38;1;0;6;727;191;425;35;25;9;8;;;;;;;34;;;;""
"L";;;1;0;"GEM";"15089365";"Wolmirsleben";"B";0;0;0;0;0;0;0;0;0;0;0;0;0;0;0;0;0;0;0;0;0;0;0;0;0;0;0;;;;;;;0;;;;""
"Z";"06.09.2026";"19:32:57";2;1;"GEM";"15089365";"Wolmirsleben";"";1129;733;7;726;110;437;51;37;4;34;3;0;4;2;1;4;38;1;0;6;727;191;425;35;25;9;8;;;;;;;34;;;;""
"V";"06.09.2026";"19:47:37";4;4;"GEM";"15090003";"Aland";"U";1114;790;10;780;108;402;67;63;16;58;11;3;8;3;3;2;33;1;2;10;780;154;406;96;44;19;30;;;;;;;31;;;;""
"V";"06.09.2026";"20:50:50";1;1;"GEM";"15090003";"Aland";"B";0;140;0;140;33;30;24;17;6;17;1;0;0;2;0;1;9;0;0;1;139;51;34;28;9;4;8;;;;;;;5;;;;""
"V";"06.09.2026";"20:50:50";5;5;"GEM";"15090003";"Aland";"";1114;930;10;920;141;432;91;80;22;75;12;3;8;5;3;3;42;1;2;11;919;205;440;124;53;23;38;;;;;;;36;;;;""
"V";"06.09.2026";"19:14:02";5;5;"GEM";"15090007";"Altmärkische Höhe";"U";1431;938;12;926;159;494;41;79;16;52;14;0;10;4;1;3;49;1;3;16;922;208;504;61;63;20;22;;;;;;;44;;;;""
"V";"06.09.2026";"19:56:46";1;1;"GEM";"15090007";"Altmärkische Höhe";"B";0;251;1;250;67;62;22;43;6;20;0;1;8;2;1;0;16;0;2;1;250;76;61;37;29;5;18;;;;;;;24;;;;""
"V";"06.09.2026";"19:56:46";6;6;"GEM";"15090007";"Altmärkische Höhe";"";1431;1189;13;1176;226;556;63;122;22;72;14;1;18;6;2;3;65;1;5;17;1172;284;565;98;92;25;40;;;;;;;68;;;;""
"V";"06.09.2026";"19:05:25";4;4;"GEM";"15090008";"Altmärkische Wische";"U";710;446;7;439;64;238;35;29;14;21;3;2;3;3;0;0;25;1;1;6;440;91;237;43;22;13;15;;;;;;;19;;;;""
"V";"06.09.2026";"18:42:24";1;1;"GEM";"15090008";"Altmärkische Wische";"B";0;105;0;105;27;36;9;13;2;11;1;0;1;0;0;1;4;0;0;0;105;34;35;10;18;0;5;;;;;;;3;;;;""
"V";"06.09.2026";"19:05:25";5;5;"GEM";"15090008";"Altmärkische Wische";"";710;551;7;544;91;274;44;42;16;32;4;2;4;3;0;1;29;1;1;6;545;125;272;53;40;13;20;;;;;;;22;;;;""
"V";"06.09.2026";"20:21:41";2;2;"GEM";"15090010";"Arneburg, Stadt";"U";1218;752;12;740;85;403;58;79;14;46;6;1;9;5;2;0;28;1;3;14;738;125;395;99;55;24;22;;;;;;;18;;;;""
"L";;;1;0;"GEM";"15090010";"Arneburg, Stadt";"B";0;0;0;0;0;0;0;0;0;0;0;0;0;0;0;0;0;0;0;0;0;0;0;0;0;0;0;;;;;;;0;;;;""
"Z";"06.09.2026";"20:21:41";3;2;"GEM";"15090010";"Arneburg, Stadt";"";1218;752;12;740;85;403;58;79;14;46;6;1;9;5;2;0;28;1;3;14;738;125;395;99;55;24;22;;;;;;;18;;;;""
"Z";"06.09.2026";"19:46:50";21;20;"GEM";"15090070";"Bismark (Altmark), Stadt";"U";5619;3775;47;3728;601;1813;302;325;112;215;40;10;31;12;9;15;225;5;13;51;3724;796;1819;330;340;138;120;;;;;;;181;;;;""
"V";"06.09.2026";"20:47:33";2;2;"GEM";"15090070";"Bismark (Altmark), Stadt";"B";0;1015;3;1012;275;227;116;156;43;90;15;1;11;2;1;6;67;2;0;10;1005;346;219;112;141;63;53;;;;;;;71;;;;""
"Z";"06.09.2026";"20:47:33";23;22;"GEM";"15090070";"Bismark (Altmark), Stadt";"";5619;4790;50;4740;876;2040;418;481;155;305;55;11;42;14;10;21;292;7;13;61;4729;1142;2038;442;481;201;173;;;;;;;252;;;;""
"V";"06.09.2026";"18:45:18";3;3;"GEM";"15090135";"Eichstedt (Altmark)";"U";673;508;3;505;84;258;37;45;12;23;10;1;3;4;4;0;20;2;2;7;501;96;260;73;30;20;10;;;;;;;12;;;;""
"V";"06.09.2026";"18:50:13";1;1;"GEM";"15090135";"Eichstedt (Altmark)";"B";0;85;2;83;26;17;9;11;7;9;0;0;0;0;0;0;4;0;0;2;83;28;18;21;5;5;2;;;;;;;4;;;;""
"V";"06.09.2026";"18:50:13";4;4;"GEM";"15090135";"Eichstedt (Altmark)";"";673;593;5;588;110;275;46;56;19;32;10;1;3;4;4;0;24;2;2;9;584;124;278;94;35;25;12;;;;;;;16;;;;""
"V";"06.09.2026";"19:27:08";2;2;"GEM";"15090180";"Goldbeck";"U";1133;723;4;719;109;347;84;57;25;41;11;3;4;4;1;1;29;0;3;9;714;119;346;136;41;30;21;;;;;;;21;;;;""
"V";"06.09.2026";"20:11:20";1;1;"GEM";"15090180";"Goldbeck";"B";0;210;0;210;62;33;44;28;4;14;3;0;1;0;1;0;20;0;0;1;209;67;32;72;10;3;9;;;;;;;16;;;;""
"V";"06.09.2026";"20:11:20";3;3;"GEM";"15090180";"Goldbeck";"";1133;933;4;929;171;380;128;85;29;55;14;3;5;4;2;1;49;0;3;10;923;186;378;208;51;33;30;;;;;;;37;;;;""
"V";"06.09.2026";"19:09:55";2;2;"GEM";"15090220";"Hassel";"U";763;537;4;533;96;254;33;46;9;44;6;0;4;0;0;1;39;1;0;4;533;133;249;58;38;9;19;;;;;;;27;;;;""
"V";"06.09.2026";"19:31:14";1;1;"GEM";"15090220";"Hassel";"B";0;114;0;114;21;26;12;22;4;17;0;0;1;0;1;0;10;0;0;0;114;36;25;24;9;4;9;;;;;;;7;;;;""
"V";"06.09.2026";"19:31:14";3;3;"GEM";"15090220";"Hassel";"";763;651;4;647;117;280;45;68;13;61;6;0;5;0;1;1;49;1;0;4;647;169;274;82;47;13;28;;;;;;;34;;;;""
"Z";"06.09.2026";"20:24:57";8;7;"GEM";"15090225";"Havelberg, Hansestadt";"U";3202;1832;33;1799;237;1000;126;139;40;101;20;5;10;8;3;8;93;5;4;36;1796;350;1000;160;125;32;56;;;;;;;73;;;;""
"V";"06.09.2026";"20:38:10";2;2;"GEM";"15090225";"Havelberg, Hansestadt";"B";0;1077;2;1075;286;252;138;143;35;103;8;2;6;3;1;6;80;5;7;12;1065;416;239;164;102;32;34;;;;;;;78;;;;""
"Z";"06.09.2026";"20:38:10";10;9;"GEM";"15090225";"Havelberg, Hansestadt";"";3202;2909;35;2874;523;1252;264;282;75;204;28;7;16;11;4;14;173;10;11;48;2861;766;1239;324;227;64;90;;;;;;;151;;;;""
"V";"06.09.2026";"19:07:19";3;3;"GEM";"15090245";"Hohenberg-Krusemark";"U";982;683;2;681;72;390;46;54;20;33;8;1;6;1;1;3;42;3;1;3;680;88;385;77;42;34;25;;;;;;;29;;;;""
"V";"06.09.2026";"19:04:16";1;1;"GEM";"15090245";"Hohenberg-Krusemark";"B";0;125;1;124;21;35;12;19;1;20;0;0;1;1;1;1;12;0;0;1;124;32;35;27;7;6;5;;;;;;;12;;;;""
"V";"06.09.2026";"19:07:19";4;4;"GEM";"15090245";"Hohenberg-Krusemark";"";982;808;3;805;93;425;58;73;21;53;8;1;7;2;2;4;54;3;1;4;804;120;420;104;49;40;30;;;;;;;41;;;;""
"V";"06.09.2026";"18:57:41";2;2;"GEM";"15090270";"Iden";"U";613;384;5;379;44;189;39;33;13;26;6;0;5;2;0;1;20;0;1;5;379;53;186;69;25;15;20;;;;;;;11;;;;""
"V";"06.09.2026";"19:53:55";1;1;"GEM";"15090270";"Iden";"B";0;94;0;94;20;24;15;8;4;9;1;0;0;1;1;1;10;0;0;0;94;22;22;27;5;4;5;;;;;;;9;;;;""
"V";"06.09.2026";"19:53:55";3;3;"GEM";"15090270";"Iden";"";613;478;5;473;64;213;54;41;17;35;7;0;5;3;1;2;30;0;1;5;473;75;208;96;30;19;25;;;;;;;20;;;;""
"V";"06.09.2026";"19:33:55";3;3;"GEM";"15090285";"Kamern";"U";990;604;11;593;95;272;44;51;8;50;8;2;4;2;2;5;48;2;0;10;594;144;279;65;49;6;15;;;;;;;36;;;;""
"V";"06.09.2026";"19:46:54";1;1;"GEM";"15090285";"Kamern";"B";0;187;2;185;52;57;20;19;3;18;1;1;4;0;1;1;8;0;0;1;186;74;50;23;13;6;11;;;;;;;9;;;;""
"V";"06.09.2026";"19:46:54";4;4;"GEM";"15090285";"Kamern";"";990;791;13;778;147;329;64;70;11;68;9;3;8;2;3;6;56;2;0;11;780;218;329;88;62;12;26;;;;;;;45;;;;""
"V";"06.09.2026";"19:48:28";3;3;"GEM";"15090310";"Klietz";"U";1231;838;6;832;108;465;42;89;13;32;8;0;5;5;1;2;56;1;5;4;834;190;461;68;56;9;9;;;;;;;41;;;;""
"V";"06.09.2026";"20:35:11";1;1;"GEM";"15090310";"Klietz";"B";0;198;0;198;56;49;27;19;3;22;4;0;1;0;0;0;17;0;0;0;198;76;45;36;11;4;11;;;;;;;15;;;;""
"V";"06.09.2026";"20:35:11";4;4;"GEM";"15090310";"Klietz";"";1231;1036;6;1030;164;514;69;108;16;54;12;0;6;5;1;2;73;1;5;4;1032;266;506;104;67;13;20;;;;;;;56;;;;""
"Z";"06.09.2026";"20:21:14";13;12;"GEM";"15090415";"Osterburg (Altmark), Hansestadt";"U";6349;3810;51;3759;625;1840;332;310;90;226;72;9;23;11;8;5;194;5;9;48;3762;835;1840;429;260;104;124;;;;;;;170;;;;""
"V";"06.09.2026";"20:31:41";2;2;"GEM";"15090415";"Osterburg (Altmark), Hansestadt";"B";0;1479;2;1477;401;382;176;181;60;137;14;3;10;7;1;4;98;1;2;6;1473;512;380;219;131;50;94;;;;;;;87;;;;""
"Z";"06.09.2026";"20:31:41";15;14;"GEM";"15090415";"Osterburg (Altmark), Hansestadt";"";6349;5289;53;5236;1026;2222;508;491;150;363;86;12;33;18;9;9;292;6;11;54;5235;1347;2220;648;391;154;218;;;;;;;257;;;;""
"V";"06.09.2026";"19:05:44";2;2;"GEM";"15090435";"Rochau";"U";803;548;10;538;70;285;46;50;15;21;3;1;5;2;3;1;35;0;1;7;541;88;283;82;36;8;16;;;;;;;28;;;;""
"V";"06.09.2026";"20:44:00";1;1;"GEM";"15090435";"Rochau";"B";0;132;0;132;31;50;20;9;7;8;0;0;0;0;0;1;6;0;0;0;132;38;49;30;2;4;4;;;;;;;5;;;;""
"V";"06.09.2026";"20:44:00";3;3;"GEM";"15090435";"Rochau";"";803;680;10;670;101;335;66;59;22;29;3;1;5;2;3;2;41;0;1;7;673;126;332;112;38;12;20;;;;;;;33;;;;""
"V";"06.09.2026";"19:36:34";1;1;"GEM";"15090445";"Sandau (Elbe), Stadt";"U";707;434;4;430;58;262;18;21;10;23;10;0;3;2;1;5;17;0;0;5;429;84;265;25;20;7;9;;;;;;;19;;;;""
"V";"06.09.2026";"18:45:08";1;1;"GEM";"15090445";"Sandau (Elbe), Stadt";"B";0;132;0;132;40;40;14;14;0;11;1;1;0;0;0;0;11;0;0;0;132;50;39;15;11;0;5;;;;;;;12;;;;""
"V";"06.09.2026";"19:36:34";2;2;"GEM";"15090445";"Sandau (Elbe), Stadt";"";707;566;4;562;98;302;32;35;10;34;11;1;3;2;1;5;28;0;0;5;561;134;304;40;31;7;14;;;;;;;31;;;;""
"V";"06.09.2026";"19:45:31";1;1;"GEM";"15090485";"Schollene";"U";917;581;8;573;69;300;57;46;16;29;26;1;8;2;1;3;14;0;1;6;575;107;302;63;49;16;15;;;;;;;23;;;;""
"L";;;1;0;"GEM";"15090485";"Schollene";"B";0;0;0;0;0;0;0;0;0;0;0;0;0;0;0;0;0;0;0;0;0;0;0;0;0;0;0;;;;;;;0;;;;""
"Z";"06.09.2026";"19:45:31";2;1;"GEM";"15090485";"Schollene";"";917;581;8;573;69;300;57;46;16;29;26;1;8;2;1;3;14;0;1;6;575;107;302;63;49;16;15;;;;;;;23;;;;""
"V";"06.09.2026";"19:42:39";3;3;"GEM";"15090500";"Schönhausen (Elbe)";"U";1719;1123;11;1112;162;645;59;83;19;37;11;4;10;2;1;5;69;2;3;10;1113;228;645;79;61;22;15;;;;;;;63;;;;""
"V";"06.09.2026";"20:24:52";1;1;"GEM";"15090500";"Schönhausen (Elbe)";"B";0;325;2;323;92;96;31;32;17;24;4;0;3;1;0;0;23;0;0;3;322;122;92;39;22;14;10;;;;;;;23;;;;""
"V";"06.09.2026";"20:24:52";4;4;"GEM";"15090500";"Schönhausen (Elbe)";"";1719;1448;13;1435;254;741;90;115;36;61;15;4;13;3;1;5;92;2;3;13;1435;350;737;118;83;36;25;;;;;;;86;;;;""
"Z";"06.09.2026";"20:00:38";5;4;"GEM";"15090520";"Seehausen (Altmark), Hansestadt";"U";2443;1458;18;1440;216;743;121;124;37;78;22;7;9;14;2;4;62;0;1;20;1438;287;756;149;112;36;46;;;;;;;52;;;;""
"V";"06.09.2026";"20:27:54";1;1;"GEM";"15090520";"Seehausen (Altmark), Hansestadt";"B";0;670;4;666;165;181;82;96;21;59;12;2;1;5;0;0;40;1;1;5;665;211;171;116;75;25;35;;;;;;;32;;;;""
"Z";"06.09.2026";"20:27:54";6;5;"GEM";"15090520";"Seehausen (Altmark), Hansestadt";"";2443;2128;22;2106;381;924;203;220;58;137;34;9;10;19;2;4;102;1;2;25;2103;498;927;265;187;61;81;;;;;;;84;;;;""
"Z";"06.09.2026";"20:46:50";36;34;"GEM";"15090535";"Stendal, Hansestadt";"U";27108;15056;197;14859;2089;7306;1234;1259;336;1144;135;16;174;77;34;74;910;20;51;220;14836;3149;7348;1474;1160;481;532;;;;;;;692;;;;""
"Z";"06.09.2026";"20:53:44";6;4;"GEM";"15090535";"Stendal, Hansestadt";"B";0;3750;17;3733;975;762;449;504;161;465;28;6;36;18;6;17;288;5;13;32;3718;1358;721;486;473;173;240;;;;;;;267;;;;""
"Z";"06.09.2026";"20:53:44";42;38;"GEM";"15090535";"Stendal, Hansestadt";"";27108;18806;214;18592;3064;8068;1683;1763;497;1609;163;22;210;95;40;91;1198;25;64;252;18554;4507;8069;1960;1633;654;772;;;;;;;959;;;;""
"V";"06.09.2026";"21:07:46";19;19;"GEM";"15090546";"Tangerhütte, Stadt";"U";8380;5137;50;5087;743;2866;286;406;129;252;34;6;55;25;11;25;223;7;19;59;5078;1067;2957;301;312;135;106;;;;;;;155;;;45;""
"Z";"06.09.2026";"20:43:06";2;1;"GEM";"15090546";"Tangerhütte, Stadt";"B";0;758;4;754;199;218;56;97;26;79;13;1;7;6;1;3;45;1;2;6;752;274;237;69;82;11;27;;;;;;;34;;;18;""
"Z";"06.09.2026";"21:07:46";21;20;"GEM";"15090546";"Tangerhütte, Stadt";"";8380;5895;54;5841;942;3084;342;503;155;331;47;7;62;31;12;28;268;8;21;65;5830;1341;3194;370;394;146;133;;;;;;;189;;;63;""
"V";"06.09.2026";"21:06:41";12;12;"GEM";"15090550";"Tangermünde, Stadt";"U";8581;5334;57;5277;758;2865;370;386;108;327;53;4;54;24;10;26;263;4;25;54;5280;1051;2953;425;444;106;83;;;;;;;168;;;50;""
"Z";"06.09.2026";"20:53:07";2;1;"GEM";"15090550";"Tangermünde, Stadt";"B";0;790;5;785;206;179;96;112;24;89;12;2;4;2;1;5;48;5;0;6;784;280;194;100;115;14;24;;;;;;;37;;;20;""
"Z";"06.09.2026";"21:06:41";14;13;"GEM";"15090550";"Tangermünde, Stadt";"";8581;6124;62;6062;964;3044;466;498;132;416;65;6;58;26;11;31;311;9;25;60;6064;1331;3147;525;559;120;107;;;;;;;205;;;70;""
"Z";"06.09.2026";"19:18:24";2;1;"GEM";"15090610";"Werben (Elbe), Hansestadt";"U";511;352;7;345;43;173;24;33;6;33;3;1;1;1;0;2;24;0;1;5;347;46;176;44;35;13;19;;;;;;;14;;;;""
"L";;;1;0;"GEM";"15090610";"Werben (Elbe), Hansestadt";"B";0;0;0;0;0;0;0;0;0;0;0;0;0;0;0;0;0;0;0;0;0;0;0;0;0;0;0;;;;;;;0;;;;""
"Z";"06.09.2026";"19:18:24";3;1;"GEM";"15090610";"Werben (Elbe), Hansestadt";"";511;352;7;345;43;173;24;33;6;33;3;1;1;1;0;2;24;0;1;5;347;46;176;44;35;13;19;;;;;;;14;;;;""
"V";"06.09.2026";"19:31:45";3;3;"GEM";"15090631";"Wust-Fischbeck";"U";966;627;11;616;75;346;33;47;19;41;18;3;3;3;1;2;23;1;1;11;616;128;358;44;30;19;15;;;;;;;22;;;;""
"V";"06.09.2026";"19:01:12";1;1;"GEM";"15090631";"Wust-Fischbeck";"B";0;184;1;183;39;45;20;37;2;21;4;0;0;1;0;0;14;0;0;2;182;64;47;25;20;4;9;;;;;;;13;;;;""
"V";"06.09.2026";"19:31:45";4;4;"GEM";"15090631";"Wust-Fischbeck";"";966;811;12;799;114;391;53;84;21;62;22;3;3;4;1;2;37;1;1;13;798;192;405;69;50;23;24;;;;;;;35;;;;""
"V";"06.09.2026";"19:16:52";2;2;"GEM";"15090635";"Zehrental";"U";672;458;6;452;71;231;25;55;7;27;5;0;2;3;0;2;21;1;2;7;451;94;235;39;43;10;14;;;;;;;16;;;;""
"V";"06.09.2026";"18:37:41";1;1;"GEM";"15090635";"Zehrental";"B";0;77;0;77;21;22;7;13;0;10;2;0;0;0;1;0;1;0;0;0;77;29;21;10;7;0;7;;;;;;;3;;;;""
"V";"06.09.2026";"19:16:52";3;3;"GEM";"15090635";"Zehrental";"";672;535;6;529;92;253;32;68;7;37;7;0;2;3;1;2;22;1;2;7;528;123;256;49;50;10;21;;;;;;;19;;;;""
"V";"06.09.2026";"20:11:25";12;12;"GEM";"15091010";"Annaburg, Stadt";"U";5145;3029;34;2995;440;1837;178;136;50;88;76;3;25;13;6;13;124;2;4;31;2998;575;1851;226;74;67;57;148;;;;;;;;;;""
"V";"06.09.2026";"20:14:39";2;2;"GEM";"15091010";"Annaburg, Stadt";"B";0;1009;16;993;283;325;97;76;10;52;34;3;13;6;3;5;77;4;5;21;988;330;347;117;77;18;25;74;;;;;;;;;;""
"V";"06.09.2026";"20:14:39";14;14;"GEM";"15091010";"Annaburg, Stadt";"";5145;4038;50;3988;723;2162;275;212;60;140;110;6;38;19;9;18;201;6;9;52;3986;905;2198;343;151;85;82;222;;;;;;;;;;""
"V";"06.09.2026";"19:43:12";12;12;"GEM";"15091020";"Bad Schmiedeberg, Stadt";"U";6625;4082;45;4037;739;2117;264;250;91;220;135;8;32;9;6;14;145;3;4;46;4036;907;2139;286;214;95;83;312;;;;;;;;;;""
"V";"06.09.2026";"20:24:08";1;1;"GEM";"15091020";"Bad Schmiedeberg, Stadt";"B";0;1156;3;1153;340;365;80;116;27;98;44;0;9;10;2;7;50;2;3;6;1150;427;356;95;97;20;43;112;;;;;;;;;;""
"V";"06.09.2026";"20:24:08";13;13;"GEM";"15091020";"Bad Schmiedeberg, Stadt";"";6625;5238;48;5190;1079;2482;344;366;118;318;179;8;41;19;8;21;195;5;7;52;5186;1334;2495;381;311;115;126;424;;;;;;;;;;""
"Z";"06.09.2026";"18:43:23";23;8;"GEM";"15091060";"Coswig (Anhalt), Stadt";"U";1416;994;9;985;190;487;56;93;27;42;17;1;7;4;2;10;46;1;2;11;983;249;508;69;61;37;14;38;;;;;7;;;;;""
"L";;;2;0;"GEM";"15091060";"Coswig (Anhalt), Stadt";"B";0;0;0;0;0;0;0;0;0;0;0;0;0;0;0;0;0;0;0;0;0;0;0;0;0;0;0;0;;;;;0;;;;;""
"Z";"06.09.2026";"18:43:23";25;8;"GEM";"15091060";"Coswig (Anhalt), Stadt";"";1416;994;9;985;190;487;56;93;27;42;17;1;7;4;2;10;46;1;2;11;983;249;508;69;61;37;14;38;;;;;7;;;;;""
"Z";"06.09.2026";"20:44:21";12;10;"GEM";"15091110";"Gräfenhainichen, Stadt";"U";7428;4305;54;4251;627;2479;273;265;83;169;67;3;48;18;10;24;161;9;15;52;4253;771;2534;344;224;82;97;201;;;;;;;;;;""
"L";;;2;0;"GEM";"15091110";"Gräfenhainichen, Stadt";"B";0;0;0;0;0;0;0;0;0;0;0;0;0;0;0;0;0;0;0;0;0;0;0;0;0;0;0;0;;;;;;;;;;""
"Z";"06.09.2026";"20:44:21";14;10;"GEM";"15091110";"Gräfenhainichen, Stadt";"";7428;4305;54;4251;627;2479;273;265;83;169;67;3;48;18;10;24;161;9;15;52;4253;771;2534;344;224;82;97;201;;;;;;;;;;""
"V";"06.09.2026";"20:36:29";21;21;"GEM";"15091145";"Jessen (Elster), Stadt";"U";11105;6498;72;6426;1080;3530;416;392;131;250;104;10;67;32;15;28;338;8;25;78;6420;1449;3589;554;322;126;97;283;;;;;;;;;;""
"V";"06.09.2026";"19:53:56";2;2;"GEM";"15091145";"Jessen (Elster), Stadt";"B";0;2209;10;2199;665;581;231;203;67;159;64;0;32;17;1;10;149;8;12;26;2183;840;612;286;159;54;97;135;;;;;;;;;;""
"V";"06.09.2026";"20:36:29";23;23;"GEM";"15091145";"Jessen (Elster), Stadt";"";11105;8707;82;8625;1745;4111;647;595;198;409;168;10;99;49;16;38;487;16;37;104;8603;2289;4201;840;481;180;194;418;;;;;;;;;;""
"V";"06.09.2026";"20:12:00";15;15;"GEM";"15091160";"Kemberg, Stadt";"U";7841;4933;58;4875;961;2517;317;333;88;241;94;11;48;15;6;22;204;8;10;65;4868;1168;2564;421;286;88;85;256;;;;;;;;;;""
"V";"06.09.2026";"20:07:41";2;2;"GEM";"15091160";"Kemberg, Stadt";"B";0;1568;5;1563;449;433;166;168;28;140;54;0;19;9;3;12;76;1;5;14;1554;580;430;195;131;33;72;113;;;;;;;;;;""
"V";"06.09.2026";"20:12:00";17;17;"GEM";"15091160";"Kemberg, Stadt";"";7841;6501;63;6438;1410;2950;483;501;116;381;148;11;67;24;9;34;280;9;15;79;6422;1748;2994;616;417;121;157;369;;;;;;;;;;""
"L";;;12;0;"GEM";"15091241";"Oranienbaum-Wörlitz, Stadt";"U";0;0;0;0;0;0;0;0;0;0;0;0;0;0;0;0;0;0;0;0;0;0;0;0;0;0;0;0;;;;;0;;;;;""
"L";;;2;0;"GEM";"15091241";"Oranienbaum-Wörlitz, Stadt";"B";0;0;0;0;0;0;0;0;0;0;0;0;0;0;0;0;0;0;0;0;0;0;0;0;0;0;0;0;;;;;0;;;;;""
"L";;;14;0;"GEM";"15091241";"Oranienbaum-Wörlitz, Stadt";"";0;0;0;0;0;0;0;0;0;0;0;0;0;0;0;0;0;0;0;0;0;0;0;0;0;0;0;0;;;;;0;;;;;""
"Z";"06.09.2026";"20:36:45";37;35;"GEM";"15091375";"Wittenberg, Lutherstadt";"U";32788;17663;180;17483;3218;8582;1291;1183;318;1215;409;28;202;81;53;97;726;34;46;215;17448;4377;8794;1573;1041;318;460;885;;;;;;;;;;""
"Z";"06.09.2026";"20:40:21";12;10;"GEM";"15091375";"Wittenberg, Lutherstadt";"B";0;7081;58;7023;2028;1625;757;847;196;847;214;12;67;32;19;42;306;10;21;85;6996;2843;1691;881;661;168;345;407;;;;;;;;;;""
"Z";"06.09.2026";"20:40:21";49;45;"GEM";"15091375";"Wittenberg, Lutherstadt";"";32788;24744;238;24506;5246;10207;2048;2030;514;2062;623;40;269;113;72;139;1032;44;67;300;24444;7220;10485;2454;1702;486;805;1292;;;;;;;;;;""
"Z";"06.09.2026";"19:38:16";12;11;"GEM";"15091391";"Zahna-Elster, Stadt";"U";7121;4214;42;4172;770;2172;288;254;76;197;114;8;40;15;7;23;192;7;9;42;4172;1004;2227;336;213;76;72;244;;;;;;;;;;""
"V";"06.09.2026";"19:56:28";2;2;"GEM";"15091391";"Zahna-Elster, Stadt";"B";0;1751;10;1741;528;462;171;174;62;130;70;4;21;13;5;9;83;5;4;16;1735;687;473;212;124;44;64;131;;;;;;;;;;""
"Z";"06.09.2026";"19:56:28";14;13;"GEM";"15091391";"Zahna-Elster, Stadt";"";7121;5965;52;5913;1298;2634;459;428;138;327;184;12;61;28;12;32;275;12;13;58;5907;1691;2700;548;337;120;136;375;;;;;;;;;;""
