adresse,bezirk,art,wkr,gueltig,wber,truth_spd,base_spd,truth_cdu,base_cdu,truth_gruene,base_gruene,truth_linke,base_linke,truth_afd,base_afd,truth_fdp,base_fdp,truth_others,base_others
01B1A,01,B,1,787.0,0.0,13.088,18.252,27.446,17.738,26.811,24.165,6.099,13.625,3.431,6.17,12.198,12.082,10.928,7.969
01B1B,01,B,1,804.0,0.0,16.791,18.776,28.856,18.776,28.731,23.673,6.841,13.878,3.483,6.122,10.199,12.041,5.1,6.735
01B1C,01,B,1,836.0,0.0,12.799,18.696,22.608,18.478,31.579,23.913,8.732,13.913,2.871,6.087,12.081,11.957,9.33,6.957
01B1D,01,B,1,708.0,0.0,15.254,18.304,22.599,18.08,29.379,24.107,13.559,14.286,2.119,6.473,9.463,12.5,7.627,6.25
01B1E,01,B,1,820.0,0.0,18.171,17.764,28.171,17.764,22.439,23.277,7.683,15.008,4.512,7.198,10.488,13.476,8.537,5.513
01B1F,01,B,1,615.0,0.0,13.659,18.282,22.764,17.841,31.87,25.33,14.959,14.317,2.114,6.167,6.829,12.335,7.805,5.727
01B1G,01,B,1,659.0,0.0,21.7,18.261,24.127,18.087,24.127,26.261,10.47,13.913,6.07,5.739,5.918,11.478,7.587,6.261
01B1H,01,B,1,720.0,0.0,12.639,17.931,20.0,17.471,35.278,26.897,14.167,14.023,1.806,5.747,7.639,11.954,8.472,5.977
01B1I,01,B,1,829.0,0.0,13.631,17.472,18.215,16.729,37.998,27.881,13.631,13.941,2.171,5.762,7.117,12.268,7.238,5.948
01B1J,01,B,1,403.0,0.0,14.392,17.98,20.844,17.241,25.31,26.601,15.136,13.793,4.963,5.911,9.429,12.315,9.926,6.158
01B1K,01,B,1,715.0,0.0,11.469,18.75,16.503,17.137,42.098,26.815,11.748,13.306,2.517,5.847,6.573,12.298,9.091,5.847
01B1L,01,B,1,584.0,0.0,15.24,18.818,16.438,17.287,37.842,26.477,12.158,13.567,2.226,5.908,6.336,12.254,9.76,5.689
01B1M,01,B,1,587.0,0.0,13.969,18.852,22.658,17.213,33.39,26.639,10.051,13.525,1.193,5.738,11.073,12.5,7.666,5.533
01B2A,01,B,2,592.0,0.0,16.385,17.255,36.824,16.471,14.527,11.765,13.345,25.49,4.561,11.373,8.277,9.216,6.081,8.431
01B2B,01,B,2,873.0,0.0,15.464,16.981,32.188,17.453,15.006,11.321,15.464,25.314,7.446,11.635,8.018,9.906,6.415,7.39
01B2C,01,B,2,840.0,0.0,18.333,18.162,27.262,15.598,16.548,13.248,15.833,26.282,5.0,10.897,9.881,8.761,7.143,7.051
01B2D,01,B,2,689.0,0.0,20.9,19.211,24.819,14.237,14.078,14.751,22.496,26.587,7.257,9.949,4.064,7.89,6.386,7.376
01B2E,01,B,2,593.0,0.0,14.165,18.898,15.683,14.37,35.75,14.764,13.997,26.772,3.541,10.039,8.263,7.874,8.6,7.283
01B2F,01,B,2,500.0,0.0,12.4,17.828,16.6,14.139,34.0,14.959,16.8,26.434,3.2,10.451,8.4,8.607,8.6,7.582
01B2G,01,B,2,598.0,0.0,16.221,17.897,22.91,14.022,25.251,15.314,16.054,26.384,6.02,10.332,8.027,8.487,5.518,7.565
01B2H,01,B,2,515.0,0.0,22.718,18.025,26.796,14.568,9.126,13.58,27.767,27.654,4.466,11.111,2.136,7.407,6.99,7.654
01B2I,01,B,2,633.0,0.0,19.747,18.116,28.752,14.058,9.637,10.435,21.485,31.884,8.689,12.754,3.16,5.507,8.531,7.246
01B2J,01,B,2,519.0,0.0,14.066,18.085,21.387,14.628,17.919,13.564,23.892,27.394,7.514,10.904,5.202,7.447,10.019,7.979
01B2K,01,B,2,643.0,0.0,15.552,17.06,25.972,14.882,20.529,13.612,15.397,28.494,4.51,11.071,11.975,7.623,6.065,7.26
01B2L,01,B,2,968.0,0.0,16.736,18.31,23.864,15.023,24.38,14.554,15.083,27.23,5.269,10.563,6.715,7.746,7.955,6.573
01B2M,01,B,2,846.0,0.0,21.277,18.259,27.069,14.862,12.057,14.437,20.922,27.601,6.856,10.616,3.073,7.856,8.747,6.369
01B2N,01,B,2,827.0,0.0,12.455,19.414,21.403,14.652,34.462,15.751,14.148,26.007,3.144,10.073,5.441,7.692,8.948,6.41
01B3A,01,B,3,492.0,0.0,14.837,20.211,17.073,15.789,33.74,25.895,18.293,11.789,2.236,7.158,4.065,9.263,9.756,9.895
01B3B,01,B,3,560.0,0.0,16.071,20.29,17.857,16.356,33.929,25.259,14.643,11.801,2.5,7.453,5.714,9.317,9.286,9.524
01B3C,01,B,3,743.0,0.0,20.458,20.197,25.437,16.749,30.013,25.616,7.806,11.823,2.557,7.635,6.191,9.36,7.537,8.621
01B3D,01,B,3,809.0,0.0,19.901,20.819,16.44,16.192,35.6,27.046,12.485,12.1,2.101,7.473,4.079,9.609,9.394,6.762
01B3E,01,B,3,723.0,0.0,19.087,20.71,17.289,16.371,34.993,26.627,11.342,11.834,2.075,7.495,5.118,9.665,10.097,7.298
01B3F,01,B,3,818.0,0.0,20.049,20.513,22.616,18.1,31.418,25.49,8.924,12.066,3.056,8.748,6.479,8.899,7.457,6.184
01B3G,01,B,3,417.0,0.0,19.424,20.477,17.506,18.091,29.496,25.447,13.189,11.928,4.556,8.35,6.475,9.145,9.353,6.561
01B3H,01,B,3,555.0,0.0,21.081,20.665,32.252,19.24,17.117,23.753,9.369,11.401,5.045,8.551,6.847,10.214,8.288,6.176
01B3I,01,B,3,906.0,0.0,18.764,20.566,26.6,19.374,27.483,23.845,9.713,11.326,3.863,8.495,6.071,10.581,7.506,5.812
01B3J,01,B,3,675.0,0.0,16.889,20.497,33.926,20.29,21.63,22.36,6.667,11.18,5.926,9.11,9.926,10.352,5.037,6.211
01B3K,01,B,3,787.0,0.0,11.182,20.426,24.905,18.298,28.335,24.681,9.657,11.915,4.574,8.298,12.961,10.0,8.386,6.383
01B3L,01,B,3,542.0,0.0,18.819,20.339,23.985,16.761,27.306,26.365,10.701,12.429,2.952,7.345,8.672,9.793,7.565,6.968
01B4A,01,B,4,419.0,0.0,12.888,20.253,11.456,11.646,38.902,27.595,14.081,14.684,4.535,7.342,4.057,6.582,14.081,11.899
01B4B,01,B,4,393.0,0.0,14.249,20.213,10.178,11.702,40.712,27.66,16.539,14.628,2.799,7.181,5.344,6.383,10.178,12.234
01B4C,01,B,4,592.0,0.0,13.682,20.613,17.23,11.699,35.304,28.134,15.878,14.763,2.703,7.242,4.223,6.128,10.98,11.421
01B4D,01,B,4,450.0,0.0,11.111,20.716,16.444,11.765,45.556,28.645,12.0,15.09,2.444,6.905,3.778,6.394,8.667,10.486
01B4E,01,B,4,569.0,0.0,14.06,20.925,14.411,11.922,44.288,28.954,13.708,15.328,1.582,6.569,3.163,6.326,8.787,9.976
01B4F,01,B,4,645.0,0.0,15.349,21.134,15.504,11.856,37.674,29.639,13.798,14.948,4.186,6.443,4.961,6.186,8.527,9.794
01B4G,01,B,4,429.0,0.0,11.189,20.938,14.219,11.875,40.559,28.438,15.152,15.313,1.632,6.875,3.963,5.938,13.287,10.625
01B4H,01,B,4,456.0,0.0,15.132,21.131,15.132,11.905,37.719,28.571,16.228,15.476,3.509,6.845,5.482,6.25,6.798,9.821
01B4I,01,B,4,464.0,0.0,13.147,21.256,17.457,12.077,39.224,29.469,13.147,14.734,1.94,6.763,4.31,6.039,10.776,9.662
01B4J,01,B,4,431.0,0.0,17.401,21.384,19.258,11.95,30.858,28.302,11.369,15.409,6.729,6.918,5.336,6.289,9.049,9.748
01B4K,01,B,4,353.0,0.0,13.598,21.271,14.448,12.155,38.527,27.901,13.314,15.193,5.949,7.182,4.816,6.354,9.348,9.945
01B4L,01,B,4,718.0,0.0,14.624,21.677,16.435,11.247,33.426,28.221,18.106,15.951,3.621,7.771,3.482,5.93,10.306,9.202
01B4M,01,B,4,674.0,0.0,12.463,21.578,12.315,11.369,39.763,28.306,19.288,15.777,3.116,7.657,3.412,5.8,9.644,9.513
01B5A,01,B,5,533.0,0.0,20.638,25.432,34.334,20.0,15.572,15.556,7.129,10.37,9.756,11.358,3.752,6.173,8.818,11.111
01B5B,01,B,5,499.0,0.0,22.645,25.843,30.661,20.449,18.437,15.056,8.216,10.112,7.415,11.461,4.208,6.067,8.417,11.011
01B5C,01,B,5,613.0,0.0,20.718,25.0,38.173,19.643,16.476,16.667,7.667,10.417,5.22,11.31,3.1,5.952,8.646,11.012
01B5D,01,B,5,548.0,0.0,25.365,24.874,31.204,20.101,14.964,16.583,8.577,10.05,7.117,11.809,2.19,5.779,10.584,10.804
01B5E,01,B,5,466.0,0.0,16.738,24.375,31.545,18.125,18.67,18.438,13.305,11.25,6.867,10.625,3.004,5.625,9.871,11.562
01B5F,01,B,5,600.0,0.0,17.167,24.458,19.667,18.266,29.0,18.576,15.5,11.146,3.333,10.836,3.167,5.882,12.167,10.836
01B5G,01,B,5,395.0,0.0,21.772,24.194,24.557,17.419,18.734,19.032,11.899,11.935,10.127,10.645,2.278,5.806,10.633,10.968
01B5H,01,B,5,477.0,0.0,16.771,23.67,19.078,16.755,30.818,19.149,16.562,12.234,6.289,10.638,2.096,6.383,8.386,11.17
01B5I,01,B,5,467.0,0.0,20.771,23.72,22.27,16.442,23.34,19.137,14.347,12.399,6.852,10.782,2.141,6.469,10.278,11.051
01B5J,01,B,5,539.0,0.0,11.688,24.675,9.647,16.883,41.744,20.0,20.594,12.468,4.082,10.13,2.041,5.714,10.204,10.13
01B5K,01,B,5,691.0,0.0,18.09,24.384,31.259,17.534,23.589,21.096,10.275,12.603,5.355,10.685,4.197,5.479,7.236,8.219
01B5L,01,B,5,676.0,0.0,16.272,23.154,9.763,16.966,38.609,22.156,18.787,12.974,3.55,10.579,2.515,5.589,10.503,8.583
01B6A,01,B,6,414.0,0.0,12.56,20.166,16.667,11.326,28.986,22.652,22.947,17.127,5.072,9.116,1.691,5.801,12.077,13.812
01B6B,01,B,6,389.0,0.0,15.938,19.728,18.766,11.224,28.278,23.129,19.794,17.347,3.599,8.844,1.799,5.782,11.825,13.946
01B6C,01,B,6,291.0,0.0,13.402,19.679,9.966,10.843,32.646,23.293,20.275,18.072,5.842,8.434,1.718,5.622,16.151,14.056
01B6D,01,B,6,359.0,0.0,18.942,19.741,19.777,10.356,22.284,22.977,19.499,19.094,5.85,8.414,2.507,5.502,11.142,13.916
01B6E,01,B,6,311.0,0.0,12.862,19.665,10.611,10.46,35.048,23.849,22.83,18.41,2.894,7.95,2.251,5.439,13.505,14.226
01B6F,01,B,6,446.0,0.0,11.211,20.0,12.108,10.588,33.408,24.314,24.215,18.824,5.381,7.843,3.812,5.49,9.865,12.941
01B6G,01,B,6,433.0,0.0,17.552,19.844,14.55,10.895,28.868,25.292,20.323,18.288,4.619,7.782,3.002,5.058,11.085,12.84
01B6H,01,B,6,579.0,0.0,12.608,19.512,15.371,10.366,34.888,25.0,19.516,18.902,3.454,7.622,2.418,5.488,11.744,13.11
01B6I,01,B,6,413.0,0.0,9.443,20.354,9.201,11.209,36.562,25.959,22.518,17.404,3.39,7.965,4.843,4.72,14.044,12.389
01B6J,01,B,6,500.0,0.0,14.6,20.629,17.4,10.49,31.4,25.175,17.4,18.182,3.8,8.392,3.4,4.545,12.0,12.587
01B6K,01,B,6,403.0,0.0,12.407,20.253,11.663,10.549,33.251,24.895,27.792,18.565,1.737,8.017,2.978,5.063,10.174,12.658
01B6L,01,B,6,328.0,0.0,16.463,20.089,14.329,10.714,34.146,25.0,19.207,18.304,5.183,8.036,3.049,4.911,7.622,12.946
01B6M,01,B,6,354.0,0.0,15.537,20.807,15.254,10.559,26.271,25.155,22.034,18.634,3.672,8.385,6.215,4.969,11.017,11.491
01B7A,01,B,7,525.0,0.0,12.381,21.3,11.619,12.635,38.857,23.466,21.333,16.245,3.429,9.025,2.476,4.693,9.905,12.635
01B7B,01,B,7,456.0,0.0,15.132,20.833,19.518,12.202,33.991,24.405,14.693,16.667,4.605,8.333,3.07,5.06,8.991,12.5
01B7C,01,B,7,450.0,0.0,17.333,21.003,8.444,12.226,42.222,24.451,17.111,16.614,3.111,8.464,2.667,5.016,9.111,12.226
01B7D,01,B,7,606.0,0.0,13.696,21.333,13.366,13.067,43.564,24.0,14.356,17.067,2.475,8.533,2.145,5.333,10.396,10.667
01B7E,01,B,7,484.0,0.0,11.364,21.49,11.983,13.181,41.942,24.069,18.595,16.905,2.686,8.596,3.306,5.158,10.124,10.602
01B7F,01,B,7,532.0,0.0,13.158,22.097,16.165,13.483,33.459,23.221,21.241,16.105,3.008,9.363,3.195,4.869,9.774,10.861
01B7G,01,B,7,450.0,0.0,16.667,21.961,18.889,13.333,29.111,22.745,18.889,15.686,3.111,9.804,4.0,5.098,9.333,11.373
01B7H,01,B,7,375.0,0.0,15.467,22.552,21.6,14.54,26.667,21.662,16.0,15.43,6.933,9.496,4.0,5.341,9.333,10.979
01B7I,01,B,7,344.0,0.0,18.314,22.581,24.419,13.71,24.128,22.581,12.5,15.726,4.942,9.677,4.942,4.839,10.756,10.887
01B7J,01,B,7,354.0,0.0,17.232,22.957,22.316,13.619,31.356,22.179,11.582,15.953,2.825,10.117,4.802,4.669,9.887,10.506
01B7K,01,B,7,223.0,0.0,17.937,22.594,19.731,13.389,26.906,22.594,12.556,15.9,4.484,10.042,4.933,5.021,13.453,10.46
01B7L,01,B,7,413.0,0.0,22.034,23.045,19.37,13.58,22.276,22.634,14.286,16.049,4.843,10.288,4.6,4.938,12.591,9.465
01B7M,01,B,7,394.0,0.0,20.812,22.509,18.782,13.653,24.112,22.878,12.944,15.867,7.614,11.07,2.538,4.797,13.198,9.225
01W100,01,W,1,428.0,1650.0,15.888,22.835,23.832,15.748,26.168,14.173,6.542,15.748,5.374,12.598,9.346,2.362,12.85,16.535
01W101,01,W,1,330.0,960.0,17.273,21.635,21.515,18.75,31.818,19.231,7.879,12.74,2.424,8.173,9.091,10.577,10.0,8.894
01W102,01,W,1,382.0,1240.0,14.66,19.681,21.466,16.312,23.822,22.518,15.183,11.702,6.806,10.106,8.901,12.766,9.162,6.915
01W103,01,W,1,276.0,1011.0,15.217,20.385,21.014,13.462,28.623,25.0,10.145,15.769,3.986,6.154,12.319,9.231,8.696,10.0
01W104,01,W,1,511.0,1257.0,18.982,20.505,20.548,13.565,29.354,24.921,10.568,12.303,2.935,6.625,8.806,14.669,8.806,7.413
01W105,01,W,1,383.0,997.0,20.366,20.734,20.888,11.009,26.11,25.688,12.01,16.881,6.266,8.44,7.05,10.642,7.311,6.606
01W106,01,W,1,576.0,1437.0,14.583,21.002,24.479,18.094,26.215,21.163,13.194,12.439,3.819,8.401,11.979,13.409,5.729,5.493
01W107,01,W,1,430.0,1084.0,12.093,15.098,21.395,12.611,29.767,23.979,14.884,20.959,6.047,9.414,8.605,11.723,7.209,6.217
01W108,01,W,1,359.0,1052.0,16.992,14.354,27.855,22.01,19.22,19.378,13.37,15.072,4.178,9.091,8.357,13.636,10.028,6.459
01W109,01,W,1,306.0,1080.0,22.549,26.667,30.392,20.69,12.745,7.356,11.438,13.793,12.092,14.483,2.941,6.207,7.843,10.805
01W110,01,W,1,542.0,1245.0,13.653,17.062,18.635,14.376,36.162,33.333,13.469,14.376,3.506,5.529,6.089,9.321,8.487,6.003
01W111,01,W,1,417.0,1032.0,16.067,18.876,13.909,10.643,37.17,32.932,15.108,13.855,3.118,6.024,5.995,11.446,8.633,6.225
01W112,01,W,1,493.0,1151.0,14.402,16.405,15.01,10.995,30.426,26.527,17.647,23.56,5.68,5.41,6.085,9.424,10.751,7.679
01W113,01,W,1,641.0,1456.0,18.097,20.69,15.133,10.837,33.385,33.128,15.601,15.517,3.9,4.803,5.304,8.867,8.58,6.158
01W114,01,W,1,544.0,1427.0,14.338,20.076,14.154,9.911,33.272,29.352,17.463,16.391,3.676,3.812,6.25,10.038,10.846,10.419
01W115,01,W,1,360.0,860.0,14.722,17.588,20.278,11.809,20.0,19.347,15.278,18.342,10.833,13.317,7.222,8.543,11.667,11.055
01W116,01,W,1,285.0,704.0,14.386,17.26,20.351,13.973,26.667,26.027,15.789,17.26,8.421,8.219,7.719,11.233,6.667,6.027
01W117,01,W,1,551.0,1319.0,12.886,19.499,14.156,11.421,38.475,35.376,17.786,15.042,3.993,5.432,5.263,8.635,7.441,4.596
01W118,01,W,1,530.0,1323.0,15.094,20.179,16.226,11.958,33.962,34.081,17.736,16.293,1.887,3.737,5.849,7.773,9.245,5.979
01W119,01,W,1,347.0,909.0,12.968,18.6,17.867,8.4,32.565,34.0,18.156,19.8,4.035,4.6,5.187,9.4,9.222,5.2
01W120,01,W,1,401.0,1011.0,12.219,17.254,13.716,12.801,33.666,29.128,14.963,15.955,8.978,7.236,5.985,9.276,10.474,8.349
01W121,01,W,1,403.0,1011.0,15.633,20.258,13.896,11.05,35.98,33.886,14.64,16.575,3.97,5.525,5.459,7.366,10.422,5.341
01W122,01,W,1,440.0,1108.0,13.864,16.832,18.182,13.366,31.591,29.868,19.545,15.842,2.5,5.941,8.409,11.881,5.909,6.271
01W123,01,W,1,384.0,920.0,13.281,15.694,17.969,16.097,33.333,29.98,14.844,13.682,1.562,4.829,9.375,14.085,9.635,5.634
01W124,01,W,1,369.0,1265.0,16.26,23.839,21.951,17.028,27.371,16.099,11.653,16.718,7.859,12.384,6.775,3.096,8.13,10.836
01W125,01,W,1,477.0,1466.0,18.658,21.302,18.239,16.42,26.415,23.373,14.046,15.089,6.289,7.101,6.289,10.059,10.063,6.657
01W200,01,W,2,313.0,851.0,19.489,16.667,33.227,16.898,7.668,8.565,14.058,25.0,11.502,17.824,6.709,7.87,7.348,7.176
01W201,01,W,2,414.0,1207.0,13.043,19.158,31.159,20.632,13.527,11.368,15.459,18.526,9.42,15.158,9.903,9.474,7.488,5.684
01W202,01,W,2,377.0,1136.0,17.241,18.55,31.034,20.469,10.875,9.382,13.793,21.109,9.019,15.352,10.08,8.316,7.958,6.823
01W203,01,W,2,454.0,1541.0,18.502,20.127,32.159,16.323,14.317,9.826,11.674,25.515,10.352,14.58,6.828,7.924,6.167,5.705
01W204,01,W,2,447.0,1550.0,14.318,23.142,31.991,18.75,17.45,8.615,15.213,17.905,7.606,13.851,8.277,10.473,5.145,7.264
01W205,01,W,2,448.0,1189.0,18.75,20.329,23.884,13.142,15.402,10.062,20.759,28.131,9.821,16.016,3.348,3.08,8.036,9.24
01W206,01,W,2,412.0,1291.0,18.689,16.206,22.816,14.917,17.476,13.26,18.447,26.151,7.767,13.444,7.767,4.42,7.039,11.602
01W207,01,W,2,356.0,1050.0,21.348,23.017,19.944,7.737,15.73,10.445,23.876,32.495,11.798,13.153,2.247,4.255,5.056,8.897
01W208,01,W,2,371.0,910.0,16.712,17.949,20.755,13.333,31.267,28.205,12.938,17.179,2.965,3.59,8.086,11.795,7.278,7.949
01W209,01,W,2,480.0,1157.0,11.667,18.608,14.792,11.003,32.917,27.023,20.625,20.227,4.792,6.958,5.417,8.414,9.792,7.767
01W210,01,W,2,443.0,1152.0,14.221,15.7,17.156,14.334,28.894,26.621,17.607,19.454,5.418,7.679,9.029,8.362,7.675,7.85
01W211,01,W,2,317.0,847.0,11.672,17.136,16.088,7.161,28.076,25.831,19.558,26.343,10.726,11.509,5.047,3.836,8.833,8.184
01W212,01,W,2,339.0,859.0,12.979,16.114,16.519,12.085,33.628,27.251,15.634,15.877,7.08,7.583,6.785,11.848,7.375,9.242
01W213,01,W,2,170.0,595.0,13.529,17.422,18.235,10.801,23.529,18.467,18.824,25.087,8.235,12.892,5.294,5.923,12.353,9.408
01W214,01,W,2,208.0,818.0,16.346,17.105,21.635,13.158,15.865,11.184,17.308,30.592,8.173,14.145,9.135,6.908,11.538,6.908
01W215,01,W,2,372.0,939.0,22.581,19.136,26.882,12.551,9.409,9.259,20.699,32.305,10.484,16.049,3.495,2.675,6.452,8.025
01W216,01,W,2,374.0,909.0,21.123,18.661,25.401,11.359,10.16,5.274,19.786,34.888,11.497,18.864,3.209,2.637,8.824,8.316
01W217,01,W,2,278.0,997.0,21.583,20.413,23.741,8.716,11.871,7.11,23.381,38.532,10.072,12.615,3.237,5.046,6.115,7.569
01W218,01,W,2,335.0,939.0,23.284,21.15,25.97,12.32,6.866,7.803,20.0,28.542,13.134,17.043,2.09,3.285,8.657,9.856
01W219,01,W,2,243.0,751.0,20.165,16.535,19.342,12.073,11.934,9.711,20.576,30.971,13.58,16.273,3.292,3.15,11.111,11.286
01W220,01,W,2,349.0,1119.0,18.625,22.989,25.788,8.736,19.484,12.414,20.057,31.494,4.871,14.943,4.011,5.057,7.163,4.368
01W221,01,W,2,529.0,1448.0,18.526,18.231,23.629,14.44,18.715,21.48,10.964,17.87,6.994,11.913,12.287,9.747,8.885,6.318
01W222,01,W,2,299.0,820.0,19.732,18.733,20.736,12.397,9.699,7.989,26.087,37.741,8.696,12.121,2.341,3.581,12.709,7.438
01W223,01,W,2,525.0,1535.0,19.048,21.23,21.143,9.722,23.429,15.278,16.571,32.54,8.381,14.484,4.0,3.175,7.429,3.571
01W224,01,W,2,441.0,1283.0,20.862,20.259,23.356,10.859,12.698,11.507,21.769,34.522,9.524,14.911,2.041,1.945,9.751,5.997
01W225,01,W,2,432.0,1324.0,21.296,19.761,27.778,11.584,12.269,5.792,18.056,33.901,9.722,15.332,2.778,4.089,8.102,9.54
01W226,01,W,2,192.0,687.0,15.104,16.287,21.875,7.166,12.5,9.121,24.479,36.156,10.417,19.218,1.562,2.932,14.062,9.121
01W227,01,W,2,553.0,1496.0,18.445,18.067,15.009,7.607,29.476,24.564,16.275,24.089,5.787,9.35,5.425,4.279,9.584,12.044
01W228,01,W,2,414.0,1190.0,23.188,25.267,24.879,15.302,24.396,21.352,8.937,14.057,5.072,9.075,9.179,8.363,4.348,6.584
01W229,01,W,2,369.0,1050.0,18.157,25.451,17.615,15.431,31.165,21.443,14.363,14.028,4.065,9.218,6.775,8.417,7.859,6.012
01W300,01,W,3,353.0,1194.0,13.598,22.754,10.765,9.381,26.346,19.96,22.096,21.158,5.099,8.383,5.099,4.391,16.997,13.972
01W301,01,W,3,332.0,960.0,15.361,18.859,12.048,10.67,28.313,25.31,17.47,20.099,6.627,10.67,5.723,3.97,14.458,10.422
01W302,01,W,3,389.0,1127.0,15.938,21.526,15.938,12.329,26.992,24.07,14.91,13.894,8.226,8.023,5.398,6.067,12.596,14.09
01W303,01,W,3,289.0,897.0,17.647,22.835,17.301,12.598,25.606,26.509,16.955,17.585,8.304,9.711,3.806,4.724,10.381,6.037
01W304,01,W,3,392.0,874.0,17.347,24.19,19.643,11.447,29.847,27.646,13.52,10.151,4.847,11.231,7.143,6.695,7.653,8.639
01W305,01,W,3,385.0,1027.0,18.701,21.25,21.818,14.821,30.13,25.357,13.506,13.571,5.455,9.643,3.377,7.321,7.013,8.036
01W306,01,W,3,478.0,1322.0,17.155,17.012,12.971,11.686,39.121,32.101,14.644,19.231,3.975,6.509,3.556,5.03,8.577,8.432
01W307,01,W,3,409.0,1146.0,18.337,25.57,24.205,17.59,25.672,22.313,11.736,9.935,4.645,10.098,6.846,7.492,8.557,7.003
01W308,01,W,3,493.0,1124.0,17.647,23.002,16.024,12.887,36.511,32.79,14.199,15.008,4.868,6.199,3.651,5.873,7.099,4.241
01W309,01,W,3,488.0,1260.0,15.574,23.613,17.213,13.371,34.221,26.458,12.705,14.225,4.918,8.535,5.943,6.259,9.426,7.539
01W310,01,W,3,324.0,921.0,18.519,22.936,22.531,13.073,28.704,30.734,14.506,12.615,4.012,8.486,5.247,5.734,6.481,6.422
01W311,01,W,3,382.0,1006.0,19.372,19.783,14.398,9.565,36.387,32.826,15.183,12.826,4.45,7.826,5.236,10.87,4.974,6.304
01W312,01,W,3,288.0,777.0,19.097,23.464,15.972,11.453,33.333,25.978,18.056,15.642,4.514,8.38,1.389,6.983,7.639,8.101
01W313,01,W,3,302.0,829.0,19.205,22.663,18.543,14.731,35.43,24.929,14.238,12.748,3.642,9.065,3.974,8.215,4.967,7.649
01W314,01,W,3,372.0,1060.0,19.892,25.094,30.376,18.539,19.624,16.105,14.516,12.921,3.226,12.172,5.645,6.742,6.72,8.427
01W315,01,W,3,280.0,792.0,21.071,20.69,17.143,16.976,30.0,24.403,12.5,12.997,8.571,6.631,3.929,6.366,6.786,11.936
01W316,01,W,3,376.0,1311.0,21.277,28.322,31.915,19.231,9.043,10.839,11.17,12.937,11.702,12.937,4.521,8.392,10.372,7.343
01W317,01,W,3,327.0,908.0,18.349,24.625,17.737,14.414,28.44,22.523,16.514,16.216,4.587,8.408,5.199,3.604,9.174,10.21
01W318,01,W,3,404.0,1056.0,20.05,24.236,24.257,15.886,23.02,19.756,13.861,10.998,4.703,9.165,7.178,12.016,6.931,7.943
01W319,01,W,3,351.0,973.0,19.088,22.334,21.937,14.085,28.49,25.151,10.826,13.28,6.838,8.451,5.413,10.865,7.407,5.835
01W320,01,W,3,282.0,557.0,21.986,20.988,28.014,16.667,30.142,27.16,6.738,8.951,3.901,9.568,4.965,13.58,4.255,3.086
01W321,01,W,3,431.0,1075.0,19.258,21.596,33.179,18.075,17.865,21.831,9.281,10.094,7.657,11.268,7.193,13.615,5.568,3.521
01W322,01,W,3,356.0,1074.0,23.315,23.908,32.865,19.77,15.73,15.172,8.146,10.575,5.618,11.954,8.146,13.103,6.18,5.517
01W323,01,W,3,447.0,1138.0,18.345,23.488,33.781,19.929,20.805,15.48,8.949,9.253,6.935,15.125,5.369,9.786,5.817,6.94
01W324,01,W,3,387.0,1497.0,19.638,19.118,29.716,20.588,15.762,17.437,10.594,12.185,6.718,9.874,10.853,13.235,6.718,7.563
01W325,01,W,3,351.0,1016.0,21.937,24.645,27.635,13.507,19.088,19.668,15.954,13.507,3.419,10.19,5.128,11.374,6.838,7.109
01W326,01,W,3,560.0,1503.0,20.179,23.138,18.75,14.58,28.036,22.662,13.571,15.848,6.25,9.667,6.25,5.705,6.964,8.399
01W327,01,W,3,565.0,1513.0,17.522,22.72,16.814,10.72,30.796,32.16,17.345,15.52,3.186,4.48,5.664,7.52,8.673,6.88
01W400,01,W,4,375.0,1208.0,11.2,19.503,18.933,11.663,29.6,20.076,16.0,18.738,7.733,9.751,3.467,5.354,13.067,14.914
01W401,01,W,4,345.0,911.0,11.594,19.133,12.754,7.653,32.464,24.49,18.841,15.561,7.246,12.5,2.899,4.847,14.203,15.816
01W402,01,W,4,438.0,1307.0,15.068,22.735,12.1,10.124,31.05,18.295,17.808,19.183,7.534,12.966,4.11,3.73,12.329,12.966
01W403,01,W,4,355.0,930.0,16.338,17.634,12.676,11.83,40.563,30.58,17.183,16.071,3.662,9.152,3.099,4.464,6.479,10.268
01W404,01,W,4,243.0,713.0,13.992,23.588,18.93,14.95,28.395,25.581,22.634,16.279,4.115,6.312,4.527,2.99,7.407,10.299
01W405,01,W,4,301.0,866.0,20.266,23.765,12.957,13.272,28.904,21.914,17.276,16.049,6.312,10.494,6.312,3.704,7.973,10.802
01W406,01,W,4,284.0,814.0,19.014,21.718,10.211,10.024,36.62,27.446,18.31,18.616,5.634,6.205,2.817,3.58,7.394,12.411
01W407,01,W,4,423.0,1140.0,13.712,19.298,20.331,14.737,35.461,21.053,13.239,14.386,4.965,11.053,2.6,7.018,9.693,12.456
01W408,01,W,4,387.0,963.0,19.38,21.341,12.661,11.179,35.917,30.081,15.762,17.683,3.101,6.504,4.134,4.878,9.044,8.333
01W409,01,W,4,378.0,952.0,17.196,25.751,16.931,8.155,28.836,22.961,19.312,19.528,5.82,7.725,1.852,5.794,10.053,10.086
01W410,01,W,4,506.0,1276.0,12.055,18.788,16.798,10.606,35.375,32.273,17.391,16.061,3.162,6.818,3.953,5.455,11.265,10.0
01W411,01,W,4,401.0,1093.0,13.217,23.504,16.459,11.752,33.416,22.009,16.958,16.239,3.491,9.402,6.234,6.838,10.224,10.256
01W412,01,W,4,339.0,868.0,20.944,22.115,13.864,11.058,32.448,25.721,17.994,15.865,6.195,9.375,1.475,6.49,7.08,9.375
01W413,01,W,4,264.0,802.0,14.773,23.2,19.318,13.067,27.273,23.467,21.591,14.667,3.409,9.6,1.894,5.067,11.742,10.933
01W414,01,W,4,321.0,821.0,14.642,21.554,14.019,8.271,35.514,29.825,17.134,17.293,4.361,7.519,3.427,3.258,10.903,12.281
01W415,01,W,4,355.0,835.0,13.239,22.886,12.958,11.443,38.873,26.368,17.746,17.662,5.07,5.721,3.38,5.97,8.732,9.95
01W416,01,W,4,365.0,990.0,18.082,23.387,18.356,17.339,28.493,21.371,16.164,15.121,3.014,8.669,4.658,3.831,11.233,10.282
01W417,01,W,4,362.0,1117.0,14.917,21.053,21.823,15.595,30.663,23.197,12.707,18.324,2.21,6.823,3.315,5.263,14.365,9.747
01W418,01,W,4,351.0,1129.0,18.803,21.896,17.949,12.415,26.211,27.314,16.809,15.124,6.268,10.609,3.704,3.612,10.256,9.029
01W419,01,W,4,492.0,1242.0,14.431,17.823,12.398,8.36,36.179,29.022,21.138,20.347,4.878,5.994,3.862,5.678,7.114,12.776
01W420,01,W,4,353.0,886.0,12.465,24.459,16.997,9.524,33.144,26.19,17.28,17.965,3.683,7.576,4.533,3.896,11.898,10.39
01W421,01,W,4,296.0,790.0,16.892,21.164,29.73,16.402,18.581,16.138,11.486,16.402,7.432,13.228,3.378,4.762,12.5,11.905
01W422,01,W,4,340.0,971.0,10.588,18.481,18.824,12.152,35.882,28.354,15.882,20.506,3.824,6.582,3.824,4.304,11.176,9.62
01W423,01,W,4,309.0,932.0,21.359,24.725,27.508,18.132,17.476,14.835,10.68,14.835,10.356,9.89,3.56,6.319,9.061,11.264
01W424,01,W,4,389.0,1201.0,15.938,22.442,15.938,8.977,29.563,21.364,19.28,18.133,6.17,11.67,2.828,5.027,10.283,12.388
01W425,01,W,4,473.0,1267.0,13.742,20.912,11.205,9.748,30.867,24.843,23.679,20.755,6.342,7.704,3.383,4.717,10.782,11.321
01W426,01,W,4,389.0,1213.0,11.311,20.36,10.026,7.568,35.99,27.027,24.165,21.081,5.656,7.928,1.799,4.324,11.054,11.712
01W427,01,W,4,315.0,896.0,16.508,24.804,13.333,14.883,25.397,22.454,20.635,16.188,6.984,7.572,5.714,3.394,11.429,10.705
01W428,01,W,4,310.0,791.0,16.774,21.302,13.548,9.172,30.323,26.627,22.581,15.976,6.129,7.988,1.613,4.142,9.032,14.793
01W500,01,W,5,267.0,955.0,20.974,23.25,28.839,15.0,9.363,10.75,9.738,12.0,11.985,21.5,7.116,6.25,11.985,11.25
01W501,01,W,5,267.0,772.0,25.468,25.956,30.712,18.033,10.112,10.656,8.24,10.109,10.487,18.306,5.618,7.65,9.363,9.29
01W502,01,W,5,138.0,476.0,27.536,32.735,31.884,17.04,8.696,7.623,11.594,11.659,13.768,17.489,1.449,4.036,5.072,9.417
01W503,01,W,5,375.0,972.0,28.533,32.177,40.533,27.938,5.067,6.936,7.733,6.744,10.933,15.8,1.867,4.624,5.333,5.78
01W504,01,W,5,176.0,649.0,18.182,25.704,26.705,17.958,11.932,13.732,11.932,14.437,11.364,12.324,3.977,4.93,15.909,10.915
01W505,01,W,5,282.0,873.0,18.44,27.551,21.986,9.949,21.277,13.265,12.766,13.776,11.702,18.367,3.901,3.571,9.929,13.52
01W506,01,W,5,349.0,946.0,20.63,27.586,40.115,24.138,8.883,11.494,6.304,8.506,11.748,14.023,3.725,7.586,8.596,6.667
01W507,01,W,5,371.0,1342.0,19.407,26.577,25.876,18.769,16.981,12.012,11.86,12.913,12.668,13.964,5.391,4.054,7.817,11.712
01W508,01,W,5,405.0,1121.0,24.444,27.604,26.42,16.667,14.074,14.757,9.877,9.375,11.358,15.799,2.469,5.035,11.358,10.764
01W509,01,W,5,339.0,1104.0,18.289,30.505,33.628,16.364,13.274,9.495,8.85,9.899,13.274,21.414,3.835,3.434,8.85,8.889
01W510,01,W,5,311.0,992.0,16.72,22.93,29.582,15.924,6.752,7.219,10.932,10.191,19.614,26.539,3.859,4.883,12.54,12.314
01W511,01,W,5,295.0,1054.0,20.339,24.678,30.508,15.451,6.102,7.725,5.763,10.3,22.712,22.318,3.39,4.292,11.186,15.236
01W512,01,W,5,236.0,1057.0,18.22,22.135,16.949,11.719,19.915,15.104,18.22,17.188,13.559,18.49,2.542,3.385,10.593,11.979
01W513,01,W,5,417.0,1284.0,16.787,21.589,12.47,12.263,26.379,17.444,23.501,18.653,6.715,10.708,3.357,3.282,10.791,16.062
01W514,01,W,5,319.0,963.0,12.539,23.785,25.078,12.276,19.749,21.228,20.063,10.997,9.091,11.253,0.94,5.371,12.539,15.09
01W515,01,W,5,381.0,1247.0,13.123,25.042,22.31,15.462,22.31,18.319,15.223,14.958,11.549,11.933,2.625,3.193,12.861,11.092
01W516,01,W,5,270.0,919.0,17.037,22.005,19.259,10.024,22.963,18.826,15.556,16.626,6.296,13.447,5.556,6.112,13.333,12.958
01W517,01,W,5,387.0,1286.0,20.93,21.486,16.279,12.851,23.773,18.474,15.762,16.064,11.111,15.261,3.359,4.819,8.786,11.044
01W518,01,W,5,342.0,1259.0,14.62,24.026,16.374,9.957,28.07,24.026,23.099,18.615,4.094,7.143,2.339,4.762,11.404,11.472
01W519,01,W,5,506.0,1362.0,14.822,21.533,13.636,8.483,27.866,22.838,23.715,22.349,6.719,9.788,2.174,4.078,11.067,10.93
01W520,01,W,5,386.0,1330.0,13.731,23.116,12.435,8.04,30.829,25.628,23.316,21.441,3.627,5.36,1.295,2.178,14.767,14.238
01W521,01,W,5,156.0,1018.0,22.436,33.412,25.641,19.905,9.615,6.398,13.462,8.768,19.231,19.668,2.564,3.555,7.051,8.294
01W522,01,W,5,310.0,848.0,17.097,21.932,24.516,18.799,24.194,24.282,14.194,11.749,7.419,8.877,4.839,5.483,7.742,8.877
01W523,01,W,5,170.0,654.0,21.176,29.97,42.941,23.145,10.0,6.231,7.059,6.231,7.647,18.694,2.941,7.418,8.235,8.309
01W524,01,W,5,242.0,833.0,13.223,20.325,18.595,17.073,33.471,19.241,15.289,13.821,8.678,13.821,2.893,4.336,7.851,11.382
01W525,01,W,5,264.0,786.0,14.015,20.968,7.576,9.14,31.061,25.0,25.379,25.538,5.303,7.258,4.545,3.763,12.121,8.333
01W526,01,W,5,432.0,1414.0,9.259,20.031,12.037,7.981,33.333,26.761,21.528,20.031,7.639,8.294,2.778,3.13,13.426,13.772
01W600,01,W,6,343.0,1326.0,12.245,21.429,12.828,10.989,28.28,20.33,22.449,20.33,6.122,9.341,3.499,3.846,14.577,13.736
01W601,01,W,6,298.0,798.0,20.47,30.631,27.517,12.913,19.128,11.712,13.758,12.613,5.705,15.315,2.349,3.904,11.074,12.913
01W602,01,W,6,474.0,1110.0,16.878,20.442,11.181,9.208,28.27,22.099,20.042,22.099,9.283,12.707,2.954,3.499,11.392,9.945
01W603,01,W,6,287.0,838.0,16.028,15.513,9.408,8.353,31.01,24.582,25.087,23.866,4.181,9.547,2.787,2.387,11.498,15.752
01W604,01,W,6,216.0,836.0,20.833,31.111,19.444,8.889,18.519,11.852,17.13,13.333,11.111,16.667,0.926,2.593,12.037,15.556
01W605,01,W,6,294.0,998.0,13.265,20.854,20.068,17.839,23.469,13.317,21.088,16.583,8.503,13.317,2.721,6.03,10.884,12.06
01W606,01,W,6,239.0,764.0,12.552,18.551,15.9,13.043,25.105,18.841,13.808,21.159,12.971,12.464,1.674,3.188,17.992,12.754
01W607,01,W,6,188.0,790.0,11.702,17.375,11.17,3.861,29.787,16.988,28.723,30.116,7.447,9.653,1.064,3.089,10.106,18.919
01W608,01,W,6,286.0,990.0,11.538,21.798,13.287,8.447,27.273,23.978,26.573,25.341,4.545,5.995,1.748,4.36,15.035,10.082
01W609,01,W,6,333.0,1117.0,15.916,24.681,12.613,7.447,24.324,21.915,25.826,21.915,5.706,9.362,3.003,1.277,12.613,13.404
01W610,01,W,6,308.0,1142.0,14.61,18.274,12.987,7.614,25.0,21.066,26.299,24.873,5.195,8.122,3.571,2.284,12.338,17.766
01W611,01,W,6,350.0,1292.0,14.286,20.817,10.286,9.144,27.429,19.844,26.0,22.568,5.143,10.117,3.429,4.864,13.429,12.646
01W612,01,W,6,242.0,1000.0,16.942,20.625,9.917,9.688,28.099,25.312,28.099,21.25,2.479,7.5,3.306,4.062,11.157,11.562
01W613,01,W,6,387.0,1346.0,10.594,19.964,15.762,9.982,35.401,23.956,21.189,19.419,3.618,7.26,2.326,4.174,11.111,15.245
01W614,01,W,6,454.0,1154.0,13.216,21.756,21.586,12.405,21.145,16.221,16.3,16.031,9.912,16.412,3.084,4.389,14.758,12.786
01W615,01,W,6,216.0,881.0,15.278,27.059,14.352,10.588,24.537,21.471,30.556,17.353,3.704,10.588,2.778,3.235,8.796,9.706
01W616,01,W,6,343.0,1027.0,11.37,17.063,7.289,6.911,33.528,26.134,26.822,22.678,4.373,8.207,1.166,3.24,15.452,15.767
01W617,01,W,6,308.0,929.0,15.909,22.139,10.714,9.701,34.091,16.915,20.455,20.149,5.844,12.438,1.623,3.731,11.364,14.925
01W618,01,W,6,496.0,1437.0,20.968,26.667,14.919,10.702,29.234,24.737,19.153,17.368,3.629,5.263,1.613,3.333,10.484,11.93
01W619,01,W,6,384.0,1117.0,17.969,24.581,17.188,10.428,23.958,19.553,19.271,19.367,6.25,11.359,2.344,3.724,13.021,10.987
01W620,01,W,6,261.0,1025.0,9.195,19.888,16.092,12.045,32.567,24.93,22.989,17.087,4.981,7.283,3.065,3.081,11.111,15.686
01W621,01,W,6,195.0,969.0,17.949,29.08,14.359,9.496,25.641,21.068,26.154,16.914,1.538,6.528,2.564,2.077,11.795,14.837
01W622,01,W,6,159.0,640.0,14.465,22.768,16.981,10.714,24.528,12.5,21.384,21.429,10.692,18.75,3.774,3.571,8.176,10.268
01W623,01,W,6,262.0,898.0,12.214,22.745,14.885,6.667,32.443,22.745,19.847,18.431,3.817,9.02,5.725,3.137,11.069,17.255
01W624,01,W,6,304.0,1230.0,21.382,27.518,19.408,9.582,23.355,17.445,14.803,15.971,7.566,12.776,1.316,3.931,12.171,12.776
01W625,01,W,6,306.0,969.0,19.935,28.205,18.627,12.564,21.895,16.667,17.647,14.872,7.19,8.462,4.575,6.154,10.131,13.077
01W700,01,W,7,220.0,854.0,14.545,21.875,17.273,7.986,27.727,27.083,20.455,18.403,5.455,10.764,3.636,2.083,10.909,11.806
01W701,01,W,7,379.0,1221.0,11.082,18.9,12.137,7.388,32.718,27.32,26.121,23.196,5.805,4.296,1.319,4.467,10.818,14.433
01W702,01,W,7,305.0,1029.0,16.721,19.949,19.344,7.576,27.213,23.485,19.016,23.232,5.902,8.586,1.967,4.293,9.836,12.879
01W703,01,W,7,348.0,1055.0,21.552,20.147,20.402,14.496,25.0,19.41,16.667,19.165,6.322,10.319,2.874,5.16,7.184,11.302
01W704,01,W,7,244.0,810.0,13.934,21.858,13.525,7.377,31.557,26.503,26.639,23.224,2.459,7.377,2.049,2.459,9.836,11.202
01W705,01,W,7,312.0,921.0,12.5,15.604,7.692,6.374,36.538,28.352,24.038,26.374,3.846,5.934,2.564,4.176,12.821,13.187
01W706,01,W,7,414.0,1176.0,12.319,24.528,10.628,8.302,37.198,27.17,21.256,19.623,5.072,4.717,3.14,4.151,10.386,11.509
01W707,01,W,7,394.0,1158.0,13.452,19.79,7.868,6.13,36.041,25.394,21.827,18.739,4.569,12.084,4.061,3.853,12.183,14.011
01W708,01,W,7,335.0,1061.0,12.239,24.841,17.313,9.979,29.552,26.964,19.403,14.225,6.269,7.006,5.373,6.369,9.851,10.616
01W709,01,W,7,384.0,1147.0,17.448,21.818,13.542,7.5,27.083,24.091,19.792,20.0,5.729,8.182,4.167,4.091,12.24,14.318
01W710,01,W,7,386.0,1287.0,14.249,21.489,15.026,12.553,30.311,18.511,19.689,16.17,4.404,11.915,4.663,7.021,11.658,12.34
01W711,01,W,7,348.0,1165.0,12.931,24.449,13.793,12.115,34.195,22.026,20.977,16.3,5.46,8.37,1.437,5.507,11.207,11.233
01W712,01,W,7,415.0,1383.0,15.181,27.059,13.012,11.961,29.88,21.569,19.277,19.608,5.06,6.863,3.133,2.745,14.458,10.196
01W713,01,W,7,249.0,875.0,20.482,26.582,20.08,15.506,21.687,12.342,14.859,16.139,9.237,14.557,4.016,5.38,9.639,9.494
01W714,01,W,7,310.0,1071.0,15.161,24.318,20.0,13.151,25.484,18.362,20.323,19.107,7.419,10.174,3.226,4.715,8.387,10.174
01W715,01,W,7,300.0,1149.0,12.667,27.292,25.667,16.205,21.333,13.646,18.0,13.22,10.0,13.433,3.333,4.691,9.0,11.514
01W716,01,W,7,297.0,948.0,18.182,24.658,27.946,16.164,19.192,22.466,13.131,14.795,6.397,7.671,5.051,3.562,10.101,10.685
01W717,01,W,7,335.0,1123.0,21.791,28.817,24.179,16.129,14.627,10.753,16.418,16.559,7.164,16.129,3.881,3.226,11.94,8.387
01W718,01,W,7,242.0,848.0,20.661,34.948,21.901,11.073,16.942,17.301,16.529,17.647,5.785,7.612,3.719,1.384,14.463,10.035
01W719,01,W,7,232.0,940.0,24.138,33.989,30.603,15.449,6.466,8.989,12.069,17.697,10.776,12.921,4.31,3.652,11.638,7.303
01W720,01,W,7,477.0,1326.0,16.562,26.857,29.14,16.381,19.078,16.571,12.998,11.81,7.966,14.286,3.983,4.571,10.273,9.524
01W721,01,W,7,386.0,1496.0,21.244,38.05,19.948,9.434,25.389,9.748,11.658,18.239,4.404,11.321,6.736,2.83,10.622,10.377
01W722,01,W,7,349.0,990.0,20.917,26.556,17.479,10.788,18.338,15.353,17.479,17.842,9.456,11.203,3.438,2.905,12.894,15.353
01W723,01,W,7,434.0,1307.0,18.894,25.373,21.429,13.246,18.433,15.299,19.124,20.149,10.138,11.754,2.995,5.597,8.986,8.582
01W724,01,W,7,243.0,865.0,18.519,27.684,25.514,15.537,16.461,14.689,13.992,16.102,11.111,16.384,2.881,3.39,11.523,6.215
01W725,01,W,7,280.0,1066.0,23.214,31.106,21.786,16.359,15.714,12.673,15.0,13.364,9.643,12.673,3.571,4.608,11.071,9.217
02B1A,02,B,8,163.0,0.0,18.405,17.391,17.178,9.179,32.515,27.053,15.951,19.324,2.454,6.763,4.294,5.314,9.202,14.976
02B1AA,02,B,8,385.0,0.0,13.766,17.736,10.39,8.302,44.675,32.075,15.065,19.623,1.818,4.906,2.857,4.528,11.429,12.83
02B1AB,02,B,8,460.0,0.0,13.696,19.547,21.522,11.048,39.13,30.028,9.565,16.147,1.522,7.082,5.87,5.382,8.696,10.765
02B1B,02,B,8,183.0,0.0,14.754,18.056,30.055,9.259,31.148,26.852,12.568,18.981,2.186,6.944,5.464,5.556,3.825,14.352
02B1C,02,B,8,122.0,0.0,22.951,16.949,23.77,9.04,22.131,27.684,10.656,19.774,7.377,5.65,3.279,4.52,9.836,16.384
02B1D,02,B,8,119.0,0.0,12.605,16.76,21.008,8.939,32.773,27.374,15.126,19.553,5.042,6.145,7.563,5.028,5.882,16.201
02B1E,02,B,8,169.0,0.0,20.118,16.575,27.219,8.287,18.343,28.177,21.302,20.994,1.183,5.525,3.55,4.42,8.284,16.022
02B1F,02,B,8,269.0,0.0,17.472,16.588,26.394,8.531,23.792,28.91,17.844,20.853,2.602,6.161,4.833,4.739,7.063,14.218
02B1G,02,B,8,421.0,0.0,13.064,16.76,24.941,8.38,33.729,28.492,6.888,20.67,4.038,5.028,10.926,4.469,6.413,16.201
02B1H,02,B,8,313.0,0.0,13.419,17.227,12.141,9.664,45.687,29.832,15.335,19.328,3.514,5.462,2.556,5.462,7.348,13.025
02B1J,02,B,8,374.0,0.0,17.914,17.568,14.973,9.459,39.037,29.73,14.171,19.369,1.872,5.405,4.545,5.405,7.487,13.063
02B1K,02,B,8,271.0,0.0,12.177,16.837,10.332,8.163,44.28,29.082,18.819,20.918,2.583,5.612,4.059,4.592,7.749,14.796
02B1L,02,B,8,368.0,0.0,16.576,17.625,15.489,8.046,34.239,32.184,17.391,20.69,1.63,4.215,4.348,4.598,10.326,12.644
02B1M,02,B,8,287.0,0.0,13.589,16.418,12.892,8.955,43.902,31.841,13.24,19.9,0.697,4.975,6.62,4.478,9.059,13.433
02B1N,02,B,8,488.0,0.0,16.393,17.2,11.066,8.4,42.828,34.4,14.959,19.6,2.049,4.0,4.713,4.8,7.992,11.6
02B1P,02,B,8,301.0,0.0,12.957,16.592,9.635,8.072,40.864,34.081,20.93,20.179,0.664,4.484,2.99,4.036,11.96,12.556
02B1Q,02,B,8,273.0,0.0,13.553,16.379,8.791,8.19,43.956,34.052,18.681,19.828,1.465,4.741,4.396,4.31,9.158,12.5
02B1R,02,B,8,346.0,0.0,17.341,17.972,13.584,8.756,40.751,31.336,12.717,19.816,2.023,5.069,3.179,4.608,10.405,12.442
02B1S,02,B,8,228.0,0.0,18.421,16.667,13.158,8.081,39.035,31.818,14.035,20.202,1.754,5.051,2.193,4.545,11.404,13.636
02B1T,02,B,8,189.0,0.0,19.577,17.085,8.995,8.04,38.624,31.156,21.164,20.603,1.058,4.523,2.646,5.025,7.937,13.568
02B1U,02,B,8,214.0,0.0,14.019,16.667,10.748,7.778,43.925,30.556,19.626,21.111,2.804,5.0,3.271,4.444,5.607,14.444
02B1V,02,B,8,273.0,0.0,16.484,17.347,9.158,7.653,40.293,31.633,16.117,20.918,2.198,4.592,2.93,5.102,12.821,12.755
02B1W,02,B,8,371.0,0.0,15.364,17.29,13.747,9.346,39.892,30.841,15.364,20.093,2.156,5.607,3.774,5.14,9.704,11.682
02B1X,02,B,8,454.0,0.0,15.859,17.204,9.912,9.14,48.678,29.57,14.978,20.43,0.881,5.376,1.982,4.839,7.709,13.441
02B1Y,02,B,8,261.0,0.0,14.559,17.674,13.41,8.372,40.613,31.628,15.326,20.465,1.149,5.116,5.747,4.651,9.195,12.093
02B1Z,02,B,8,250.0,0.0,12.0,17.098,13.6,8.29,45.2,30.57,14.4,20.725,1.6,5.181,5.2,4.663,8.0,13.472
02B2A,02,B,9,206.0,0.0,13.592,16.279,7.767,7.442,41.748,32.558,23.301,21.395,1.456,4.651,3.398,4.186,8.738,13.488
02B2B,02,B,9,245.0,0.0,6.939,16.23,8.98,7.33,40.816,31.937,27.755,22.513,0.408,4.712,3.673,4.188,11.429,13.089
02B2C,02,B,9,234.0,0.0,12.393,15.764,8.547,7.389,40.171,31.527,26.496,22.66,1.282,4.433,3.419,4.433,7.692,13.793
02B2D,02,B,9,214.0,0.0,10.28,15.64,5.607,7.109,39.252,32.227,31.776,23.223,0.0,4.265,2.336,4.265,10.748,13.27
02B2E,02,B,9,224.0,0.0,12.5,15.707,6.25,7.33,38.393,31.414,29.464,22.513,0.893,4.712,2.232,4.188,10.268,14.136
02B2F,02,B,9,212.0,0.0,9.434,15.982,8.491,7.306,39.623,33.333,31.132,21.461,1.415,4.566,4.717,4.11,5.189,13.242
02B2G,02,B,9,260.0,0.0,7.308,15.2,13.077,8.0,41.538,33.6,23.462,21.2,1.154,4.8,3.846,4.4,9.615,12.8
02B2H,02,B,9,268.0,0.0,11.94,15.455,11.94,8.182,41.418,32.727,20.522,21.364,1.493,5.0,5.224,4.545,7.463,12.727
02B2J,02,B,9,274.0,0.0,11.314,15.668,8.029,7.834,40.511,32.719,24.453,21.198,2.19,5.069,2.19,4.608,11.314,12.903
02B2K,02,B,9,303.0,0.0,7.921,16.901,6.601,8.451,44.554,32.394,28.713,20.657,0.66,4.225,1.65,4.225,9.901,13.146
02B2L,02,B,9,263.0,0.0,11.787,16.8,5.323,8.4,44.106,33.6,26.996,20.8,1.141,4.4,3.042,4.0,7.605,12.0
02B2M,02,B,9,225.0,0.0,17.333,16.754,7.556,8.377,42.222,31.414,19.556,20.419,1.778,4.712,1.333,4.188,10.222,14.136
02B2N,02,B,9,247.0,0.0,10.526,17.928,7.692,6.773,43.32,32.669,24.291,20.717,1.619,3.984,2.024,3.586,10.526,14.343
02B2P,02,B,9,164.0,0.0,13.415,17.127,6.707,7.735,34.756,30.939,26.22,20.994,3.659,4.972,4.878,4.42,10.366,13.812
02B2Q,02,B,9,328.0,0.0,15.549,17.004,10.061,7.287,34.146,33.603,23.171,20.648,1.829,4.858,4.573,4.858,10.671,11.741
02B2R,02,B,9,278.0,0.0,10.432,16.931,9.712,7.407,50.0,31.746,16.187,20.635,1.079,4.762,3.597,4.762,8.993,13.757
02B2S,02,B,9,305.0,0.0,11.148,16.908,10.492,7.729,45.574,32.367,22.295,20.29,0.656,4.831,0.984,4.831,8.852,13.043
02B2T,02,B,9,225.0,0.0,15.556,16.842,9.333,7.895,38.222,31.579,19.111,20.526,3.111,4.737,3.111,4.737,11.556,13.684
02B2U,02,B,9,301.0,0.0,8.97,16.878,11.296,7.173,46.179,34.177,16.611,20.675,1.329,4.641,2.658,4.641,12.957,11.814
02B2V,02,B,9,191.0,0.0,8.901,17.0,5.759,8.0,46.073,30.5,21.99,21.5,0.524,4.5,3.665,5.0,13.089,13.5
02B2W,02,B,9,208.0,0.0,11.538,17.352,8.654,7.763,48.558,31.05,16.827,21.461,1.442,4.566,3.365,5.023,9.615,12.785
02B2X,02,B,9,119.0,0.0,10.924,17.204,24.37,8.065,32.773,30.108,16.807,21.505,0.0,4.839,4.202,4.839,10.924,13.441
02B2Y,02,B,9,467.0,0.0,16.06,17.848,11.777,7.349,40.257,38.32,18.63,17.323,1.285,6.037,3.212,4.724,8.779,8.399
02B2Z,02,B,9,436.0,0.0,18.349,17.958,13.073,7.746,38.761,36.268,17.202,18.31,1.606,5.986,3.44,4.577,7.569,9.155
02B3A,02,B,10,304.0,0.0,13.487,16.406,6.908,9.375,48.355,35.156,17.105,18.75,1.974,4.688,5.592,5.078,6.579,10.547
02B3AA,02,B,10,259.0,0.0,14.672,17.241,5.019,8.046,45.56,30.46,20.463,21.264,0.386,5.172,1.931,4.598,11.969,13.218
02B3AB,02,B,10,236.0,0.0,15.678,17.01,10.593,8.247,39.831,31.443,19.915,21.134,2.119,4.639,3.814,5.155,8.051,12.371
02B3B,02,B,10,379.0,0.0,15.567,17.012,19.525,8.714,39.314,33.195,14.248,19.502,1.055,4.979,3.694,5.394,6.596,11.203
02B3C,02,B,10,301.0,0.0,17.276,17.085,10.631,8.04,37.874,32.663,19.601,20.101,3.322,5.025,1.993,5.025,9.302,12.06
02B3D,02,B,10,270.0,0.0,11.111,16.923,11.481,8.205,47.037,31.795,14.444,20.513,0.37,5.128,6.296,5.128,9.259,12.308
02B3E,02,B,10,301.0,0.0,12.957,17.062,8.306,8.057,51.827,32.227,14.618,20.379,0.997,5.213,4.319,5.213,6.977,11.848
02B3F,02,B,10,251.0,0.0,15.139,17.073,10.359,7.805,42.231,32.683,19.92,20.488,1.195,5.366,1.992,4.878,9.163,11.707
02B3G,02,B,10,103.0,0.0,16.505,17.01,7.767,8.763,31.068,31.443,19.417,20.103,6.796,5.155,1.942,5.155,16.505,12.371
02B3H,02,B,10,220.0,0.0,16.818,17.919,13.636,9.827,32.273,28.324,15.0,20.231,4.091,5.78,7.727,5.202,10.455,12.717
02B3J,02,B,10,130.0,0.0,13.846,17.816,18.462,9.77,37.692,28.736,14.615,20.115,2.308,5.747,3.077,5.172,10.0,12.644
02B3K,02,B,10,226.0,0.0,23.009,18.079,25.664,9.605,30.531,29.379,7.522,20.339,2.212,5.65,4.867,4.52,6.195,12.429
02B3L,02,B,10,179.0,0.0,17.877,18.135,16.201,10.881,36.313,28.497,9.497,19.171,6.704,6.218,3.352,5.699,10.056,11.399
02B3M,02,B,10,257.0,0.0,14.786,18.227,15.175,9.852,26.848,29.064,18.288,19.704,4.669,5.911,4.28,4.926,15.953,12.315
02B3N,02,B,10,171.0,0.0,24.561,18.519,26.901,10.053,12.281,28.042,13.45,20.106,6.433,6.349,2.924,5.291,13.45,11.64
02B3P,02,B,10,142.0,0.0,13.38,16.97,23.239,9.091,27.465,29.091,22.535,21.212,4.93,5.455,0.0,4.848,8.451,13.333
02B3Q,02,B,10,146.0,0.0,19.178,17.442,23.288,8.721,21.918,29.651,16.438,21.512,4.11,5.233,2.74,4.651,12.329,12.791
02B3R,02,B,10,209.0,0.0,9.569,15.736,9.569,8.122,36.364,30.964,32.536,22.843,0.0,5.076,1.435,4.061,10.526,13.198
02B3S,02,B,10,189.0,0.0,11.111,17.553,10.053,9.574,46.561,29.255,22.222,20.213,2.116,5.851,1.058,4.787,6.878,12.766
02B3T,02,B,10,210.0,0.0,13.81,16.757,9.048,8.108,43.333,31.351,20.952,21.622,0.952,4.865,0.952,4.865,10.952,12.432
02B3U,02,B,10,192.0,0.0,9.896,16.667,5.729,8.333,41.667,30.952,31.25,22.024,1.562,5.357,1.042,4.762,8.854,11.905
02B3V,02,B,10,163.0,0.0,12.883,16.304,7.362,8.152,37.423,30.978,25.153,22.826,0.613,5.435,1.227,4.348,15.337,11.957
02B3W,02,B,10,158.0,0.0,6.962,16.757,12.025,8.108,34.81,31.892,31.013,21.622,0.633,4.865,0.633,4.865,13.924,11.892
02B3X,02,B,10,233.0,0.0,10.73,17.188,9.013,7.812,34.764,32.292,30.472,21.875,2.146,4.688,1.717,4.688,11.159,11.458
02B3Y,02,B,10,252.0,0.0,11.508,16.827,9.127,8.654,41.667,32.212,24.206,21.635,1.984,4.808,1.984,5.288,9.524,10.577
02B3Z,02,B,10,196.0,0.0,22.449,16.827,14.286,8.654,33.163,32.212,17.857,21.635,1.531,4.808,1.02,5.288,9.694,10.577
02B4A,02,B,11,250.0,0.0,17.2,17.339,21.6,9.274,14.0,21.774,26.4,31.452,6.8,8.065,4.4,4.032,9.6,8.065
02B4AA,02,B,11,387.0,0.0,11.111,19.466,11.886,8.779,37.984,27.099,19.121,22.901,3.359,6.87,3.359,4.58,13.178,10.305
02B4AB,02,B,11,395.0,0.0,12.405,17.427,15.696,8.299,35.696,31.95,20.0,21.992,1.772,4.564,4.304,4.979,10.127,10.788
02B4AC,02,B,11,267.0,0.0,18.352,18.5,23.596,9.5,30.337,26.0,11.236,24.0,2.247,7.0,3.745,5.0,10.487,10.0
02B4B,02,B,11,250.0,0.0,19.2,17.255,28.8,9.02,7.6,21.569,30.8,32.157,8.4,8.235,1.2,3.922,4.0,7.843
02B4C,02,B,11,305.0,0.0,22.951,18.289,22.623,9.145,13.115,16.814,22.951,32.743,5.574,11.209,2.623,3.245,10.164,8.555
02B4D,02,B,11,282.0,0.0,15.603,18.304,23.759,10.714,8.156,24.107,24.113,25.446,11.702,6.696,3.546,5.357,13.121,9.375
02B4E,02,B,11,301.0,0.0,17.608,18.557,16.611,8.763,28.571,26.289,22.259,25.258,5.648,6.701,2.326,4.639,6.977,9.794
02B4F,02,B,11,249.0,0.0,14.859,17.989,11.647,10.053,27.711,26.984,22.088,23.81,4.418,5.82,5.622,5.291,13.655,10.053
02B4G,02,B,11,203.0,0.0,15.271,17.683,12.315,8.537,26.601,29.268,22.167,22.561,6.404,5.488,2.463,4.878,14.778,11.585
02B4H,02,B,11,285.0,0.0,17.895,17.742,17.895,10.215,27.018,27.419,14.035,23.656,3.158,5.914,9.123,5.376,10.877,9.677
02B4J,02,B,11,327.0,0.0,22.63,18.702,20.489,11.45,22.324,25.954,16.514,23.282,5.199,6.489,3.058,4.962,9.786,9.16
02B4K,02,B,11,407.0,0.0,17.936,19.915,18.428,10.593,39.066,27.966,7.125,20.763,2.211,5.508,5.897,5.085,9.337,10.169
02B4L,02,B,11,320.0,0.0,19.375,18.947,19.375,8.421,17.188,27.368,25.0,25.263,7.187,6.316,4.062,4.211,7.812,9.474
02B4M,02,B,11,360.0,0.0,16.944,18.908,12.778,8.403,28.333,27.731,26.389,26.05,5.556,5.882,2.5,3.782,7.5,9.244
02B4N,02,B,11,280.0,0.0,18.571,18.841,15.357,8.696,26.429,28.502,24.643,24.638,2.5,5.797,2.5,3.865,10.0,9.662
02B4P,02,B,11,318.0,0.0,14.465,18.905,12.264,8.458,38.994,29.851,14.78,22.388,3.774,5.97,5.66,4.478,10.063,9.95
02B4Q,02,B,11,320.0,0.0,18.438,18.681,14.062,8.242,26.25,30.22,20.625,23.626,5.0,6.044,3.75,3.846,11.875,9.341
02B4R,02,B,11,395.0,0.0,19.241,19.113,18.481,9.898,18.481,23.891,22.785,26.28,5.316,7.509,2.278,3.413,13.418,9.898
02B4S,02,B,11,269.0,0.0,14.498,18.987,18.216,9.705,28.996,25.738,19.331,26.16,5.948,7.173,3.717,3.376,9.294,8.861
02B4T,02,B,11,289.0,0.0,25.952,18.898,19.031,8.268,8.997,23.228,32.18,29.134,6.228,7.874,2.076,3.937,5.536,8.661
02B4U,02,B,11,334.0,0.0,16.467,20.0,23.952,9.615,16.168,23.462,26.647,27.308,5.389,8.462,3.293,3.846,8.084,7.308
02B4V,02,B,11,171.0,0.0,21.053,18.085,19.883,9.043,17.544,27.128,19.298,24.468,7.602,6.915,5.263,4.787,9.357,9.574
02B4W,02,B,11,209.0,0.0,21.531,19.307,24.402,9.406,12.44,26.238,21.053,25.743,4.785,7.426,7.177,3.96,8.612,7.921
02B4X,02,B,11,213.0,0.0,12.207,18.497,19.718,8.671,29.577,28.324,14.085,24.277,3.756,6.936,8.92,4.046,11.737,9.249
02B4Y,02,B,11,248.0,0.0,14.919,19.027,24.597,9.735,13.71,24.779,22.581,25.664,8.468,7.965,4.839,4.425,10.887,8.407
02B4Z,02,B,11,251.0,0.0,19.92,18.905,14.343,8.458,21.514,29.353,23.904,22.886,4.781,6.468,6.375,4.478,9.163,9.453
02B5A,02,B,12,281.0,0.0,12.1,17.157,7.829,8.824,42.349,30.882,18.861,23.529,2.491,5.392,3.915,4.412,12.456,9.804
02B5AA,02,B,12,320.0,0.0,13.438,18.113,11.875,7.547,39.688,32.075,20.625,21.509,0.938,4.906,5.0,4.906,8.438,10.943
02B5B,02,B,12,386.0,0.0,16.839,18.482,11.658,11.551,34.197,25.743,15.285,24.092,4.663,6.601,3.627,4.95,13.731,8.581
02B5C,02,B,12,316.0,0.0,11.709,17.266,10.759,7.554,36.709,30.216,21.203,23.022,3.797,6.835,2.532,5.036,13.291,10.072
02B5D,02,B,12,318.0,0.0,17.61,18.135,12.579,8.29,33.333,31.088,15.723,22.798,2.201,5.699,4.403,4.663,14.151,9.326
02B5E,02,B,12,410.0,0.0,14.878,20.084,13.415,10.46,37.561,28.452,19.024,21.339,1.463,5.439,4.146,5.021,9.512,9.205
02B5F,02,B,12,308.0,0.0,17.857,17.195,12.662,8.597,34.416,30.317,22.403,23.529,2.922,5.43,1.623,4.525,8.117,10.407
02B5G,02,B,12,415.0,0.0,14.699,16.964,11.084,8.929,36.386,30.357,16.867,23.661,2.892,5.357,5.542,4.464,12.53,10.268
02B5H,02,B,12,338.0,0.0,21.598,18.972,12.426,8.3,24.26,29.249,24.852,22.925,3.55,6.324,2.367,4.743,10.947,9.486
02B5J,02,B,12,281.0,0.0,14.591,17.48,8.185,8.943,37.011,29.268,17.082,23.171,3.559,5.691,2.491,3.659,17.082,11.789
02B5K,02,B,12,258.0,0.0,17.054,17.413,10.078,8.458,32.171,30.846,19.38,23.383,4.264,5.473,4.651,4.478,12.403,9.95
02B5L,02,B,12,527.0,0.0,12.144,17.573,13.283,8.787,40.038,30.126,18.406,24.268,2.467,5.439,3.795,3.347,9.867,10.46
02B5M,02,B,12,388.0,0.0,15.979,18.227,11.082,8.867,37.113,31.034,19.588,22.167,1.546,5.911,3.351,4.926,11.34,8.867
02B5N,02,B,12,278.0,0.0,9.712,18.023,11.511,8.721,36.691,31.395,23.741,22.674,1.799,5.233,3.237,4.651,13.309,9.302
02B5P,02,B,12,339.0,0.0,8.85,17.431,8.555,8.257,42.478,30.275,21.239,23.394,0.59,5.505,3.245,4.587,15.044,10.55
02B5Q,02,B,12,317.0,0.0,10.726,17.593,16.088,9.259,37.539,29.63,18.297,23.148,5.363,6.481,3.785,4.167,8.202,9.722
02B5R,02,B,12,406.0,0.0,12.315,17.391,10.345,9.179,37.931,29.952,21.182,23.671,1.232,6.28,4.433,4.348,12.562,9.179
02B5S,02,B,12,418.0,0.0,11.483,18.026,13.397,8.584,36.842,31.76,19.139,21.888,3.828,5.579,3.828,4.721,11.483,9.442
02B5T,02,B,12,353.0,0.0,11.048,18.232,12.465,8.84,39.377,31.492,19.83,23.204,1.416,5.525,6.799,3.867,9.065,8.84
02B5U,02,B,12,348.0,0.0,10.345,18.577,12.644,9.091,34.483,30.83,26.149,21.344,2.874,5.929,1.437,5.138,12.069,9.091
02B5V,02,B,12,311.0,0.0,14.791,18.579,11.254,8.743,36.013,31.694,18.65,22.404,3.215,5.464,6.752,4.372,9.325,8.743
02B5W,02,B,12,323.0,0.0,11.765,18.41,10.526,8.787,38.08,31.799,18.885,21.757,4.644,5.439,2.167,4.603,13.932,9.205
02B5X,02,B,12,269.0,0.0,13.755,17.467,15.613,7.86,27.881,31.441,23.048,24.017,3.717,5.24,3.346,3.93,12.639,10.044
02B5Y,02,B,12,297.0,0.0,13.131,16.883,13.468,7.792,32.323,32.468,24.579,23.377,3.367,6.494,3.704,3.896,9.428,9.091
02B5Z,02,B,12,272.0,0.0,11.397,16.972,12.5,7.798,35.294,32.11,22.059,23.394,1.103,6.422,4.412,3.67,13.235,9.633
02B6A,02,B,13,456.0,0.0,14.474,17.413,26.754,10.448,31.36,29.851,9.649,21.891,4.605,6.965,7.675,4.975,5.482,8.458
02B6AA,02,B,13,485.0,0.0,13.402,18.248,9.897,9.489,42.062,29.927,19.381,21.168,2.268,6.204,4.33,5.474,8.66,9.489
02B6AB,02,B,13,278.0,0.0,13.309,18.041,16.906,9.278,37.05,30.412,11.511,21.649,2.518,6.186,7.554,5.155,11.151,9.278
02B6B,02,B,13,288.0,0.0,21.875,17.416,21.875,10.112,25.347,30.337,11.111,21.91,5.903,6.742,7.292,5.056,6.597,8.427
02B6C,02,B,13,346.0,0.0,10.116,17.416,18.208,10.112,41.908,30.337,12.428,21.91,2.312,6.742,5.202,5.056,9.827,8.427
02B6D,02,B,13,236.0,0.0,16.102,18.182,11.864,9.091,27.966,30.622,21.61,22.01,4.237,5.742,6.356,4.306,11.864,10.048
02B6E,02,B,13,319.0,0.0,10.031,17.778,10.345,9.444,38.245,31.111,18.495,22.222,1.881,6.111,3.762,4.444,17.241,8.889
02B6F,02,B,13,234.0,0.0,9.829,17.614,10.256,9.659,45.726,30.114,20.085,22.159,3.419,6.818,2.137,5.114,8.547,8.523
02B6G,02,B,13,474.0,0.0,12.447,18.229,15.823,8.854,40.295,30.729,14.557,22.396,1.899,5.729,5.907,4.688,9.072,9.375
02B6H,02,B,13,376.0,0.0,9.574,17.904,6.117,9.17,46.543,30.568,22.606,22.271,1.596,5.677,3.723,4.367,9.84,10.044
02B6J,02,B,13,353.0,0.0,11.331,17.453,13.031,8.962,38.244,31.132,21.53,23.585,1.983,5.66,2.833,4.245,11.048,8.962
02B6K,02,B,13,350.0,0.0,13.429,17.621,17.143,9.251,27.429,30.837,25.429,23.789,3.143,5.727,1.714,4.405,11.714,8.37
02B6L,02,B,13,298.0,0.0,12.081,17.413,10.738,8.458,41.611,31.841,21.141,22.388,1.342,5.473,6.04,4.478,7.047,9.95
02B6M,02,B,13,343.0,0.0,11.662,17.714,6.997,8.0,45.773,32.0,17.201,22.857,1.749,5.143,3.499,4.571,13.12,9.714
02B6N,02,B,13,443.0,0.0,14.898,17.834,7.675,8.917,47.404,30.573,11.738,22.93,0.903,5.732,6.546,4.459,10.835,9.554
02B6P,02,B,13,335.0,0.0,15.224,18.966,12.537,7.759,35.522,31.897,20.0,22.414,2.985,5.172,2.687,3.879,11.045,9.914
02B6Q,02,B,13,201.0,0.0,12.935,18.497,9.95,8.092,38.806,31.214,14.428,22.543,7.463,5.78,4.478,4.046,11.94,9.827
02B6R,02,B,13,306.0,0.0,13.399,18.182,11.111,8.081,39.869,31.818,20.261,23.737,1.307,5.051,2.614,4.04,11.438,9.091
02B6S,02,B,13,347.0,0.0,13.256,17.964,8.934,7.784,39.769,32.335,21.037,23.353,2.305,5.389,3.746,4.192,10.951,8.982
02B6T,02,B,13,267.0,0.0,11.61,17.582,6.367,7.692,38.577,32.418,24.345,23.626,2.996,6.044,3.371,3.846,12.734,8.791
02B6U,02,B,13,247.0,0.0,12.955,17.486,8.097,8.197,40.891,31.694,24.291,22.404,0.81,5.464,3.239,4.918,9.717,9.836
02B6V,02,B,13,330.0,0.0,11.515,18.28,5.758,8.065,42.424,32.258,22.727,22.581,1.515,5.376,3.03,4.301,13.03,9.14
02B6W,02,B,13,223.0,0.0,6.278,18.367,11.659,8.163,40.807,31.633,26.009,22.449,0.897,5.102,3.139,4.592,11.211,9.694
02B6X,02,B,13,293.0,0.0,9.556,17.371,10.922,8.451,43.686,32.394,15.358,22.535,3.413,5.164,5.461,4.695,11.604,9.39
02B6Y,02,B,13,307.0,0.0,10.749,17.964,7.818,8.383,41.042,31.737,23.453,22.754,2.932,5.389,3.909,4.192,10.098,9.581
02B6Z,02,B,13,251.0,0.0,7.968,17.766,8.765,8.629,40.637,31.98,23.904,22.335,2.789,5.076,2.789,4.569,13.147,9.645
02W101,02,W,8,370.0,1058.0,23.514,27.975,22.162,12.735,18.649,20.668,14.324,17.537,5.676,7.307,4.054,5.219,11.622,8.559
02W102,02,W,8,348.0,1208.0,21.264,26.824,22.126,14.201,21.839,18.738,11.782,17.751,7.184,9.862,4.023,4.142,11.782,8.481
02W103,02,W,8,299.0,1034.0,24.749,26.651,30.769,14.387,12.709,16.745,13.043,16.038,4.682,9.198,2.676,7.075,11.371,9.906
02W104,02,W,8,207.0,713.0,25.121,28.188,25.121,14.43,24.155,14.43,9.662,16.107,3.382,7.383,5.797,8.725,6.763,10.738
02W105,02,W,8,298.0,1020.0,16.107,27.889,23.826,13.065,15.772,19.095,21.812,17.337,6.376,10.553,3.691,3.769,12.416,8.291
02W106,02,W,8,373.0,1460.0,16.354,29.828,22.52,13.305,26.273,15.88,20.107,17.382,3.753,10.515,2.949,4.077,8.043,9.013
02W107,02,W,8,228.0,610.0,19.737,26.087,18.421,8.075,33.772,24.845,13.596,19.255,2.193,5.59,6.14,2.484,6.14,13.665
02W108,02,W,8,236.0,752.0,17.373,20.543,22.881,11.24,27.542,31.008,7.203,16.667,3.39,3.876,10.169,6.589,11.441,10.078
02W109,02,W,8,487.0,1182.0,17.454,20.305,12.936,9.137,37.577,36.041,21.355,16.92,1.848,4.399,1.437,5.584,7.392,7.614
02W110,02,W,8,357.0,1084.0,15.126,19.746,13.725,7.246,37.815,38.587,17.927,16.486,2.241,4.891,4.482,4.529,8.683,8.514
02W111,02,W,8,437.0,1113.0,14.874,25.0,9.84,7.422,36.384,29.102,24.943,19.727,4.577,6.25,2.288,2.734,7.094,9.766
02W112,02,W,8,455.0,1297.0,16.264,19.904,10.549,6.21,33.846,34.395,23.956,18.949,3.516,6.529,3.077,3.503,8.791,10.51
02W113,02,W,8,401.0,945.0,17.207,17.078,11.97,5.144,40.898,38.889,18.703,21.193,0.998,4.115,3.741,3.704,6.484,9.877
02W114,02,W,8,335.0,805.0,14.627,15.935,10.149,5.312,39.403,39.723,19.104,20.323,1.791,4.388,4.776,3.695,10.149,10.624
02W115,02,W,8,352.0,814.0,15.625,19.465,7.386,4.866,41.477,38.443,22.443,22.384,0.568,2.19,1.42,2.676,11.08,9.976
02W116,02,W,8,421.0,1015.0,15.202,17.383,10.214,5.421,35.154,39.252,23.99,20.935,4.038,4.486,3.325,3.551,8.076,8.972
02W117,02,W,8,422.0,1044.0,13.27,16.399,8.768,5.704,37.915,38.859,24.408,21.569,3.791,4.813,2.133,3.387,9.716,9.269
02W118,02,W,8,263.0,670.0,15.97,21.833,14.449,9.704,31.559,32.345,22.433,13.747,3.042,4.852,1.901,7.547,10.646,9.973
02W119,02,W,8,352.0,823.0,14.205,18.925,11.08,4.907,36.648,38.551,23.011,19.159,2.841,3.738,3.693,3.972,8.523,10.748
02W120,02,W,8,337.0,802.0,14.54,19.431,16.32,4.739,34.718,38.152,20.772,22.275,2.671,2.133,1.78,2.607,9.199,10.664
02W121,02,W,8,373.0,855.0,16.086,18.987,12.064,5.907,32.976,35.443,20.375,20.886,1.877,3.797,3.217,3.797,13.405,11.181
02W122,02,W,8,405.0,1025.0,14.321,19.4,9.136,5.82,40.494,35.626,23.457,21.34,2.222,3.527,2.222,3.527,8.148,10.758
02W123,02,W,8,289.0,714.0,18.685,17.918,10.035,6.78,38.062,36.32,16.955,19.128,2.422,3.874,4.152,3.874,9.689,12.107
02W124,02,W,8,557.0,1284.0,16.697,18.994,10.952,8.101,40.575,37.989,16.517,18.575,4.488,4.888,2.154,3.212,8.618,8.24
02W125,02,W,8,611.0,1321.0,12.93,17.678,9.984,8.179,49.755,37.731,18.167,18.734,1.473,5.013,1.637,2.902,6.056,9.763
02W126,02,W,8,425.0,903.0,15.765,20.943,9.647,7.736,40.0,36.415,19.529,17.17,1.412,4.151,3.059,4.34,10.588,9.245
02W127,02,W,8,330.0,850.0,14.545,20.312,9.394,6.92,42.121,36.607,18.182,18.527,3.03,3.795,2.727,4.688,10.0,9.152
02W128,02,W,8,430.0,1213.0,13.953,18.429,7.907,4.487,44.419,37.821,20.465,21.474,1.628,3.365,2.558,3.686,9.07,10.737
02W129,02,W,8,498.0,1223.0,17.871,23.355,17.068,12.171,38.554,28.783,10.843,10.855,2.008,5.757,6.024,9.375,7.631,9.704
02W201,02,W,9,379.0,854.0,10.554,14.046,11.873,6.709,39.314,32.914,23.219,25.577,2.111,3.983,2.111,3.145,10.818,13.627
02W202,02,W,9,464.0,1057.0,9.698,14.778,6.034,4.926,35.129,35.961,32.543,25.287,2.802,3.941,1.509,2.135,12.284,12.972
02W203,02,W,9,376.0,892.0,10.372,15.587,6.383,4.251,32.181,35.223,34.84,24.291,1.862,3.846,1.862,2.024,12.5,14.777
02W204,02,W,9,395.0,1024.0,9.873,14.09,7.089,6.067,44.557,32.681,26.076,26.614,2.785,2.348,1.266,2.348,8.354,15.851
02W205,02,W,9,402.0,997.0,12.935,14.118,5.721,5.882,35.821,32.941,27.861,27.647,2.736,2.353,1.244,1.961,13.682,15.098
02W206,02,W,9,398.0,945.0,11.809,14.481,10.302,5.479,36.181,31.507,27.889,29.354,1.005,3.523,2.764,1.566,10.05,14.09
02W207,02,W,9,557.0,1338.0,13.645,14.642,8.079,6.542,39.677,32.243,23.16,25.078,2.873,4.829,1.616,2.492,10.952,14.174
02W208,02,W,9,502.0,1115.0,14.143,16.431,12.351,6.007,39.044,35.336,23.307,23.675,1.992,2.827,2.191,2.473,6.972,13.251
02W209,02,W,9,414.0,1121.0,11.594,15.458,11.594,4.771,35.266,34.542,22.222,25.573,2.174,3.626,2.899,2.29,14.251,13.74
02W210,02,W,9,381.0,1107.0,11.549,16.225,9.974,4.47,37.008,31.291,28.084,27.152,2.625,4.636,1.575,2.483,9.186,13.742
02W211,02,W,9,421.0,1102.0,14.252,16.225,10.214,4.801,32.542,33.94,27.316,24.338,2.138,4.139,1.663,3.146,11.876,13.411
02W212,02,W,9,412.0,905.0,11.408,16.042,7.282,5.0,43.932,36.458,25.485,21.875,1.699,3.958,1.699,3.125,8.495,13.542
02W213,02,W,9,408.0,1097.0,13.48,16.14,13.725,4.737,34.069,35.789,25.735,24.211,3.186,5.088,2.451,2.456,7.353,11.579
02W214,02,W,9,290.0,922.0,16.207,18.617,18.276,7.447,29.655,27.66,22.759,26.33,1.379,5.053,2.414,2.128,9.31,12.766
02W215,02,W,9,321.0,890.0,16.199,21.875,29.595,9.375,14.953,20.312,22.741,29.375,2.804,3.125,0.935,1.875,12.773,14.062
02W216,02,W,9,432.0,840.0,15.046,21.465,4.63,6.313,33.102,29.545,31.019,23.99,3.009,5.556,1.389,2.778,11.806,10.354
02W217,02,W,9,403.0,1041.0,14.888,16.517,9.926,4.129,40.199,39.497,22.829,24.596,0.993,3.052,2.978,3.232,8.189,8.977
02W218,02,W,9,567.0,1153.0,10.406,17.028,11.111,4.341,42.152,39.566,22.751,23.539,1.94,3.172,2.998,3.005,8.642,9.349
02W219,02,W,9,363.0,930.0,16.804,17.284,13.499,5.35,36.364,36.831,21.763,23.251,1.377,3.292,1.102,2.675,9.091,11.317
02W220,02,W,9,454.0,1116.0,11.454,16.667,9.471,4.206,39.868,39.564,24.89,22.897,2.863,3.271,1.982,2.804,9.471,10.592
02W221,02,W,9,323.0,899.0,13.003,15.493,7.121,4.93,37.152,31.69,28.793,28.404,2.477,3.521,1.858,2.113,9.598,13.85
02W222,02,W,9,462.0,1092.0,12.554,19.089,12.121,6.291,35.065,31.02,25.325,25.38,2.165,4.338,1.515,2.386,11.255,11.497
02W223,02,W,9,229.0,833.0,7.86,20.312,20.524,6.875,24.017,29.375,24.454,22.812,2.62,4.688,1.31,2.5,19.214,13.438
02W224,02,W,9,370.0,919.0,17.568,17.46,9.189,6.151,40.811,36.905,19.73,20.437,3.514,4.762,1.622,3.77,7.568,10.516
02W225,02,W,9,292.0,699.0,18.493,17.391,9.589,6.25,33.904,36.413,22.603,20.109,4.452,4.62,3.767,3.804,7.192,11.413
02W226,02,W,9,550.0,1292.0,14.364,17.496,11.636,5.405,37.091,37.411,22.727,19.63,1.636,5.121,3.455,4.125,9.091,10.811
02W301,02,W,10,506.0,1089.0,13.043,18.78,8.3,4.173,42.885,35.634,22.332,23.114,1.581,3.05,2.964,3.371,8.893,11.878
02W302,02,W,10,548.0,1201.0,15.511,18.721,14.964,7.332,42.701,34.945,15.146,19.657,1.825,4.212,2.737,3.744,7.117,11.388
02W303,02,W,10,448.0,1175.0,13.839,20.958,10.045,7.335,35.268,33.234,23.438,20.808,3.571,4.641,2.455,4.192,11.384,8.832
02W304,02,W,10,464.0,1091.0,12.931,21.134,9.483,7.56,43.75,32.474,22.414,20.619,0.862,4.983,3.017,4.296,7.543,8.935
02W305,02,W,10,468.0,1096.0,15.385,18.166,7.051,5.263,41.453,37.521,23.932,22.75,1.709,3.735,1.923,3.056,8.547,9.508
02W306,02,W,10,422.0,1029.0,15.64,18.087,11.848,7.304,34.597,35.13,22.038,21.565,4.976,5.043,2.607,2.957,8.294,9.913
02W307,02,W,10,246.0,808.0,17.886,23.295,21.545,7.386,26.829,25.568,18.699,22.727,3.659,6.534,1.22,2.273,10.163,12.216
02W308,02,W,10,392.0,1195.0,19.133,26.695,23.469,11.864,22.449,17.373,16.837,17.161,7.143,12.924,2.041,3.602,8.929,10.381
02W309,02,W,10,252.0,801.0,17.857,26.537,19.444,11.974,27.381,21.036,16.667,19.094,3.571,7.12,2.381,4.207,12.698,10.032
02W310,02,W,10,420.0,1231.0,23.095,28.51,21.429,12.959,23.571,17.495,15.238,14.903,6.429,12.743,2.143,4.104,8.095,9.287
02W311,02,W,10,420.0,1168.0,23.095,25.0,23.333,10.0,22.619,22.5,13.571,17.292,6.19,9.792,3.333,3.75,7.857,11.667
02W312,02,W,10,268.0,763.0,17.537,28.105,24.627,13.399,20.522,15.033,15.672,14.706,4.104,14.706,2.612,3.922,14.925,10.131
02W313,02,W,10,258.0,826.0,23.643,27.451,27.132,11.765,15.116,19.281,13.566,16.013,8.14,10.131,1.55,4.248,10.853,11.111
02W314,02,W,10,327.0,1182.0,24.465,30.752,33.945,17.035,10.703,11.726,15.596,12.611,3.058,11.947,2.446,5.31,9.786,10.619
02W315,02,W,10,260.0,948.0,23.077,29.167,19.615,13.782,18.846,15.385,18.077,17.949,4.615,9.936,2.308,3.846,13.462,9.936
02W316,02,W,10,318.0,1205.0,22.956,27.7,29.245,13.615,10.692,16.197,20.126,18.779,5.975,9.624,1.258,3.991,9.748,10.094
02W317,02,W,10,434.0,1258.0,11.751,18.609,11.29,6.609,28.341,27.478,33.18,26.957,2.074,4.0,1.613,1.913,11.751,14.435
02W318,02,W,10,280.0,919.0,17.5,23.467,11.429,7.2,29.643,26.667,27.857,20.533,0.357,4.533,1.429,4.0,11.786,13.6
02W319,02,W,10,431.0,948.0,13.457,18.941,10.905,4.888,32.251,32.383,28.538,24.236,1.392,2.851,1.624,1.222,11.833,15.479
02W320,02,W,10,363.0,1033.0,12.121,16.828,13.499,4.062,31.405,32.882,28.375,26.886,2.755,3.482,1.377,1.161,10.468,14.7
02W321,02,W,10,379.0,908.0,11.609,16.859,13.193,5.774,24.011,28.406,34.828,28.176,4.485,3.926,0.792,1.617,11.082,15.242
02W322,02,W,10,304.0,981.0,19.079,19.486,14.803,4.711,23.026,29.122,25.658,28.051,4.276,2.998,0.987,1.713,12.171,13.919
02W323,02,W,10,471.0,1113.0,13.588,20.04,10.828,4.656,33.333,27.328,25.902,28.138,2.123,3.036,2.548,1.417,11.677,15.385
02W324,02,W,10,512.0,1134.0,13.477,18.286,9.57,8.571,34.766,31.619,31.445,22.095,1.562,4.571,0.977,2.476,8.203,12.381
02W325,02,W,10,387.0,1111.0,15.245,18.182,20.672,7.737,26.098,30.754,19.897,21.663,2.584,5.803,1.55,2.708,13.953,13.153
02W326,02,W,10,496.0,1078.0,14.315,17.352,9.073,4.472,35.282,34.347,28.226,28.086,1.411,2.504,1.411,2.326,10.282,10.912
02W327,02,W,10,342.0,879.0,13.45,15.152,7.018,4.242,35.673,35.96,26.023,27.273,1.17,2.626,3.216,2.222,13.45,12.525
02W401,02,W,11,340.0,1117.0,17.059,19.069,18.235,6.652,11.765,10.2,27.353,37.029,11.471,13.969,3.235,3.991,10.882,9.091
02W402,02,W,11,440.0,1107.0,19.545,19.258,24.773,10.601,11.364,7.774,22.727,35.159,12.727,16.254,2.955,3.357,5.909,7.597
02W403,02,W,11,329.0,1244.0,22.188,21.026,16.717,7.947,13.374,7.45,23.708,35.927,10.334,15.232,3.951,2.815,9.726,9.603
02W404,02,W,11,376.0,1071.0,20.745,20.947,21.011,8.015,10.904,12.386,20.213,28.233,13.564,14.754,2.926,3.097,10.638,12.568
02W405,02,W,11,323.0,869.0,17.337,21.296,18.266,8.565,18.885,10.88,24.768,33.102,5.573,15.046,5.573,3.241,9.598,7.87
02W406,02,W,11,385.0,979.0,17.143,20.513,16.883,8.12,20.519,13.462,21.299,27.564,10.909,14.53,2.078,3.419,11.169,12.393
02W407,02,W,11,294.0,783.0,15.646,21.343,15.646,7.914,27.211,16.787,21.429,29.496,5.442,11.271,2.721,4.317,11.905,8.873
02W408,02,W,11,302.0,856.0,15.894,21.752,13.576,11.178,28.146,16.012,19.536,21.45,3.974,12.085,6.291,6.949,12.583,10.574
02W409,02,W,11,331.0,1051.0,20.544,22.091,20.242,13.215,21.45,16.371,16.918,22.682,8.157,9.862,2.417,4.734,10.272,11.045
02W410,02,W,11,437.0,1024.0,13.043,18.972,17.391,14.032,34.325,25.692,16.705,16.798,4.348,9.684,5.721,6.522,8.467,8.3
02W411,02,W,11,435.0,1129.0,20.0,20.804,20.69,7.343,17.471,14.86,23.218,31.469,6.667,12.238,3.448,3.846,8.506,9.441
02W412,02,W,11,393.0,1059.0,13.74,19.874,15.522,7.413,24.936,22.082,25.7,27.76,6.616,8.991,2.036,3.312,11.45,10.568
02W413,02,W,11,351.0,915.0,16.239,19.209,10.826,8.475,29.63,24.105,25.641,25.8,4.843,9.04,2.564,3.202,10.256,10.169
02W414,02,W,11,315.0,941.0,18.413,19.713,12.381,8.624,30.476,22.793,17.778,23.819,4.127,7.392,4.127,5.955,12.698,11.704
02W415,02,W,11,465.0,1145.0,15.054,20.086,14.624,8.321,23.871,18.938,24.301,27.69,9.462,9.613,2.796,4.161,9.892,11.191
02W416,02,W,11,475.0,1297.0,16.421,19.594,19.158,7.983,20.632,14.514,24.421,30.914,5.895,14.659,1.684,2.758,11.789,9.579
02W417,02,W,11,390.0,1046.0,13.59,18.727,17.949,11.818,24.103,18.909,25.385,24.909,5.385,9.455,3.077,2.545,10.513,13.636
02W418,02,W,11,340.0,1153.0,17.941,21.523,24.412,7.947,10.0,9.106,20.294,34.437,15.294,15.397,1.471,2.152,10.588,9.437
02W419,02,W,11,425.0,1283.0,16.706,18.555,22.353,10.673,14.824,11.987,23.059,28.407,10.588,16.42,2.353,4.598,10.118,9.36
02W420,02,W,11,257.0,776.0,15.175,21.602,26.07,11.165,11.284,7.282,16.342,25.728,12.451,18.689,3.891,4.854,14.786,10.68
02W421,02,W,11,286.0,924.0,17.133,20.39,22.727,12.148,16.783,11.714,16.084,26.681,12.587,12.581,2.098,5.64,12.587,10.846
02W422,02,W,11,294.0,816.0,15.306,20.376,23.129,11.912,21.769,11.599,15.646,26.959,6.463,12.853,7.143,5.643,10.544,10.658
02W423,02,W,11,365.0,1097.0,16.164,17.706,17.26,10.262,16.986,9.054,18.356,29.779,12.877,17.505,3.562,4.024,14.795,11.67
02W424,02,W,11,315.0,855.0,18.73,20.079,22.222,7.874,19.048,16.929,18.095,28.74,10.159,9.646,2.222,3.543,9.524,13.189
02W425,02,W,11,462.0,1160.0,12.987,18.316,12.554,4.947,30.303,27.005,24.892,25.401,4.329,3.342,3.247,6.551,11.688,14.439
02W426,02,W,11,441.0,1130.0,16.1,15.455,9.751,7.091,31.519,26.0,24.263,25.818,3.855,7.273,2.721,4.364,11.791,14.0
02W427,02,W,11,340.0,1047.0,15.294,16.908,17.059,7.246,25.588,18.599,22.353,26.087,7.353,13.285,2.059,2.415,10.294,15.459
02W501,02,W,12,355.0,922.0,13.239,15.543,12.113,6.18,33.803,26.404,20.0,26.217,6.761,4.682,1.408,3.933,12.676,17.041
02W502,02,W,12,433.0,1270.0,14.088,16.641,14.319,6.009,29.792,26.502,23.788,22.496,6.928,9.553,1.155,4.16,9.931,14.638
02W503,02,W,12,416.0,1218.0,12.26,16.978,9.615,7.009,27.885,20.561,24.279,26.48,9.615,8.1,4.087,3.583,12.26,17.29
02W504,02,W,12,409.0,1059.0,14.914,19.406,11.98,8.741,27.384,27.098,24.939,21.678,5.134,6.643,2.689,4.021,12.958,12.413
02W505,02,W,12,513.0,1236.0,19.688,20.0,10.721,8.906,35.088,29.688,16.569,20.156,3.899,5.0,3.509,4.688,10.526,11.562
02W506,02,W,12,434.0,1123.0,13.364,15.894,8.756,6.623,31.567,27.152,23.502,25.993,5.991,5.629,3.226,3.311,13.594,15.397
02W507,02,W,12,381.0,1206.0,13.648,16.467,9.186,7.036,33.858,27.395,23.36,25.898,6.037,6.587,2.625,2.695,11.286,13.922
02W508,02,W,12,403.0,1261.0,17.618,20.707,9.926,8.418,26.303,18.013,22.084,29.125,9.677,7.239,2.978,4.377,11.414,12.121
02W509,02,W,12,425.0,1009.0,13.647,14.134,11.294,6.36,32.941,26.325,22.824,28.269,4.941,7.42,2.353,1.767,12.0,15.724
02W510,02,W,12,284.0,930.0,16.197,17.213,9.859,8.402,32.042,22.951,22.887,26.844,3.521,5.328,3.169,4.303,12.324,14.959
02W511,02,W,12,283.0,792.0,16.608,17.288,10.247,8.475,37.809,23.39,17.314,27.119,1.413,5.424,2.12,4.068,14.488,14.237
02W512,02,W,12,414.0,934.0,10.87,14.629,9.903,6.814,28.744,26.653,28.019,28.257,6.28,6.413,3.382,2.806,12.802,14.429
02W513,02,W,12,486.0,1200.0,15.021,16.914,5.35,6.677,37.243,31.009,24.897,23.887,3.498,5.341,2.675,2.819,11.317,13.353
02W514,02,W,12,379.0,968.0,14.248,16.85,10.554,6.593,34.301,31.502,23.483,23.443,3.43,4.945,1.847,3.48,12.137,13.187
02W515,02,W,12,358.0,1025.0,10.894,15.052,9.497,6.228,35.754,29.066,24.022,24.221,2.793,5.709,3.631,3.46,13.408,16.263
02W516,02,W,12,341.0,987.0,13.196,17.34,12.903,6.176,29.032,19.715,25.806,28.504,5.865,7.363,4.106,4.276,9.091,16.627
02W517,02,W,12,465.0,1233.0,9.462,17.324,9.462,4.631,33.118,30.36,24.731,26.587,3.871,5.832,3.226,1.887,16.129,13.379
02W518,02,W,12,366.0,1194.0,9.563,15.538,11.202,7.846,31.967,30.615,26.23,22.615,4.372,4.308,4.098,5.385,12.568,13.692
02W519,02,W,12,394.0,1017.0,14.213,16.842,11.675,5.439,33.756,28.772,22.335,27.018,4.569,5.965,3.553,2.456,9.898,13.509
02W520,02,W,12,496.0,1211.0,12.298,15.515,11.492,6.629,29.435,26.798,24.597,26.234,5.242,6.206,3.427,3.526,13.508,15.092
02W521,02,W,12,384.0,1027.0,13.021,16.33,11.458,7.523,35.677,28.44,20.312,24.404,6.25,5.138,3.646,5.138,9.635,13.028
02W522,02,W,12,401.0,1180.0,9.975,12.583,8.479,4.967,31.671,25.331,28.429,29.47,5.985,7.781,2.494,1.821,12.968,18.046
02W523,02,W,12,405.0,1044.0,15.556,15.245,8.889,7.623,30.123,26.86,23.951,26.679,5.926,5.989,1.728,3.267,13.827,14.338
02W524,02,W,12,360.0,1029.0,16.667,16.728,12.5,6.066,26.667,25.184,21.667,26.471,8.889,8.088,1.944,2.022,11.667,15.441
02W525,02,W,12,402.0,990.0,8.706,14.801,13.184,6.831,32.338,25.047,22.886,27.135,4.229,5.882,3.234,3.416,15.423,16.888
02W526,02,W,12,490.0,1160.0,12.245,16.766,11.224,6.083,36.327,32.196,22.449,23.294,2.041,2.967,4.286,4.748,11.429,13.947
02W601,02,W,13,559.0,1306.0,18.068,20.432,25.581,16.113,28.444,21.429,6.44,16.944,3.399,10.797,10.018,8.638,8.05,5.648
02W602,02,W,13,408.0,884.0,20.833,21.186,24.755,16.525,24.02,19.915,13.235,17.373,4.412,11.653,6.618,8.263,6.127,5.085
02W603,02,W,13,435.0,1097.0,13.103,17.299,17.471,14.455,40.92,27.488,10.805,14.929,2.529,7.346,3.908,10.19,11.264,8.294
02W604,02,W,13,315.0,1003.0,16.19,16.383,20.635,8.723,19.048,18.085,18.413,23.404,12.698,15.957,1.905,2.553,11.111,14.894
02W605,02,W,13,434.0,1217.0,13.825,15.331,8.986,7.317,33.41,22.997,19.585,25.087,7.143,10.453,4.147,3.136,12.903,15.679
02W606,02,W,13,274.0,778.0,10.219,13.861,5.474,6.188,41.606,26.98,21.898,25.743,2.19,5.198,5.839,3.465,12.774,18.564
02W607,02,W,13,408.0,849.0,13.235,17.726,15.686,8.361,42.647,29.097,11.765,24.749,0.98,4.682,4.412,3.679,11.275,11.706
02W608,02,W,13,427.0,1178.0,12.178,14.798,6.792,4.829,36.066,33.489,22.717,25.389,4.215,3.583,3.044,2.492,14.988,15.421
02W609,02,W,13,409.0,1097.0,13.203,17.696,11.98,7.513,34.23,27.212,23.227,24.374,4.156,7.012,3.423,2.003,9.78,14.19
02W610,02,W,13,562.0,1247.0,13.345,18.316,14.413,8.567,26.868,26.883,26.335,24.077,3.559,5.908,3.381,3.102,12.1,13.146
02W611,02,W,13,380.0,952.0,15.526,16.792,7.368,5.283,35.789,34.151,22.895,23.019,4.474,4.34,3.421,4.151,10.526,12.264
02W612,02,W,13,387.0,1037.0,11.111,15.993,10.594,5.272,32.558,33.392,27.649,23.374,2.326,4.218,2.842,3.163,12.92,14.587
02W613,02,W,13,416.0,1177.0,11.298,16.73,10.337,4.563,40.385,30.798,17.548,23.954,1.683,4.563,7.212,1.901,11.538,17.49
02W614,02,W,13,501.0,1193.0,15.968,15.234,12.375,7.24,27.345,26.094,25.15,27.149,3.593,4.827,3.792,3.469,11.776,15.988
02W615,02,W,13,260.0,733.0,6.538,12.147,11.538,5.65,30.0,27.401,24.231,27.401,8.846,6.497,3.846,3.107,15.0,17.797
02W616,02,W,13,493.0,1177.0,10.548,16.296,10.751,6.519,34.888,27.259,22.921,24.0,5.071,6.963,4.26,2.963,11.562,16.0
02W617,02,W,13,424.0,1130.0,11.085,14.959,8.019,7.154,37.264,29.431,27.358,26.016,4.481,4.715,2.123,3.415,9.67,14.309
02W618,02,W,13,375.0,968.0,13.867,15.789,9.067,6.628,37.6,25.731,23.733,27.68,2.933,7.602,2.133,2.339,10.667,14.23
02W619,02,W,13,310.0,818.0,9.032,12.84,9.355,4.938,37.097,36.543,23.871,24.938,4.194,3.21,2.258,3.21,14.194,14.321
02W620,02,W,13,352.0,1027.0,9.659,12.663,10.227,4.283,34.943,35.382,27.557,25.698,2.841,4.655,3.977,3.352,10.795,13.966
02W621,02,W,13,281.0,785.0,8.541,12.376,9.609,4.455,33.452,33.663,29.537,25.0,4.626,5.693,4.626,3.713,9.609,15.099
02W622,02,W,13,328.0,993.0,14.634,16.571,10.976,7.048,36.28,29.905,20.427,20.571,3.659,6.286,3.049,5.333,10.976,14.286
02W623,02,W,13,314.0,885.0,16.242,14.414,7.325,5.405,37.261,34.685,24.841,24.099,2.548,4.279,2.548,3.829,9.236,13.288
02W624,02,W,13,315.0,887.0,12.063,16.327,6.984,4.694,38.413,28.98,27.619,27.143,2.54,3.265,2.222,5.714,10.159,13.878
02W625,02,W,13,272.0,686.0,12.868,12.222,5.147,7.222,39.338,31.111,23.897,26.389,4.779,4.167,0.735,3.333,13.235,15.556
02W626,02,W,13,365.0,967.0,8.219,15.341,11.781,8.144,38.63,29.545,21.918,25.568,4.932,4.735,4.11,3.598,10.411,13.068
02W627,02,W,13,318.0,757.0,15.094,17.604,13.208,7.579,28.616,27.139,26.101,20.782,5.031,8.313,1.572,4.89,10.377,13.692
02W628,02,W,13,348.0,901.0,14.943,17.661,14.655,7.569,40.517,27.294,14.368,20.872,3.161,8.257,5.172,4.817,7.184,13.532
03B1A,03,B,14,639.0,0.0,16.588,21.957,26.291,16.739,18.466,8.913,14.085,23.043,8.451,15.0,3.443,4.13,12.676,10.217
03B1B,03,B,14,537.0,0.0,17.877,21.316,28.864,16.579,13.78,8.684,15.27,22.895,9.311,15.789,3.352,4.211,11.546,10.526
03B1C,03,B,14,467.0,0.0,18.201,19.023,28.266,13.368,6.852,6.17,14.561,24.679,18.63,20.051,2.57,4.113,10.921,12.596
03B1D,03,B,14,576.0,0.0,21.528,19.321,30.903,13.316,6.076,6.266,15.278,24.282,15.278,20.104,1.91,4.178,9.028,12.533
03B1E,03,B,14,339.0,0.0,20.059,20.058,28.614,13.372,5.31,6.686,11.799,23.547,18.289,21.221,3.245,3.779,12.684,11.337
03B1F,03,B,14,767.0,0.0,17.34,20.769,30.117,13.59,7.171,4.872,9.387,23.846,18.514,17.949,2.999,5.385,14.472,13.59
03B1G,03,B,14,695.0,0.0,19.856,20.244,34.82,14.634,4.604,7.073,11.223,23.415,17.122,19.512,1.871,4.146,10.504,10.976
03B1H,03,B,14,1259.0,0.0,17.554,20.103,38.443,17.869,12.073,9.107,11.358,21.134,9.214,19.072,3.495,5.498,7.863,7.216
03B1I,03,B,14,729.0,0.0,16.187,19.512,36.351,16.26,11.111,8.401,9.328,22.222,13.306,18.699,4.39,4.607,9.328,10.298
03B1K,03,B,14,921.0,0.0,16.178,18.824,43.105,17.176,7.926,9.176,10.532,21.647,10.315,18.353,3.583,4.941,8.36,9.882
03B1L,03,B,14,709.0,0.0,17.348,18.047,40.197,20.594,8.463,8.705,9.027,20.594,10.86,18.471,4.513,3.822,9.591,9.766
03B1M,03,B,14,868.0,0.0,16.935,19.391,39.286,18.006,8.756,8.587,10.484,21.053,10.138,19.391,4.493,4.709,9.908,8.864
03B1N,03,B,14,1013.0,0.0,16.486,23.324,39.388,20.391,13.919,9.358,9.279,16.201,9.279,17.737,4.442,5.866,7.206,7.123
03B2A,03,B,15,395.0,0.0,15.443,19.079,28.354,17.434,16.709,10.855,8.608,19.408,13.671,16.776,5.316,5.592,11.899,10.855
03B2B,03,B,15,650.0,0.0,19.385,18.72,31.538,17.299,9.385,10.427,10.462,19.668,13.385,18.246,3.385,5.687,12.462,9.953
03B2C,03,B,15,784.0,0.0,15.306,20.957,35.459,18.977,9.439,8.416,11.48,19.307,13.138,18.977,3.316,4.455,11.862,8.911
03B2D,03,B,15,977.0,0.0,17.912,19.413,40.942,21.445,13.204,11.061,7.369,17.607,8.086,16.027,5.22,5.643,7.267,8.804
03B2E,03,B,15,816.0,0.0,19.485,24.881,31.985,17.591,10.784,8.558,12.5,19.017,11.029,16.323,4.779,4.913,9.436,8.716
03B2F,03,B,15,829.0,0.0,17.732,20.155,35.706,20.413,13.028,11.628,10.977,19.38,8.323,15.245,6.755,5.685,7.479,7.494
03B2G,03,B,15,919.0,0.0,17.628,21.138,29.924,18.97,19.369,11.382,13.058,20.325,9.14,14.905,3.591,5.691,7.291,7.588
03B2H,03,B,15,1018.0,0.0,17.583,20.488,24.067,19.024,20.923,12.195,16.11,20.732,6.09,14.634,4.912,5.61,10.314,7.317
03B2I,03,B,15,877.0,0.0,20.525,21.32,25.77,18.274,15.849,11.506,13.341,20.812,8.096,14.89,4.561,5.076,11.859,8.122
03B2K,03,B,15,880.0,0.0,16.818,22.903,27.841,17.903,13.636,10.0,12.386,21.129,10.455,15.645,6.25,5.806,12.614,6.613
03B2L,03,B,15,809.0,0.0,20.89,21.101,30.902,18.043,17.182,11.774,11.743,19.419,7.417,17.89,4.45,5.352,7.417,6.422
03B2M,03,B,15,871.0,0.0,19.633,22.105,30.654,17.895,18.14,14.105,11.711,19.368,6.315,15.368,3.789,5.263,9.759,5.895
03B2N,03,B,15,508.0,0.0,13.78,22.164,28.15,17.942,21.26,13.984,14.764,19.525,5.709,15.303,6.102,5.277,10.236,5.805
03B3A,03,B,16,966.0,0.0,17.184,21.236,30.538,14.865,13.458,14.093,13.354,24.903,12.422,13.707,3.623,3.282,9.42,7.915
03B3B,03,B,16,824.0,0.0,20.146,21.661,25.0,14.44,18.325,16.245,14.32,24.729,9.83,11.011,3.641,3.61,8.738,8.303
03B3C,03,B,16,676.0,0.0,21.598,21.265,23.373,13.884,11.686,15.641,16.42,25.659,11.834,13.357,2.959,3.339,12.13,6.854
03B3D,03,B,16,1201.0,0.0,18.318,21.237,21.232,14.214,24.23,17.057,15.987,25.084,6.994,11.371,3.414,3.512,9.825,7.525
03B3E,03,B,16,775.0,0.0,18.065,20.189,21.161,13.88,17.161,15.773,17.161,25.079,9.806,13.407,4.516,3.47,12.129,8.202
03B3F,03,B,16,826.0,0.0,17.07,20.359,19.128,13.174,23.971,18.563,17.433,25.549,6.901,11.577,3.874,3.393,11.622,7.385
03B3G,03,B,16,886.0,0.0,16.253,21.337,25.734,14.083,23.025,20.341,16.591,24.609,4.402,8.962,4.966,4.125,9.029,6.543
03B3H,03,B,16,821.0,0.0,17.905,21.886,16.322,13.636,28.502,18.013,18.392,26.094,4.507,9.596,4.872,3.03,9.501,7.744
03B3I,03,B,16,782.0,0.0,16.752,21.357,18.542,14.07,28.389,19.724,15.985,22.236,4.859,9.799,3.197,4.146,12.276,8.668
03B3K,03,B,16,892.0,0.0,18.386,21.087,14.574,13.696,33.408,20.652,20.179,24.783,3.139,9.783,2.018,3.478,8.296,6.522
03B3L,03,B,16,1016.0,0.0,15.059,19.965,15.551,13.135,35.138,23.468,16.24,24.168,3.248,9.107,3.543,3.503,11.22,6.655
03B3M,03,B,16,792.0,0.0,17.045,21.124,15.404,13.483,30.934,20.225,15.909,25.393,4.04,10.112,3.914,3.146,12.753,6.517
03B4A,03,B,17,800.0,0.0,17.0,18.122,41.25,23.064,8.875,8.402,12.625,16.804,10.125,16.969,3.375,5.766,6.75,10.873
03B4B,03,B,17,1125.0,0.0,19.289,21.883,37.689,18.7,7.378,6.897,10.489,20.69,13.244,17.639,4.0,5.305,7.911,8.886
03B4C,03,B,17,907.0,0.0,20.617,21.925,28.666,18.182,13.671,9.893,13.01,21.123,8.49,16.31,4.961,3.476,10.584,9.091
03B4D,03,B,17,999.0,0.0,16.817,22.321,35.536,18.08,12.713,9.375,13.213,21.429,10.611,16.741,3.504,3.348,7.608,8.705
03B4E,03,B,17,731.0,0.0,16.826,20.074,23.94,15.056,13.68,10.781,19.973,24.907,8.071,15.613,2.736,2.788,14.774,10.781
03B4F,03,B,17,846.0,0.0,19.858,20.915,22.931,15.85,20.213,13.072,18.085,23.039,5.437,14.379,3.428,4.739,10.047,8.007
03B4G,03,B,17,691.0,0.0,15.485,22.249,22.865,15.789,18.813,12.201,17.366,23.445,8.973,13.397,3.907,3.589,12.59,9.33
03B4H,03,B,17,419.0,0.0,20.764,22.006,13.842,16.505,27.685,12.945,19.332,23.301,4.535,12.945,5.251,3.56,8.592,8.738
03B4I,03,B,17,484.0,0.0,19.628,20.807,28.099,14.286,13.017,9.317,18.388,25.466,6.818,16.46,2.066,3.727,11.983,9.938
03B4K,03,B,17,736.0,0.0,26.223,23.391,26.63,15.451,10.19,9.442,14.946,24.249,10.87,16.309,2.582,3.219,8.56,7.94
03B4L,03,B,17,344.0,0.0,21.802,21.242,25.291,14.706,6.977,9.477,20.64,25.817,12.209,16.667,3.198,3.595,9.884,8.497
03B5A,03,B,18,757.0,0.0,18.362,20.616,27.609,15.64,11.361,11.611,14.135,22.986,13.342,16.351,3.699,3.081,11.493,9.716
03B5B,03,B,18,992.0,0.0,17.54,21.053,33.972,16.247,11.593,10.984,14.516,22.197,9.778,16.247,4.335,3.432,8.266,9.84
03B5C,03,B,18,711.0,0.0,15.893,21.785,18.565,10.439,20.534,15.582,21.097,24.508,7.876,11.952,3.376,3.631,12.658,12.103
03B5D,03,B,18,752.0,0.0,17.819,22.593,19.548,10.185,22.34,13.889,17.021,26.852,6.383,13.148,1.995,3.148,14.894,10.185
03B5E,03,B,18,838.0,0.0,21.36,22.543,16.468,11.85,24.702,12.717,18.735,28.324,4.773,12.139,2.983,2.601,10.979,9.827
03B5F,03,B,18,888.0,0.0,19.032,22.202,20.158,12.274,17.793,15.162,18.018,26.534,8.671,12.455,3.491,2.347,12.838,9.025
03B5G,03,B,18,549.0,0.0,18.033,22.933,21.129,10.933,14.754,11.733,23.679,29.333,9.29,12.533,3.279,2.133,9.836,10.4
03B5H,03,B,18,846.0,0.0,16.43,20.0,17.612,12.481,24.941,18.346,20.213,25.865,6.265,11.278,3.073,2.256,11.466,9.774
03B5I,03,B,18,860.0,0.0,16.86,20.796,14.651,10.488,29.302,18.807,20.233,25.316,5.0,11.031,3.488,3.255,10.465,10.307
03B5K,03,B,18,870.0,0.0,17.471,23.626,20.0,11.355,25.977,18.864,16.207,24.725,4.943,7.143,3.793,5.678,11.609,8.608
03B5L,03,B,18,580.0,0.0,14.828,21.239,20.862,12.389,20.69,12.979,16.034,26.254,9.31,14.159,3.448,3.54,14.828,9.44
03B5M,03,B,18,648.0,0.0,15.432,21.656,20.37,12.739,28.704,13.376,14.815,26.752,3.549,14.331,4.784,3.503,12.346,7.643
03B6A,03,B,19,793.0,0.0,14.376,15.979,13.493,9.794,34.931,30.069,19.672,23.54,3.531,6.186,4.161,4.467,9.836,9.966
03B6B,03,B,19,807.0,0.0,12.515,19.495,11.772,9.633,41.388,31.651,17.472,19.725,2.23,4.587,3.098,5.046,11.524,9.862
03B6C,03,B,19,798.0,0.0,11.654,19.92,13.659,10.159,37.594,31.076,17.92,19.522,3.258,5.378,4.386,5.378,11.529,8.566
03B6D,03,B,19,526.0,0.0,15.209,18.778,12.357,10.407,39.544,30.317,16.54,19.683,2.471,6.335,4.373,5.43,9.506,9.05
03B6E,03,B,19,848.0,0.0,12.854,18.621,13.208,10.115,42.571,32.874,15.448,19.77,2.594,5.287,4.009,4.138,9.316,9.195
03B6F,03,B,19,376.0,0.0,9.574,18.699,12.234,10.027,43.883,31.978,14.894,20.054,2.394,5.149,5.319,4.607,11.702,9.485
03B6G,03,B,19,681.0,0.0,10.573,16.912,12.775,11.029,43.319,33.824,17.327,19.118,2.496,6.127,4.552,4.657,8.957,8.333
03B6H,03,B,19,642.0,0.0,13.707,17.986,15.732,9.832,37.072,33.573,17.134,19.424,2.96,5.755,4.829,5.036,8.567,8.393
03B6I,03,B,19,745.0,0.0,11.812,18.221,15.973,10.629,38.658,31.887,15.705,20.174,2.148,5.206,6.711,5.857,8.993,8.026
03B6K,03,B,19,790.0,0.0,13.797,17.687,13.671,10.204,35.316,33.787,22.025,20.181,2.532,4.308,2.532,5.669,10.127,8.163
03B6L,03,B,19,803.0,0.0,13.574,18.47,8.842,9.235,44.956,33.911,16.812,20.202,3.113,5.051,4.732,4.906,7.97,8.225
03B6M,03,B,19,722.0,0.0,12.188,18.527,14.266,11.161,39.612,32.589,17.729,19.42,2.909,5.134,4.986,5.804,8.31,7.366
03B6N,03,B,19,783.0,0.0,12.771,17.982,12.261,11.184,41.124,32.237,15.837,20.614,2.554,4.825,5.236,6.14,10.217,7.018
03B6P,03,B,19,642.0,0.0,14.33,18.621,11.215,11.264,40.81,32.414,13.24,19.54,2.648,5.287,7.632,5.977,10.125,6.897
03B7A,03,B,20,722.0,0.0,15.512,20.428,17.59,11.673,33.38,19.844,12.05,20.428,5.679,10.895,4.432,5.253,11.357,11.479
03B7B,03,B,20,752.0,0.0,14.229,20.151,19.016,11.335,27.261,20.403,16.223,21.662,5.585,10.327,4.388,4.786,13.298,11.335
03B7C,03,B,20,580.0,0.0,16.207,19.855,21.034,10.896,26.034,19.855,15.862,23.245,5.0,9.927,3.621,4.6,12.241,11.622
03B7D,03,B,20,577.0,0.0,17.331,20.333,15.078,10.721,26.17,21.811,18.024,21.811,7.799,9.242,3.64,5.176,11.958,10.906
03B7E,03,B,20,785.0,0.0,13.631,20.0,15.159,11.277,33.885,24.681,18.089,21.915,3.822,7.66,3.949,5.319,11.465,9.149
03B7F,03,B,20,769.0,0.0,16.515,19.473,15.345,10.548,28.869,24.138,21.977,24.341,4.291,7.911,2.601,4.26,10.403,9.331
03B7G,03,B,20,810.0,0.0,14.568,20.147,15.185,11.355,37.16,25.275,15.185,21.612,3.951,7.509,4.568,5.495,9.383,8.608
03B7H,03,B,20,817.0,0.0,11.138,19.665,12.607,10.669,39.657,24.268,18.115,24.686,2.448,7.95,6.242,4.184,9.792,8.577
03B7I,03,B,20,815.0,0.0,13.497,21.212,22.086,9.217,20.0,15.909,20.982,28.409,5.644,10.48,4.54,3.157,13.252,11.616
03B7K,03,B,20,788.0,0.0,15.609,21.411,15.482,11.839,30.457,19.899,18.401,23.174,4.695,8.06,4.949,4.282,10.406,11.335
03B7L,03,B,20,547.0,0.0,12.98,21.782,21.572,10.891,22.669,18.482,18.83,24.422,5.85,8.251,4.205,3.96,13.894,12.211
03B7M,03,B,20,846.0,0.0,13.239,21.975,13.475,12.346,31.087,19.753,21.631,23.457,3.31,8.148,2.482,4.198,14.775,10.123
03B8A,03,B,21,678.0,0.0,13.422,19.635,12.094,11.187,42.625,30.365,14.897,17.58,1.77,3.881,5.015,7.991,10.177,9.361
03B8B,03,B,21,818.0,0.0,13.814,19.099,14.914,12.072,38.509,31.532,15.77,18.559,1.956,3.423,5.134,7.027,9.902,8.288
03B8C,03,B,21,758.0,0.0,11.082,19.4,15.963,11.817,37.071,30.511,16.491,17.46,2.639,4.233,7.652,8.113,9.103,8.466
03B8D,03,B,21,565.0,0.0,11.15,20.29,13.805,10.386,37.876,30.676,19.292,17.874,1.062,4.106,7.08,8.213,9.735,8.454
03B8E,03,B,21,798.0,0.0,14.286,19.877,15.789,12.295,33.835,29.098,19.048,20.492,2.256,4.713,8.145,7.787,6.642,5.738
03B8F,03,B,21,866.0,0.0,11.663,19.787,13.741,12.34,36.374,30.213,19.63,20.213,3.002,4.043,6.582,7.447,9.007,5.957
03B8G,03,B,21,449.0,0.0,10.245,18.207,12.918,13.043,40.98,30.163,14.477,19.022,2.004,4.076,8.241,8.424,11.136,7.065
03B8H,03,B,21,458.0,0.0,12.664,18.529,20.087,12.941,34.061,30.294,11.572,19.118,3.493,4.118,10.262,8.235,7.86,6.765
03B8I,03,B,21,725.0,0.0,16.276,19.751,18.345,10.731,23.862,24.572,21.931,24.261,8.0,6.998,2.069,6.998,9.517,6.687
03B8K,03,B,21,693.0,0.0,12.987,18.553,15.296,10.019,40.26,32.839,14.43,18.367,2.597,6.122,7.071,7.236,7.359,6.865
03B8L,03,B,21,697.0,0.0,12.626,18.99,13.486,10.577,42.755,31.01,15.352,19.471,2.296,4.087,6.456,8.173,7.03,7.692
03B8M,03,B,21,696.0,0.0,12.213,19.198,12.069,10.602,41.667,31.519,15.661,19.484,1.58,4.585,6.897,8.023,9.914,6.59
03B8N,03,B,21,446.0,0.0,12.78,18.571,13.677,11.071,39.462,30.0,16.592,20.714,1.794,5.357,7.848,7.5,7.848,6.786
03B8P,03,B,21,704.0,0.0,15.341,18.489,18.466,11.332,26.562,30.219,18.892,21.074,4.688,5.765,7.67,7.157,8.381,5.964
03B9A,03,B,22,382.0,0.0,13.351,22.184,15.969,10.239,29.319,16.382,20.681,24.573,6.545,10.58,0.524,4.096,13.613,11.945
03B9B,03,B,22,838.0,0.0,14.32,22.034,20.167,13.771,26.492,19.28,18.854,21.186,5.489,9.322,3.58,4.873,11.098,9.534
03B9C,03,B,22,701.0,0.0,18.402,23.12,23.68,11.421,17.689,17.827,18.688,25.348,8.845,10.585,2.853,4.178,9.843,7.521
03B9D,03,B,22,430.0,0.0,28.605,23.263,21.163,11.782,6.744,4.834,19.535,35.347,8.837,12.689,3.488,2.417,11.628,9.668
03B9E,03,B,22,594.0,0.0,19.865,19.454,21.717,11.604,11.785,14.846,20.034,25.427,11.111,14.676,4.882,3.242,10.606,10.751
03B9F,03,B,22,572.0,0.0,27.622,22.099,24.65,11.05,6.643,12.339,20.28,27.624,10.49,12.707,2.797,3.867,7.517,10.313
03B9G,03,B,22,586.0,0.0,23.379,20.885,20.99,11.057,10.922,18.182,19.795,25.553,9.386,10.319,3.754,3.931,11.775,10.074
03B9H,03,B,22,589.0,0.0,17.148,20.25,20.034,11.25,19.864,19.25,17.657,23.5,4.924,11.25,5.942,4.5,14.431,10.0
03B9I,03,B,22,768.0,0.0,15.495,20.726,11.849,9.188,34.505,23.504,19.141,23.291,4.557,8.547,2.995,4.701,11.458,10.043
03B9K,03,B,22,631.0,0.0,11.727,19.57,15.531,10.501,30.745,24.582,19.968,23.866,5.071,8.592,4.913,4.535,12.044,8.353
03B9L,03,B,22,880.0,0.0,12.045,20.465,15.0,9.535,38.636,24.884,17.159,23.488,2.841,8.372,4.318,4.884,10.0,8.372
03B9M,03,B,22,958.0,0.0,13.779,20.264,14.196,11.233,37.578,26.211,18.894,22.247,2.61,7.489,4.175,5.507,8.768,7.048
03B9N,03,B,22,992.0,0.0,15.625,19.967,15.625,11.647,39.012,27.454,15.222,21.631,2.52,6.988,5.343,5.824,6.653,6.489
03B9P,03,B,22,333.0,0.0,15.616,20.679,15.616,11.111,30.931,21.605,18.619,22.84,5.105,9.568,2.703,5.247,11.411,8.951
03B9Q,03,B,22,677.0,0.0,24.077,20.597,18.464,11.045,29.099,21.493,10.931,22.687,3.545,9.552,7.386,5.075,6.499,9.552
03W100,03,W,14,492.0,1365.0,13.821,17.224,23.984,16.221,22.358,14.214,14.228,18.729,12.398,16.89,3.252,5.351,9.959,11.371
03W101,03,W,14,285.0,878.0,15.088,16.894,26.316,16.076,9.474,14.169,12.632,18.801,16.14,16.621,3.86,5.45,16.491,11.989
03W102,03,W,14,518.0,1661.0,16.409,19.187,27.799,15.629,12.741,8.767,16.023,22.363,16.795,18.806,2.124,3.05,8.108,12.198
03W103,03,W,14,391.0,1520.0,14.578,21.87,27.621,9.85,6.394,5.676,12.02,20.701,24.552,24.04,3.325,3.005,11.509,14.858
03W104,03,W,14,362.0,1434.0,15.47,23.627,30.387,9.318,2.21,4.992,12.707,18.303,26.519,27.787,2.762,1.83,9.945,14.143
03W105,03,W,14,413.0,1038.0,19.128,19.499,28.087,8.05,4.358,6.619,17.191,23.077,21.792,28.98,1.211,2.683,8.232,11.091
03W106,03,W,14,359.0,1304.0,13.928,14.391,21.17,9.963,5.292,3.506,13.649,16.236,33.983,30.812,1.114,3.875,10.864,21.218
03W107,03,W,14,290.0,881.0,15.862,18.966,20.69,9.852,4.828,5.665,12.759,17.241,31.724,28.571,2.414,1.724,11.724,17.98
03W108,03,W,14,468.0,1321.0,20.94,21.746,22.863,10.873,3.205,2.297,13.675,22.971,26.496,24.349,2.991,4.747,9.829,13.017
03W109,03,W,14,564.0,1471.0,11.702,18.961,35.461,15.097,6.383,4.952,9.929,17.633,27.128,31.159,1.95,2.899,7.447,9.3
03W110,03,W,14,488.0,1400.0,14.549,17.655,26.639,12.803,8.811,5.795,9.016,19.407,24.18,25.876,3.893,2.695,12.91,15.768
03W111,03,W,14,512.0,1360.0,16.016,19.444,36.523,18.472,7.227,6.528,9.961,16.389,18.359,22.778,4.883,5.417,7.031,10.972
03W112,03,W,14,411.0,1175.0,17.032,20.067,34.793,18.06,8.029,8.696,9.976,16.221,20.438,21.405,3.163,3.512,6.569,12.04
03W113,03,W,14,535.0,1488.0,13.645,16.446,40.374,18.653,7.85,6.071,9.72,19.426,16.636,24.724,2.617,6.071,9.159,8.609
03W114,03,W,14,406.0,999.0,14.039,19.9,38.67,20.401,9.36,7.525,10.099,17.559,19.704,21.906,3.695,4.013,4.433,8.696
03W115,03,W,14,402.0,988.0,15.672,19.891,36.318,20.255,12.687,11.314,10.945,15.146,13.93,19.891,3.483,4.562,6.965,8.942
03W116,03,W,14,500.0,1547.0,14.6,20.498,29.0,13.744,9.4,7.938,7.2,18.246,23.2,23.46,5.0,4.739,11.6,11.374
03W117,03,W,14,435.0,1383.0,15.862,19.853,26.667,14.265,8.506,5.735,8.736,15.0,25.287,23.676,1.839,4.265,13.103,17.206
03W118,03,W,14,439.0,1369.0,13.895,21.816,35.763,18.835,11.162,8.266,9.339,15.989,18.451,21.409,4.328,5.285,7.062,8.401
03W119,03,W,14,514.0,1404.0,12.646,18.708,33.268,18.708,7.588,6.864,9.144,18.035,22.763,22.746,4.086,5.518,10.506,9.421
03W120,03,W,14,511.0,1159.0,13.699,19.759,36.008,20.103,11.35,8.419,8.611,15.292,17.613,23.196,3.523,4.467,9.198,8.763
03W121,03,W,14,502.0,1254.0,17.331,19.825,30.876,19.096,12.948,9.621,8.566,15.306,16.932,22.449,4.582,4.373,8.765,9.329
03W122,03,W,14,492.0,1261.0,12.805,19.94,38.415,21.299,10.772,7.553,11.789,14.502,14.837,23.565,4.268,5.438,7.114,7.704
03W123,03,W,14,559.0,1285.0,16.637,19.651,35.778,19.36,9.302,6.987,8.408,16.594,17.889,23.29,4.114,6.114,7.871,8.006
03W124,03,W,14,491.0,1109.0,15.886,20.938,37.271,20.771,9.776,9.715,10.998,16.583,15.275,21.776,3.666,4.188,7.128,6.03
03W125,03,W,14,541.0,1277.0,15.157,17.438,35.675,19.29,6.654,7.099,9.242,18.673,23.29,21.914,1.848,4.475,8.133,11.111
03W126,03,W,14,428.0,1096.0,12.383,19.245,38.318,21.509,8.411,6.981,9.813,15.472,18.925,23.774,4.907,4.717,7.243,8.302
03W200,03,W,15,526.0,1400.0,15.019,21.545,37.262,24.071,14.449,9.955,7.034,12.927,13.878,19.465,5.894,4.755,6.464,7.281
03W201,03,W,15,373.0,633.0,11.796,14.493,34.584,15.942,1.609,4.348,7.507,17.633,30.831,37.198,5.094,3.14,8.579,7.246
03W202,03,W,15,403.0,855.0,13.896,14.315,35.484,20.747,12.407,12.241,8.437,11.826,21.34,27.593,2.233,4.772,6.203,8.506
03W203,03,W,15,482.0,1366.0,17.22,20.97,33.61,16.12,4.564,6.134,11.203,17.689,19.71,23.252,3.942,4.708,9.751,11.127
03W204,03,W,15,387.0,1163.0,16.279,25.122,35.659,15.235,7.752,5.348,10.078,16.207,18.088,23.177,5.168,6.321,6.977,8.59
03W205,03,W,15,438.0,1420.0,15.525,16.508,32.42,17.19,8.219,7.094,9.132,16.098,20.32,26.057,4.11,6.003,10.274,11.05
03W206,03,W,15,513.0,1423.0,16.569,23.902,34.113,22.481,10.331,9.432,8.187,12.92,21.637,18.217,3.314,4.78,5.848,8.269
03W207,03,W,15,458.0,1199.0,19.214,22.417,26.201,21.781,10.044,9.857,13.1,14.467,16.594,18.442,3.93,4.61,10.917,8.426
03W208,03,W,15,528.0,1462.0,20.265,22.266,28.22,17.918,11.174,10.54,14.205,15.283,15.53,18.709,3.03,5.27,7.576,10.013
03W209,03,W,15,549.0,1503.0,16.758,23.449,21.494,13.464,15.118,9.531,11.475,18.457,16.94,18.003,4.189,4.085,14.026,13.011
03W210,03,W,15,469.0,1208.0,20.682,23.064,31.557,17.463,11.301,14.168,11.94,17.792,12.367,15.98,4.904,3.954,7.249,7.578
03W211,03,W,15,523.0,1405.0,20.076,21.964,34.034,21.835,11.663,8.269,10.134,16.021,11.281,19.38,5.354,4.393,7.457,8.14
03W212,03,W,15,505.0,1431.0,15.842,21.775,22.574,13.87,21.188,19.14,14.257,18.585,9.901,12.899,4.356,5.409,11.881,8.322
03W213,03,W,15,588.0,1466.0,14.796,19.196,23.98,15.923,23.129,15.625,15.136,22.321,10.374,11.161,3.741,4.762,8.844,11.012
03W214,03,W,15,484.0,1387.0,13.636,18.865,18.388,14.326,21.281,16.17,19.421,20.0,11.157,17.021,5.579,3.83,10.537,9.787
03W215,03,W,15,445.0,1334.0,20.225,16.562,29.663,20.938,8.764,9.062,8.09,12.656,21.573,27.344,3.146,5.625,8.539,7.812
03W216,03,W,15,534.0,1529.0,20.412,20.562,25.281,16.22,13.67,10.856,11.423,16.731,17.79,19.413,4.307,6.386,7.116,9.834
03W217,03,W,15,516.0,1360.0,18.217,19.574,20.543,14.78,18.023,14.381,14.147,19.308,15.698,17.71,3.488,5.726,9.884,8.522
03W218,03,W,15,478.0,1223.0,18.41,18.53,29.289,17.917,13.598,11.026,12.552,16.692,15.69,21.746,4.184,6.126,6.276,7.963
03W219,03,W,15,560.0,1457.0,18.75,26.667,30.357,16.667,11.964,8.472,11.964,15.556,17.321,19.444,3.75,4.722,5.893,8.472
03W220,03,W,15,566.0,1434.0,13.604,20.615,22.438,15.365,22.968,19.334,14.488,22.151,13.604,11.652,4.064,4.353,8.834,6.53
03W221,03,W,15,421.0,1224.0,17.577,23.746,27.791,14.883,16.152,11.538,13.539,19.9,12.352,18.896,3.563,4.013,9.026,7.023
03W222,03,W,15,512.0,1304.0,15.43,18.438,28.711,13.75,4.883,6.562,11.328,20.469,23.828,27.812,3.516,4.375,12.305,8.594
03W223,03,W,15,473.0,1352.0,17.759,19.391,28.33,17.468,11.205,12.66,12.685,17.949,18.816,20.833,4.44,4.808,6.765,6.891
03W224,03,W,15,442.0,1215.0,19.005,23.596,24.208,19.743,20.362,14.446,11.086,16.051,10.633,15.57,4.977,4.173,9.729,6.421
03W300,03,W,16,420.0,1291.0,16.667,19.077,31.19,15.538,10.714,8.0,12.381,17.077,18.81,24.308,4.524,6.308,5.714,9.692
03W301,03,W,16,491.0,1318.0,19.348,19.872,28.921,13.782,14.053,8.654,10.591,20.833,14.664,22.115,3.462,4.647,8.961,10.096
03W302,03,W,16,477.0,1540.0,14.675,19.106,26.625,8.166,7.338,7.704,12.998,26.502,22.222,23.112,2.096,3.698,14.046,11.71
03W303,03,W,16,361.0,1339.0,16.898,17.447,24.377,12.924,5.263,6.462,13.85,23.263,22.438,24.556,3.047,3.554,14.127,11.793
03W304,03,W,16,522.0,1349.0,21.839,20.344,27.011,12.989,10.345,9.703,13.027,22.692,16.092,21.596,2.682,3.756,9.004,8.92
03W305,03,W,16,555.0,1461.0,15.495,20.253,23.604,13.924,17.477,13.08,16.396,18.987,14.595,18.706,2.523,5.345,9.91,9.705
03W306,03,W,16,634.0,1788.0,19.085,22.267,25.079,14.8,19.085,15.2,13.249,18.933,11.199,16.133,4.259,4.4,8.044,8.267
03W307,03,W,16,573.0,1371.0,17.277,26.255,19.546,11.068,17.277,14.672,17.452,22.008,12.914,15.959,2.269,1.802,13.264,8.237
03W308,03,W,16,552.0,1443.0,15.761,20.6,19.022,11.6,21.558,14.2,15.942,25.4,13.406,13.8,3.623,3.2,10.688,11.2
03W309,03,W,16,521.0,1330.0,16.315,22.254,17.083,8.873,23.608,17.887,18.234,21.972,10.173,13.944,2.879,3.38,11.708,11.69
03W310,03,W,16,585.0,1399.0,14.53,22.251,15.726,9.961,27.009,22.122,19.487,22.251,7.863,10.349,2.564,1.811,12.821,11.255
03W311,03,W,16,516.0,1536.0,16.085,23.848,17.829,9.35,26.163,18.97,18.605,25.881,7.946,11.247,2.713,3.523,10.659,7.182
03W312,03,W,16,641.0,1391.0,15.913,24.728,14.977,9.103,29.485,20.924,22.933,24.321,6.708,10.462,2.34,2.853,7.644,7.609
03W313,03,W,16,556.0,1417.0,17.626,22.572,22.842,18.11,22.662,19.291,13.849,18.635,5.576,8.793,5.396,4.856,12.05,7.743
03W314,03,W,16,399.0,1435.0,15.789,24.874,16.541,9.748,33.333,23.697,18.296,22.353,5.013,6.555,3.759,2.353,7.268,10.42
03W315,03,W,16,510.0,1193.0,14.314,20.649,11.373,8.407,30.588,25.959,22.157,26.254,7.647,6.637,2.353,2.212,11.569,9.882
03W316,03,W,16,486.0,1252.0,16.872,24.638,14.609,12.754,28.601,23.768,20.37,20.0,9.053,7.101,2.263,2.609,8.23,9.13
03W317,03,W,16,608.0,1654.0,14.309,20.513,14.803,9.674,34.704,28.788,16.283,21.212,7.237,6.177,2.467,2.214,10.197,11.422
03W318,03,W,16,482.0,1198.0,14.938,19.826,18.05,11.652,28.631,22.087,19.087,21.217,6.017,11.652,2.905,3.478,10.373,10.087
03W319,03,W,16,514.0,1413.0,14.591,19.811,22.374,11.95,8.949,9.906,16.926,23.27,22.957,23.428,2.724,3.459,11.479,8.176
03W320,03,W,16,494.0,1301.0,17.611,20.952,19.433,13.175,24.089,19.524,16.599,25.714,9.312,8.571,4.858,4.286,8.097,7.778
03W321,03,W,16,495.0,1282.0,17.98,21.973,20.0,11.809,15.556,15.695,19.596,25.112,13.131,13.154,3.03,4.036,10.707,8.221
03W322,03,W,16,494.0,1214.0,15.385,22.414,14.98,11.379,30.567,19.483,18.421,24.31,6.68,12.069,3.036,3.276,10.931,7.069
03W323,03,W,16,422.0,1118.0,16.825,24.172,17.536,11.111,32.701,25.731,13.507,23.002,3.791,6.823,4.502,2.144,11.137,7.018
03W400,03,W,17,525.0,1547.0,18.476,20.536,23.429,14.137,13.143,9.673,16.762,21.726,16.762,20.387,2.667,2.976,8.762,10.565
03W401,03,W,17,510.0,1418.0,20.0,20.845,21.569,10.354,8.235,6.948,17.255,22.888,19.412,23.433,1.569,2.997,11.961,12.534
03W402,03,W,17,521.0,1448.0,16.507,18.417,25.336,13.779,11.324,9.55,17.658,19.918,15.739,20.327,1.536,3.001,11.9,15.007
03W403,03,W,17,532.0,1513.0,15.038,21.419,17.857,15.484,20.301,12.516,21.429,22.968,11.278,15.355,4.135,2.968,9.962,9.29
03W404,03,W,17,590.0,1510.0,16.271,19.574,20.508,13.759,25.424,22.128,16.61,20.0,8.644,10.355,4.068,5.532,8.475,8.652
03W405,03,W,17,502.0,1539.0,17.53,21.637,22.51,13.304,13.745,8.187,13.944,21.199,15.936,19.152,1.992,3.216,14.343,13.304
03W406,03,W,17,647.0,1713.0,20.247,23.495,28.284,14.468,8.655,7.986,14.065,23.958,14.065,17.245,3.246,3.241,11.437,9.606
03W407,03,W,17,514.0,1489.0,17.899,22.469,24.125,9.847,4.28,5.548,13.619,21.637,23.152,23.856,1.946,2.08,14.981,14.563
03W408,03,W,17,582.0,1681.0,27.148,22.93,23.54,11.083,5.842,4.713,12.543,22.675,17.698,22.548,3.093,2.803,10.137,13.248
03W409,03,W,17,544.0,1602.0,17.279,20.54,33.64,16.942,10.478,8.096,10.294,20.24,16.544,19.64,2.206,2.249,9.559,12.294
03W410,03,W,17,430.0,1281.0,12.558,17.331,13.721,8.282,18.372,9.969,20.233,25.767,15.814,18.712,3.256,2.914,16.047,17.025
03W411,03,W,17,622.0,1629.0,12.379,19.116,36.656,19.355,7.235,7.049,8.682,18.041,20.579,23.417,3.698,3.704,10.772,9.319
03W412,03,W,17,516.0,1508.0,10.465,20.617,36.628,17.532,9.109,8.976,9.884,15.568,22.287,24.684,3.682,2.384,7.946,10.238
03W413,03,W,17,528.0,1454.0,16.098,20.921,34.28,13.684,6.061,5.395,10.038,18.289,21.78,30.658,3.788,3.158,7.955,7.895
03W414,03,W,17,577.0,1492.0,13.865,20.698,38.648,21.197,7.972,8.229,9.359,13.716,17.851,22.07,4.679,4.613,7.626,9.476
03W415,03,W,17,562.0,1370.0,15.48,18.466,38.968,18.608,10.854,8.807,10.32,21.733,15.125,22.301,2.491,3.125,6.762,6.96
03W416,03,W,17,516.0,1330.0,18.798,21.471,31.008,15.588,15.116,11.324,13.76,22.353,11.628,18.088,2.326,2.941,7.364,8.235
03W417,03,W,17,465.0,1554.0,21.935,24.123,25.806,12.865,9.677,7.018,13.118,18.86,19.355,23.246,1.505,3.216,8.602,10.673
03W418,03,W,17,505.0,1422.0,14.851,22.81,39.802,21.488,6.337,6.777,7.525,12.562,19.406,25.124,3.168,2.81,8.911,8.43
03W500,03,W,18,418.0,1316.0,18.182,24.27,17.464,10.292,26.316,14.747,17.464,22.427,9.569,16.283,2.632,2.611,8.373,9.37
03W501,03,W,18,582.0,1656.0,18.557,21.954,20.79,11.724,10.825,9.08,20.103,27.816,14.777,17.816,2.062,2.414,12.887,9.195
03W502,03,W,18,537.0,1285.0,17.505,23.023,15.456,9.666,24.209,15.29,19.739,24.605,9.125,13.005,2.421,2.285,11.546,12.127
03W503,03,W,18,528.0,1362.0,21.402,21.337,21.402,9.246,21.78,15.505,15.53,24.893,8.902,16.216,1.515,1.991,9.47,10.811
03W504,03,W,18,545.0,1374.0,17.798,22.108,12.477,8.869,37.064,25.707,15.596,21.594,5.138,7.198,2.752,3.213,9.174,11.311
03W505,03,W,18,427.0,1395.0,16.628,24.622,21.546,13.293,24.122,16.163,17.096,22.054,8.665,11.027,3.044,2.115,8.899,10.725
03W506,03,W,18,502.0,1724.0,15.538,20.85,16.534,10.425,22.311,14.54,17.131,24.829,13.147,11.523,4.98,3.567,10.359,14.266
03W507,03,W,18,532.0,1568.0,19.361,23.234,21.241,10.19,13.91,7.88,18.421,25.679,13.534,19.837,3.008,2.853,10.526,10.326
03W508,03,W,18,467.0,1425.0,16.274,21.629,21.413,7.877,15.418,15.087,22.056,25.768,12.42,13.618,2.141,3.071,10.278,12.951
03W509,03,W,18,420.0,1451.0,18.095,20.793,20.0,11.354,12.857,11.628,19.286,24.077,16.429,17.784,1.429,3.146,11.905,11.218
03W510,03,W,18,471.0,1449.0,17.41,21.53,22.081,12.04,12.739,12.04,16.348,23.513,17.41,16.431,2.548,3.541,11.465,10.907
03W511,03,W,18,526.0,1334.0,18.441,22.13,16.16,11.48,25.475,17.289,20.722,24.896,7.795,11.203,1.521,2.351,9.886,10.65
03W512,03,W,18,547.0,1433.0,16.453,21.897,16.088,10.46,15.356,13.947,18.647,23.431,17.367,17.294,1.463,2.51,14.625,10.46
03W513,03,W,18,619.0,1421.0,18.255,17.952,20.84,11.781,13.247,12.202,18.255,23.282,15.347,18.513,3.877,3.647,10.178,12.623
03W514,03,W,18,490.0,1476.0,15.51,18.513,22.857,11.808,13.878,8.309,15.51,20.554,15.918,22.449,2.245,3.207,14.082,15.16
03W515,03,W,18,554.0,1483.0,16.245,20.125,29.422,18.253,12.996,8.736,10.65,19.033,14.801,21.373,3.791,3.276,12.094,9.204
03W516,03,W,18,626.0,1621.0,19.329,20.958,30.192,18.323,10.064,7.186,11.661,18.563,15.176,22.156,4.313,2.635,9.265,10.18
03W517,03,W,18,562.0,1417.0,15.658,19.312,29.715,17.725,7.117,6.481,11.032,17.46,23.488,26.984,3.559,3.571,9.431,8.466
03W518,03,W,18,456.0,1253.0,14.035,20.033,17.105,9.272,21.053,19.04,25.0,28.642,8.772,10.762,1.535,1.656,12.5,10.596
03W519,03,W,18,468.0,1361.0,19.444,21.865,14.103,7.339,21.795,19.725,17.521,26.453,11.325,12.385,2.137,1.223,13.675,11.009
03W520,03,W,18,470.0,1370.0,12.34,20.056,13.191,7.293,27.234,25.947,21.277,24.404,10.638,8.836,3.83,2.665,11.489,10.799
03W600,03,W,19,440.0,1203.0,14.545,19.444,11.818,8.824,34.091,22.712,17.5,24.02,6.136,8.007,3.182,3.431,12.727,13.562
03W601,03,W,19,382.0,1316.0,15.445,20.578,13.089,9.014,28.796,22.109,20.681,24.15,6.021,7.143,3.403,3.401,12.565,13.605
03W602,03,W,19,496.0,1503.0,15.524,20.247,9.677,7.778,33.468,30.741,20.161,21.728,5.444,6.42,3.226,4.198,12.5,8.889
03W603,03,W,19,489.0,1127.0,14.11,17.735,12.679,7.75,33.947,32.489,22.29,20.268,5.521,6.706,2.863,3.726,8.589,11.326
03W604,03,W,19,582.0,1380.0,15.12,19.018,11.856,8.712,32.818,30.552,21.478,23.436,4.124,6.994,4.467,3.313,10.137,7.975
03W605,03,W,19,455.0,1125.0,12.967,17.314,8.571,9.061,37.802,30.744,19.56,21.683,5.714,6.958,4.396,3.398,10.989,10.841
03W606,03,W,19,495.0,1223.0,15.556,17.523,16.566,8.912,34.343,30.816,16.97,20.242,4.04,7.855,3.636,4.23,8.889,10.423
03W607,03,W,19,577.0,1374.0,12.652,17.173,11.092,6.737,40.208,35.931,18.544,21.797,4.333,5.02,2.6,5.02,10.572,8.322
03W608,03,W,19,608.0,1582.0,13.487,16.765,12.336,10.98,43.421,34.593,18.092,19.599,1.974,4.841,2.796,5.667,7.895,7.556
03W609,03,W,19,393.0,932.0,13.74,15.985,10.687,8.364,37.15,31.413,21.12,23.048,5.089,5.204,5.344,5.762,6.87,10.223
03W610,03,W,19,453.0,1092.0,13.687,19.771,13.245,8.497,28.698,29.085,25.607,21.895,5.077,5.719,5.077,5.392,8.609,9.641
03W611,03,W,19,436.0,1239.0,10.78,16.199,13.991,7.944,30.734,29.907,22.018,20.561,5.046,8.879,4.817,3.583,12.615,12.928
03W612,03,W,19,502.0,1327.0,13.347,20.0,14.143,7.391,35.458,33.478,17.729,18.261,4.582,5.942,5.378,6.377,9.363,8.551
03W613,03,W,19,499.0,1488.0,13.427,19.11,10.621,7.853,33.066,30.628,23.046,20.812,4.81,5.236,4.81,7.33,10.22,9.031
03W614,03,W,19,469.0,1192.0,13.859,15.446,10.235,7.643,39.232,33.917,20.043,23.089,3.198,4.936,3.625,5.096,9.808,9.873
03W615,03,W,19,374.0,889.0,13.369,17.336,13.102,7.611,37.968,29.598,20.053,22.833,4.545,5.497,2.941,9.091,8.021,8.034
03W616,03,W,19,326.0,776.0,13.19,15.0,9.202,6.19,33.742,34.048,25.46,28.81,2.761,3.095,6.442,4.762,9.202,8.095
03W617,03,W,19,606.0,1575.0,13.201,19.93,9.736,8.159,31.353,32.168,23.927,23.193,4.785,4.895,4.95,5.012,12.046,6.643
03W618,03,W,19,340.0,822.0,13.824,18.707,10.294,7.852,41.765,34.18,16.765,17.783,2.941,5.543,5.294,6.697,9.118,9.238
03W619,03,W,19,353.0,946.0,13.031,16.988,8.782,8.108,35.977,33.398,24.929,23.359,2.55,4.44,3.966,4.054,10.765,9.653
03W620,03,W,19,536.0,1408.0,13.433,18.893,12.873,7.152,37.687,35.493,18.097,19.838,2.985,4.723,4.291,5.533,10.634,8.367
03W621,03,W,19,402.0,1296.0,11.194,18.481,11.94,8.883,35.572,27.65,23.134,23.496,5.224,7.45,2.488,3.295,10.448,10.745
03W622,03,W,19,433.0,1188.0,14.781,18.295,9.7,7.907,38.106,34.264,19.861,19.535,3.464,5.271,4.388,6.047,9.7,8.682
03W623,03,W,19,480.0,1191.0,12.083,16.367,9.792,7.856,36.25,33.879,24.167,22.913,2.917,5.892,3.958,4.746,10.833,8.347
03W624,03,W,19,500.0,1355.0,11.0,18.144,7.4,8.033,45.0,32.548,22.6,23.13,1.8,5.402,3.8,5.402,8.4,7.341
03W700,03,W,20,529.0,1240.0,16.257,16.993,13.233,11.765,32.892,15.468,15.879,24.619,7.75,15.468,3.403,4.139,10.586,11.547
03W701,03,W,20,456.0,1359.0,16.447,22.525,16.447,13.343,20.175,14.347,16.667,17.504,11.842,15.638,4.605,4.304,13.816,12.339
03W702,03,W,20,445.0,1109.0,18.427,21.456,15.281,13.027,28.764,16.858,14.607,18.582,11.91,13.218,2.247,4.981,8.764,11.877
03W703,03,W,20,487.0,1348.0,16.016,19.481,17.659,8.604,21.766,16.396,16.016,20.942,12.731,17.208,4.107,3.571,11.704,13.799
03W704,03,W,20,477.0,1338.0,15.723,18.845,19.287,10.182,14.256,13.374,18.658,23.404,15.723,17.325,2.935,3.647,13.417,13.222
03W705,03,W,20,462.0,1092.0,16.234,15.596,18.398,11.743,22.944,15.596,12.771,24.22,12.987,15.413,4.329,4.404,12.338,13.028
03W706,03,W,20,409.0,1340.0,16.137,18.647,18.337,8.251,12.714,11.221,23.227,26.073,13.692,16.667,1.467,3.3,14.425,15.842
03W707,03,W,20,436.0,1453.0,14.45,19.182,15.596,8.039,24.312,24.118,24.083,21.721,6.193,9.027,4.358,4.654,11.009,13.258
03W708,03,W,20,480.0,1335.0,15.0,18.065,13.958,7.397,28.125,24.182,18.958,24.182,7.5,9.531,4.792,3.698,11.667,12.945
03W709,03,W,20,511.0,1445.0,15.656,17.723,14.677,7.349,22.309,17.579,22.309,27.954,7.828,12.68,3.718,2.738,13.503,13.977
03W710,03,W,20,532.0,1559.0,16.165,19.71,17.669,8.222,16.353,13.543,21.241,25.635,13.91,17.17,0.94,3.748,13.722,11.971
03W711,03,W,20,455.0,1459.0,16.264,19.853,16.703,11.471,19.78,16.029,18.242,21.471,11.868,15.588,3.516,2.5,13.626,13.088
03W712,03,W,20,482.0,1496.0,13.9,21.216,15.353,9.194,24.689,15.559,20.747,25.318,7.884,13.154,2.49,2.97,14.938,12.588
03W713,03,W,20,426.0,1155.0,13.615,20.221,14.319,9.795,34.507,30.964,19.718,19.273,3.756,4.739,4.695,5.687,9.39,9.321
03W714,03,W,20,419.0,1142.0,15.036,18.435,16.468,7.652,25.06,27.304,22.196,22.435,8.115,9.913,2.625,3.652,10.501,10.609
03W715,03,W,20,411.0,1040.0,16.545,18.472,13.869,8.881,26.521,23.801,20.925,23.801,6.083,11.19,1.703,3.552,14.355,10.302
03W716,03,W,20,487.0,1325.0,12.936,21.021,12.731,8.859,38.398,25.976,19.918,21.171,4.517,10.21,1.848,3.303,9.651,9.459
03W717,03,W,20,434.0,1278.0,19.355,21.34,11.521,7.632,29.263,27.103,22.12,23.52,4.378,7.165,2.995,3.738,10.369,9.502
03W718,03,W,20,527.0,1364.0,14.991,20.245,15.75,11.35,26.186,17.485,17.078,21.166,12.903,14.417,3.795,3.528,9.298,11.81
03W719,03,W,20,500.0,1287.0,12.2,17.152,16.8,11.485,23.6,17.611,19.8,22.818,11.4,13.629,2.6,4.288,13.6,13.017
03W720,03,W,20,496.0,1312.0,14.919,20.217,8.669,10.312,37.702,27.137,20.565,21.71,3.831,7.87,3.226,3.664,11.089,9.091
03W721,03,W,20,399.0,1113.0,12.03,21.678,18.296,8.916,26.817,26.748,20.551,20.979,8.521,9.79,2.506,3.322,11.278,8.566
03W722,03,W,20,310.0,992.0,14.194,17.899,16.452,6.809,24.516,15.953,24.194,29.183,10.645,14.202,1.613,2.529,8.387,13.424
03W800,03,W,21,577.0,1670.0,16.118,19.39,19.584,10.122,9.185,7.195,21.664,25.854,17.504,20.61,2.6,4.756,13.345,12.073
03W801,03,W,21,372.0,1016.0,15.86,18.677,14.516,8.755,33.602,27.432,15.86,20.623,5.108,9.728,5.108,6.42,9.946,8.366
03W802,03,W,21,464.0,1118.0,11.207,19.048,11.207,6.293,35.776,29.762,22.845,21.769,4.741,5.442,3.879,5.272,10.345,12.415
03W803,03,W,21,532.0,1278.0,13.346,17.941,13.722,7.206,37.594,34.559,17.857,20.147,4.699,6.029,5.451,5.882,7.331,8.235
03W804,03,W,21,327.0,764.0,12.538,17.217,14.985,6.368,34.862,35.849,20.183,20.283,3.364,5.189,1.835,5.425,12.232,9.67
03W805,03,W,21,327.0,790.0,12.538,18.881,7.951,9.79,40.673,30.769,21.101,18.648,4.587,6.294,4.281,6.294,8.869,9.324
03W806,03,W,21,470.0,1330.0,14.894,18.841,15.319,8.841,34.894,32.319,15.532,17.971,3.191,6.087,7.021,6.957,9.149,8.986
03W807,03,W,21,425.0,1044.0,13.882,18.426,12.235,9.123,41.176,34.168,14.824,18.962,3.059,6.261,6.118,7.513,8.706,5.546
03W808,03,W,21,467.0,1169.0,10.493,18.728,13.062,9.364,35.546,33.216,19.914,19.081,4.069,6.537,5.782,7.244,11.135,5.83
03W809,03,W,21,447.0,1189.0,21.924,18.396,19.687,12.579,13.423,17.296,18.792,26.415,10.067,11.95,3.579,4.245,12.528,9.119
03W810,03,W,21,494.0,1335.0,11.943,19.323,14.575,8.886,37.652,31.171,18.421,19.887,3.239,6.065,4.656,5.783,9.514,8.886
03W811,03,W,21,494.0,1388.0,14.17,16.737,12.753,9.845,30.567,31.786,22.672,21.8,4.251,4.782,3.239,6.61,12.348,8.439
03W812,03,W,21,437.0,1146.0,13.959,17.159,21.968,12.731,28.375,28.413,17.391,20.111,3.204,7.38,3.89,6.273,11.213,7.934
03W813,03,W,21,423.0,1115.0,13.948,17.804,12.293,12.978,34.279,27.953,21.04,18.968,4.728,7.321,3.783,7.155,9.929,7.82
03W814,03,W,21,611.0,1520.0,10.802,17.173,13.912,6.737,34.043,33.289,21.604,25.363,3.437,4.756,6.874,5.812,9.329,6.869
03W815,03,W,21,585.0,1566.0,10.94,16.276,9.915,10.604,36.923,33.785,24.786,20.345,2.735,4.069,3.761,7.275,10.94,7.645
03W816,03,W,21,451.0,1006.0,18.404,19.048,9.756,7.326,32.151,29.304,23.282,22.344,2.882,5.678,2.882,6.227,10.643,10.073
03W817,03,W,21,421.0,1279.0,15.439,18.347,10.926,6.612,36.342,30.579,21.378,22.479,3.563,6.116,5.463,8.43,6.888,7.438
03W818,03,W,21,458.0,1293.0,14.629,19.071,14.629,10.945,30.349,28.524,23.581,18.574,4.148,6.799,4.585,9.287,8.079,6.799
03W819,03,W,21,389.0,960.0,14.139,16.899,7.969,7.952,37.275,35.785,20.566,21.272,2.828,2.982,5.656,8.549,11.568,6.561
03W820,03,W,21,415.0,1139.0,15.181,19.04,11.807,11.84,37.59,29.92,17.831,20.64,3.855,5.12,4.096,6.08,9.639,7.36
03W821,03,W,21,370.0,1063.0,12.703,17.637,10.541,11.473,31.892,25.514,23.514,25.514,4.054,6.164,4.324,6.507,12.973,7.192
03W822,03,W,21,439.0,1257.0,14.123,18.612,17.995,12.999,31.435,28.36,14.579,17.725,4.1,6.795,7.745,8.272,10.023,7.238
03W823,03,W,21,531.0,1298.0,17.137,18.906,16.949,10.312,28.437,29.063,21.092,23.281,2.825,5.469,3.766,6.25,9.793,6.719
03W900,03,W,22,493.0,1258.0,14.807,20.144,19.878,11.223,26.978,18.993,13.996,22.59,8.316,12.374,6.085,4.892,9.939,9.784
03W901,03,W,22,592.0,1321.0,13.851,17.456,16.554,9.472,25.338,19.756,22.466,26.252,7.095,10.825,3.716,3.789,10.98,12.449
03W902,03,W,22,600.0,1380.0,20.667,22.113,23.0,9.859,6.0,6.056,16.333,24.085,18.333,25.493,3.833,1.831,11.833,10.563
03W903,03,W,22,517.0,1277.0,16.054,19.72,13.346,11.608,33.269,21.958,14.7,22.937,8.317,10.21,4.062,5.175,10.251,8.392
03W904,03,W,22,494.0,1343.0,17.409,19.559,17.206,10.331,26.518,18.32,15.992,23.829,6.68,11.846,4.453,4.408,11.741,11.708
03W905,03,W,22,435.0,1244.0,23.448,27.126,24.368,12.023,7.356,4.545,17.701,25.073,13.563,19.648,2.759,3.372,10.805,8.211
03W906,03,W,22,345.0,1045.0,17.101,18.436,27.536,10.056,4.638,7.263,15.362,26.257,20.29,22.905,2.609,2.98,12.464,12.104
03W907,03,W,22,361.0,1063.0,18.837,21.53,24.377,10.142,5.263,5.694,13.296,29.359,23.546,22.242,2.77,1.246,11.911,9.786
03W908,03,W,22,462.0,1473.0,21.429,22.72,26.623,13.12,8.874,8.16,16.45,22.4,13.853,18.4,1.515,2.4,11.255,12.8
03W909,03,W,22,416.0,982.0,16.827,22.16,28.846,12.104,12.5,11.546,12.019,22.533,16.827,19.553,2.404,5.028,10.577,7.076
03W910,03,W,22,299.0,1075.0,19.732,20.166,20.736,7.484,9.699,9.148,21.405,26.819,15.719,22.245,3.344,2.079,9.365,12.058
03W911,03,W,22,472.0,1337.0,15.254,17.541,11.653,7.049,26.907,18.852,21.822,25.41,11.441,12.131,2.754,2.787,10.169,16.23
03W912,03,W,22,476.0,1416.0,15.546,18.703,15.336,9.804,24.37,19.759,21.639,27.149,9.874,10.407,2.311,3.922,10.924,10.256
03W913,03,W,22,296.0,864.0,13.176,18.474,20.27,9.438,20.27,18.675,19.595,22.691,10.811,13.454,5.068,3.614,10.811,13.655
03W914,03,W,22,373.0,1162.0,15.282,16.26,12.064,9.268,31.635,26.179,18.767,24.065,5.63,8.455,4.826,4.39,11.796,11.382
03W915,03,W,22,298.0,835.0,20.805,17.978,17.45,10.787,25.168,23.371,17.785,23.371,9.06,8.989,1.007,3.371,8.725,12.135
03W916,03,W,22,502.0,1290.0,11.952,16.613,13.745,10.323,38.247,34.677,18.924,20.806,2.789,4.677,4.382,5.323,9.96,7.581
03W917,03,W,22,544.0,1518.0,15.074,18.241,9.191,8.136,38.787,34.252,17.831,18.898,5.515,6.037,5.147,6.955,8.456,7.48
03W918,03,W,22,525.0,1420.0,19.238,18.799,11.619,9.399,32.571,31.462,18.286,21.54,4.571,6.266,3.81,4.961,9.905,7.572
03W919,03,W,22,459.0,1156.0,21.133,20.645,10.458,9.516,33.333,31.452,19.826,19.355,3.268,5.806,3.486,6.29,8.497,6.935
03W920,03,W,22,334.0,1085.0,23.952,20.588,24.251,11.569,4.491,4.51,17.665,28.627,17.964,20.392,4.192,4.51,7.485,9.804
03W921,03,W,22,361.0,1089.0,15.235,16.755,13.296,6.173,18.56,12.698,22.161,27.69,14.404,21.869,3.047,4.056,13.296,10.758
03W922,03,W,22,662.0,1660.0,24.471,24.86,19.94,18.813,27.946,23.068,11.934,12.094,3.776,5.935,5.891,8.847,6.042,6.383
03W923,03,W,22,143.0,597.0,41.259,34.389,18.881,8.597,3.497,5.882,21.678,30.769,5.594,10.86,3.497,3.62,5.594,5.882
03W924,03,W,22,402.0,1339.0,12.438,18.206,11.692,8.835,30.597,25.301,25.124,24.766,5.721,7.898,2.488,4.685,11.94,10.308
03W925,03,W,22,435.0,1256.0,12.644,21.464,16.092,11.314,36.552,30.782,13.793,17.637,3.218,5.491,6.897,7.654,10.805,5.657
03W926,03,W,22,494.0,1368.0,12.753,18.715,12.348,10.196,26.518,22.626,21.66,24.162,9.514,10.615,4.049,3.492,13.158,10.196
04B1A,04,B,23,252.0,0.0,22.619,22.581,36.508,20.737,10.714,13.825,5.159,7.373,8.333,14.747,8.333,8.756,8.333,11.982
04B1B,04,B,23,131.0,0.0,23.664,22.034,31.298,19.774,20.611,14.689,5.344,7.91,2.29,13.559,6.107,8.475,10.687,13.559
04B1C,04,B,23,305.0,0.0,22.951,22.667,46.23,21.333,7.541,13.778,1.311,7.111,7.541,15.111,3.607,9.333,10.82,10.667
04B1D,04,B,23,161.0,0.0,17.391,22.886,43.478,20.896,5.59,14.428,1.242,7.463,9.938,14.925,3.727,9.453,18.634,9.95
04B1E,04,B,23,165.0,0.0,24.848,22.642,32.121,21.226,7.879,14.151,7.879,7.547,7.879,15.094,4.242,9.434,15.152,9.906
04B1F,04,B,23,215.0,0.0,26.977,22.472,35.814,20.225,8.837,15.169,6.512,7.865,6.977,14.607,4.186,8.989,10.698,10.674
04B1G,04,B,23,212.0,0.0,24.528,23.474,45.283,21.596,6.132,14.085,5.189,7.042,7.547,15.023,4.717,8.92,6.604,9.859
04B1H,04,B,23,269.0,0.0,24.535,23.383,37.918,20.896,4.461,14.428,5.204,7.463,11.896,14.925,6.691,8.955,9.294,9.95
04B1I,04,B,23,177.0,0.0,20.904,22.995,37.288,20.321,7.91,14.973,7.91,8.021,12.994,14.439,2.825,9.091,10.169,10.16
04B1J,04,B,23,257.0,0.0,23.735,23.188,42.412,20.29,7.782,14.493,4.28,8.213,7.393,14.976,3.891,9.179,10.506,9.662
04B1K,04,B,23,234.0,0.0,25.214,23.445,26.068,20.574,25.214,14.833,8.12,8.134,6.41,15.311,2.137,8.612,6.838,9.091
04B1L,04,B,23,336.0,0.0,16.071,23.265,24.107,19.592,31.845,18.367,9.226,8.571,3.869,13.061,5.357,8.163,9.524,8.98
04B1M,04,B,23,332.0,0.0,21.386,23.661,17.169,19.643,30.422,17.857,12.651,8.482,4.819,13.393,6.627,8.482,6.928,8.482
04B1N,04,B,23,317.0,0.0,20.82,23.611,15.457,18.981,36.278,19.907,8.202,9.259,2.839,12.037,6.625,8.333,9.779,7.87
04B1P,04,B,23,335.0,0.0,19.403,23.661,21.791,19.196,29.254,20.089,12.239,9.375,1.493,12.054,5.97,8.482,9.851,7.143
04B1Q,04,B,23,336.0,0.0,16.667,23.958,31.25,19.792,24.405,18.75,8.631,8.854,3.274,13.021,8.333,8.854,7.44,6.771
04B1R,04,B,23,343.0,0.0,18.659,23.502,31.195,20.276,20.408,17.972,9.329,8.756,4.665,13.825,4.956,8.295,10.787,7.373
04B1S,04,B,23,324.0,0.0,19.753,23.936,19.753,20.213,32.407,19.149,10.494,9.043,4.63,12.766,6.173,8.511,6.79,6.383
04B2A,04,B,24,705.0,0.0,20.426,21.277,46.525,27.66,13.759,13.83,3.546,6.117,2.837,10.638,7.801,14.628,5.106,5.851
04B2B,04,B,24,760.0,0.0,21.974,20.439,40.132,29.054,14.737,14.527,5.395,6.081,2.632,8.277,9.868,15.878,5.263,5.743
04B2C,04,B,24,477.0,0.0,25.786,21.33,42.138,26.835,8.805,13.073,3.774,6.193,6.499,12.385,7.338,13.991,5.66,6.193
04B2D,04,B,24,386.0,0.0,20.984,22.086,41.192,26.994,11.658,13.804,4.922,6.135,6.736,9.202,8.808,14.417,5.699,7.362
04B2E,04,B,24,386.0,0.0,19.171,21.329,36.269,26.573,16.58,15.035,6.218,6.294,6.218,9.79,6.218,13.287,9.326,7.692
04B2F,04,B,24,341.0,0.0,27.859,21.739,26.1,26.812,24.047,15.217,8.211,6.159,4.692,9.783,3.226,13.043,5.865,7.246
04B2G,04,B,24,359.0,0.0,21.727,22.333,40.947,27.333,16.713,14.0,3.9,6.0,3.064,9.667,7.242,14.0,6.407,6.667
04B2H,04,B,24,408.0,0.0,23.284,22.324,42.892,27.523,14.706,14.067,4.167,6.116,4.167,9.48,4.902,14.067,5.882,6.422
04B2I,04,B,24,756.0,0.0,18.386,21.967,42.725,27.541,17.46,16.066,5.026,6.23,3.175,9.836,7.407,13.115,5.82,5.246
04B2J,04,B,24,460.0,0.0,19.13,21.372,44.348,29.288,13.478,13.984,4.13,5.277,4.783,10.29,9.348,15.303,4.783,4.485
04B2K,04,B,24,321.0,0.0,21.807,21.519,40.498,27.004,15.888,15.612,2.181,6.751,6.854,9.283,8.411,13.502,4.361,6.329
04B2L,04,B,24,351.0,0.0,20.798,21.612,25.071,27.473,25.356,16.484,6.268,6.96,5.698,9.158,5.983,13.187,10.826,5.128
04B2M,04,B,24,260.0,0.0,20.0,21.318,16.923,27.519,33.462,16.279,10.385,6.977,2.308,9.302,5.385,13.178,11.538,5.426
04B2N,04,B,24,446.0,0.0,21.076,22.571,45.516,26.646,13.901,14.734,4.933,6.27,5.381,10.345,5.157,15.361,4.036,4.075
04B2P,04,B,24,432.0,0.0,17.361,21.429,45.37,29.847,15.046,14.031,2.778,5.102,3.704,10.459,9.722,15.561,6.019,3.571
04B2Q,04,B,24,423.0,0.0,21.277,22.526,38.534,26.962,20.095,15.017,4.255,5.802,2.837,10.239,7.801,15.358,5.201,4.096
04B2R,04,B,24,403.0,0.0,26.055,22.591,40.695,26.91,15.385,14.95,4.467,5.98,2.73,10.299,6.452,15.282,4.218,3.987
04B2S,04,B,24,388.0,0.0,18.557,19.121,40.206,29.457,20.619,17.829,4.639,5.168,2.32,9.044,9.794,16.021,3.866,3.359
04B2T,04,B,24,436.0,0.0,17.89,22.109,41.743,26.531,15.826,15.306,3.899,6.463,3.44,10.204,10.092,14.626,7.11,4.762
04B2U,04,B,24,356.0,0.0,23.315,22.148,24.719,26.51,26.124,15.436,9.551,6.376,4.775,10.067,5.899,14.765,5.618,4.698
04B2V,04,B,24,332.0,0.0,20.181,22.302,35.542,26.619,14.458,15.468,4.518,6.475,3.614,10.432,11.145,14.748,10.542,3.957
04B2W,04,B,24,333.0,0.0,17.718,19.547,39.64,29.462,21.622,17.564,2.402,5.099,2.402,9.348,10.811,15.864,5.405,3.116
04B2X,04,B,24,452.0,0.0,18.805,21.834,23.894,27.948,29.425,15.721,6.637,6.114,3.097,10.044,9.292,13.974,8.85,4.367
04B2Y,04,B,24,406.0,0.0,18.966,21.951,40.394,28.049,17.734,15.041,2.956,5.691,3.448,10.569,9.36,14.634,7.143,4.065
04B3A,04,B,25,336.0,0.0,16.667,22.623,23.81,17.377,28.869,22.623,12.798,11.148,2.679,7.541,6.548,10.492,8.631,8.197
04B3B,04,B,25,300.0,0.0,26.0,22.727,24.333,17.483,24.667,22.727,8.333,11.189,4.333,7.343,6.0,10.49,6.333,8.042
04B3C,04,B,25,313.0,0.0,21.406,22.789,29.073,17.687,23.323,22.789,8.307,11.224,4.792,7.483,6.39,10.544,6.709,7.483
04B3D,04,B,25,604.0,0.0,21.192,22.67,25.331,15.869,27.815,25.693,7.616,12.343,3.311,7.053,7.781,9.572,6.954,6.801
04B3E,04,B,25,476.0,0.0,21.218,22.517,17.857,17.55,33.824,23.51,11.345,11.258,2.521,7.285,5.252,10.927,7.983,6.954
04B3F,04,B,25,262.0,0.0,19.084,22.5,15.649,17.857,35.496,23.214,16.031,11.429,2.29,7.5,3.053,10.714,8.397,6.786
04B3G,04,B,25,344.0,0.0,19.477,22.727,21.512,17.045,34.884,24.242,10.465,11.364,3.488,7.197,3.198,10.985,6.977,6.439
04B3H,04,B,25,540.0,0.0,24.259,23.961,28.704,18.582,19.074,20.049,10.741,10.513,4.444,9.291,4.63,11.736,8.148,5.868
04B3I,04,B,25,423.0,0.0,21.986,23.511,29.314,18.495,22.459,21.317,7.329,10.658,5.91,8.777,6.147,11.912,6.856,5.329
04B3J,04,B,25,361.0,0.0,17.452,23.297,24.654,17.921,29.086,21.864,10.803,10.753,4.709,8.244,6.371,11.828,6.925,6.093
04B3K,04,B,25,607.0,0.0,17.463,22.571,36.244,19.143,23.229,22.857,5.437,11.143,3.295,7.714,8.896,12.286,5.437,4.286
04B3L,04,B,25,384.0,0.0,19.792,22.741,33.854,19.003,22.396,22.741,7.031,11.215,2.604,7.788,9.375,12.15,4.948,4.361
04B3M,04,B,25,369.0,0.0,21.951,22.903,22.764,18.387,33.604,23.548,9.485,11.29,1.626,7.097,4.065,11.935,6.504,4.839
04B3N,04,B,25,371.0,0.0,20.755,22.901,27.763,18.321,27.763,22.901,11.86,11.069,2.965,7.634,4.313,11.832,4.582,5.344
04B3P,04,B,25,337.0,0.0,19.585,22.936,30.564,18.349,27.3,23.547,7.418,11.315,1.484,7.034,9.199,11.927,4.451,4.893
04B3Q,04,B,25,389.0,0.0,20.308,22.642,19.28,19.182,29.049,22.642,12.339,11.321,3.599,7.862,7.455,11.95,7.969,4.403
04B3R,04,B,25,499.0,0.0,20.24,23.355,21.844,18.421,34.469,23.684,10.22,11.184,1.603,6.908,7.415,11.842,4.208,4.605
04B3S,04,B,25,619.0,0.0,20.679,23.932,23.425,18.234,31.341,23.077,10.339,11.111,3.231,7.123,4.847,11.966,6.139,4.558
04B3T,04,B,25,332.0,0.0,17.771,23.256,29.819,18.217,30.12,23.256,7.229,10.853,1.807,7.364,5.723,12.016,7.53,5.039
04B3U,04,B,25,415.0,0.0,24.578,22.353,25.783,18.235,29.398,22.647,7.229,10.294,1.928,7.647,6.747,14.118,4.337,4.706
04B3V,04,B,25,655.0,0.0,16.489,23.333,36.031,18.462,20.0,23.077,6.412,10.256,3.359,7.436,9.618,13.846,8.092,3.59
04B3W,04,B,25,361.0,0.0,19.945,23.413,20.499,17.857,33.518,23.81,9.141,11.111,3.047,7.143,3.878,11.508,9.972,5.159
04B4A,04,B,26,473.0,0.0,22.622,22.36,23.256,18.323,32.347,20.497,8.668,8.075,3.171,9.627,4.863,13.354,5.074,7.764
04B4B,04,B,26,319.0,0.0,29.467,22.378,28.213,18.881,19.749,19.93,5.329,8.392,4.389,9.091,4.702,13.986,8.15,7.343
04B4C,04,B,26,403.0,0.0,16.873,22.42,30.521,18.861,23.573,20.285,10.422,8.185,2.73,8.897,10.67,14.235,5.211,7.117
04B4D,04,B,26,509.0,0.0,19.057,21.644,26.719,18.63,30.255,23.014,8.644,8.493,2.161,8.493,6.09,13.151,7.073,6.575
04B4E,04,B,26,343.0,0.0,18.659,22.615,24.781,18.728,31.195,20.495,6.997,8.127,2.915,9.187,6.414,13.781,9.038,7.067
04B4F,04,B,26,284.0,0.0,19.366,22.491,32.746,18.685,24.648,20.761,5.282,8.304,2.465,9.343,6.338,13.495,9.155,6.92
04B4G,04,B,26,325.0,0.0,21.846,22.373,28.615,19.322,24.0,21.695,6.769,8.136,5.846,8.475,6.462,13.559,6.462,6.441
04B4H,04,B,26,433.0,0.0,19.63,22.635,26.328,19.257,30.716,21.959,7.852,7.77,3.464,8.446,7.39,13.851,4.619,6.081
04B4I,04,B,26,276.0,0.0,18.478,22.222,25.362,18.889,32.971,22.222,6.522,8.148,5.797,8.519,4.71,13.704,6.159,6.296
04B4J,04,B,26,348.0,0.0,15.805,22.041,25.862,19.184,37.069,22.041,5.747,8.163,1.724,8.571,8.621,13.878,5.172,6.122
04B4K,04,B,26,497.0,0.0,17.103,23.05,27.163,19.149,28.773,21.631,8.451,7.801,3.018,8.511,6.036,14.894,9.457,4.965
04B4L,04,B,26,262.0,0.0,18.702,21.649,25.191,19.244,27.481,22.337,8.779,7.904,6.107,8.591,8.397,14.777,5.344,5.498
04B4M,04,B,26,327.0,0.0,23.547,21.691,25.688,19.118,23.853,22.059,3.976,8.088,4.587,8.456,11.315,14.706,7.034,5.882
04B4N,04,B,26,558.0,0.0,22.939,22.945,28.674,20.205,23.477,19.863,6.452,7.877,2.867,9.247,10.573,15.068,5.018,4.795
04B4P,04,B,26,260.0,0.0,20.769,22.794,34.231,19.485,20.385,20.956,5.385,7.721,4.231,8.456,10.385,15.809,4.615,4.779
04B4Q,04,B,26,644.0,0.0,18.168,22.886,32.453,19.403,27.329,20.896,6.522,7.96,3.416,8.209,7.453,17.164,4.658,3.483
04B4R,04,B,26,356.0,0.0,21.067,21.429,28.09,19.156,19.944,22.727,9.831,8.117,2.809,8.442,11.517,14.935,6.742,5.195
04B4S,04,B,26,446.0,0.0,19.507,21.516,34.529,21.76,18.161,18.826,5.83,7.335,2.691,9.291,14.35,16.87,4.933,4.401
04B4T,04,B,26,454.0,0.0,18.943,21.451,36.784,20.189,20.044,20.189,6.608,7.571,3.744,9.148,7.93,17.35,5.947,4.101
04B4U,04,B,26,213.0,0.0,18.779,21.875,43.662,20.703,15.962,20.312,2.817,7.812,2.347,8.984,10.329,15.625,6.103,4.688
04B4V,04,B,26,359.0,0.0,23.398,21.725,36.212,20.128,20.613,20.447,5.014,7.348,2.507,9.265,9.471,17.252,2.786,3.834
04B4W,04,B,26,407.0,0.0,22.359,21.782,39.312,20.132,14.988,20.462,4.423,7.591,3.44,9.241,10.565,17.162,4.914,3.63
04B4X,04,B,26,425.0,0.0,15.294,23.194,34.588,20.152,24.235,20.532,4.706,8.365,4.471,9.506,9.176,14.449,7.529,3.802
04B4Y,04,B,26,393.0,0.0,24.173,22.747,24.427,20.172,27.99,21.888,7.634,7.725,0.763,8.584,8.397,14.592,6.616,4.292
04B5A,04,B,27,352.0,0.0,14.773,16.456,49.148,30.696,9.943,12.342,1.705,5.696,3.693,9.494,17.045,18.671,3.693,6.646
04B5B,04,B,27,665.0,0.0,17.444,16.986,51.88,31.507,7.368,12.055,2.857,5.753,3.158,9.589,12.932,18.356,4.361,5.753
04B5C,04,B,27,352.0,0.0,13.068,16.272,53.125,31.361,13.636,12.13,2.557,5.621,1.989,9.467,11.648,19.231,3.977,5.917
04B5D,04,B,27,323.0,0.0,22.601,18.478,33.746,27.536,16.099,13.768,5.263,6.884,4.334,9.783,9.598,16.304,8.359,7.246
04B5E,04,B,27,691.0,0.0,19.682,19.427,34.732,27.389,20.984,14.65,7.381,7.006,2.75,9.873,8.683,15.924,5.789,5.732
04B5F,04,B,27,368.0,0.0,22.554,19.636,30.707,26.182,21.739,14.545,5.978,6.909,4.076,10.182,8.424,15.636,6.522,6.909
04B5G,04,B,27,511.0,0.0,20.744,20.984,33.464,24.611,21.722,15.544,5.871,7.513,3.914,10.363,8.806,14.508,5.479,6.477
04B5H,04,B,27,424.0,0.0,19.575,19.472,36.085,26.733,25.943,14.851,5.189,6.931,2.123,10.231,5.66,17.162,5.425,4.62
04B5I,04,B,27,386.0,0.0,21.244,19.084,36.528,27.481,19.689,14.504,4.145,6.87,4.663,9.924,8.29,17.176,5.44,4.962
04B5J,04,B,27,635.0,0.0,23.78,19.753,39.055,27.16,14.803,15.123,4.252,6.79,5.827,10.185,6.929,16.975,5.354,4.012
04B5K,04,B,27,274.0,0.0,21.168,19.164,27.007,27.875,16.423,13.937,7.664,6.969,6.569,10.453,9.489,17.073,11.679,4.53
04B5L,04,B,27,722.0,0.0,19.668,19.792,33.102,27.344,23.407,14.062,5.263,7.031,3.74,10.677,9.28,16.667,5.54,4.427
04B5M,04,B,27,628.0,0.0,25.0,20.964,27.707,26.265,24.522,16.386,5.255,7.711,4.777,9.88,6.051,14.458,6.688,4.337
04B5N,04,B,27,439.0,0.0,19.134,20.499,38.724,26.593,16.629,16.066,6.378,7.479,4.784,9.972,7.973,15.235,6.378,4.155
04B5P,04,B,27,339.0,0.0,17.994,18.241,39.528,30.293,14.454,13.355,5.31,6.515,6.785,10.423,8.26,17.264,7.67,3.909
04B5Q,04,B,27,442.0,0.0,19.457,18.182,44.344,30.721,16.516,13.166,2.941,6.583,2.715,10.345,8.824,17.241,5.204,3.762
04B5R,04,B,27,371.0,0.0,9.973,18.256,52.291,31.608,9.164,11.444,1.078,5.45,7.278,8.992,17.251,21.253,2.965,2.997
04B5S,04,B,27,324.0,0.0,18.519,18.208,50.617,31.503,9.259,11.561,3.086,5.491,5.556,9.249,6.79,20.809,6.173,3.179
04B5T,04,B,27,515.0,0.0,10.485,14.536,60.583,34.336,7.184,11.278,1.165,4.762,2.136,10.777,17.087,21.554,1.359,2.757
04B5U,04,B,27,468.0,0.0,15.812,14.66,54.274,34.293,9.188,11.257,2.778,4.974,4.274,10.733,11.538,21.204,2.137,2.88
04B5V,04,B,27,331.0,0.0,19.637,19.203,43.807,28.986,13.897,14.13,5.438,6.884,3.927,10.145,7.251,16.667,6.042,3.986
04B5W,04,B,27,263.0,0.0,18.631,18.952,33.84,28.226,26.236,14.516,4.943,6.452,3.042,10.484,11.027,17.339,2.281,4.032
04B6A,04,B,28,643.0,0.0,19.751,21.829,33.281,21.534,22.084,20.354,7.932,7.08,2.644,8.26,7.932,13.274,6.376,7.67
04B6B,04,B,28,674.0,0.0,19.436,22.636,30.712,21.203,27.745,20.63,5.935,7.736,2.671,7.736,9.496,13.467,4.006,6.59
04B6C,04,B,28,305.0,0.0,25.574,21.908,29.18,21.555,23.279,20.495,5.902,7.42,2.623,8.127,8.197,13.428,5.246,7.067
04B6D,04,B,28,536.0,0.0,19.403,22.687,31.903,21.493,23.881,20.896,7.649,8.06,4.104,7.761,6.343,13.433,6.716,5.672
04B6E,04,B,28,357.0,0.0,19.608,22.654,33.894,20.712,21.569,21.359,5.322,8.091,3.922,7.767,9.524,12.945,6.162,6.472
04B6F,04,B,28,358.0,0.0,25.419,21.986,29.609,20.922,20.112,21.277,8.101,7.447,2.793,8.511,9.497,13.121,4.469,6.738
04B6G,04,B,28,407.0,0.0,21.376,22.591,31.45,20.93,28.256,22.924,7.125,7.973,2.457,7.641,5.16,12.625,4.177,5.316
04B6H,04,B,28,357.0,0.0,19.328,22.022,34.454,21.3,27.171,21.661,6.162,7.942,1.961,8.303,7.283,12.996,3.641,5.776
04B6I,04,B,28,427.0,0.0,18.735,22.054,33.255,21.752,22.014,21.752,5.152,7.855,6.323,8.459,7.26,12.689,7.26,5.438
04B6J,04,B,28,541.0,0.0,23.845,22.118,26.248,21.495,27.542,21.807,6.654,7.788,2.403,8.411,7.579,12.773,5.73,5.607
04B6K,04,B,28,414.0,0.0,22.705,22.34,32.126,21.277,23.671,21.631,5.556,7.447,3.865,8.865,6.763,12.411,5.314,6.028
04B6L,04,B,28,382.0,0.0,22.251,22.3,32.461,21.951,17.801,21.254,6.806,8.014,4.974,8.362,9.948,12.892,5.759,5.226
04B6M,04,B,28,392.0,0.0,23.724,22.968,26.531,20.848,29.592,22.968,6.122,8.127,2.806,7.774,4.337,12.367,6.888,4.947
04B6N,04,B,28,398.0,0.0,19.095,23.03,29.397,20.606,32.161,23.333,7.286,8.182,2.01,7.576,5.025,12.424,5.025,4.848
04B6P,04,B,28,397.0,0.0,23.929,22.344,20.151,21.245,32.242,21.612,6.801,7.692,2.771,8.791,6.045,12.821,8.06,5.495
04B6Q,04,B,28,335.0,0.0,19.701,22.642,23.582,21.509,32.836,21.887,8.06,7.925,3.881,8.679,5.075,12.83,6.866,4.528
04B6R,04,B,28,480.0,0.0,23.125,22.258,31.667,21.935,21.042,21.29,6.25,8.065,2.708,8.387,6.875,12.903,8.333,5.161
04B6S,04,B,28,363.0,0.0,17.355,22.727,27.273,21.591,28.65,21.97,8.54,7.576,3.306,9.091,4.683,12.5,10.193,4.545
04B6T,04,B,28,471.0,0.0,19.745,22.712,27.601,21.356,28.45,22.034,7.006,7.797,3.609,9.153,8.493,12.542,5.096,4.407
04B6U,04,B,28,396.0,0.0,26.515,22.476,28.535,21.824,23.737,20.847,6.566,8.143,3.283,8.469,4.545,13.029,6.818,5.212
04B6V,04,B,28,393.0,0.0,22.137,22.968,23.664,20.848,31.552,22.968,5.598,8.481,1.781,7.774,5.852,12.014,9.415,4.947
04B6W,04,B,28,337.0,0.0,21.662,22.648,19.288,20.906,33.531,22.997,8.309,8.362,1.78,8.014,6.825,12.195,8.605,4.878
04B6X,04,B,28,312.0,0.0,21.795,22.826,22.436,21.014,26.603,22.826,9.936,8.333,3.205,7.971,7.372,11.957,8.654,5.072
04B6Y,04,B,28,268.0,0.0,28.358,22.553,30.597,21.702,20.149,21.702,5.597,7.66,5.97,8.511,3.731,12.766,5.597,5.106
04B7A,04,B,29,425.0,0.0,22.588,21.824,31.529,22.801,19.059,17.59,8.941,8.469,5.176,10.098,5.176,11.075,7.529,8.143
04B7B,04,B,29,307.0,0.0,22.801,19.805,35.179,24.351,16.612,16.883,4.56,7.792,5.863,11.039,5.537,11.688,9.446,8.442
04B7C,04,B,29,332.0,0.0,17.47,21.622,22.289,22.635,30.12,17.568,12.048,8.446,3.614,10.135,7.53,11.149,6.928,8.446
04B7D,04,B,29,385.0,0.0,23.117,21.782,32.208,22.772,20.779,17.492,7.792,8.581,3.896,10.231,4.416,11.221,7.792,7.921
04B7E,04,B,29,392.0,0.0,20.663,21.352,22.449,22.776,36.224,18.861,5.612,8.541,2.041,9.609,5.612,10.32,7.398,8.541
04B7F,04,B,29,365.0,0.0,23.836,21.678,28.219,22.727,26.301,19.231,9.041,8.741,1.644,9.79,4.11,10.14,6.849,7.692
04B7G,04,B,29,251.0,0.0,21.116,21.481,17.928,22.963,27.49,18.889,12.749,8.889,4.382,10.0,5.179,10.37,11.155,7.407
04B7H,04,B,29,346.0,0.0,18.786,21.865,34.971,24.116,25.145,18.328,5.491,8.36,4.046,9.325,6.358,11.897,5.202,6.109
04B7I,04,B,29,423.0,0.0,22.222,20.958,39.48,25.449,14.657,16.467,5.201,8.084,5.674,11.078,5.91,10.778,6.856,7.186
04B7J,04,B,29,500.0,0.0,26.2,21.865,33.2,24.116,22.2,18.328,6.4,8.36,2.6,9.325,4.8,11.897,4.6,6.109
04B7K,04,B,29,514.0,0.0,22.568,21.233,36.187,25.0,19.066,16.781,7.393,8.219,3.502,10.959,3.891,10.959,7.393,6.849
04B7L,04,B,29,462.0,0.0,25.541,21.509,33.117,24.151,24.675,18.113,4.113,8.302,2.381,9.434,5.195,11.698,4.978,6.792
04B7M,04,B,29,422.0,0.0,21.327,21.901,35.545,23.967,20.853,17.355,6.398,8.264,3.555,9.917,7.346,11.57,4.976,7.025
04B7N,04,B,29,385.0,0.0,18.961,22.222,30.649,22.876,23.896,19.281,9.091,9.15,2.597,9.804,6.753,10.784,8.052,5.882
04B7P,04,B,29,422.0,0.0,23.46,22.222,39.573,24.183,10.9,16.667,4.976,8.497,6.161,10.784,6.872,11.765,8.057,5.882
04B7Q,04,B,29,407.0,0.0,19.902,22.222,28.501,23.203,20.885,19.281,13.514,9.15,3.686,9.804,5.16,10.458,8.354,5.882
04B7R,04,B,29,428.0,0.0,20.561,22.145,25.701,23.183,30.374,19.377,7.477,8.997,2.57,9.689,7.71,10.381,5.607,6.228
04B7S,04,B,29,618.0,0.0,25.89,19.574,41.1,25.532,11.489,16.809,4.045,7.447,5.825,12.128,7.929,12.34,3.722,6.17
04B7T,04,B,29,387.0,0.0,22.997,21.101,43.411,26.606,13.437,16.514,4.134,7.951,3.618,10.092,9.561,12.844,2.842,4.893
04B7U,04,B,29,457.0,0.0,23.632,21.402,39.387,25.83,14.661,17.343,5.908,7.749,3.939,10.332,5.908,12.177,6.565,5.166
04B7V,04,B,29,383.0,0.0,25.065,21.429,37.337,26.299,16.71,16.883,4.7,7.792,3.655,10.065,7.572,12.662,4.961,4.87
04B7W,04,B,29,690.0,0.0,22.754,21.725,37.826,26.198,15.362,16.933,4.203,8.307,3.913,11.182,9.42,10.863,6.522,4.792
04B7X,04,B,29,596.0,0.0,21.141,22.899,45.638,24.638,14.597,16.522,3.02,8.696,3.188,11.304,7.383,11.594,5.034,4.348
04B7Y,04,B,29,309.0,0.0,22.33,22.266,24.272,24.219,29.45,19.531,9.709,8.594,4.207,10.156,4.854,10.547,5.178,4.688
04B7Z,04,B,29,427.0,0.0,24.59,22.363,25.995,24.895,20.141,17.3,10.07,8.439,3.044,10.549,7.963,11.392,8.197,5.063
04B8A,04,B,23,339.0,0.0,23.009,21.721,27.139,19.672,24.189,20.082,9.145,9.016,3.54,10.246,6.785,9.836,6.195,9.426
04B8B,04,B,23,514.0,0.0,21.401,22.34,29.572,20.567,25.486,20.922,6.809,9.22,4.475,10.284,5.447,9.929,6.809,6.738
04B8C,04,B,23,349.0,0.0,25.501,22.308,32.378,20.385,20.63,20.769,7.163,9.231,2.579,10.385,3.152,10.0,8.596,6.923
04B8D,04,B,23,273.0,0.0,17.949,22.17,27.106,18.868,25.275,20.283,8.059,9.906,5.128,11.792,7.692,9.434,8.791,7.547
04B8E,04,B,23,263.0,0.0,20.152,21.891,30.038,19.403,20.152,19.9,6.844,9.95,7.605,11.94,6.084,9.453,9.125,7.463
04B8F,04,B,23,410.0,0.0,19.268,22.541,24.146,19.262,29.024,20.492,8.293,9.836,4.634,11.885,6.341,9.426,8.293,6.557
04B8G,04,B,23,358.0,0.0,17.877,22.271,23.184,19.214,31.285,20.524,8.659,10.044,5.307,11.79,3.911,9.17,9.777,6.987
04W101,04,W,23,322.0,1114.0,19.565,22.757,28.261,17.724,12.112,8.972,7.143,9.19,14.286,23.195,5.59,7.44,13.043,10.722
04W102,04,W,23,155.0,660.0,29.677,26.159,18.065,18.543,16.774,10.927,5.806,7.947,12.903,17.881,6.452,6.954,10.323,11.589
04W103,04,W,23,397.0,1238.0,19.144,27.15,35.516,20.405,9.824,10.793,8.06,6.914,14.61,17.707,4.534,7.083,8.312,9.949
04W104,04,W,23,275.0,1032.0,21.455,25.114,34.182,17.808,4.727,9.589,6.909,6.621,15.273,22.374,5.455,8.219,12.0,10.274
04W105,04,W,23,304.0,1118.0,24.342,21.622,31.579,18.919,9.539,10.36,7.566,9.009,12.171,23.198,4.276,5.856,10.526,11.036
04W106,04,W,23,249.0,990.0,24.498,22.251,24.498,18.325,13.655,9.162,8.835,8.639,13.655,24.346,5.221,7.33,9.639,9.948
04W107,04,W,23,332.0,1155.0,19.277,25.788,39.458,23.562,5.12,6.865,5.12,5.937,18.072,23.006,6.325,8.72,6.627,6.122
04W108,04,W,23,157.0,459.0,22.293,24.365,36.306,17.259,9.554,8.122,6.369,7.107,14.013,20.812,2.548,5.076,8.917,17.259
04W109,04,W,23,259.0,1061.0,16.988,20.844,35.521,20.317,8.108,8.707,6.178,7.652,18.533,22.955,5.405,6.86,9.266,12.665
04W110,04,W,23,337.0,1151.0,28.19,28.148,33.531,21.481,7.715,7.037,5.045,7.963,13.65,18.148,4.154,7.963,7.715,9.259
04W111,04,W,23,279.0,981.0,20.072,31.044,37.276,22.527,6.093,8.516,5.018,5.769,15.054,17.308,7.168,6.319,9.319,8.516
04W112,04,W,23,410.0,1137.0,23.415,27.178,19.756,13.589,19.512,14.46,11.463,11.324,9.512,17.77,4.634,5.052,11.707,10.627
04W113,04,W,23,487.0,1297.0,19.097,22.969,22.793,13.125,22.177,19.219,11.704,13.125,7.392,12.188,5.955,8.906,10.883,10.469
04W114,04,W,23,396.0,1151.0,18.939,24.381,20.707,15.048,25.0,17.905,10.354,12.571,9.091,10.857,4.293,8.381,11.616,10.857
04W115,04,W,23,426.0,1126.0,17.371,21.565,17.136,12.522,28.638,25.739,15.258,13.565,7.042,9.565,4.225,9.043,10.329,8.0
04W116,04,W,23,485.0,1244.0,17.732,23.328,20.0,12.072,31.134,23.491,8.247,11.909,7.423,11.256,5.979,7.504,9.485,10.44
04W117,04,W,23,325.0,1047.0,22.769,28.469,23.077,15.789,18.769,19.378,8.308,11.244,8.308,10.048,9.538,8.612,9.231,6.459
04W118,04,W,23,325.0,1155.0,22.769,23.529,19.077,14.118,28.923,19.02,10.769,15.49,6.769,11.373,4.615,6.078,7.077,10.392
04W119,04,W,23,401.0,1199.0,20.698,27.013,16.708,15.027,24.688,20.394,17.456,11.807,6.484,10.555,5.985,8.587,7.98,6.619
04W201,04,W,24,320.0,921.0,22.5,17.169,34.688,20.882,22.188,20.882,2.5,6.961,6.875,10.441,6.562,15.545,4.688,8.121
04W202,04,W,24,361.0,1078.0,21.607,24.386,35.18,23.44,16.62,14.934,6.925,4.915,6.371,13.8,6.925,12.287,6.371,6.238
04W203,04,W,24,307.0,987.0,15.309,18.966,34.853,23.922,17.915,14.44,7.166,5.172,10.098,10.776,11.401,19.828,3.257,6.897
04W204,04,W,24,384.0,1323.0,24.219,21.972,41.146,28.31,10.156,10.141,5.469,6.761,7.552,17.042,6.51,12.113,4.948,3.662
04W205,04,W,24,318.0,924.0,18.868,18.083,36.478,27.887,13.836,11.111,5.031,5.447,6.918,12.636,12.579,16.993,6.289,7.843
04W206,04,W,24,372.0,1155.0,22.312,24.593,36.559,25.61,11.29,8.943,5.376,5.488,10.753,15.244,6.72,10.772,6.989,9.35
04W207,04,W,24,397.0,1169.0,17.38,19.625,30.73,23.72,16.877,13.993,9.068,8.874,9.32,13.311,7.053,13.481,9.572,6.997
04W208,04,W,24,242.0,1224.0,23.967,28.894,20.248,16.479,21.488,11.061,11.157,14.447,9.917,11.738,6.198,7.675,7.025,9.707
04W209,04,W,24,349.0,979.0,19.198,25.447,30.946,23.658,23.782,15.905,6.017,5.567,6.59,11.531,6.017,12.127,7.45,5.765
04W210,04,W,24,436.0,1158.0,21.101,25.958,42.661,26.307,15.596,10.105,4.358,7.317,7.339,12.544,4.358,11.15,4.587,6.62
04W211,04,W,24,428.0,1081.0,22.664,20.656,35.28,24.903,15.654,13.707,4.439,8.108,6.075,12.548,10.514,14.286,5.374,5.792
04W212,04,W,24,458.0,1210.0,25.328,22.942,34.498,25.744,16.812,14.011,3.93,6.13,6.114,11.559,7.86,14.186,5.459,5.429
04W213,04,W,24,288.0,828.0,21.528,24.198,40.972,25.185,13.542,12.84,3.819,3.951,6.25,12.593,8.333,15.802,5.556,5.432
04W214,04,W,24,410.0,1266.0,20.488,24.394,22.195,15.744,22.439,15.398,10.244,10.554,9.756,13.841,4.146,7.093,10.732,12.976
04W215,04,W,24,337.0,1041.0,23.442,28.508,17.507,10.69,26.706,24.944,13.65,14.699,6.528,7.795,2.967,4.677,9.199,8.686
04W216,04,W,24,451.0,1286.0,20.177,21.646,38.581,20.884,16.63,17.988,4.213,5.488,6.208,9.909,8.647,18.75,5.543,5.335
04W217,04,W,24,460.0,1244.0,20.87,20.893,32.174,25.997,21.304,15.63,5.87,7.177,5.435,7.974,7.826,17.863,6.522,4.466
04W218,04,W,24,424.0,1230.0,17.453,23.42,39.387,22.677,16.274,14.684,6.84,7.435,5.896,11.152,8.491,16.914,5.66,3.717
04W219,04,W,24,384.0,1176.0,23.958,24.194,29.948,22.581,14.062,12.366,7.292,8.423,7.812,10.753,10.938,15.233,5.99,6.452
04W220,04,W,24,526.0,1150.0,17.681,16.189,30.798,24.115,23.574,22.597,7.795,7.42,4.563,7.251,11.597,18.044,3.992,4.384
04W221,04,W,24,419.0,1218.0,18.854,23.604,31.026,20.901,19.809,16.757,6.921,7.748,4.535,8.108,9.547,16.757,9.308,6.126
04W222,04,W,24,410.0,1215.0,17.561,25.521,25.854,17.535,25.366,18.229,7.805,11.458,7.805,11.285,6.341,9.896,9.268,6.076
04W223,04,W,24,359.0,1095.0,19.22,23.429,27.019,18.286,21.448,18.095,5.85,10.286,8.078,10.667,8.635,12.952,9.749,6.286
04W224,04,W,24,510.0,1050.0,16.471,14.894,33.529,25.859,27.843,26.35,4.314,7.365,2.549,6.547,10.784,15.385,4.51,3.601
04W225,04,W,24,423.0,1575.0,20.567,29.73,19.385,13.514,27.66,19.595,9.693,14.865,5.91,9.459,6.147,5.856,10.638,6.982
04W226,04,W,24,375.0,1088.0,27.467,24.558,30.4,26.13,17.6,13.163,5.867,4.126,5.867,12.574,8.267,16.11,4.533,3.34
04W227,04,W,24,404.0,1063.0,13.366,19.403,39.851,26.652,19.802,13.22,2.97,5.33,5.941,11.727,12.624,18.977,5.446,4.691
04W301,04,W,25,437.0,1270.0,20.824,24.727,16.934,11.818,23.112,17.636,14.645,16.545,10.297,11.818,4.119,7.091,10.069,10.364
04W302,04,W,25,401.0,1049.0,20.698,26.691,20.698,13.346,25.187,22.852,10.723,12.431,6.733,9.872,5.736,8.958,10.224,5.85
04W303,04,W,25,468.0,1157.0,17.094,20.266,28.205,16.777,28.419,25.748,7.906,11.628,3.846,8.14,7.479,10.963,7.051,6.478
04W304,04,W,25,422.0,1039.0,18.72,22.158,24.882,15.607,24.645,21.965,10.427,13.68,6.635,9.634,6.635,9.634,8.057,7.322
04W305,04,W,25,360.0,926.0,24.167,26.339,15.556,12.946,31.111,25.223,15.0,13.393,5.278,5.357,1.667,6.696,7.222,10.045
04W306,04,W,25,463.0,1038.0,19.654,24.126,15.335,10.664,33.693,32.168,17.279,18.007,1.944,4.371,3.456,3.846,8.639,6.818
04W307,04,W,25,469.0,1186.0,17.91,23.611,20.896,11.265,30.064,28.086,11.301,17.13,5.544,6.79,4.051,5.71,10.235,7.407
04W308,04,W,25,278.0,757.0,25.54,25.668,26.259,17.914,15.108,15.508,8.633,11.497,6.115,10.428,6.835,8.289,11.511,10.695
04W309,04,W,25,450.0,1291.0,19.778,25.641,28.222,18.75,17.333,16.506,10.889,9.615,8.889,10.737,4.889,10.737,10.0,8.013
04W310,04,W,25,437.0,1135.0,22.197,24.174,22.654,15.826,24.027,21.043,13.501,10.435,5.721,9.913,5.492,10.609,6.407,8.0
04W311,04,W,25,347.0,971.0,22.767,23.423,22.19,16.441,24.784,22.748,9.51,12.162,2.017,8.108,7.781,10.811,10.951,6.306
04W312,04,W,25,284.0,791.0,23.944,23.858,17.254,16.751,31.338,20.558,8.803,13.452,4.577,6.853,4.225,10.914,9.859,7.614
04W313,04,W,25,418.0,1175.0,21.292,20.939,25.359,18.2,25.598,21.722,7.895,12.524,4.785,10.372,6.699,9.393,8.373,6.849
04W314,04,W,25,410.0,1136.0,21.707,24.31,17.561,14.655,32.683,27.241,13.902,10.0,3.171,7.759,5.366,9.828,5.61,6.207
04W315,04,W,25,412.0,1114.0,17.476,23.304,22.573,14.609,31.553,25.565,11.408,13.217,4.126,6.435,6.553,11.478,6.311,5.391
04W316,04,W,25,476.0,1169.0,25.21,25.125,26.05,16.972,21.008,20.965,6.513,8.486,4.832,8.985,10.504,13.478,5.882,5.99
04W317,04,W,25,420.0,995.0,20.714,21.839,30.476,19.157,23.095,16.475,7.619,8.429,3.333,9.195,7.857,17.241,6.905,7.663
04W318,04,W,25,476.0,1115.0,18.067,22.848,14.916,13.245,33.613,28.311,14.286,14.735,3.992,5.298,7.983,8.775,7.143,6.788
04W319,04,W,25,365.0,905.0,22.466,25.156,18.904,12.682,34.247,25.988,12.055,15.8,3.014,9.356,5.205,7.692,4.11,3.326
04W320,04,W,25,345.0,1017.0,18.551,21.769,19.42,12.472,29.275,26.304,14.493,12.472,4.348,9.297,8.116,10.431,5.797,7.256
04W321,04,W,25,421.0,1105.0,21.378,24.017,21.853,18.341,27.316,20.961,7.363,9.607,4.988,10.044,10.689,12.009,6.413,5.022
04W322,04,W,25,452.0,1199.0,19.912,24.374,21.903,14.023,30.088,25.543,9.735,13.022,3.54,7.179,7.743,11.686,7.08,4.174
04W323,04,W,25,395.0,1108.0,20.253,20.619,26.329,21.237,26.329,17.526,6.835,9.278,5.316,11.134,8.861,13.402,6.076,6.804
04W324,04,W,25,406.0,1090.0,24.877,25.498,27.833,16.733,20.936,19.323,7.143,9.96,5.172,8.566,7.143,14.741,6.897,5.179
04W325,04,W,25,193.0,695.0,17.617,25.256,18.653,15.358,31.088,24.232,9.326,10.922,5.699,9.215,10.363,11.263,7.254,3.754
04W326,04,W,25,308.0,915.0,17.857,22.845,23.052,14.224,24.675,25.431,12.662,14.009,5.844,6.897,8.117,11.638,7.792,4.957
04W327,04,W,25,339.0,976.0,23.304,25.806,21.239,14.409,30.383,24.731,9.44,13.978,3.835,7.097,3.245,8.172,8.555,5.806
04W328,04,W,25,375.0,973.0,28.0,26.062,25.333,17.181,17.6,17.954,8.533,11.197,6.667,10.425,3.2,9.073,10.667,8.108
04W329,04,W,25,498.0,1203.0,18.474,23.941,21.687,12.378,29.116,27.85,15.462,15.798,4.418,7.329,2.41,6.84,8.434,5.863
04W401,04,W,26,383.0,1310.0,18.799,22.549,21.149,14.542,26.371,24.346,12.272,11.438,6.266,8.007,5.744,8.824,9.399,10.294
04W402,04,W,26,369.0,1142.0,23.306,24.895,26.287,18.565,14.363,16.456,11.653,12.869,9.214,9.705,5.691,9.283,9.485,8.228
04W403,04,W,26,139.0,539.0,15.108,22.222,25.899,21.111,21.583,13.889,14.388,7.778,9.353,13.333,5.755,8.889,7.914,12.778
04W404,04,W,26,410.0,1033.0,26.341,25.0,22.927,16.797,23.659,19.531,9.268,9.57,6.098,7.617,6.098,13.672,5.61,7.812
04W405,04,W,26,434.0,1121.0,17.051,23.962,19.816,13.774,29.493,21.698,13.594,12.264,5.76,10.189,5.76,9.811,8.525,8.302
04W406,04,W,26,349.0,1136.0,19.771,23.926,30.372,18.2,19.198,13.701,10.029,12.679,7.163,11.861,6.017,9.407,7.45,10.225
04W407,04,W,26,357.0,960.0,21.289,24.062,21.289,14.79,27.451,23.841,12.325,10.817,4.762,8.389,6.162,9.713,6.723,8.389
04W408,04,W,26,326.0,1151.0,22.699,22.374,28.528,19.455,16.871,14.202,12.27,11.868,7.669,12.451,6.442,11.284,5.521,8.366
04W409,04,W,26,436.0,1263.0,19.725,25.418,25.459,16.388,24.083,19.064,10.78,12.04,5.734,7.525,6.881,14.047,7.339,5.518
04W410,04,W,26,444.0,1202.0,19.82,23.51,18.018,14.735,25.45,23.675,14.189,11.755,4.505,7.947,9.009,10.099,9.009,8.278
04W411,04,W,26,404.0,1178.0,19.554,24.335,26.733,15.399,25.248,22.053,10.149,11.597,3.713,9.506,8.416,8.935,6.188,8.175
04W412,04,W,26,404.0,1031.0,18.564,25.133,30.446,16.46,26.238,21.239,7.178,10.796,6.188,9.381,3.96,9.735,7.426,7.257
04W413,04,W,26,461.0,1116.0,22.343,26.015,20.824,14.207,24.295,21.402,10.846,10.701,5.64,6.642,7.809,14.945,8.243,6.089
04W414,04,W,26,366.0,1018.0,23.224,27.897,23.224,16.738,23.497,21.888,8.197,8.584,4.098,8.155,8.743,10.515,9.016,6.223
04W415,04,W,26,326.0,977.0,18.405,19.905,23.926,17.299,25.153,24.171,10.429,12.559,6.748,6.635,6.748,14.692,8.589,4.739
04W416,04,W,26,270.0,869.0,21.111,23.515,18.519,16.089,26.296,24.257,12.222,12.376,6.667,7.921,7.037,9.406,8.148,6.436
04W417,04,W,26,464.0,1098.0,17.888,22.07,29.095,16.602,26.078,19.336,6.466,11.914,4.741,8.789,9.267,17.773,6.466,3.516
04W418,04,W,26,366.0,848.0,25.137,20.335,27.322,17.225,21.038,23.684,4.645,7.177,5.191,8.852,9.016,17.225,7.65,5.502
04W419,04,W,26,491.0,1245.0,16.904,24.37,27.495,15.294,25.866,24.202,12.22,12.101,1.629,5.21,9.369,14.622,6.517,4.202
04W420,04,W,26,288.0,790.0,20.833,22.849,30.208,21.958,19.097,14.837,7.292,8.012,9.375,9.199,8.333,18.991,4.861,4.154
04W421,04,W,26,326.0,959.0,20.859,20.725,29.448,18.912,17.178,24.611,6.135,8.29,7.055,9.067,10.429,12.176,8.896,6.218
04W422,04,W,26,424.0,1264.0,17.689,23.062,24.292,19.186,28.066,18.411,6.84,7.364,5.66,7.364,11.557,21.512,5.896,3.101
04W423,04,W,26,233.0,838.0,15.451,21.239,42.06,18.879,14.163,17.699,2.575,8.555,6.438,10.324,10.3,17.109,9.013,6.195
04W424,04,W,26,444.0,1182.0,22.297,23.994,34.91,19.968,14.64,17.23,6.982,7.407,5.405,8.213,9.459,18.035,6.306,5.153
04W425,04,W,26,379.0,1153.0,16.623,24.578,39.05,18.762,16.623,16.323,5.013,8.818,7.124,9.756,10.026,17.636,5.541,4.128
04W426,04,W,26,368.0,1051.0,20.38,22.658,23.098,17.211,29.891,24.619,7.337,10.022,2.717,8.715,8.152,13.29,8.424,3.486
04W427,04,W,26,330.0,1295.0,18.788,23.545,27.576,22.487,22.727,14.55,8.485,8.201,10.0,14.021,5.152,9.524,7.273,7.672
04W428,04,W,26,494.0,1210.0,20.243,25.581,24.696,16.611,23.887,21.927,10.526,11.296,7.49,9.136,4.858,9.468,8.3,5.98
04W429,04,W,26,360.0,876.0,20.833,23.786,23.056,17.718,26.944,24.029,10.556,11.165,5.556,7.524,6.667,13.107,6.389,2.67
04W430,04,W,26,303.0,804.0,18.152,22.83,25.413,21.543,27.063,17.042,7.591,8.36,4.62,9.968,12.541,18.328,4.62,1.929
04W501,04,W,27,423.0,1115.0,16.785,14.7,41.371,24.758,9.22,13.346,6.383,3.868,5.437,12.573,14.894,24.178,5.91,6.576
04W502,04,W,27,393.0,1074.0,15.267,14.579,49.618,29.158,12.723,11.294,3.053,2.875,4.58,13.552,12.723,23.614,2.036,4.928
04W503,04,W,27,372.0,1087.0,14.247,17.886,51.075,26.626,12.366,10.163,3.495,4.675,4.032,11.789,12.366,24.39,2.419,4.472
04W504,04,W,27,418.0,1233.0,18.66,23.438,34.928,21.68,17.703,15.82,8.134,5.859,5.263,10.547,8.373,15.625,6.938,7.031
04W505,04,W,27,337.0,1130.0,21.365,22.871,29.674,18.735,17.507,19.221,6.825,9.489,6.825,9.489,10.682,11.922,7.122,8.273
04W506,04,W,27,395.0,1156.0,19.747,22.518,31.139,17.376,21.772,20.922,5.823,9.752,6.076,9.929,9.873,13.298,5.57,6.206
04W507,04,W,27,301.0,900.0,22.591,19.114,31.561,16.62,16.944,18.837,6.977,10.526,5.98,12.188,8.97,14.404,6.977,8.31
04W508,04,W,27,345.0,825.0,23.478,22.146,27.536,13.699,21.159,24.658,7.826,9.361,7.826,9.132,7.246,14.384,4.928,6.621
04W509,04,W,27,345.0,1153.0,20.58,23.988,28.406,19.315,24.348,19.938,8.406,7.788,3.188,8.723,8.986,15.576,6.087,4.673
04W510,04,W,27,394.0,1107.0,17.513,22.504,32.234,20.474,16.244,17.936,6.599,7.445,9.137,9.306,11.421,16.582,6.853,5.753
04W511,04,W,27,315.0,1179.0,20.635,20.656,36.825,21.622,15.873,13.514,6.349,10.811,6.667,15.251,6.667,14.479,6.984,3.668
04W512,04,W,27,373.0,1127.0,20.107,23.21,38.07,17.354,13.137,14.751,6.166,8.894,8.311,17.57,7.507,11.497,6.702,6.725
04W513,04,W,27,308.0,883.0,19.805,26.551,34.74,18.61,12.338,14.888,10.714,8.189,8.117,9.926,6.818,14.64,7.468,7.196
04W514,04,W,27,283.0,875.0,18.021,25.936,34.629,20.053,22.261,16.845,4.24,8.556,4.947,10.695,9.894,12.032,6.007,5.882
04W515,04,W,27,278.0,851.0,19.424,24.501,31.655,17.664,20.144,16.809,7.194,8.547,3.957,13.105,9.353,13.105,8.273,6.268
04W516,04,W,27,339.0,970.0,23.599,24.38,27.434,19.215,17.109,19.835,8.85,8.264,8.26,10.537,8.26,13.017,6.49,4.752
04W517,04,W,27,239.0,753.0,18.828,18.713,30.962,19.591,20.921,14.912,9.623,11.696,7.95,14.035,7.113,10.819,4.603,10.234
04W518,04,W,27,261.0,983.0,17.241,22.678,31.418,21.598,17.625,14.687,6.13,9.071,9.962,11.447,8.429,14.687,9.195,5.832
04W519,04,W,27,419.0,1214.0,19.093,24.065,33.652,20.325,16.706,13.821,5.728,9.919,7.16,11.707,7.876,11.707,9.785,8.455
04W520,04,W,27,434.0,1282.0,21.429,24.405,37.558,23.512,13.825,11.607,5.991,9.077,8.756,10.863,6.682,15.476,5.76,5.06
04W521,04,W,27,321.0,961.0,16.199,17.978,49.844,28.539,9.346,14.382,2.804,3.596,4.984,8.764,12.15,22.921,4.673,3.82
04W522,04,W,27,421.0,1122.0,12.114,12.295,49.881,30.123,8.314,10.656,3.563,2.254,9.026,15.164,14.489,27.254,2.613,2.254
04W523,04,W,27,455.0,1085.0,20.659,21.654,39.341,29.331,13.626,13.386,5.275,5.512,5.495,8.858,10.33,15.945,5.275,5.315
04W524,04,W,27,353.0,1173.0,11.048,11.677,55.524,35.244,10.482,9.342,1.416,3.185,6.799,11.89,11.898,25.478,2.833,3.185
04W525,04,W,27,321.0,1126.0,17.445,17.4,44.86,35.8,13.707,10.2,2.804,3.8,4.673,11.2,12.461,19.4,4.05,2.2
04W526,04,W,27,306.0,1035.0,19.935,23.602,33.333,23.188,11.765,13.043,5.556,7.66,10.458,11.387,13.072,15.735,5.882,5.383
04W527,04,W,27,282.0,813.0,18.794,19.133,33.688,19.898,11.702,15.306,7.092,11.735,10.284,14.286,4.255,10.969,14.184,8.673
04W528,04,W,27,273.0,772.0,21.612,24.939,32.967,18.582,19.048,20.782,6.96,8.802,5.495,9.291,9.524,14.181,4.396,3.423
04W529,04,W,27,269.0,1110.0,21.19,27.727,29.74,20.909,16.729,16.364,7.435,8.409,5.576,10.0,9.665,13.409,9.665,3.182
04W601,04,W,28,426.0,1038.0,22.066,23.166,31.925,21.815,18.779,17.761,5.869,8.687,6.808,9.846,8.685,15.637,5.869,3.089
04W602,04,W,28,419.0,1055.0,20.286,19.175,31.742,21.237,17.661,19.175,11.217,11.753,4.057,5.773,10.263,16.701,4.773,6.186
04W603,04,W,28,359.0,1138.0,19.499,24.312,31.476,19.037,18.663,20.642,12.535,8.716,3.343,8.945,9.192,13.991,5.292,4.358
04W604,04,W,28,348.0,1004.0,19.828,23.241,31.897,19.19,15.517,13.22,8.908,11.301,6.609,13.006,7.471,12.793,9.77,7.249
04W605,04,W,28,403.0,1043.0,25.062,20.85,23.325,14.575,22.084,23.887,12.159,14.575,5.459,9.717,6.7,10.526,5.211,5.87
04W606,04,W,28,454.0,1227.0,22.467,23.876,27.533,18.295,21.806,16.899,8.15,10.233,5.066,11.318,7.269,11.938,7.709,7.442
04W607,04,W,28,363.0,1100.0,17.631,26.326,26.722,16.667,26.446,23.864,8.54,11.364,5.51,5.492,9.366,10.417,5.785,5.871
04W608,04,W,28,377.0,1187.0,19.098,23.471,28.117,18.54,20.424,18.146,10.08,9.073,6.897,7.495,8.753,14.99,6.631,8.284
04W609,04,W,28,368.0,1116.0,21.739,21.58,32.609,20.039,12.5,16.57,8.967,8.863,11.141,14.066,7.337,14.451,5.707,4.432
04W610,04,W,28,439.0,1144.0,21.185,23.719,23.69,15.18,26.879,24.668,9.795,11.385,6.834,7.97,6.606,11.575,5.011,5.503
04W611,04,W,28,398.0,1029.0,24.372,24.765,32.412,23.077,20.854,20.263,7.286,7.129,2.513,7.88,7.789,12.383,4.774,4.503
04W612,04,W,28,482.0,1333.0,23.029,19.938,30.705,23.184,15.768,18.083,9.544,10.51,3.527,11.747,9.129,8.655,8.299,7.883
04W613,04,W,28,369.0,1290.0,22.222,24.541,22.222,16.694,30.623,25.876,8.943,10.684,4.336,7.679,5.691,9.516,5.962,5.008
04W614,04,W,28,314.0,1115.0,21.338,25.225,27.07,18.739,18.471,22.883,9.554,9.009,3.822,10.45,10.51,8.468,9.236,5.225
04W615,04,W,28,380.0,1107.0,24.474,26.064,25.263,19.149,23.421,19.149,9.211,7.801,6.579,12.234,3.158,10.638,7.895,4.965
04W616,04,W,28,373.0,1037.0,20.107,22.777,15.818,16.486,34.048,30.803,13.137,9.978,2.681,5.64,7.239,9.111,6.971,5.206
04W617,04,W,28,450.0,1313.0,17.556,23.906,29.111,19.688,23.778,19.219,12.667,10.0,4.444,8.906,7.111,10.469,5.333,7.812
04W618,04,W,28,377.0,1125.0,24.138,22.417,21.22,14.711,26.79,26.97,9.814,10.158,6.631,9.282,6.101,9.457,5.305,7.005
04W619,04,W,28,398.0,1077.0,26.382,25.594,22.111,16.088,20.854,20.658,11.307,12.98,6.03,8.775,7.286,10.786,6.03,5.119
04W620,04,W,28,347.0,1261.0,19.02,26.582,27.378,21.157,19.885,16.637,12.68,8.861,5.476,10.85,8.357,8.137,7.205,7.776
04W621,04,W,28,492.0,1260.0,21.138,23.872,23.984,16.917,28.049,20.865,7.927,11.842,6.301,8.835,5.488,8.835,7.114,8.835
04W622,04,W,28,459.0,1284.0,25.054,24.065,20.915,14.146,23.965,23.089,10.458,9.431,4.357,10.081,7.19,10.081,8.061,9.106
04W623,04,W,28,464.0,1231.0,25.0,26.357,29.957,18.45,18.319,15.504,8.836,13.178,4.741,11.628,6.466,9.457,6.681,5.426
04W624,04,W,28,544.0,1233.0,21.875,22.823,23.529,19.67,24.816,22.222,13.419,11.562,4.412,6.907,4.228,10.06,7.721,6.757
04W625,04,W,28,482.0,1204.0,18.465,24.924,25.934,14.832,28.423,25.229,10.373,13.15,3.942,7.034,4.357,6.881,8.506,7.951
04W626,04,W,28,427.0,1096.0,18.033,23.478,19.438,18.261,29.977,19.826,12.412,11.13,6.557,10.609,3.513,8.348,10.07,8.348
04W627,04,W,28,263.0,930.0,22.433,24.837,25.856,16.993,16.73,22.004,7.985,11.111,11.027,9.804,6.844,9.15,9.125,6.1
04W701,04,W,29,373.0,1221.0,24.665,25.445,27.078,19.395,22.252,17.082,9.383,10.854,4.558,8.007,5.362,10.498,6.702,8.719
04W702,04,W,29,356.0,1115.0,16.854,21.677,33.427,21.472,13.202,18.405,10.112,9.611,8.146,14.519,6.461,6.953,11.798,7.362
04W703,04,W,29,461.0,1228.0,18.221,20.877,23.861,18.421,26.464,19.825,11.714,14.035,5.857,9.123,3.905,8.07,9.978,9.649
04W704,04,W,29,383.0,1183.0,24.543,22.422,27.676,21.604,17.755,14.075,8.094,9.656,10.705,11.62,3.133,11.784,8.094,8.838
04W705,04,W,29,391.0,1061.0,19.949,25.528,24.808,17.606,28.133,22.007,8.44,9.331,7.161,8.451,4.859,9.155,6.65,7.923
04W706,04,W,29,558.0,1168.0,24.373,28.467,24.014,12.701,28.853,25.255,6.989,10.511,4.48,8.759,3.763,7.737,7.527,6.569
04W707,04,W,29,363.0,981.0,24.518,26.799,22.314,15.827,19.835,21.043,11.019,10.072,6.336,9.173,5.785,9.353,10.193,7.734
04W708,04,W,29,465.0,1229.0,21.075,21.429,29.462,18.407,20.43,18.681,7.312,12.637,7.957,9.478,6.237,10.44,7.527,8.929
04W709,04,W,29,329.0,1252.0,21.277,24.684,36.474,19.304,8.815,14.873,8.207,9.968,12.158,13.291,5.167,9.81,7.903,8.07
04W710,04,W,29,495.0,1277.0,26.667,24.634,28.687,19.041,24.04,20.639,5.657,9.72,4.444,8.389,4.646,10.519,5.859,7.057
04W711,04,W,29,394.0,1292.0,20.812,22.422,29.442,19.432,16.751,16.442,8.629,10.314,9.391,11.51,7.36,12.257,7.614,7.623
04W712,04,W,29,463.0,1241.0,23.11,25.797,25.27,16.692,23.326,20.182,10.583,9.56,3.672,9.408,7.775,13.202,6.263,5.159
04W713,04,W,29,498.0,1212.0,21.486,24.242,31.325,18.182,23.293,21.053,7.028,9.729,5.221,9.888,6.426,11.643,5.221,5.263
04W714,04,W,29,528.0,1270.0,23.674,22.472,25.758,18.82,23.295,22.191,8.333,12.36,5.114,9.41,5.492,7.303,8.333,7.444
04W715,04,W,29,336.0,1196.0,20.833,23.463,37.5,20.065,13.988,14.401,3.571,10.518,10.119,13.269,6.548,11.165,7.44,7.12
04W716,04,W,29,491.0,1320.0,19.348,26.3,22.811,14.22,23.422,19.113,13.238,13.303,9.98,9.633,3.259,10.245,7.943,7.187
04W717,04,W,29,485.0,1175.0,27.216,28.868,21.031,16.268,22.062,20.734,12.99,11.164,5.773,7.656,3.505,8.134,7.423,7.177
04W718,04,W,29,368.0,996.0,20.38,18.648,33.696,23.77,14.674,14.139,5.163,6.762,9.511,14.344,7.88,13.934,8.696,8.402
04W719,04,W,29,299.0,980.0,18.395,22.075,38.462,30.684,11.371,10.596,6.02,8.168,11.371,13.024,8.027,9.272,6.355,6.181
04W720,04,W,29,458.0,1250.0,20.742,24.044,38.865,25.683,14.847,16.211,5.022,5.829,4.803,8.925,10.917,14.026,4.803,5.282
04W721,04,W,29,452.0,1232.0,18.805,24.809,38.717,24.043,13.938,14.548,6.416,6.585,7.743,11.639,9.292,13.017,5.088,5.36
04W722,04,W,29,427.0,1128.0,17.799,22.132,35.597,24.071,18.735,16.801,8.197,6.785,7.26,10.501,6.792,14.863,5.621,4.847
04W723,04,W,29,699.0,1973.0,20.029,20.934,35.05,20.633,18.884,14.307,4.578,9.036,6.867,13.855,8.155,13.554,6.438,7.681
04W724,04,W,29,291.0,783.0,26.117,24.599,36.77,24.599,15.464,15.775,5.498,5.08,9.278,11.765,1.718,12.834,5.155,5.348
04W725,04,W,29,442.0,1189.0,22.172,25.696,27.828,18.167,22.172,22.422,8.597,9.329,5.656,8.838,6.109,9.165,7.466,6.383
04W726,04,W,29,539.0,1230.0,22.263,24.585,29.685,20.1,19.295,20.598,7.607,9.468,7.792,10.631,6.494,9.302,6.865,5.316
04W727,04,W,29,354.0,876.0,18.362,23.973,38.418,24.886,18.362,16.438,2.26,5.936,6.215,11.644,11.582,13.699,4.802,3.425
04W801,04,W,23,318.0,982.0,21.384,25.503,29.245,14.765,22.642,18.345,11.635,13.199,5.346,10.515,6.289,9.62,3.459,8.054
04W802,04,W,23,352.0,1315.0,17.898,23.273,25.284,16.727,25.852,20.182,9.375,10.909,7.386,11.455,4.261,8.909,9.943,8.545
04W803,04,W,23,338.0,1151.0,21.893,26.69,21.598,22.242,19.822,11.922,11.834,11.388,8.58,9.253,6.213,8.897,10.059,9.609
04W804,04,W,23,364.0,1071.0,15.934,21.266,26.648,16.456,20.055,19.241,9.615,13.924,10.989,11.139,6.593,7.089,10.165,10.886
04W805,04,W,23,303.0,936.0,21.782,22.518,22.442,21.55,25.083,18.886,10.231,7.99,6.271,13.559,4.62,7.99,9.571,7.506
04W806,04,W,23,360.0,1227.0,21.667,24.816,18.889,12.868,28.333,21.507,12.778,15.074,2.778,9.007,5.278,5.882,10.278,10.846
04W807,04,W,23,327.0,1130.0,15.291,22.062,23.547,19.175,25.382,18.969,14.373,11.134,7.339,12.371,3.976,7.423,10.092,8.866
05B1A,05,B,30,436.0,0.0,22.477,27.902,41.743,28.571,16.743,9.152,3.899,5.357,2.982,13.839,4.817,6.696,7.339,8.482
05B1B,05,B,30,515.0,0.0,18.252,27.586,41.748,27.586,10.485,8.429,6.019,5.364,9.515,14.176,5.437,6.897,8.544,9.962
05B1C,05,B,30,539.0,0.0,21.15,26.147,39.518,26.147,11.317,7.798,5.38,5.963,6.494,14.22,4.082,7.339,12.059,12.385
05B1D,05,B,30,175.0,0.0,21.143,26.168,40.0,26.168,10.286,7.944,3.429,6.075,9.143,14.486,4.571,7.477,11.429,11.682
05B1E,05,B,30,510.0,0.0,22.157,27.197,41.176,26.36,14.902,7.95,3.529,6.276,7.843,15.063,6.078,7.531,4.314,9.623
05B1F,05,B,30,173.0,0.0,26.012,26.866,36.416,25.871,7.514,8.458,6.936,5.97,8.671,14.925,2.89,7.463,11.561,10.448
05B1G,05,B,30,563.0,0.0,22.202,28.19,33.037,26.113,14.387,9.199,6.927,5.341,6.394,14.837,3.552,8.012,13.499,8.309
05B1H,05,B,30,312.0,0.0,20.833,27.23,39.744,25.822,8.013,8.451,6.41,5.634,9.295,15.023,4.487,7.981,11.218,9.859
05B1J,05,B,30,498.0,0.0,24.498,28.23,37.349,24.88,10.843,8.852,5.02,6.699,8.434,15.072,3.414,6.459,10.442,9.809
05B1K,05,B,30,346.0,0.0,22.254,28.205,38.728,26.007,7.225,8.425,4.335,6.227,13.295,15.018,4.335,6.96,9.827,9.158
05B1L,05,B,30,634.0,0.0,22.397,27.937,42.114,30.476,10.726,7.619,5.836,5.397,7.413,13.333,3.785,7.937,7.729,7.302
05B1M,05,B,30,525.0,0.0,22.095,27.187,43.81,31.442,10.095,6.619,2.286,5.201,8.952,13.948,5.905,7.801,6.857,7.801
05B1N,05,B,30,527.0,0.0,22.77,27.795,38.33,29.305,12.713,9.063,3.605,5.74,8.539,12.085,5.313,8.459,8.729,7.553
05B1P,05,B,30,446.0,0.0,25.112,28.609,34.753,26.772,8.296,7.612,6.054,5.512,13.004,16.01,3.363,7.874,9.417,7.612
05B1Q,05,B,30,422.0,0.0,24.645,28.571,46.209,27.143,4.502,7.857,2.37,5.714,8.768,15.714,2.607,7.857,10.9,7.143
05B1R,05,B,30,343.0,0.0,25.364,27.907,44.023,27.907,8.455,7.752,3.79,5.039,6.706,15.116,3.207,8.14,8.455,8.14
05B1S,05,B,30,424.0,0.0,22.877,28.321,43.396,28.321,8.019,7.519,4.717,4.511,7.783,15.789,4.009,8.271,9.198,7.268
05B2A,05,B,31,346.0,0.0,21.965,29.52,39.595,23.247,10.694,9.594,6.358,7.749,6.936,13.284,4.624,5.904,9.827,10.701
05B2B,05,B,31,258.0,0.0,21.318,29.93,25.581,23.592,13.566,9.859,9.302,7.746,10.853,13.38,3.488,5.634,15.891,9.859
05B2C,05,B,31,392.0,0.0,24.745,32.047,35.459,25.223,16.327,8.012,6.378,6.231,5.867,12.463,4.082,7.122,7.143,8.902
05B2D,05,B,31,608.0,0.0,21.053,32.653,32.566,25.656,18.914,8.163,6.743,6.122,4.934,12.828,4.441,6.997,11.349,7.58
05B2E,05,B,31,473.0,0.0,24.524,30.932,37.844,25.424,13.531,8.898,4.863,6.356,8.457,13.559,2.748,5.932,8.034,8.898
05B2F,05,B,31,512.0,0.0,28.32,31.608,34.961,25.613,8.789,8.719,3.906,5.722,11.328,13.896,2.93,6.54,9.766,7.902
05B2G,05,B,31,186.0,0.0,29.57,30.415,32.796,25.346,5.914,8.756,2.688,5.53,15.591,13.825,4.839,6.452,8.602,9.677
05B2H,05,B,31,168.0,0.0,26.786,30.594,35.119,25.571,7.738,8.219,3.571,5.936,11.905,14.155,2.381,6.393,12.5,9.132
05B2J,05,B,31,364.0,0.0,28.571,30.909,33.791,28.182,10.44,7.576,3.571,5.455,8.516,14.545,3.297,5.455,11.813,7.879
05B2K,05,B,31,163.0,0.0,27.607,30.392,37.423,26.471,8.589,7.843,3.681,5.882,7.362,14.216,1.84,6.373,13.497,8.824
05B2L,05,B,31,538.0,0.0,24.721,30.279,43.494,26.693,7.621,8.367,2.23,5.578,9.294,14.343,3.903,6.773,8.736,7.968
05B2M,05,B,31,517.0,0.0,24.371,30.362,31.721,25.905,11.219,8.914,6.383,5.85,8.511,13.928,4.255,7.242,13.54,7.799
05B2N,05,B,31,264.0,0.0,24.242,29.798,39.773,25.758,7.955,8.586,4.924,6.061,8.333,13.636,6.061,7.071,8.712,9.091
05B2P,05,B,31,140.0,0.0,18.571,30.556,32.143,25.556,16.429,8.333,3.571,6.111,8.571,13.889,5.0,6.667,15.714,8.889
05B2Q,05,B,31,379.0,0.0,22.164,29.927,44.855,27.007,8.443,7.664,3.958,5.839,8.707,14.964,2.902,6.569,8.971,8.029
05B2R,05,B,31,323.0,0.0,20.433,29.703,43.034,27.063,11.146,7.591,2.786,5.611,8.05,15.182,3.715,6.601,10.836,8.251
05B3A,05,B,32,520.0,0.0,19.808,26.636,29.038,24.299,16.923,8.879,6.154,7.009,9.808,14.252,6.346,8.178,11.923,10.748
05B3B,05,B,32,579.0,0.0,21.589,26.923,30.915,22.596,15.717,9.135,6.39,7.452,11.572,14.423,3.8,8.173,10.017,11.298
05B3C,05,B,32,480.0,0.0,30.208,27.941,28.333,22.689,14.583,9.454,5.0,6.723,8.542,14.916,5.0,8.403,8.333,9.874
05B3D,05,B,32,519.0,0.0,22.736,25.598,38.343,24.641,11.175,9.569,5.588,6.938,6.936,14.354,4.817,8.612,10.405,10.287
05B3E,05,B,32,469.0,0.0,18.977,27.526,45.629,25.436,10.661,8.362,4.478,6.969,7.676,13.937,5.117,8.711,7.463,9.059
05B3F,05,B,32,417.0,0.0,19.185,27.778,39.568,25.214,11.751,8.974,5.755,6.41,9.592,14.53,5.516,8.12,8.633,8.974
05B3G,05,B,32,278.0,0.0,20.144,27.602,34.892,25.339,12.23,8.597,4.676,6.787,11.151,14.027,4.676,8.597,12.23,9.05
05B3H,05,B,32,478.0,0.0,19.456,26.992,32.218,25.964,16.946,11.568,6.695,6.941,8.159,11.825,4.812,7.198,11.715,9.512
05B3J,05,B,32,519.0,0.0,19.653,28.063,28.709,26.087,19.268,9.881,7.129,6.719,5.588,13.834,7.322,7.51,12.331,7.905
05B3K,05,B,32,434.0,0.0,20.276,28.682,39.171,26.357,14.286,8.14,4.608,6.589,5.3,14.729,4.608,8.14,11.751,7.364
05B3L,05,B,32,204.0,0.0,22.549,28.205,37.255,25.641,12.255,8.205,4.902,6.667,11.275,14.359,2.941,8.205,8.824,8.718
05B3M,05,B,32,163.0,0.0,22.699,27.815,36.81,24.503,9.816,8.609,2.454,6.623,5.521,13.907,9.816,7.947,12.883,10.596
05B3N,05,B,32,284.0,0.0,23.239,27.835,47.183,26.289,5.986,7.732,3.169,6.186,8.451,14.948,2.817,8.247,9.155,8.763
05B3P,05,B,32,143.0,0.0,19.58,27.545,33.566,25.749,11.888,8.982,4.895,5.988,12.587,14.97,3.497,7.784,13.986,8.982
05B3Q,05,B,32,324.0,0.0,22.84,28.125,38.58,26.953,9.877,8.984,5.247,5.469,5.247,15.625,4.321,6.641,13.889,8.203
05B3R,05,B,32,538.0,0.0,21.375,28.266,50.186,28.051,9.851,5.782,3.16,5.996,6.691,15.846,1.673,8.565,7.063,7.495
05B3S,05,B,32,280.0,0.0,17.857,27.778,47.5,25.926,12.5,8.642,2.857,6.173,7.857,14.815,3.929,7.407,7.5,9.259
05B3T,05,B,32,95.0,0.0,22.105,27.027,42.105,25.0,7.368,8.784,4.211,6.757,5.263,14.189,2.105,8.108,16.842,10.135
05B3U,05,B,32,120.0,0.0,23.333,33.333,28.333,33.333,16.667,0.0,3.333,0.0,10.0,33.333,5.833,0.0,12.5,0.0
05B3V,05,B,32,223.0,0.0,21.525,27.746,34.081,26.012,16.592,8.671,5.381,6.358,7.623,15.029,5.83,7.514,8.969,8.671
05B4A,05,B,33,318.0,0.0,29.874,25.369,40.881,30.088,6.918,6.785,3.459,5.015,8.176,14.454,1.572,8.555,9.119,9.735
05B4B,05,B,33,563.0,0.0,25.577,25.926,46.181,31.746,7.46,7.672,3.197,5.026,7.282,14.021,3.02,8.201,7.282,7.407
05B4C,05,B,33,744.0,0.0,21.505,24.464,46.774,35.193,12.366,8.369,2.016,5.365,5.78,11.588,4.435,8.155,7.124,6.867
05B4D,05,B,33,565.0,0.0,19.292,25.228,51.15,32.219,10.088,8.207,3.717,5.167,6.018,13.678,4.602,7.903,5.133,7.599
05B4E,05,B,33,374.0,0.0,20.588,25.746,47.326,30.597,6.952,7.463,3.743,5.597,7.487,15.672,4.011,7.836,9.893,7.09
05B4F,05,B,33,376.0,0.0,21.543,25.676,49.734,30.811,6.915,7.297,1.862,5.676,10.638,15.946,4.521,7.838,4.787,6.757
05B4G,05,B,33,400.0,0.0,26.5,27.002,42.25,29.062,6.5,7.094,5.0,5.721,7.25,16.018,3.25,7.551,9.25,7.551
05B4H,05,B,33,363.0,0.0,23.416,25.758,49.311,30.303,6.612,7.576,1.377,5.556,8.54,14.646,3.581,8.081,7.163,8.081
05B4J,05,B,33,393.0,0.0,24.173,26.0,39.44,30.0,5.344,6.8,2.545,5.2,11.705,16.0,4.071,8.8,12.723,7.2
05B4K,05,B,33,415.0,0.0,20.0,25.833,46.506,31.667,9.639,7.5,2.41,5.0,7.952,15.0,5.301,8.333,8.193,6.667
05B4L,05,B,33,504.0,0.0,20.04,26.171,48.413,28.926,2.579,6.336,3.373,4.683,9.524,16.804,3.968,9.642,12.103,7.438
05B4M,05,B,33,309.0,0.0,24.919,25.121,43.042,30.435,8.091,7.729,2.913,5.797,9.061,14.493,2.589,8.696,9.385,7.729
05B4N,05,B,33,324.0,0.0,21.605,25.243,46.914,30.583,6.481,7.282,2.469,5.825,8.951,14.563,7.407,8.738,6.173,7.767
05B4P,05,B,33,248.0,0.0,18.548,25.123,48.387,31.034,10.484,7.389,1.21,5.419,8.065,14.286,4.839,8.867,8.468,7.882
05B4Q,05,B,33,293.0,0.0,20.137,25.126,47.782,30.653,11.945,7.538,2.389,5.528,6.826,14.573,8.532,8.543,2.389,8.04
05B4R,05,B,33,278.0,0.0,20.144,25.258,42.806,30.928,11.151,7.216,3.237,5.67,10.432,14.433,3.597,8.247,8.633,8.247
05B4S,05,B,33,683.0,0.0,18.594,27.066,49.927,33.678,7.906,8.471,3.075,6.198,6.881,12.397,4.246,6.405,9.37,5.785
05B4T,05,B,33,430.0,0.0,16.977,26.721,48.837,32.389,11.86,8.097,2.791,5.668,7.442,13.765,4.186,7.287,7.907,6.073
05B4U,05,B,33,469.0,0.0,15.139,25.177,62.687,34.397,7.463,8.156,2.985,5.319,2.559,12.766,4.051,8.156,5.117,6.028
05B5A,05,B,34,335.0,0.0,26.567,22.131,46.567,31.148,10.149,9.836,0.896,4.508,4.179,12.295,7.164,11.885,4.478,8.197
05B5B,05,B,34,469.0,0.0,23.241,24.167,51.599,32.708,6.183,9.167,0.426,4.375,5.757,12.292,5.97,11.042,6.823,6.25
05B5C,05,B,34,305.0,0.0,25.902,21.515,51.148,30.909,4.59,9.394,2.295,5.152,6.557,13.636,3.279,12.121,6.23,7.273
05B5D,05,B,34,440.0,0.0,28.864,28.598,34.318,26.542,5.455,6.542,2.727,5.794,15.682,14.579,4.091,10.467,8.864,7.477
05B5E,05,B,34,435.0,0.0,25.977,25.1,36.782,28.287,12.184,9.96,3.448,5.179,6.667,13.546,2.989,11.554,11.954,6.375
05B5F,05,B,34,490.0,0.0,27.143,26.897,40.204,25.517,11.224,10.805,3.878,5.747,5.714,13.333,3.061,10.345,8.776,7.356
05B5G,05,B,34,358.0,0.0,18.436,21.927,53.631,31.229,10.894,9.302,2.514,5.316,4.19,13.953,3.073,12.292,7.263,5.98
05B5H,05,B,34,436.0,0.0,24.312,20.52,46.56,33.815,10.78,10.405,1.376,3.468,6.193,12.428,6.651,13.584,4.128,5.78
05B5J,05,B,34,561.0,0.0,20.143,20.798,50.267,33.618,9.626,10.256,3.209,3.704,5.348,12.821,7.13,14.245,4.278,4.558
05B5K,05,B,34,298.0,0.0,20.805,20.332,52.013,31.12,6.376,10.373,3.691,4.979,2.685,12.863,8.389,14.108,6.04,6.224
05B5L,05,B,34,613.0,0.0,20.718,20.065,45.024,32.039,12.561,11.003,4.078,4.854,4.568,13.592,7.993,14.239,5.057,4.207
05B5M,05,B,34,326.0,0.0,17.178,20.082,43.865,31.148,15.644,11.475,4.601,5.328,4.908,13.525,8.896,13.115,4.908,5.328
05B5N,05,B,34,231.0,0.0,10.39,20.725,46.753,31.088,16.883,10.881,6.061,5.181,7.359,12.953,3.463,12.953,9.091,6.218
05B5P,05,B,34,234.0,0.0,12.821,21.023,45.726,31.25,13.675,10.227,2.137,5.114,6.41,13.068,9.829,12.5,9.402,6.818
05B5Q,05,B,34,319.0,0.0,26.959,19.472,41.066,34.323,16.614,10.891,3.135,5.941,4.389,13.531,2.194,11.551,5.643,4.29
05B5R,05,B,34,540.0,0.0,20.556,21.772,46.481,32.405,13.704,9.62,2.593,5.316,5.926,12.911,5.185,13.418,5.556,4.557
05B5S,05,B,34,376.0,0.0,23.936,23.158,49.734,32.281,9.574,9.825,2.394,5.614,5.053,11.228,5.851,13.333,3.457,4.561
05B5T,05,B,34,395.0,0.0,19.241,23.373,47.595,32.249,10.633,9.763,4.557,5.621,4.557,10.651,7.595,13.609,5.823,4.734
05B5U,05,B,34,321.0,0.0,18.38,23.396,49.221,30.943,10.903,9.434,3.115,4.528,3.427,12.075,7.165,14.717,7.788,4.906
05B5V,05,B,34,336.0,0.0,17.262,19.723,50.0,34.256,14.286,10.035,2.381,3.806,6.25,11.419,7.44,15.917,2.381,4.844
05B5W,05,B,34,342.0,0.0,18.713,21.778,53.216,32.444,12.573,11.111,2.924,4.889,2.632,12.889,5.556,12.444,4.386,4.444
05B5X,05,B,34,257.0,0.0,20.233,22.222,47.082,31.944,10.117,11.111,1.946,4.63,7.004,12.963,7.004,12.5,6.615,4.63
05B5Y,05,B,34,272.0,0.0,16.912,21.86,47.794,32.093,9.926,11.163,2.206,4.651,5.147,13.023,10.294,12.558,7.721,4.651
05B5Z,05,B,34,347.0,0.0,17.003,20.144,49.568,34.173,14.121,10.072,1.441,3.957,3.746,11.511,11.527,16.187,2.594,3.957
05W101,05,W,30,273.0,733.0,27.106,33.654,25.275,17.949,22.344,23.718,7.692,4.808,5.495,6.09,2.93,3.526,9.158,10.256
05W102,05,W,30,345.0,1127.0,17.971,25.571,39.13,22.146,12.464,9.132,1.739,6.849,12.754,20.32,6.667,7.991,9.275,7.991
05W103,05,W,30,458.0,1028.0,21.397,27.524,32.969,25.896,17.031,16.775,5.895,6.352,9.825,11.238,3.712,5.7,9.17,6.515
05W104,05,W,30,311.0,931.0,21.222,28.365,33.119,22.356,9.646,8.413,5.466,6.49,12.862,17.308,1.929,6.01,15.756,11.058
05W105,05,W,30,432.0,1001.0,20.833,28.339,46.759,27.199,11.343,9.283,1.852,4.886,9.722,14.495,5.093,8.958,4.398,6.84
05W106,05,W,30,388.0,1162.0,18.814,25.971,46.134,23.722,5.67,12.065,5.928,7.362,11.082,15.951,5.67,9.407,6.701,5.521
05W107,05,W,30,264.0,804.0,20.455,28.406,40.152,24.48,5.682,5.543,3.788,6.467,14.394,19.861,4.924,6.467,10.606,8.776
05W108,05,W,30,176.0,933.0,14.773,24.242,26.136,21.212,14.773,6.061,6.818,8.418,21.023,23.232,5.682,5.724,10.795,11.111
05W109,05,W,30,52.0,684.0,42.308,38.4,26.923,28.4,9.615,5.6,5.769,6.0,3.846,13.2,7.692,5.2,3.846,3.2
05W110,05,W,30,259.0,841.0,17.761,23.797,31.274,21.925,12.355,8.824,6.564,7.487,15.83,18.717,5.019,4.813,11.197,14.439
05W111,05,W,30,395.0,1199.0,20.506,25.433,43.291,25.952,6.835,7.785,4.051,7.439,12.911,19.204,3.544,6.92,8.861,7.266
05W112,05,W,30,360.0,1041.0,20.833,28.893,33.333,18.852,10.556,11.066,5.833,8.811,11.111,16.189,2.5,4.303,15.833,11.885
05W113,05,W,30,373.0,983.0,15.55,23.827,40.483,24.015,12.064,10.319,4.558,6.004,14.745,18.949,5.362,8.63,7.239,8.255
05W114,05,W,30,286.0,879.0,23.077,23.937,28.671,19.911,8.741,12.528,7.343,9.62,14.336,17.226,3.846,5.145,13.986,11.633
05W115,05,W,30,342.0,985.0,16.667,29.94,31.871,20.559,10.234,8.782,4.386,6.587,16.959,18.762,4.386,3.194,15.497,12.176
05W116,05,W,30,242.0,749.0,23.554,33.516,33.058,17.033,7.851,9.066,4.132,6.319,16.942,16.484,4.545,4.67,9.917,12.912
05W117,05,W,30,281.0,957.0,18.861,29.358,29.181,17.202,5.694,5.505,7.117,6.193,22.776,26.835,3.559,5.734,12.811,9.174
05W118,05,W,30,310.0,1333.0,14.516,24.308,34.516,22.727,8.71,7.115,3.548,5.731,18.71,22.332,6.129,5.138,13.871,12.648
05W119,05,W,30,288.0,1159.0,22.222,25.047,32.639,23.54,10.069,6.968,3.819,9.04,15.972,19.774,1.736,5.65,13.542,9.981
05W120,05,W,30,438.0,1215.0,26.941,30.565,36.986,24.558,4.566,6.714,5.251,8.127,13.699,17.138,4.566,5.477,7.991,7.42
05W121,05,W,30,417.0,1153.0,19.424,23.333,41.487,21.176,5.036,9.412,4.077,6.863,15.588,25.098,4.077,6.078,10.312,8.039
05W122,05,W,30,204.0,843.0,21.078,29.457,44.118,23.514,3.431,3.618,2.941,6.718,15.686,19.121,4.412,5.685,8.333,11.886
05W123,05,W,30,267.0,722.0,30.712,30.39,42.697,25.714,3.371,8.312,3.371,4.935,11.61,17.143,2.996,6.234,5.243,7.273
05W124,05,W,30,464.0,1292.0,28.017,34.853,32.543,21.824,4.31,5.212,3.233,4.56,19.181,18.404,3.233,5.375,9.483,9.772
05W125,05,W,30,268.0,963.0,25.746,28.535,29.478,18.434,4.478,5.051,7.09,11.364,21.642,23.485,1.866,3.788,9.701,9.343
05W126,05,W,30,256.0,1111.0,23.047,27.737,25.781,18.005,11.719,5.839,6.641,8.516,17.188,19.221,4.297,5.839,11.328,14.842
05W127,05,W,30,251.0,894.0,31.474,35.154,27.092,19.715,6.773,3.325,4.781,6.176,20.319,20.665,2.39,3.563,7.171,11.401
05W128,05,W,30,132.0,876.0,23.485,26.69,36.364,20.641,9.848,9.609,4.545,7.117,13.636,17.082,2.273,9.253,9.848,9.609
05W129,05,W,30,304.0,956.0,23.026,28.838,34.211,21.369,6.25,5.394,4.934,7.676,18.421,23.651,2.961,3.942,10.197,9.129
05W130,05,W,30,359.0,1089.0,18.942,25.821,33.705,19.694,6.128,6.565,5.571,8.753,25.905,23.632,2.228,9.19,7.521,6.346
05W131,05,W,30,186.0,511.0,19.892,33.333,32.796,25.556,16.129,6.667,8.065,4.444,11.828,13.333,3.763,5.556,7.527,11.111
05W132,05,W,30,349.0,1192.0,23.782,28.831,26.648,22.379,9.169,6.048,5.444,10.685,16.905,18.75,2.579,4.839,15.473,8.468
05W133,05,W,30,248.0,1193.0,21.371,25.758,33.065,21.97,4.435,6.061,6.855,8.333,15.323,25.0,7.258,5.303,11.694,7.576
05W134,05,W,30,290.0,1092.0,26.897,34.694,36.552,27.041,6.207,6.633,3.103,4.847,10.345,13.265,3.448,6.122,13.448,7.398
05W201,05,W,31,374.0,1199.0,23.797,29.921,39.037,22.835,7.219,6.929,4.545,4.094,14.706,20.0,3.476,4.882,7.219,11.339
05W202,05,W,31,285.0,1080.0,22.807,37.736,31.228,16.981,4.912,4.288,4.211,5.489,23.509,22.985,2.807,3.259,10.526,9.262
05W203,05,W,31,308.0,1166.0,27.597,35.27,29.545,18.257,7.143,5.602,5.844,6.639,15.584,17.427,3.571,5.394,10.714,11.411
05W204,05,W,31,211.0,885.0,21.801,30.649,21.327,17.662,9.005,8.571,6.161,7.792,22.275,18.701,3.318,2.338,16.114,14.286
05W205,05,W,31,244.0,984.0,22.541,30.806,30.738,18.009,7.787,7.82,4.098,5.687,14.344,19.194,4.508,5.213,15.984,13.27
05W206,05,W,31,190.0,666.0,21.579,23.894,33.158,22.124,12.632,9.292,4.211,7.08,14.211,20.354,5.263,4.867,8.947,12.389
05W207,05,W,31,196.0,1003.0,22.449,33.241,28.571,21.607,3.061,1.939,4.592,7.202,27.041,24.931,3.061,3.601,11.224,7.479
05W208,05,W,31,303.0,1014.0,22.772,31.209,21.122,20.22,8.911,7.473,12.211,9.67,14.851,12.527,3.63,6.593,16.502,12.308
05W209,05,W,31,322.0,974.0,22.981,31.776,31.988,24.065,8.385,7.71,5.28,7.944,15.217,15.654,4.037,3.738,12.112,9.112
05W210,05,W,31,286.0,1041.0,21.329,30.063,25.175,15.031,13.986,11.482,3.846,11.273,16.084,15.24,2.448,5.219,17.133,11.691
05W211,05,W,31,274.0,764.0,27.737,30.829,32.847,17.098,8.759,7.254,4.38,8.808,13.869,20.207,4.015,5.959,8.394,9.845
05W212,05,W,31,292.0,866.0,19.863,31.422,35.959,20.872,6.849,5.963,6.849,11.239,17.466,14.45,3.425,5.505,9.589,10.55
05W213,05,W,31,424.0,968.0,22.17,28.697,44.575,29.225,9.198,8.803,4.009,5.986,8.491,14.261,4.717,6.162,6.84,6.866
05W214,05,W,31,283.0,1153.0,21.908,35.156,35.336,18.75,2.473,3.125,3.534,8.854,22.615,23.438,3.534,3.125,10.601,7.552
05W215,05,W,31,232.0,1024.0,24.569,25.432,25.431,18.025,7.328,7.16,6.034,6.914,20.259,25.185,1.724,4.444,14.655,12.84
05W216,05,W,31,271.0,940.0,20.295,25.24,31.365,22.596,9.225,8.413,5.166,8.654,18.45,17.548,4.428,6.731,11.07,10.817
05W217,05,W,31,238.0,705.0,17.227,28.375,41.597,17.906,5.042,6.061,6.303,7.438,13.445,24.242,3.361,6.061,13.025,9.917
05W218,05,W,31,316.0,940.0,25.0,32.669,25.633,17.131,10.443,10.558,9.81,10.757,12.658,14.343,3.481,6.972,12.975,7.57
05W219,05,W,31,421.0,1196.0,24.941,30.995,26.841,20.881,13.302,12.072,5.463,6.036,14.964,14.845,3.563,5.71,10.926,9.462
05W220,05,W,31,323.0,994.0,21.053,28.604,39.628,23.799,7.74,6.865,4.644,7.094,15.17,16.934,3.096,6.865,8.669,9.84
05W221,05,W,31,281.0,790.0,21.708,33.333,27.758,18.088,15.302,6.977,6.05,7.752,12.811,16.796,6.05,6.977,10.32,10.078
05W222,05,W,31,318.0,850.0,18.868,29.032,35.22,19.851,11.635,11.663,6.918,9.429,10.377,15.385,7.547,6.203,9.434,8.437
05W223,05,W,31,300.0,1021.0,27.333,33.138,23.667,20.273,6.667,6.433,5.0,8.772,19.0,19.688,3.667,3.704,14.667,7.992
05W224,05,W,31,281.0,870.0,23.488,25.464,27.046,16.976,7.117,6.101,6.406,7.692,18.149,23.873,3.915,6.366,13.879,13.528
05W225,05,W,31,308.0,934.0,19.481,32.697,23.052,12.888,8.117,8.592,11.039,10.263,16.883,16.706,4.221,3.819,17.208,15.036
05W226,05,W,31,304.0,1004.0,17.434,28.603,36.513,22.926,14.474,9.607,6.908,7.424,8.882,16.376,4.934,6.114,10.855,8.952
05W227,05,W,31,297.0,1231.0,25.926,32.464,34.007,23.46,7.071,8.057,9.091,9.479,12.458,16.114,1.347,4.028,10.101,6.398
05W228,05,W,31,239.0,705.0,17.992,25.397,52.301,22.54,5.021,8.889,5.021,6.984,8.368,21.587,2.929,4.444,8.368,10.159
05W229,05,W,31,210.0,951.0,17.143,26.368,35.238,21.393,6.667,7.96,7.143,7.96,23.81,21.393,0.952,5.721,9.048,9.204
05W230,05,W,31,189.0,623.0,16.931,31.987,33.862,17.508,9.524,7.407,5.82,8.754,16.402,20.875,5.291,6.061,12.169,7.407
05W301,05,W,32,366.0,1158.0,24.317,31.341,36.885,25.362,5.464,7.428,4.098,5.616,14.208,16.667,3.825,6.703,11.202,6.884
05W302,05,W,32,286.0,891.0,25.874,38.018,38.112,15.438,6.643,6.912,3.846,5.3,10.49,16.59,3.147,7.834,11.888,9.908
05W303,05,W,32,323.0,908.0,21.672,24.344,32.508,20.525,12.693,15.752,7.74,7.876,10.526,15.036,4.954,12.172,9.907,4.296
05W304,05,W,32,369.0,973.0,27.913,32.53,42.818,27.309,6.775,8.434,4.065,4.217,9.756,15.462,3.252,4.016,5.42,8.032
05W305,05,W,32,376.0,1163.0,22.872,30.467,37.234,17.944,7.447,11.215,6.649,11.028,12.5,14.953,3.457,4.673,9.84,9.72
05W306,05,W,32,241.0,811.0,19.087,27.249,43.983,24.165,11.618,7.712,4.979,6.427,6.639,15.167,2.075,8.226,11.618,11.054
05W307,05,W,32,319.0,1233.0,14.734,23.904,34.169,16.135,8.15,9.761,6.27,9.363,21.63,21.315,3.448,6.773,11.599,12.749
05W308,05,W,32,383.0,1149.0,21.41,28.958,34.465,21.236,9.138,8.687,4.7,5.405,16.71,20.27,3.133,6.564,10.444,8.88
05W309,05,W,32,283.0,1277.0,24.735,33.391,36.749,21.391,6.007,4.696,3.887,5.391,13.074,18.783,4.24,7.13,11.307,9.217
05W310,05,W,32,352.0,1139.0,17.045,28.741,25.852,18.197,13.068,11.565,6.534,7.653,19.034,16.667,5.398,5.442,13.068,11.735
05W311,05,W,32,387.0,1100.0,22.997,29.476,26.873,17.179,16.021,12.658,9.561,9.222,9.302,16.456,4.91,4.159,10.336,10.85
05W312,05,W,32,310.0,909.0,19.355,26.829,31.935,19.756,12.258,6.341,8.065,10.0,12.258,13.902,3.226,10.732,12.903,12.439
05W313,05,W,32,403.0,1284.0,20.099,27.483,29.28,19.536,11.414,8.775,6.7,8.609,16.377,16.722,5.211,8.113,10.918,10.762
05W314,05,W,32,421.0,1160.0,22.565,24.715,28.741,17.11,10.214,11.407,6.176,8.745,15.202,17.3,5.938,6.274,11.164,14.449
05W315,05,W,32,462.0,1125.0,19.913,31.751,28.788,19.476,23.16,18.822,7.143,6.383,6.277,10.638,4.113,5.728,10.606,7.201
05W316,05,W,32,387.0,1253.0,17.054,28.283,27.39,15.993,10.336,11.279,6.46,8.923,16.537,16.33,6.202,8.754,16.021,10.438
05W317,05,W,32,304.0,1055.0,18.75,23.476,35.197,19.639,10.197,7.449,4.276,8.126,19.408,28.217,2.961,3.837,9.211,9.255
05W318,05,W,32,320.0,1144.0,22.5,30.605,31.562,19.217,14.062,9.786,9.688,9.075,9.688,13.167,2.812,6.94,9.688,11.21
05W319,05,W,32,175.0,641.0,32.571,36.364,31.429,22.378,4.0,3.497,5.714,7.692,10.857,16.783,3.429,6.643,12.0,6.643
05W320,05,W,32,283.0,916.0,21.201,26.429,32.509,18.333,4.947,4.524,4.24,6.905,24.028,26.905,3.18,5.476,9.894,11.429
05W321,05,W,32,313.0,1104.0,19.489,29.221,32.588,13.203,14.377,8.442,5.751,10.173,10.863,17.316,3.514,6.061,13.419,15.584
05W322,05,W,32,320.0,1064.0,17.812,31.59,34.375,16.776,10.938,9.804,6.562,9.15,12.5,16.993,4.688,5.447,13.125,10.24
05W323,05,W,32,212.0,836.0,19.34,29.286,41.509,23.571,12.736,7.857,5.66,6.429,6.132,15.714,4.245,7.143,10.377,10.0
05W324,05,W,32,331.0,1078.0,19.637,25.94,30.514,22.744,7.553,9.023,9.366,10.15,13.293,15.602,5.438,6.955,14.199,9.586
05W325,05,W,32,420.0,1212.0,19.048,28.502,30.0,20.521,16.667,10.586,9.286,11.401,8.571,16.287,4.762,7.003,11.667,5.7
05W326,05,W,32,257.0,1063.0,27.237,29.854,36.576,25.243,7.393,4.854,1.946,5.583,12.062,19.417,2.335,7.282,12.451,7.767
05W327,05,W,32,355.0,1039.0,19.155,21.645,30.423,18.831,14.085,12.771,9.296,10.823,9.577,14.502,4.789,8.442,12.676,12.987
05W328,05,W,32,375.0,1191.0,21.6,29.762,29.333,19.898,14.933,10.374,7.467,6.803,11.2,17.177,5.333,6.122,10.133,9.864
05W329,05,W,32,284.0,933.0,21.831,28.101,28.169,21.266,15.493,11.899,8.451,9.62,9.859,13.924,4.577,4.304,11.62,10.886
05W330,05,W,32,202.0,705.0,16.832,15.385,25.248,23.077,10.396,7.692,8.416,0.0,15.842,15.385,7.426,0.0,15.842,38.462
05W331,05,W,32,169.0,562.0,23.077,34.395,31.953,28.662,9.467,8.917,5.917,3.822,10.651,15.924,9.467,3.822,9.467,4.459
05W332,05,W,32,89.0,387.0,17.978,14.286,33.708,14.286,15.73,14.286,3.371,14.286,4.494,14.286,6.742,14.286,17.978,14.286
05W401,05,W,33,371.0,1358.0,20.755,24.655,45.553,31.558,7.547,8.876,5.121,6.903,8.895,16.371,3.235,6.312,8.895,5.325
05W402,05,W,33,263.0,701.0,24.335,26.735,41.445,29.306,13.308,10.026,2.662,9.512,8.745,14.139,3.042,4.884,6.464,5.398
05W403,05,W,33,396.0,933.0,27.273,32.772,44.949,35.206,6.566,6.742,2.273,4.869,6.061,11.049,5.051,5.618,7.828,3.745
05W404,05,W,33,394.0,1015.0,19.543,28.106,39.848,23.625,11.168,9.165,4.061,6.11,11.168,16.904,4.822,6.721,9.391,9.369
05W405,05,W,33,391.0,1055.0,20.972,30.404,44.501,30.931,5.882,6.854,3.836,5.097,11.509,11.248,3.581,6.327,9.719,9.139
05W406,05,W,33,323.0,984.0,19.505,25.956,38.08,24.346,4.954,7.042,4.025,5.03,16.718,19.517,4.025,7.042,12.693,11.066
05W407,05,W,33,356.0,979.0,20.787,25.813,38.764,28.872,8.427,11.09,4.775,5.927,15.169,15.105,6.18,7.075,5.899,6.119
05W408,05,W,33,217.0,833.0,25.346,31.217,32.719,18.783,5.53,3.175,5.069,8.73,18.433,20.37,2.765,6.614,10.138,11.111
05W409,05,W,33,456.0,1081.0,21.93,27.332,46.491,24.877,7.237,7.201,3.07,6.219,10.965,19.476,4.825,8.02,5.482,6.874
05W410,05,W,33,337.0,1294.0,24.629,31.612,38.872,24.413,4.748,3.599,3.858,6.103,18.694,19.405,3.264,5.947,5.935,8.92
05W411,05,W,33,346.0,1006.0,15.029,22.804,39.884,19.813,6.647,5.234,4.913,8.598,20.809,25.047,2.601,6.729,10.116,11.776
05W412,05,W,33,398.0,1279.0,18.844,30.149,45.729,23.134,3.266,4.03,1.759,4.179,21.608,20.746,2.01,8.06,6.784,9.701
05W413,05,W,33,347.0,1339.0,21.326,26.449,42.363,23.477,7.493,10.104,2.305,6.092,14.986,18.276,3.746,8.024,7.781,7.578
05W414,05,W,33,261.0,765.0,21.839,27.387,37.165,19.598,3.831,4.523,3.448,7.035,21.456,21.608,3.448,8.794,8.812,11.055
05W415,05,W,33,318.0,1255.0,24.214,30.265,34.277,17.345,2.83,7.434,4.403,5.664,21.069,20.708,2.201,5.133,11.006,13.451
05W416,05,W,33,353.0,1222.0,19.83,23.404,38.244,30.769,10.482,10.802,5.099,6.219,12.748,16.694,4.249,4.255,9.348,7.856
05W417,05,W,33,382.0,940.0,18.325,24.948,44.503,27.254,9.948,8.386,2.88,5.66,12.565,19.078,6.283,7.128,5.497,7.547
05W418,05,W,33,170.0,718.0,18.824,24.013,42.353,18.421,3.529,4.605,4.706,8.553,17.647,25.329,3.529,8.224,9.412,10.855
05W419,05,W,33,419.0,1078.0,15.752,21.541,49.642,32.399,7.637,5.954,6.205,10.858,9.785,18.914,3.341,3.152,7.637,7.18
05W420,05,W,33,393.0,1072.0,16.794,22.241,42.748,29.881,13.232,14.941,4.071,7.81,9.16,10.866,5.089,5.603,8.906,8.659
05W421,05,W,33,346.0,1195.0,23.699,31.507,36.127,19.765,6.358,4.305,5.78,6.849,16.474,20.352,3.468,6.654,8.092,10.568
05W422,05,W,33,237.0,951.0,22.363,27.338,31.646,19.424,3.376,4.796,6.329,6.954,21.941,24.221,2.532,6.475,11.814,10.791
05W423,05,W,33,293.0,825.0,23.549,28.173,45.734,28.934,2.048,3.807,3.754,8.883,14.676,15.736,4.437,7.868,5.802,6.599
05W424,05,W,33,372.0,1184.0,26.882,31.561,34.946,23.328,7.796,5.832,3.763,8.576,14.516,20.069,2.957,5.317,9.14,5.317
05W425,05,W,33,357.0,1000.0,17.367,26.145,44.538,28.244,11.204,8.206,2.241,5.344,11.204,19.084,5.602,6.87,7.843,6.107
05W426,05,W,33,413.0,1159.0,18.402,22.184,43.341,28.328,7.748,6.997,5.085,6.314,12.349,21.16,4.6,6.997,8.475,8.02
05W427,05,W,33,212.0,748.0,25.472,31.635,27.83,20.107,6.604,5.362,6.132,4.826,19.811,18.767,6.132,5.094,8.019,14.209
05W428,05,W,33,442.0,1080.0,20.362,31.605,38.235,21.906,4.525,7.191,2.489,6.522,16.516,14.548,3.62,5.518,14.253,12.709
05W429,05,W,33,382.0,935.0,24.346,24.897,36.387,26.132,12.042,11.317,2.88,5.35,12.042,15.226,3.927,8.23,8.377,8.848
05W430,05,W,33,359.0,1002.0,19.499,29.853,42.061,27.289,8.635,9.158,4.457,4.579,11.699,16.484,4.457,6.593,9.192,6.044
05W501,05,W,34,302.0,985.0,16.556,24.691,39.735,21.399,10.265,8.23,7.616,7.819,13.576,20.37,4.967,8.642,7.285,8.848
05W502,05,W,34,449.0,1174.0,26.058,33.333,28.285,18.09,16.036,9.548,4.232,7.538,11.581,16.583,4.232,5.863,9.577,9.045
05W503,05,W,34,362.0,783.0,20.442,23.861,43.646,30.803,11.326,13.232,4.42,5.64,10.497,9.761,4.972,11.28,4.696,5.423
05W504,05,W,34,388.0,911.0,22.938,20.599,42.268,33.521,11.34,10.861,3.093,4.307,7.216,12.734,5.67,13.67,7.474,4.307
05W505,05,W,34,362.0,1098.0,26.796,24.895,40.608,27.615,11.878,8.787,3.315,7.322,8.011,14.017,5.249,11.715,4.144,5.649
05W506,05,W,34,464.0,1065.0,19.828,25.0,45.474,29.272,8.621,7.911,3.448,4.43,8.836,16.297,4.741,12.184,9.052,4.905
05W507,05,W,34,444.0,984.0,17.342,21.717,40.09,27.104,18.243,14.31,2.252,4.209,7.432,13.468,8.333,12.963,6.306,6.229
05W508,05,W,34,429.0,970.0,18.182,20.534,42.191,26.078,15.152,15.195,2.797,5.339,7.925,16.222,5.828,12.731,7.925,3.901
05W509,05,W,34,258.0,695.0,13.953,24.413,41.86,21.127,17.829,9.39,2.713,7.042,9.302,18.779,9.69,7.981,4.651,11.268
05W510,05,W,34,409.0,965.0,21.516,20.696,41.076,31.136,9.535,11.538,4.156,4.579,9.046,13.736,6.846,12.088,7.824,6.227
05W511,05,W,34,398.0,916.0,17.337,18.898,45.98,32.677,12.814,12.402,4.523,4.331,8.794,12.402,7.789,16.142,2.764,3.15
05W512,05,W,34,365.0,858.0,14.795,19.068,53.425,36.653,11.233,9.11,1.37,4.237,6.575,12.288,8.219,14.195,4.384,4.449
05W513,05,W,34,478.0,970.0,19.665,25.34,44.561,27.381,11.088,12.415,3.138,4.082,7.531,13.435,6.904,12.415,7.113,4.932
05W514,05,W,34,220.0,986.0,19.545,30.334,38.182,17.481,2.273,5.398,4.545,5.656,23.182,25.193,2.727,4.37,9.545,11.568
05W515,05,W,34,408.0,1069.0,21.814,25.567,48.284,29.485,7.598,8.041,3.922,7.01,6.127,12.577,6.373,11.546,5.882,5.773
05W516,05,W,34,468.0,1203.0,23.932,20.781,41.667,25.0,10.043,11.562,3.846,7.5,8.12,14.844,6.838,11.719,5.556,8.594
05W517,05,W,34,344.0,995.0,25.0,25.591,34.884,22.366,6.395,8.172,2.035,7.312,16.279,20.0,2.616,7.312,12.791,9.247
05W518,05,W,34,390.0,913.0,12.308,23.673,51.538,31.429,11.538,9.796,1.538,2.245,10.513,14.286,6.154,13.878,6.41,4.694
05W519,05,W,34,310.0,970.0,20.323,25.636,40.323,26.695,6.774,6.568,3.226,5.085,17.097,18.856,4.194,9.322,8.065,7.839
05W520,05,W,34,309.0,1129.0,21.036,29.883,40.129,25.391,5.178,5.078,2.913,6.25,18.77,19.922,2.913,6.055,9.061,7.422
05W521,05,W,34,284.0,1108.0,23.592,27.176,31.69,16.773,4.577,5.945,6.338,8.493,19.014,24.628,2.465,5.308,12.324,11.677
05W522,05,W,34,409.0,954.0,22.249,26.499,39.364,24.952,13.203,14.507,6.601,5.416,10.758,15.474,3.178,8.317,4.645,4.836
05W523,05,W,34,380.0,952.0,16.053,21.739,49.474,27.759,12.368,11.538,2.368,4.013,9.474,14.716,6.842,15.217,3.421,5.017
05W524,05,W,34,407.0,967.0,21.867,26.195,40.541,27.257,17.199,13.274,2.457,5.841,6.388,11.681,5.897,11.681,5.651,4.071
05W525,05,W,34,351.0,799.0,15.385,23.356,44.444,29.705,13.675,12.925,3.989,6.803,9.402,11.111,7.123,11.111,5.983,4.989
05W526,05,W,34,418.0,1113.0,22.967,27.627,37.081,24.407,9.569,8.644,2.871,6.271,15.55,16.78,3.828,9.492,8.134,6.78
05W527,05,W,34,242.0,1395.0,24.38,28.605,23.967,13.023,5.372,4.419,4.132,11.628,26.033,28.837,4.545,4.651,11.57,8.837
05W528,05,W,34,373.0,884.0,21.448,21.748,43.432,27.505,11.528,15.352,2.413,6.397,6.702,11.94,8.579,11.727,5.898,5.33
05W529,05,W,34,394.0,899.0,13.706,16.522,50.254,34.565,12.183,10.652,4.569,3.696,6.091,15.0,7.107,16.087,6.091,3.478
05W530,05,W,34,320.0,954.0,20.312,28.834,34.062,21.063,6.562,7.157,6.875,8.18,13.438,16.769,3.75,6.953,15.0,11.043
05W531,05,W,34,346.0,786.0,13.295,25.085,38.439,21.695,13.584,9.831,2.601,7.458,15.029,18.983,4.913,8.136,12.139,8.814
05W532,05,W,34,536.0,1022.0,15.112,25.597,45.149,27.645,14.366,12.457,3.731,3.925,8.955,13.652,7.09,12.799,5.597,3.925
06B1A,06,B,35,566.0,0.0,21.201,23.229,39.046,24.929,16.784,18.414,4.594,7.649,4.417,8.215,7.42,11.048,6.537,6.516
06B1AA,06,B,35,391.0,0.0,15.09,22.841,25.575,23.12,31.969,18.942,9.207,8.357,3.325,9.192,5.115,10.028,9.719,7.521
06B1AB,06,B,35,387.0,0.0,23.773,22.601,18.346,23.22,28.424,19.195,8.786,8.359,4.393,9.288,5.426,9.907,10.853,7.43
06B1B,06,B,35,564.0,0.0,21.454,21.922,34.929,24.024,21.099,19.52,4.787,8.108,4.078,8.408,7.624,10.511,6.028,7.508
06B1C,06,B,35,412.0,0.0,21.117,22.101,19.903,23.913,34.951,19.565,7.767,7.971,2.184,8.333,6.796,10.145,7.282,7.971
06B1D,06,B,35,484.0,0.0,18.802,22.59,25.0,22.892,33.678,21.084,6.198,8.735,3.512,8.434,6.405,9.036,6.405,7.229
06B1E,06,B,35,441.0,0.0,19.274,22.053,30.385,23.194,23.81,19.772,6.803,8.365,3.855,8.745,8.617,10.266,7.256,7.605
06B1F,06,B,35,330.0,0.0,21.515,23.297,33.03,24.014,17.273,19.355,6.667,7.885,3.636,8.602,8.485,10.036,9.394,6.81
06B1G,06,B,35,423.0,0.0,22.459,22.917,34.752,24.306,15.839,19.444,6.856,7.986,5.201,9.375,6.147,9.722,8.747,6.25
06B1H,06,B,35,538.0,0.0,19.517,22.408,32.156,24.749,22.862,19.732,7.621,8.361,3.346,8.361,10.223,10.368,4.275,6.02
06B1J,06,B,35,403.0,0.0,22.581,22.483,31.266,23.826,23.821,20.47,7.692,8.725,4.715,8.389,4.963,10.403,4.963,5.705
06B1K,06,B,35,419.0,0.0,21.48,22.086,26.253,23.313,25.776,20.552,8.353,8.896,3.819,8.589,6.205,10.736,8.115,5.828
06B1L,06,B,35,371.0,0.0,24.798,23.39,32.075,24.407,21.294,18.983,4.313,8.136,5.121,8.814,4.313,10.508,8.086,5.763
06B1M,06,B,35,343.0,0.0,18.95,23.881,29.738,24.478,21.283,18.806,5.248,8.06,7.58,8.657,7.58,10.448,9.621,5.672
06B1N,06,B,35,349.0,0.0,25.501,23.077,31.805,24.308,16.905,19.077,5.444,8.0,7.736,9.538,3.725,9.538,8.883,6.462
06B1P,06,B,35,459.0,0.0,19.39,23.38,34.423,25.352,23.965,18.873,5.664,7.887,3.268,8.169,8.061,10.986,5.229,5.352
06B1Q,06,B,35,373.0,0.0,16.89,23.411,31.903,24.08,23.592,19.732,4.826,8.361,4.021,9.365,8.847,10.033,9.92,5.017
06B1R,06,B,35,444.0,0.0,20.495,23.392,28.604,23.684,25.225,19.883,9.009,8.48,3.153,9.649,7.207,9.942,6.306,4.971
06B1S,06,B,35,496.0,0.0,19.758,23.148,33.065,24.383,22.782,20.062,5.04,8.642,4.637,8.642,7.056,10.185,7.661,4.938
06B1T,06,B,35,497.0,0.0,22.133,23.077,38.431,24.556,20.121,20.118,6.237,8.58,1.408,8.58,7.847,10.355,3.823,4.734
06B1U,06,B,35,425.0,0.0,20.235,23.162,28.941,23.529,26.118,21.324,4.706,8.456,5.647,8.456,6.824,10.294,7.529,4.779
06B1V,06,B,35,363.0,0.0,19.835,23.432,31.68,23.432,26.997,21.782,7.438,8.581,3.03,8.581,4.408,9.571,6.612,4.62
06B1W,06,B,35,405.0,0.0,21.728,23.442,29.63,24.629,24.691,19.881,9.877,8.309,3.21,8.605,6.173,10.386,4.691,4.748
06B1X,06,B,35,476.0,0.0,22.059,23.58,34.664,24.148,20.168,19.886,4.622,8.523,4.622,9.375,5.672,10.227,8.193,4.261
06B1Y,06,B,35,407.0,0.0,19.902,23.413,29.73,24.206,22.85,20.238,6.143,8.333,4.914,8.73,8.845,10.317,7.617,4.762
06B1Z,06,B,35,437.0,0.0,18.078,23.653,27.231,24.85,27.231,19.162,11.442,7.784,3.432,9.581,3.89,9.88,8.696,5.09
06B2A,06,B,36,402.0,0.0,26.119,23.358,25.124,22.993,25.124,17.518,5.97,7.299,5.473,10.219,6.468,9.489,5.721,9.124
06B2AA,06,B,36,433.0,0.0,22.171,23.256,33.487,23.256,19.63,17.054,5.543,6.977,4.388,10.465,6.467,9.302,8.314,9.69
06B2B,06,B,36,410.0,0.0,26.098,24.405,27.561,22.917,20.244,16.964,6.585,7.143,4.146,10.417,6.341,9.226,9.024,8.929
06B2C,06,B,36,327.0,0.0,20.795,24.451,38.838,22.884,14.373,16.928,7.034,7.21,7.339,10.345,4.893,9.404,6.728,8.777
06B2D,06,B,36,343.0,0.0,27.697,24.024,35.569,24.024,13.994,16.817,3.79,6.907,5.248,10.511,5.248,9.91,8.455,7.808
06B2E,06,B,36,331.0,0.0,21.752,23.1,41.088,25.532,14.804,15.198,4.834,7.295,3.021,10.638,5.438,10.03,9.063,8.207
06B2F,06,B,36,404.0,0.0,17.574,23.164,39.851,25.989,17.822,14.972,5.693,7.345,4.95,10.734,4.95,10.169,9.158,7.627
06B2G,06,B,36,393.0,0.0,21.883,24.286,31.807,22.857,14.758,17.5,9.16,7.5,7.125,10.0,4.835,9.643,10.433,8.214
06B2H,06,B,36,391.0,0.0,16.88,24.199,41.688,23.843,15.601,17.438,7.928,7.117,3.836,10.32,7.161,9.609,6.905,7.473
06B2J,06,B,36,453.0,0.0,24.503,23.099,29.581,22.515,21.413,19.298,7.064,8.187,2.428,9.942,7.064,9.942,7.947,7.018
06B2K,06,B,36,461.0,0.0,19.74,23.219,33.839,25.066,19.957,17.414,5.206,7.388,5.423,10.29,9.328,10.29,6.508,6.332
06B2L,06,B,36,516.0,0.0,24.031,23.276,29.264,25.0,22.093,17.529,5.039,7.471,5.039,10.345,7.171,10.345,7.364,6.034
06B2M,06,B,36,479.0,0.0,25.052,24.286,30.271,23.214,20.668,17.857,5.01,7.143,4.175,10.357,6.681,9.643,8.142,7.5
06B2N,06,B,36,356.0,0.0,20.787,24.46,32.584,23.022,19.944,17.626,7.865,7.914,4.213,10.072,5.618,9.712,8.989,7.194
06B2P,06,B,36,371.0,0.0,21.833,24.422,25.067,23.102,29.919,18.482,7.278,6.931,2.695,10.561,5.66,9.241,7.547,7.261
06B2Q,06,B,36,434.0,0.0,21.198,23.97,31.336,23.97,20.046,18.352,6.452,7.116,4.608,10.112,8.986,9.363,7.373,7.116
06B2R,06,B,36,469.0,0.0,21.322,23.741,31.557,24.101,23.241,18.345,7.676,7.194,3.625,10.072,6.183,9.353,6.397,7.194
06B2S,06,B,36,400.0,0.0,20.25,23.913,28.5,23.913,24.25,18.012,6.25,6.522,3.75,10.248,6.75,9.627,10.25,7.764
06B2T,06,B,36,397.0,0.0,22.67,23.529,29.723,23.856,17.128,17.974,3.526,6.863,4.534,10.131,12.091,9.477,10.327,8.17
06B2U,06,B,36,397.0,0.0,21.159,23.794,25.693,22.83,28.212,18.971,8.564,8.039,4.282,10.289,7.305,9.646,4.786,6.431
06B2V,06,B,36,431.0,0.0,17.865,24.464,29.234,23.605,24.362,17.597,8.121,6.867,5.568,10.3,7.193,9.442,7.657,7.725
06B2W,06,B,36,436.0,0.0,25.917,24.468,32.569,24.823,16.284,17.021,4.817,7.092,5.275,10.638,7.11,9.574,8.028,6.383
06B2X,06,B,36,303.0,0.0,22.112,24.828,28.713,23.448,24.092,18.276,4.62,6.897,4.62,10.69,5.281,9.31,10.561,6.552
06B2Y,06,B,36,318.0,0.0,27.044,25.101,20.126,23.887,26.73,17.814,5.975,7.287,5.975,10.526,5.975,9.312,8.176,6.073
06B2Z,06,B,36,357.0,0.0,22.129,24.113,27.451,24.113,23.81,18.44,7.563,7.447,4.762,10.638,8.123,9.574,6.162,5.674
06B3A,06,B,37,523.0,0.0,21.989,19.355,32.505,30.205,21.797,15.543,7.266,5.279,2.103,9.091,8.031,13.49,6.31,7.038
06B3AA,06,B,37,544.0,0.0,23.346,20.43,36.029,30.108,16.544,15.054,4.963,5.914,3.493,9.14,9.375,12.903,6.25,6.452
06B3AB,06,B,37,485.0,0.0,22.68,19.355,31.134,30.108,24.33,15.86,6.186,5.376,2.474,9.14,8.041,13.71,5.155,6.452
06B3AC,06,B,37,450.0,0.0,21.778,19.231,34.0,30.769,22.0,15.976,4.0,5.325,2.222,9.172,11.556,13.314,4.444,6.213
06B3B,06,B,37,566.0,0.0,23.852,21.622,33.039,29.73,21.555,15.135,4.064,5.946,2.473,8.919,8.834,12.162,6.184,6.486
06B3C,06,B,37,293.0,0.0,22.526,21.239,29.352,30.088,25.256,15.044,6.826,5.605,3.072,9.145,5.119,12.389,7.85,6.49
06B3D,06,B,37,548.0,0.0,18.978,19.571,40.146,30.563,18.248,16.086,4.562,5.094,2.92,9.115,10.766,13.941,4.38,5.63
06B3E,06,B,37,348.0,0.0,25.287,21.519,29.023,30.38,24.138,15.19,7.759,5.38,3.161,9.177,5.46,12.658,5.172,5.696
06B3F,06,B,37,477.0,0.0,25.577,20.917,38.155,31.519,13.417,14.613,3.983,4.871,2.516,10.029,12.788,13.181,3.564,4.871
06B3G,06,B,37,535.0,0.0,23.551,20.27,37.009,32.77,21.121,14.189,6.168,4.73,1.682,9.459,6.916,13.514,3.551,5.068
06B3H,06,B,37,515.0,0.0,14.951,20.064,45.437,32.166,17.864,15.287,3.301,4.777,3.689,9.554,11.068,13.376,3.689,4.777
06B3J,06,B,37,526.0,0.0,25.285,19.804,42.586,32.763,15.589,16.137,3.042,4.645,2.091,9.535,8.175,13.447,3.232,3.667
06B3K,06,B,37,480.0,0.0,14.375,21.212,35.625,31.212,26.875,15.455,5.0,5.758,1.25,9.394,10.0,12.727,6.875,4.242
06B3L,06,B,37,456.0,0.0,19.298,20.064,44.956,31.21,17.982,16.242,2.412,5.096,3.509,9.554,7.018,13.376,4.825,4.459
06B3M,06,B,37,490.0,0.0,19.796,21.307,42.245,31.25,18.776,15.341,4.082,5.682,2.245,9.375,9.184,13.068,3.673,3.977
06B3N,06,B,37,408.0,0.0,20.098,20.732,48.529,31.402,11.52,14.939,2.206,5.183,2.941,10.366,8.578,13.11,6.127,4.268
06B3P,06,B,37,466.0,0.0,16.094,20.783,42.918,31.627,13.09,14.759,2.361,5.12,8.584,10.241,9.871,13.253,7.082,4.217
06B3Q,06,B,37,540.0,0.0,20.741,19.613,50.185,34.254,13.148,13.812,2.037,4.696,2.593,9.392,7.593,14.365,3.704,3.867
06B3R,06,B,37,417.0,0.0,17.266,21.951,38.369,30.488,13.909,14.024,5.755,5.488,8.873,10.366,5.036,12.805,10.791,4.878
06B3S,06,B,37,445.0,0.0,20.674,22.09,35.73,30.448,16.854,14.03,5.393,5.373,6.742,10.448,6.067,12.836,8.539,4.776
06B3T,06,B,37,414.0,0.0,17.633,21.253,39.372,31.88,14.976,14.441,5.072,5.177,6.522,10.082,7.005,12.807,9.42,4.36
06B3U,06,B,37,422.0,0.0,20.616,19.701,39.573,31.642,19.668,16.418,4.739,5.373,3.318,9.254,8.057,13.731,4.028,3.881
06B3V,06,B,37,462.0,0.0,18.182,20.43,46.32,31.9,13.636,15.054,3.463,5.018,2.814,10.036,11.905,13.262,3.68,4.301
06B3W,06,B,37,401.0,0.0,23.192,21.306,42.145,31.959,12.968,14.089,6.733,5.155,3.99,9.966,5.985,13.402,4.988,4.124
06B3X,06,B,37,480.0,0.0,22.292,21.277,43.958,31.915,12.917,14.59,4.583,5.167,4.583,10.03,7.5,13.07,4.167,3.951
06B3Y,06,B,37,509.0,0.0,22.593,20.066,43.026,32.895,15.717,15.461,1.965,4.934,2.554,9.211,10.609,13.487,3.536,3.947
06B3Z,06,B,37,447.0,0.0,22.148,20.875,37.36,31.65,13.647,14.815,3.132,5.051,6.264,10.101,12.752,13.468,4.698,4.04
06B4A,06,B,38,388.0,0.0,17.526,20.958,37.629,30.24,20.103,13.772,5.155,5.09,3.866,10.778,9.794,11.976,5.928,7.186
06B4B,06,B,38,403.0,0.0,24.566,20.635,40.447,30.476,13.4,13.651,5.459,5.079,3.722,10.794,6.948,12.063,5.459,7.302
06B4C,06,B,38,471.0,0.0,20.807,19.022,40.764,29.891,14.437,14.946,2.548,5.163,2.972,10.87,11.677,12.772,6.794,7.337
06B4D,06,B,38,489.0,0.0,16.564,20.328,43.967,30.164,15.337,13.115,4.09,5.246,2.658,11.148,9.202,12.459,8.18,7.541
06B4E,06,B,38,456.0,0.0,18.64,20.0,46.711,31.594,14.474,13.913,3.509,4.638,3.947,10.725,6.14,12.754,6.579,6.377
06B4F,06,B,38,440.0,0.0,23.182,19.355,40.0,30.645,16.364,14.516,2.727,5.484,3.409,10.968,6.364,12.581,7.955,6.452
06B4G,06,B,38,392.0,0.0,21.939,20.994,38.01,30.663,10.969,14.088,5.102,5.525,7.398,10.773,10.204,11.878,6.378,6.077
06B4H,06,B,38,608.0,0.0,19.737,20.937,44.572,30.854,17.434,14.05,3.125,5.51,4.276,10.744,6.086,11.846,4.77,6.061
06B4J,06,B,38,458.0,0.0,23.581,20.475,43.013,31.454,12.227,12.76,3.93,5.341,3.93,12.76,6.987,11.276,6.332,5.935
06B4K,06,B,38,332.0,0.0,20.181,20.761,37.048,31.142,15.06,13.149,5.12,5.536,6.325,11.765,5.723,11.765,10.542,5.882
06B4L,06,B,38,525.0,0.0,19.238,20.597,44.19,31.642,12.0,12.836,4.0,5.373,7.048,12.537,4.762,11.343,8.762,5.672
06B4M,06,B,38,324.0,0.0,31.173,21.07,36.42,31.104,13.272,12.709,4.321,5.017,3.395,12.04,6.173,12.04,5.247,6.02
06B4N,06,B,38,372.0,0.0,24.462,21.07,42.473,31.104,8.333,12.709,4.57,5.017,7.796,12.04,5.376,12.04,6.989,6.02
06B4P,06,B,38,142.0,0.0,21.127,21.053,42.254,31.228,6.338,12.982,5.634,4.912,9.859,11.93,4.225,11.93,10.563,5.965
06B4Q,06,B,38,247.0,0.0,25.101,20.69,38.866,31.418,11.741,13.41,4.049,4.981,4.858,11.494,5.263,11.877,10.121,6.13
06B4R,06,B,38,562.0,0.0,22.064,20.541,39.502,32.703,14.769,14.054,3.381,4.595,4.626,10.811,9.253,12.973,6.406,4.324
06B4S,06,B,38,546.0,0.0,23.26,21.16,43.223,32.423,12.271,13.652,4.579,4.778,4.212,11.263,7.143,12.287,5.311,4.437
06B4T,06,B,38,429.0,0.0,23.31,21.014,38.228,31.884,16.317,13.406,4.895,5.072,3.963,11.594,8.392,12.319,4.895,4.71
06B4U,06,B,38,352.0,0.0,19.318,21.846,46.307,31.692,14.773,14.154,2.841,4.923,3.125,11.077,7.102,12.0,6.534,4.308
06B4V,06,B,38,287.0,0.0,22.648,21.141,40.767,32.55,9.756,13.758,3.484,5.034,6.62,11.409,8.362,11.409,8.362,4.698
06B4W,06,B,38,473.0,0.0,20.719,20.996,38.478,32.028,16.913,13.523,4.017,4.982,7.4,11.388,6.131,12.456,6.342,4.626
06B4X,06,B,38,487.0,0.0,22.382,20.221,35.524,31.618,22.177,14.706,5.133,5.147,3.491,11.029,5.133,12.5,6.16,4.779
06B4Y,06,B,38,520.0,0.0,19.038,21.017,53.269,32.203,12.5,13.898,3.077,5.085,2.692,11.186,6.154,11.864,3.269,4.746
06B5A,06,B,39,401.0,0.0,22.693,20.93,38.653,29.845,15.212,11.628,4.738,5.426,5.736,10.853,6.484,11.24,6.484,10.078
06B5AA,06,B,39,165.0,0.0,24.242,21.654,29.697,29.528,13.939,11.024,6.061,5.512,9.697,11.811,4.242,10.236,12.121,10.236
06B5B,06,B,39,367.0,0.0,19.891,21.622,38.692,29.73,12.807,11.583,2.997,5.405,6.812,11.197,8.719,10.811,10.082,9.653
06B5C,06,B,39,447.0,0.0,24.161,20.847,41.611,30.293,12.304,11.401,4.698,5.537,5.369,11.075,5.817,12.052,6.04,8.795
06B5D,06,B,39,418.0,0.0,22.488,21.053,37.321,30.769,17.225,11.741,3.349,5.263,4.306,10.931,10.287,11.336,5.024,8.907
06B5E,06,B,39,439.0,0.0,20.501,20.117,37.13,30.612,19.59,12.828,4.1,5.539,3.872,11.37,9.339,12.828,5.467,6.706
06B5F,06,B,39,404.0,0.0,20.297,21.07,37.871,30.1,13.366,11.706,4.703,6.02,4.95,11.706,7.426,11.037,11.386,8.361
06B5G,06,B,39,287.0,0.0,20.557,22.383,37.282,29.603,15.331,11.913,4.53,5.776,8.362,11.913,4.53,10.469,9.408,7.942
06B5H,06,B,39,370.0,0.0,18.649,21.154,43.514,28.846,9.189,11.218,5.135,6.09,7.297,12.821,9.73,10.897,6.486,8.974
06B5J,06,B,39,509.0,0.0,17.878,21.246,51.67,30.878,8.644,11.898,4.715,5.382,5.697,11.331,6.287,12.748,5.108,6.516
06B5K,06,B,39,338.0,0.0,16.272,21.474,47.337,31.09,14.201,11.859,2.367,5.449,6.509,11.859,5.917,11.218,7.396,7.051
06B5L,06,B,39,342.0,0.0,19.298,20.47,41.813,30.872,17.251,12.752,5.848,5.705,4.386,11.074,4.971,12.416,6.433,6.711
06B5M,06,B,39,323.0,0.0,24.458,21.399,37.461,31.687,14.241,11.523,3.096,5.761,4.954,11.111,5.573,11.111,10.217,7.407
06B5N,06,B,39,304.0,0.0,18.421,21.104,40.789,32.143,11.513,11.688,4.934,5.519,3.289,11.364,6.579,11.039,14.474,7.143
06B5P,06,B,39,470.0,0.0,23.404,21.545,45.957,31.301,10.638,11.789,1.915,5.285,4.468,11.382,8.936,11.382,4.681,7.317
06B5Q,06,B,39,368.0,0.0,22.826,21.474,39.674,31.41,11.413,11.859,4.348,5.449,7.337,11.859,7.065,11.218,7.337,6.731
06B5R,06,B,39,271.0,0.0,26.937,22.692,38.376,30.385,6.642,11.154,4.797,5.769,7.749,11.923,3.321,10.385,12.177,7.692
06B5S,06,B,39,314.0,0.0,16.561,21.141,34.395,29.53,16.242,11.074,5.096,6.04,7.962,12.416,5.414,11.074,14.331,8.725
06B5T,06,B,39,269.0,0.0,23.048,21.56,38.662,31.193,10.037,11.468,4.461,5.505,5.576,11.468,7.063,11.468,11.152,7.339
06B5U,06,B,39,351.0,0.0,20.228,21.429,41.311,31.746,13.39,12.302,3.419,5.556,3.134,11.111,6.838,11.905,11.681,5.952
06B5V,06,B,39,360.0,0.0,19.167,21.399,41.111,31.687,14.444,12.346,4.444,5.35,5.556,11.111,9.722,11.934,5.556,6.173
06B5W,06,B,39,395.0,0.0,18.987,21.132,43.038,32.075,16.962,12.075,3.291,5.283,5.57,11.698,6.835,11.321,5.316,6.415
06B5X,06,B,39,322.0,0.0,23.292,21.973,45.963,31.39,7.764,12.108,5.59,5.381,5.901,11.659,3.106,10.762,8.385,6.726
06B5Y,06,B,39,270.0,0.0,23.333,21.569,29.259,30.98,14.815,11.765,6.667,5.882,7.778,12.157,5.556,10.98,12.593,6.667
06B5Z,06,B,39,260.0,0.0,29.615,22.172,46.154,31.222,4.615,11.312,1.154,5.43,5.769,11.765,4.231,11.312,8.462,6.787
06B6A,06,B,40,575.0,0.0,22.261,20.28,37.739,26.34,18.783,16.783,4.87,5.361,2.261,9.324,9.043,15.851,5.043,6.061
06B6AA,06,B,40,505.0,0.0,10.099,15.971,50.495,31.941,11.287,14.742,2.376,4.423,5.149,8.845,17.624,18.919,2.97,5.16
06B6B,06,B,40,407.0,0.0,23.096,20.745,29.238,25.532,23.587,17.021,7.125,6.117,4.177,9.84,4.668,14.096,8.108,6.649
06B6C,06,B,40,528.0,0.0,13.447,19.802,38.258,27.393,23.485,16.502,4.545,5.281,2.652,9.571,13.636,15.182,3.977,6.271
06B6D,06,B,40,396.0,0.0,19.697,19.672,37.374,27.541,20.455,16.393,4.798,5.574,3.535,9.508,11.111,15.738,3.03,5.574
06B6E,06,B,40,419.0,0.0,18.616,20.267,36.754,26.933,17.184,18.133,6.444,5.867,6.205,9.6,8.831,14.667,5.967,4.533
06B6F,06,B,40,420.0,0.0,10.0,16.332,55.952,32.161,10.0,14.824,1.905,4.523,3.333,9.045,15.952,19.095,2.857,4.02
06B6G,06,B,40,489.0,0.0,12.883,18.815,50.716,28.92,12.679,15.679,3.067,5.226,2.658,9.408,15.133,16.376,2.863,5.575
06B6H,06,B,40,512.0,0.0,14.453,19.355,51.367,28.446,13.086,15.543,2.148,5.572,3.516,9.677,11.719,17.009,3.711,4.399
06B6J,06,B,40,468.0,0.0,17.094,20.0,38.889,28.493,16.88,16.712,5.128,6.027,3.205,9.589,14.316,15.342,4.487,3.836
06B6K,06,B,40,488.0,0.0,12.5,17.378,49.795,31.098,17.008,15.244,2.254,4.878,3.279,9.451,11.27,17.988,3.893,3.963
06B6L,06,B,40,512.0,0.0,19.922,21.028,32.617,26.636,20.117,17.056,5.859,5.607,4.492,9.579,10.938,16.121,6.055,3.972
06B6M,06,B,40,385.0,0.0,22.338,19.805,33.506,28.571,20.779,16.883,5.195,5.844,4.156,9.416,8.831,15.584,5.195,3.896
06B6N,06,B,40,559.0,0.0,19.141,19.938,35.063,28.349,25.224,16.822,4.114,5.296,1.61,9.969,11.27,15.888,3.578,3.738
06B6P,06,B,40,488.0,0.0,18.648,19.558,40.779,28.707,17.623,16.088,3.893,5.363,2.664,9.464,12.295,17.035,4.098,3.785
06B6Q,06,B,40,468.0,0.0,21.368,20.049,35.043,28.606,18.803,16.87,5.342,6.112,5.128,9.78,5.769,15.159,8.547,3.423
06B6R,06,B,40,370.0,0.0,17.027,20.461,38.108,27.954,16.757,16.427,3.514,6.628,6.216,9.798,9.73,15.274,8.649,3.458
06B6S,06,B,40,331.0,0.0,25.378,20.325,39.577,28.455,13.293,17.073,2.719,5.149,3.625,9.756,9.366,15.718,6.042,3.523
06B6T,06,B,40,461.0,0.0,24.295,20.308,38.395,27.763,15.835,16.452,5.423,6.941,2.82,9.769,7.158,15.167,6.074,3.599
06B6U,06,B,40,393.0,0.0,21.12,20.0,44.02,29.315,15.267,17.534,5.852,5.753,1.781,9.315,8.397,15.068,3.562,3.014
06B6V,06,B,40,479.0,0.0,17.954,20.0,36.534,28.667,19.415,16.667,5.219,5.667,5.01,9.667,11.482,16.0,4.384,3.333
06B6W,06,B,40,437.0,0.0,19.222,20.069,38.215,29.066,20.824,16.955,3.89,5.19,4.805,9.343,7.78,15.917,5.263,3.46
06B6X,06,B,40,490.0,0.0,24.694,21.348,25.102,26.966,23.265,17.135,4.898,6.18,3.469,10.112,9.796,14.607,8.776,3.652
06B6Y,06,B,40,522.0,0.0,25.479,20.519,27.778,27.532,27.203,18.442,5.556,5.974,3.64,9.61,4.789,14.805,5.556,3.117
06B6Z,06,B,40,477.0,0.0,25.996,19.749,31.237,29.467,20.964,15.987,7.547,5.016,3.354,9.718,6.499,16.928,4.403,3.135
06B7A,06,B,41,442.0,0.0,14.253,18.343,48.643,29.29,13.575,15.089,2.489,4.734,2.262,10.059,14.027,16.272,4.751,6.213
06B7AA,06,B,41,356.0,0.0,21.91,19.415,41.292,28.989,13.764,15.426,3.371,5.053,7.022,10.372,6.18,15.16,6.461,5.585
06B7B,06,B,41,472.0,0.0,18.22,18.028,39.195,30.141,17.585,14.93,3.602,4.789,4.661,10.423,11.864,16.056,4.873,5.634
06B7C,06,B,41,350.0,0.0,16.571,19.231,37.429,29.487,18.286,14.872,2.857,4.615,4.857,10.0,13.429,16.667,6.571,5.128
06B7D,06,B,41,482.0,0.0,15.975,18.349,43.983,29.969,15.353,15.291,3.527,4.893,6.846,10.398,11.826,15.596,2.49,5.505
06B7E,06,B,41,476.0,0.0,15.126,18.53,40.336,29.712,18.697,15.655,3.782,4.792,4.622,9.904,11.134,15.974,6.303,5.431
06B7F,06,B,41,504.0,0.0,14.484,17.727,44.841,30.0,17.063,15.682,3.175,4.773,4.365,9.773,12.698,17.955,3.373,4.091
06B7G,06,B,41,605.0,0.0,19.504,17.839,38.182,30.151,18.017,15.578,3.306,4.774,2.314,9.799,16.198,17.588,2.479,4.271
06B7H,06,B,41,332.0,0.0,21.687,18.644,31.928,29.056,20.181,16.223,3.313,5.085,3.614,10.412,13.855,15.981,5.422,4.6
06B7J,06,B,41,422.0,0.0,20.379,18.391,42.18,29.885,16.825,14.943,3.318,5.172,3.081,10.345,11.374,16.667,2.844,4.598
06B7K,06,B,41,416.0,0.0,23.077,18.25,40.144,30.25,14.423,14.75,2.644,5.25,4.327,10.5,11.779,17.0,3.606,4.0
06B7L,06,B,41,461.0,0.0,24.078,19.701,40.998,28.358,16.269,16.119,2.169,5.075,1.952,10.448,9.761,15.821,4.772,4.478
06B7M,06,B,41,387.0,0.0,24.806,19.945,29.457,28.142,24.548,16.393,5.685,5.191,3.618,10.656,8.01,15.847,3.876,3.825
06B7N,06,B,41,490.0,0.0,15.714,18.984,45.51,31.283,18.571,15.241,2.041,4.813,3.469,9.893,11.429,16.31,3.265,3.476
06B7P,06,B,41,370.0,0.0,19.189,18.703,31.081,31.172,21.622,15.461,8.378,4.738,4.054,9.975,9.73,16.209,5.946,3.741
06B7Q,06,B,41,382.0,0.0,19.634,19.231,47.644,30.07,12.042,15.734,2.356,4.545,2.88,9.79,7.592,16.434,7.853,4.196
06B7R,06,B,41,471.0,0.0,19.958,19.241,40.977,29.81,17.622,16.531,3.185,4.607,3.397,9.756,12.527,16.802,2.335,3.252
06B7S,06,B,41,369.0,0.0,17.073,19.231,39.837,29.67,21.138,16.484,4.878,4.67,4.607,9.89,6.775,16.758,5.691,3.297
06B7T,06,B,41,531.0,0.0,17.702,19.701,49.718,30.149,13.936,15.821,2.637,5.075,2.637,10.149,9.981,15.821,3.39,3.284
06B7U,06,B,41,474.0,0.0,21.941,19.946,35.443,29.919,17.511,15.633,5.907,5.121,3.586,10.512,9.705,15.633,5.907,3.235
06B7V,06,B,41,427.0,0.0,19.672,19.186,42.623,30.233,17.096,15.407,4.684,4.651,1.639,10.174,8.665,17.151,5.621,3.198
06B7W,06,B,41,407.0,0.0,15.233,18.286,45.209,31.429,11.794,15.714,1.966,4.857,5.897,10.571,16.216,16.286,3.686,2.857
06B7X,06,B,41,566.0,0.0,17.845,18.384,40.813,30.362,19.965,15.877,3.357,4.735,1.767,10.028,12.544,17.827,3.71,2.786
06B7Y,06,B,41,486.0,0.0,16.255,18.584,45.473,30.973,15.844,15.339,2.881,5.015,2.469,10.029,12.757,17.109,4.321,2.95
06B7Z,06,B,41,357.0,0.0,19.608,19.814,43.417,29.102,18.768,16.409,4.482,4.954,3.922,10.217,3.081,16.409,6.723,3.096
06W101,06,W,35,446.0,1246.0,16.592,19.083,35.874,24.408,22.646,20.118,6.502,7.249,4.484,8.58,7.623,14.053,6.278,6.509
06W102,06,W,35,431.0,1288.0,26.682,25.206,25.058,20.264,22.506,19.44,6.497,9.39,4.872,7.084,7.425,10.379,6.961,8.237
06W103,06,W,35,402.0,1248.0,20.647,25.729,21.144,18.01,24.876,21.784,10.199,10.463,5.97,7.719,5.473,8.748,11.692,7.547
06W104,06,W,35,469.0,1296.0,23.454,22.176,21.322,17.992,28.785,25.941,9.808,10.181,5.544,8.368,4.904,6.555,6.183,8.787
06W105,06,W,35,324.0,1157.0,23.457,24.064,25.0,17.647,19.444,21.39,11.42,10.873,6.481,9.982,4.938,8.2,9.259,7.843
06W106,06,W,35,364.0,1146.0,17.033,24.126,29.396,19.755,21.154,19.231,7.418,9.091,8.516,11.189,6.044,8.042,10.44,8.566
06W107,06,W,35,434.0,1190.0,22.35,26.14,29.954,18.421,18.433,18.947,5.53,8.772,5.991,10.702,5.991,8.07,11.751,8.947
06W108,06,W,35,480.0,1285.0,22.5,21.507,27.083,22.763,25.625,20.565,8.75,7.535,4.583,9.262,5.208,12.402,6.25,5.965
06W109,06,W,35,513.0,1287.0,20.273,23.994,27.29,18.266,24.561,22.291,9.747,9.598,4.678,9.133,6.628,9.598,6.823,7.121
06W110,06,W,35,385.0,1136.0,22.338,23.894,25.455,20.354,26.234,19.292,4.935,10.973,5.455,9.912,5.714,7.08,9.87,8.496
06W111,06,W,35,443.0,1129.0,23.251,23.57,26.862,20.277,20.316,18.718,7.223,8.146,9.029,10.919,4.515,9.532,8.804,8.839
06W112,06,W,35,438.0,1243.0,15.982,23.349,28.995,20.584,19.863,18.74,8.447,8.295,8.904,10.906,6.164,9.37,11.644,8.756
06W113,06,W,35,315.0,1184.0,14.921,26.157,28.571,16.7,14.603,17.304,9.841,10.06,13.016,13.481,6.984,5.835,12.063,10.463
06W114,06,W,35,398.0,1204.0,17.337,23.214,30.151,21.429,23.116,21.786,7.538,9.643,4.523,8.75,9.799,9.821,7.538,5.357
06W115,06,W,35,413.0,1238.0,21.792,22.857,24.939,19.464,22.034,21.607,7.264,9.643,7.748,9.286,7.264,8.929,8.959,8.214
06W116,06,W,35,492.0,1230.0,24.187,23.737,22.154,19.192,23.171,26.263,9.146,6.566,7.724,9.428,5.285,6.902,8.333,7.912
06W117,06,W,35,355.0,1177.0,17.465,20.115,31.549,23.563,19.718,20.115,5.634,6.322,8.451,10.92,7.887,12.452,9.296,6.513
06W118,06,W,35,437.0,1240.0,19.908,22.38,28.604,21.67,22.426,19.538,7.094,7.993,5.263,10.657,9.84,11.368,6.865,6.394
06W119,06,W,35,424.0,1213.0,22.877,23.841,22.406,16.556,28.066,24.338,7.547,10.762,6.84,8.94,5.189,7.45,7.075,8.113
06W120,06,W,35,438.0,1096.0,17.58,23.026,26.484,17.763,28.082,25.822,8.676,10.362,7.078,8.717,4.11,6.743,7.991,7.566
06W121,06,W,35,452.0,1193.0,20.354,24.832,30.973,19.631,19.027,18.96,8.85,9.564,5.088,9.899,7.08,9.564,8.628,7.55
06W122,06,W,35,450.0,1296.0,18.444,23.779,26.444,19.544,23.333,24.593,8.222,7.818,7.778,9.446,6.889,7.818,8.889,7.003
06W123,06,W,35,440.0,1173.0,20.682,24.395,21.818,21.601,25.0,21.043,10.455,9.497,4.773,9.683,8.636,9.311,8.636,4.469
06W124,06,W,35,431.0,1274.0,21.81,26.984,23.666,18.254,27.378,19.048,7.889,8.73,5.8,10.635,3.944,8.413,9.513,7.937
06W125,06,W,35,477.0,1246.0,20.545,23.151,22.222,17.524,24.319,18.81,11.111,10.129,8.386,12.219,5.241,7.717,8.176,10.45
06W126,06,W,35,386.0,1136.0,14.767,23.372,31.088,17.05,21.503,18.391,13.212,10.92,5.959,11.494,4.145,9.387,9.326,9.387
06W201,06,W,36,458.0,1199.0,18.777,25.434,29.039,16.588,23.144,22.275,8.734,10.742,7.205,9.479,6.55,6.477,6.55,9.005
06W202,06,W,36,512.0,1353.0,21.484,26.142,29.883,19.843,19.922,16.378,6.25,10.551,9.57,12.756,5.469,5.984,7.422,8.346
06W203,06,W,36,396.0,1197.0,24.242,25.829,27.273,18.848,19.444,14.66,6.818,9.599,8.333,12.914,5.556,8.202,8.333,9.948
06W204,06,W,36,499.0,1240.0,21.844,24.688,33.267,24.531,16.032,14.531,6.012,6.719,6.413,13.594,7.014,7.5,9.419,8.438
06W205,06,W,36,363.0,1137.0,23.14,21.722,40.771,24.462,13.499,15.068,3.857,8.219,6.612,13.503,4.408,9.002,7.713,8.023
06W206,06,W,36,502.0,1237.0,15.139,20.862,43.028,24.828,17.331,14.483,5.777,7.759,6.773,13.966,6.175,9.655,5.777,8.448
06W207,06,W,36,327.0,1134.0,22.018,23.857,27.217,19.085,20.795,19.085,7.951,10.139,8.869,11.73,3.67,6.561,9.48,9.543
06W208,06,W,36,418.0,1253.0,25.359,27.018,28.708,22.632,16.507,14.211,5.263,7.018,6.938,14.561,7.177,5.965,10.048,8.596
06W209,06,W,36,407.0,1303.0,21.376,24.483,25.553,18.621,22.604,22.069,8.108,7.414,6.634,11.207,7.862,8.448,7.862,7.759
06W210,06,W,36,500.0,1291.0,20.4,20.458,27.4,19.64,25.0,21.604,7.2,10.475,4.6,11.293,7.2,9.656,8.2,6.874
06W211,06,W,36,412.0,1344.0,24.029,24.464,25.485,19.107,19.417,17.5,5.825,9.464,8.738,11.25,9.466,9.464,7.039,8.75
06W212,06,W,36,421.0,1294.0,25.653,23.63,25.416,21.918,17.34,14.897,11.164,9.76,7.126,11.644,4.038,8.904,9.264,9.247
06W213,06,W,36,402.0,1289.0,17.662,21.648,25.622,20.194,18.905,21.325,8.458,9.37,10.448,10.178,7.96,6.785,10.945,10.501
06W214,06,W,36,452.0,1149.0,19.912,21.769,21.46,20.238,25.885,21.939,11.947,10.204,4.646,8.673,5.973,8.163,10.177,9.014
06W215,06,W,36,432.0,1292.0,18.056,22.54,27.778,21.746,22.917,19.524,6.019,9.365,7.87,11.429,6.713,8.73,10.648,6.667
06W216,06,W,36,385.0,1233.0,19.221,22.892,24.675,19.621,23.377,19.105,8.052,11.015,7.273,12.392,7.013,8.434,10.39,6.54
06W217,06,W,36,473.0,1278.0,19.45,19.279,27.696,22.607,22.41,23.44,8.457,7.351,6.977,9.986,4.863,9.293,10.148,8.044
06W218,06,W,36,315.0,1181.0,15.238,21.712,26.984,22.338,24.444,18.163,10.794,8.142,7.937,11.065,6.032,9.186,8.571,9.395
06W219,06,W,36,435.0,1167.0,19.77,25.041,22.529,14.075,27.126,27.169,11.954,10.966,5.287,6.874,4.828,7.201,8.506,8.674
06W220,06,W,36,463.0,1246.0,21.166,25.813,26.782,19.12,25.486,18.164,9.719,9.751,6.695,12.428,3.888,7.839,6.263,6.883
06W221,06,W,36,484.0,1337.0,20.661,22.661,35.331,24.708,17.149,15.789,5.372,7.749,7.851,12.573,4.132,8.772,9.504,7.749
06W222,06,W,36,361.0,1106.0,21.33,23.34,32.687,20.873,19.391,18.027,5.54,10.057,6.925,10.247,5.817,8.729,8.31,8.729
06W223,06,W,36,405.0,1079.0,21.481,23.031,28.642,20.472,21.235,20.669,7.16,9.449,7.16,11.024,5.185,7.087,9.136,8.268
06W224,06,W,36,433.0,1228.0,24.711,24.181,28.868,21.061,19.63,17.317,7.159,9.516,6.697,12.168,4.619,8.58,8.314,7.176
06W225,06,W,36,372.0,1184.0,21.774,21.887,29.839,20.566,18.011,20.189,9.946,10.943,8.333,11.887,4.839,9.057,7.258,5.472
06W301,06,W,37,468.0,1329.0,21.795,22.79,31.624,22.2,21.795,18.468,5.556,7.269,4.274,8.251,5.983,13.163,8.974,7.859
06W302,06,W,37,409.0,1279.0,23.716,22.379,27.628,22.535,20.782,23.318,7.824,5.79,5.868,9.546,7.335,10.329,6.846,6.103
06W303,06,W,37,482.0,1105.0,24.481,24.007,31.743,20.035,16.598,17.789,7.676,9.672,4.357,9.326,5.187,11.226,9.959,7.945
06W304,06,W,37,498.0,1286.0,19.679,23.831,34.337,24.585,16.667,17.496,4.418,7.541,5.02,7.843,12.651,13.273,7.229,5.43
06W305,06,W,37,448.0,1141.0,19.866,23.469,25.67,21.599,21.652,20.068,8.482,8.333,6.92,9.184,8.929,11.395,8.482,5.952
06W306,06,W,37,406.0,1262.0,16.995,20.846,37.438,26.586,20.936,18.278,4.187,5.438,6.404,11.782,6.404,11.934,7.635,5.136
06W307,06,W,37,410.0,1206.0,15.854,20.794,36.585,27.221,20.488,18.147,7.561,6.238,2.927,9.641,11.22,12.854,5.366,5.104
06W308,06,W,37,450.0,1171.0,23.333,20.066,36.222,28.856,16.444,16.584,4.222,4.975,6.222,10.116,8.222,15.589,5.333,3.814
06W309,06,W,37,409.0,1279.0,18.582,21.343,37.653,26.567,19.315,18.657,3.178,5.224,3.912,7.91,12.225,14.925,5.134,5.373
06W310,06,W,37,515.0,1237.0,18.058,21.166,30.291,22.699,25.631,21.012,5.437,8.436,3.689,8.896,10.68,13.037,6.214,4.755
06W311,06,W,37,370.0,1094.0,20.541,21.502,41.351,30.205,12.432,16.382,5.135,6.143,5.676,8.532,7.838,11.945,7.027,5.29
06W312,06,W,37,480.0,1169.0,22.083,21.608,35.208,29.983,18.333,18.593,3.75,4.69,5.625,7.538,9.792,13.735,5.208,3.853
06W313,06,W,37,425.0,1182.0,21.176,24.837,38.588,30.065,16.471,13.072,4.941,6.863,7.059,9.477,6.118,10.621,5.647,5.065
06W314,06,W,37,411.0,1276.0,17.518,23.418,40.389,27.057,15.328,15.032,4.38,6.171,6.813,11.076,10.462,12.5,5.109,4.747
06W315,06,W,37,406.0,1227.0,20.936,21.845,37.685,31.068,17.488,17.476,4.187,3.883,4.926,6.634,9.606,14.887,5.172,4.207
06W316,06,W,37,385.0,1258.0,15.584,21.474,34.805,22.436,11.169,17.308,7.792,7.372,12.987,13.942,5.195,9.615,12.468,7.853
06W317,06,W,37,421.0,1347.0,22.565,21.639,25.178,22.623,20.903,14.426,5.701,7.705,11.164,14.262,7.601,9.344,6.888,10.0
06W318,06,W,37,439.0,1293.0,21.868,22.651,33.485,26.846,14.123,11.409,2.733,8.557,14.123,14.765,5.011,7.886,8.656,7.886
06W319,06,W,37,412.0,1141.0,19.417,21.517,28.641,28.748,20.874,18.342,8.252,6.878,5.34,8.289,8.495,11.64,8.981,4.586
06W320,06,W,37,480.0,1243.0,16.25,23.761,40.625,29.06,13.125,15.556,4.375,5.641,5.625,9.573,13.333,12.821,6.667,3.59
06W321,06,W,37,404.0,1273.0,19.307,21.101,30.446,24.312,19.307,19.572,5.693,6.575,11.139,11.774,6.188,11.315,7.921,5.352
06W322,06,W,37,463.0,1297.0,21.598,22.222,33.909,26.936,11.879,14.478,4.536,7.239,9.503,13.636,8.423,9.764,10.151,5.724
06W323,06,W,37,435.0,1194.0,17.931,20.035,36.322,28.152,21.839,17.271,3.218,5.699,4.598,10.708,11.034,15.371,5.057,2.763
06W324,06,W,37,461.0,1177.0,19.523,23.379,40.781,26.916,14.534,15.324,4.555,5.894,6.508,11.591,9.111,12.77,4.989,4.126
06W325,06,W,37,433.0,1316.0,16.859,21.782,34.411,25.248,19.169,20.957,6.697,7.261,6.697,8.581,8.083,13.201,8.083,2.97
06W326,06,W,37,473.0,1217.0,19.027,24.531,31.078,25.312,23.679,17.969,5.708,7.344,4.228,7.969,9.514,13.438,6.765,3.438
06W327,06,W,37,487.0,1164.0,22.587,21.64,30.595,24.607,22.793,22.164,6.366,8.202,4.928,7.679,6.776,11.867,5.955,3.839
06W401,06,W,38,554.0,1239.0,20.939,22.259,32.671,21.604,23.105,17.512,6.137,8.183,5.235,10.966,5.776,11.293,6.137,8.183
06W402,06,W,38,461.0,1288.0,22.777,22.474,37.093,26.395,15.184,14.48,2.82,6.938,8.677,11.765,5.857,11.161,7.592,6.787
06W403,06,W,38,365.0,1302.0,17.808,18.771,35.342,29.236,17.26,15.449,5.479,6.977,8.767,11.794,9.589,11.296,5.753,6.478
06W404,06,W,38,363.0,1157.0,17.355,20.251,35.537,28.728,20.11,17.739,6.336,5.338,7.163,10.204,9.091,11.774,4.408,5.965
06W405,06,W,38,555.0,1260.0,14.234,20.937,42.342,30.161,18.919,16.252,3.063,5.564,5.586,9.224,9.369,12.445,6.486,5.417
06W406,06,W,38,366.0,1215.0,21.585,20.188,33.333,23.474,14.208,17.684,5.191,8.764,9.016,13.146,6.557,8.607,10.109,8.138
06W407,06,W,38,449.0,1320.0,19.822,23.539,34.521,23.855,12.249,16.904,4.9,7.109,13.14,15.166,6.904,6.635,8.463,6.793
06W408,06,W,38,366.0,1321.0,25.683,19.512,36.339,31.402,14.754,17.226,6.831,5.183,4.098,9.451,6.831,12.195,5.464,5.03
06W409,06,W,38,446.0,1198.0,19.507,20.871,39.013,30.309,14.798,11.978,4.26,6.715,7.175,13.612,7.848,9.256,7.399,7.26
06W410,06,W,38,364.0,1247.0,20.33,21.096,37.637,27.741,11.264,12.957,6.319,5.814,11.264,14.95,6.044,10.133,7.143,7.309
06W411,06,W,38,572.0,1595.0,21.329,25.589,36.538,24.647,9.965,9.89,5.245,5.965,12.238,17.111,5.245,8.791,9.441,8.006
06W412,06,W,38,473.0,1224.0,26.85,25.069,39.958,25.485,10.994,12.327,4.228,7.479,5.92,11.911,4.651,9.141,7.4,8.587
06W413,06,W,38,387.0,1231.0,21.705,21.86,40.052,29.201,12.145,9.299,4.393,6.525,11.628,16.476,4.91,9.788,5.168,6.852
06W414,06,W,38,348.0,1178.0,22.701,26.141,32.759,20.332,6.322,7.469,4.885,9.751,16.954,19.71,5.172,5.602,11.207,10.996
06W415,06,W,38,272.0,1051.0,23.162,24.026,33.088,22.727,15.441,10.606,2.941,9.957,13.235,18.182,3.676,6.71,8.456,7.792
06W416,06,W,38,425.0,1284.0,13.412,19.777,40.471,32.217,18.588,14.673,7.059,5.104,5.647,11.005,8.706,13.397,6.118,3.828
06W417,06,W,38,359.0,1255.0,23.398,17.964,32.869,33.084,17.27,13.473,6.685,4.94,7.799,13.174,7.799,13.323,4.178,4.042
06W418,06,W,38,509.0,1205.0,18.664,20.16,36.739,29.28,20.236,18.24,4.912,5.6,6.68,10.4,7.859,11.68,4.912,4.64
06W419,06,W,38,410.0,1162.0,18.537,23.165,31.22,23.817,17.073,16.15,9.024,7.83,10.0,11.419,5.122,11.256,9.024,6.362
06W420,06,W,38,358.0,1159.0,22.346,22.222,34.916,23.197,8.38,12.476,4.749,10.331,14.525,17.349,4.749,7.407,10.335,7.018
06W421,06,W,38,368.0,1259.0,21.196,23.181,37.772,25.381,15.217,12.69,6.25,5.245,6.793,16.582,5.163,9.983,7.609,6.937
06W422,06,W,38,453.0,1227.0,20.751,20.998,28.698,24.957,20.53,17.9,7.726,8.434,4.636,13.253,6.843,8.778,10.817,5.68
06W423,06,W,38,486.0,1257.0,19.753,17.802,44.033,33.282,13.58,13.622,3.292,4.799,5.761,13.777,8.642,13.003,4.938,3.715
06W501,06,W,39,379.0,1177.0,18.206,23.741,36.148,25.719,12.665,13.489,7.124,6.835,9.499,13.309,6.596,8.813,9.763,8.094
06W502,06,W,39,425.0,1316.0,18.353,23.862,35.294,23.391,13.647,12.559,5.647,7.221,12.0,15.856,6.824,7.849,8.235,9.262
06W503,06,W,39,369.0,1232.0,20.596,24.756,31.165,23.779,15.176,11.889,8.401,7.329,9.485,13.518,6.775,11.726,8.401,7.003
06W504,06,W,39,419.0,1080.0,18.854,21.248,37.47,27.875,24.344,15.4,4.057,5.653,5.251,11.111,5.967,12.281,4.057,6.433
06W505,06,W,39,497.0,1231.0,19.92,20.864,35.211,28.167,17.103,16.393,4.829,7.303,9.457,9.538,6.036,11.028,7.445,6.706
06W506,06,W,39,346.0,1204.0,19.942,22.095,29.48,24.0,14.74,11.048,8.671,7.81,12.717,15.619,6.647,8.762,7.803,10.667
06W507,06,W,39,384.0,1153.0,15.365,22.651,40.885,20.638,10.938,10.235,5.208,8.557,13.802,16.611,4.688,9.228,9.115,12.081
06W508,06,W,39,367.0,1272.0,17.984,22.166,39.51,21.489,11.717,12.69,5.722,7.445,10.627,16.92,4.087,8.799,10.354,10.491
06W509,06,W,39,441.0,1298.0,19.048,25.077,44.898,23.385,9.977,9.692,4.082,5.231,11.111,16.154,4.308,10.0,6.576,10.462
06W510,06,W,39,506.0,1244.0,19.565,21.261,38.538,26.1,12.846,11.29,5.336,7.625,10.87,17.595,5.929,7.038,6.917,9.091
06W511,06,W,39,436.0,1133.0,18.578,20.528,40.367,30.894,15.367,16.26,5.734,7.52,4.128,9.959,10.78,9.553,5.046,5.285
06W512,06,W,39,326.0,1165.0,17.178,23.519,36.503,20.732,10.429,10.976,8.282,9.233,10.123,18.99,4.601,6.969,12.883,9.582
06W513,06,W,39,541.0,1475.0,24.214,23.338,33.087,24.111,12.2,10.819,6.47,7.728,10.351,17.465,3.512,8.192,10.166,8.346
06W514,06,W,39,484.0,1238.0,19.835,22.853,44.835,29.294,15.909,15.184,2.479,4.908,5.165,11.196,7.025,9.969,4.752,6.595
06W515,06,W,39,459.0,1230.0,23.094,22.485,33.333,28.402,15.251,13.609,3.486,5.178,11.329,13.314,5.011,9.615,8.497,7.396
06W516,06,W,39,348.0,1081.0,19.828,22.803,38.506,19.715,8.908,9.739,4.598,9.264,12.356,20.903,4.885,5.226,10.92,12.352
06W517,06,W,39,413.0,1347.0,22.518,22.699,31.235,16.769,11.622,9.816,6.538,7.771,12.107,23.517,6.538,5.726,9.443,13.701
06W518,06,W,39,328.0,1029.0,18.902,24.169,36.89,23.06,9.146,8.869,6.098,6.874,14.939,19.512,4.573,8.204,9.451,9.313
06W519,06,W,39,313.0,1010.0,23.962,21.663,33.866,26.692,12.141,15.087,7.029,4.836,9.904,11.412,7.348,13.54,5.751,6.77
06W520,06,W,39,457.0,1071.0,22.319,22.709,34.136,29.084,19.475,15.737,5.252,6.972,5.689,9.761,7.44,10.558,5.689,5.179
06W521,06,W,39,444.0,1112.0,18.018,22.846,38.964,29.213,15.541,15.918,4.73,6.18,8.333,11.423,8.784,9.176,5.631,5.243
06W522,06,W,39,418.0,1283.0,20.335,23.304,30.144,22.261,16.268,11.478,5.263,7.826,12.679,17.391,3.589,8.87,11.722,8.87
06W523,06,W,39,422.0,1284.0,23.934,24.473,27.725,17.089,14.692,12.025,5.213,10.97,12.559,21.097,4.028,5.063,11.848,9.283
06W524,06,W,39,259.0,982.0,19.691,24.821,42.085,22.434,8.494,8.592,3.475,6.683,13.9,19.809,5.792,8.353,6.564,9.308
06W525,06,W,39,251.0,950.0,14.741,22.995,33.466,20.321,10.359,10.428,7.57,9.358,18.725,21.658,3.984,5.615,11.155,9.626
06W601,06,W,40,383.0,1203.0,25.326,22.9,24.543,19.11,24.021,22.57,6.789,8.731,4.961,7.908,8.877,10.544,5.483,8.237
06W602,06,W,40,509.0,1197.0,18.468,19.939,29.666,20.244,24.165,21.461,6.68,8.524,7.859,12.633,4.912,8.219,8.251,8.98
06W603,06,W,40,440.0,1225.0,19.318,21.32,25.909,20.135,21.364,23.012,4.545,7.276,8.636,8.799,11.591,13.875,8.636,5.584
06W604,06,W,40,500.0,1163.0,18.2,19.546,35.2,22.862,25.4,21.64,5.6,7.853,5.8,10.297,5.0,12.565,4.8,5.236
06W605,06,W,40,564.0,1321.0,19.149,19.971,34.929,21.88,17.73,18.502,6.206,6.608,7.092,14.244,8.333,9.838,6.56,8.957
06W606,06,W,40,469.0,1200.0,9.168,12.762,48.188,29.72,13.433,12.063,2.985,2.273,6.823,12.937,16.418,28.147,2.985,2.098
06W607,06,W,40,457.0,1214.0,14.004,17.657,46.389,28.862,15.317,16.978,1.751,4.754,1.313,10.866,14.223,16.808,7.002,4.075
06W608,06,W,40,490.0,1408.0,16.939,19.508,42.653,27.083,14.082,16.667,3.469,6.061,4.49,10.038,12.041,16.098,6.327,4.545
06W609,06,W,40,450.0,1170.0,17.556,19.388,34.889,26.02,21.778,18.707,7.778,5.612,5.111,8.844,8.222,17.177,4.667,4.252
06W610,06,W,40,435.0,1129.0,16.782,16.636,36.552,29.616,18.161,19.561,5.977,3.839,5.287,9.506,12.874,17.367,4.368,3.473
06W611,06,W,40,425.0,1228.0,19.529,20.257,29.176,21.865,19.059,18.328,8.0,8.039,7.529,10.129,6.588,13.987,10.118,7.395
06W612,06,W,40,474.0,1125.0,18.354,22.201,35.654,23.938,19.62,18.533,5.696,5.792,5.485,10.232,8.439,12.741,6.751,6.564
06W613,06,W,40,391.0,1136.0,18.159,21.715,28.645,18.796,31.714,26.642,5.882,6.752,3.836,7.299,7.928,14.599,3.836,4.197
06W614,06,W,40,487.0,1203.0,17.864,22.064,32.238,26.157,22.793,17.972,5.955,6.94,5.133,8.719,12.731,14.057,3.285,4.093
06W615,06,W,40,389.0,1288.0,17.995,21.908,30.077,21.731,19.28,16.608,9.254,9.894,6.941,10.777,6.17,11.307,10.283,7.774
06W616,06,W,40,557.0,1290.0,17.953,21.865,36.625,26.527,14.901,12.54,7.361,7.556,9.156,13.344,8.079,10.772,5.925,7.395
06W617,06,W,40,595.0,1270.0,22.353,21.687,46.218,29.066,10.756,11.145,5.21,6.627,4.37,12.048,7.059,13.554,4.034,5.873
06W618,06,W,40,522.0,1321.0,20.69,20.649,33.142,24.041,15.134,18.437,8.621,8.26,5.747,12.094,5.939,10.177,10.728,6.342
06W619,06,W,40,522.0,1288.0,18.008,23.994,34.291,21.552,18.391,18.822,6.513,7.471,7.088,9.626,7.28,12.213,8.429,6.322
06W620,06,W,40,437.0,1277.0,21.739,21.565,28.604,23.642,24.485,19.649,6.178,7.348,5.95,10.703,5.492,11.502,7.551,5.591
06W621,06,W,40,426.0,1317.0,18.31,22.309,31.455,26.677,19.718,14.821,6.808,6.396,7.512,11.544,7.512,12.48,8.685,5.772
06W622,06,W,40,452.0,1302.0,20.354,21.106,28.319,21.397,21.903,21.543,9.071,7.86,6.858,10.626,5.31,11.79,8.186,5.677
06W623,06,W,40,505.0,1363.0,20.396,20.292,20.99,17.81,31.683,28.467,8.713,10.803,4.554,8.905,6.535,8.613,7.129,5.109
06W624,06,W,40,431.0,1259.0,27.378,23.064,25.754,24.957,19.722,17.556,7.425,8.09,6.032,9.294,6.265,12.392,7.425,4.647
06W625,06,W,40,490.0,1299.0,13.878,13.518,47.959,34.835,15.51,12.825,1.837,2.946,6.122,10.745,11.429,22.53,3.265,2.6
06W701,06,W,41,466.0,1151.0,16.524,17.667,41.845,25.043,18.67,17.839,3.648,5.317,5.365,9.605,9.442,18.868,4.506,5.66
06W702,06,W,41,428.0,1207.0,17.056,15.836,38.318,23.31,16.121,17.438,4.673,6.228,7.477,11.21,10.514,20.463,5.841,5.516
06W703,06,W,41,432.0,1099.0,14.12,17.308,39.12,25.385,19.213,15.962,4.167,5.769,6.019,12.692,13.194,17.308,4.167,5.577
06W704,06,W,41,411.0,1262.0,18.735,16.787,36.496,25.632,17.032,15.343,2.92,6.137,9.246,12.635,11.436,18.953,4.136,4.513
06W705,06,W,41,365.0,1110.0,17.534,15.975,30.411,26.349,20.0,16.598,4.384,5.602,9.315,10.166,10.685,20.747,7.671,4.564
06W706,06,W,41,583.0,1380.0,16.467,16.93,39.966,28.694,18.182,18.364,3.945,5.022,5.489,9.182,11.321,17.934,4.631,3.874
06W707,06,W,41,447.0,1381.0,16.107,17.5,36.018,25.735,21.029,17.794,3.132,5.735,4.474,7.647,14.989,21.765,4.251,3.824
06W708,06,W,41,464.0,1120.0,20.69,17.891,26.509,22.976,23.707,17.702,5.819,8.475,5.603,10.546,10.991,16.008,6.681,6.403
06W709,06,W,41,377.0,1037.0,18.037,18.015,41.379,27.206,13.793,15.809,6.101,6.066,5.04,8.64,10.875,20.037,4.775,4.228
06W710,06,W,41,501.0,1205.0,18.563,19.964,38.323,26.025,14.77,15.865,5.19,6.595,6.986,9.626,10.579,17.647,5.589,4.278
06W711,06,W,41,411.0,1150.0,18.005,22.763,35.766,22.92,18.978,18.681,4.623,6.279,4.623,11.303,11.436,13.658,6.569,4.396
06W712,06,W,41,495.0,1089.0,20.808,23.512,25.051,22.619,24.646,21.875,6.869,6.994,5.051,8.78,10.101,11.607,7.475,4.613
06W713,06,W,41,484.0,1204.0,17.769,15.773,39.463,28.391,18.182,17.508,4.339,5.205,4.545,8.202,9.917,20.189,5.785,4.732
06W714,06,W,41,459.0,1145.0,19.39,25.321,30.283,21.468,22.004,16.881,5.447,7.89,10.022,11.376,7.407,11.376,5.447,5.688
06W715,06,W,41,398.0,1022.0,21.357,21.756,36.683,25.763,16.332,18.702,3.266,5.916,7.286,10.305,9.799,13.55,5.276,4.008
06W716,06,W,41,469.0,1178.0,18.55,17.71,34.968,25.581,21.109,16.995,3.625,6.261,3.625,8.05,11.514,20.394,6.61,5.009
06W717,06,W,41,514.0,1137.0,22.374,19.408,27.626,22.697,24.125,20.066,6.226,6.743,4.475,10.855,8.366,12.5,6.809,7.73
06W718,06,W,41,454.0,1257.0,19.163,20.0,39.868,26.562,16.3,17.188,3.965,5.312,6.608,11.719,9.471,12.344,4.626,6.875
06W719,06,W,41,473.0,1201.0,21.776,23.229,23.89,24.547,25.581,17.792,7.822,7.908,6.131,12.356,4.863,7.908,9.937,6.26
06W720,06,W,41,510.0,1201.0,18.039,18.299,36.471,26.164,18.235,17.817,5.098,5.136,5.49,8.989,10.196,18.62,6.471,4.976
06W721,06,W,41,480.0,1179.0,19.583,18.085,41.667,27.66,16.25,13.475,3.542,6.206,3.542,12.943,11.25,17.021,4.167,4.61
06W722,06,W,41,471.0,1318.0,17.197,18.76,36.943,25.271,21.231,17.984,3.185,5.736,1.911,7.907,13.588,21.085,5.945,3.256
06W723,06,W,41,470.0,1187.0,17.021,18.244,42.979,28.055,17.66,16.351,2.766,5.508,4.681,8.434,9.574,20.138,5.319,3.27
06W724,06,W,41,503.0,1137.0,19.682,22.824,32.207,23.645,17.893,19.376,5.964,5.911,6.362,10.345,10.139,13.629,7.753,4.269
06W725,06,W,41,385.0,1059.0,23.896,21.191,37.143,26.27,12.727,17.688,2.857,6.305,9.61,12.434,5.974,9.807,7.792,6.305
07B1A,07,B,42,650.0,0.0,21.538,23.57,32.0,16.476,22.769,23.112,7.692,10.526,3.538,9.153,6.615,10.526,5.846,6.636
07B1B,07,B,42,288.0,0.0,19.444,22.812,30.903,15.313,25.694,25.312,5.903,10.625,4.167,8.125,9.028,9.688,4.861,8.125
07B1C,07,B,42,384.0,0.0,16.667,22.884,30.99,15.361,26.302,25.078,8.594,11.285,3.646,8.15,7.812,9.404,5.99,7.837
07B1D,07,B,42,740.0,0.0,17.973,24.007,23.649,13.899,32.297,27.617,9.595,11.913,3.919,6.859,5.405,9.386,7.162,6.318
07B1E,07,B,42,487.0,0.0,21.561,22.938,21.766,14.948,27.721,25.258,9.856,12.113,6.571,8.763,4.723,9.278,7.803,6.701
07B1F,07,B,42,551.0,0.0,18.512,22.739,17.786,13.178,35.027,27.907,11.978,13.178,3.267,7.752,3.811,8.01,9.619,7.235
07B1G,07,B,42,613.0,0.0,20.228,23.487,20.065,13.317,34.258,28.814,9.951,12.107,2.121,7.264,6.688,9.201,6.688,5.811
07B1H,07,B,42,385.0,0.0,18.701,23.026,22.338,14.145,33.766,27.632,10.649,11.842,1.558,7.566,4.156,8.882,8.831,6.908
07B1I,07,B,42,379.0,0.0,22.164,23.438,19.789,15.0,33.245,26.562,10.026,11.25,3.43,8.438,3.43,9.062,7.916,6.25
07B1K,07,B,42,431.0,0.0,18.794,22.941,12.529,14.412,43.852,27.941,13.457,11.765,1.624,7.647,3.712,8.824,6.032,6.471
07B1L,07,B,42,421.0,0.0,18.765,22.903,20.665,14.516,38.005,27.419,9.026,11.935,2.375,8.065,6.888,8.71,4.276,6.452
07B1M,07,B,42,401.0,0.0,18.204,23.514,21.696,15.676,30.175,26.486,10.973,11.081,2.244,8.649,7.98,8.649,8.728,5.946
07B1N,07,B,42,679.0,0.0,22.239,24.346,26.215,16.23,25.773,25.654,9.426,10.995,4.124,8.901,5.302,9.162,6.922,4.712
07B1P,07,B,42,652.0,0.0,20.399,25.055,26.227,16.851,32.055,23.947,7.669,10.643,2.454,9.091,4.448,9.756,6.748,4.656
07B1R,07,B,42,435.0,0.0,22.529,24.252,34.023,15.282,25.287,26.246,5.517,10.963,2.989,7.973,5.977,9.635,3.678,5.648
07B1S,07,B,42,404.0,0.0,16.337,23.691,31.188,15.702,31.683,26.171,7.178,10.468,3.713,8.264,5.693,10.193,4.208,5.51
07B1T,07,B,42,343.0,0.0,16.327,23.582,14.286,14.627,39.65,28.358,14.577,11.94,2.624,7.463,3.207,8.657,9.329,5.373
07B1U,07,B,42,363.0,0.0,14.876,23.765,19.559,13.889,43.251,29.012,12.397,12.037,1.102,7.407,2.204,8.951,6.612,4.938
07B1V,07,B,42,542.0,0.0,15.129,22.449,13.838,12.698,44.465,29.932,14.207,13.605,2.03,7.71,3.137,7.937,7.196,5.669
07B1W,07,B,42,716.0,0.0,16.899,23.184,13.268,13.408,36.453,29.05,18.715,13.128,2.374,8.101,3.771,8.38,8.52,4.749
07B2A,07,B,43,504.0,0.0,19.444,23.028,27.381,13.249,26.19,28.391,8.73,12.303,4.365,6.94,6.349,6.94,7.54,9.148
07B2B,07,B,43,378.0,0.0,20.106,22.812,27.513,13.75,29.101,28.438,9.788,12.188,4.497,7.187,3.704,6.875,5.291,8.75
07B2C,07,B,43,436.0,0.0,22.706,23.729,24.312,12.429,29.587,29.661,11.697,12.712,1.147,6.497,4.817,7.062,5.734,7.91
07B2D,07,B,43,367.0,0.0,17.711,23.565,16.894,12.689,40.054,29.607,11.717,12.689,3.27,6.344,4.087,6.949,6.267,8.157
07B2E,07,B,43,410.0,0.0,16.341,23.385,15.854,12.923,45.366,29.538,9.756,12.308,1.463,6.769,5.122,6.769,6.098,8.308
07B2F,07,B,43,363.0,0.0,19.284,22.876,17.355,12.745,44.628,29.412,10.468,12.745,0.275,6.863,3.306,6.536,4.683,8.824
07B2G,07,B,43,809.0,0.0,21.508,23.503,27.936,15.965,27.318,27.494,9.147,11.53,3.461,7.982,4.203,6.874,6.428,6.652
07B2H,07,B,43,544.0,0.0,19.853,23.741,18.382,12.95,33.456,30.935,11.765,12.47,2.574,6.715,3.86,6.475,10.11,6.715
07B2I,07,B,43,619.0,0.0,19.709,23.587,15.347,13.759,35.864,30.221,11.47,12.285,2.423,6.88,5.654,6.143,9.532,7.125
07B2K,07,B,43,673.0,0.0,19.614,23.171,19.465,13.008,31.055,29.472,15.007,13.008,3.12,7.114,3.863,6.098,7.875,8.13
07B2L,07,B,43,428.0,0.0,19.393,22.636,16.121,12.034,39.72,32.665,10.981,13.181,1.869,6.017,3.505,6.017,8.411,7.45
07B2M,07,B,43,610.0,0.0,16.885,22.564,17.705,11.282,35.738,32.308,13.443,13.846,2.131,6.154,4.098,6.41,10.0,7.436
07B2N,07,B,43,880.0,0.0,16.364,22.266,12.5,10.934,41.477,33.4,14.659,14.115,2.614,5.368,3.75,6.362,8.636,7.555
07B2P,07,B,43,709.0,0.0,15.656,22.351,9.591,10.212,45.416,33.911,14.386,13.873,1.975,5.202,3.526,6.166,9.45,8.285
07B2R,07,B,43,557.0,0.0,22.442,23.946,29.264,16.284,19.031,24.904,7.72,11.877,5.566,8.621,4.488,6.705,11.49,7.663
07B2S,07,B,43,733.0,0.0,17.053,23.848,19.509,14.363,33.834,28.455,9.413,12.466,5.048,7.588,4.229,6.504,10.914,6.775
07B2T,07,B,43,377.0,0.0,16.446,23.171,8.223,11.89,43.767,32.622,15.385,13.415,2.387,6.098,1.061,6.098,12.732,6.707
07B2U,07,B,43,366.0,0.0,16.94,23.62,12.568,12.27,43.989,31.288,13.388,13.804,1.913,6.748,2.732,6.442,8.47,5.828
07B2V,07,B,43,372.0,0.0,17.742,23.473,12.634,12.219,41.129,32.154,12.634,13.183,2.688,6.109,3.495,6.431,9.677,6.431
07B3A,07,B,44,762.0,0.0,19.816,24.594,22.178,17.865,33.99,26.45,11.024,9.281,1.969,6.729,5.774,8.817,5.249,6.265
07B3B,07,B,44,419.0,0.0,23.866,24.438,26.969,17.135,26.253,25.562,10.263,9.551,1.671,7.022,5.489,8.989,5.489,7.303
07B3C,07,B,44,350.0,0.0,22.286,24.54,21.143,16.871,33.143,25.46,6.571,9.509,3.143,7.055,6.857,8.896,6.857,7.669
07B3D,07,B,44,795.0,0.0,22.516,25.303,26.667,16.811,29.811,25.65,6.667,10.052,2.39,7.279,4.654,9.012,7.296,5.893
07B3E,07,B,44,401.0,0.0,20.2,24.923,22.943,16.923,34.663,26.154,9.227,9.538,1.995,7.077,4.988,8.615,5.985,6.769
07B3F,07,B,44,391.0,0.0,20.46,24.921,23.018,17.035,34.527,25.868,8.44,9.464,2.046,7.256,6.138,8.517,5.371,6.94
07B3G,07,B,44,416.0,0.0,20.433,24.528,21.875,17.61,34.856,25.786,9.615,9.434,2.404,6.918,4.327,8.805,6.49,6.918
07B3H,07,B,44,379.0,0.0,26.649,24.688,21.636,17.812,30.343,26.25,7.388,9.375,3.43,7.187,6.069,8.438,4.485,6.25
07B3I,07,B,44,755.0,0.0,23.046,24.762,29.007,17.143,30.066,27.381,6.093,9.762,2.517,6.667,4.371,8.81,4.901,5.476
07B3K,07,B,44,480.0,0.0,24.167,25.152,21.667,17.273,31.042,26.364,10.0,9.697,2.917,7.273,4.792,8.485,5.417,5.758
07B3L,07,B,44,454.0,0.0,20.925,25.0,22.247,17.073,35.022,26.524,5.507,9.756,2.423,7.622,5.727,8.537,8.15,5.488
07B3M,07,B,44,892.0,0.0,18.498,25.39,23.543,16.704,33.857,27.84,7.848,9.8,3.251,7.127,5.605,8.018,7.399,5.122
07B3N,07,B,44,439.0,0.0,22.779,25.077,18.679,17.028,30.296,26.625,8.428,9.907,3.872,7.121,7.062,8.669,8.884,5.573
07B3P,07,B,44,400.0,0.0,23.5,25.281,23.25,17.416,28.75,26.404,9.0,9.831,3.0,7.303,4.25,8.427,8.25,5.337
07B3R,07,B,44,348.0,0.0,21.264,25.163,25.0,17.32,31.322,26.471,10.057,9.804,1.437,7.19,5.747,8.17,5.172,5.882
07B3S,07,B,44,465.0,0.0,20.645,24.804,22.796,16.971,32.688,26.632,8.602,10.183,3.871,7.833,3.226,8.355,8.172,5.222
07B3T,07,B,44,456.0,0.0,19.737,25.069,21.272,16.804,34.211,27.273,9.43,9.917,2.851,7.438,4.386,7.713,8.114,5.785
07B3U,07,B,44,716.0,0.0,22.067,24.941,17.039,15.914,36.313,26.841,11.034,10.689,2.374,7.363,5.028,8.789,6.145,5.463
07B3V,07,B,44,524.0,0.0,25.191,25.258,21.565,16.753,26.527,25.258,11.069,10.309,3.053,7.732,3.053,9.021,9.542,5.67
07B3W,07,B,44,682.0,0.0,17.889,27.634,27.273,18.091,22.434,20.676,8.358,9.543,6.452,9.543,5.279,8.549,12.317,5.964
07B3X,07,B,44,458.0,0.0,26.856,25.0,37.773,21.739,13.537,21.467,4.148,8.152,6.114,9.511,3.275,9.239,8.297,4.891
07B3Y,07,B,44,573.0,0.0,19.372,24.886,44.328,23.288,16.405,19.635,4.538,7.991,4.538,10.274,5.585,9.589,5.236,4.338
07B4A,07,B,45,398.0,0.0,15.578,26.975,24.874,18.529,30.653,19.619,12.563,8.719,1.759,9.537,5.779,6.812,8.794,9.809
07B4B,07,B,45,692.0,0.0,18.064,23.589,33.671,20.766,22.11,21.371,8.96,8.266,4.769,9.476,3.324,8.065,9.104,8.468
07B4C,07,B,45,822.0,0.0,14.477,27.177,24.331,19.525,33.455,19.261,12.895,8.443,2.311,10.026,4.988,6.86,7.543,8.707
07B4D,07,B,45,420.0,0.0,16.667,25.926,26.905,19.529,29.286,18.855,8.81,8.418,3.333,9.764,4.762,7.071,10.238,10.438
07B4E,07,B,45,414.0,0.0,17.391,24.662,29.469,20.27,34.3,19.257,7.971,8.784,3.14,9.797,3.623,7.432,4.106,9.797
07B4F,07,B,45,684.0,0.0,19.591,25.512,35.38,21.788,17.105,15.084,8.918,8.38,5.263,12.477,4.386,7.635,9.357,9.125
07B4G,07,B,45,729.0,0.0,22.771,26.406,36.626,22.738,13.306,17.115,6.31,8.557,6.31,10.024,2.469,6.601,12.209,8.557
07B4H,07,B,45,644.0,0.0,21.584,26.328,31.522,22.864,17.391,16.859,8.23,8.545,5.901,10.162,3.261,6.467,12.112,8.776
07B4I,07,B,45,808.0,0.0,22.401,26.234,38.366,21.558,13.738,17.662,6.683,8.312,4.703,10.39,4.084,7.532,10.025,8.312
07B4K,07,B,45,311.0,0.0,16.399,25.743,21.543,20.792,33.762,18.152,10.932,8.581,3.215,10.231,4.823,7.591,9.325,8.911
07B4L,07,B,45,405.0,0.0,20.247,25.0,27.901,20.625,23.704,19.062,7.901,9.062,3.704,10.0,6.42,7.5,10.123,8.75
07B4M,07,B,45,449.0,0.0,18.263,25.0,32.294,20.732,25.167,19.207,8.686,9.146,2.004,10.061,5.122,7.317,8.463,8.537
07B4N,07,B,45,392.0,0.0,19.133,25.714,23.469,20.357,28.571,18.929,10.969,8.929,4.082,10.0,2.806,7.143,10.969,8.929
07B4P,07,B,45,683.0,0.0,18.594,25.192,24.305,19.038,26.794,19.423,10.835,10.192,4.246,9.615,4.392,7.692,10.835,8.846
07B4R,07,B,45,273.0,0.0,23.077,25.887,19.78,20.567,30.769,19.149,9.89,8.865,3.663,9.929,2.93,7.801,9.89,7.801
07B4S,07,B,45,726.0,0.0,19.835,26.974,26.86,20.833,28.375,18.64,8.953,8.553,4.27,10.307,3.306,7.675,8.402,7.018
07B4T,07,B,45,627.0,0.0,20.893,25.984,30.781,20.669,18.501,18.307,7.815,8.858,6.858,10.63,5.104,7.874,10.048,7.677
07B4U,07,B,45,348.0,0.0,20.977,25.952,30.747,21.107,19.828,19.031,11.207,8.997,4.023,10.035,4.023,7.266,9.195,7.612
07B4V,07,B,45,353.0,0.0,19.547,26.524,35.977,20.732,18.98,18.902,8.499,8.841,3.399,10.061,3.966,7.622,9.632,7.317
07B5A,07,B,46,703.0,0.0,20.484,24.768,38.265,26.006,12.518,9.907,4.552,6.502,5.974,13.003,7.255,9.288,10.953,10.526
07B5B,07,B,46,669.0,0.0,20.03,25.428,39.611,25.917,12.108,10.269,5.979,6.601,8.371,12.714,5.979,9.291,7.922,9.78
07B5C,07,B,46,661.0,0.0,23.752,24.703,41.301,26.603,11.8,10.689,3.631,6.888,4.992,12.114,5.749,9.264,8.775,9.739
07B5D,07,B,46,637.0,0.0,21.036,24.566,36.892,26.055,14.286,10.918,7.849,6.948,6.436,13.4,5.024,8.933,8.477,9.181
07B5E,07,B,46,362.0,0.0,17.956,24.233,29.834,26.074,22.376,10.736,7.182,6.748,6.906,13.497,3.039,8.896,12.707,9.816
07B5F,07,B,46,359.0,0.0,23.955,25.298,38.719,26.488,13.649,10.119,8.635,6.548,3.621,13.095,4.735,9.524,6.685,8.929
07B5G,07,B,46,526.0,0.0,22.624,25.344,43.346,26.446,13.118,10.744,4.373,6.887,7.034,13.223,3.802,9.642,5.703,7.713
07B5H,07,B,46,510.0,0.0,21.961,25.352,40.392,24.95,12.745,10.463,4.902,6.841,7.059,14.688,4.51,10.463,8.431,7.243
07B5I,07,B,46,392.0,0.0,24.49,24.272,37.245,26.537,14.541,10.356,5.867,6.796,4.082,13.916,4.082,9.385,9.694,8.738
07B5K,07,B,46,604.0,0.0,22.185,24.46,40.894,27.338,9.934,9.832,5.795,6.235,6.623,14.628,5.629,9.832,8.94,7.674
07B5L,07,B,46,400.0,0.0,20.75,24.277,39.5,26.59,14.25,10.405,7.0,6.647,7.75,14.162,3.5,9.538,7.25,8.382
07B5M,07,B,46,380.0,0.0,12.368,23.747,22.632,25.272,23.684,12.636,16.842,7.625,8.684,13.072,2.895,8.497,12.895,9.15
07B5N,07,B,46,346.0,0.0,19.653,24.214,42.486,25.786,12.428,11.635,4.624,7.233,7.225,13.522,4.913,8.805,8.671,8.805
07B5P,07,B,46,348.0,0.0,16.667,24.759,43.678,27.653,14.655,9.968,3.161,6.109,6.322,14.148,6.609,9.325,8.908,8.039
07B5R,07,B,46,633.0,0.0,16.904,24.499,48.657,28.285,8.531,9.577,3.476,5.568,6.477,14.699,6.319,9.577,9.637,7.795
07B5S,07,B,46,854.0,0.0,20.96,23.819,47.892,29.774,10.656,11.088,3.044,6.16,4.567,13.758,8.08,9.446,4.801,5.955
07B5T,07,B,46,663.0,0.0,23.228,23.529,50.226,29.832,7.24,10.924,3.771,5.882,5.732,14.076,4.977,9.664,4.827,6.092
07B6A,07,B,47,792.0,0.0,23.359,21.117,48.611,33.981,9.975,10.194,2.778,4.126,4.924,12.621,6.187,10.437,4.167,7.524
07B6B,07,B,47,768.0,0.0,19.141,21.359,45.182,33.738,13.151,10.194,3.646,4.612,4.818,12.621,6.51,10.194,7.552,7.282
07B6C,07,B,47,437.0,0.0,17.849,22.807,49.199,32.018,8.009,8.991,4.119,5.263,8.467,14.035,4.577,9.649,7.78,7.237
07B6D,07,B,47,316.0,0.0,18.354,22.603,50.316,31.849,8.228,9.589,3.165,4.452,7.911,13.356,4.114,10.274,7.911,7.877
07B6E,07,B,47,404.0,0.0,25.0,23.099,52.228,31.831,4.95,9.296,1.98,4.225,5.446,14.085,1.733,10.141,8.663,7.324
07B6F,07,B,47,568.0,0.0,21.479,24.129,47.711,32.09,5.458,8.955,2.817,3.98,8.803,14.428,3.521,10.448,10.211,5.97
07B6G,07,B,47,527.0,0.0,24.288,25.217,45.161,31.522,6.262,7.391,3.985,4.13,7.4,14.348,3.985,10.87,8.918,6.522
07B6H,07,B,47,378.0,0.0,26.984,24.688,41.534,31.92,4.233,8.728,4.762,4.489,6.878,13.965,4.497,9.975,11.111,6.234
07B6I,07,B,47,336.0,0.0,18.452,22.426,51.488,32.353,15.179,9.559,3.869,4.412,3.869,13.603,2.679,10.294,4.464,7.353
07B6K,07,B,47,546.0,0.0,18.498,20.046,49.451,32.488,13.004,11.982,1.648,4.378,5.128,14.516,4.029,11.521,8.242,5.069
07B6L,07,B,47,445.0,0.0,22.247,22.222,50.112,33.007,12.809,10.458,2.247,4.248,4.494,13.725,2.022,10.784,6.067,5.556
07B6M,07,B,47,443.0,0.0,18.51,22.593,55.305,33.704,8.804,9.63,2.709,4.444,4.966,12.963,6.998,10.37,2.709,6.296
07B6N,07,B,47,573.0,0.0,22.513,24.638,44.328,31.643,5.934,8.696,4.188,4.589,9.599,13.527,4.363,9.903,9.075,7.005
07B6P,07,B,47,388.0,0.0,21.649,23.473,50.773,33.119,7.216,9.646,2.32,4.502,7.216,12.862,5.412,10.611,5.412,5.788
07B6R,07,B,47,928.0,0.0,20.151,24.146,54.203,33.902,9.052,9.512,2.047,4.634,4.957,12.683,5.711,10.0,3.879,5.122
07B6S,07,B,47,568.0,0.0,20.423,23.057,47.711,34.197,6.162,9.845,3.697,4.663,8.803,13.731,5.634,10.104,7.57,4.404
07B6T,07,B,47,400.0,0.0,18.25,22.801,52.0,33.55,10.0,10.098,2.5,4.235,7.0,13.029,4.5,10.749,5.75,5.537
07B6U,07,B,47,629.0,0.0,19.396,22.931,45.787,33.806,14.785,10.402,1.272,4.019,6.995,12.53,6.359,11.584,5.405,4.728
07B7A,07,B,48,473.0,0.0,21.564,21.823,50.317,31.768,11.839,9.669,2.537,4.144,3.594,13.26,5.92,11.05,4.228,8.287
07B7B,07,B,48,344.0,0.0,20.349,20.968,53.779,31.935,6.105,9.677,3.779,3.871,4.942,13.226,3.779,10.968,7.267,9.355
07B7C,07,B,48,418.0,0.0,16.986,20.968,50.957,32.258,7.656,9.355,2.871,3.871,10.048,13.548,4.785,10.968,6.699,9.032
07B7D,07,B,48,776.0,0.0,18.943,21.907,50.387,32.474,11.211,9.536,2.448,4.381,5.412,13.66,6.443,10.825,5.155,7.216
07B7E,07,B,48,537.0,0.0,21.974,21.622,43.017,31.185,6.518,8.94,4.283,5.198,8.194,14.137,5.4,11.019,10.615,7.9
07B7F,07,B,48,719.0,0.0,21.419,22.087,51.321,34.783,6.676,10.261,4.033,3.478,5.841,12.522,5.702,10.261,5.007,6.609
07B7G,07,B,48,396.0,0.0,22.98,21.053,50.505,31.856,11.869,11.357,2.273,4.709,3.535,12.742,4.545,11.08,4.293,7.202
07B7H,07,B,48,381.0,0.0,21.785,21.053,43.307,31.856,12.861,11.357,3.937,4.709,7.874,12.742,4.199,11.08,6.037,7.202
07B7I,07,B,48,382.0,0.0,20.157,21.143,43.717,32.0,17.016,11.429,3.927,4.857,6.021,12.571,4.974,11.143,4.188,6.857
07B7K,07,B,48,503.0,0.0,19.284,20.865,56.461,32.061,7.157,9.669,2.783,4.326,3.579,13.232,5.964,12.468,4.771,7.379
07B7L,07,B,48,247.0,0.0,21.457,21.321,43.32,32.432,6.073,9.61,5.668,4.204,11.741,13.213,2.024,11.712,9.717,7.508
07B7M,07,B,48,355.0,0.0,18.31,22.472,52.676,32.584,11.268,9.831,3.944,4.213,5.915,13.483,3.944,10.955,3.944,6.461
07B7N,07,B,48,463.0,0.0,21.814,22.188,52.052,32.523,9.719,9.726,1.08,4.255,4.752,13.374,6.911,11.246,3.672,6.687
07B7P,07,B,48,678.0,0.0,21.534,21.501,49.263,34.483,7.227,9.128,1.77,3.854,8.26,14.199,5.457,11.156,6.49,5.68
07B7R,07,B,48,743.0,0.0,18.573,21.684,53.567,34.184,9.421,9.439,2.019,4.082,5.249,13.52,4.711,10.714,6.46,6.378
07B7S,07,B,48,608.0,0.0,23.355,22.384,47.862,33.333,8.553,10.219,2.961,3.893,5.592,13.625,4.934,10.949,6.743,5.596
07B7T,07,B,48,616.0,0.0,17.695,21.818,51.623,32.182,8.279,10.364,3.247,4.0,7.305,14.545,3.896,10.909,7.955,6.182
07B7U,07,B,48,618.0,0.0,21.359,22.611,48.382,34.033,6.796,10.256,3.883,3.73,6.634,12.821,5.178,11.189,7.767,5.361
07B7V,07,B,48,847.0,0.0,16.175,21.839,55.49,33.621,8.737,10.057,3.424,3.736,5.785,13.218,6.021,12.069,4.368,5.46
07W101,07,W,42,309.0,1125.0,23.625,24.651,30.421,18.837,13.269,9.767,9.061,12.791,9.385,13.488,8.414,12.791,5.825,7.674
07W102,07,W,42,411.0,1197.0,21.411,24.952,31.873,16.123,22.141,19.194,8.273,11.708,5.596,9.597,5.596,13.628,5.109,4.798
07W103,07,W,42,378.0,1098.0,20.106,24.082,29.365,17.143,23.016,15.714,8.73,12.245,5.556,10.408,7.407,14.49,5.82,5.918
07W104,07,W,42,465.0,1314.0,19.57,26.629,21.505,12.477,31.183,22.346,11.613,13.966,3.441,8.939,4.731,8.194,7.957,7.449
07W105,07,W,42,436.0,1192.0,18.578,24.826,15.367,10.938,36.927,29.34,16.514,13.889,3.211,6.771,4.358,8.16,5.046,6.076
07W106,07,W,42,395.0,1133.0,20.253,28.516,15.949,11.175,26.076,20.809,17.215,16.956,7.089,9.827,2.532,4.624,10.886,8.092
07W107,07,W,42,394.0,1270.0,20.812,27.355,17.005,11.232,26.65,22.464,15.736,17.21,4.569,8.877,2.792,5.254,12.437,7.609
07W108,07,W,42,402.0,1236.0,20.149,22.283,16.915,10.145,31.343,28.623,15.174,19.022,2.985,5.072,2.985,6.159,10.448,8.696
07W109,07,W,42,365.0,976.0,20.274,22.091,16.712,11.045,35.616,31.361,13.699,14.99,4.658,5.917,2.192,7.89,6.849,6.706
07W110,07,W,42,473.0,1235.0,19.239,27.508,15.856,9.223,33.827,30.259,13.319,14.401,4.228,5.34,4.228,5.663,9.302,7.605
07W111,07,W,42,438.0,1192.0,20.091,24.333,18.95,12.667,27.169,26.667,14.384,12.5,5.708,9.333,4.338,7.0,9.361,7.5
07W112,07,W,42,457.0,1136.0,17.724,27.715,10.066,6.929,42.67,33.333,15.755,15.169,1.969,5.618,2.626,4.494,9.19,6.742
07W113,07,W,42,492.0,1184.0,21.138,26.038,15.65,9.904,39.634,30.511,10.569,13.419,2.846,5.911,3.455,6.55,6.707,7.668
07W114,07,W,42,488.0,1328.0,19.672,26.819,20.902,12.981,30.738,25.535,11.68,11.84,5.943,7.561,4.508,7.418,6.557,7.846
07W115,07,W,42,385.0,1121.0,23.377,24.862,25.455,13.996,22.857,25.046,10.909,11.602,6.494,10.129,3.636,8.103,7.273,6.262
07W116,07,W,42,355.0,1108.0,19.718,26.693,21.972,12.948,27.042,25.1,10.986,9.96,6.761,7.769,5.915,9.761,7.606,7.769
07W117,07,W,42,382.0,1126.0,18.063,27.018,28.534,15.439,24.869,23.333,9.948,11.404,4.712,8.772,6.021,8.947,7.853,5.088
07W118,07,W,42,231.0,646.0,18.615,26.429,20.346,12.857,35.498,25.0,10.39,10.0,3.463,7.5,4.762,9.643,6.926,8.571
07W119,07,W,42,311.0,1135.0,22.508,26.077,30.547,13.605,14.469,20.408,13.826,15.193,8.682,9.751,4.502,7.937,5.466,7.029
07W120,07,W,42,390.0,1148.0,18.462,27.222,20.513,15.556,28.718,23.148,13.846,11.667,6.41,9.259,5.641,8.148,6.41,5.0
07W121,07,W,42,417.0,1226.0,23.741,28.45,21.823,13.118,22.302,24.702,12.47,12.095,7.194,8.688,4.796,7.666,7.674,5.281
07W122,07,W,42,424.0,1302.0,19.811,25.222,29.953,15.631,21.698,21.67,9.906,11.545,4.481,8.171,6.604,13.854,7.547,3.908
07W123,07,W,42,378.0,1096.0,19.312,28.814,13.228,6.591,38.095,33.522,13.492,15.443,3.968,5.838,5.556,3.766,6.349,6.026
07W124,07,W,42,458.0,1153.0,18.122,29.585,12.445,10.381,35.59,27.682,17.467,14.187,6.332,5.882,1.747,5.19,8.297,7.093
07W125,07,W,42,390.0,1127.0,17.692,25.605,19.231,11.29,29.487,27.823,16.667,18.952,3.333,6.25,4.103,4.637,9.487,5.444
07W126,07,W,42,303.0,1173.0,16.832,26.471,24.422,10.504,21.452,26.05,19.142,19.328,5.611,7.983,3.63,3.992,8.911,5.672
07W127,07,W,42,411.0,1155.0,15.815,24.33,14.842,9.004,35.036,29.502,21.411,21.648,3.163,5.747,2.19,3.448,7.543,6.322
07W128,07,W,42,447.0,1212.0,14.094,25.361,16.331,8.66,31.32,28.041,21.253,20.825,4.251,7.01,4.474,3.505,8.277,6.598
07W129,07,W,42,406.0,1240.0,18.227,21.951,12.069,5.61,38.177,32.439,16.256,24.146,1.97,3.659,4.433,2.927,8.867,9.268
07W201,07,W,43,439.0,1229.0,23.69,26.079,24.374,14.853,25.057,23.661,11.162,11.399,4.1,9.326,2.961,7.945,8.656,6.736
07W202,07,W,43,294.0,1105.0,23.469,26.691,22.789,15.174,22.789,22.669,13.946,11.335,7.143,9.872,2.381,7.861,7.483,6.399
07W203,07,W,43,380.0,1102.0,20.0,24.232,20.526,14.505,33.158,26.962,10.789,10.41,7.105,8.02,4.211,9.215,4.211,6.655
07W204,07,W,43,559.0,1191.0,18.784,23.567,17.531,11.306,37.388,31.688,14.132,14.65,3.22,5.414,3.578,6.051,5.367,7.325
07W205,07,W,43,548.0,1342.0,22.263,25.98,12.774,10.458,38.139,30.065,12.956,15.196,1.825,5.065,2.555,5.719,9.489,7.516
07W206,07,W,43,393.0,1060.0,19.084,24.248,17.303,11.466,34.86,29.887,13.232,14.85,3.308,6.203,4.071,5.827,8.142,7.519
07W207,07,W,43,373.0,1246.0,19.839,27.965,24.933,15.221,25.737,21.416,10.724,10.619,5.094,10.088,4.021,7.257,9.651,7.434
07W208,07,W,43,352.0,1142.0,21.023,27.715,15.057,10.112,31.534,26.592,16.761,15.543,3.693,5.618,3.977,5.431,7.955,8.989
07W209,07,W,43,337.0,996.0,19.288,27.066,20.772,13.017,29.08,22.314,15.134,13.636,3.858,8.884,4.748,5.992,7.122,9.091
07W210,07,W,43,380.0,1113.0,21.579,28.74,21.316,13.189,26.579,23.228,13.421,10.433,3.158,8.268,3.158,6.299,10.789,9.843
07W211,07,W,43,447.0,1127.0,16.779,19.804,12.975,8.674,38.479,33.552,14.989,16.694,3.579,4.583,4.027,6.219,9.172,10.475
07W212,07,W,43,398.0,1171.0,14.824,21.38,8.794,8.754,39.698,33.165,18.844,16.667,4.271,5.219,4.02,5.556,9.548,9.259
07W213,07,W,43,302.0,1076.0,25.497,34.686,30.132,15.619,15.894,11.562,11.258,13.59,7.285,7.708,3.311,6.288,6.623,10.548
07W214,07,W,43,534.0,1280.0,19.85,19.663,10.112,7.303,39.139,35.019,16.105,18.914,2.247,5.431,3.558,4.682,8.989,8.989
07W215,07,W,43,380.0,1118.0,20.263,22.82,12.632,7.978,30.789,31.54,21.053,18.367,2.895,5.566,3.158,4.638,9.211,9.091
07W216,07,W,43,366.0,1212.0,19.672,21.886,8.197,6.406,42.623,35.587,16.393,19.217,2.186,4.804,3.825,3.381,7.104,8.719
07W217,07,W,43,402.0,1246.0,16.667,24.758,9.701,7.93,36.816,31.721,22.388,16.828,3.731,6.576,2.736,3.868,7.96,8.317
07W218,07,W,43,366.0,1141.0,20.492,23.201,10.109,6.835,35.792,34.353,19.945,18.885,3.279,5.216,3.825,3.957,6.557,7.554
07W219,07,W,43,363.0,1000.0,19.559,23.658,8.54,7.157,38.017,31.213,20.661,18.091,2.204,5.765,2.755,4.771,8.264,9.344
07W220,07,W,43,453.0,1179.0,18.102,23.933,12.583,5.009,44.812,33.766,10.817,18.182,1.987,5.38,3.091,4.082,8.609,9.647
07W221,07,W,43,342.0,1014.0,23.977,30.508,23.977,14.619,14.035,16.525,14.62,12.712,11.111,11.864,1.754,4.237,10.526,9.534
07W222,07,W,43,378.0,1202.0,21.958,30.728,30.688,14.742,15.344,16.163,11.905,12.078,7.143,12.256,3.968,4.085,8.995,9.947
07W223,07,W,43,321.0,1061.0,24.299,30.4,22.43,14.6,19.003,17.2,10.592,13.2,9.969,11.2,4.361,4.2,9.346,9.2
07W224,07,W,43,416.0,1587.0,18.269,29.847,16.346,11.329,32.452,23.094,15.865,16.34,4.327,6.972,3.606,4.793,9.135,7.625
07W225,07,W,43,537.0,1270.0,16.201,24.383,10.242,6.481,40.223,34.568,18.063,16.975,4.097,5.864,2.607,3.704,8.566,8.025
07W226,07,W,43,411.0,1071.0,16.302,24.078,13.869,7.379,38.2,31.845,14.599,16.311,4.866,6.602,2.433,3.107,9.732,10.68
07W227,07,W,43,314.0,1122.0,20.382,25.268,11.146,8.779,30.892,30.193,14.331,16.06,8.917,7.066,3.503,3.426,10.828,9.208
07W228,07,W,43,454.0,1146.0,18.502,21.375,10.352,9.294,41.189,31.599,15.198,18.587,2.863,6.32,2.203,4.647,9.692,8.178
07W301,07,W,44,430.0,1062.0,23.256,26.007,21.163,14.469,30.465,26.19,11.163,10.073,3.721,6.96,3.256,7.875,6.977,8.425
07W302,07,W,44,475.0,1171.0,21.684,27.597,18.105,13.312,33.474,28.734,11.789,10.39,3.368,5.519,5.895,8.766,5.684,5.682
07W303,07,W,44,514.0,1183.0,23.735,25.909,19.455,12.121,34.63,30.455,8.755,10.606,2.529,6.515,3.891,7.879,7.004,6.515
07W304,07,W,44,515.0,1196.0,20.388,26.4,20.0,14.4,32.427,27.68,12.621,10.88,5.243,6.88,4.078,7.2,5.243,6.56
07W305,07,W,44,444.0,1107.0,20.045,26.182,21.171,14.02,36.937,29.392,6.982,10.135,4.955,7.264,4.054,5.743,5.856,7.264
07W306,07,W,44,443.0,1092.0,20.316,26.0,23.476,13.667,34.086,29.833,7.675,10.167,3.837,7.333,3.16,5.833,7.449,7.167
07W307,07,W,44,417.0,1113.0,22.302,26.261,21.343,13.565,30.456,28.174,10.791,10.783,3.597,6.609,6.475,7.478,5.036,7.13
07W308,07,W,44,413.0,1032.0,21.065,25.788,18.402,11.688,34.383,30.798,11.38,11.503,2.663,5.751,5.327,7.05,6.78,7.421
07W309,07,W,44,456.0,1095.0,20.395,25.202,19.298,13.893,35.746,26.01,7.675,12.116,4.167,8.239,3.289,7.593,9.43,6.947
07W310,07,W,44,432.0,1108.0,21.065,25.532,25.926,15.78,29.861,26.064,8.102,11.348,3.241,7.624,4.398,7.801,7.407,5.851
07W311,07,W,44,556.0,1472.0,20.683,26.292,21.942,13.737,32.914,28.508,11.691,11.817,1.619,6.795,3.417,7.386,7.734,5.465
07W312,07,W,44,441.0,1127.0,24.036,25.719,20.862,14.213,31.293,29.442,12.018,11.168,3.401,5.922,4.535,7.445,3.855,6.091
07W313,07,W,44,358.0,988.0,23.743,22.934,25.698,16.529,28.212,27.479,6.425,10.95,4.749,7.438,4.469,8.264,6.704,6.405
07W314,07,W,44,429.0,1187.0,23.776,24.383,18.415,16.049,30.07,25.926,11.655,10.957,2.797,8.333,5.361,7.562,7.925,6.79
07W315,07,W,44,403.0,1112.0,23.821,23.423,20.596,15.315,31.514,27.027,10.422,11.712,2.73,8.108,5.955,8.649,4.963,5.766
07W316,07,W,44,415.0,1141.0,19.277,27.911,19.518,15.068,32.53,26.712,10.602,10.616,4.337,5.993,4.819,8.219,8.916,5.479
07W317,07,W,44,416.0,1189.0,23.558,27.833,15.625,13.667,31.731,26.667,11.298,11.0,4.087,7.333,6.25,6.5,7.452,7.0
07W318,07,W,44,495.0,1157.0,23.636,27.333,18.586,14.333,31.111,25.833,8.283,11.333,4.242,8.0,4.04,6.833,10.101,6.333
07W319,07,W,44,436.0,1180.0,22.248,25.871,24.541,17.91,33.028,23.881,5.734,10.448,5.505,8.955,3.211,6.965,5.734,5.97
07W320,07,W,44,373.0,1078.0,20.912,24.281,21.716,15.108,34.853,26.799,10.992,11.871,2.681,8.273,4.826,8.094,4.021,5.576
07W321,07,W,44,415.0,1197.0,20.0,27.245,20.723,13.394,30.12,28.919,9.88,11.263,6.024,7.154,4.819,6.393,8.434,5.632
07W322,07,W,44,421.0,1093.0,22.565,26.923,18.29,11.189,27.553,24.825,11.164,15.385,5.226,7.517,4.513,6.818,10.689,7.343
07W323,07,W,44,505.0,1227.0,19.01,26.788,14.257,12.177,40.0,28.158,12.277,13.394,3.564,7.002,2.772,7.002,8.119,5.479
07W324,07,W,44,395.0,1129.0,29.367,33.269,17.722,13.733,17.722,17.408,13.924,12.573,5.57,10.445,3.291,3.868,12.405,8.704
07W325,07,W,44,366.0,1041.0,21.311,33.333,21.038,14.046,30.328,19.706,8.743,12.579,6.831,7.966,4.372,4.822,7.377,7.547
07W326,07,W,44,372.0,1220.0,28.226,33.216,23.387,13.781,15.591,19.435,8.871,12.544,8.602,8.127,4.032,4.77,11.29,8.127
07W327,07,W,44,559.0,1523.0,20.572,30.449,24.15,13.977,19.857,13.478,9.481,9.817,8.766,15.141,3.936,5.158,13.238,11.98
07W328,07,W,44,320.0,1215.0,17.812,27.326,29.063,21.899,13.75,12.597,8.438,8.527,18.75,14.535,4.375,7.364,7.812,7.752
07W329,07,W,44,341.0,1254.0,24.34,26.326,39.589,24.361,15.249,12.377,4.692,8.055,4.692,14.342,3.519,8.055,7.918,6.483
07W401,07,W,45,515.0,1210.0,19.417,28.99,25.825,16.612,28.932,21.824,15.146,10.586,2.136,7.492,3.689,5.375,4.854,9.121
07W402,07,W,45,360.0,1081.0,17.778,27.387,29.722,20.18,20.278,16.937,10.0,9.369,6.944,9.91,3.056,7.027,12.222,9.189
07W403,07,W,45,371.0,1185.0,18.598,26.151,36.658,21.546,14.555,14.638,8.086,8.553,7.008,11.02,4.582,8.059,10.512,10.033
07W404,07,W,45,394.0,1220.0,23.858,24.237,27.411,15.84,18.528,20.802,11.675,12.023,3.807,10.496,4.061,5.916,10.66,10.687
07W405,07,W,45,455.0,1145.0,14.945,24.772,18.022,12.386,38.681,31.876,15.385,12.204,2.637,6.193,3.077,5.1,7.253,7.468
07W406,07,W,45,441.0,1164.0,17.687,22.898,19.728,13.059,33.787,32.737,11.565,11.807,6.576,6.977,3.628,5.903,7.029,6.619
07W407,07,W,45,411.0,1138.0,17.032,22.067,20.681,14.536,33.09,31.524,13.869,11.033,4.38,7.706,2.433,6.655,8.516,6.48
07W408,07,W,45,342.0,1139.0,15.205,26.185,28.07,16.253,20.175,14.221,9.357,13.093,9.357,11.964,3.509,5.192,14.327,13.093
07W409,07,W,45,352.0,1267.0,20.17,26.16,33.807,16.883,10.795,12.801,9.375,9.091,11.364,18.553,3.409,6.865,11.08,9.647
07W410,07,W,45,255.0,1025.0,16.471,25.974,29.412,17.532,18.039,12.121,13.725,10.606,9.02,16.234,3.922,4.762,9.412,12.771
07W411,07,W,45,270.0,1108.0,20.741,25.431,28.519,18.75,10.741,13.578,8.148,10.345,14.074,14.224,4.444,6.034,13.333,11.638
07W412,07,W,45,360.0,1047.0,19.167,26.05,32.778,17.017,14.444,12.605,9.444,9.664,10.833,17.857,3.056,5.882,10.278,10.924
07W413,07,W,45,358.0,1218.0,21.508,26.148,26.257,18.563,11.173,12.774,10.615,10.379,15.363,15.369,1.955,5.19,13.128,11.577
07W414,07,W,45,310.0,1058.0,19.355,25.962,31.29,18.99,12.903,13.221,8.065,10.096,10.645,14.423,3.226,5.769,14.516,11.538
07W415,07,W,45,268.0,1110.0,17.91,25.104,29.851,18.05,15.299,14.315,8.955,10.373,12.687,13.485,2.985,6.846,12.313,11.826
07W416,07,W,45,410.0,1214.0,13.659,26.643,23.171,15.098,24.878,20.426,11.707,12.256,8.78,11.723,5.366,5.506,12.439,8.348
07W417,07,W,45,342.0,1100.0,20.468,24.668,24.269,16.698,28.07,20.683,8.187,11.765,9.649,9.488,2.632,7.4,6.725,9.298
07W418,07,W,45,388.0,1113.0,18.041,24.269,21.907,15.835,31.443,22.031,11.082,11.532,5.155,9.294,3.351,7.917,9.021,9.122
07W419,07,W,45,392.0,1099.0,19.388,23.05,22.449,15.071,30.612,23.404,11.224,11.702,3.571,9.043,3.827,8.333,8.929,9.397
07W420,07,W,45,428.0,1107.0,16.589,23.845,20.093,14.418,33.879,21.811,9.579,12.939,5.607,9.612,5.374,7.209,8.879,10.166
07W421,07,W,45,376.0,1094.0,19.681,24.373,20.213,14.158,24.202,20.968,10.904,13.262,6.649,10.036,2.394,6.81,15.957,10.394
07W422,07,W,45,411.0,1209.0,19.951,27.211,20.681,13.435,23.844,20.238,12.652,13.605,7.056,11.054,3.65,5.442,12.165,9.014
07W423,07,W,45,425.0,1278.0,18.824,25.993,20.941,13.742,24.471,23.179,12.471,12.914,5.647,10.265,5.882,5.298,11.765,8.609
07W424,07,W,45,421.0,1278.0,22.09,28.744,19.24,15.835,20.665,13.081,13.302,12.565,8.314,13.769,6.651,6.024,9.739,9.983
07W425,07,W,45,355.0,1147.0,22.254,25.15,36.056,16.567,13.239,15.369,7.324,11.776,9.296,16.367,3.662,5.389,8.169,9.381
07W426,07,W,45,369.0,1171.0,19.512,26.871,30.623,17.658,21.951,17.274,11.924,12.284,4.065,11.132,3.794,6.334,8.13,8.445
07W427,07,W,45,373.0,1182.0,21.18,23.333,30.563,16.863,16.086,15.294,10.456,11.176,10.456,17.451,2.413,5.294,8.847,10.588
07W428,07,W,45,382.0,1154.0,18.325,25.408,23.298,13.067,26.44,23.23,12.042,13.612,5.497,9.619,2.88,5.445,11.518,9.619
07W501,07,W,46,329.0,1142.0,15.198,27.326,32.219,17.829,12.462,13.566,12.158,8.14,10.334,15.504,5.167,5.814,12.462,11.822
07W502,07,W,46,370.0,1247.0,20.811,27.154,33.514,19.476,15.946,10.3,6.757,7.491,8.378,17.603,5.135,8.052,9.459,9.925
07W503,07,W,46,363.0,1147.0,20.386,26.852,35.537,18.889,11.57,13.333,5.234,8.333,9.642,14.815,4.959,6.111,12.672,11.667
07W504,07,W,46,372.0,1176.0,18.548,26.777,32.258,19.008,13.441,13.223,8.871,8.264,8.065,15.207,5.108,5.785,13.71,11.736
07W505,07,W,46,360.0,1295.0,20.833,27.412,38.333,19.956,7.222,10.088,6.111,8.333,12.222,16.447,3.333,6.14,11.944,11.623
07W506,07,W,46,328.0,1118.0,22.561,28.862,35.671,20.122,9.146,11.585,8.232,10.366,8.232,13.415,5.488,5.081,10.671,10.569
07W507,07,W,46,373.0,1205.0,20.375,26.755,24.933,20.304,18.231,12.903,9.383,8.729,13.137,14.231,1.877,6.262,12.064,10.816
07W508,07,W,46,407.0,1230.0,19.165,25.039,37.346,23.622,14.005,12.598,7.862,8.504,8.108,13.701,4.668,6.142,8.845,10.394
07W509,07,W,46,340.0,1182.0,22.059,25.887,28.824,22.129,13.235,11.273,10.882,8.559,11.471,16.284,3.235,6.681,10.294,9.186
07W510,07,W,46,323.0,1141.0,18.885,23.69,31.889,21.868,15.17,10.706,7.74,8.656,13.003,17.995,6.811,7.973,6.502,9.112
07W511,07,W,46,389.0,1221.0,20.823,27.222,37.018,18.519,13.111,10.37,5.656,7.037,11.054,17.593,4.113,8.519,8.226,10.741
07W512,07,W,46,334.0,1028.0,21.257,28.513,40.419,20.163,5.988,8.961,6.287,5.906,12.275,18.33,5.09,8.147,8.683,9.98
07W513,07,W,46,319.0,1083.0,19.122,27.639,32.288,22.841,9.404,8.445,6.583,5.566,16.614,17.466,4.075,8.061,11.912,9.981
07W514,07,W,46,246.0,1187.0,17.886,28.429,35.366,21.074,17.886,10.537,8.537,9.742,9.756,14.314,3.659,6.759,6.911,9.145
07W515,07,W,46,363.0,1248.0,18.182,26.742,35.262,21.469,13.499,9.605,5.51,8.851,12.397,14.878,3.857,8.286,11.295,10.169
07W516,07,W,46,393.0,1146.0,18.83,25.197,39.695,21.85,10.178,9.449,9.924,9.646,7.379,16.929,4.326,6.102,9.669,10.827
07W517,07,W,46,406.0,1279.0,16.749,23.419,37.931,22.735,11.823,9.744,4.68,9.402,12.069,18.974,3.448,5.128,13.3,10.598
07W518,07,W,46,345.0,1084.0,19.71,27.143,41.449,23.469,9.855,7.959,4.928,5.51,10.725,19.184,4.058,9.592,9.275,7.143
07W519,07,W,46,339.0,1077.0,16.814,23.095,25.369,12.702,13.569,13.857,16.519,15.473,10.619,17.552,2.95,3.695,14.159,13.626
07W520,07,W,46,279.0,996.0,19.355,23.454,20.789,13.402,19.355,13.66,15.771,14.691,8.602,17.268,3.584,4.381,12.545,13.144
07W521,07,W,46,415.0,1227.0,23.373,26.48,41.446,23.355,7.229,10.362,6.265,6.414,9.639,14.967,4.578,10.197,7.47,8.224
07W522,07,W,46,398.0,1235.0,17.839,27.256,37.94,24.436,11.809,9.398,5.025,6.391,13.819,18.045,4.523,8.835,9.045,5.639
07W523,07,W,46,501.0,1389.0,16.966,26.75,36.327,24.057,9.182,10.413,5.988,6.284,17.166,18.133,3.593,6.463,10.778,7.899
07W524,07,W,46,426.0,1061.0,21.362,26.667,38.028,24.615,13.38,11.538,6.338,7.949,5.634,15.897,5.164,6.923,10.094,6.41
07W525,07,W,46,318.0,1140.0,22.956,26.176,36.478,28.425,9.119,10.838,5.031,6.953,12.264,15.133,8.176,7.975,5.975,4.499
07W526,07,W,46,321.0,1078.0,15.888,24.906,47.352,31.321,10.903,10.0,3.427,4.906,8.723,15.849,9.034,8.679,4.673,4.34
07W527,07,W,46,561.0,1192.0,27.094,26.557,48.307,32.623,4.991,9.016,2.674,5.246,8.556,14.918,3.743,7.869,4.635,3.77
07W528,07,W,46,311.0,981.0,20.9,23.441,43.087,30.323,8.36,10.753,3.859,4.731,11.576,16.129,4.18,9.247,8.039,5.376
07W601,07,W,47,321.0,1144.0,26.168,27.019,40.187,31.278,7.788,7.342,4.361,4.552,9.969,13.656,5.919,11.16,5.607,4.993
07W602,07,W,47,399.0,1085.0,19.799,23.03,41.855,27.475,11.529,9.697,4.762,5.455,6.266,15.152,7.769,9.495,8.02,9.697
07W603,07,W,47,457.0,1273.0,19.037,25.439,41.357,26.754,5.689,9.795,3.72,4.24,14.223,16.959,5.033,7.895,10.941,8.918
07W604,07,W,47,331.0,978.0,14.199,19.956,44.713,28.947,6.647,7.456,4.834,8.114,14.804,18.86,3.625,8.772,11.178,7.895
07W605,07,W,47,373.0,1246.0,17.158,22.028,44.236,29.545,8.579,7.517,5.094,7.168,13.673,18.531,3.753,8.217,7.507,6.993
07W606,07,W,47,346.0,1224.0,19.075,24.765,44.509,29.831,8.382,6.942,4.624,5.441,14.162,18.011,2.89,7.129,6.358,7.88
07W607,07,W,47,300.0,1093.0,19.333,27.119,37.667,23.245,4.0,6.053,5.667,7.022,17.0,17.918,5.333,10.412,11.0,8.232
07W608,07,W,47,304.0,1166.0,20.066,26.4,38.158,23.0,3.618,5.6,4.934,7.2,22.697,22.8,2.961,7.0,7.566,8.0
07W609,07,W,47,364.0,1217.0,15.934,25.933,36.538,24.44,5.22,6.157,5.769,5.97,28.022,19.03,2.747,7.09,5.769,11.381
07W610,07,W,47,374.0,1151.0,20.588,26.419,42.781,24.462,4.545,6.262,4.813,6.458,12.299,20.744,5.882,7.045,9.091,8.611
07W611,07,W,47,297.0,1084.0,19.865,27.626,35.354,19.635,5.387,4.795,5.724,10.046,19.865,22.603,4.377,4.11,9.428,11.187
07W612,07,W,47,411.0,1232.0,19.221,25.0,40.389,27.431,12.652,10.069,3.65,4.688,9.246,16.667,6.569,8.507,8.273,7.639
07W613,07,W,47,447.0,1130.0,21.477,24.272,38.031,29.45,11.186,12.298,5.369,5.34,8.501,15.372,7.606,8.738,7.83,4.531
07W614,07,W,47,300.0,1178.0,13.333,27.826,28.667,20.652,7.667,5.0,8.333,9.348,26.333,22.391,3.333,4.783,12.333,10.0
07W615,07,W,47,464.0,1205.0,18.534,21.88,44.828,32.305,14.224,13.803,2.371,4.699,8.19,12.775,6.466,8.957,5.388,5.58
07W616,07,W,47,317.0,1185.0,20.505,20.529,47.003,31.726,11.356,13.375,2.208,5.443,8.517,13.686,4.732,10.575,5.678,4.666
07W617,07,W,47,440.0,1209.0,16.364,26.38,51.818,30.982,9.545,8.896,5.0,5.215,7.5,15.031,5.455,9.663,4.318,3.834
07W618,07,W,47,379.0,1121.0,20.58,28.247,39.314,23.505,5.277,6.392,5.013,5.773,17.15,19.588,5.013,8.041,7.652,8.454
07W619,07,W,47,338.0,1189.0,23.964,27.841,36.686,24.242,5.621,7.386,6.509,5.682,15.976,19.129,1.479,8.333,9.763,7.386
07W620,07,W,47,407.0,1155.0,21.867,25.719,40.786,26.259,10.811,10.971,4.177,5.396,12.285,16.187,4.668,8.813,5.405,6.655
07W621,07,W,47,399.0,1110.0,16.541,21.37,48.622,30.506,13.784,12.887,2.757,5.873,6.767,14.519,7.018,10.44,4.511,4.405
07W622,07,W,47,276.0,997.0,21.377,25.895,41.667,30.737,9.783,8.0,4.348,5.474,9.783,15.789,4.348,8.632,8.696,5.474
07W623,07,W,47,423.0,1194.0,19.622,26.11,49.882,29.84,4.255,7.282,7.801,5.861,8.983,16.163,3.31,8.171,6.147,6.572
07W624,07,W,47,335.0,1083.0,20.896,24.9,43.881,31.673,11.343,9.96,3.582,4.582,7.463,14.741,6.866,9.562,5.97,4.582
07W625,07,W,47,404.0,1053.0,17.079,26.499,47.772,32.108,7.673,8.897,4.455,4.642,12.871,14.507,2.723,10.251,7.426,3.095
07W626,07,W,47,378.0,1154.0,17.989,24.957,43.915,27.692,16.138,11.111,2.116,5.983,10.053,14.188,2.91,9.744,6.878,6.325
07W627,07,W,47,241.0,579.0,20.747,25.17,49.378,28.231,12.863,11.224,3.32,5.782,5.394,14.286,4.149,9.864,4.149,5.442
07W628,07,W,47,418.0,1084.0,16.268,18.953,48.325,31.047,11.005,12.816,4.067,6.318,9.091,14.621,3.828,12.455,7.416,3.791
07W701,07,W,48,394.0,1168.0,17.005,19.723,50.0,28.968,8.629,12.018,2.538,4.777,10.66,14.33,6.853,12.481,4.315,7.704
07W702,07,W,48,421.0,1084.0,21.615,20.331,48.694,31.736,6.651,9.917,2.613,4.463,11.876,15.041,4.276,11.405,4.276,7.107
07W703,07,W,48,354.0,1123.0,18.644,20.984,39.831,31.148,9.605,9.508,6.497,4.262,10.734,16.066,6.78,10.492,7.91,7.541
07W704,07,W,48,462.0,1138.0,14.935,21.87,49.134,27.713,14.719,10.518,2.381,4.508,8.442,17.195,5.844,9.683,4.545,8.514
07W705,07,W,48,504.0,1331.0,20.635,24.744,40.079,25.153,15.873,9.202,3.968,7.157,6.746,17.791,5.952,8.998,6.746,6.953
07W706,07,W,48,387.0,1285.0,19.897,25.486,35.917,23.326,3.876,8.855,5.168,6.479,16.537,19.006,4.91,7.343,13.695,9.503
07W707,07,W,48,355.0,1220.0,18.028,26.247,33.803,23.644,7.887,6.941,6.479,9.111,19.155,17.137,4.789,9.111,9.859,7.809
07W708,07,W,48,346.0,1148.0,19.075,28.249,47.688,28.814,7.514,6.403,4.046,7.156,9.249,14.689,4.046,7.721,8.382,6.968
07W709,07,W,48,426.0,1221.0,17.84,24.655,40.376,27.613,8.92,8.087,3.756,7.692,15.258,16.371,6.808,8.876,7.042,6.706
07W710,07,W,48,486.0,1145.0,19.753,17.107,44.444,30.638,11.523,15.552,4.527,7.621,6.996,12.597,5.761,10.109,6.996,6.376
07W711,07,W,48,366.0,1141.0,16.12,19.194,43.169,27.903,12.842,16.29,4.645,7.097,9.836,11.935,5.191,10.968,8.197,6.613
07W712,07,W,48,475.0,1125.0,21.053,20.942,42.105,24.433,17.053,16.754,3.579,6.806,4.211,11.169,6.947,11.867,5.053,8.028
07W713,07,W,48,492.0,1288.0,14.228,21.449,48.374,31.392,13.211,13.636,3.659,3.835,9.756,14.631,4.878,10.085,5.894,4.972
07W714,07,W,48,413.0,1142.0,17.191,24.286,43.099,28.393,4.116,10.893,2.421,4.643,19.128,16.964,4.116,8.036,9.927,6.786
07W715,07,W,48,468.0,1161.0,13.034,21.133,53.632,29.25,8.333,11.179,3.205,4.594,8.761,17.305,7.265,10.26,5.769,6.279
07W716,07,W,48,433.0,1186.0,18.938,21.406,54.503,29.688,7.621,10.625,3.695,4.531,5.312,17.969,4.85,9.531,5.081,6.25
07W717,07,W,48,355.0,1141.0,18.873,22.105,47.042,28.947,6.761,8.421,4.507,5.439,14.93,18.07,3.099,9.649,4.789,7.368
07W718,07,W,48,380.0,1100.0,21.842,23.019,42.632,27.17,3.684,8.113,4.474,5.472,13.421,18.679,5.263,9.434,8.684,8.113
07W719,07,W,48,410.0,1191.0,15.854,22.909,48.537,29.636,5.122,8.545,2.683,4.909,11.951,17.818,8.293,10.182,7.561,6.0
07W720,07,W,48,435.0,1140.0,16.092,22.321,47.126,27.5,9.885,9.464,2.989,5.714,11.494,17.321,5.517,9.821,6.897,7.857
07W721,07,W,48,409.0,1121.0,16.137,23.327,53.79,29.446,6.112,8.987,2.689,3.633,11.247,17.208,4.645,10.899,5.379,6.501
07W722,07,W,48,365.0,1153.0,18.082,23.092,39.452,27.202,10.137,7.241,8.493,5.871,9.589,19.374,6.027,8.219,8.219,9.002
07W723,07,W,48,393.0,1185.0,21.628,22.438,45.547,25.795,5.852,5.83,3.308,6.714,11.45,20.141,5.852,7.42,6.361,11.661
07W724,07,W,48,324.0,1135.0,20.679,24.808,40.741,26.346,5.556,8.077,5.864,4.231,13.889,18.846,3.704,9.231,9.568,8.462
07W725,07,W,48,286.0,1064.0,16.434,22.822,37.413,27.386,4.895,10.788,4.196,4.772,24.476,17.635,2.098,8.299,10.49,8.299
07W726,07,W,48,392.0,1143.0,19.133,23.608,37.755,28.023,10.969,9.405,4.592,5.566,11.99,18.042,7.908,9.597,7.653,5.758
07W727,07,W,48,327.0,963.0,20.183,22.406,43.119,30.896,9.786,10.377,4.587,5.66,9.786,16.745,5.199,8.962,7.339,4.953
07W728,07,W,48,318.0,927.0,22.642,25.771,42.138,27.974,8.805,11.013,3.459,3.965,10.692,18.282,7.233,8.15,5.031,4.846
08B1A,08,B,49,307.0,0.0,20.521,20.225,5.212,16.854,40.717,21.723,23.127,13.858,1.629,10.112,0.977,5.993,7.818,11.236
08B1AA,08,B,49,355.0,0.0,10.423,20.307,6.761,17.241,45.634,21.456,18.31,13.793,2.254,10.345,3.944,6.13,12.676,10.728
08B1AB,08,B,49,318.0,0.0,13.836,20.325,7.233,17.886,49.371,20.325,20.44,13.008,0.629,10.569,1.887,6.504,6.604,11.382
08B1AC,08,B,49,312.0,0.0,14.744,20.532,6.41,17.11,42.308,21.293,24.359,13.688,0.0,10.266,0.962,6.084,11.218,11.027
08B1B,08,B,49,269.0,0.0,14.87,20.472,6.32,17.717,42.751,20.472,21.561,14.173,0.743,10.236,2.23,6.299,11.524,10.63
08B1C,08,B,49,293.0,0.0,11.945,20.543,14.676,17.442,42.321,20.543,19.113,14.341,3.072,10.078,2.048,6.202,6.826,10.853
08B1D,08,B,49,309.0,0.0,9.709,20.229,9.385,17.176,42.395,20.992,26.214,14.504,1.618,9.924,0.971,6.107,9.709,11.069
08B1E,08,B,49,224.0,0.0,10.714,20.635,6.25,17.857,48.661,20.238,21.429,13.889,2.232,10.317,4.464,6.349,6.25,10.714
08B1F,08,B,49,260.0,0.0,13.462,21.053,9.231,18.86,44.615,18.421,18.846,12.719,1.538,10.965,3.077,6.579,9.231,11.404
08B1G,08,B,49,254.0,0.0,12.992,20.779,7.874,18.615,45.669,19.048,16.929,12.987,1.181,10.823,4.724,6.494,10.63,11.255
08B1H,08,B,49,242.0,0.0,11.983,21.162,8.678,18.672,47.107,19.087,19.835,13.278,0.826,10.788,1.653,6.224,9.917,10.788
08B1I,08,B,49,284.0,0.0,19.366,20.611,16.197,17.557,22.183,20.229,23.592,14.122,5.986,10.305,1.761,6.107,10.915,11.069
08B1J,08,B,49,276.0,0.0,18.841,20.611,7.246,17.557,40.217,20.229,22.464,14.122,0.725,10.305,2.174,6.107,8.333,11.069
08B1K,08,B,49,281.0,0.0,12.811,21.053,8.541,18.86,44.484,18.421,24.555,12.719,2.135,10.965,1.068,6.579,6.406,11.404
08B1L,08,B,49,230.0,0.0,11.739,20.961,5.652,19.214,41.304,17.904,26.087,12.664,3.478,11.354,0.435,6.55,11.304,11.354
08B1M,08,B,49,338.0,0.0,13.905,21.076,7.988,19.283,41.42,17.489,22.781,12.556,2.959,11.211,2.071,6.726,8.876,11.659
08B1N,08,B,49,307.0,0.0,12.704,20.717,8.469,17.928,39.088,19.522,26.384,13.546,0.326,10.757,1.629,6.375,11.401,11.155
08B1P,08,B,49,257.0,0.0,17.899,21.401,11.673,18.677,34.63,18.677,22.179,13.23,2.335,10.895,0.389,6.226,10.895,10.895
08B1Q,08,B,49,370.0,0.0,16.216,21.212,10.541,19.481,34.865,17.749,24.324,12.554,2.703,11.255,0.541,6.494,10.811,11.255
08B1R,08,B,49,291.0,0.0,8.591,21.459,9.966,19.313,40.206,18.026,26.46,12.876,2.405,11.159,1.718,6.438,10.653,10.73
08B1S,08,B,49,291.0,0.0,14.777,21.032,12.715,19.048,37.113,18.254,21.993,13.492,3.093,11.111,1.375,6.349,8.935,10.714
08B1T,08,B,49,529.0,0.0,13.233,21.034,9.452,18.621,38.185,19.655,23.629,13.793,3.781,10.0,1.323,6.207,10.397,10.69
08B1U,08,B,49,357.0,0.0,19.888,21.371,24.65,18.952,16.527,18.548,13.165,12.903,9.244,10.887,2.241,6.452,14.286,10.887
08B1V,08,B,49,341.0,0.0,16.716,20.866,18.768,18.898,29.619,18.504,20.821,12.992,3.812,11.024,2.639,6.693,7.625,11.024
08B1W,08,B,49,320.0,0.0,18.438,21.586,10.625,19.383,35.0,17.621,22.188,12.775,1.562,11.454,2.812,6.608,9.375,10.573
08B1X,08,B,49,281.0,0.0,14.235,20.833,16.37,18.939,31.317,18.939,20.996,13.258,2.847,10.985,2.491,6.439,11.744,10.606
08B1Y,08,B,49,317.0,0.0,15.773,20.755,16.404,17.925,34.069,20.44,24.921,14.465,0.946,9.748,2.208,6.289,5.678,10.377
08B1Z,08,B,49,501.0,0.0,13.573,21.071,12.176,18.571,31.337,19.643,25.948,13.929,5.19,10.357,2.595,6.429,9.182,10.0
08B2A,08,B,50,363.0,0.0,14.325,21.171,9.366,19.369,44.628,18.018,20.11,12.613,1.653,11.261,2.755,6.757,7.163,10.811
08B2AA,08,B,50,231.0,0.0,12.121,21.121,5.628,18.966,39.827,18.966,26.407,13.362,1.299,10.776,2.597,6.466,12.121,10.345
08B2AB,08,B,50,204.0,0.0,11.275,21.101,8.333,19.725,35.784,17.431,23.529,12.385,1.961,11.468,3.431,6.881,15.686,11.009
08B2B,08,B,50,280.0,0.0,18.929,20.902,5.0,18.033,44.643,19.672,21.786,13.934,2.857,10.656,2.5,6.148,4.286,10.656
08B2C,08,B,50,248.0,0.0,10.484,20.816,8.065,17.959,43.548,20.0,22.984,13.878,0.403,10.612,0.806,6.122,13.71,10.612
08B2D,08,B,50,246.0,0.0,13.821,20.763,8.943,19.068,38.211,18.644,18.293,13.559,3.659,11.017,2.033,6.356,15.041,10.593
08B2E,08,B,50,239.0,0.0,9.205,20.565,5.439,18.548,46.025,19.355,27.197,14.113,1.674,10.484,3.347,6.048,7.113,10.887
08B2F,08,B,50,298.0,0.0,15.436,21.339,12.081,19.665,38.926,17.992,22.819,13.389,1.678,10.879,2.685,6.276,6.376,10.46
08B2G,08,B,50,265.0,0.0,15.094,21.519,13.585,19.409,27.925,18.143,26.415,13.502,1.887,10.97,3.774,6.329,11.321,10.127
08B2H,08,B,50,535.0,0.0,17.196,21.033,14.019,18.45,37.57,19.557,20.374,15.129,1.308,9.963,1.869,5.904,7.664,9.963
08B2I,08,B,50,296.0,0.0,16.892,21.121,12.162,19.397,37.5,18.534,21.622,13.362,1.689,10.776,1.689,6.466,8.446,10.345
08B2J,08,B,50,266.0,0.0,11.278,21.277,9.774,19.149,39.85,18.723,24.436,13.191,3.383,10.638,1.128,6.383,10.15,10.638
08B2K,08,B,50,273.0,0.0,15.018,20.94,7.692,19.231,41.758,18.803,24.908,13.248,1.832,10.684,1.099,6.41,7.692,10.684
08B2L,08,B,50,227.0,0.0,9.692,21.304,14.097,19.13,46.696,18.696,18.502,13.043,0.881,10.87,0.441,6.522,9.692,10.435
08B2M,08,B,50,263.0,0.0,11.407,21.364,7.985,20.0,50.951,17.727,22.053,12.727,0.38,10.909,1.521,6.818,5.703,10.455
08B2N,08,B,50,243.0,0.0,9.877,20.909,6.584,20.0,46.091,17.727,21.399,13.182,3.704,10.909,2.881,6.818,9.465,10.455
08B2P,08,B,50,231.0,0.0,10.39,20.576,9.524,18.93,33.333,18.93,29.87,13.992,2.597,10.7,2.165,6.584,12.121,10.288
08B2Q,08,B,50,294.0,0.0,11.565,20.833,9.184,18.75,37.075,18.75,22.449,13.75,2.381,10.833,3.061,6.667,14.286,10.417
08B2R,08,B,50,266.0,0.0,14.286,20.747,7.895,18.672,33.835,18.672,25.564,14.108,3.008,10.788,2.256,6.639,13.158,10.373
08B2S,08,B,50,277.0,0.0,14.079,21.277,11.913,18.723,42.599,19.149,18.412,13.617,4.693,10.638,1.083,6.383,7.22,10.213
08B2T,08,B,50,249.0,0.0,9.237,21.659,10.442,19.816,44.177,17.972,20.08,11.982,5.221,11.06,2.41,6.912,8.434,10.599
08B2U,08,B,50,284.0,0.0,28.521,21.074,9.155,19.008,21.479,19.421,26.056,13.636,4.577,10.331,1.761,6.198,8.451,10.331
08B2V,08,B,50,409.0,0.0,16.626,21.245,10.269,17.216,35.941,20.879,24.939,14.652,3.912,9.524,0.733,6.227,7.579,10.256
08B2W,08,B,50,235.0,0.0,11.915,21.61,7.66,18.644,47.66,19.492,21.702,13.559,2.128,10.593,2.553,5.932,6.383,10.169
08B2X,08,B,50,249.0,0.0,13.253,21.339,8.032,18.828,42.972,19.665,26.506,13.389,1.606,10.46,1.606,5.858,6.024,10.46
08B2Y,08,B,50,244.0,0.0,13.934,22.12,11.885,20.276,30.738,17.512,24.59,11.982,4.918,11.06,2.459,6.452,11.475,10.599
08B2Z,08,B,50,386.0,0.0,10.363,21.538,5.699,18.077,41.969,20.769,29.534,14.231,1.036,9.615,2.591,5.769,8.808,10.0
08B3A,08,B,51,498.0,0.0,15.663,21.79,10.843,17.899,40.964,20.233,20.08,14.008,2.61,10.117,1.406,5.837,8.434,10.117
08B3B,08,B,51,265.0,0.0,12.075,21.519,14.717,18.987,35.849,19.409,21.132,13.502,2.642,10.549,1.887,5.907,11.698,10.127
08B3C,08,B,51,242.0,0.0,12.81,21.519,8.264,18.987,41.322,19.409,25.62,13.502,1.24,10.549,1.24,5.907,9.504,10.127
08B3D,08,B,51,267.0,0.0,18.352,21.519,9.363,18.987,38.202,19.409,20.599,13.502,3.745,10.549,1.498,5.907,8.24,10.127
08B3E,08,B,51,421.0,0.0,12.589,21.352,5.226,16.726,40.143,21.708,26.603,15.302,3.088,9.609,2.375,5.694,9.976,9.609
08B3F,08,B,51,239.0,0.0,11.297,21.645,5.439,19.481,51.883,18.615,19.247,12.554,3.347,10.823,1.674,6.494,7.113,10.39
08B3G,08,B,51,496.0,0.0,25.202,24.771,36.895,20.795,10.081,12.844,8.669,11.315,6.855,13.15,3.024,7.339,9.274,9.786
08B3H,08,B,51,406.0,0.0,30.542,25.266,32.02,21.011,8.374,11.968,8.867,11.17,6.158,13.298,2.463,7.447,11.576,9.84
08B3I,08,B,51,512.0,0.0,21.094,22.541,23.438,21.721,17.969,17.213,15.039,11.475,8.398,11.475,1.953,6.148,12.109,9.426
08B3J,08,B,51,523.0,0.0,25.048,23.106,32.314,22.348,16.061,15.53,6.119,10.606,6.119,12.5,2.677,7.197,11.663,8.712
08B3K,08,B,51,430.0,0.0,26.279,24.286,29.302,20.857,15.581,14.286,11.628,10.286,4.651,13.429,3.023,7.714,9.535,9.143
08B3L,08,B,51,256.0,0.0,25.781,22.957,39.844,21.012,4.688,15.564,3.125,10.895,11.328,12.451,4.297,7.004,10.938,10.117
08B3M,08,B,51,233.0,0.0,26.609,22.619,34.335,20.635,8.584,16.27,7.296,11.508,8.584,12.302,4.721,6.746,9.871,9.921
08B3N,08,B,51,500.0,0.0,20.0,22.867,30.0,20.478,16.4,16.041,12.4,11.604,7.4,12.628,3.0,6.826,10.8,9.556
08B3P,08,B,51,425.0,0.0,19.765,22.727,20.0,20.28,22.588,16.084,20.0,11.538,5.176,12.587,4.0,6.993,8.471,9.79
08B3Q,08,B,51,459.0,0.0,15.251,22.483,15.686,20.134,25.054,18.121,22.876,12.752,6.536,10.738,2.179,5.369,12.418,10.403
08B3R,08,B,51,445.0,0.0,22.472,22.269,16.18,20.588,33.708,17.647,15.056,12.185,2.472,11.345,1.798,5.882,8.315,10.084
08B3S,08,B,51,352.0,0.0,14.773,22.594,13.068,20.502,31.25,17.573,20.455,12.134,3.977,11.297,3.125,5.858,13.352,10.042
08B4A,08,B,52,320.0,0.0,26.875,22.308,42.812,22.692,9.062,15.769,5.625,11.154,4.688,12.308,3.438,6.923,7.5,8.846
08B4B,08,B,52,521.0,0.0,25.528,24.013,35.509,23.684,11.132,14.474,6.142,9.539,9.405,13.487,3.839,7.237,8.445,7.566
08B4C,08,B,52,378.0,0.0,31.217,23.108,46.825,21.912,4.497,15.538,1.587,10.757,9.259,12.351,3.175,7.171,3.439,9.163
08B4D,08,B,52,279.0,0.0,26.165,23.529,49.104,21.961,5.735,15.294,3.943,10.588,7.885,12.549,3.943,7.059,3.226,9.02
08B4E,08,B,52,340.0,0.0,24.706,22.963,37.059,22.963,9.118,15.556,3.824,10.0,8.529,13.333,6.176,7.407,10.588,7.778
08B4F,08,B,52,403.0,0.0,26.055,22.78,44.417,22.78,7.444,15.444,3.97,10.425,6.7,13.127,4.963,7.336,6.452,8.108
08B4G,08,B,52,553.0,0.0,21.881,23.955,46.112,25.905,7.414,13.37,3.797,8.357,8.861,13.092,5.787,8.078,6.148,7.242
08B4H,08,B,52,334.0,0.0,26.347,22.925,51.497,23.32,4.192,15.415,3.293,10.277,6.287,12.253,4.491,7.115,3.892,8.696
08B4I,08,B,52,388.0,0.0,21.907,22.957,53.608,23.346,5.412,15.175,1.804,10.117,7.216,12.451,4.897,7.393,5.155,8.56
08B4J,08,B,52,350.0,0.0,26.571,22.689,51.429,22.689,5.429,15.966,4.0,10.504,6.0,12.185,2.857,7.143,3.714,8.824
08B4K,08,B,52,309.0,0.0,31.392,23.704,40.129,22.963,6.149,14.444,6.149,9.63,7.12,12.963,1.618,7.778,7.443,8.519
08B4L,08,B,52,254.0,0.0,29.134,22.87,44.488,21.525,4.724,16.143,3.543,10.762,5.906,12.556,5.118,6.726,7.087,9.417
08B4M,08,B,52,234.0,0.0,26.923,24.46,45.726,21.583,4.274,14.388,4.274,10.072,9.402,14.029,3.419,7.194,5.983,8.273
08B4N,08,B,52,280.0,0.0,31.786,23.792,39.643,22.677,6.071,14.498,2.857,9.665,7.143,13.011,5.714,7.807,6.786,8.55
08B4P,08,B,52,215.0,0.0,35.814,23.695,36.744,22.892,2.791,14.859,2.326,10.04,9.767,12.851,3.256,7.229,9.302,8.434
08B4Q,08,B,52,312.0,0.0,35.256,23.6,42.308,22.8,6.41,14.8,3.526,10.0,5.449,13.2,1.603,7.2,5.449,8.4
08B4R,08,B,52,272.0,0.0,33.824,23.944,40.809,22.887,1.471,14.085,3.676,9.155,7.721,13.38,4.412,8.099,8.088,8.451
08B4S,08,B,52,221.0,0.0,31.674,23.111,50.226,21.333,2.715,16.0,2.262,11.111,5.43,12.444,1.357,6.667,6.335,9.333
08B4T,08,B,52,281.0,0.0,30.961,24.653,34.875,22.569,3.203,13.889,7.829,9.375,13.167,14.236,3.559,7.639,6.406,7.639
08B4U,08,B,52,220.0,0.0,32.727,23.256,34.545,22.868,2.727,14.729,3.636,10.078,15.455,12.791,1.818,7.364,9.091,8.915
08B4V,08,B,52,412.0,0.0,33.738,25.867,35.68,24.0,2.913,12.267,2.913,8.267,11.165,14.933,2.913,6.667,10.68,8.0
08B4W,08,B,52,350.0,0.0,24.286,23.985,41.429,23.616,5.714,14.391,3.714,9.594,12.857,13.284,3.714,7.38,8.286,7.749
08B4X,08,B,52,249.0,0.0,34.137,23.009,40.964,21.681,3.213,15.929,1.606,10.619,8.434,12.389,4.016,7.08,7.631,9.292
08B4Y,08,B,52,266.0,0.0,34.962,22.907,38.346,22.026,2.256,15.859,3.008,10.573,10.902,12.335,1.128,7.048,9.398,9.251
08B4Z,08,B,52,373.0,0.0,32.708,24.823,42.359,23.05,4.558,14.184,1.609,9.574,5.898,13.83,3.485,6.383,9.383,8.156
08B5A,08,B,53,212.0,0.0,23.113,22.87,31.604,21.525,16.509,16.592,7.075,10.762,7.075,12.108,4.717,6.726,9.906,9.417
08B5AA,08,B,53,266.0,0.0,25.94,22.353,29.323,22.353,18.421,16.078,6.015,10.98,4.135,12.549,6.391,7.059,9.774,8.627
08B5AB,08,B,53,315.0,0.0,30.476,23.305,30.476,21.186,17.778,16.525,5.397,11.017,5.079,12.288,5.079,6.78,5.714,8.898
08B5AC,08,B,53,291.0,0.0,36.082,22.523,24.399,21.171,19.244,16.667,6.873,11.261,4.467,12.162,1.718,6.757,7.216,9.459
08B5B,08,B,53,304.0,0.0,34.211,23.81,40.461,21.429,8.882,16.27,3.618,10.714,4.605,12.302,2.961,6.746,5.263,8.73
08B5C,08,B,53,296.0,0.0,29.392,23.109,32.432,21.429,17.568,15.966,6.081,10.924,5.068,12.185,3.716,7.143,5.743,9.244
08B5D,08,B,53,515.0,0.0,26.214,23.42,41.553,22.677,5.437,15.242,5.243,10.037,8.155,13.011,4.272,7.435,9.126,8.178
08B5E,08,B,53,290.0,0.0,29.31,24.296,33.448,21.831,7.241,16.197,4.828,10.211,12.414,12.676,2.414,6.69,10.345,8.099
08B5F,08,B,53,513.0,0.0,26.706,22.689,45.029,22.269,13.84,15.966,1.559,10.504,2.339,12.605,7.212,7.143,3.314,8.824
08B5G,08,B,53,393.0,0.0,22.646,22.609,45.802,22.174,10.178,16.522,4.835,10.87,6.87,12.174,4.326,6.957,5.344,8.696
08B5H,08,B,53,290.0,0.0,31.034,22.511,37.931,22.078,4.138,16.45,1.379,10.823,11.724,12.554,3.448,6.926,10.345,8.658
08B5I,08,B,53,305.0,0.0,28.525,22.785,48.525,22.363,3.934,16.034,1.967,10.549,8.852,12.658,2.295,7.173,5.902,8.439
08B5J,08,B,53,322.0,0.0,21.118,22.511,49.689,22.511,5.901,16.017,2.484,10.823,9.006,12.554,6.211,6.926,5.59,8.658
08B5K,08,B,53,326.0,0.0,24.54,22.845,46.626,22.414,8.589,15.948,3.067,10.776,7.055,12.5,4.908,6.897,5.215,8.621
08B5L,08,B,53,386.0,0.0,21.244,22.977,46.114,25.243,6.736,14.239,3.627,9.061,10.363,13.269,4.663,8.414,7.254,6.796
08B5M,08,B,53,296.0,0.0,24.662,22.807,44.257,22.368,5.743,16.228,2.703,10.965,8.446,12.281,6.081,7.018,8.108,8.333
08B5N,08,B,53,366.0,0.0,28.142,23.013,50.546,23.013,4.645,15.9,2.732,10.46,5.738,12.552,5.191,7.113,3.005,7.95
08B5P,08,B,53,326.0,0.0,26.994,22.541,50.0,22.951,5.828,15.984,1.534,10.246,5.521,12.705,3.374,7.787,6.748,7.787
08B5Q,08,B,53,373.0,0.0,20.375,22.764,52.279,23.171,7.507,15.854,2.681,10.163,4.558,12.602,6.971,7.724,5.63,7.724
08B5R,08,B,53,536.0,0.0,27.052,22.917,43.843,24.306,8.396,14.931,1.306,9.375,7.836,13.542,4.851,7.292,6.716,7.639
08B5S,08,B,53,257.0,0.0,25.681,22.222,47.082,21.759,7.782,16.667,2.724,11.111,4.669,12.5,5.837,6.944,6.226,8.796
08B5T,08,B,53,412.0,0.0,31.068,22.419,40.291,24.484,6.311,13.864,2.913,8.85,8.738,14.454,2.427,7.375,8.252,8.555
08B5U,08,B,53,245.0,0.0,22.041,22.326,48.163,21.86,4.49,16.744,1.224,11.163,9.796,12.093,5.714,6.977,8.571,8.837
08B5V,08,B,53,287.0,0.0,27.526,22.269,45.645,22.269,5.923,15.966,2.091,10.504,5.923,13.025,4.878,7.143,8.014,8.824
08B5W,08,B,53,505.0,0.0,24.554,22.727,44.554,24.242,5.941,15.152,2.178,9.848,11.683,12.879,4.95,7.197,6.139,7.955
08B5X,08,B,53,443.0,0.0,27.088,23.775,48.984,26.225,5.869,12.255,2.709,8.578,8.126,13.971,2.935,8.333,4.289,6.863
08B5Y,08,B,53,259.0,0.0,20.463,22.747,49.421,22.747,5.405,15.88,3.089,10.73,9.653,12.446,2.317,7.296,9.653,8.155
08B5Z,08,B,53,195.0,0.0,24.615,22.172,48.205,22.172,7.179,16.29,3.59,11.312,6.667,12.217,3.077,7.24,6.667,8.597
08B6A,08,B,54,325.0,0.0,23.692,22.553,51.077,23.404,4.923,15.319,4.923,10.638,6.154,12.34,4.615,7.66,4.615,8.085
08B6AA,08,B,54,293.0,0.0,23.891,22.374,59.386,22.831,3.072,15.982,2.389,10.959,3.754,11.872,3.754,7.306,3.754,8.676
08B6B,08,B,54,291.0,0.0,28.179,22.271,43.643,23.144,7.56,15.721,2.062,10.917,7.216,12.227,5.842,7.424,5.498,8.297
08B6C,08,B,54,249.0,0.0,26.104,22.477,47.791,22.477,5.221,16.055,5.622,11.009,4.819,11.927,4.016,7.339,6.426,8.716
08B6D,08,B,54,535.0,0.0,27.664,23.194,45.234,24.715,5.047,14.449,1.682,9.506,7.664,13.308,5.421,7.605,7.29,7.224
08B6E,08,B,54,478.0,0.0,26.987,22.807,44.77,25.263,5.021,14.386,2.092,9.123,7.741,13.333,4.812,7.719,8.577,7.368
08B6F,08,B,54,276.0,0.0,31.522,22.458,42.754,23.305,6.159,15.678,0.0,10.593,8.696,12.288,5.435,7.627,5.435,8.051
08B6G,08,B,54,265.0,0.0,20.0,22.273,55.094,22.727,3.396,16.364,2.642,10.909,4.906,11.818,4.151,7.273,9.811,8.636
08B6H,08,B,54,157.0,0.0,21.019,22.685,39.49,21.759,9.554,16.667,8.28,11.111,11.465,12.037,3.185,6.944,7.006,8.796
08B6I,08,B,54,224.0,0.0,29.911,21.901,48.214,23.967,5.357,15.702,2.232,10.331,8.929,12.81,1.786,7.438,3.571,7.851
08B6J,08,B,54,451.0,0.0,24.834,22.222,45.898,22.685,8.204,16.667,2.661,11.111,6.652,12.037,3.769,6.944,7.982,8.333
08B6K,08,B,54,429.0,0.0,23.077,22.179,47.786,24.514,4.429,14.786,2.797,10.117,11.888,13.23,3.497,7.393,6.527,7.782
08B6L,08,B,54,343.0,0.0,25.073,22.3,43.44,25.087,7.58,14.286,2.041,9.408,9.038,13.589,4.373,8.014,8.455,7.317
08B6M,08,B,54,546.0,0.0,27.106,22.266,46.886,24.609,6.41,15.625,3.297,10.156,7.143,12.891,4.579,7.422,4.579,7.031
08B6N,08,B,54,429.0,0.0,28.904,23.051,42.424,25.424,6.294,13.898,3.03,9.153,6.294,13.559,4.429,7.458,8.625,7.458
08B6P,08,B,54,478.0,0.0,25.941,22.593,47.908,25.556,5.439,14.815,2.301,9.63,6.904,13.333,3.975,7.407,7.531,6.667
08B6Q,08,B,54,294.0,0.0,33.673,22.892,37.415,23.695,4.762,15.261,3.401,10.04,11.565,12.851,4.762,7.631,4.422,7.631
08B6R,08,B,54,351.0,0.0,25.356,22.222,50.712,22.685,6.838,16.667,1.14,11.111,7.692,12.037,4.558,6.944,3.704,8.333
08B6S,08,B,54,357.0,0.0,22.689,21.963,47.619,22.43,5.882,16.822,3.081,11.215,8.964,12.15,4.202,7.009,7.563,8.411
08B6T,08,B,54,258.0,0.0,23.256,22.078,44.186,23.377,9.69,16.017,1.938,10.823,8.915,12.554,5.814,7.359,6.202,7.792
08B6U,08,B,54,263.0,0.0,22.814,22.222,51.711,23.111,9.886,16.444,0.76,11.111,5.703,12.444,3.802,7.111,5.323,7.556
08B6V,08,B,54,291.0,0.0,19.244,22.363,54.639,23.629,5.155,16.034,4.467,10.549,5.155,12.658,3.78,7.595,7.56,7.173
08B6W,08,B,54,341.0,0.0,21.994,22.222,52.493,23.111,6.745,16.444,4.106,11.111,3.812,12.444,5.865,7.111,4.985,7.556
08B6X,08,B,54,358.0,0.0,23.464,22.477,45.81,22.477,8.101,16.514,1.676,11.009,7.821,12.385,7.263,7.339,5.866,7.798
08B6Y,08,B,54,444.0,0.0,30.405,24.219,36.261,23.828,4.955,14.844,3.604,10.156,10.811,13.672,4.279,7.422,9.685,5.859
08B6Z,08,B,54,302.0,0.0,24.834,24.046,44.371,23.664,4.967,14.885,1.656,10.305,11.921,12.977,1.656,7.252,10.596,6.87
08W101,08,W,49,311.0,1004.0,15.756,17.416,10.289,4.682,32.797,34.644,28.617,25.094,2.251,3.184,1.608,2.622,8.682,12.36
08W102,08,W,49,368.0,1081.0,16.848,17.137,7.88,4.52,36.141,35.028,25.815,23.54,2.446,4.52,1.087,3.013,9.783,12.241
08W103,08,W,49,376.0,1027.0,12.766,17.91,7.979,5.41,44.947,34.888,20.479,24.627,3.457,4.291,1.596,2.052,8.777,10.821
08W104,08,W,49,328.0,995.0,15.244,17.877,7.317,4.842,38.72,37.803,28.354,22.905,1.22,3.352,1.22,2.607,7.927,10.615
08W105,08,W,49,373.0,1018.0,12.064,17.97,8.043,4.228,37.802,34.461,28.954,23.89,2.949,4.863,1.34,1.903,8.847,12.685
08W106,08,W,49,415.0,1033.0,11.084,14.643,13.494,8.214,33.012,35.714,27.47,23.929,1.446,6.964,1.205,2.857,12.289,7.679
08W107,08,W,49,398.0,1044.0,11.055,16.212,4.774,4.266,39.196,32.765,30.402,26.451,3.769,5.802,0.251,1.877,10.553,12.628
08W108,08,W,49,315.0,991.0,14.286,17.881,6.984,5.298,40.635,32.45,27.302,23.4,0.952,6.623,1.905,1.987,7.937,12.362
08W109,08,W,49,332.0,1021.0,11.145,19.703,8.133,4.237,35.542,28.602,26.807,27.754,3.916,5.932,2.41,2.754,12.048,11.017
08W110,08,W,49,340.0,1001.0,13.529,16.736,12.941,7.741,39.706,34.31,21.471,24.059,2.059,5.649,1.765,2.301,8.529,9.205
08W111,08,W,49,305.0,959.0,12.787,18.908,10.82,5.042,39.344,31.513,23.934,24.37,2.951,6.513,2.623,2.941,7.541,10.714
08W112,08,W,49,294.0,1137.0,15.646,16.524,10.884,6.652,31.973,27.253,23.469,25.322,5.442,9.657,1.361,2.146,11.224,12.446
08W113,08,W,49,355.0,1046.0,10.986,17.553,6.479,4.787,33.521,31.738,32.676,26.241,4.789,5.851,1.127,1.596,10.423,12.234
08W114,08,W,49,303.0,988.0,14.851,19.214,5.281,5.24,39.274,29.913,25.083,25.328,2.31,5.895,1.32,2.183,11.881,12.227
08W115,08,W,49,335.0,974.0,14.627,18.04,11.343,6.013,28.955,27.84,30.746,24.944,2.388,7.572,2.09,2.895,9.851,12.695
08W116,08,W,49,310.0,1127.0,13.548,16.507,6.774,4.798,35.484,31.286,31.613,27.447,2.581,5.758,0.968,1.919,9.032,12.284
08W117,08,W,49,384.0,1066.0,13.802,16.555,10.156,6.711,29.427,28.412,33.073,25.503,2.865,8.501,1.823,2.013,8.854,12.304
08W118,08,W,49,360.0,983.0,13.056,17.623,11.389,6.762,30.556,25.41,28.056,25.41,5.833,9.016,1.667,3.074,9.444,12.705
08W119,08,W,49,302.0,1048.0,14.238,16.424,6.954,4.99,34.768,30.353,29.801,28.898,3.974,6.445,2.649,1.455,7.616,11.435
08W120,08,W,49,362.0,1040.0,12.155,17.333,9.945,4.952,34.53,29.333,28.177,26.476,1.934,6.476,1.381,2.286,11.878,13.143
08W121,08,W,49,349.0,1094.0,17.192,17.995,9.456,7.289,28.367,28.246,25.501,25.968,6.304,6.834,1.433,2.278,11.748,11.39
08W122,08,W,49,272.0,872.0,16.176,20.982,10.662,3.795,28.309,28.795,24.632,25.0,5.515,6.25,2.206,2.009,12.5,13.17
08W123,08,W,49,290.0,1049.0,19.31,21.316,20.69,13.684,17.586,14.474,14.483,14.474,12.414,15.526,4.138,5.789,11.379,14.737
08W124,08,W,49,346.0,926.0,17.052,23.158,7.225,3.368,32.948,26.316,30.347,24.632,1.734,7.158,0.867,1.895,9.827,13.474
08W125,08,W,49,351.0,1060.0,11.966,17.871,11.396,6.426,23.932,28.715,31.054,24.096,8.547,7.831,1.709,2.61,11.396,12.45
08W126,08,W,49,305.0,933.0,15.738,16.807,9.836,7.143,34.754,28.151,24.918,24.37,4.262,8.613,1.967,2.941,8.525,11.975
08W127,08,W,49,313.0,1124.0,17.252,21.645,14.377,8.009,26.198,20.13,22.684,22.727,5.751,11.688,1.278,3.463,12.46,12.338
08W128,08,W,49,282.0,913.0,13.475,22.563,12.766,8.635,26.95,18.942,27.305,26.741,7.092,7.799,0.355,2.228,12.057,13.092
08W129,08,W,49,331.0,992.0,16.616,19.68,10.876,8.009,31.722,26.087,26.888,23.112,4.532,9.84,0.906,3.204,8.459,10.069
08W130,08,W,49,363.0,994.0,17.906,18.996,14.876,9.389,23.967,22.489,25.344,22.926,5.234,10.48,2.755,3.275,9.917,12.445
08W131,08,W,49,207.0,807.0,15.459,22.792,9.179,9.402,27.536,19.088,24.155,25.926,8.696,8.832,3.382,2.849,11.594,11.111
08W201,08,W,50,388.0,1206.0,14.948,18.924,12.629,5.777,38.918,32.669,21.392,23.506,2.062,5.378,2.835,2.191,7.216,11.554
08W202,08,W,50,376.0,1068.0,16.489,17.481,7.181,4.884,31.915,28.535,29.255,25.45,4.521,7.969,1.33,1.542,9.309,14.139
08W203,08,W,50,294.0,901.0,16.327,16.797,12.925,5.078,36.395,32.812,24.49,25.781,3.061,4.688,1.02,1.953,5.782,12.891
08W204,08,W,50,343.0,980.0,14.286,15.574,8.163,5.123,37.901,30.123,27.697,27.459,3.499,6.148,1.749,2.254,6.706,13.32
08W205,08,W,50,325.0,1004.0,9.231,15.675,8.0,4.563,40.0,30.357,26.462,28.968,3.077,5.159,1.846,2.778,11.385,12.5
08W206,08,W,50,295.0,1031.0,13.559,21.016,5.763,5.543,36.61,29.792,28.475,24.018,4.746,6.467,1.356,2.309,9.492,10.855
08W207,08,W,50,305.0,974.0,11.475,16.49,5.902,6.977,31.803,27.061,36.721,26.638,1.967,6.977,2.623,2.114,9.508,13.742
08W208,08,W,50,283.0,975.0,16.961,18.705,8.834,4.556,38.516,28.777,23.675,27.578,3.534,7.434,1.06,2.398,7.42,10.552
08W209,08,W,50,313.0,949.0,14.696,21.717,7.987,4.798,27.796,27.778,32.907,23.232,2.236,7.323,1.917,3.535,12.46,11.616
08W210,08,W,50,290.0,1027.0,18.621,25.243,15.172,6.311,25.172,22.816,22.759,19.175,6.552,8.981,1.724,3.883,10.0,13.592
08W211,08,W,50,313.0,1046.0,17.572,19.182,9.265,7.417,33.866,25.32,22.364,24.041,6.39,8.44,2.556,2.558,7.987,13.043
08W212,08,W,50,335.0,1073.0,19.701,18.164,8.955,6.387,36.119,26.747,25.373,27.944,1.493,4.99,0.896,2.196,7.463,13.573
08W213,08,W,50,328.0,1066.0,12.195,16.022,7.317,4.42,32.927,28.913,32.012,25.783,3.963,7.919,0.915,2.394,10.671,14.549
08W214,08,W,50,347.0,1014.0,13.256,17.105,5.476,5.451,36.023,28.947,33.718,26.316,2.305,6.579,1.441,2.256,7.781,13.346
08W215,08,W,50,416.0,1009.0,12.26,13.32,10.337,8.687,33.654,28.571,30.769,26.255,3.365,7.915,1.202,1.158,8.413,14.093
08W216,08,W,50,387.0,1014.0,12.661,14.684,7.494,7.249,38.501,29.926,26.357,24.721,5.685,8.922,1.034,1.673,8.269,12.825
08W217,08,W,50,407.0,1092.0,12.039,17.073,11.548,5.253,35.381,28.705,25.799,24.765,3.931,9.381,1.474,3.002,9.828,11.82
08W218,08,W,50,357.0,1026.0,15.686,15.838,8.123,5.525,31.933,29.282,27.171,27.256,4.202,8.656,0.84,2.394,12.045,11.05
08W219,08,W,50,371.0,1010.0,14.825,15.534,14.016,4.854,30.189,31.068,23.45,26.99,5.121,7.767,1.617,1.942,10.782,11.845
08W220,08,W,50,348.0,1071.0,13.506,19.612,7.184,5.437,37.931,28.738,22.701,22.33,5.46,6.602,2.586,2.33,10.632,14.951
08W221,08,W,50,316.0,1037.0,13.291,14.943,6.013,2.989,38.291,30.805,27.848,27.586,2.848,6.897,1.582,2.759,10.127,14.023
08W222,08,W,50,282.0,1020.0,8.511,15.952,11.348,3.333,31.915,30.0,34.043,28.095,3.901,6.905,1.064,2.381,9.22,13.333
08W223,08,W,50,238.0,1023.0,20.168,30.133,27.311,11.2,12.185,15.2,21.429,21.333,7.143,8.267,2.101,3.2,9.664,10.667
08W224,08,W,50,323.0,1110.0,17.337,23.81,17.957,10.952,17.957,17.857,26.316,22.381,10.526,9.762,1.548,4.048,8.359,11.19
08W225,08,W,50,318.0,993.0,19.182,28.306,16.038,7.657,28.931,24.362,21.384,17.401,3.774,9.281,1.887,3.248,8.805,9.745
08W226,08,W,50,331.0,951.0,12.387,17.063,4.834,5.832,34.139,28.942,32.024,27.214,4.23,6.263,1.813,1.944,10.574,12.743
08W227,08,W,50,370.0,983.0,16.486,16.97,7.838,7.273,33.784,27.677,25.405,24.242,3.514,6.465,1.892,2.424,11.081,14.949
08W228,08,W,50,277.0,887.0,13.357,18.428,7.942,4.668,31.769,28.747,29.964,27.764,3.61,6.388,1.444,1.966,11.913,12.039
08W229,08,W,50,306.0,1085.0,14.052,17.54,10.131,4.556,32.026,28.702,28.431,28.702,2.941,6.834,0.654,1.367,11.765,12.301
08W230,08,W,50,313.0,931.0,12.141,18.182,7.987,4.091,32.588,27.727,30.351,27.045,5.112,7.045,2.875,2.955,8.946,12.955
08W231,08,W,50,324.0,845.0,16.975,19.652,10.802,6.219,28.704,27.861,28.395,25.871,2.16,5.97,0.926,1.244,12.037,13.184
08W301,08,W,51,332.0,889.0,12.952,16.701,9.337,6.054,40.06,26.931,25.602,21.921,5.12,8.142,1.807,2.505,5.12,17.745
08W302,08,W,51,307.0,917.0,13.029,17.008,9.121,6.557,37.459,26.434,25.081,27.459,4.235,6.148,1.629,2.869,9.446,13.525
08W303,08,W,51,303.0,998.0,15.842,20.087,6.931,5.677,33.003,24.017,29.703,27.074,4.95,7.205,1.98,1.747,7.591,14.192
08W304,08,W,51,345.0,975.0,15.652,19.406,8.696,5.936,37.101,25.114,24.928,26.256,4.928,7.534,0.87,1.142,7.826,14.612
08W305,08,W,51,315.0,991.0,11.111,17.897,10.159,6.04,32.698,25.727,26.984,25.727,3.81,7.606,0.635,1.79,14.603,15.213
08W306,08,W,51,328.0,894.0,18.598,17.602,7.012,6.122,31.402,26.786,25.915,24.49,4.573,7.908,0.61,1.786,11.89,15.306
08W307,08,W,51,287.0,957.0,16.376,18.837,5.575,6.047,30.314,26.512,30.662,24.186,5.226,8.14,1.394,2.093,10.453,14.186
08W308,08,W,51,367.0,981.0,15.259,19.258,11.444,6.265,31.063,27.378,30.245,24.362,3.815,6.961,1.362,2.552,6.812,13.225
08W309,08,W,51,296.0,1148.0,33.784,36.786,22.635,16.068,6.081,8.245,19.932,15.645,6.081,12.896,2.365,3.805,9.122,6.554
08W310,08,W,51,218.0,948.0,34.862,39.589,24.771,15.543,4.128,5.279,12.844,13.196,9.174,16.129,2.294,3.226,11.927,7.038
08W311,08,W,51,350.0,941.0,21.143,35.396,32.571,17.079,14.286,8.168,11.429,13.614,7.714,14.356,3.429,4.208,9.429,7.178
08W312,08,W,51,301.0,1254.0,27.907,34.945,26.246,16.484,4.983,7.253,13.289,10.549,12.957,17.143,2.658,4.176,11.96,9.451
08W313,08,W,51,226.0,1211.0,34.071,39.211,32.743,13.158,4.425,6.053,11.062,14.737,7.965,16.842,1.77,1.842,7.965,8.158
08W314,08,W,51,203.0,1206.0,33.005,32.821,20.69,11.282,5.419,6.923,14.286,15.385,13.3,20.513,2.463,2.308,10.837,10.769
08W315,08,W,51,220.0,1265.0,15.909,19.841,13.636,6.878,19.091,20.635,30.455,25.397,6.364,9.788,2.273,3.704,12.273,13.757
08W316,08,W,51,270.0,993.0,25.556,25.792,27.778,18.552,11.481,10.633,8.519,9.502,12.963,19.91,2.222,5.882,11.481,9.729
08W317,08,W,51,286.0,901.0,24.476,26.35,35.664,19.006,8.392,10.583,6.294,8.207,14.685,19.654,2.448,6.911,8.042,9.287
08W318,08,W,51,296.0,981.0,18.581,27.765,29.054,16.253,21.284,12.415,8.446,9.255,10.135,18.059,4.392,4.74,8.108,11.512
08W319,08,W,51,285.0,1048.0,29.474,29.117,26.667,13.365,9.474,11.217,9.825,11.695,8.07,19.809,3.158,4.535,13.333,10.263
08W320,08,W,51,311.0,1160.0,19.614,27.594,21.865,13.245,16.077,11.038,16.399,13.024,10.611,20.309,1.286,3.974,14.148,10.817
08W321,08,W,51,260.0,1266.0,27.308,23.364,34.231,20.093,5.0,5.374,8.846,9.112,14.615,26.402,1.923,4.439,8.077,11.215
08W322,08,W,51,260.0,1294.0,25.769,31.18,28.846,15.367,9.615,6.682,9.231,10.022,12.692,20.935,2.692,7.35,11.154,8.463
08W323,08,W,51,191.0,922.0,28.796,21.898,26.178,15.085,9.948,11.436,13.613,14.112,7.853,21.411,2.094,4.38,11.518,11.679
08W324,08,W,51,290.0,1198.0,22.759,30.024,20.345,13.317,15.862,10.654,17.586,14.77,8.966,14.528,3.448,4.6,11.034,12.107
08W325,08,W,51,293.0,977.0,13.652,23.478,17.747,10.145,20.819,16.522,20.478,25.217,7.167,9.565,4.096,3.188,16.041,11.884
08W326,08,W,51,331.0,1066.0,15.106,26.5,13.897,6.75,30.816,18.0,28.399,26.5,5.438,8.75,2.719,3.25,3.625,10.25
08W327,08,W,51,496.0,1639.0,21.169,32.464,14.516,13.744,31.855,15.64,18.548,18.72,2.823,7.346,4.435,3.555,6.653,8.531
08W328,08,W,51,270.0,929.0,13.333,23.544,13.333,9.62,31.481,16.962,21.111,24.557,5.926,10.633,2.222,2.785,12.593,11.899
08W329,08,W,51,188.0,809.0,16.489,21.377,15.426,9.783,29.255,16.667,20.213,24.275,4.787,11.594,2.128,2.536,11.702,13.768
08W330,08,W,51,295.0,1036.0,13.559,22.936,12.542,8.028,24.746,17.661,22.712,21.56,8.136,12.385,4.407,2.752,13.898,14.679
08W331,08,W,51,301.0,972.0,16.279,28.767,19.269,13.356,24.917,10.959,20.266,15.068,5.98,15.411,2.99,4.795,10.299,11.644
08W401,08,W,52,302.0,1066.0,29.139,25.732,40.397,20.084,5.629,8.159,5.629,8.787,8.94,22.176,2.649,5.649,7.616,9.414
08W402,08,W,52,315.0,1046.0,26.349,28.753,36.508,15.433,8.571,8.879,2.54,6.765,11.111,23.044,4.127,7.4,10.794,9.725
08W403,08,W,52,327.0,1132.0,21.713,26.476,32.416,16.952,6.116,8.0,8.257,8.19,16.514,21.333,3.364,7.238,11.621,11.81
08W404,08,W,52,286.0,1079.0,29.371,26.243,42.657,22.664,3.846,6.561,3.846,5.567,9.441,22.465,3.846,7.753,6.993,8.748
08W405,08,W,52,294.0,1110.0,25.51,27.206,37.075,23.897,3.401,6.618,5.442,5.331,13.946,21.691,4.082,8.088,10.544,7.169
08W406,08,W,52,348.0,1189.0,27.011,26.891,36.494,20.168,6.609,8.193,5.46,7.353,14.08,21.218,2.874,7.353,7.471,8.824
08W407,08,W,52,281.0,1165.0,23.843,27.922,37.011,22.078,6.762,7.359,6.762,7.143,13.523,20.563,4.626,7.576,7.473,7.359
08W408,08,W,52,289.0,878.0,21.453,27.373,33.564,23.4,12.457,7.947,8.304,7.506,13.149,17.439,2.768,8.168,8.304,8.168
08W409,08,W,52,357.0,952.0,22.129,27.049,47.619,26.025,5.322,7.582,5.322,6.967,8.683,18.033,4.762,7.582,6.162,6.762
08W410,08,W,52,372.0,1003.0,22.849,25.549,47.581,31.138,8.333,7.385,4.57,5.788,7.258,18.563,3.763,6.986,5.645,4.591
08W411,08,W,52,331.0,1003.0,18.429,25.794,55.891,30.952,4.532,6.944,2.719,5.357,8.157,19.048,5.74,7.143,4.532,4.762
08W412,08,W,52,297.0,1053.0,21.212,26.923,43.771,27.137,5.724,5.983,5.724,4.06,11.785,20.513,1.684,7.906,10.101,7.479
08W413,08,W,52,304.0,1083.0,29.276,28.908,40.132,22.912,4.605,5.782,4.605,6.638,9.868,18.844,2.632,8.565,8.882,8.351
08W414,08,W,52,282.0,967.0,32.979,29.245,38.652,22.642,4.965,6.132,4.965,5.896,8.156,19.104,3.191,8.019,7.092,8.962
08W415,08,W,52,317.0,1287.0,26.498,25.11,38.486,24.009,4.101,3.965,3.47,5.066,14.826,25.11,4.416,8.59,8.202,8.15
08W416,08,W,52,339.0,1098.0,26.254,24.847,41.593,23.829,3.245,7.943,3.54,4.277,14.454,23.422,4.72,8.35,6.195,7.332
08W417,08,W,52,306.0,1042.0,30.392,30.87,39.869,24.13,2.288,3.478,6.209,8.261,11.111,18.696,1.961,7.391,8.17,7.174
08W418,08,W,52,285.0,1067.0,22.807,32.579,48.421,22.851,3.86,3.846,7.719,8.371,8.421,17.421,3.509,7.466,5.263,7.466
08W419,08,W,52,366.0,1175.0,30.874,28.835,38.525,23.66,3.005,4.806,6.011,6.285,13.388,21.627,3.552,6.1,4.645,8.688
08W420,08,W,52,307.0,1045.0,26.384,29.187,34.528,22.967,4.235,5.502,5.863,5.981,16.612,20.335,3.909,8.373,8.469,7.656
08W421,08,W,52,200.0,1077.0,35.5,31.629,27.0,20.128,4.0,3.834,9.5,9.904,12.0,19.808,2.5,4.792,9.5,9.904
08W422,08,W,52,280.0,1058.0,28.571,32.488,39.643,23.041,4.286,5.76,6.429,4.378,12.857,20.046,1.071,5.3,7.143,8.986
08W423,08,W,52,302.0,897.0,31.788,30.263,35.762,21.711,2.98,4.605,7.616,7.566,10.265,22.039,4.636,4.276,6.954,9.539
08W424,08,W,52,269.0,964.0,29.74,28.809,33.829,17.729,3.717,6.371,4.833,11.634,18.587,22.161,2.602,4.155,6.691,9.141
08W425,08,W,52,237.0,1085.0,21.519,29.095,32.068,14.181,4.641,5.379,8.439,9.046,21.519,26.161,2.11,5.868,9.705,10.269
08W426,08,W,52,236.0,877.0,21.61,29.703,42.797,22.772,3.814,8.251,5.508,5.281,14.831,16.832,5.508,8.581,5.932,8.581
08W427,08,W,52,277.0,1022.0,23.827,28.668,44.404,21.219,5.054,5.643,2.166,6.546,15.523,21.445,3.971,7.675,5.054,8.804
08W428,08,W,52,314.0,1063.0,30.255,28.664,36.943,20.043,2.548,5.172,4.14,6.897,14.65,23.491,3.503,7.543,7.962,8.19
08W429,08,W,52,297.0,864.0,28.956,29.724,39.731,20.046,3.03,4.378,2.694,5.991,16.835,25.576,2.02,5.76,6.734,8.525
08W430,08,W,52,285.0,908.0,21.754,31.472,54.035,21.574,3.86,4.822,3.158,5.076,8.772,23.604,3.158,5.584,5.263,7.868
08W431,08,W,52,261.0,1194.0,32.184,31.063,24.521,16.349,7.28,7.629,9.579,8.992,16.475,21.526,3.448,5.177,6.513,9.264
08W501,08,W,53,262.0,1066.0,22.137,28.238,36.26,24.204,12.977,12.739,7.634,7.219,9.924,12.951,3.817,8.068,7.252,6.582
08W502,08,W,53,358.0,1019.0,23.184,28.974,24.581,17.103,15.642,12.274,12.849,9.658,11.732,16.901,3.631,5.231,8.38,9.859
08W503,08,W,53,309.0,842.0,28.155,27.253,22.977,14.378,17.152,20.386,10.68,11.159,8.091,12.446,3.236,5.579,9.709,8.798
08W504,08,W,53,377.0,928.0,27.321,28.221,27.586,15.746,23.077,17.587,7.958,10.634,5.04,14.315,3.714,5.521,5.305,7.975
08W505,08,W,53,287.0,986.0,27.526,27.617,30.662,24.499,16.376,12.472,6.272,6.236,8.362,14.031,2.439,6.904,8.362,8.241
08W506,08,W,53,331.0,933.0,22.961,25.949,23.867,18.776,19.033,13.924,7.855,9.494,12.387,16.034,3.021,5.274,10.876,10.549
08W507,08,W,53,265.0,1035.0,28.302,29.561,28.679,13.626,7.925,6.928,6.415,8.083,18.113,24.48,2.264,7.39,8.302,9.931
08W508,08,W,53,295.0,1221.0,23.39,24.249,27.458,14.378,4.746,5.794,8.814,8.584,19.661,25.322,4.746,6.223,11.186,15.451
08W509,08,W,53,381.0,1190.0,21.785,27.925,38.058,25.66,14.436,11.698,5.774,5.66,6.037,13.962,7.874,10.0,6.037,5.094
08W510,08,W,53,291.0,1005.0,24.742,26.316,36.426,24.402,13.402,11.722,4.467,7.177,8.247,16.986,5.155,7.416,7.56,5.981
08W511,08,W,53,261.0,965.0,20.69,25.738,40.23,24.473,6.13,9.072,6.513,6.54,13.793,20.042,3.831,7.595,8.812,6.54
08W512,08,W,53,403.0,1034.0,26.551,26.695,38.213,24.576,4.963,6.992,3.474,6.992,10.422,20.339,5.707,5.085,10.67,9.322
08W513,08,W,53,321.0,1009.0,26.168,27.22,48.91,24.903,4.05,6.371,0.623,5.985,14.33,20.849,2.181,7.722,3.738,6.95
08W514,08,W,53,296.0,880.0,25.676,19.111,38.176,27.778,4.392,9.333,3.378,7.111,13.851,21.333,5.068,7.778,9.459,7.556
08W515,08,W,53,353.0,929.0,19.83,24.59,40.227,28.689,11.331,7.582,4.816,7.172,10.765,18.033,6.232,6.557,6.799,7.377
08W516,08,W,53,317.0,994.0,23.659,25.862,28.707,27.371,9.464,7.543,8.517,8.405,14.196,16.595,4.416,6.897,11.041,7.328
08W517,08,W,53,261.0,831.0,17.625,25.765,49.042,26.531,5.747,7.398,4.215,8.929,11.494,16.071,4.598,6.888,7.28,8.418
08W518,08,W,53,353.0,893.0,31.445,29.016,38.81,25.907,4.533,7.513,3.399,6.736,12.748,16.062,3.683,7.772,5.382,6.995
08W519,08,W,53,303.0,986.0,25.413,26.667,46.205,26.875,5.281,7.917,3.3,5.0,10.231,17.292,5.281,8.958,4.29,7.292
08W520,08,W,53,331.0,924.0,18.429,22.954,47.13,29.94,6.949,10.579,1.813,3.792,14.502,19.76,6.042,8.184,5.136,4.79
08W521,08,W,53,341.0,926.0,19.648,22.247,51.026,31.057,5.865,13.216,4.692,3.744,10.264,14.537,4.399,10.793,4.106,4.405
08W522,08,W,53,323.0,868.0,22.601,24.236,41.176,25.328,10.526,8.079,5.263,9.17,9.288,17.031,3.715,8.079,7.43,8.079
08W523,08,W,53,369.0,958.0,26.016,24.684,43.902,27.426,5.42,8.439,4.878,6.118,8.401,16.667,5.42,9.916,5.962,6.751
08W524,08,W,53,287.0,904.0,24.39,23.819,39.721,23.819,2.091,10.062,4.53,7.598,14.286,18.48,3.136,7.392,11.847,8.83
08W525,08,W,53,271.0,892.0,23.985,26.512,43.173,26.744,3.69,5.814,3.321,5.581,11.808,20.465,5.535,7.209,8.487,7.674
08W526,08,W,53,401.0,944.0,24.19,24.349,44.638,28.625,6.733,9.665,2.244,4.089,10.474,17.472,4.489,10.037,7.232,5.762
08W527,08,W,53,286.0,1017.0,28.671,25.259,42.308,25.673,2.797,5.797,4.196,5.797,12.238,23.188,3.846,6.004,5.944,8.282
08W528,08,W,53,290.0,877.0,24.138,22.3,41.379,23.474,4.138,9.155,3.793,6.808,14.483,24.178,3.793,6.338,8.276,7.746
08W529,08,W,53,312.0,963.0,22.115,26.134,40.705,20.734,4.167,5.832,4.808,5.184,15.385,25.27,4.487,8.639,8.333,8.207
08W530,08,W,53,253.0,860.0,24.506,26.632,35.178,23.76,4.743,5.222,4.743,5.222,17.391,23.238,3.953,8.877,9.486,7.05
08W531,08,W,53,272.0,1035.0,29.779,22.667,31.985,20.889,1.471,5.556,6.618,9.556,16.544,26.889,3.676,7.556,9.926,6.889
08W532,08,W,53,259.0,910.0,22.78,24.406,44.788,26.35,3.475,5.184,3.475,4.32,16.988,20.086,5.405,9.071,3.089,10.583
08W533,08,W,53,307.0,840.0,22.476,23.824,34.853,24.706,8.469,8.824,7.166,7.059,12.704,20.0,4.56,8.235,9.772,7.353
08W534,08,W,53,327.0,1034.0,22.936,25.996,37.92,27.135,5.505,7.78,5.505,5.313,15.291,18.406,4.893,7.59,7.951,7.78
08W601,08,W,54,338.0,898.0,22.781,25.336,46.45,29.148,5.03,7.848,5.03,4.26,12.426,19.058,4.142,8.52,4.142,5.83
08W602,08,W,54,339.0,874.0,24.779,25.495,46.608,30.549,2.95,7.253,3.835,4.396,10.619,17.802,7.375,8.791,3.835,5.714
08W603,08,W,54,331.0,908.0,19.94,21.311,45.015,30.211,9.668,8.899,4.23,4.215,10.574,18.267,3.927,10.07,6.647,7.026
08W604,08,W,54,311.0,880.0,24.116,25.21,42.765,29.622,6.752,8.193,3.215,4.832,13.183,15.966,2.572,8.824,7.395,7.353
08W605,08,W,54,297.0,845.0,31.987,29.018,42.761,27.455,6.397,6.696,3.367,6.25,8.754,15.625,1.684,8.036,5.051,6.92
08W606,08,W,54,305.0,904.0,26.885,25.342,36.393,25.114,4.918,5.708,3.279,7.078,17.049,21.005,5.574,8.676,5.902,7.078
08W607,08,W,54,319.0,881.0,24.451,25.397,42.633,27.891,4.389,7.483,1.881,5.215,16.614,19.501,3.448,9.524,6.583,4.989
08W608,08,W,54,377.0,914.0,24.138,25.556,50.663,31.778,4.244,7.111,3.714,4.444,7.692,17.556,3.183,9.111,6.366,4.444
08W609,08,W,54,291.0,974.0,28.866,30.024,33.333,19.855,4.124,5.085,5.498,8.232,16.151,23.245,2.749,4.843,9.278,8.717
08W610,08,W,54,359.0,874.0,26.462,25.486,42.618,31.323,7.242,8.366,2.228,4.475,11.142,16.732,2.786,8.56,7.521,5.058
08W611,08,W,54,324.0,822.0,22.531,23.438,36.111,23.438,7.099,6.696,5.864,7.589,12.963,20.759,6.79,8.482,8.642,9.598
08W612,08,W,54,329.0,924.0,20.669,26.562,47.416,24.554,3.951,7.366,3.343,6.92,15.198,18.75,3.343,8.482,6.079,7.366
08W613,08,W,54,268.0,875.0,25.0,28.804,38.806,22.283,3.358,5.435,3.731,5.978,13.433,20.652,2.985,7.609,12.687,9.239
08W614,08,W,54,293.0,854.0,22.526,27.751,49.488,26.794,6.143,6.459,2.389,6.22,7.85,19.139,5.119,7.656,6.485,5.981
08W615,08,W,54,352.0,871.0,23.295,24.337,36.364,24.337,4.545,6.024,3.409,6.506,20.455,22.651,3.977,7.47,7.955,8.675
08W616,08,W,54,255.0,822.0,23.529,23.866,39.216,26.014,4.706,6.921,2.353,6.683,16.471,21.718,4.314,7.16,9.412,7.637
08W617,08,W,54,354.0,849.0,23.164,23.198,36.441,27.928,3.672,7.883,5.65,7.207,16.667,19.82,4.802,7.658,9.605,6.306
08W618,08,W,54,389.0,889.0,25.193,23.747,40.617,27.887,6.941,8.279,6.941,6.536,10.54,19.826,3.599,7.625,6.17,6.1
08W619,08,W,54,308.0,855.0,26.623,26.697,49.675,28.507,2.597,7.692,3.571,6.787,10.065,16.29,3.247,7.692,4.221,6.335
08W620,08,W,54,308.0,796.0,20.779,29.504,41.883,21.671,2.922,8.094,3.896,5.483,19.481,20.366,3.571,7.311,7.468,7.572
08W621,08,W,54,275.0,895.0,24.727,28.416,41.455,21.041,3.273,8.894,3.273,4.989,18.545,21.258,2.182,6.508,6.545,8.894
08W622,08,W,54,294.0,893.0,22.789,27.828,45.578,27.828,6.803,8.824,4.082,4.299,10.544,17.873,5.442,8.597,4.762,4.751
08W623,08,W,54,319.0,946.0,24.765,28.6,34.169,20.6,5.329,9.6,6.27,6.4,17.241,17.4,3.762,8.8,8.464,8.6
08W624,08,W,54,282.0,840.0,18.44,26.161,41.844,28.606,2.482,6.846,8.156,5.868,13.475,19.071,4.965,8.557,10.638,4.89
08W625,08,W,54,293.0,989.0,27.645,25.813,39.59,25.813,7.167,8.333,3.072,5.488,14.334,19.715,3.413,7.52,4.778,7.317
08W626,08,W,54,289.0,880.0,29.066,24.38,44.291,28.926,4.844,8.471,2.422,5.165,13.495,19.008,1.038,8.058,4.844,5.992
08W627,08,W,54,269.0,855.0,26.766,24.947,46.468,28.753,7.435,8.879,2.974,5.074,9.665,18.393,4.089,8.245,2.602,5.708
08W628,08,W,54,325.0,828.0,25.538,24.262,37.538,29.958,10.769,8.439,3.385,4.43,10.769,18.776,6.154,8.017,5.846,6.118
08W629,08,W,54,340.0,830.0,26.471,26.446,41.176,29.959,5.0,9.091,2.647,4.752,16.176,18.388,4.412,6.818,4.118,4.545
08W630,08,W,54,339.0,810.0,27.434,26.931,45.133,29.228,4.13,9.395,2.95,4.384,12.389,18.163,3.54,6.889,4.425,5.01
08W631,08,W,54,331.0,899.0,25.378,27.273,45.015,26.164,9.366,9.091,2.115,3.991,9.366,19.29,4.23,9.091,4.532,5.1
08W632,08,W,54,418.0,1113.0,19.617,24.485,48.325,25.629,5.502,6.636,3.589,7.094,10.766,21.053,7.656,8.696,4.545,6.407
08W633,08,W,54,352.0,1265.0,23.011,25.301,37.5,20.964,5.682,5.783,9.091,8.434,13.352,20.723,3.125,8.916,8.239,9.88
08W634,08,W,54,262.0,987.0,31.298,29.457,33.969,20.413,3.053,7.494,8.779,9.561,12.595,21.705,2.672,4.91,7.634,6.46
08W635,08,W,54,215.0,993.0,26.977,30.716,37.209,20.323,2.791,6.005,6.512,10.162,14.419,20.785,2.326,5.312,9.767,6.697
08W636,08,W,54,244.0,918.0,32.787,29.07,31.967,21.221,2.459,6.105,7.377,9.593,15.574,20.93,2.869,6.395,6.967,6.686
09B1A,09,B,55,652.0,0.0,12.577,19.02,12.27,9.798,38.957,19.308,22.239,25.36,3.221,10.375,2.454,3.17,8.282,12.968
09B1B,09,B,55,383.0,0.0,12.272,19.164,17.755,10.105,24.804,17.422,25.849,25.784,6.005,10.801,1.567,3.136,11.749,13.589
09B1C,09,B,55,489.0,0.0,11.656,19.63,18.405,10.0,34.56,16.667,18.814,26.296,4.294,11.481,2.658,3.333,9.611,12.593
09B1D,09,B,55,421.0,0.0,14.964,19.417,9.264,10.032,38.242,18.447,20.19,25.89,2.85,10.68,2.375,3.236,12.114,12.298
09B1E,09,B,55,361.0,0.0,13.573,19.685,12.742,10.236,34.349,16.142,23.823,25.984,2.77,11.417,3.324,3.543,9.418,12.992
09B1F,09,B,55,699.0,0.0,13.591,19.692,14.306,10.154,30.901,16.308,22.318,27.077,3.72,11.385,4.721,4.0,10.443,11.385
09B1G,09,B,55,349.0,0.0,19.484,19.718,24.928,10.211,16.905,15.845,17.479,26.761,9.742,11.62,1.146,3.873,10.315,11.972
09B1H,09,B,55,336.0,0.0,20.536,19.741,22.619,10.356,12.202,16.181,21.131,26.537,8.333,11.65,1.488,3.883,13.69,11.65
09B1I,09,B,55,353.0,0.0,16.147,20.656,19.263,10.492,18.98,14.754,19.547,27.213,9.915,11.803,2.55,3.607,13.598,11.475
09B1J,09,B,55,400.0,0.0,22.5,21.148,22.0,9.97,8.5,13.897,20.25,27.795,14.0,12.991,2.75,3.323,10.0,10.876
09B1K,09,B,55,482.0,0.0,21.369,20.879,26.763,10.256,8.091,14.652,21.162,27.106,9.751,12.454,2.905,3.297,9.959,11.355
09B1L,09,B,55,357.0,0.0,21.849,20.532,18.487,10.266,14.846,15.209,20.728,27.757,7.283,12.167,3.081,3.042,13.725,11.027
09B1M,09,B,55,418.0,0.0,14.833,20.915,12.679,10.131,26.794,14.052,23.206,28.105,5.502,13.072,3.828,3.268,13.158,10.458
09B1N,09,B,55,448.0,0.0,21.875,21.084,18.527,11.747,15.625,13.855,25.0,26.205,5.804,13.554,3.795,3.614,9.375,9.94
09B1P,09,B,55,354.0,0.0,15.819,20.992,23.446,11.069,16.384,14.885,24.859,26.718,7.91,12.595,1.695,3.435,9.887,10.305
09B1Q,09,B,55,538.0,0.0,18.773,21.429,23.606,11.801,16.171,13.975,18.959,26.398,8.364,13.354,3.903,3.416,10.223,9.627
09B1R,09,B,55,695.0,0.0,20.432,21.384,36.835,11.635,8.921,14.151,11.511,26.415,9.64,13.208,4.748,3.459,7.914,9.748
09B1S,09,B,55,530.0,0.0,15.472,20.463,14.717,10.425,25.66,15.83,23.962,27.799,6.415,11.969,3.396,3.089,10.377,10.425
09B1T,09,B,55,276.0,0.0,14.855,20.253,22.101,10.549,15.58,15.612,14.493,27.004,10.87,11.814,5.435,3.376,16.667,11.392
09B1U,09,B,55,516.0,0.0,15.116,20.819,21.318,10.58,24.031,15.017,17.248,27.986,7.752,11.945,3.876,3.413,10.659,10.239
09B1V,09,B,55,385.0,0.0,16.623,20.202,17.922,10.438,19.221,15.152,16.623,26.263,10.909,12.795,2.597,3.367,16.104,11.785
09B2A,09,B,56,563.0,0.0,23.979,21.233,31.261,12.329,12.078,8.562,14.387,25.0,7.105,16.438,2.664,3.767,8.526,12.671
09B2B,09,B,56,392.0,0.0,29.592,22.157,25.0,12.536,2.041,7.872,17.092,25.364,15.306,17.201,2.806,3.79,8.163,11.079
09B2C,09,B,56,474.0,0.0,25.738,20.504,36.92,12.23,7.384,8.633,8.439,25.18,9.494,16.547,5.485,3.597,6.54,13.309
09B2D,09,B,56,324.0,0.0,26.852,20.962,20.988,12.715,8.025,8.591,19.136,25.086,11.42,16.495,3.086,3.436,10.494,12.715
09B2E,09,B,56,573.0,0.0,22.339,20.968,22.513,12.903,11.867,8.71,15.707,25.161,9.773,16.452,4.538,3.548,13.264,12.258
09B2F,09,B,56,453.0,0.0,28.477,21.782,21.634,12.541,11.258,8.251,14.349,25.743,10.596,16.832,5.298,3.63,8.389,11.221
09B2G,09,B,56,391.0,0.0,23.018,21.201,21.228,12.721,12.02,9.187,18.926,25.088,9.207,16.608,3.836,3.534,11.765,11.661
09B2H,09,B,56,600.0,0.0,18.167,21.127,32.833,12.676,13.167,9.155,11.5,25.352,8.833,16.549,5.0,3.521,10.5,11.62
09B2I,09,B,56,549.0,0.0,25.319,21.306,27.14,13.058,9.472,9.278,14.572,25.773,10.747,16.838,2.368,3.093,10.383,10.653
09B2J,09,B,56,354.0,0.0,17.232,21.221,22.034,12.5,16.667,9.884,14.689,25.291,12.147,16.86,3.672,3.488,13.559,10.756
09B2K,09,B,56,397.0,0.0,25.441,20.783,23.426,12.651,11.587,8.735,12.846,27.711,10.579,16.867,4.282,3.313,11.839,9.94
09B2L,09,B,56,503.0,0.0,24.652,20.772,29.225,12.76,8.151,8.902,19.682,27.893,9.543,16.914,1.988,3.264,6.759,9.496
09B2M,09,B,56,273.0,0.0,19.048,20.992,20.147,12.595,10.989,9.16,27.106,26.336,8.791,16.794,2.564,3.435,11.355,10.687
09B2N,09,B,56,541.0,0.0,24.954,21.481,24.954,12.222,12.754,9.259,15.157,26.296,5.915,17.037,5.73,3.333,10.536,10.37
09B2P,09,B,56,373.0,0.0,20.375,21.16,16.622,12.628,17.962,8.874,21.716,27.304,5.094,17.065,5.094,3.413,13.137,9.556
09B2Q,09,B,56,392.0,0.0,18.622,21.905,20.408,11.746,16.071,10.159,16.582,25.714,10.459,16.508,2.041,3.492,15.816,10.476
09B2R,09,B,56,356.0,0.0,13.202,21.942,15.73,11.871,25.281,9.712,19.382,26.259,8.708,16.547,3.652,3.597,14.045,10.072
09B2S,09,B,56,311.0,0.0,19.614,21.401,14.469,11.673,20.257,9.728,20.9,26.07,5.788,16.732,3.537,3.502,15.434,10.895
09B2T,09,B,56,428.0,0.0,17.991,21.591,15.654,11.742,20.093,9.848,18.224,26.136,8.645,17.045,3.505,3.409,15.888,10.227
09B2U,09,B,56,335.0,0.0,21.791,21.923,13.134,11.923,17.91,9.615,18.209,25.769,7.761,16.923,4.776,3.462,16.418,10.385
09B2V,09,B,56,306.0,0.0,13.725,21.479,12.092,11.972,20.588,9.859,18.627,25.704,8.824,16.901,4.575,3.521,21.569,10.563
09B3A,09,B,57,539.0,0.0,22.82,21.07,29.128,16.054,9.833,7.358,15.584,22.742,8.349,18.395,3.711,3.679,10.575,10.702
09B3B,09,B,57,455.0,0.0,16.923,20.906,23.297,16.028,14.286,7.317,15.604,22.648,10.769,18.118,3.516,3.833,15.604,11.15
09B3C,09,B,57,446.0,0.0,18.386,21.122,23.318,16.172,12.78,7.261,16.592,22.772,13.004,18.152,2.915,3.63,13.004,10.891
09B3D,09,B,57,483.0,0.0,21.118,21.127,27.122,16.197,6.625,7.394,20.704,22.535,11.18,18.31,2.692,3.873,10.559,10.563
09B3E,09,B,57,313.0,0.0,22.045,20.553,22.045,16.601,10.543,7.905,18.53,20.553,7.987,18.972,3.514,3.953,15.335,11.462
09B3F,09,B,57,395.0,0.0,21.013,21.088,24.81,16.667,13.418,8.503,12.405,20.408,10.38,18.707,3.797,4.082,14.177,10.544
09B3G,09,B,57,372.0,0.0,20.43,21.348,19.624,16.854,17.204,8.24,15.86,20.974,7.527,19.101,5.645,4.12,13.71,9.363
09B3H,09,B,57,579.0,0.0,16.408,20.179,29.534,16.592,22.28,7.623,10.535,21.076,4.663,19.283,6.045,4.036,10.535,11.211
09B3I,09,B,57,467.0,0.0,18.415,20.623,37.045,17.121,9.208,8.171,9.85,21.401,11.135,19.844,3.212,3.891,11.135,8.949
09B3J,09,B,57,472.0,0.0,18.644,20.588,43.008,16.807,8.051,7.983,10.593,21.429,8.898,19.748,4.025,3.782,6.78,9.664
09B3K,09,B,57,530.0,0.0,16.981,20.703,35.66,17.188,6.981,8.203,13.585,21.484,11.887,19.531,3.774,3.906,11.132,8.984
09B3L,09,B,57,508.0,0.0,18.11,20.408,42.323,17.687,11.417,8.163,10.236,21.088,8.268,19.728,3.15,4.082,6.496,8.844
09B3M,09,B,57,637.0,0.0,19.466,20.578,41.915,17.69,8.32,8.303,12.088,21.3,8.163,19.495,2.041,3.971,8.006,8.664
09B3N,09,B,57,435.0,0.0,16.322,20.165,40.46,17.284,8.736,6.996,7.356,21.399,12.874,20.576,4.368,4.115,9.885,9.465
09B3P,09,B,57,312.0,0.0,20.513,20.147,23.718,17.949,3.205,6.96,16.667,21.245,15.705,21.245,2.244,4.029,17.949,8.425
09B3Q,09,B,57,284.0,0.0,17.958,20.07,39.789,18.31,4.93,6.69,7.746,21.127,15.845,21.479,2.817,3.873,10.915,8.451
09B3R,09,B,57,464.0,0.0,13.147,20.588,46.983,17.227,4.741,6.723,9.698,22.269,15.517,20.588,1.94,3.361,7.974,9.244
09B3S,09,B,57,439.0,0.0,20.957,20.961,33.941,17.031,6.834,6.987,12.073,22.271,11.39,19.651,5.923,3.493,8.884,9.607
09B3T,09,B,57,308.0,0.0,19.156,20.889,29.221,16.889,3.247,7.111,17.532,22.222,15.26,19.556,4.87,3.556,10.714,9.778
09B3U,09,B,57,138.0,0.0,23.913,20.611,25.362,17.176,2.174,6.87,13.768,22.901,18.841,19.847,2.899,3.435,13.043,9.16
09B3V,09,B,57,241.0,0.0,19.917,20.896,28.631,17.164,3.734,7.09,16.183,22.761,19.917,19.776,3.734,3.731,7.884,8.582
09B4A,09,B,58,564.0,0.0,17.73,20.118,35.461,15.68,5.674,7.396,13.475,23.964,14.184,18.343,4.61,5.325,8.865,9.172
09B4B,09,B,58,627.0,0.0,17.384,19.935,36.842,15.033,4.625,7.843,11.483,24.183,14.514,17.974,4.466,4.902,10.686,10.131
09B4C,09,B,58,547.0,0.0,18.099,20.354,32.724,15.634,8.592,7.375,13.346,24.189,12.066,18.289,5.119,5.015,10.055,9.145
09B4D,09,B,58,550.0,0.0,18.182,20.27,35.636,15.203,5.636,7.77,15.636,24.324,12.545,17.905,1.636,4.73,10.727,9.797
09B4E,09,B,58,478.0,0.0,22.803,20.266,30.335,15.282,10.251,7.641,14.017,24.252,8.577,17.94,3.975,4.983,10.042,9.635
09B4F,09,B,58,493.0,0.0,20.081,20.06,33.671,15.569,10.548,8.383,13.996,24.251,8.519,18.263,5.68,5.689,7.505,7.784
09B4G,09,B,58,320.0,0.0,20.938,20.275,32.812,15.12,8.75,8.247,14.688,24.399,11.875,17.869,5.0,5.155,5.938,8.935
09B4H,09,B,58,562.0,0.0,22.064,20.261,31.317,15.359,13.523,8.17,15.48,24.183,4.982,18.301,4.093,5.229,8.541,8.497
09B4I,09,B,58,618.0,0.0,21.359,21.107,32.362,14.879,11.489,7.612,15.21,24.221,5.987,18.339,3.56,4.844,10.032,8.997
09B4J,09,B,58,425.0,0.0,24.0,22.086,27.529,14.417,10.588,7.362,13.882,24.233,10.353,18.712,5.412,4.294,8.235,8.896
09B4K,09,B,58,670.0,0.0,20.597,21.168,23.731,14.599,19.403,7.664,11.194,24.453,7.313,17.883,8.06,4.745,9.701,9.489
09B4L,09,B,58,249.0,0.0,16.466,21.824,22.088,14.658,12.851,7.492,11.245,24.43,12.048,18.893,4.016,4.56,21.285,8.143
09B4M,09,B,58,342.0,0.0,25.439,21.453,21.637,14.879,9.649,7.266,18.129,24.913,11.696,18.339,1.462,4.498,11.988,8.651
09B4N,09,B,58,453.0,0.0,17.881,21.667,22.737,14.667,14.57,8.0,19.647,25.333,10.817,17.667,3.974,4.667,10.375,8.0
09B4P,09,B,58,300.0,0.0,19.333,21.951,14.333,14.634,22.0,8.232,22.0,25.305,9.667,17.378,4.0,4.573,8.667,7.927
09B4Q,09,B,58,611.0,0.0,18.331,21.824,24.386,14.658,18.822,8.143,20.131,25.407,4.91,17.59,5.237,4.886,8.183,7.492
09B4R,09,B,58,585.0,0.0,20.171,21.326,27.521,14.697,13.333,8.357,16.239,25.648,9.231,16.715,5.128,5.187,8.376,8.069
09B4S,09,B,58,504.0,0.0,20.635,21.607,24.206,14.681,11.111,8.587,21.627,25.762,10.119,16.62,3.373,4.986,8.929,7.756
09B4T,09,B,58,570.0,0.0,18.07,21.479,22.982,14.789,19.474,8.099,13.684,25.0,8.246,17.606,5.789,4.93,11.754,8.099
09B4U,09,B,58,328.0,0.0,16.463,21.515,18.902,14.848,14.939,8.485,21.646,25.455,10.061,16.97,4.878,5.152,13.11,7.576
09B5A,09,B,59,341.0,0.0,17.889,21.581,18.475,11.854,15.543,6.383,20.235,26.444,10.85,18.541,5.572,4.255,11.437,10.942
09B5B,09,B,59,373.0,0.0,15.55,21.695,19.303,11.864,9.92,6.441,23.324,26.441,12.064,18.305,2.681,4.407,17.158,10.847
09B5C,09,B,59,496.0,0.0,15.927,21.818,30.242,11.636,10.282,6.182,16.734,26.182,12.097,18.545,6.452,4.364,8.266,11.273
09B5D,09,B,59,400.0,0.0,27.0,23.978,21.75,12.534,4.75,5.722,15.75,25.341,14.25,19.346,2.75,4.632,13.75,8.447
09B5E,09,B,59,517.0,0.0,16.828,23.768,32.882,12.464,11.412,5.507,14.12,25.507,10.058,19.13,8.704,4.638,5.996,8.986
09B5F,09,B,59,529.0,0.0,23.062,20.0,29.868,13.143,6.994,6.0,15.312,24.857,11.909,20.571,3.781,5.714,9.074,9.714
09B5G,09,B,59,555.0,0.0,15.135,19.774,37.477,13.277,5.586,6.215,10.27,24.859,16.036,20.621,5.946,5.65,9.55,9.605
09B5H,09,B,59,586.0,0.0,16.212,19.467,36.689,13.333,6.314,6.133,10.239,24.8,14.676,20.8,5.631,5.867,10.239,9.6
09B5I,09,B,59,318.0,0.0,22.642,21.905,23.27,11.746,5.975,5.714,21.069,27.937,10.692,19.683,3.774,4.444,12.579,8.571
09B5J,09,B,59,577.0,0.0,19.237,22.742,31.542,12.375,11.265,6.355,14.211,26.756,10.399,19.064,4.333,4.682,9.012,8.027
09B5K,09,B,59,418.0,0.0,29.904,21.865,27.751,11.897,4.306,5.788,13.636,27.974,11.722,19.614,3.11,4.502,9.569,8.36
09B5L,09,B,59,391.0,0.0,21.483,22.054,23.274,11.782,5.115,5.74,17.391,28.399,13.811,19.94,5.371,4.23,13.555,7.855
09B5M,09,B,59,463.0,0.0,19.006,22.426,21.166,12.132,7.775,5.882,20.734,27.941,12.959,19.853,5.4,4.044,12.959,7.721
09B5N,09,B,59,398.0,0.0,27.136,22.373,20.603,12.203,6.03,6.441,17.085,27.458,12.563,19.322,3.266,4.407,13.317,7.797
09B5P,09,B,59,364.0,0.0,18.681,22.426,22.802,12.5,14.011,6.25,17.308,27.206,8.791,19.853,4.945,4.044,13.462,7.721
09B5Q,09,B,59,581.0,0.0,20.31,22.5,32.702,12.188,8.262,6.875,15.663,27.187,9.983,19.375,4.303,4.375,8.778,7.5
09B5R,09,B,59,253.0,0.0,28.854,22.727,25.296,12.5,5.534,6.061,16.996,26.515,12.648,19.697,2.372,4.545,8.3,7.955
09B6A,09,B,60,623.0,0.0,20.867,20.944,35.795,14.749,12.199,9.145,13.483,25.369,7.544,16.224,2.729,4.425,7.384,9.145
09B6B,09,B,60,513.0,0.0,21.442,21.921,33.723,14.778,5.653,8.621,17.544,26.108,8.187,16.749,2.924,3.941,10.526,7.882
09B6C,09,B,60,508.0,0.0,22.638,21.231,25.787,14.769,13.976,9.231,17.52,25.538,7.874,16.308,1.969,4.0,10.236,8.923
09B6D,09,B,60,375.0,0.0,21.067,21.622,24.267,14.595,9.6,8.919,21.333,25.946,10.933,16.757,2.4,4.054,10.4,8.108
09B6E,09,B,60,353.0,0.0,17.847,21.277,26.062,14.59,9.632,9.422,20.963,25.532,10.482,16.717,3.966,3.951,11.048,8.511
09B6F,09,B,60,502.0,0.0,17.331,21.299,30.08,14.545,16.932,9.61,16.135,25.455,8.566,16.623,3.586,4.156,7.371,8.312
09B6G,09,B,60,545.0,0.0,16.514,21.386,30.642,14.759,19.45,9.94,15.78,25.602,6.055,16.265,2.752,4.217,8.807,7.831
09B6H,09,B,60,573.0,0.0,21.291,21.365,25.829,14.54,11.693,9.496,19.197,26.409,10.122,16.617,2.967,4.154,8.901,7.418
09B6I,09,B,60,582.0,0.0,18.729,21.558,32.474,14.545,9.794,9.351,17.869,26.753,9.107,16.364,2.749,4.156,9.278,7.273
09B6J,09,B,60,614.0,0.0,18.567,21.716,36.971,14.477,12.866,9.383,11.401,26.81,7.166,16.354,5.375,4.021,7.655,7.239
09B6K,09,B,60,385.0,0.0,17.922,21.607,29.351,14.404,8.831,9.418,23.896,26.593,8.312,16.343,3.117,4.155,8.571,7.479
09B6L,09,B,60,555.0,0.0,17.297,21.607,28.288,14.404,17.658,10.803,16.757,25.762,6.667,15.512,2.883,4.709,10.45,7.202
09B6M,09,B,60,537.0,0.0,19.739,21.684,27.374,14.541,15.642,11.224,16.946,26.02,6.331,14.796,3.166,4.592,10.801,7.143
09B6N,09,B,60,489.0,0.0,19.018,21.563,32.72,14.555,11.452,11.051,17.382,25.876,5.93,15.094,5.112,4.582,8.384,7.278
09B6P,09,B,60,578.0,0.0,18.512,20.485,35.467,15.633,10.554,9.973,16.436,25.337,9.17,17.251,4.498,4.852,5.363,6.469
09B6Q,09,B,60,595.0,0.0,17.815,20.765,34.622,15.574,12.605,9.836,13.613,25.41,7.899,17.213,5.21,4.918,8.235,6.284
09B6R,09,B,60,677.0,0.0,12.555,20.472,40.177,15.748,9.897,9.711,12.555,25.197,10.192,17.06,6.352,4.987,8.272,6.824
09B6S,09,B,60,547.0,0.0,18.464,20.627,35.101,15.927,10.786,9.922,17.185,25.065,7.861,17.232,2.925,4.961,7.678,6.266
09W101,09,W,55,280.0,645.0,9.643,11.783,7.5,4.777,40.0,30.892,28.929,28.344,4.643,9.873,1.429,1.592,7.857,12.739
09W102,09,W,55,340.0,802.0,15.882,11.94,13.235,4.975,24.412,30.597,25.882,28.109,9.118,9.95,2.059,1.741,9.412,12.687
09W103,09,W,55,307.0,837.0,10.098,18.159,12.704,7.928,20.847,21.228,32.248,26.343,8.143,12.02,0.977,2.813,14.984,11.509
09W104,09,W,55,296.0,742.0,12.838,18.367,10.811,7.653,40.878,21.939,20.608,26.531,3.041,11.735,2.365,2.551,9.459,11.224
09W105,09,W,55,238.0,621.0,12.605,17.949,10.084,7.692,35.294,21.368,22.689,26.496,9.664,11.538,1.681,2.564,7.983,12.393
09W106,09,W,55,318.0,783.0,10.063,14.988,7.862,3.981,41.195,31.85,23.27,28.103,3.459,7.494,2.201,2.108,11.95,11.475
09W107,09,W,55,261.0,700.0,12.644,14.921,9.195,3.927,33.716,31.937,22.989,28.272,6.13,7.33,3.065,2.094,12.261,11.518
09W108,09,W,55,344.0,828.0,13.081,17.1,12.209,6.71,31.105,28.355,24.419,25.758,5.814,7.143,2.326,2.814,11.047,12.121
09W109,09,W,55,333.0,783.0,12.613,17.778,10.21,7.302,34.234,27.302,24.324,25.079,3.003,6.984,3.303,3.175,12.312,12.381
09W110,09,W,55,262.0,837.0,14.885,15.301,17.939,9.29,29.771,26.23,19.847,26.503,6.87,6.831,4.198,3.279,6.489,12.568
09W111,09,W,55,226.0,610.0,7.522,15.194,3.982,7.42,36.283,28.269,37.611,27.562,3.982,6.36,1.327,2.827,9.292,12.367
09W112,09,W,55,246.0,835.0,13.821,13.35,10.163,8.252,34.959,28.641,23.171,26.942,6.098,8.495,3.252,4.126,8.537,10.194
09W113,09,W,55,366.0,935.0,18.033,13.501,12.568,8.238,28.689,28.833,20.492,27.231,7.923,8.696,3.279,4.119,9.016,9.382
09W114,09,W,55,265.0,746.0,15.094,19.697,15.472,9.394,23.774,12.121,23.019,23.636,9.434,19.394,1.509,3.333,11.698,12.424
09W115,09,W,55,143.0,531.0,9.79,18.623,34.266,9.312,4.196,16.194,20.979,24.696,20.28,17.004,2.797,3.239,7.692,10.931
09W116,09,W,55,244.0,785.0,16.393,19.837,25.0,9.783,9.426,12.228,18.033,23.641,15.574,19.565,3.279,3.261,12.295,11.685
09W117,09,W,55,226.0,726.0,13.717,18.895,20.354,8.43,11.062,13.953,18.584,24.128,21.681,18.605,3.54,1.453,11.062,14.535
09W118,09,W,55,258.0,933.0,13.178,20.471,19.38,9.647,12.791,11.529,20.93,25.882,15.891,17.647,2.713,1.882,15.116,12.941
09W119,09,W,55,353.0,909.0,12.181,21.709,16.997,9.931,15.581,8.545,22.096,27.945,15.581,17.09,3.683,2.079,13.881,12.702
09W120,09,W,55,270.0,720.0,17.037,21.658,18.889,9.893,12.222,8.289,27.778,27.807,11.111,17.112,2.222,1.872,10.741,13.369
09W121,09,W,55,320.0,887.0,14.062,20.195,15.625,10.462,29.375,11.192,19.688,24.574,8.75,16.302,3.125,3.406,9.375,13.869
09W122,09,W,55,236.0,796.0,13.559,18.97,11.864,8.672,25.424,13.821,27.966,24.39,8.898,18.699,1.695,1.626,10.593,13.821
09W123,09,W,55,294.0,928.0,16.327,20.317,20.408,8.707,12.245,7.124,16.327,24.802,22.109,23.747,1.02,2.902,11.565,12.401
09W124,09,W,55,233.0,877.0,15.88,20.382,23.605,8.917,9.013,7.325,18.455,25.159,19.742,23.885,3.004,2.866,10.3,11.465
09W125,09,W,55,327.0,934.0,17.737,25.574,23.242,9.836,7.951,5.246,18.654,24.918,20.795,24.262,2.446,2.295,9.174,7.869
09W126,09,W,55,361.0,883.0,16.066,20.047,16.066,10.142,21.053,15.802,22.161,24.764,11.634,14.623,3.601,2.83,9.418,11.792
09W127,09,W,55,337.0,964.0,15.43,24.846,17.507,10.472,18.398,9.856,22.255,25.051,13.056,18.891,2.967,2.053,10.386,8.83
09W128,09,W,55,368.0,928.0,24.185,25.151,25.272,9.658,5.707,5.634,18.75,24.748,16.848,23.742,1.902,2.213,7.337,8.853
09W129,09,W,55,305.0,866.0,16.721,22.222,18.689,11.358,15.738,10.617,21.639,26.667,10.492,16.049,3.279,1.975,13.443,11.111
09W130,09,W,55,384.0,927.0,16.406,24.884,20.312,10.698,17.448,10.0,18.229,26.279,14.583,18.14,2.604,2.093,10.417,7.907
09W131,09,W,55,327.0,1008.0,20.489,22.314,16.514,11.57,13.15,10.537,24.771,26.86,11.621,16.116,3.976,1.86,9.48,10.744
09W132,09,W,55,281.0,861.0,16.014,22.365,38.434,19.794,12.456,9.769,12.811,14.91,8.897,21.08,4.27,5.913,7.117,6.17
09W133,09,W,55,326.0,981.0,15.644,22.11,37.73,19.675,10.123,9.736,13.804,15.01,15.337,21.095,3.681,5.882,3.681,6.491
09W134,09,W,55,293.0,764.0,17.065,20.053,11.604,10.026,23.891,16.095,24.573,24.802,10.922,14.512,4.778,2.902,7.167,11.609
09W135,09,W,55,242.0,756.0,19.421,22.0,22.727,10.286,12.81,14.286,17.769,25.714,10.331,14.857,4.959,2.857,11.983,10.0
09W136,09,W,55,326.0,802.0,19.018,24.01,20.245,10.644,18.712,11.634,17.791,26.238,10.736,14.356,3.067,2.723,10.429,10.396
09W137,09,W,55,245.0,775.0,16.735,20.497,20.408,10.248,9.388,10.559,22.041,25.155,13.878,18.323,3.673,3.106,13.878,12.112
09W138,09,W,55,181.0,651.0,12.155,16.887,11.05,7.285,22.652,12.252,22.652,29.139,16.575,16.225,1.657,2.98,13.26,15.232
09W139,09,W,55,382.0,970.0,18.848,17.199,15.707,7.617,19.372,11.057,18.848,27.273,11.78,19.41,4.974,2.703,10.471,14.742
09W140,09,W,55,341.0,1029.0,14.076,17.436,15.249,7.692,21.994,10.0,18.182,25.128,14.076,22.051,3.226,2.564,13.196,15.128
09W141,09,W,55,200.0,602.0,11.5,17.094,34.0,10.256,17.0,8.547,7.5,20.513,13.5,21.368,8.0,3.419,8.5,18.803
09W142,09,W,55,238.0,845.0,13.025,17.391,15.546,9.719,11.765,8.696,13.866,20.46,21.849,21.228,3.361,3.325,20.588,19.182
09W143,09,W,55,325.0,978.0,12.923,17.354,13.538,9.544,12.923,8.677,22.154,20.607,19.077,21.041,4.308,3.254,15.077,19.523
09W201,09,W,56,286.0,906.0,18.881,23.684,23.427,11.623,15.035,8.114,16.434,23.246,11.538,19.079,2.448,1.974,12.238,12.281
09W202,09,W,56,281.0,891.0,29.537,23.791,23.488,11.605,11.032,8.124,13.879,23.211,12.456,18.956,1.423,1.934,8.185,12.379
09W203,09,W,56,231.0,789.0,25.541,23.684,25.108,13.377,8.658,6.579,12.554,21.272,15.152,20.833,1.732,3.07,11.255,11.184
09W204,09,W,56,356.0,908.0,21.067,23.188,21.629,14.079,8.708,5.797,11.798,19.876,19.663,21.325,5.056,3.727,12.079,12.008
09W205,09,W,56,363.0,890.0,20.661,22.857,26.446,12.653,7.163,5.918,11.295,20.816,21.763,23.469,4.132,3.878,8.54,10.408
09W206,09,W,56,291.0,810.0,25.086,22.646,27.491,10.987,2.749,5.381,17.182,22.422,18.9,25.336,2.062,3.812,6.529,9.417
09W207,09,W,56,345.0,894.0,29.275,22.535,27.536,11.066,4.058,3.823,11.304,24.346,16.812,23.742,1.159,3.622,9.855,10.865
09W208,09,W,56,325.0,789.0,27.077,24.838,20.0,10.367,5.231,5.184,16.615,22.03,20.308,24.19,3.077,3.672,7.692,9.719
09W209,09,W,56,312.0,817.0,19.551,18.644,24.359,9.534,8.974,10.169,16.987,22.246,15.705,22.034,2.244,2.331,12.179,15.042
09W210,09,W,56,282.0,703.0,22.695,24.543,35.461,10.444,4.255,4.961,7.801,22.715,20.213,24.543,2.837,3.655,6.738,9.138
09W211,09,W,56,421.0,1150.0,16.152,19.722,31.591,18.561,16.39,9.513,7.838,15.545,12.352,21.346,5.226,5.8,10.451,9.513
09W212,09,W,56,356.0,951.0,19.101,19.617,34.831,19.378,5.056,9.33,7.865,14.354,22.191,20.813,3.371,6.22,7.584,10.287
09W213,09,W,56,365.0,985.0,20.274,21.526,20.548,11.546,11.781,6.262,18.356,22.701,15.616,24.462,2.466,2.348,10.959,11.155
09W214,09,W,56,248.0,692.0,15.726,21.134,15.323,12.113,12.903,6.701,17.339,22.68,22.581,22.423,5.242,3.093,10.887,11.856
09W215,09,W,56,339.0,728.0,17.109,21.41,25.664,11.749,9.44,6.527,15.339,22.715,19.764,23.76,2.655,2.611,10.029,11.227
09W216,09,W,56,378.0,849.0,21.164,21.528,23.545,11.574,14.021,6.481,12.698,22.685,15.079,23.843,3.439,2.546,10.053,11.343
09W217,09,W,56,368.0,999.0,21.739,20.711,22.283,12.762,10.598,6.695,18.207,22.803,13.315,20.502,2.717,3.766,11.141,12.762
09W218,09,W,56,346.0,1036.0,13.584,20.734,18.208,10.275,12.717,8.073,17.63,22.385,17.63,24.037,3.468,3.119,16.763,11.376
09W219,09,W,56,185.0,627.0,15.135,18.671,8.108,8.861,18.378,11.076,28.649,21.835,18.919,18.354,2.703,3.481,8.108,17.722
09W220,09,W,56,299.0,875.0,17.057,18.765,11.706,8.642,12.709,11.111,22.408,21.975,16.054,18.519,3.344,3.704,16.722,17.284
09W221,09,W,56,214.0,648.0,17.29,18.576,14.019,8.669,18.224,11.146,21.963,21.672,10.28,18.266,4.206,3.715,14.019,17.957
09W222,09,W,56,183.0,607.0,11.475,16.364,17.486,8.182,13.115,10.303,23.497,23.03,13.115,20.0,4.918,2.424,16.393,19.697
09W223,09,W,56,324.0,829.0,17.284,21.64,15.741,10.478,12.346,6.834,20.988,24.146,19.136,22.096,1.543,2.05,12.963,12.756
09W224,09,W,56,387.0,929.0,22.481,23.0,20.155,10.6,12.92,7.2,17.571,23.4,13.437,20.2,2.326,2.0,11.111,13.6
09W225,09,W,56,265.0,773.0,15.094,17.268,14.717,8.505,19.245,10.309,18.113,23.711,14.34,19.845,3.396,2.32,15.094,18.041
09W226,09,W,56,308.0,832.0,13.961,19.121,19.805,10.078,19.805,10.594,17.857,24.548,12.662,17.571,3.896,2.326,12.013,15.762
09W227,09,W,56,266.0,852.0,17.669,20.089,13.534,9.821,22.932,11.384,16.541,23.214,11.654,17.857,4.511,2.232,13.158,15.402
09W228,09,W,56,293.0,809.0,11.945,18.689,17.406,9.709,18.089,11.165,20.819,23.058,11.263,18.689,4.096,3.155,16.382,15.534
09W229,09,W,56,222.0,815.0,13.964,20.438,12.162,9.002,13.964,12.652,21.622,20.681,19.369,18.735,2.703,2.92,16.216,15.572
09W230,09,W,56,335.0,860.0,14.328,20.785,14.328,9.931,21.194,11.316,20.299,20.554,11.642,19.63,3.582,2.771,14.627,15.012
09W231,09,W,56,260.0,764.0,21.923,18.272,13.846,9.383,16.154,11.358,17.308,21.975,15.769,19.259,3.462,3.704,11.538,16.049
09W232,09,W,56,340.0,1015.0,17.059,17.636,17.647,9.302,5.294,5.62,17.941,25.194,22.941,26.163,1.765,2.907,17.353,13.178
09W233,09,W,56,338.0,1046.0,17.456,17.633,17.16,11.111,14.793,7.488,13.609,22.947,17.16,21.498,3.846,4.106,15.976,15.217
09W234,09,W,56,253.0,1035.0,16.601,17.631,19.368,11.295,14.625,7.438,16.601,23.14,16.996,21.488,3.557,4.132,12.253,14.876
09W235,09,W,56,350.0,899.0,16.0,19.027,16.0,9.937,18.571,8.034,18.571,22.622,15.143,21.353,2.571,4.228,13.143,14.799
09W236,09,W,56,298.0,927.0,17.785,18.883,18.792,9.84,10.067,7.979,19.128,22.606,16.779,21.277,4.027,4.255,13.423,15.16
09W237,09,W,56,319.0,856.0,22.257,22.438,18.182,11.911,10.972,8.31,18.182,24.377,14.734,22.438,1.567,3.324,14.107,7.202
09W238,09,W,56,324.0,973.0,23.765,21.911,22.84,11.655,8.333,8.159,13.889,24.709,20.679,22.378,2.469,3.497,8.025,7.692
09W239,09,W,56,386.0,906.0,20.725,23.025,31.865,13.093,11.917,9.481,11.399,20.767,16.062,21.896,1.813,3.837,6.218,7.901
09W240,09,W,56,271.0,784.0,16.605,18.478,22.14,6.793,2.583,3.804,23.985,35.87,21.033,22.826,1.476,2.717,12.177,9.511
09W241,09,W,56,354.0,1036.0,16.102,18.079,25.989,6.497,11.582,3.672,18.079,36.441,15.819,22.599,2.825,2.825,9.605,9.887
09W301,09,W,57,425.0,996.0,16.0,21.832,32.0,13.45,7.059,7.212,12.941,20.858,17.176,21.053,4.706,4.094,10.118,11.501
09W302,09,W,57,286.0,849.0,13.636,21.325,21.329,12.629,11.888,8.903,15.035,20.083,22.028,21.739,3.497,2.899,12.587,12.422
09W303,09,W,57,346.0,1068.0,16.185,21.192,21.387,13.411,13.295,8.113,13.295,20.033,17.919,21.358,2.89,3.642,15.029,12.252
09W304,09,W,57,308.0,885.0,17.857,23.849,31.494,10.042,6.494,7.113,11.039,24.895,20.779,22.385,3.896,2.72,8.442,8.996
09W305,09,W,57,313.0,807.0,15.016,23.114,23.003,10.706,9.585,7.786,15.974,24.574,23.962,22.141,1.917,3.163,10.543,8.516
09W306,09,W,57,340.0,871.0,22.941,19.826,21.765,11.547,14.706,11.111,11.765,21.569,13.529,19.172,3.235,4.357,12.059,12.418
09W307,09,W,57,257.0,745.0,16.732,19.189,15.953,11.622,15.953,11.351,15.564,20.811,19.066,18.649,3.502,4.595,13.23,13.784
09W308,09,W,57,360.0,890.0,19.167,19.038,18.889,13.026,14.167,10.02,15.278,19.84,16.944,19.639,3.611,4.208,11.944,14.228
09W309,09,W,57,347.0,940.0,14.986,20.912,20.173,11.528,11.527,6.971,17.867,20.107,15.562,23.861,5.476,2.949,14.409,13.673
09W310,09,W,57,326.0,913.0,19.018,21.412,19.939,11.617,6.748,7.289,15.031,20.501,17.178,23.462,3.988,2.961,18.098,12.756
09W311,09,W,57,293.0,874.0,18.771,20.04,20.478,12.698,13.652,9.921,13.311,20.04,20.819,21.032,2.73,3.175,10.239,13.095
09W312,09,W,57,315.0,847.0,20.952,23.198,22.222,11.036,12.063,7.207,17.46,20.946,18.095,22.973,1.587,1.802,7.619,12.838
09W313,09,W,57,241.0,766.0,20.332,23.377,24.896,10.649,10.373,6.234,11.203,20.779,22.822,23.117,2.905,1.818,7.469,14.026
09W314,09,W,57,211.0,695.0,14.692,22.449,17.536,10.884,13.744,6.122,12.796,20.068,23.697,24.83,6.161,2.381,11.374,13.265
09W315,09,W,57,266.0,782.0,14.286,18.59,24.812,11.538,17.293,11.538,10.526,20.513,10.15,18.59,7.143,4.487,15.789,14.744
09W316,09,W,57,355.0,1024.0,20.282,18.584,27.324,11.504,20.282,11.504,6.479,19.469,9.296,17.699,5.07,4.425,11.268,16.814
09W317,09,W,57,312.0,900.0,17.949,21.662,39.103,18.136,8.013,7.809,6.09,12.343,19.231,24.181,4.167,4.786,5.449,11.083
09W318,09,W,57,294.0,757.0,18.367,21.154,39.796,17.949,8.844,7.051,6.803,13.462,15.986,25.321,2.721,4.808,7.483,10.256
09W319,09,W,57,377.0,909.0,15.385,21.118,39.788,18.219,5.836,5.797,7.958,14.7,21.485,25.88,1.857,5.59,7.692,8.696
09W320,09,W,57,365.0,925.0,12.877,20.168,36.164,17.857,5.479,4.412,12.055,16.176,18.356,26.471,4.932,5.882,10.137,9.034
09W321,09,W,57,300.0,749.0,16.667,17.956,34.667,19.061,8.0,7.459,9.667,15.47,21.0,25.138,4.333,5.249,5.667,9.669
09W322,09,W,57,335.0,914.0,13.134,18.723,32.537,19.362,5.97,7.021,12.537,14.468,22.985,25.319,4.478,5.106,8.358,10.0
09W323,09,W,57,346.0,843.0,14.162,21.957,32.37,18.696,10.694,6.739,13.006,17.826,17.919,21.522,2.89,4.13,8.96,9.13
09W324,09,W,57,317.0,854.0,14.826,18.474,40.379,23.695,5.363,6.426,10.726,14.659,20.82,22.691,1.893,5.422,5.994,8.635
09W325,09,W,57,394.0,857.0,15.736,21.962,36.294,18.763,9.645,6.823,11.168,17.91,16.751,21.535,4.822,4.051,5.584,8.955
09W326,09,W,57,390.0,1065.0,18.462,17.925,34.103,22.83,8.462,6.226,11.026,14.151,18.462,25.472,3.59,5.283,5.897,8.113
09W327,09,W,57,399.0,873.0,16.291,14.808,32.832,18.83,2.506,5.484,7.769,12.431,22.306,31.81,4.01,4.57,14.286,12.066
09W328,09,W,57,295.0,808.0,14.576,20.732,32.881,16.768,7.458,6.402,9.831,15.244,18.983,25.61,4.407,3.659,11.864,11.585
09W329,09,W,57,238.0,735.0,12.605,19.681,31.092,15.426,3.782,6.383,11.345,13.83,24.37,27.128,3.361,3.989,13.445,13.564
09W330,09,W,57,230.0,750.0,11.739,19.95,28.261,15.212,1.304,6.234,10.87,14.214,34.348,27.431,0.0,3.741,13.478,13.217
09W331,09,W,57,251.0,802.0,11.952,18.274,29.88,12.437,0.797,4.569,7.57,15.99,34.661,32.995,3.586,3.046,11.554,12.69
09W332,09,W,57,236.0,1069.0,11.441,18.182,30.085,12.468,5.085,4.416,4.661,16.104,33.898,32.987,5.085,2.857,9.746,12.987
09W333,09,W,57,325.0,807.0,15.077,17.279,31.385,17.927,2.462,4.752,9.846,15.983,31.692,29.806,1.846,4.968,7.692,9.287
09W334,09,W,57,253.0,771.0,16.206,18.349,29.249,17.431,6.324,3.67,13.439,18.349,16.996,29.358,4.743,5.505,13.043,7.339
09W335,09,W,57,348.0,861.0,14.943,18.381,34.195,17.068,3.161,4.158,14.08,17.505,23.851,28.884,3.161,4.814,6.609,9.19
09W336,09,W,57,390.0,1045.0,20.0,18.705,34.615,16.187,3.077,3.777,8.974,16.547,22.821,31.475,2.051,4.496,8.462,8.813
09W337,09,W,57,345.0,878.0,15.072,17.241,38.841,18.391,3.478,3.448,8.986,14.253,22.029,35.862,4.638,2.989,6.957,7.816
09W338,09,W,57,232.0,750.0,15.517,17.765,26.293,12.894,3.448,2.865,6.897,18.052,31.466,32.092,3.017,3.725,13.362,12.607
09W339,09,W,57,207.0,890.0,16.908,15.335,21.256,10.224,1.932,4.153,10.145,15.335,32.367,35.463,0.966,3.195,16.425,16.294
09W340,09,W,57,209.0,801.0,15.311,16.463,25.837,11.28,0.478,3.659,13.876,16.463,31.1,34.756,3.828,3.354,9.569,14.024
09W341,09,W,57,300.0,887.0,17.0,17.526,24.333,12.629,2.0,3.093,14.667,17.784,28.333,32.99,1.667,3.866,12.0,12.113
09W401,09,W,58,394.0,1072.0,14.975,18.784,36.802,16.458,5.838,6.798,10.914,18.784,23.35,23.077,3.299,4.293,4.822,11.807
09W402,09,W,58,459.0,1192.0,18.519,18.559,34.423,16.376,6.318,6.769,12.854,18.777,13.725,22.926,5.882,4.367,8.279,12.227
09W403,09,W,58,365.0,1020.0,13.151,16.699,35.342,15.739,2.466,4.415,9.041,18.618,29.041,29.367,2.74,4.031,8.219,11.132
09W404,09,W,58,288.0,837.0,18.75,14.421,30.903,17.021,4.167,4.492,15.278,19.385,19.444,26.478,3.125,6.619,8.333,11.584
09W405,09,W,58,306.0,809.0,15.686,16.038,37.582,16.038,6.209,4.481,8.497,18.632,19.281,28.774,3.922,4.717,8.824,11.321
09W406,09,W,58,308.0,793.0,16.234,17.412,31.169,15.059,7.792,5.647,14.61,19.059,18.506,26.588,3.247,6.118,8.442,10.118
09W407,09,W,58,392.0,868.0,17.857,19.027,31.633,14.799,5.102,6.342,12.755,18.605,21.684,25.581,4.337,5.92,6.633,9.725
09W408,09,W,58,343.0,860.0,13.994,15.753,33.819,16.438,2.041,5.023,15.16,19.635,25.948,26.712,4.082,6.393,4.956,10.046
09W409,09,W,58,356.0,794.0,17.135,15.99,32.303,18.138,13.202,9.308,11.798,18.854,15.449,20.048,2.809,10.263,7.303,7.399
09W410,09,W,58,297.0,719.0,16.162,17.08,34.68,18.182,10.774,6.336,7.071,17.355,15.152,20.661,7.407,9.366,8.754,11.019
09W411,09,W,58,211.0,399.0,16.114,19.149,40.758,15.745,9.953,8.511,5.687,14.043,14.692,23.404,6.161,6.809,6.635,12.34
09W412,09,W,58,425.0,880.0,21.412,20.641,31.529,16.032,7.294,7.415,13.176,19.038,14.824,19.238,4.235,10.02,7.529,7.615
09W413,09,W,58,406.0,776.0,13.793,25.495,36.207,13.366,9.113,6.683,14.532,19.307,12.562,22.03,6.158,4.703,7.635,8.416
09W414,09,W,58,307.0,755.0,17.915,20.524,35.831,16.376,5.537,7.205,13.681,18.996,14.007,19.432,6.189,9.825,6.84,7.642
09W415,09,W,58,341.0,922.0,19.355,18.495,36.364,15.269,7.331,10.323,14.37,18.925,11.73,21.075,4.985,6.452,5.865,9.462
09W416,09,W,58,394.0,895.0,16.497,19.843,27.919,14.735,12.183,9.43,11.929,19.646,14.975,22.2,6.599,5.305,9.898,8.841
09W417,09,W,58,479.0,1447.0,15.866,22.989,34.447,17.05,9.812,7.28,11.273,15.9,14.614,21.839,3.758,5.939,10.23,9.004
09W418,09,W,58,551.0,1451.0,18.33,21.084,26.134,13.554,18.149,7.831,12.886,20.181,8.893,23.193,7.26,3.916,8.348,10.241
09W419,09,W,58,317.0,828.0,23.975,25.0,26.498,13.839,4.732,6.696,10.095,20.089,22.713,22.545,1.262,4.464,10.726,7.366
09W420,09,W,58,258.0,803.0,13.178,12.982,17.442,6.667,8.14,5.263,15.504,17.193,22.481,29.123,0.775,4.211,22.481,24.561
09W421,09,W,58,255.0,754.0,15.294,23.547,34.51,15.698,9.804,7.267,14.118,17.733,15.686,19.767,5.098,4.36,5.49,11.628
09W422,09,W,58,258.0,770.0,13.953,18.136,16.667,8.564,20.543,11.839,20.155,24.937,14.729,19.144,0.775,3.023,13.178,14.358
09W423,09,W,58,330.0,850.0,15.152,24.176,23.636,14.011,11.212,6.044,13.333,20.055,18.182,22.253,3.333,3.846,15.152,9.615
09W424,09,W,58,287.0,888.0,15.331,21.749,21.603,10.875,8.362,5.91,15.331,23.877,21.254,24.35,1.394,2.837,16.725,10.402
09W425,09,W,58,312.0,914.0,23.718,23.821,23.397,8.933,2.885,2.978,13.782,23.821,24.679,27.295,2.564,2.978,8.974,10.174
09W426,09,W,58,348.0,905.0,13.506,17.373,19.54,10.593,12.356,13.771,19.253,21.398,16.667,19.28,4.31,3.814,14.368,13.771
09W427,09,W,58,315.0,758.0,19.048,18.277,17.46,11.227,15.238,12.272,17.143,22.454,14.921,20.104,3.81,3.394,12.381,12.272
09W428,09,W,58,305.0,896.0,13.77,22.812,22.951,14.062,17.705,8.125,16.721,22.5,17.705,20.312,3.934,3.438,7.213,8.75
09W429,09,W,58,325.0,960.0,12.0,22.055,28.308,13.534,15.692,8.521,9.846,22.306,13.846,20.551,6.462,3.509,13.846,9.524
09W430,09,W,58,258.0,874.0,18.217,21.659,25.581,13.134,16.667,8.756,15.504,23.041,12.016,21.198,6.202,3.226,5.814,8.986
09W431,09,W,58,441.0,1233.0,16.327,20.096,24.263,12.44,12.018,8.612,15.646,23.923,17.234,21.531,3.628,2.871,10.884,10.526
09W432,09,W,58,330.0,874.0,15.758,19.701,15.455,10.973,13.939,10.474,20.0,26.185,16.364,17.207,3.939,2.494,14.545,12.968
09W433,09,W,58,355.0,898.0,19.718,21.413,24.225,12.634,11.268,9.422,18.31,23.983,12.113,19.7,1.972,2.998,12.394,9.85
09W434,09,W,58,321.0,1038.0,20.249,23.598,24.611,15.28,12.461,7.157,13.707,23.404,14.642,19.536,4.984,4.062,9.346,6.963
09W435,09,W,58,267.0,875.0,11.236,22.141,31.086,13.869,16.105,7.543,15.356,24.818,12.734,19.951,2.247,3.65,11.236,8.029
09W436,09,W,58,378.0,949.0,15.608,17.938,19.048,7.629,12.963,13.196,19.577,23.299,16.667,19.794,2.646,3.711,13.492,14.433
09W437,09,W,58,334.0,896.0,14.671,18.29,20.659,10.451,17.964,9.501,15.569,28.029,15.868,18.527,2.395,2.375,12.874,12.827
09W438,09,W,58,425.0,1037.0,16.235,23.673,35.529,17.551,9.176,7.143,10.353,16.327,16.235,22.449,5.176,5.918,7.294,6.939
09W439,09,W,58,416.0,977.0,15.865,21.589,26.202,14.053,13.462,8.147,12.981,20.57,16.106,23.625,3.606,3.87,11.779,8.147
09W440,09,W,58,215.0,838.0,18.605,13.265,19.07,7.143,3.256,5.442,12.093,17.687,24.651,29.932,4.186,4.082,18.14,22.449
09W501,09,W,59,401.0,884.0,14.963,18.884,21.446,8.798,19.202,11.803,17.955,24.034,11.721,19.528,2.743,5.365,11.97,11.588
09W502,09,W,59,321.0,862.0,15.265,21.481,31.464,9.877,7.165,5.679,11.838,21.235,20.249,26.173,2.492,1.728,11.526,13.827
09W503,09,W,59,314.0,894.0,20.064,21.307,24.841,9.659,11.146,5.682,8.599,21.023,18.153,26.136,5.732,1.705,11.465,14.489
09W504,09,W,59,305.0,911.0,27.213,25.157,23.279,9.644,2.295,4.193,14.754,23.061,20.656,24.948,2.295,2.725,9.508,10.273
09W505,09,W,59,302.0,926.0,20.861,24.39,21.854,9.959,3.642,4.472,18.212,23.984,23.51,24.797,3.642,3.252,8.278,9.146
09W506,09,W,59,301.0,892.0,21.595,25.0,25.914,9.91,3.654,4.279,14.286,24.324,25.581,25.0,2.658,2.928,6.312,8.559
09W507,09,W,59,335.0,761.0,25.97,27.02,23.582,9.343,2.687,3.535,20.0,24.495,18.209,24.495,2.985,3.03,6.567,8.081
09W508,09,W,59,312.0,806.0,20.192,22.944,25.962,15.368,6.731,6.926,12.5,21.429,19.551,17.965,3.526,4.978,11.538,10.39
09W509,09,W,59,384.0,1041.0,15.365,17.271,15.885,6.823,3.125,4.264,17.708,23.241,30.208,32.409,1.562,2.345,16.146,13.646
09W510,09,W,59,306.0,858.0,20.261,17.381,23.856,6.667,2.941,4.524,15.033,24.048,21.895,30.476,1.961,1.905,14.052,15.0
09W511,09,W,59,329.0,888.0,20.365,22.371,13.374,10.738,10.03,9.843,18.541,21.477,19.453,20.134,3.951,3.579,14.286,11.857
09W512,09,W,59,254.0,855.0,15.748,16.753,18.504,9.021,5.118,8.505,12.598,22.68,28.346,25.258,3.937,2.835,15.748,14.948
09W513,09,W,59,259.0,818.0,15.83,21.003,23.166,12.853,10.425,7.21,13.127,18.495,22.78,25.392,4.247,3.762,10.425,11.285
09W514,09,W,59,235.0,770.0,15.745,18.667,17.447,9.667,11.489,7.333,18.298,21.0,20.851,25.667,4.255,2.0,11.915,15.667
09W515,09,W,59,298.0,853.0,20.805,22.864,26.51,12.009,9.732,7.159,8.389,20.323,22.483,24.018,2.685,2.771,9.396,10.855
09W516,09,W,59,437.0,952.0,21.053,22.366,25.172,13.678,3.204,5.36,15.789,19.224,22.883,26.987,4.119,3.697,7.78,8.688
09W517,09,W,59,324.0,900.0,12.654,18.635,33.025,13.123,6.481,6.824,10.185,17.585,22.222,27.559,3.704,4.987,11.728,11.286
09W518,09,W,59,410.0,955.0,17.805,21.429,33.415,13.673,5.854,5.918,13.171,18.98,19.512,27.551,2.683,4.49,7.561,7.959
09W519,09,W,59,376.0,928.0,18.085,24.622,30.053,12.959,9.574,4.752,13.298,21.814,18.617,24.838,3.989,4.104,6.383,6.911
09W520,09,W,59,361.0,1099.0,24.377,22.852,24.931,13.23,4.986,5.498,14.681,20.275,19.391,25.086,4.709,4.983,6.925,8.076
09W521,09,W,59,325.0,872.0,19.692,24.709,33.231,12.587,2.769,4.429,14.462,22.611,20.615,24.242,1.538,4.196,7.692,7.226
09W522,09,W,59,360.0,906.0,15.278,21.205,32.222,16.741,6.944,6.92,15.556,16.964,18.056,22.768,5.556,7.589,6.389,7.812
09W523,09,W,59,316.0,952.0,14.241,25.098,22.468,11.961,5.38,3.922,19.937,23.725,23.101,24.118,2.532,2.941,12.342,8.235
09W524,09,W,59,329.0,758.0,16.717,23.604,32.827,15.482,6.687,5.584,13.374,20.305,14.286,22.335,5.775,6.091,10.334,6.599
09W525,09,W,59,374.0,934.0,15.508,22.065,31.551,18.016,10.16,7.085,13.904,16.599,14.706,20.85,5.615,8.704,8.556,6.68
09W526,09,W,59,328.0,882.0,16.463,18.142,33.537,13.053,3.049,4.425,11.585,19.469,25.61,29.867,3.963,5.973,5.793,9.071
09W527,09,W,59,359.0,892.0,14.485,18.398,34.54,13.636,6.964,4.762,13.649,19.697,20.334,30.303,2.507,5.628,7.521,7.576
09W528,09,W,59,435.0,965.0,16.322,17.722,33.563,16.245,4.368,5.485,12.414,18.776,21.609,29.325,3.908,5.696,7.816,6.751
09W529,09,W,59,389.0,915.0,9.769,16.563,31.105,17.391,5.398,6.418,10.283,18.012,31.62,28.157,3.342,4.969,8.483,8.489
09W530,09,W,59,395.0,901.0,18.987,18.257,34.684,17.842,5.063,5.187,7.342,16.805,23.544,27.801,5.316,7.261,5.063,6.846
09W531,09,W,59,440.0,1053.0,10.909,18.596,37.727,17.719,3.409,5.088,8.864,16.316,23.636,27.544,6.364,7.544,9.091,7.193
09W532,09,W,59,308.0,831.0,20.455,17.763,28.896,8.114,2.922,5.482,16.234,24.781,19.805,30.482,2.273,3.289,9.416,10.088
09W533,09,W,59,250.0,795.0,20.0,18.617,18.4,8.245,2.8,4.521,21.6,23.138,20.8,31.649,2.0,2.926,14.4,10.904
09W601,09,W,60,369.0,827.0,17.615,22.624,35.23,13.575,8.13,6.335,11.924,21.267,17.073,23.529,3.252,3.846,6.775,8.824
09W602,09,W,60,359.0,840.0,19.22,22.462,28.969,13.607,5.85,6.263,13.649,21.166,21.727,23.758,3.064,3.672,7.521,9.071
09W603,09,W,60,376.0,927.0,17.021,22.154,33.245,16.057,14.362,7.724,15.16,22.154,12.5,19.106,3.457,3.862,4.255,8.943
09W604,09,W,60,363.0,775.0,19.559,21.792,28.926,13.801,8.264,7.022,11.295,20.581,15.978,23.245,3.581,3.874,12.397,9.685
09W605,09,W,60,326.0,879.0,20.245,21.98,22.699,16.436,7.975,8.119,16.258,22.178,18.405,18.812,3.374,3.96,11.043,8.515
09W606,09,W,60,419.0,981.0,20.525,24.71,20.048,12.934,9.069,6.178,16.468,22.587,15.99,21.815,4.296,2.896,13.604,8.88
09W607,09,W,60,252.0,756.0,25.0,24.672,23.016,12.073,7.143,5.249,14.286,22.835,18.254,22.31,1.984,3.15,10.317,9.711
09W608,09,W,60,400.0,1020.0,19.0,24.399,29.25,12.754,9.0,5.36,14.75,22.736,17.25,22.736,2.0,3.327,8.75,8.688
09W609,09,W,60,243.0,812.0,22.634,24.069,30.041,12.894,6.173,5.444,10.7,22.636,18.107,22.923,4.115,3.438,8.23,8.596
09W610,09,W,60,348.0,927.0,17.241,23.34,27.586,15.493,10.345,9.457,18.391,19.92,11.782,18.109,2.874,2.817,11.782,10.865
09W611,09,W,60,520.0,1050.0,17.308,21.646,28.462,15.564,16.923,8.766,15.577,20.751,10.577,20.751,1.538,3.757,9.615,8.766
09W612,09,W,60,386.0,832.0,21.762,20.711,25.907,15.481,10.104,8.159,12.694,21.339,13.472,21.13,4.404,4.603,11.658,8.577
09W613,09,W,60,421.0,950.0,9.739,17.2,24.466,11.0,13.777,12.2,20.665,22.0,15.202,20.6,3.088,2.6,13.064,14.4
09W614,09,W,60,391.0,1049.0,16.624,19.444,21.483,10.897,10.486,11.111,15.857,23.504,16.368,20.726,5.115,3.205,14.066,11.111
09W615,09,W,60,313.0,833.0,20.447,21.429,23.323,13.445,6.39,10.714,20.447,25.21,18.211,15.756,1.278,2.941,9.904,10.504
09W616,09,W,60,357.0,870.0,19.048,21.519,24.09,13.502,17.367,10.759,18.207,25.105,13.725,15.823,1.961,2.954,5.602,10.338
09W617,09,W,60,358.0,990.0,16.201,19.915,27.933,11.229,11.173,8.686,19.274,27.542,11.732,18.644,3.911,4.873,9.777,9.11
09W618,09,W,60,419.0,973.0,24.105,23.725,25.06,10.865,9.069,8.426,16.706,25.721,15.99,19.956,3.103,4.213,5.967,7.095
09W619,09,W,60,270.0,878.0,15.185,23.83,23.333,10.851,13.333,8.511,18.889,25.745,17.037,20.0,1.481,4.043,10.741,7.021
09W620,09,W,60,413.0,1033.0,20.339,18.898,20.581,11.614,13.801,10.827,19.37,26.575,14.044,17.126,2.663,5.315,9.201,9.646
09W621,09,W,60,303.0,881.0,18.152,19.792,17.822,12.917,14.521,11.667,26.403,25.833,10.891,16.458,1.65,4.375,10.561,8.958
09W622,09,W,60,375.0,935.0,16.0,19.507,20.267,14.579,19.733,15.4,21.867,22.587,8.267,13.552,5.333,4.517,8.533,9.856
09W623,09,W,60,414.0,977.0,12.56,19.512,23.188,11.632,18.357,14.259,21.498,25.328,10.145,14.634,3.865,5.066,10.386,9.568
09W624,09,W,60,421.0,993.0,14.727,19.892,23.99,7.706,10.689,10.932,21.853,30.287,14.489,16.487,2.613,5.914,11.639,8.781
09W625,09,W,60,349.0,847.0,10.029,18.239,16.332,12.998,27.221,15.514,19.198,23.27,12.321,13.836,3.725,6.289,11.175,9.853
09W626,09,W,60,448.0,938.0,18.75,18.954,23.438,13.072,15.625,14.597,16.741,24.837,10.714,14.379,4.464,6.1,10.268,8.061
09W627,09,W,60,325.0,952.0,21.846,20.656,23.077,12.162,15.692,10.618,18.462,27.606,9.846,15.444,0.923,5.598,10.154,7.915
09W628,09,W,60,346.0,824.0,13.584,20.096,26.879,12.679,15.607,12.44,17.052,26.555,15.318,15.072,3.757,5.981,7.803,7.177
09W629,09,W,60,415.0,1045.0,17.108,18.762,30.602,16.51,8.916,9.944,12.53,19.7,17.108,23.452,5.301,4.878,8.434,6.754
09W630,09,W,60,352.0,904.0,13.92,18.684,34.091,16.136,7.386,10.616,8.807,19.533,20.739,23.142,4.545,6.582,10.511,5.308
09W631,09,W,60,332.0,818.0,13.855,18.075,32.53,15.258,9.94,11.737,16.566,18.545,16.867,21.362,3.916,9.155,6.325,5.869
09W632,09,W,60,382.0,877.0,16.754,18.913,30.366,16.957,12.042,7.826,13.874,18.043,15.183,23.696,4.188,8.043,7.592,6.522
09W633,09,W,60,377.0,950.0,17.772,22.691,31.83,18.273,13.263,10.643,8.488,16.667,16.446,19.478,3.714,5.422,8.488,6.827
09W634,09,W,60,380.0,994.0,15.263,17.919,37.632,18.497,10.263,10.405,11.579,21.002,15.0,18.882,4.474,7.129,5.789,6.166
09W635,09,W,60,628.0,1473.0,11.465,15.527,33.758,18.484,10.828,9.797,10.987,22.736,18.153,19.593,5.892,8.318,8.917,5.545
09W636,09,W,60,452.0,991.0,15.044,18.107,35.841,16.667,7.743,7.613,10.619,18.313,19.027,24.074,5.088,8.642,6.637,6.584
10B1A,10,B,61,358.0,0.0,18.156,17.101,25.419,7.536,3.352,3.768,18.156,30.435,18.994,22.609,0.838,3.188,15.084,15.362
10B1B,10,B,61,359.0,0.0,17.549,15.64,26.462,9.953,8.078,3.791,17.827,29.858,16.435,23.697,2.228,2.37,11.421,14.692
10B1C,10,B,61,277.0,0.0,16.968,15.068,27.437,10.959,5.415,4.11,10.469,30.137,26.354,24.315,2.166,1.37,11.191,14.041
10B1D,10,B,61,422.0,0.0,20.853,15.693,24.171,11.314,4.028,3.65,14.218,28.467,19.668,22.628,2.607,2.19,14.455,16.058
10B1E,10,B,61,497.0,0.0,18.913,15.538,22.535,10.359,4.427,4.382,21.932,30.677,15.292,23.108,1.408,2.39,15.493,13.546
10B1F,10,B,61,470.0,0.0,14.468,15.849,20.851,10.943,4.681,3.774,17.66,30.566,26.17,23.396,3.191,2.642,12.979,12.83
10B1G,10,B,61,419.0,0.0,10.979,17.557,27.924,11.069,4.535,3.435,18.854,30.153,21.241,23.282,2.625,1.908,13.842,12.595
10B1H,10,B,61,304.0,0.0,17.763,18.0,26.974,11.2,1.974,3.6,17.105,30.8,19.079,23.6,1.974,1.6,15.132,11.2
10B1J,10,B,61,485.0,0.0,18.969,16.959,27.835,11.404,4.742,3.216,20.412,32.164,17.526,22.515,1.649,2.632,8.866,11.111
10B1K,10,B,61,423.0,0.0,18.203,17.959,22.222,10.612,4.728,3.265,19.385,31.02,20.331,24.49,2.128,2.449,13.002,10.204
10B1L,10,B,61,397.0,0.0,18.136,16.4,26.7,10.0,4.282,3.6,20.151,31.2,17.38,24.8,1.511,2.4,11.839,11.6
10B1M,10,B,61,340.0,0.0,17.353,17.083,23.824,10.417,5.294,3.333,19.706,30.417,20.294,25.417,0.588,2.083,12.941,11.25
10B2A,10,B,62,482.0,0.0,14.938,19.035,25.726,11.528,6.224,2.681,20.124,32.44,17.012,19.303,3.32,3.217,12.656,11.796
10B2B,10,B,62,545.0,0.0,19.633,18.53,29.725,11.502,2.752,3.195,21.651,33.227,12.661,18.85,2.752,2.556,10.826,12.141
10B2C,10,B,62,209.0,0.0,20.096,17.778,26.316,11.667,4.306,3.333,20.096,31.667,13.397,18.333,2.392,2.778,13.397,14.444
10B2D,10,B,62,515.0,0.0,21.359,17.832,28.932,12.238,4.272,3.497,18.835,33.217,11.068,18.182,1.165,2.797,14.369,12.238
10B2E,10,B,62,310.0,0.0,19.032,18.229,29.677,11.979,4.839,3.125,16.129,31.771,16.129,18.75,2.258,3.125,11.935,13.021
10B2F,10,B,62,303.0,0.0,19.472,18.487,28.383,12.605,3.63,3.361,16.832,31.513,15.842,19.748,2.97,2.941,12.871,11.345
10B2G,10,B,62,326.0,0.0,22.393,18.41,30.061,12.552,2.454,3.766,20.859,31.381,12.577,20.084,1.84,2.929,9.816,10.879
10B2H,10,B,62,484.0,0.0,20.041,18.421,29.959,11.696,3.512,3.509,21.074,30.994,10.744,21.053,1.24,2.047,13.43,12.281
10B2J,10,B,62,261.0,0.0,13.793,16.822,30.268,11.682,5.747,3.738,23.372,34.112,15.709,18.692,0.766,2.804,10.345,12.15
10B2K,10,B,62,397.0,0.0,20.151,17.442,23.929,11.24,5.038,3.488,20.655,34.496,16.121,19.767,2.771,2.326,11.335,11.24
10B2L,10,B,62,486.0,0.0,20.576,20.495,35.597,14.865,3.909,4.279,17.49,28.153,11.317,17.568,3.909,4.955,7.202,9.685
10B2M,10,B,62,275.0,0.0,18.182,19.865,31.273,12.121,5.455,3.03,18.909,32.997,13.818,17.845,4.0,4.04,8.364,10.101
10B2N,10,B,62,329.0,0.0,14.286,17.327,31.611,12.376,5.471,4.455,21.277,35.149,11.55,17.822,3.04,2.97,12.766,9.901
10B2P,10,B,62,261.0,0.0,22.222,18.889,29.119,13.333,7.663,4.444,18.008,31.667,8.812,17.778,2.299,3.333,11.877,10.556
10B2Q,10,B,62,293.0,0.0,18.089,20.495,31.399,15.194,4.778,4.594,19.113,31.802,12.969,15.194,3.072,3.534,10.58,9.187
10B2R,10,B,62,453.0,0.0,20.309,17.742,26.711,12.5,3.753,4.435,22.737,35.081,18.102,18.548,0.883,2.823,7.506,8.871
10B2S,10,B,62,462.0,0.0,19.481,19.171,34.199,13.99,4.545,3.627,16.45,31.347,13.853,20.984,1.948,2.332,9.524,8.549
10B2T,10,B,62,484.0,0.0,19.628,17.539,30.165,10.995,3.512,3.927,20.455,33.246,10.331,21.728,4.752,3.141,11.157,9.424
10B3A,10,B,63,323.0,0.0,16.409,17.917,23.839,11.25,3.096,4.167,17.337,30.0,20.743,21.25,4.334,2.083,14.241,13.333
10B3B,10,B,63,281.0,0.0,13.523,16.327,21.708,10.612,5.338,4.49,16.37,28.163,22.776,20.408,2.491,2.449,17.794,17.551
10B3C,10,B,63,376.0,0.0,19.681,17.327,19.681,10.396,4.521,3.465,14.894,29.208,19.681,22.772,1.596,1.98,19.947,14.851
10B3D,10,B,63,251.0,0.0,15.936,16.667,23.108,10.36,5.179,4.054,14.741,28.829,23.108,22.973,2.39,2.252,15.538,14.865
10B3E,10,B,63,437.0,0.0,13.959,16.013,22.197,9.477,8.696,4.575,16.247,28.105,19.222,24.51,4.348,2.614,15.332,14.706
10B3F,10,B,63,388.0,0.0,14.948,16.94,25.0,9.836,7.732,4.372,19.072,29.508,18.299,23.497,1.804,2.186,13.144,13.661
10B3G,10,B,63,297.0,0.0,15.825,14.433,28.62,9.278,4.714,3.78,16.835,33.677,16.835,23.024,0.673,2.749,16.498,13.058
10B3H,10,B,63,409.0,0.0,14.914,16.346,27.873,9.615,3.912,3.846,18.337,31.731,21.516,23.077,2.445,2.404,11.002,12.981
10B3J,10,B,63,345.0,0.0,19.13,17.727,18.261,10.455,6.957,4.091,21.739,29.091,17.391,21.818,3.768,2.727,12.754,14.091
10B3K,10,B,63,187.0,0.0,19.251,16.883,24.599,10.39,5.348,3.896,23.529,29.221,16.043,22.727,1.604,2.597,9.626,14.286
10B3L,10,B,63,513.0,0.0,21.637,18.992,25.731,10.465,4.288,3.876,15.01,30.233,15.984,24.806,2.339,1.938,15.01,9.69
10B3M,10,B,63,556.0,0.0,16.547,18.561,26.799,10.227,3.957,4.167,19.245,29.924,20.324,24.242,1.439,2.273,11.691,10.606
10B3N,10,B,63,505.0,0.0,18.416,18.659,29.109,12.536,4.158,4.082,15.05,30.029,15.248,21.866,3.564,2.332,14.455,10.496
10B3P,10,B,63,553.0,0.0,15.371,18.298,36.347,11.915,5.967,3.83,16.094,31.064,9.765,21.702,3.436,2.128,13.02,11.064
10B4A,10,B,64,234.0,0.0,17.521,18.976,24.786,18.072,5.983,4.819,24.359,30.12,10.256,16.867,3.846,2.108,13.248,9.036
10B4B,10,B,64,510.0,0.0,17.059,19.0,29.02,15.667,2.745,4.333,18.039,31.333,15.686,16.667,1.176,2.667,16.275,10.333
10B4C,10,B,64,233.0,0.0,18.884,17.788,26.18,17.788,2.575,4.808,24.034,27.885,11.588,15.865,3.004,3.365,13.734,12.5
10B4D,10,B,64,186.0,0.0,17.204,17.553,30.645,19.149,9.14,4.787,20.43,27.128,8.602,15.957,0.538,3.191,13.441,12.234
10B4E,10,B,64,275.0,0.0,16.727,18.065,33.455,16.452,4.364,4.194,20.0,31.935,12.727,15.161,2.182,3.226,10.545,10.968
10B4F,10,B,64,442.0,0.0,14.48,17.004,42.986,18.623,5.882,4.858,10.86,28.34,11.538,17.814,3.167,3.644,11.086,9.717
10B4G,10,B,64,318.0,0.0,18.868,17.257,31.761,19.469,4.088,4.867,23.585,27.876,11.635,17.257,1.572,3.54,8.491,9.735
10B4H,10,B,64,489.0,0.0,21.063,17.975,28.63,18.228,6.748,5.823,21.268,29.367,10.838,17.722,2.658,2.785,8.793,8.101
10B4J,10,B,64,376.0,0.0,13.564,18.806,47.34,23.881,6.117,5.373,13.83,24.478,11.17,17.612,2.394,2.687,5.585,7.164
10B4K,10,B,64,509.0,0.0,19.646,18.135,42.043,21.244,8.251,5.181,12.77,26.425,9.43,17.098,0.589,3.109,7.269,8.808
10B4L,10,B,64,347.0,0.0,15.562,18.433,38.04,20.737,6.916,5.53,15.274,26.728,12.104,17.051,2.882,3.226,9.222,8.295
10B4M,10,B,64,536.0,0.0,15.485,19.149,38.806,20.567,4.291,4.965,15.485,27.66,13.433,17.376,2.425,3.191,10.075,7.092
10B4N,10,B,64,506.0,0.0,15.415,18.959,37.549,20.446,4.743,4.833,15.415,27.509,12.846,17.1,3.162,3.346,10.87,7.807
10B4P,10,B,64,449.0,0.0,18.931,18.687,38.976,25.0,9.354,4.293,13.808,25.253,7.572,16.162,3.118,3.535,8.241,7.071
10B4Q,10,B,64,492.0,0.0,16.26,18.502,43.496,23.348,8.13,4.846,12.805,25.991,8.13,16.74,3.252,3.965,7.927,6.608
10B4R,10,B,64,448.0,0.0,14.509,18.277,42.857,24.543,7.812,4.961,12.946,24.543,10.268,16.188,2.679,5.222,8.929,6.266
10B4S,10,B,64,149.0,0.0,21.477,12.308,23.49,18.462,12.081,6.154,16.107,15.385,7.383,16.923,4.698,9.231,14.765,21.538
10B4T,10,B,64,561.0,0.0,14.795,18.909,45.811,21.455,12.299,6.182,8.734,24.0,8.556,18.182,2.674,3.636,7.13,7.636
10B4V,10,B,64,444.0,0.0,16.216,18.0,47.523,26.0,11.261,6.0,11.036,22.0,6.306,18.8,3.153,3.2,4.505,6.0
10B4W,10,B,64,392.0,0.0,13.776,18.265,53.061,24.658,6.888,5.936,12.245,22.831,6.122,17.808,1.786,3.653,6.122,6.849
10B4X,10,B,64,449.0,0.0,17.817,18.719,47.439,22.167,7.127,5.911,10.913,25.123,8.463,17.241,1.336,3.941,6.904,6.897
10B4Y,10,B,64,392.0,0.0,17.857,18.375,37.245,23.322,9.949,7.067,12.5,24.382,10.714,15.901,4.082,4.594,7.653,6.36
10B4ZA,10,B,64,393.0,0.0,16.285,18.132,47.328,23.077,9.924,5.495,8.906,25.275,7.379,16.484,2.799,3.846,7.379,7.692
10B4ZB,10,B,64,347.0,0.0,12.104,18.357,44.38,24.155,8.357,5.797,12.68,24.155,13.256,15.942,0.865,4.348,8.357,7.246
10B4ZC,10,B,64,357.0,0.0,18.768,18.182,47.059,23.923,6.162,6.22,15.686,24.402,5.322,16.268,1.12,3.828,5.882,7.177
10B5A,10,B,65,439.0,0.0,17.084,19.608,41.002,27.778,8.884,5.229,13.895,21.242,9.339,14.706,2.961,3.595,6.834,7.843
10B5B,10,B,65,456.0,0.0,21.711,17.489,39.474,28.7,9.868,5.381,13.596,21.076,10.307,14.798,1.096,4.036,3.947,8.52
10B5C,10,B,65,549.0,0.0,20.036,15.182,38.069,29.043,5.1,4.95,13.479,22.772,12.022,14.851,4.554,4.95,6.74,8.251
10B5D,10,B,65,542.0,0.0,17.528,16.309,43.358,32.189,5.535,5.579,9.041,18.884,10.886,15.021,3.875,3.863,9.779,8.155
10B5E,10,B,65,457.0,0.0,17.068,16.479,47.265,32.959,7.44,5.618,11.597,17.603,7.002,14.981,2.626,3.745,7.002,8.614
10B5F,10,B,65,401.0,0.0,17.456,16.279,41.895,30.698,8.978,6.047,11.721,20.0,6.983,14.419,4.988,4.186,7.98,8.372
10B5G,10,B,65,503.0,0.0,22.863,16.254,33.201,31.095,7.555,6.007,13.121,20.141,5.765,13.781,5.765,4.24,11.73,8.481
10B5H,10,B,65,355.0,0.0,20.563,17.53,34.366,27.092,13.239,6.375,12.394,20.319,9.859,15.139,3.099,5.578,6.479,7.968
10B5J,10,B,65,393.0,0.0,13.995,15.837,39.186,29.864,8.142,5.882,13.995,20.814,10.178,16.29,4.071,4.072,10.433,7.24
10B5K,10,B,65,402.0,0.0,18.657,17.453,37.065,27.83,9.453,6.604,15.672,20.755,8.955,15.094,4.726,5.189,5.473,7.075
10B5L,10,B,65,385.0,0.0,20.779,16.14,36.364,29.474,9.091,7.018,13.766,20.702,10.39,17.193,2.338,3.86,7.273,5.614
10B5M,10,B,65,317.0,0.0,24.606,16.402,38.17,29.63,5.994,6.878,12.618,21.164,10.095,14.815,2.524,3.175,5.994,7.937
10B5N,10,B,65,400.0,0.0,17.25,16.938,39.75,29.316,11.75,7.492,12.0,22.476,7.5,13.681,4.5,2.606,7.25,7.492
10B5P,10,B,65,418.0,0.0,18.421,15.415,34.928,29.644,10.048,5.929,17.225,20.949,8.852,16.206,4.306,3.557,6.22,8.3
10B5Q,10,B,65,391.0,0.0,14.834,16.092,44.757,31.609,4.604,5.172,11.765,18.966,14.578,15.517,3.069,4.023,6.394,8.621
10B5R,10,B,65,392.0,0.0,16.327,15.979,44.643,32.474,10.969,5.155,6.122,18.041,10.714,15.979,5.102,4.124,6.122,8.247
10B5S,10,B,65,397.0,0.0,13.602,16.129,44.332,32.719,7.557,5.069,10.831,17.512,9.32,16.59,6.549,4.147,7.809,7.834
10B5T,10,B,65,409.0,0.0,17.115,16.146,40.831,32.292,6.846,5.729,13.203,18.75,13.447,15.104,1.711,4.167,6.846,7.812
10B5V,10,B,65,348.0,0.0,15.805,16.244,49.138,32.487,5.46,6.091,6.322,18.782,13.218,15.228,3.448,4.569,6.609,6.599
10B5W,10,B,65,461.0,0.0,16.269,17.091,43.384,32.364,8.46,6.182,11.28,18.182,11.931,14.909,4.772,4.364,3.905,6.909
10B5X,10,B,65,412.0,0.0,13.592,16.263,49.515,32.526,6.796,6.92,12.621,21.107,8.01,13.495,3.641,3.806,5.825,5.882
10B5Y,10,B,65,365.0,0.0,20.274,16.842,41.644,31.579,7.671,6.316,9.589,20.526,9.041,14.737,4.384,3.684,7.397,6.316
10B5ZA,10,B,65,452.0,0.0,16.15,16.337,38.938,30.198,9.071,5.941,14.602,20.297,6.195,16.832,4.867,3.96,10.177,6.436
10B5ZB,10,B,65,363.0,0.0,11.846,16.585,45.455,30.244,7.438,5.854,12.672,20.488,11.019,16.585,5.51,3.902,6.061,6.341
10B5ZC,10,B,65,363.0,0.0,15.702,16.477,42.424,30.682,8.264,5.682,11.295,20.455,11.295,15.909,3.857,3.977,7.163,6.818
10B5ZD,10,B,65,359.0,0.0,13.37,15.538,40.39,33.865,10.028,6.375,12.813,19.522,11.421,15.936,4.457,3.984,7.521,4.781
10B5ZE,10,B,65,399.0,0.0,13.784,19.245,47.368,29.811,6.767,7.17,12.782,18.868,8.271,15.849,4.511,3.774,6.516,5.283
10B5ZF,10,B,65,386.0,0.0,17.098,18.519,39.378,30.093,6.736,6.944,15.026,19.444,12.176,15.741,2.85,3.704,6.736,5.556
10B5ZG,10,B,65,411.0,0.0,14.355,16.146,49.148,31.771,6.569,6.25,10.219,20.312,7.299,16.146,6.083,4.167,6.326,5.208
10B5ZH,10,B,65,443.0,0.0,14.673,15.867,39.503,28.044,11.738,8.118,13.318,21.033,6.546,16.974,3.386,4.428,10.835,5.535
10B6A,10,B,66,431.0,0.0,16.937,20.0,26.914,13.699,4.64,4.384,15.313,25.205,23.434,19.726,1.856,3.836,10.905,13.151
10B6B,10,B,66,469.0,0.0,15.991,19.805,39.232,14.61,3.838,4.545,16.844,26.948,12.58,20.13,0.853,2.273,10.661,11.688
10B6C,10,B,66,512.0,0.0,16.016,18.868,33.789,11.635,6.055,6.918,16.602,23.899,12.109,21.698,3.125,3.459,12.305,13.522
10B6D,10,B,66,580.0,0.0,15.862,19.118,40.69,16.176,3.448,4.412,17.414,26.838,10.172,19.118,3.448,2.574,8.966,11.765
10B6E,10,B,66,365.0,0.0,16.986,17.917,36.438,15.417,4.11,5.0,16.164,28.333,11.781,17.917,1.644,2.917,12.877,12.5
10B6F,10,B,66,446.0,0.0,16.143,16.776,32.511,14.803,6.951,5.592,17.265,29.605,13.901,16.447,1.794,2.961,11.435,13.816
10B6G,10,B,66,584.0,0.0,17.637,18.027,34.589,17.347,4.623,3.741,18.664,27.211,10.103,18.707,2.911,3.061,11.473,11.905
10B6H,10,B,66,312.0,0.0,21.795,16.558,35.256,16.558,3.846,5.195,13.141,26.948,12.5,19.156,2.885,3.896,10.577,11.688
10B6J,10,B,66,303.0,0.0,16.172,17.273,32.013,18.636,8.251,5.909,19.472,24.091,9.901,18.636,5.611,3.636,8.581,11.818
10B6K,10,B,66,645.0,0.0,12.868,17.172,39.38,21.465,9.922,7.071,12.558,22.222,12.558,18.687,2.946,3.788,9.767,9.596
10B6L,10,B,66,339.0,0.0,20.059,18.026,43.658,19.313,7.67,6.438,11.504,25.751,8.26,17.597,4.13,3.004,4.72,9.871
10B6M,10,B,66,437.0,0.0,20.824,18.493,37.071,19.863,6.865,6.507,16.705,25.342,8.467,17.123,2.746,2.74,7.323,9.932
10B6N,10,B,66,349.0,0.0,15.186,16.864,29.513,15.385,4.298,5.03,15.186,27.219,19.771,20.414,2.006,2.367,14.04,12.722
10B6P,10,B,66,381.0,0.0,20.21,17.117,33.333,16.667,3.675,4.505,13.648,26.577,14.698,22.072,1.312,2.252,13.123,10.811
10B6Q,10,B,66,356.0,0.0,12.64,16.418,38.764,16.045,6.742,4.851,14.045,25.0,12.921,22.761,0.843,2.612,14.045,12.313
10W101,10,W,61,406.0,1342.0,9.606,12.098,18.719,8.318,3.202,3.403,17.241,27.032,39.655,27.221,2.709,2.268,8.867,19.66
10W102,10,W,61,429.0,1349.0,14.918,14.832,22.611,9.021,3.497,3.058,15.152,26.3,31.002,29.511,2.098,1.988,10.723,15.291
10W103,10,W,61,334.0,1173.0,14.072,14.425,20.359,9.046,5.09,2.689,14.97,18.826,29.94,35.208,2.695,2.445,12.874,17.359
10W104,10,W,61,408.0,1324.0,15.686,16.283,21.814,9.046,2.941,3.454,14.461,25.164,29.902,29.112,1.716,2.138,13.48,14.803
10W105,10,W,61,395.0,1203.0,13.418,15.992,25.063,11.753,2.025,3.854,12.152,20.809,32.405,31.407,1.519,2.697,13.418,13.487
10W106,10,W,61,373.0,1214.0,10.188,13.748,24.129,8.098,3.485,2.825,15.013,25.424,34.048,31.827,1.609,2.072,11.528,16.008
10W107,10,W,61,383.0,1293.0,14.36,15.075,21.671,9.213,2.089,2.68,14.621,26.968,30.809,28.811,2.089,1.34,14.36,15.913
10W108,10,W,61,314.0,1302.0,10.828,15.272,17.834,7.95,1.274,3.138,15.605,27.197,37.261,28.661,2.548,1.255,14.65,16.527
10W109,10,W,61,306.0,1363.0,17.647,15.323,20.915,8.669,1.307,3.226,15.359,27.621,32.353,28.831,1.634,1.815,10.784,14.516
10W110,10,W,61,354.0,1346.0,18.644,15.068,20.904,8.904,3.39,3.767,15.254,27.226,29.661,28.082,1.977,2.74,10.169,14.212
10W111,10,W,61,283.0,1121.0,10.601,16.08,24.028,7.035,3.534,3.266,13.074,21.608,34.982,31.407,3.18,2.01,10.601,18.593
10W112,10,W,61,271.0,1060.0,11.07,15.291,17.712,6.796,4.059,3.641,14.76,22.816,36.9,32.767,3.321,2.184,12.177,16.505
10W113,10,W,61,317.0,1148.0,11.041,14.352,19.558,6.25,4.101,4.167,13.565,23.148,33.754,33.102,3.155,2.546,14.826,16.435
10W114,10,W,61,401.0,1595.0,15.461,13.628,22.943,8.829,4.738,4.031,10.973,22.073,29.426,32.054,3.491,1.919,12.968,17.466
10W115,10,W,61,345.0,1273.0,18.261,16.538,26.377,10.385,2.319,3.462,13.333,24.423,28.116,28.462,3.478,2.115,8.116,14.615
10W116,10,W,61,330.0,1130.0,9.091,13.84,19.697,10.136,2.424,2.534,21.212,27.096,36.364,27.875,1.818,1.365,9.394,17.154
10W117,10,W,61,354.0,1270.0,18.079,18.953,19.774,11.372,2.825,3.971,18.362,22.924,29.096,25.271,1.412,3.069,10.452,14.44
10W118,10,W,61,505.0,1247.0,14.455,16.61,30.297,11.815,2.97,3.596,11.683,23.63,28.317,30.479,2.376,1.884,9.901,11.986
10W119,10,W,61,447.0,1239.0,8.949,16.699,27.517,10.94,3.579,3.455,14.541,23.608,31.991,31.094,3.579,1.919,9.843,12.284
10W120,10,W,61,264.0,1146.0,17.045,16.667,16.288,8.444,2.652,3.111,12.5,22.444,35.985,31.111,1.515,1.556,14.015,16.667
10W121,10,W,61,368.0,1263.0,18.207,16.914,20.652,7.063,2.446,3.903,18.207,25.465,30.163,31.041,1.087,2.045,9.239,13.569
10W122,10,W,61,421.0,1241.0,12.352,15.543,21.853,8.24,1.188,3.558,17.34,24.906,31.116,31.648,1.425,2.622,14.727,13.483
10W123,10,W,61,364.0,1226.0,9.89,13.736,24.725,8.425,3.297,3.663,12.637,22.711,32.967,32.051,2.747,2.93,13.736,16.484
10W124,10,W,61,284.0,1169.0,13.028,13.361,13.732,9.603,3.169,2.505,16.549,20.251,34.155,32.777,3.873,1.461,15.493,20.042
10W125,10,W,61,289.0,1190.0,19.377,17.585,15.917,5.72,1.384,4.025,9.343,23.729,35.64,32.415,2.768,0.847,15.571,15.678
10W201,10,W,62,534.0,1611.0,14.981,17.301,22.659,8.304,5.805,3.46,15.169,23.529,28.464,31.315,2.434,1.903,10.487,14.187
10W202,10,W,62,347.0,1244.0,12.104,17.342,17.291,7.658,5.476,3.604,19.885,24.324,27.666,29.955,1.729,1.802,15.85,15.315
10W203,10,W,62,323.0,1183.0,19.505,20.0,24.768,9.434,2.786,2.83,17.028,24.906,21.672,26.415,2.167,2.264,12.074,14.151
10W204,10,W,62,284.0,1161.0,19.718,19.681,25.704,10.284,2.817,4.433,14.085,23.05,26.761,27.128,1.761,2.482,9.155,12.943
10W205,10,W,62,320.0,1146.0,14.688,19.284,23.438,9.94,4.062,3.579,16.875,25.249,26.562,26.839,2.5,2.187,11.875,12.922
10W206,10,W,62,346.0,1152.0,22.543,20.077,24.566,10.039,4.046,3.282,15.029,24.324,18.497,26.448,2.601,2.317,12.717,13.514
10W207,10,W,62,312.0,1219.0,12.821,18.644,22.436,9.534,4.808,3.178,16.987,26.483,32.692,26.059,1.923,2.119,8.333,13.983
10W208,10,W,62,435.0,1302.0,20.0,16.585,26.207,10.016,2.989,3.12,11.264,22.167,29.195,33.333,2.759,2.135,7.586,12.644
10W209,10,W,62,437.0,1337.0,11.213,15.847,25.629,9.836,3.661,2.55,12.586,24.044,32.494,32.058,1.144,2.004,13.272,13.661
10W210,10,W,62,420.0,1372.0,16.429,18.07,29.286,10.413,3.095,2.603,14.048,26.034,25.0,28.025,2.857,1.991,9.286,12.864
10W211,10,W,62,495.0,1357.0,19.596,17.065,25.455,8.874,3.434,3.413,20.0,28.498,19.798,27.816,3.03,1.706,8.687,12.628
10W212,10,W,62,339.0,1317.0,21.534,17.112,23.599,11.052,4.425,4.278,15.634,25.49,22.124,27.451,2.36,2.317,10.324,12.299
10W213,10,W,62,355.0,1317.0,17.465,18.451,20.282,6.755,2.254,3.624,16.62,29.16,32.394,24.382,2.254,2.471,8.732,15.157
10W214,10,W,62,437.0,1338.0,15.561,16.396,22.654,8.929,3.204,3.084,17.849,29.221,25.4,29.058,2.288,1.623,13.043,11.688
10W215,10,W,62,389.0,1316.0,13.625,17.114,19.28,7.55,6.17,2.852,20.051,31.04,26.992,27.181,3.342,3.02,10.54,11.242
10W216,10,W,62,381.0,1102.0,18.373,16.964,22.835,11.964,6.299,4.286,16.01,25.179,22.835,27.679,1.575,2.321,12.073,11.607
10W217,10,W,62,432.0,1233.0,16.435,18.09,30.787,13.233,3.704,4.188,12.963,24.958,23.843,25.293,4.63,4.02,7.639,10.218
10W218,10,W,62,427.0,1157.0,16.159,15.0,29.977,13.833,3.747,5.167,15.925,27.667,20.843,22.0,3.044,3.5,10.304,12.833
10W219,10,W,62,392.0,1128.0,17.092,17.295,28.061,12.158,6.122,4.623,14.796,27.055,22.194,23.801,4.337,2.568,7.398,12.5
10W220,10,W,62,342.0,1161.0,15.205,19.584,26.023,13.345,5.848,3.466,19.883,25.65,22.222,23.224,2.632,3.64,8.187,11.092
10W221,10,W,62,408.0,1120.0,23.039,21.044,28.922,11.953,3.186,2.694,12.99,27.609,19.363,23.737,2.206,1.347,10.294,11.616
10W222,10,W,62,372.0,1128.0,18.548,18.058,26.075,11.925,1.613,4.259,18.817,27.087,22.581,24.191,2.151,2.555,10.215,11.925
10W223,10,W,62,310.0,1122.0,15.161,16.82,23.548,10.829,1.935,3.456,20.645,26.498,28.065,28.802,1.613,1.613,9.032,11.982
10W224,10,W,62,352.0,1072.0,19.602,17.557,28.125,12.468,1.42,3.053,11.648,26.718,28.125,26.972,2.273,2.036,8.807,11.196
10W225,10,W,62,413.0,1195.0,20.823,17.399,24.939,12.83,5.327,4.042,16.465,30.404,21.792,22.32,2.421,1.933,8.232,11.072
10W226,10,W,62,354.0,1169.0,15.819,20.625,20.056,9.792,3.672,3.542,15.537,27.708,31.921,26.875,3.107,1.042,9.887,10.417
10W227,10,W,62,273.0,1141.0,19.78,27.364,29.304,11.268,3.663,2.616,15.018,26.358,21.245,21.127,1.832,2.414,9.158,8.853
10W301,10,W,63,370.0,1473.0,12.973,14.773,19.73,7.008,2.432,2.083,14.054,23.485,33.243,28.598,3.243,1.515,14.324,22.538
10W302,10,W,63,388.0,1434.0,12.113,14.103,21.392,8.333,3.351,5.769,13.144,20.726,34.794,29.274,3.608,2.564,11.598,19.231
10W303,10,W,63,374.0,1486.0,10.963,16.262,19.786,7.85,3.476,2.804,12.032,21.682,39.572,31.963,2.406,2.243,11.765,17.196
10W304,10,W,63,218.0,1235.0,11.927,12.955,14.22,7.955,3.211,3.636,14.679,24.773,38.073,32.273,2.752,2.727,15.138,15.682
10W305,10,W,63,311.0,1363.0,14.148,14.372,17.685,9.109,2.894,3.036,18.006,22.874,32.154,26.518,2.251,3.239,12.862,20.85
10W306,10,W,63,260.0,1144.0,15.0,15.011,20.0,8.879,2.692,3.805,13.462,25.159,28.846,29.598,4.615,2.537,15.385,15.011
10W307,10,W,63,340.0,951.0,12.059,14.986,27.647,8.646,6.176,4.323,10.882,25.36,28.235,30.259,1.765,2.305,13.235,14.121
10W308,10,W,63,387.0,1314.0,11.628,14.508,21.447,9.154,5.426,3.454,9.561,22.453,30.233,30.57,3.101,2.591,18.605,17.271
10W309,10,W,63,376.0,1358.0,13.298,15.105,22.872,7.648,3.723,3.059,14.096,23.709,29.255,31.358,1.862,1.721,14.894,17.4
10W310,10,W,63,429.0,1379.0,11.189,14.971,24.709,8.061,4.895,3.263,13.287,23.417,30.536,31.286,2.331,1.919,13.054,17.083
10W311,10,W,63,403.0,1300.0,15.633,18.473,19.851,7.882,4.963,3.448,13.151,17.734,28.04,32.512,3.97,1.478,14.392,18.473
10W312,10,W,63,253.0,1051.0,10.672,16.977,27.668,7.907,3.953,3.256,12.253,19.535,28.854,33.256,2.372,1.86,14.229,17.209
10W313,10,W,63,342.0,1117.0,12.865,15.933,30.409,8.176,1.754,3.564,11.111,21.803,27.485,30.398,1.462,2.306,14.912,17.82
10W314,10,W,63,272.0,984.0,13.235,16.545,19.485,8.029,5.147,3.406,14.706,22.628,30.515,30.657,1.838,2.433,15.074,16.302
10W315,10,W,63,365.0,1213.0,16.712,17.75,20.0,8.436,3.014,3.339,12.603,23.902,33.151,30.404,4.384,3.163,10.137,13.005
10W316,10,W,63,386.0,1249.0,11.917,15.705,21.503,10.096,2.85,4.808,11.399,22.436,33.161,29.327,3.368,2.724,15.803,14.904
10W317,10,W,63,333.0,1219.0,15.315,15.162,21.321,11.552,3.904,2.166,15.616,22.202,30.33,28.159,2.703,3.43,10.811,17.329
10W318,10,W,63,366.0,1179.0,12.568,13.758,23.497,11.294,4.645,3.08,16.12,22.793,30.328,31.622,2.459,2.053,10.383,15.4
10W319,10,W,63,274.0,1072.0,16.788,16.584,20.438,7.673,4.38,5.198,17.153,27.228,29.562,28.96,1.095,1.485,10.584,12.871
10W320,10,W,63,339.0,1087.0,12.684,18.798,26.844,9.496,3.54,3.488,14.159,22.481,28.024,29.651,1.475,2.713,13.274,13.372
10W321,10,W,63,391.0,1383.0,13.811,17.717,28.9,10.733,3.069,3.748,11.509,21.124,25.831,30.494,3.836,2.555,13.043,13.629
10W322,10,W,63,408.0,1346.0,15.196,16.617,27.206,9.792,3.431,3.412,11.029,20.772,27.451,33.234,2.696,2.967,12.99,13.205
10W323,10,W,63,313.0,1169.0,17.891,16.21,24.601,8.447,4.792,3.196,10.224,21.005,27.796,34.475,1.597,3.196,13.099,13.47
10W324,10,W,63,389.0,1347.0,13.625,17.968,26.478,11.635,3.342,3.535,15.938,22.975,30.077,28.13,2.571,2.504,7.969,13.255
10W325,10,W,63,344.0,1089.0,19.186,18.203,21.512,11.584,2.035,3.31,13.081,24.823,27.035,25.768,3.198,2.364,13.953,13.948
10W326,10,W,63,468.0,1201.0,16.026,20.13,34.615,13.42,4.487,4.762,13.462,25.108,17.735,24.675,1.923,3.03,11.752,8.874
10W327,10,W,63,425.0,1165.0,15.059,20.0,29.647,13.333,3.529,4.63,18.588,25.0,19.294,24.63,3.765,3.148,10.118,9.259
10W401,10,W,64,404.0,1193.0,16.584,18.103,27.228,9.483,2.475,3.448,20.297,32.586,21.782,23.793,1.733,1.552,9.901,11.034
10W402,10,W,64,289.0,1179.0,14.879,18.929,24.913,9.107,3.46,3.393,17.993,31.607,24.221,23.393,2.076,1.964,12.457,11.607
10W403,10,W,64,425.0,1183.0,16.706,17.885,28.235,8.709,1.647,3.421,19.059,29.393,21.647,24.417,2.118,2.644,10.588,13.53
10W404,10,W,64,368.0,1134.0,11.957,18.819,21.739,11.07,2.989,3.69,19.293,25.461,29.62,26.568,2.446,1.845,11.957,12.546
10W405,10,W,64,399.0,1176.0,13.033,16.243,25.063,11.742,4.01,3.718,19.298,28.18,23.559,26.81,3.509,1.761,11.529,11.546
10W406,10,W,64,437.0,1343.0,17.391,12.215,20.824,11.075,5.034,3.583,23.112,33.876,19.908,26.059,2.746,2.117,10.984,11.075
10W407,10,W,64,267.0,737.0,12.36,17.552,37.828,21.016,8.614,6.467,10.861,20.092,15.356,18.707,3.371,4.619,11.61,11.547
10W408,10,W,64,248.0,732.0,13.71,17.602,41.935,21.173,6.452,6.633,9.677,20.153,19.758,18.622,3.226,4.592,5.242,11.224
10W409,10,W,64,370.0,1287.0,16.757,17.358,29.189,13.671,3.243,3.994,19.73,29.493,18.378,20.584,2.432,1.69,10.27,13.21
10W410,10,W,64,338.0,1195.0,15.976,17.098,21.006,13.126,4.734,3.454,21.893,27.116,21.893,24.525,2.367,2.245,12.13,12.435
10W411,10,W,64,440.0,1109.0,14.318,17.026,24.091,12.931,6.818,3.017,18.409,26.078,22.273,26.078,1.818,2.802,12.273,12.069
10W412,10,W,64,453.0,1220.0,15.673,17.404,34.879,23.746,4.636,6.342,13.687,21.976,21.413,20.059,2.208,3.982,7.506,6.49
10W413,10,W,64,442.0,1236.0,14.48,16.139,37.783,20.886,6.109,5.222,11.538,23.101,18.552,23.734,4.977,3.639,6.561,7.278
10W414,10,W,64,406.0,1068.0,16.995,14.923,36.207,20.755,5.172,5.317,16.256,22.47,16.749,24.528,2.956,3.774,5.665,8.233
10W415,10,W,64,261.0,1086.0,16.858,20.192,21.839,10.577,6.13,3.846,12.644,25.962,29.119,24.76,2.299,1.683,11.111,12.981
10W416,10,W,64,542.0,1235.0,11.808,16.643,40.406,21.119,3.321,4.336,11.808,21.678,20.295,24.196,3.875,3.776,8.487,8.252
10W417,10,W,64,355.0,1138.0,17.465,17.101,26.761,13.913,7.324,3.478,11.549,27.826,21.127,23.188,5.07,3.188,10.704,11.304
10W418,10,W,64,312.0,1216.0,14.103,18.2,22.436,12.065,4.487,3.272,17.308,28.221,21.474,23.722,1.603,2.454,18.59,12.065
10W419,10,W,64,375.0,1233.0,13.867,16.964,34.667,22.143,11.2,6.429,12.8,20.536,15.2,20.893,4.533,3.571,7.733,9.464
10W420,10,W,64,501.0,1323.0,13.373,16.508,39.721,22.381,6.387,5.556,13.373,22.063,17.964,23.175,2.595,3.333,6.587,6.984
10W421,10,W,64,575.0,1352.0,16.348,15.264,33.739,23.68,7.652,5.421,12.522,21.683,16.522,23.395,4.696,3.566,8.522,6.99
10W422,10,W,64,248.0,821.0,17.339,16.875,23.79,25.625,17.339,5.625,8.871,18.125,12.5,20.0,6.452,4.375,13.71,9.375
10W423,10,W,64,375.0,1034.0,13.867,17.476,37.067,26.408,7.733,5.437,10.133,18.835,22.133,20.388,5.067,4.078,4.0,7.379
10W424,10,W,64,345.0,737.0,12.464,18.079,40.29,28.249,10.435,5.65,14.203,18.644,10.145,20.339,4.058,3.955,8.406,5.085
10W425,10,W,64,405.0,1160.0,15.062,19.17,42.469,28.854,10.123,5.534,8.395,17.787,12.593,18.577,3.951,3.36,7.407,6.719
10W426,10,W,64,510.0,1072.0,15.49,18.512,44.118,29.091,8.627,5.289,10.392,18.678,11.569,19.339,3.529,3.471,6.275,5.62
10W427,10,W,64,455.0,1133.0,17.363,18.531,40.879,27.448,8.791,6.294,11.429,18.357,12.967,19.406,3.297,4.196,5.275,5.769
10W428,10,W,64,418.0,1049.0,14.833,19.384,41.388,28.261,9.091,7.428,11.722,17.754,11.483,18.478,4.545,3.986,6.938,4.71
10W429,10,W,64,446.0,1104.0,15.695,17.794,38.117,28.648,7.623,5.694,9.865,19.751,14.574,19.751,5.605,3.559,8.52,4.804
10W430,10,W,64,442.0,1039.0,9.502,17.559,43.439,29.264,5.882,4.849,10.181,19.9,17.873,20.067,4.299,3.344,8.824,5.017
10W431,10,W,64,457.0,1178.0,15.536,20.3,41.575,28.952,6.565,5.491,12.254,16.639,12.473,18.303,4.376,3.328,7.221,6.988
10W501,10,W,65,460.0,1191.0,13.478,17.825,40.652,29.758,5.217,4.834,13.478,16.012,16.739,19.94,3.478,3.021,6.957,8.61
10W502,10,W,65,426.0,1215.0,14.789,17.121,38.967,30.606,4.93,5.152,11.033,16.515,18.779,19.697,3.521,3.333,7.981,7.576
10W503,10,W,65,364.0,1215.0,12.637,16.149,38.736,31.211,7.967,5.435,9.066,16.77,19.78,18.944,4.121,3.571,7.692,7.919
10W504,10,W,65,424.0,1223.0,16.274,14.894,37.264,35.035,7.311,5.39,11.085,15.461,18.868,19.716,3.538,2.695,5.66,6.809
10W505,10,W,65,483.0,1174.0,14.7,14.135,44.306,35.639,6.625,5.414,5.383,14.737,17.184,19.549,2.484,2.406,9.317,8.12
10W506,10,W,65,530.0,1214.0,17.547,15.7,39.811,31.229,6.792,6.485,7.358,16.553,16.604,20.478,3.208,3.072,8.679,6.485
10W507,10,W,65,429.0,1305.0,16.084,15.282,28.904,30.119,9.557,6.973,14.219,16.32,18.648,20.326,3.03,3.264,9.557,7.715
10W508,10,W,65,407.0,1032.0,16.708,15.98,29.238,23.558,13.022,7.414,13.268,21.087,16.462,20.923,3.686,2.965,7.617,8.072
10W509,10,W,65,385.0,1181.0,15.325,17.804,35.325,28.453,7.273,5.99,11.948,20.632,13.506,18.636,4.935,3.161,11.688,5.324
10W510,10,W,65,329.0,991.0,15.502,16.068,35.258,24.274,5.775,7.179,13.374,20.513,15.502,21.197,3.951,3.077,10.638,7.692
10W511,10,W,65,409.0,1141.0,16.626,16.375,33.007,27.186,5.868,5.405,14.425,16.216,18.582,21.145,4.156,4.134,7.335,9.539
10W512,10,W,65,483.0,1137.0,10.766,15.968,36.853,32.934,7.867,5.389,13.872,14.571,16.149,20.559,3.313,3.992,11.18,6.587
10W513,10,W,65,464.0,1165.0,11.207,15.576,39.44,36.293,7.112,5.607,10.776,13.084,19.612,19.47,4.31,4.05,7.543,5.919
10W514,10,W,65,424.0,1093.0,20.755,17.881,30.189,28.642,11.792,5.96,12.5,20.364,13.208,17.881,3.774,3.311,7.783,5.96
10W515,10,W,65,437.0,1051.0,11.67,13.267,45.309,36.816,5.95,4.146,10.297,14.76,16.247,21.061,2.746,3.317,7.78,6.633
10W516,10,W,65,460.0,1082.0,14.348,12.6,43.261,38.0,7.826,4.0,7.609,13.2,15.217,21.8,5.435,2.8,6.304,7.6
10W517,10,W,65,415.0,1069.0,10.843,12.721,44.578,37.842,5.542,4.026,7.952,13.366,17.59,21.578,6.506,2.738,6.988,7.729
10W518,10,W,65,429.0,1058.0,15.385,13.776,42.191,33.874,5.828,4.538,9.091,16.694,16.317,19.773,5.128,3.728,6.061,7.618
10W519,10,W,65,480.0,1066.0,16.875,13.893,42.708,33.764,5.208,4.847,10.208,16.801,16.25,19.871,3.333,3.716,5.417,7.108
10W520,10,W,65,419.0,1138.0,10.979,13.394,44.63,36.225,4.296,3.196,11.456,16.438,17.661,19.787,4.057,3.653,6.921,7.306
10W521,10,W,65,393.0,1086.0,15.776,15.172,41.221,29.655,7.379,6.034,10.941,15.862,14.504,21.379,3.562,3.966,6.616,7.931
10W522,10,W,65,424.0,1046.0,13.679,16.881,38.443,29.725,6.604,6.239,11.321,15.229,20.991,20.734,4.009,3.853,4.953,7.339
10W523,10,W,65,374.0,1051.0,20.321,18.972,36.364,29.078,12.834,6.56,8.289,14.894,11.23,19.681,4.813,3.369,6.15,7.447
10W524,10,W,65,448.0,1042.0,16.741,17.355,34.598,31.074,4.018,5.289,12.723,17.521,20.759,19.669,5.134,4.628,6.027,4.463
10W525,10,W,65,479.0,1052.0,16.284,16.529,47.599,32.562,4.175,5.455,5.637,17.355,16.075,19.339,4.175,4.298,6.054,4.463
10W526,10,W,65,466.0,1036.0,18.67,14.925,40.343,34.328,5.579,6.302,11.159,15.755,14.378,18.574,3.433,3.151,6.438,6.965
10W527,10,W,65,479.0,1139.0,12.944,15.196,42.797,33.987,6.889,3.922,11.273,16.667,15.449,19.118,4.384,4.575,6.263,6.536
10W528,10,W,65,503.0,1167.0,19.483,15.542,37.773,34.066,4.374,4.396,11.928,16.797,13.121,19.78,4.771,4.082,8.549,5.338
10W529,10,W,65,375.0,1070.0,15.2,15.798,38.4,33.55,4.8,6.189,10.133,16.287,17.067,19.87,5.067,2.932,9.333,5.375
10W530,10,W,65,484.0,1236.0,17.149,16.342,30.992,31.484,8.471,6.447,13.017,16.492,16.942,20.84,4.959,3.148,8.471,5.247
10W601,10,W,66,351.0,1282.0,14.53,17.23,19.373,10.135,4.274,4.561,13.96,20.946,30.769,27.196,0.855,2.196,16.239,17.736
10W602,10,W,66,392.0,1299.0,16.071,16.484,26.276,10.44,2.806,5.861,13.52,20.696,28.061,27.473,3.061,2.198,10.204,16.85
10W603,10,W,66,329.0,1249.0,13.07,17.082,26.748,11.744,4.559,5.694,10.942,22.598,28.571,25.979,2.432,2.313,13.678,14.591
10W604,10,W,66,401.0,1351.0,14.464,18.166,31.92,11.246,5.486,4.671,11.222,25.606,23.94,24.221,2.993,2.422,9.975,13.668
10W605,10,W,66,450.0,1383.0,11.778,16.537,31.778,12.793,4.222,5.148,11.778,24.805,25.333,23.089,2.0,2.028,13.111,15.601
10W606,10,W,66,355.0,1232.0,10.141,16.937,29.296,10.991,5.07,4.324,15.211,24.685,29.014,24.865,0.845,2.883,10.423,15.315
10W607,10,W,66,416.0,1243.0,15.385,15.817,34.615,18.805,3.846,4.394,14.663,23.199,18.99,26.538,2.163,1.933,10.337,9.315
10W608,10,W,66,334.0,1271.0,14.671,20.819,29.641,12.799,3.593,3.584,14.97,26.962,22.156,22.696,2.695,2.56,12.275,10.58
10W609,10,W,66,424.0,1235.0,15.566,18.519,32.311,15.873,4.009,4.056,14.151,25.397,24.528,24.868,2.358,2.116,7.075,9.171
10W610,10,W,66,350.0,1124.0,10.857,17.092,30.0,15.324,3.714,3.34,13.429,28.487,27.429,21.415,1.143,1.965,13.429,12.377
10W611,10,W,66,380.0,1115.0,11.579,16.576,25.789,12.933,2.368,3.643,16.579,25.501,27.895,24.59,3.421,2.55,12.368,14.208
10W612,10,W,66,251.0,896.0,17.53,16.172,19.124,12.211,3.187,3.63,21.116,24.092,25.498,25.083,4.382,2.97,9.163,15.842
10W613,10,W,66,387.0,1250.0,14.212,19.048,29.716,10.935,3.876,4.586,13.953,27.337,23.514,23.457,1.292,2.646,13.437,11.993
10W614,10,W,66,319.0,1257.0,17.241,18.85,25.705,11.981,4.389,4.792,14.42,26.837,24.451,23.642,1.881,2.396,11.912,11.502
10W615,10,W,66,481.0,1229.0,17.256,18.125,28.274,13.75,4.782,4.688,17.048,26.719,22.661,23.281,1.871,2.188,8.108,11.25
10W616,10,W,66,495.0,1105.0,15.354,20.752,33.535,18.954,7.071,6.046,13.939,20.588,15.96,20.915,4.242,3.758,9.899,8.987
10W617,10,W,66,452.0,1119.0,14.381,19.218,37.611,20.748,6.195,6.122,12.832,19.898,16.593,21.599,4.204,3.231,8.186,9.184
10W618,10,W,66,366.0,1110.0,14.208,16.245,25.683,23.105,4.645,5.957,13.934,17.87,25.683,22.022,3.279,2.527,12.568,12.274
10W619,10,W,66,402.0,1086.0,15.672,17.594,37.811,25.494,5.97,4.129,9.95,18.492,16.667,21.364,3.98,3.411,9.95,9.515
10W620,10,W,66,437.0,1108.0,15.789,17.747,35.698,25.939,5.95,3.584,10.984,18.601,20.137,20.99,2.746,3.584,8.696,9.556
10W621,10,W,66,389.0,1143.0,15.681,16.512,27.506,11.688,2.057,4.082,11.311,20.965,31.362,28.386,1.285,2.597,10.797,15.77
10W622,10,W,66,315.0,1170.0,12.381,15.56,23.175,10.436,2.857,3.985,10.794,22.96,36.19,29.981,3.492,2.657,11.111,14.421
10W623,10,W,66,312.0,1191.0,14.744,15.496,26.603,9.917,4.808,3.719,9.936,22.934,33.013,31.198,1.603,2.479,9.295,14.256
10W624,10,W,66,206.0,998.0,11.165,16.622,24.757,11.26,4.854,3.485,17.476,22.52,30.583,27.614,1.456,1.609,9.709,16.89
10W625,10,W,66,303.0,1150.0,13.531,16.993,25.413,10.022,6.601,3.704,8.581,20.261,29.373,31.155,3.63,2.179,12.871,15.686
10W626,10,W,66,429.0,1241.0,11.655,16.901,27.04,11.033,4.895,3.521,11.422,21.596,29.138,28.873,3.263,1.878,12.587,16.197
11B1A,11,B,67,584.0,0.0,13.87,16.667,48.973,17.204,4.966,2.688,12.158,26.344,11.815,20.968,1.027,2.688,7.192,13.441
11B1B,11,B,67,397.0,0.0,16.625,16.959,44.584,16.959,4.534,2.339,13.854,26.316,12.343,19.883,1.259,2.924,6.801,14.62
11B1C,11,B,67,583.0,0.0,10.635,15.873,44.768,17.46,6.69,3.968,8.748,26.984,14.923,20.238,5.317,2.381,8.919,13.095
11B1D,11,B,67,516.0,0.0,18.798,17.188,31.202,16.562,4.264,3.438,19.574,29.375,12.791,20.0,2.519,2.188,10.853,11.25
11B1E,11,B,67,266.0,0.0,15.789,16.931,32.707,17.46,4.135,2.116,19.173,26.984,14.286,21.693,0.752,2.116,13.158,12.698
11B1F,11,B,67,467.0,0.0,18.63,19.651,36.831,14.41,3.426,2.183,16.274,30.568,14.133,20.961,1.499,1.31,9.208,10.917
11B1G,11,B,67,324.0,0.0,18.21,17.544,34.259,14.62,3.086,2.924,19.136,30.994,15.123,19.883,0.926,1.754,9.259,12.281
11B1H,11,B,67,353.0,0.0,16.431,16.883,32.011,14.286,4.816,3.896,21.246,32.468,14.448,19.048,1.416,2.165,9.632,11.255
11B1I,11,B,67,303.0,0.0,13.531,17.614,40.264,14.773,4.29,2.841,16.172,30.682,11.551,20.455,2.31,1.705,11.881,11.932
11B1K,11,B,67,308.0,0.0,11.688,15.823,36.364,18.354,6.494,3.165,19.805,27.848,16.234,19.62,1.299,2.532,8.117,12.658
11B1L,11,B,67,311.0,0.0,14.469,15.319,36.656,17.447,1.929,2.553,18.65,30.213,14.148,19.574,1.286,2.128,12.862,12.766
11B1M,11,B,67,364.0,0.0,20.33,18.31,32.967,14.554,5.495,4.225,16.484,29.577,10.714,20.188,1.923,2.347,12.088,10.798
11B1N,11,B,67,502.0,0.0,21.116,18.657,37.052,14.179,2.988,4.478,18.725,29.851,12.151,19.776,1.992,2.239,5.976,10.821
11B1P,11,B,67,412.0,0.0,15.291,17.029,38.35,15.217,4.854,2.174,16.99,30.435,13.35,21.014,1.699,2.174,9.466,11.957
11B1Q,11,B,67,269.0,0.0,10.409,16.667,28.253,16.667,5.204,2.469,20.446,30.864,18.587,20.988,0.743,2.469,16.357,9.877
11B1R,11,B,67,275.0,0.0,14.909,17.259,33.818,13.198,4.364,3.553,16.727,31.472,18.909,20.812,1.091,2.538,10.182,11.168
11B1S,11,B,67,269.0,0.0,13.755,18.182,31.599,14.935,2.974,2.597,15.985,31.818,17.472,22.078,2.602,1.948,15.613,8.442
11B1T,11,B,67,238.0,0.0,13.866,17.219,35.294,17.219,4.622,3.311,18.067,29.801,13.866,21.192,1.261,1.987,13.025,9.272
11B2A,11,B,68,464.0,0.0,13.578,16.216,42.026,15.058,3.664,4.247,15.086,30.888,12.931,18.919,3.448,2.703,9.267,11.969
11B2B,11,B,68,377.0,0.0,17.772,15.569,33.156,12.874,5.04,4.192,18.037,32.934,14.058,19.76,2.918,2.994,9.019,11.677
11B2C,11,B,68,317.0,0.0,7.886,15.569,36.278,11.976,2.839,4.192,21.136,33.832,13.88,19.162,0.946,4.192,17.035,11.078
11B2D,11,B,68,591.0,0.0,15.905,17.568,41.455,15.878,6.261,4.73,13.536,30.068,13.029,17.905,1.523,3.378,8.291,10.473
11B2E,11,B,68,647.0,0.0,13.601,18.027,42.658,16.667,7.419,4.762,18.856,29.252,8.501,17.347,2.782,3.741,6.182,10.204
11B2F,11,B,68,415.0,0.0,15.422,15.162,35.422,15.523,7.952,4.693,16.867,32.491,11.807,16.968,1.928,3.249,10.602,11.913
11B2G,11,B,68,504.0,0.0,11.508,14.607,38.294,15.73,4.762,4.775,22.619,34.27,13.294,16.854,1.984,3.09,7.54,10.674
11B2H,11,B,68,633.0,0.0,15.324,17.788,37.283,15.144,9.005,5.048,21.011,31.01,7.899,17.308,3.476,4.327,6.003,9.375
11B2I,11,B,68,435.0,0.0,14.253,18.216,37.931,17.472,8.736,4.833,18.851,29.368,10.805,17.472,2.529,3.346,6.897,9.294
11B2K,11,B,68,411.0,0.0,18.491,18.774,35.036,15.326,5.839,4.598,18.978,30.651,10.219,19.157,2.676,3.065,8.759,8.429
11B2L,11,B,68,588.0,0.0,17.177,19.638,33.503,16.537,9.524,5.168,20.068,29.974,7.653,17.313,2.721,4.134,9.354,7.235
11B2M,11,B,68,529.0,0.0,15.312,18.519,37.996,15.226,6.427,4.527,16.824,30.864,8.129,19.342,3.403,3.292,11.909,8.23
11B2N,11,B,68,568.0,0.0,14.965,19.342,34.683,16.049,16.021,5.35,12.852,29.63,5.634,18.107,3.697,3.704,12.148,7.819
11B2P,11,B,68,474.0,0.0,17.511,18.257,29.325,15.768,12.236,5.394,15.19,30.29,14.346,19.087,1.266,2.905,10.127,8.299
11B2Q,11,B,68,467.0,0.0,17.987,19.93,28.48,15.734,12.42,5.944,14.775,29.371,9.636,18.531,4.069,3.147,12.634,7.343
11B2R,11,B,68,627.0,0.0,20.096,19.835,28.23,13.636,7.656,6.405,17.703,31.612,10.686,17.355,4.785,2.893,10.845,8.264
11B2S,11,B,68,562.0,0.0,16.726,20.213,34.342,15.248,6.228,4.965,16.904,30.142,11.922,18.085,3.025,2.837,10.854,8.511
11B3A,11,B,69,655.0,0.0,24.58,22.685,21.985,10.88,6.412,5.787,22.595,31.944,10.534,16.435,3.053,2.546,10.84,9.722
11B3B,11,B,69,493.0,0.0,23.732,21.942,25.152,11.151,9.331,5.755,17.039,29.856,9.533,15.827,3.854,3.237,11.359,12.23
11B3C,11,B,69,414.0,0.0,15.942,20.563,20.773,12.958,10.87,5.07,21.498,30.423,11.353,15.493,6.28,3.662,13.285,11.831
11B3D,11,B,69,452.0,0.0,24.115,20.819,23.673,12.287,5.31,4.437,22.124,32.082,9.292,16.041,4.646,3.072,10.841,11.263
11B3E,11,B,69,432.0,0.0,17.593,21.326,31.25,11.239,5.556,4.323,17.361,33.429,13.657,16.715,2.083,2.882,12.5,10.086
11B3F,11,B,69,576.0,0.0,27.257,23.663,23.611,12.963,8.333,5.556,19.618,31.481,9.201,14.609,2.951,3.086,9.028,8.642
11B3G,11,B,69,501.0,0.0,17.565,21.896,27.745,10.384,4.79,4.063,26.747,37.472,9.78,15.576,2.395,2.483,10.978,8.126
11B3H,11,B,69,357.0,0.0,21.569,21.805,25.77,11.278,5.042,4.135,23.529,34.586,10.084,16.165,2.801,2.632,11.204,9.398
11B3I,11,B,69,440.0,0.0,22.5,21.887,21.818,11.321,7.727,4.151,23.636,34.717,10.227,16.226,1.364,2.642,12.727,9.057
11B3K,11,B,69,390.0,0.0,21.538,22.78,19.744,12.355,8.462,4.633,23.59,32.046,9.487,16.602,2.308,2.317,14.872,9.266
11B3L,11,B,69,572.0,0.0,19.58,23.385,22.203,13.231,17.308,5.231,16.084,29.538,6.818,16.308,4.72,2.462,13.287,9.846
11B3M,11,B,69,430.0,0.0,19.07,22.15,25.581,11.401,12.558,7.166,22.093,30.293,5.581,14.658,3.721,3.583,11.395,10.749
11B3N,11,B,69,514.0,0.0,14.591,21.912,13.619,11.155,24.319,5.976,18.482,33.466,5.837,15.538,2.335,2.789,20.817,9.163
11B3P,11,B,69,488.0,0.0,20.082,21.382,20.082,10.855,8.607,5.263,25.615,35.526,11.68,15.461,3.689,2.632,10.246,8.882
11B3Q,11,B,69,430.0,0.0,23.721,22.472,20.698,11.61,6.279,5.243,22.326,33.708,11.86,16.105,3.023,2.622,12.093,8.24
11B3R,11,B,69,283.0,0.0,16.961,22.556,25.088,12.406,7.774,4.887,27.915,30.827,9.894,16.917,2.827,3.383,9.541,9.023
11B3S,11,B,69,349.0,0.0,20.344,21.908,20.917,12.367,10.602,4.947,17.192,30.035,12.607,16.608,5.158,3.534,13.181,10.601
11B4A,11,B,70,634.0,0.0,17.823,22.449,19.085,9.524,17.35,8.39,24.606,31.293,8.991,13.379,1.735,2.948,10.41,12.018
11B4B,11,B,70,454.0,0.0,22.026,22.115,23.128,8.974,9.031,8.013,22.467,32.692,9.471,13.462,2.423,2.564,11.454,12.179
11B4C,11,B,70,433.0,0.0,23.326,21.782,22.633,8.911,6.928,7.921,23.557,32.343,11.085,13.201,3.464,2.97,9.007,12.871
11B4D,11,B,70,447.0,0.0,21.029,22.601,21.924,8.978,12.081,7.43,20.805,32.817,10.067,13.932,3.356,3.096,10.738,11.146
11B4E,11,B,70,429.0,0.0,25.175,23.022,24.709,9.353,10.256,7.194,17.949,31.415,6.993,14.628,3.263,4.077,11.655,10.312
11B4F,11,B,70,454.0,0.0,22.247,21.726,14.758,8.929,19.824,10.417,20.925,32.44,9.031,11.607,2.643,3.274,10.573,11.607
11B4G,11,B,70,415.0,0.0,17.831,21.818,20.723,9.091,17.349,10.606,22.651,32.424,8.434,11.818,3.614,3.333,9.398,10.909
11B4H,11,B,70,594.0,0.0,18.855,20.561,16.667,9.969,24.579,11.215,20.37,31.153,4.209,12.461,4.545,3.427,10.774,11.215
11B4I,11,B,70,505.0,0.0,13.861,20.0,12.673,10.0,32.673,11.905,17.03,30.0,5.149,12.381,2.574,3.571,16.04,12.143
11B4K,11,B,70,459.0,0.0,17.429,20.536,22.004,9.821,15.904,8.036,23.094,33.333,6.536,14.881,5.011,3.274,10.022,10.119
11B4L,11,B,70,422.0,0.0,16.351,21.854,12.796,10.265,25.355,8.609,18.483,32.45,8.531,13.245,2.37,3.311,16.114,10.265
11B4M,11,B,70,464.0,0.0,14.655,20.906,14.44,10.105,23.276,8.711,25.0,33.449,3.017,13.589,3.664,3.484,15.948,9.756
11B4N,11,B,70,455.0,0.0,15.165,19.945,14.725,9.695,24.835,10.803,20.22,32.41,6.374,11.357,4.835,4.155,13.846,11.634
11B4P,11,B,70,501.0,0.0,22.954,23.055,19.96,9.51,7.984,7.493,24.351,35.735,11.377,12.968,3.393,3.17,9.98,8.069
11B4Q,11,B,70,353.0,0.0,15.297,21.107,17.847,9.343,11.898,9.343,29.745,34.256,9.632,12.111,1.983,3.46,13.598,10.381
11B4R,11,B,70,424.0,0.0,25.708,24.528,19.575,9.973,11.792,7.278,24.764,34.771,6.604,12.668,1.887,2.965,9.67,7.817
11B4S,11,B,70,445.0,0.0,13.483,20.333,9.888,9.0,29.213,11.667,24.494,34.0,5.618,11.667,2.022,3.333,15.281,10.0
11B4T,11,B,70,529.0,0.0,10.964,19.489,11.153,8.307,39.319,15.655,17.202,30.671,4.348,10.863,5.671,3.514,11.342,11.502
11B5A,11,B,71,524.0,0.0,13.74,18.786,14.504,11.272,27.099,15.029,17.939,23.699,5.534,10.694,2.481,3.468,18.702,17.052
11B5B,11,B,71,608.0,0.0,16.283,19.064,17.105,11.037,21.382,15.05,17.599,24.415,8.059,11.037,4.112,3.344,15.461,16.054
11B5C,11,B,71,411.0,0.0,17.762,17.935,25.061,10.87,9.732,9.783,19.221,29.348,13.625,13.859,2.433,3.261,12.165,14.946
11B5D,11,B,71,555.0,0.0,18.559,20.0,24.685,10.345,9.189,10.69,23.063,28.621,10.631,13.448,2.523,2.759,11.351,14.138
11B5E,11,B,71,441.0,0.0,18.594,20.608,22.449,10.811,10.658,11.149,22.222,26.014,9.524,13.176,2.494,3.041,14.059,15.203
11B5F,11,B,71,465.0,0.0,12.473,20.486,13.978,10.764,29.247,14.583,19.14,25.347,6.667,11.458,3.656,3.125,14.839,14.236
11B5G,11,B,71,499.0,0.0,13.026,20.205,14.629,10.274,23.647,15.411,23.246,25.342,5.21,10.274,3.607,3.425,16.633,15.068
11B5H,11,B,71,585.0,0.0,15.556,21.882,21.197,11.529,18.291,13.176,20.855,24.706,8.889,12.941,1.709,3.059,13.504,12.706
11B5I,11,B,71,456.0,0.0,17.982,21.448,21.93,10.992,14.474,11.26,20.833,28.15,9.43,12.869,1.754,2.413,13.596,12.869
11B5K,11,B,71,467.0,0.0,18.415,20.803,26.552,10.219,5.567,12.044,27.837,29.197,9.85,12.774,2.998,2.555,8.779,12.409
11B5L,11,B,71,510.0,0.0,19.608,21.241,24.706,10.501,5.098,8.831,28.039,30.788,9.412,14.797,2.941,2.387,10.196,11.456
11B5M,11,B,71,449.0,0.0,9.8,19.917,13.586,9.959,33.185,15.768,19.822,25.726,4.9,10.788,3.118,2.905,15.59,14.938
11B5N,11,B,71,617.0,0.0,12.642,19.106,12.48,10.163,36.953,16.667,16.045,25.61,3.079,11.382,3.566,2.846,15.235,14.228
11B5P,11,B,71,470.0,0.0,19.149,19.692,16.17,11.385,17.66,15.385,21.277,25.538,7.872,12.0,3.404,2.154,14.468,13.846
11B5Q,11,B,71,566.0,0.0,17.138,20.964,24.205,11.084,6.537,8.434,24.912,33.253,9.717,13.012,4.947,3.373,12.544,9.88
11B5R,11,B,71,459.0,0.0,18.736,21.474,22.658,11.859,8.061,10.897,24.401,30.128,10.893,12.5,2.397,2.564,12.854,10.577
11B5S,11,B,71,433.0,0.0,19.861,21.104,24.48,9.416,10.162,10.714,17.09,31.818,11.085,12.987,3.464,2.597,13.857,11.364
11B6A,11,B,72,669.0,0.0,16.293,20.072,24.066,12.545,8.67,6.631,27.952,35.484,8.819,13.799,1.943,3.047,12.257,8.423
11B6B,11,B,72,574.0,0.0,16.202,22.986,17.247,11.788,12.544,6.287,26.132,30.452,9.93,13.36,2.962,3.143,14.983,11.984
11B6C,11,B,72,542.0,0.0,21.771,22.17,27.306,13.443,6.273,8.019,20.48,30.896,10.701,12.736,1.661,3.302,11.808,9.434
11B6D,11,B,72,523.0,0.0,19.312,22.835,19.694,12.861,11.09,8.136,23.518,30.446,11.472,12.861,2.486,3.15,12.428,9.711
11B6E,11,B,72,568.0,0.0,15.493,22.515,25.176,14.402,24.296,15.416,15.493,23.124,3.521,10.953,4.049,5.477,11.972,8.114
11B6F,11,B,72,456.0,0.0,17.544,22.5,21.93,14.062,24.781,11.25,12.5,26.25,6.36,11.875,5.921,4.375,10.965,9.688
11B6G,11,B,72,518.0,0.0,15.83,22.704,19.498,15.051,20.656,9.439,15.637,26.02,10.811,12.755,6.757,3.827,10.811,10.204
11B6H,11,B,72,443.0,0.0,13.544,22.663,23.025,15.014,18.962,9.915,18.059,27.479,6.998,11.898,6.321,3.966,13.093,9.065
11B6I,11,B,72,671.0,0.0,16.99,24.329,29.508,15.94,8.048,7.047,20.715,25.168,7.75,15.604,3.279,3.859,13.711,8.054
11B6K,11,B,72,550.0,0.0,18.364,22.554,20.909,14.946,19.455,10.326,22.0,27.446,4.545,11.685,4.182,4.076,10.545,8.967
11B6L,11,B,72,509.0,0.0,20.432,22.414,21.611,14.08,18.861,11.207,21.218,27.874,4.715,11.494,4.519,4.598,8.644,8.333
11B6M,11,B,72,587.0,0.0,22.317,23.858,22.487,14.467,17.717,10.152,19.761,26.904,5.622,11.929,3.237,4.061,8.859,8.629
11B6N,11,B,72,533.0,0.0,16.51,22.455,30.769,14.371,20.826,10.479,13.884,27.844,5.629,11.976,6.191,4.491,6.191,8.383
11B6P,11,B,72,551.0,0.0,19.419,23.669,22.323,14.497,17.604,10.059,18.512,27.515,6.715,11.834,3.63,4.142,11.797,8.284
11B6Q,11,B,72,589.0,0.0,13.243,22.946,21.053,13.314,21.902,11.898,19.185,27.762,7.98,11.615,5.772,3.966,10.866,8.499
11B6R,11,B,72,656.0,0.0,12.957,23.673,26.982,12.832,23.78,11.947,14.177,25.442,8.232,12.611,3.506,3.982,10.366,9.513
11B6S,11,B,72,540.0,0.0,17.778,23.51,28.889,13.907,23.704,9.934,12.778,27.815,5.556,11.921,4.63,3.974,6.667,8.94
11W101,11,W,67,342.0,1027.0,13.158,9.825,34.503,17.686,3.216,4.148,9.064,20.524,25.731,30.349,0.877,2.402,13.45,15.066
11W102,11,W,67,484.0,1110.0,11.364,14.576,43.182,26.753,5.992,3.69,9.298,17.897,20.041,26.199,3.512,2.952,6.612,7.934
11W103,11,W,67,545.0,1464.0,10.275,13.793,41.468,24.598,6.239,3.448,9.174,15.402,21.101,28.046,3.67,3.908,8.073,10.805
11W104,11,W,67,375.0,993.0,14.933,14.986,39.467,20.163,4.0,3.27,9.333,14.986,23.2,29.973,1.867,1.09,7.2,15.531
11W105,11,W,67,365.0,833.0,12.329,16.422,39.726,29.032,5.479,4.399,12.603,23.167,19.178,16.422,4.384,2.933,6.301,7.625
11W106,11,W,67,341.0,1000.0,12.317,14.914,28.446,12.958,2.933,3.178,15.543,28.851,26.979,25.672,3.226,1.956,10.557,12.469
11W107,11,W,67,269.0,942.0,14.126,14.223,28.996,9.409,4.461,3.282,7.435,21.444,31.97,30.635,1.115,0.875,11.896,20.131
11W108,11,W,67,187.0,985.0,12.834,16.32,31.016,20.178,1.604,4.154,11.765,19.288,31.551,26.113,2.139,1.78,9.091,12.166
11W109,11,W,67,316.0,1087.0,13.291,22.222,32.278,12.53,2.532,4.019,14.241,22.931,26.266,24.35,1.582,1.891,9.81,12.057
11W110,11,W,67,249.0,922.0,12.048,16.498,24.498,10.438,4.016,1.684,14.859,18.519,26.908,36.364,2.811,1.01,14.859,15.488
11W111,11,W,67,321.0,1106.0,12.773,20.0,36.449,12.222,5.296,1.944,11.215,25.278,21.807,24.722,1.558,2.5,10.903,13.333
11W112,11,W,67,294.0,893.0,17.347,17.287,28.571,14.004,2.721,2.845,14.286,26.477,23.129,28.884,1.02,1.532,12.925,8.972
11W113,11,W,67,323.0,969.0,11.146,16.035,29.412,17.201,4.025,3.499,14.551,19.534,29.102,27.697,1.858,0.292,9.907,15.743
11W114,11,W,67,161.0,648.0,6.211,17.241,32.298,18.719,4.969,4.433,14.907,20.197,34.161,28.079,1.242,0.985,6.211,10.345
11W115,11,W,67,216.0,676.0,9.722,16.522,40.278,19.13,3.241,3.478,13.889,21.304,24.537,29.13,1.389,0.87,6.944,9.565
11W116,11,W,67,329.0,861.0,18.541,17.28,34.954,18.13,2.128,3.116,14.894,22.946,21.581,28.612,0.0,1.133,7.903,8.782
11W117,11,W,67,290.0,858.0,18.621,19.37,35.172,14.286,3.103,2.421,9.655,24.213,18.966,24.939,2.414,4.358,12.069,10.412
11W118,11,W,67,322.0,923.0,14.286,19.672,33.851,11.68,3.106,2.459,13.043,23.361,22.36,30.533,1.863,1.025,11.491,11.27
11W119,11,W,67,280.0,929.0,13.571,16.937,25.714,12.761,3.929,2.552,19.286,30.394,27.143,23.898,3.214,0.928,7.143,12.529
11W120,11,W,67,222.0,824.0,13.063,19.368,32.432,15.415,4.955,3.557,9.009,23.32,30.631,26.482,0.45,1.581,9.459,10.277
11W121,11,W,67,263.0,780.0,12.928,15.254,33.84,13.136,2.662,4.237,12.548,22.458,26.996,30.508,2.281,1.695,8.745,12.712
11W122,11,W,67,228.0,924.0,11.404,12.308,27.193,8.077,3.947,3.462,17.544,23.846,24.123,29.615,0.439,2.308,15.351,20.385
11W123,11,W,67,259.0,910.0,10.039,13.571,24.71,11.786,3.861,2.857,16.602,24.286,28.958,32.857,1.544,1.786,14.286,12.857
11W124,11,W,67,424.0,1097.0,10.613,11.236,29.481,13.483,4.717,5.169,13.915,18.652,25.943,33.483,3.066,2.697,12.264,15.281
11W125,11,W,67,246.0,1023.0,8.13,15.0,29.268,7.632,2.033,3.421,16.667,25.526,33.74,29.211,1.22,1.053,8.943,18.158
11W126,11,W,67,258.0,863.0,15.891,16.981,31.783,14.286,3.101,4.582,9.69,25.606,30.62,25.876,3.101,2.695,5.814,9.973
11W127,11,W,67,347.0,943.0,14.986,10.933,38.905,13.333,1.729,3.733,13.256,27.733,19.885,27.2,1.153,2.4,10.086,14.667
11W128,11,W,67,199.0,844.0,11.558,15.88,27.638,12.017,2.513,4.292,13.065,19.742,33.668,32.618,3.015,1.288,8.543,14.163
11W129,11,W,67,248.0,1000.0,17.339,14.912,29.839,14.912,3.629,2.047,12.5,23.099,27.823,31.579,1.21,1.462,7.661,11.988
11W130,11,W,67,285.0,881.0,10.526,14.019,27.018,13.707,1.754,2.181,12.632,23.364,29.123,25.857,3.86,2.181,15.088,18.692
11W131,11,W,67,269.0,766.0,13.383,17.123,26.022,15.068,5.204,4.795,14.87,26.712,24.535,17.808,3.717,3.425,12.268,15.068
11W132,11,W,67,307.0,939.0,15.961,17.632,37.785,14.737,1.954,4.474,14.007,26.842,20.847,22.368,2.932,2.632,6.515,11.316
11W133,11,W,67,320.0,841.0,15.313,17.771,32.5,12.651,5.625,3.916,19.062,26.807,18.438,23.795,0.625,2.711,8.438,12.349
11W134,11,W,67,247.0,769.0,9.717,12.595,27.126,9.16,2.024,3.435,12.146,20.992,31.984,38.55,3.239,1.145,13.765,14.122
11W135,11,W,67,389.0,1176.0,12.596,15.466,32.391,13.347,4.113,3.814,12.082,26.483,24.165,22.669,3.856,2.754,10.797,15.466
11W136,11,W,67,292.0,803.0,13.014,15.018,34.589,17.216,2.055,1.832,14.726,20.513,27.055,30.037,1.712,1.832,6.849,13.553
11W201,11,W,68,296.0,900.0,11.824,14.248,38.851,19.525,6.081,7.124,9.122,18.206,23.311,27.968,2.703,3.166,8.108,9.763
11W202,11,W,68,291.0,997.0,13.746,19.39,29.897,9.804,5.155,4.357,10.653,21.351,30.241,28.758,2.405,1.961,7.904,14.379
11W203,11,W,68,263.0,1026.0,15.589,17.735,28.137,11.538,1.901,2.778,14.829,28.419,26.236,21.795,2.662,3.205,10.646,14.53
11W204,11,W,68,211.0,879.0,12.322,13.636,25.592,10.511,1.422,2.273,17.536,27.557,29.384,30.114,2.844,2.557,10.9,13.352
11W205,11,W,68,331.0,992.0,10.876,13.52,27.492,7.143,6.647,3.061,15.408,30.612,25.378,30.357,3.323,1.786,10.876,13.52
11W206,11,W,68,268.0,925.0,13.06,12.01,32.836,8.616,1.866,2.35,13.06,29.243,28.358,31.854,1.866,1.044,8.955,14.883
11W207,11,W,68,242.0,838.0,15.289,15.365,27.273,13.602,4.959,2.015,9.917,22.67,24.793,30.73,4.132,0.756,13.636,14.861
11W208,11,W,68,378.0,1111.0,14.286,18.053,45.238,18.21,7.143,6.122,11.111,19.937,12.963,24.49,2.91,5.338,6.349,7.849
11W209,11,W,68,399.0,1042.0,12.531,21.519,45.113,21.338,5.013,3.255,13.784,23.87,14.035,19.892,3.759,3.436,5.764,6.691
11W210,11,W,68,309.0,941.0,10.356,14.321,37.864,14.568,3.883,2.716,16.505,24.198,21.683,26.667,1.294,0.988,8.414,16.543
11W211,11,W,68,377.0,917.0,13.528,21.13,36.87,11.297,3.714,6.276,12.467,25.732,21.22,21.548,3.183,2.51,9.019,11.506
11W212,11,W,68,344.0,851.0,13.081,18.095,39.535,13.81,4.942,5.238,13.953,26.667,15.988,22.619,4.07,3.095,8.43,10.476
11W213,11,W,68,213.0,750.0,14.554,12.329,30.986,9.132,11.268,3.653,8.92,36.073,16.432,21.005,5.634,3.653,12.207,14.155
11W214,11,W,68,203.0,871.0,12.315,13.165,21.182,9.62,3.941,4.304,24.138,34.684,23.645,21.266,2.956,3.797,11.823,13.165
11W215,11,W,68,326.0,970.0,11.656,18.677,49.693,22.568,2.761,3.307,13.497,21.401,14.724,21.206,2.147,3.502,5.521,9.339
11W216,11,W,68,474.0,1092.0,12.869,18.265,38.186,16.895,9.283,7.154,12.869,26.18,14.979,17.96,5.274,5.784,6.54,7.763
11W217,11,W,68,401.0,999.0,16.958,19.038,38.903,12.971,3.741,5.649,14.464,29.498,17.706,20.293,0.499,3.347,7.731,9.205
11W218,11,W,68,218.0,780.0,14.22,16.834,26.147,15.075,5.046,4.271,16.514,28.643,24.312,23.116,2.752,3.015,11.009,9.045
11W219,11,W,68,265.0,892.0,24.151,21.644,29.811,12.329,2.642,1.096,15.472,32.329,18.113,19.452,1.887,2.74,7.925,10.411
11W220,11,W,68,354.0,923.0,11.017,17.195,41.243,18.552,5.932,2.941,11.582,23.303,19.492,25.113,2.542,2.715,8.192,10.181
11W221,11,W,68,355.0,1036.0,13.803,21.488,36.901,17.562,7.606,6.198,15.493,23.347,15.211,19.421,2.535,4.339,8.451,7.645
11W222,11,W,68,368.0,1020.0,14.13,22.44,28.533,12.2,7.337,4.357,17.12,29.194,19.565,18.954,2.174,2.179,11.141,10.675
11W223,11,W,68,258.0,862.0,12.403,19.529,29.457,8.081,4.264,3.704,24.419,36.7,18.992,18.855,1.55,2.357,8.915,10.774
11W224,11,W,68,372.0,868.0,16.398,21.198,40.054,16.359,8.333,6.682,12.634,24.885,13.441,19.585,2.419,4.608,6.72,6.682
11W225,11,W,68,344.0,888.0,14.826,22.607,38.372,11.813,4.651,6.11,16.57,25.255,15.116,19.145,2.035,3.462,8.43,11.609
11W226,11,W,68,452.0,1121.0,11.504,19.726,29.204,13.894,9.735,6.346,13.938,20.583,20.575,22.298,3.097,1.887,11.947,15.266
11W227,11,W,68,342.0,951.0,13.158,19.355,30.117,14.516,7.602,4.301,17.251,26.075,15.497,22.312,3.801,3.495,12.573,9.946
11W228,11,W,68,347.0,956.0,16.715,19.231,34.582,14.423,4.611,5.048,12.68,25.481,16.427,22.356,4.611,3.125,10.375,10.337
11W229,11,W,68,381.0,1038.0,16.798,20.188,25.459,14.554,18.11,8.451,13.648,20.892,12.336,18.779,3.937,4.46,9.711,12.676
11W230,11,W,68,310.0,876.0,16.129,20.0,32.903,14.359,6.774,8.462,14.516,20.769,16.129,18.718,2.581,4.615,10.968,13.077
11W231,11,W,68,334.0,1087.0,17.365,20.421,26.048,11.579,4.491,6.316,17.066,23.789,20.659,24.842,0.898,2.105,13.473,10.947
11W232,11,W,68,466.0,1526.0,19.742,21.414,22.532,11.313,6.009,5.859,17.382,29.899,18.884,22.424,2.79,1.818,12.661,7.273
11W233,11,W,68,357.0,939.0,11.485,18.118,32.213,12.235,4.482,3.765,18.207,24.0,18.487,28.235,1.401,2.353,13.725,11.294
11W234,11,W,68,257.0,845.0,19.844,21.292,31.128,14.354,5.837,4.306,12.062,23.923,17.51,24.163,4.28,1.914,9.339,10.048
11W301,11,W,69,349.0,1049.0,18.338,19.065,19.198,9.173,4.298,5.755,16.905,20.863,24.355,28.777,1.719,2.518,15.186,13.849
11W302,11,W,69,302.0,1024.0,19.868,21.782,26.159,10.297,8.278,4.554,17.219,23.366,17.881,23.564,2.98,1.386,7.616,15.05
11W303,11,W,69,270.0,941.0,25.556,25.692,24.815,10.87,2.963,4.743,21.481,23.518,15.556,23.913,2.222,2.767,7.407,8.498
11W304,11,W,69,239.0,911.0,20.502,21.429,19.665,9.852,8.368,8.867,20.921,21.675,15.9,23.153,2.51,3.202,12.134,11.823
11W305,11,W,69,338.0,970.0,15.68,21.483,24.556,11.977,7.692,4.943,17.456,22.053,20.414,25.095,3.846,2.471,10.355,11.977
11W306,11,W,69,350.0,1032.0,20.571,19.949,25.714,10.354,10.0,6.061,13.429,24.242,14.857,23.232,3.429,2.525,12.0,13.636
11W307,11,W,69,359.0,992.0,16.713,19.724,26.184,14.398,11.142,7.101,11.142,18.146,17.827,23.274,2.507,4.339,14.485,13.018
11W308,11,W,69,308.0,966.0,14.286,19.313,21.753,10.086,6.494,5.579,20.13,27.253,21.429,22.747,2.273,2.146,13.636,12.876
11W309,11,W,69,275.0,959.0,12.0,19.231,27.636,11.325,5.818,5.342,17.818,27.137,20.727,23.291,4.0,2.564,12.0,11.111
11W310,11,W,69,274.0,1037.0,19.708,19.104,22.263,9.906,8.759,6.84,23.358,30.66,16.788,21.462,1.095,1.179,8.029,10.849
11W311,11,W,69,416.0,1197.0,14.904,19.799,31.971,11.242,5.048,2.852,12.981,23.658,21.394,28.356,4.327,2.685,9.375,11.409
11W312,11,W,69,413.0,1170.0,13.075,20.583,29.782,12.35,2.906,2.916,12.833,23.499,25.424,28.302,3.874,2.23,12.107,10.12
11W313,11,W,69,318.0,1204.0,19.182,22.33,27.987,13.592,6.918,5.016,18.239,22.006,16.352,21.359,1.887,4.693,9.434,11.003
11W314,11,W,69,247.0,980.0,17.004,21.429,23.482,6.696,10.526,5.134,16.599,32.366,21.053,22.545,4.049,3.125,7.287,8.705
11W315,11,W,69,262.0,930.0,15.649,19.851,24.427,12.407,3.053,1.985,21.374,33.747,21.756,20.347,2.672,2.73,11.069,8.933
11W316,11,W,69,303.0,857.0,20.132,22.051,20.462,12.051,6.271,3.333,18.152,26.923,18.482,22.564,1.65,1.538,14.851,11.538
11W317,11,W,69,271.0,881.0,20.295,20.759,19.926,10.127,5.166,3.797,20.295,29.367,17.712,22.532,1.845,1.519,14.76,11.899
11W318,11,W,69,205.0,988.0,15.61,20.845,17.073,15.775,20.488,5.915,11.22,25.352,14.634,19.155,3.902,1.69,17.073,11.268
11W319,11,W,69,153.0,808.0,19.608,20.847,24.183,15.961,7.843,6.189,20.915,25.407,13.725,18.893,2.614,1.629,11.111,11.075
11W320,11,W,69,291.0,1017.0,18.213,21.845,20.962,12.864,9.622,3.641,20.275,25.728,16.151,21.845,2.749,2.184,12.027,11.893
11W321,11,W,69,265.0,920.0,12.83,18.538,22.642,5.744,2.642,4.961,16.226,30.026,26.038,25.849,4.151,1.828,15.472,13.055
11W322,11,W,69,223.0,786.0,17.937,20.267,22.422,12.8,6.278,4.0,22.87,25.067,16.592,20.267,2.691,3.2,11.211,14.4
11W323,11,W,69,281.0,958.0,15.658,18.237,23.488,9.422,7.473,5.775,17.794,24.316,18.861,25.836,1.779,1.52,14.947,14.894
11W324,11,W,69,233.0,714.0,12.017,17.857,17.597,17.857,29.185,3.571,17.597,7.143,5.579,28.571,4.721,0.0,13.305,25.0
11W325,11,W,69,368.0,952.0,20.109,23.251,26.087,10.397,7.065,7.561,19.837,23.629,13.043,22.117,2.989,4.348,10.87,8.696
11W326,11,W,69,271.0,647.0,17.712,22.866,25.83,11.28,17.712,9.451,10.701,23.476,11.439,19.817,4.059,3.049,12.546,10.061
11W327,11,W,69,327.0,853.0,14.067,21.491,18.043,11.404,15.596,10.965,21.713,23.246,14.373,16.667,2.752,2.193,13.456,14.035
11W328,11,W,69,339.0,1187.0,9.145,18.697,12.979,10.924,21.534,8.193,22.419,28.571,14.749,17.857,1.475,2.101,17.699,13.655
11W329,11,W,69,231.0,775.0,15.584,18.803,19.481,10.826,9.091,7.123,22.511,31.339,16.017,18.803,3.463,1.994,13.853,11.111
11W330,11,W,69,275.0,1019.0,14.909,20.299,26.545,9.615,7.636,5.556,16.727,27.991,18.909,21.795,2.909,2.35,12.364,12.393
11W331,11,W,69,380.0,956.0,17.105,19.282,23.947,9.452,3.947,4.537,27.368,35.728,16.316,20.794,1.316,2.457,10.0,7.75
11W332,11,W,69,216.0,898.0,14.815,18.812,22.222,14.851,6.481,4.95,18.519,24.752,20.37,19.802,4.167,2.475,13.426,14.356
11W333,11,W,69,316.0,927.0,17.089,15.541,22.152,11.486,6.013,4.955,21.835,25.45,18.038,25.0,2.532,2.928,12.342,14.64
11W334,11,W,69,196.0,667.0,14.796,20.939,23.469,13.357,9.694,4.332,12.245,27.076,26.531,20.939,3.061,2.888,10.204,10.469
11W335,11,W,69,228.0,816.0,21.491,17.073,17.982,11.847,13.158,4.878,13.158,26.132,17.105,24.39,3.947,3.136,13.158,12.544
11W336,11,W,69,305.0,768.0,12.787,21.751,25.902,12.147,5.902,4.237,16.066,27.684,22.295,19.492,2.623,3.39,14.426,11.299
11W401,11,W,70,328.0,1025.0,16.159,16.534,19.512,8.367,14.634,8.964,22.256,26.693,13.11,18.327,1.524,3.187,12.805,17.928
11W402,11,W,70,343.0,867.0,16.91,17.872,26.822,12.766,9.621,5.106,18.659,30.213,15.16,21.277,2.915,3.617,9.913,9.149
11W403,11,W,70,316.0,983.0,21.835,21.564,17.722,10.782,7.911,4.863,21.203,29.387,16.772,20.507,2.532,2.748,12.025,10.148
11W404,11,W,70,358.0,921.0,17.318,21.702,22.626,10.851,11.173,4.043,18.994,29.787,16.48,20.426,2.514,1.915,10.894,11.277
11W405,11,W,70,349.0,985.0,22.063,22.555,26.648,10.579,5.731,5.19,22.063,29.142,13.467,20.559,2.006,2.395,8.023,9.581
11W406,11,W,70,288.0,906.0,15.972,22.005,22.222,10.513,7.639,2.934,17.361,29.829,23.958,20.049,2.083,1.956,10.764,12.714
11W407,11,W,70,304.0,987.0,21.711,23.576,17.763,10.02,9.211,4.715,21.711,28.094,21.711,19.843,0.987,2.358,6.908,11.395
11W408,11,W,70,299.0,981.0,16.722,23.797,16.388,12.567,14.716,3.743,17.391,24.332,20.067,21.658,2.676,2.406,12.04,11.497
11W409,11,W,70,329.0,966.0,17.325,20.161,18.541,12.903,10.942,5.444,25.532,27.218,12.462,17.944,3.343,2.621,11.854,13.71
11W410,11,W,70,292.0,1030.0,18.151,22.336,21.233,9.631,8.562,4.508,19.521,24.795,16.438,21.721,2.74,2.869,13.356,14.139
11W411,11,W,70,216.0,790.0,12.5,20.099,25.0,9.181,9.722,10.67,23.148,27.792,13.889,15.633,4.167,3.226,11.574,13.4
11W412,11,W,70,304.0,786.0,17.763,22.346,21.382,8.939,10.197,6.983,16.776,27.095,14.474,19.553,3.289,2.235,16.118,12.849
11W413,11,W,70,322.0,883.0,16.149,20.502,14.286,8.368,17.391,14.017,24.224,28.452,10.559,12.971,1.863,2.929,15.528,12.762
11W414,11,W,70,262.0,981.0,13.359,21.861,18.702,8.658,11.832,9.74,25.191,28.788,15.649,17.316,3.053,1.515,12.214,12.121
11W415,11,W,70,268.0,698.0,16.791,20.217,27.985,11.191,23.881,6.859,11.567,22.383,5.97,23.466,5.224,5.415,8.582,10.469
11W416,11,W,70,395.0,1179.0,14.937,20.301,15.696,9.273,25.063,16.04,20.506,28.321,6.582,11.529,3.291,2.256,13.924,12.281
11W417,11,W,70,370.0,966.0,16.216,19.762,21.081,11.429,22.432,13.571,14.865,24.048,5.676,15.238,5.946,4.286,13.784,11.667
11W418,11,W,70,318.0,1007.0,8.176,18.275,16.667,9.446,15.094,13.758,27.044,24.641,13.836,15.4,3.774,3.901,15.409,14.579
11W419,11,W,70,324.0,920.0,13.272,19.272,17.901,10.278,5.247,7.066,33.025,28.051,15.123,20.557,1.235,3.64,14.198,11.135
11W420,11,W,70,291.0,957.0,13.746,18.789,17.182,9.395,16.495,7.098,19.244,30.898,13.746,18.789,3.78,2.296,15.808,12.735
11W421,11,W,70,373.0,1011.0,13.941,16.556,21.18,8.83,19.303,12.141,21.448,23.62,11.26,20.53,2.145,3.532,10.724,14.79
11W422,11,W,70,361.0,929.0,13.019,18.941,13.573,9.165,21.607,11.609,16.62,22.403,14.404,20.367,3.324,3.055,17.452,14.46
11W423,11,W,70,317.0,825.0,15.142,17.232,15.142,8.192,25.552,13.277,19.874,24.859,5.363,15.819,3.785,3.39,15.142,17.232
11W424,11,W,70,238.0,838.0,10.924,18.286,10.924,7.429,26.05,14.286,25.63,25.714,11.345,15.143,3.782,4.286,11.345,14.857
11W425,11,W,70,302.0,872.0,11.589,17.778,14.57,7.901,18.212,14.074,22.185,26.42,12.583,15.062,1.656,3.951,19.205,14.815
11W426,11,W,70,336.0,964.0,12.5,16.732,13.988,8.268,21.726,13.583,23.512,27.165,11.012,12.205,2.381,3.346,14.881,18.701
11W427,11,W,70,320.0,1030.0,18.75,19.132,20.312,10.651,9.062,5.128,22.812,30.769,18.125,21.893,1.875,2.761,9.062,9.665
11W428,11,W,70,336.0,887.0,16.964,19.958,20.238,6.445,9.524,3.534,22.024,34.096,15.774,22.661,2.679,2.079,12.798,11.227
11W429,11,W,70,325.0,1143.0,14.462,15.691,18.769,9.368,11.692,8.197,23.692,34.66,18.769,18.501,2.769,1.639,9.846,11.944
11W430,11,W,70,240.0,699.0,17.5,15.211,22.5,8.732,3.75,2.817,22.5,36.338,19.583,22.254,2.083,3.099,12.083,11.549
11W431,11,W,70,306.0,832.0,18.301,21.185,24.837,7.745,6.536,5.467,22.876,33.257,14.052,20.273,2.941,2.278,10.458,9.795
11W432,11,W,70,311.0,860.0,21.543,19.181,17.685,8.836,12.862,8.836,23.473,34.052,11.897,14.655,3.859,2.371,8.682,12.069
11W433,11,W,70,348.0,844.0,11.494,14.286,9.77,6.723,35.345,24.93,22.414,26.331,4.885,7.563,2.299,3.081,13.793,17.087
11W434,11,W,70,277.0,855.0,17.329,18.764,18.051,8.83,8.664,8.168,22.383,32.23,17.69,16.556,2.888,1.766,12.996,13.687
11W435,11,W,70,341.0,822.0,11.437,15.455,7.625,7.5,37.83,28.182,24.34,27.273,4.985,8.864,2.053,2.5,11.73,10.227
11W436,11,W,70,454.0,1005.0,11.674,14.808,9.251,6.947,29.956,27.057,29.075,26.874,5.066,7.861,2.643,2.559,12.335,13.894
11W501,11,W,71,256.0,808.0,10.938,11.48,14.062,9.668,23.828,16.314,18.75,23.565,10.547,14.199,5.469,4.834,16.406,19.94
11W502,11,W,71,305.0,997.0,14.754,17.04,18.689,6.726,8.197,9.641,21.967,25.336,21.639,22.422,3.607,2.915,11.148,15.919
11W503,11,W,71,331.0,1021.0,15.106,19.654,25.68,8.855,5.74,7.343,16.012,24.19,22.356,22.03,2.417,3.24,12.689,14.687
11W504,11,W,71,320.0,847.0,20.625,18.491,23.438,10.949,5.625,7.056,13.438,24.331,27.187,22.871,1.875,3.406,7.812,12.895
11W505,11,W,71,199.0,817.0,16.08,19.948,21.608,8.808,6.03,6.995,14.573,26.425,22.613,20.725,3.015,2.073,16.08,15.026
11W506,11,W,71,211.0,958.0,12.322,20.536,25.118,7.738,7.583,7.44,22.275,26.786,21.801,19.345,2.844,1.786,8.057,16.369
11W507,11,W,71,376.0,1068.0,11.702,12.381,16.755,5.524,16.489,16.762,23.138,24.952,13.564,17.333,2.394,2.667,15.957,20.381
11W508,11,W,71,367.0,988.0,12.807,18.411,11.717,7.364,18.256,14.147,23.706,23.837,17.439,15.504,1.907,3.101,14.169,17.636
11W509,11,W,71,429.0,1263.0,21.212,21.261,24.942,10.09,8.858,9.91,17.249,24.324,13.986,18.919,3.03,2.883,10.723,12.613
11W510,11,W,71,404.0,1149.0,14.851,22.719,29.703,12.104,7.921,5.773,21.287,26.071,16.832,19.181,1.238,3.166,8.168,10.987
11W511,11,W,71,327.0,944.0,10.398,20.354,11.009,7.743,25.994,16.814,24.771,24.558,11.315,12.168,3.058,1.991,13.456,16.372
11W512,11,W,71,286.0,920.0,10.49,16.989,14.336,9.892,19.231,12.903,19.93,24.086,21.329,18.28,1.399,2.581,13.287,15.269
11W513,11,W,71,409.0,1014.0,15.892,22.932,22.005,10.526,12.225,10.526,22.005,24.06,12.714,15.602,2.689,3.759,12.469,12.594
11W514,11,W,71,376.0,1040.0,15.426,21.311,18.085,12.295,14.362,8.811,22.872,23.975,14.096,18.648,2.66,2.664,12.5,12.295
11W515,11,W,71,369.0,967.0,17.344,21.837,26.287,7.551,5.691,4.49,22.222,32.245,15.718,19.388,1.897,3.061,10.84,11.429
11W516,11,W,71,336.0,964.0,15.476,18.993,22.321,11.442,7.143,6.407,18.452,30.435,20.238,19.908,3.571,2.288,12.798,10.526
11W517,11,W,71,303.0,987.0,14.191,19.471,13.861,8.894,19.472,18.51,27.393,22.837,11.221,12.981,2.97,2.885,10.891,14.423
11W518,11,W,71,328.0,850.0,13.415,19.588,17.683,8.505,15.854,15.722,21.646,24.485,12.805,14.691,3.659,2.062,14.939,14.948
11W519,11,W,71,320.0,930.0,16.875,16.736,18.438,10.124,10.938,13.017,20.625,23.76,15.937,18.802,4.688,2.273,12.5,15.289
11W520,11,W,71,294.0,852.0,21.088,20.764,22.449,10.501,6.463,10.263,21.769,26.014,14.286,17.184,2.041,2.864,11.905,12.411
11W521,11,W,71,342.0,1019.0,15.497,20.879,25.146,8.242,8.187,9.158,23.099,31.868,15.789,17.766,2.047,2.381,10.234,9.707
11W522,11,W,71,304.0,956.0,23.355,19.181,19.737,10.991,2.303,6.034,25.987,28.448,16.447,19.828,2.961,1.293,9.211,14.224
11W523,11,W,71,340.0,970.0,8.824,17.582,17.941,5.934,24.412,20.0,22.059,25.055,13.235,14.066,2.647,4.176,10.882,13.187
11W524,11,W,71,324.0,862.0,10.494,16.667,10.494,7.556,25.0,23.778,27.16,23.778,10.802,9.333,1.852,3.333,14.198,15.556
11W525,11,W,71,362.0,970.0,10.497,15.556,14.088,8.222,33.425,28.0,19.061,22.0,8.564,7.778,2.486,3.556,11.878,14.889
11W526,11,W,71,416.0,1045.0,13.462,16.512,15.144,7.674,31.971,20.465,13.221,23.953,9.375,9.302,4.087,3.256,12.74,18.837
11W527,11,W,71,322.0,894.0,16.149,20.13,19.255,9.091,14.907,14.502,22.05,23.81,13.043,16.883,3.727,3.03,10.87,12.554
11W528,11,W,71,332.0,958.0,15.361,19.643,21.084,8.929,13.554,10.714,16.566,23.98,17.771,18.367,3.916,3.061,11.747,15.306
11W529,11,W,71,342.0,1090.0,17.251,19.63,19.883,10.0,9.942,5.556,18.421,30.37,20.468,19.444,2.047,2.593,11.988,12.407
11W530,11,W,71,305.0,1006.0,17.705,26.839,23.279,9.344,5.574,4.97,17.049,33.201,22.295,17.097,2.623,1.789,11.475,6.759
11W531,11,W,71,378.0,938.0,19.312,22.727,22.751,10.331,7.407,6.405,19.577,30.372,15.873,17.975,3.439,2.273,11.64,9.917
11W532,11,W,71,324.0,1050.0,21.914,23.381,20.062,9.892,5.864,7.914,22.531,27.158,18.519,17.626,1.852,2.158,9.259,11.871
11W533,11,W,71,264.0,876.0,17.045,20.146,21.591,10.194,7.955,8.981,18.939,24.029,18.182,20.146,3.409,2.184,12.879,14.32
11W534,11,W,71,347.0,1116.0,19.02,19.097,22.767,11.088,6.628,6.982,22.19,24.846,17.003,23.203,4.323,1.232,8.069,13.552
11W601,11,W,72,425.0,944.0,16.706,21.532,24.941,13.728,16.706,12.283,16.471,24.566,7.765,13.006,4.941,4.046,12.471,10.838
11W602,11,W,72,376.0,945.0,17.021,22.145,16.223,14.685,29.521,18.415,15.426,18.415,6.117,11.422,4.787,5.828,10.904,9.091
11W603,11,W,72,460.0,839.0,16.304,22.162,26.522,15.676,33.696,22.703,7.391,14.054,3.696,9.55,4.565,7.207,7.826,8.649
11W604,11,W,72,261.0,919.0,14.176,18.215,18.774,7.65,7.28,5.464,23.755,36.794,19.54,19.308,3.831,1.457,12.644,11.111
11W605,11,W,72,324.0,975.0,21.296,22.078,20.37,9.091,8.025,4.545,21.914,32.143,17.901,20.13,2.16,1.948,8.333,10.065
11W606,11,W,72,336.0,1052.0,22.321,20.708,18.452,10.088,7.738,4.248,17.857,30.265,18.155,22.124,2.083,2.655,13.393,9.912
11W607,11,W,72,458.0,1472.0,14.41,19.759,18.777,8.247,14.41,3.608,21.616,31.271,17.467,22.337,2.183,2.577,11.135,12.199
11W608,11,W,72,289.0,864.0,16.609,21.933,23.875,9.48,7.612,3.717,24.567,30.855,17.647,21.375,1.73,2.23,7.958,10.409
11W609,11,W,72,310.0,958.0,22.258,21.859,28.387,12.048,1.935,4.647,21.613,29.088,12.581,19.966,1.935,2.41,11.29,9.983
11W610,11,W,72,267.0,950.0,16.479,21.585,19.85,8.263,10.112,5.228,20.974,31.029,18.727,20.236,4.494,3.035,9.363,10.624
11W611,11,W,72,265.0,917.0,19.245,21.401,30.943,9.728,7.547,5.837,14.717,27.237,15.849,21.595,2.642,1.946,9.057,12.257
11W612,11,W,72,294.0,797.0,13.605,18.202,23.469,11.685,12.245,5.169,16.327,24.944,17.687,21.573,2.381,3.146,14.286,15.281
11W613,11,W,72,374.0,1006.0,10.695,20.437,20.053,11.508,15.241,6.944,16.578,24.603,19.251,19.444,5.615,3.571,12.567,13.492
11W614,11,W,72,278.0,787.0,15.827,22.222,24.101,11.453,19.784,8.547,16.906,23.761,8.633,16.752,1.439,4.103,13.309,13.162
11W615,11,W,72,374.0,954.0,15.775,19.935,26.203,13.614,11.765,9.076,18.984,26.256,14.439,16.37,4.813,4.538,8.021,10.211
11W616,11,W,72,356.0,1053.0,21.629,24.494,27.809,13.812,6.742,3.499,17.697,29.466,15.449,18.785,2.528,2.394,8.146,7.551
11W617,11,W,72,313.0,837.0,13.419,22.099,21.086,11.971,14.058,10.497,22.684,24.494,12.78,16.206,3.514,3.131,12.46,11.602
11W618,11,W,72,371.0,791.0,15.094,20.07,24.528,12.042,13.747,9.948,21.294,24.782,9.973,16.056,2.426,3.316,12.938,13.787
11W619,11,W,72,304.0,782.0,21.711,21.507,14.803,11.949,17.434,9.191,16.776,24.632,9.211,16.728,5.592,3.676,14.474,12.316
11W620,11,W,72,380.0,755.0,17.368,22.162,34.474,14.595,13.684,9.459,11.579,23.514,6.579,16.486,6.579,4.324,9.737,9.459
11W621,11,W,72,344.0,809.0,18.314,20.397,29.942,13.538,15.116,9.747,17.442,25.812,5.814,16.245,5.523,4.693,7.849,9.567
11W622,11,W,72,382.0,861.0,16.754,22.718,25.131,15.619,20.419,10.751,15.183,20.284,7.592,16.227,6.283,4.868,8.639,9.533
11W623,11,W,72,412.0,956.0,16.505,23.317,21.602,14.45,19.66,13.3,18.204,23.481,10.68,13.136,5.825,3.448,7.524,8.867
11W624,11,W,72,384.0,896.0,14.323,23.381,15.625,12.638,22.396,13.744,20.312,24.171,13.281,12.48,2.604,3.16,11.458,10.427
11W625,11,W,72,404.0,863.0,15.842,22.481,17.327,13.333,19.059,15.504,23.02,24.031,7.673,10.078,3.713,3.566,13.366,11.008
11W626,11,W,72,365.0,877.0,19.726,20.968,26.301,15.233,17.26,8.781,15.342,26.165,10.959,15.233,3.836,3.584,6.575,10.036
11W627,11,W,72,383.0,913.0,19.321,22.422,21.932,13.748,18.538,11.129,17.493,27.005,9.399,14.894,3.655,2.455,9.661,8.347
11W628,11,W,72,470.0,1178.0,18.723,21.818,21.702,12.727,16.809,12.727,13.617,23.273,13.191,16.909,5.106,3.091,10.851,9.455
11W629,11,W,72,338.0,857.0,15.089,23.186,21.598,13.274,18.343,12.212,22.781,23.186,9.467,16.283,2.959,3.54,9.763,8.319
11W630,11,W,72,407.0,893.0,16.953,23.689,20.639,14.044,21.867,12.69,15.725,23.35,8.108,14.213,4.177,3.723,12.531,8.291
11W631,11,W,72,334.0,783.0,21.257,22.201,13.772,11.197,17.365,11.197,21.257,28.185,11.976,16.023,2.695,2.317,11.677,8.88
11W632,11,W,72,360.0,856.0,16.111,24.846,20.0,17.043,18.611,12.731,22.222,20.329,10.278,14.579,3.056,4.517,9.722,5.955
11W633,11,W,72,405.0,929.0,17.531,21.303,20.494,12.148,11.111,7.042,17.778,26.937,17.531,19.19,3.704,4.225,11.852,9.155
11W634,11,W,72,285.0,667.0,15.789,25.364,34.035,20.166,23.158,12.474,7.719,16.424,7.368,14.345,5.263,5.198,6.667,6.029
12B1A,12,B,73,512.0,0.0,21.094,23.636,41.406,26.234,13.281,9.091,6.445,6.753,6.641,15.065,2.734,7.792,8.398,11.429
12B1B,12,B,73,319.0,0.0,15.987,23.442,35.423,26.409,16.301,9.199,7.21,7.122,8.777,15.134,3.762,7.715,12.539,10.979
12B1C,12,B,73,346.0,0.0,18.497,24.555,24.855,25.979,21.676,8.541,9.827,6.762,6.358,15.302,3.179,7.117,15.607,11.744
12B1D,12,B,73,411.0,0.0,23.114,24.595,38.2,26.537,10.706,8.414,6.083,7.443,10.706,15.858,1.217,6.796,9.976,10.356
12B1E,12,B,73,402.0,0.0,22.637,24.561,39.801,26.316,11.94,8.421,6.965,7.368,7.711,15.789,2.736,7.018,8.209,10.526
12B1F,12,B,73,492.0,0.0,17.073,25.088,37.805,26.855,14.634,8.481,6.098,7.42,10.163,15.901,3.252,6.36,10.976,9.894
12B1G,12,B,73,619.0,0.0,20.517,24.934,44.426,27.851,11.793,7.692,3.231,6.631,9.37,16.446,2.423,6.631,8.239,9.814
12B1H,12,B,73,397.0,0.0,23.426,24.873,36.272,27.919,6.549,7.614,9.572,6.599,10.579,16.244,1.763,6.599,11.839,10.152
12B1I,12,B,73,384.0,0.0,23.438,25.974,37.24,26.299,12.76,8.442,8.073,6.818,7.031,15.584,3.646,6.818,7.812,10.065
12B1J,12,B,73,507.0,0.0,18.738,25.338,39.645,25.676,13.609,9.122,8.876,6.757,7.495,15.878,1.972,6.757,9.665,10.473
12B1K,12,B,73,485.0,0.0,15.67,24.311,36.495,24.06,12.371,9.774,8.66,7.018,10.103,16.04,4.742,7.018,11.959,11.779
12B1L,12,B,73,526.0,0.0,19.011,25.086,35.361,26.117,15.209,8.935,8.935,6.873,7.224,16.151,3.802,6.873,10.456,9.966
12B1M,12,B,73,381.0,0.0,19.16,24.931,27.822,26.87,15.486,8.31,11.549,7.479,8.399,16.62,5.249,6.648,12.336,9.141
12B2A,12,B,74,558.0,0.0,21.505,21.497,40.143,28.215,10.215,9.597,4.48,5.182,8.602,16.507,3.763,8.445,11.29,10.557
12B2B,12,B,74,789.0,0.0,22.687,21.81,41.952,27.842,8.492,8.817,4.816,5.568,8.999,18.097,3.802,7.425,9.252,10.441
12B2C,12,B,74,396.0,0.0,17.929,19.266,48.99,30.275,10.606,9.48,2.778,5.81,9.343,16.514,5.556,7.645,4.798,11.009
12B2D,12,B,74,448.0,0.0,22.545,18.552,40.179,32.127,11.607,10.181,3.795,5.882,9.375,16.742,4.464,7.692,8.036,8.824
12B2E,12,B,74,570.0,0.0,23.509,21.75,36.491,29.75,10.175,8.25,4.561,6.25,11.93,16.75,3.509,7.25,9.825,10.0
12B2F,12,B,74,564.0,0.0,18.44,21.609,42.199,29.885,5.851,8.276,5.319,6.207,9.043,16.782,5.319,7.356,13.83,9.885
12B2G,12,B,74,718.0,0.0,23.398,22.302,44.15,29.257,7.382,8.393,3.9,5.995,8.774,17.986,3.621,7.194,8.774,8.873
12B2H,12,B,74,560.0,0.0,18.929,21.939,37.857,30.612,11.964,7.908,4.821,5.867,10.893,17.092,5.714,7.143,9.821,9.439
12B2I,12,B,74,593.0,0.0,20.573,21.264,43.508,29.598,10.118,9.195,3.541,6.034,9.612,16.954,2.53,7.184,10.118,9.77
12B2J,12,B,74,352.0,0.0,23.864,22.034,36.648,28.136,9.943,9.153,8.239,6.441,7.386,17.627,3.409,7.119,10.511,9.492
12B2K,12,B,74,573.0,0.0,18.674,22.013,35.951,28.302,10.646,9.434,7.504,6.604,11.169,17.61,3.839,6.918,12.216,9.119
12B2L,12,B,74,382.0,0.0,19.372,21.133,41.623,30.937,12.042,7.625,4.45,5.882,8.115,17.865,4.188,6.972,10.209,9.586
12B2M,12,B,74,395.0,0.0,23.544,22.581,35.949,26.979,12.152,9.677,5.823,6.745,9.62,17.889,4.557,6.745,8.354,9.384
12B3A,12,B,75,476.0,0.0,17.647,20.0,52.521,31.688,11.975,10.909,1.471,5.195,5.252,13.766,6.723,11.169,4.412,7.273
12B3B,12,B,75,846.0,0.0,20.686,20.197,47.636,33.333,10.165,10.016,1.891,5.09,6.738,14.286,4.492,11.166,8.392,5.911
12B3C,12,B,75,495.0,0.0,19.596,19.49,44.04,32.251,16.364,12.761,2.626,5.568,4.848,12.993,6.869,9.513,5.657,7.425
12B3D,12,B,75,764.0,0.0,20.55,20.69,42.147,30.788,16.623,13.547,4.188,5.419,3.665,13.054,7.33,10.837,5.497,5.665
12B3E,12,B,75,978.0,0.0,21.984,20.163,48.671,32.79,10.736,13.238,2.556,5.295,4.806,13.035,5.112,9.98,6.135,5.499
12B3F,12,B,75,1088.0,0.0,22.059,20.48,45.772,31.365,12.776,12.731,2.39,4.797,5.055,13.838,5.515,11.808,6.434,4.982
12B3G,12,B,75,506.0,0.0,16.403,20.2,44.862,30.673,12.055,11.97,3.755,5.237,8.103,14.214,8.103,11.721,6.719,5.985
12B3H,12,B,75,888.0,0.0,18.018,20.85,48.423,31.984,11.712,12.348,1.351,6.073,7.658,12.753,7.658,11.336,5.18,4.656
12B3I,12,B,75,796.0,0.0,20.854,18.664,44.849,32.705,16.583,11.986,2.136,4.966,4.774,14.555,5.025,11.473,5.779,5.651
12B3J,12,B,75,797.0,0.0,19.95,21.418,38.143,28.659,16.06,14.176,5.019,6.626,4.642,12.481,6.901,10.94,9.285,5.701
12B3K,12,B,75,645.0,0.0,21.55,21.642,38.45,30.597,15.039,11.194,3.876,5.224,4.961,14.677,6.357,10.945,9.767,5.721
12B3L,12,B,75,363.0,0.0,23.691,21.774,36.639,31.452,7.713,11.022,3.581,4.839,15.152,14.516,3.306,11.29,9.917,5.108
12B3M,12,B,75,511.0,0.0,22.309,21.311,37.965,29.098,8.415,11.066,3.718,5.943,11.35,15.574,3.914,10.041,12.329,6.967
12B3N,12,B,75,442.0,0.0,19.91,21.429,40.724,30.612,19.683,12.585,3.62,5.442,4.525,13.605,5.204,10.884,6.335,5.442
12B3P,12,B,75,477.0,0.0,23.899,21.707,47.17,31.463,12.579,12.683,2.725,6.098,5.451,12.439,4.822,11.463,3.354,4.146
12B4A,12,B,76,884.0,0.0,19.683,19.094,42.421,33.333,21.041,14.563,1.81,4.369,3.959,11.65,5.995,11.003,5.09,5.987
12B4B,12,B,76,666.0,0.0,20.871,20.476,47.598,30.476,11.411,10.476,2.402,5.238,5.255,14.762,3.904,8.333,8.559,10.238
12B4C,12,B,76,395.0,0.0,23.038,20.287,34.937,31.148,5.316,10.451,6.076,4.918,13.418,14.959,5.823,8.197,11.392,10.041
12B4D,12,B,76,729.0,0.0,19.616,22.494,40.604,28.953,14.815,11.359,4.938,5.791,5.075,13.586,5.761,8.909,9.191,8.909
12B4E,12,B,76,989.0,0.0,18.908,22.565,47.725,29.216,11.021,11.164,4.55,4.988,5.662,13.777,4.044,9.501,8.089,8.789
12B4F,12,B,76,820.0,0.0,20.122,21.317,42.195,29.154,15.0,11.129,4.39,5.956,5.61,15.361,5.488,8.621,7.195,8.464
12B4G,12,B,76,637.0,0.0,20.565,21.962,48.98,30.49,7.221,10.235,3.611,5.117,5.808,15.565,6.279,8.102,7.535,8.529
12B4H,12,B,76,760.0,0.0,20.658,22.147,39.211,29.642,13.553,11.414,3.816,4.77,9.737,14.14,4.342,9.881,8.684,8.007
12B4I,12,B,76,628.0,0.0,22.611,21.658,36.306,29.947,9.873,10.695,3.981,5.615,10.828,14.706,6.369,8.289,10.032,9.091
12B4J,12,B,76,543.0,0.0,27.993,22.423,42.91,30.67,10.497,10.309,2.394,5.155,5.157,15.464,4.42,8.505,6.63,7.474
12B4K,12,B,76,573.0,0.0,19.197,22.494,40.663,29.176,14.66,10.468,1.92,4.9,9.25,15.59,5.759,8.463,8.551,8.909
12B4L,12,B,76,464.0,0.0,17.026,22.857,47.414,29.714,15.302,10.571,2.802,5.143,7.543,16.0,4.741,8.571,5.172,7.143
12B4M,12,B,76,655.0,0.0,23.511,23.366,42.595,29.412,10.382,9.477,1.221,4.739,9.313,17.484,3.511,9.15,9.466,6.373
12B4N,12,B,76,652.0,0.0,24.08,21.064,28.221,30.599,16.564,11.086,5.521,6.43,9.356,14.412,5.675,7.982,10.583,8.426
12B5A,12,B,77,914.0,0.0,19.037,24.956,47.702,30.796,14.661,10.265,1.751,3.363,7.659,14.159,3.72,7.965,5.47,8.496
12B5B,12,B,77,603.0,0.0,19.071,22.977,43.284,32.362,9.453,7.443,2.819,4.207,13.93,15.534,5.307,6.796,6.136,10.68
12B5C,12,B,77,577.0,0.0,21.144,21.961,51.473,33.725,3.64,7.843,2.253,4.314,10.745,15.49,2.946,6.471,7.799,10.196
12B5D,12,B,77,374.0,0.0,20.588,23.368,44.385,31.271,4.813,7.216,1.604,4.467,15.508,15.464,4.813,7.216,8.289,10.997
12B5E,12,B,77,387.0,0.0,26.615,24.39,42.894,31.402,4.134,8.537,3.359,3.659,11.111,15.244,3.618,7.622,8.269,9.146
12B5F,12,B,77,406.0,0.0,24.138,23.577,41.379,30.894,3.448,6.504,4.926,4.336,13.3,15.989,3.941,7.046,8.867,11.653
12B5G,12,B,77,452.0,0.0,19.248,23.047,50.442,30.859,5.088,7.812,0.885,4.297,10.619,16.992,3.319,7.031,10.398,9.961
12B5H,12,B,77,639.0,0.0,22.535,23.397,46.635,32.051,5.321,7.372,5.321,4.167,9.546,16.346,4.382,7.372,6.26,9.295
12B5I,12,B,77,714.0,0.0,23.95,24.512,46.499,32.972,5.462,6.725,4.062,4.338,7.003,15.401,4.342,7.375,8.683,8.677
12B5J,12,B,77,331.0,0.0,26.888,24.188,37.764,32.852,3.625,6.859,3.021,4.332,10.876,15.884,2.719,6.859,15.106,9.025
12B6A,12,B,78,520.0,0.0,14.038,16.193,55.192,37.216,15.192,13.068,1.731,4.261,2.5,10.511,7.115,13.352,4.231,5.398
12B6B,12,B,78,471.0,0.0,20.594,17.404,47.558,36.578,12.527,13.274,2.335,4.13,8.068,10.324,3.185,12.684,5.732,5.605
12B6C,12,B,78,475.0,0.0,17.895,17.109,44.632,36.873,16.421,13.569,3.789,4.13,2.947,10.324,9.053,12.684,5.263,5.31
12B6D,12,B,78,343.0,0.0,17.784,16.236,50.146,36.531,14.286,13.284,2.624,4.428,4.082,10.332,5.248,13.284,5.831,5.904
12B6E,12,B,78,401.0,0.0,17.456,15.917,47.132,36.678,15.461,13.495,2.993,4.498,2.993,10.381,8.229,13.495,5.736,5.536
12B6F,12,B,78,349.0,0.0,16.046,17.32,52.436,37.255,8.883,12.418,5.731,4.248,3.438,10.784,8.883,12.418,4.585,5.556
12B6G,12,B,78,544.0,0.0,18.75,17.797,50.551,38.136,13.419,12.288,2.574,3.814,4.044,11.229,6.801,12.288,3.86,4.449
12B6H,12,B,78,573.0,0.0,17.103,18.135,47.469,35.492,17.277,11.399,1.571,4.404,4.538,10.881,6.806,14.249,5.236,5.44
12B6I,12,B,78,462.0,0.0,22.727,18.299,42.208,35.825,11.039,11.34,2.597,4.381,6.494,10.825,8.874,14.433,6.061,4.897
12B6J,12,B,78,776.0,0.0,17.01,15.423,48.711,36.318,12.629,14.428,3.608,3.317,5.026,12.604,9.149,13.599,3.866,4.312
12B6K,12,B,78,442.0,0.0,19.231,17.391,43.665,35.326,15.385,13.587,3.394,5.163,3.62,10.326,7.692,12.772,7.014,5.435
12B6L,12,B,78,460.0,0.0,18.478,18.519,49.783,35.897,13.043,12.821,2.826,3.704,4.565,10.826,5.0,13.39,6.304,4.843
12B6M,12,B,78,480.0,0.0,18.542,18.462,46.25,36.0,15.833,12.923,2.708,3.692,5.208,10.769,7.917,13.231,3.542,4.923
12B6N,12,B,78,420.0,0.0,18.571,17.514,45.476,35.876,16.429,13.842,4.048,5.367,2.381,10.452,7.381,12.712,5.714,4.237
12B6P,12,B,78,506.0,0.0,19.565,17.881,45.455,35.762,16.996,15.563,4.15,4.636,4.743,9.934,3.162,11.921,5.929,4.305
12B6Q,12,B,78,390.0,0.0,17.692,17.971,42.564,35.942,20.256,16.522,3.846,4.638,4.359,9.565,6.41,11.884,4.872,3.478
12B6R,12,B,78,386.0,0.0,20.725,16.312,46.373,38.298,13.212,13.475,2.332,4.61,3.627,10.993,8.031,13.121,5.699,3.191
12B6S,12,B,78,628.0,0.0,20.701,15.275,45.541,39.308,14.968,13.238,3.822,4.684,5.255,11.405,5.892,13.238,3.822,2.851
12B6T,12,B,78,425.0,0.0,23.294,18.702,47.059,36.641,10.118,12.977,3.294,4.962,6.118,9.924,4.706,12.977,5.412,3.817
12B6U,12,B,78,299.0,0.0,20.736,18.794,50.502,36.17,13.378,13.121,2.341,5.319,5.686,9.929,3.344,12.766,4.013,3.901
12B6V,12,B,78,423.0,0.0,25.532,18.727,36.407,36.33,15.366,13.109,4.492,5.243,6.147,10.112,4.492,12.734,7.565,3.745
12B6W,12,B,78,498.0,0.0,17.871,18.145,47.39,37.097,13.655,14.516,3.012,4.032,2.41,10.081,9.438,12.903,6.225,3.226
12W101,12,W,73,332.0,1116.0,21.386,21.385,32.831,26.68,13.253,10.998,4.518,8.554,14.157,16.904,3.313,4.277,10.542,11.202
12W102,12,W,73,224.0,838.0,13.839,22.466,35.268,20.548,15.179,6.575,6.696,9.041,15.625,23.836,3.125,3.014,10.268,14.521
12W103,12,W,73,230.0,768.0,16.522,27.653,33.913,18.65,10.435,8.682,7.391,6.109,14.348,18.328,3.913,4.502,13.478,16.077
12W104,12,W,73,282.0,835.0,19.504,21.203,30.851,20.917,14.894,11.175,7.801,10.315,13.83,17.479,1.773,5.731,11.348,13.181
12W105,12,W,73,227.0,962.0,18.502,21.18,22.907,12.869,17.181,8.847,12.775,15.55,15.859,19.571,3.965,4.558,8.811,17.426
12W106,12,W,73,328.0,1146.0,19.207,23.029,32.927,20.954,14.329,10.581,9.146,7.676,10.671,20.332,3.659,4.772,10.061,12.656
12W107,12,W,73,337.0,857.0,20.475,23.094,39.466,24.215,5.935,6.726,3.858,8.52,16.024,20.404,2.077,4.036,12.166,13.004
12W108,12,W,73,422.0,1158.0,20.142,23.268,46.445,25.222,7.82,6.217,4.502,8.348,11.611,21.314,1.185,5.506,8.294,10.124
12W109,12,W,73,190.0,852.0,18.421,25.581,30.0,20.64,11.579,13.953,8.947,9.884,20.526,15.407,3.684,3.488,6.842,11.047
12W110,12,W,73,225.0,948.0,14.667,22.689,36.444,23.529,10.222,8.403,8.444,7.563,21.333,18.768,2.222,6.443,6.667,12.605
12W111,12,W,73,320.0,1088.0,17.188,22.811,22.5,19.756,15.625,10.794,14.688,10.794,15.625,20.57,3.75,5.906,10.625,9.369
12W112,12,W,73,346.0,1177.0,21.098,26.119,38.15,25.373,10.983,6.343,6.069,6.716,10.694,17.351,2.601,6.343,10.405,11.754
12W113,12,W,73,270.0,924.0,18.148,24.251,39.63,26.703,11.111,6.267,6.296,6.812,14.815,19.619,4.074,5.995,5.926,10.354
12W114,12,W,73,334.0,1353.0,18.563,25.129,31.737,21.515,8.084,5.852,5.389,7.745,18.862,20.482,2.695,6.368,14.671,12.909
12W115,12,W,73,277.0,990.0,22.744,24.877,25.993,18.966,12.996,7.635,6.859,9.852,16.968,19.212,3.971,5.911,10.469,13.547
12W116,12,W,73,323.0,1012.0,20.124,22.819,30.341,17.226,14.241,11.633,9.288,8.725,14.241,23.266,2.167,4.251,9.598,12.081
12W117,12,W,73,285.0,1053.0,20.0,21.412,33.333,21.185,11.579,8.2,9.474,10.706,9.123,21.64,2.456,5.011,14.035,11.845
12W118,12,W,73,271.0,1091.0,23.985,29.873,29.889,22.025,9.225,7.848,8.118,8.354,12.546,19.747,4.059,5.57,12.177,6.582
12W119,12,W,73,367.0,1259.0,19.891,21.331,26.431,17.747,11.172,11.092,14.169,11.945,14.441,19.966,2.725,4.266,11.172,13.652
12W120,12,W,73,384.0,1248.0,14.583,22.982,35.677,20.175,12.5,8.07,8.073,10.0,14.583,21.228,2.604,5.088,11.979,12.456
12W121,12,W,73,320.0,1136.0,18.438,23.62,32.5,20.751,14.062,10.155,8.438,12.583,12.5,20.751,3.438,3.974,10.625,8.168
12W122,12,W,73,331.0,1141.0,24.169,25.403,26.888,19.758,12.085,10.282,12.387,12.097,9.97,15.121,2.115,5.242,12.387,12.097
12W123,12,W,73,288.0,1174.0,20.139,22.481,36.111,19.186,6.944,10.853,6.597,9.69,14.931,19.767,3.125,4.457,12.153,13.566
12W124,12,W,73,306.0,1129.0,14.379,21.145,33.987,20.044,11.438,8.15,10.784,8.811,16.993,24.449,1.961,5.066,10.458,12.335
12W125,12,W,73,344.0,1176.0,17.733,23.529,31.977,16.968,14.826,13.122,10.465,9.729,11.047,20.588,3.488,3.62,10.465,12.443
12W126,12,W,73,386.0,1302.0,16.58,24.819,27.979,16.123,15.285,10.145,14.249,9.964,12.435,22.101,3.886,6.159,9.585,10.688
12W201,12,W,74,349.0,1054.0,18.625,22.954,36.676,22.42,7.736,8.541,6.877,7.651,17.479,20.819,3.438,5.872,9.169,11.744
12W202,12,W,74,318.0,1125.0,18.868,26.654,41.824,25.486,6.604,6.226,4.088,6.42,12.579,19.844,3.459,7.393,12.579,7.977
12W203,12,W,74,420.0,1128.0,23.095,21.976,40.238,29.131,10.714,12.095,4.524,4.429,8.571,14.821,6.905,7.155,5.952,10.392
12W204,12,W,74,341.0,918.0,16.422,20.482,47.801,35.743,10.264,10.241,3.519,4.819,9.677,15.863,6.745,6.024,5.572,6.827
12W205,12,W,74,311.0,743.0,19.614,17.876,36.013,31.088,15.756,13.212,3.215,6.477,9.646,16.58,5.145,5.44,10.611,9.326
12W206,12,W,74,349.0,1278.0,22.35,21.56,36.39,26.147,14.327,12.385,5.444,8.028,8.883,18.578,3.152,6.193,9.456,7.11
12W207,12,W,74,393.0,1307.0,20.102,22.669,37.15,20.9,8.142,7.395,6.107,7.074,16.031,20.9,3.308,7.878,9.16,13.183
12W208,12,W,74,316.0,1204.0,24.367,27.746,32.911,21.965,5.063,3.468,10.127,8.863,17.722,20.424,2.215,6.551,7.595,10.983
12W209,12,W,74,306.0,1221.0,15.359,22.642,34.314,21.803,10.784,6.709,6.209,5.66,17.974,22.851,3.268,8.176,12.092,12.159
12W210,12,W,74,324.0,1207.0,19.136,24.864,36.42,21.053,7.407,7.623,8.025,7.985,17.284,19.601,2.778,6.897,8.951,11.978
12W211,12,W,74,402.0,1310.0,17.91,23.994,36.318,26.826,6.965,7.452,6.219,8.495,19.403,18.48,3.234,4.769,9.95,9.985
12W212,12,W,74,322.0,1244.0,19.565,26.054,42.857,25.479,2.484,4.789,6.832,4.215,18.944,21.648,2.484,7.088,6.832,10.728
12W213,12,W,74,355.0,1112.0,17.746,20.18,34.366,21.802,9.014,9.009,4.507,4.865,18.028,22.703,2.817,6.306,13.521,15.135
12W214,12,W,74,385.0,1252.0,19.221,21.895,39.74,25.817,5.974,7.68,4.935,3.758,20.26,24.02,3.636,5.392,6.234,11.438
12W215,12,W,74,402.0,1316.0,24.627,22.546,34.328,24.54,5.97,6.442,4.975,7.362,18.159,21.626,3.483,7.055,8.458,10.429
12W216,12,W,74,282.0,919.0,17.73,21.101,30.851,23.165,12.766,9.862,7.447,8.945,13.121,19.954,3.191,5.275,14.894,11.697
12W217,12,W,74,341.0,1180.0,17.009,20.849,30.499,22.325,14.663,7.38,7.038,9.225,17.889,22.694,4.985,4.982,7.918,12.546
12W218,12,W,74,203.0,935.0,21.675,16.111,28.079,23.889,7.882,6.389,6.897,7.5,20.197,21.389,2.463,6.389,12.808,18.333
12W219,12,W,74,309.0,986.0,18.123,26.543,39.159,26.132,8.738,7.407,4.531,4.938,13.916,21.399,4.207,4.733,11.327,8.848
12W220,12,W,74,278.0,1191.0,16.187,24.892,23.022,17.965,12.95,13.636,9.712,8.658,22.302,16.234,5.036,5.195,10.791,13.42
12W221,12,W,74,328.0,1278.0,21.646,21.832,30.183,23.392,10.976,8.577,5.183,9.552,19.207,20.273,3.354,6.238,9.451,10.136
12W222,12,W,74,355.0,1294.0,17.465,22.973,27.324,19.144,11.831,12.387,11.831,8.559,16.338,20.045,2.817,6.532,12.394,10.36
12W223,12,W,74,259.0,561.0,25.483,23.724,43.243,32.132,7.722,5.706,2.317,3.604,11.583,22.222,3.089,5.105,6.564,7.508
12W224,12,W,74,133.0,320.0,19.549,22.556,42.857,24.06,8.271,3.759,3.008,5.263,15.038,20.301,6.767,10.526,4.511,13.534
12W225,12,W,74,282.0,1095.0,23.404,21.773,34.043,25.819,13.121,12.139,3.546,7.9,12.411,14.644,3.191,5.01,10.284,12.717
12W226,12,W,74,289.0,961.0,20.761,24.146,35.986,25.122,5.882,7.561,3.46,6.829,19.723,21.22,4.152,6.341,10.035,8.78
12W301,12,W,75,593.0,1306.0,20.573,21.902,44.013,31.289,11.13,12.015,1.518,2.753,8.6,13.016,6.745,12.891,7.42,6.133
12W302,12,W,75,496.0,1212.0,18.952,22.344,39.718,31.719,16.532,11.094,3.629,3.438,8.468,14.062,5.847,8.906,6.855,8.438
12W303,12,W,75,482.0,1218.0,18.05,23.377,41.909,29.582,10.996,9.668,2.905,4.185,13.278,15.152,5.809,9.524,7.054,8.514
12W304,12,W,75,393.0,997.0,19.847,19.28,36.387,27.754,13.74,14.195,4.326,5.085,8.651,14.619,9.924,12.712,7.125,6.356
12W305,12,W,75,439.0,1225.0,20.046,19.565,45.558,31.522,11.845,11.141,2.05,3.533,8.428,15.625,6.378,12.908,5.695,5.707
12W306,12,W,75,573.0,1383.0,21.466,22.25,38.569,26.947,12.74,16.44,2.269,4.574,10.122,11.99,8.551,12.114,6.283,5.686
12W307,12,W,75,531.0,1346.0,19.774,21.859,42.75,29.188,12.994,13.482,2.26,4.319,9.605,15.838,5.838,11.257,6.78,4.058
12W308,12,W,75,509.0,1248.0,19.646,19.377,39.882,33.062,15.324,14.77,3.733,4.743,9.037,13.957,5.501,9.079,6.876,5.014
12W309,12,W,75,430.0,1300.0,21.395,25.518,39.767,27.592,12.558,12.6,4.186,5.742,8.14,8.772,6.279,10.367,7.674,9.41
12W310,12,W,75,471.0,1193.0,17.41,20.339,43.1,27.119,13.8,11.723,4.034,5.508,9.342,16.384,6.369,12.429,5.945,6.497
12W311,12,W,75,419.0,1171.0,25.06,22.636,38.186,27.287,12.411,10.078,2.864,5.116,10.024,16.279,5.251,11.008,6.205,7.597
12W312,12,W,75,469.0,1331.0,17.91,21.855,41.791,31.639,13.646,13.088,3.198,3.431,11.301,14.612,6.397,10.546,5.757,4.828
12W313,12,W,75,516.0,1234.0,19.767,19.605,42.248,34.65,15.31,14.134,3.488,5.623,6.977,10.942,6.395,10.942,5.814,4.103
12W314,12,W,75,452.0,1202.0,23.451,24.438,40.708,27.886,11.947,9.895,3.982,6.147,6.416,13.193,4.867,10.045,8.628,8.396
12W315,12,W,75,449.0,1174.0,20.935,20.807,44.543,32.143,9.577,15.373,2.227,3.571,10.022,13.354,6.904,9.627,5.791,5.124
12W316,12,W,75,452.0,1284.0,21.018,20.827,29.646,23.486,17.257,15.657,8.186,9.158,10.619,12.112,4.867,10.931,8.407,7.829
12W317,12,W,75,440.0,1285.0,25.455,21.787,34.545,22.727,12.273,12.382,4.773,9.718,11.591,15.831,4.318,8.934,7.045,8.621
12W318,12,W,75,490.0,1177.0,15.918,18.618,39.592,34.415,16.531,13.54,5.102,5.924,6.327,10.719,9.388,12.271,7.143,4.513
12W319,12,W,75,425.0,1368.0,23.765,24.128,36.941,25.802,5.412,6.137,4.471,5.997,16.471,22.455,4.0,6.276,8.941,9.205
12W320,12,W,75,305.0,1125.0,18.361,24.335,35.082,23.313,9.18,7.771,6.23,7.975,16.721,23.108,2.295,5.317,12.131,8.18
12W321,12,W,75,419.0,1270.0,20.525,24.415,34.129,15.886,8.353,9.365,5.489,9.03,15.274,22.241,5.728,9.03,10.501,10.033
12W322,12,W,75,428.0,1344.0,21.262,22.205,30.841,22.981,11.449,6.677,7.243,7.919,17.056,22.36,4.206,6.056,7.944,11.801
12W323,12,W,75,465.0,1064.0,21.075,19.814,42.366,36.378,9.247,11.3,3.441,5.108,11.398,13.158,5.161,9.288,7.312,4.954
12W324,12,W,75,108.0,250.0,25.926,30.935,40.741,21.583,12.037,18.705,5.556,5.036,5.556,15.108,5.556,3.597,4.63,5.036
12W325,12,W,75,410.0,1208.0,26.098,23.519,33.415,25.888,13.171,12.183,4.39,8.122,11.22,14.213,3.171,9.814,8.537,6.261
12W401,12,W,76,592.0,1450.0,20.439,21.191,32.432,28.532,22.804,18.144,4.561,6.094,7.264,10.942,4.899,8.864,7.601,6.233
12W402,12,W,76,411.0,1227.0,17.762,20.751,36.496,24.15,15.572,14.49,6.569,5.367,11.436,14.49,3.893,10.018,8.273,10.733
12W403,12,W,76,342.0,1131.0,19.883,18.519,38.889,30.37,12.865,10.926,4.678,6.852,10.526,15.37,6.725,8.519,6.433,9.444
12W404,12,W,76,282.0,1183.0,19.149,22.515,34.397,22.718,5.674,6.897,3.546,4.868,20.922,22.718,4.965,5.477,11.348,14.807
12W405,12,W,76,393.0,1311.0,20.611,23.197,31.298,18.025,8.142,8.777,5.344,6.113,19.847,23.824,2.545,6.113,12.214,13.95
12W406,12,W,76,441.0,1289.0,21.542,22.72,32.88,23.916,12.698,11.51,7.029,6.876,10.204,15.845,4.989,8.52,10.658,10.613
12W407,12,W,76,422.0,1113.0,22.512,22.142,34.123,26.483,16.351,15.051,4.976,6.512,9.716,13.459,4.976,7.091,7.346,9.262
12W408,12,W,76,686.0,1612.0,20.991,15.839,38.776,27.785,15.452,14.362,5.102,6.577,7.289,14.631,5.248,8.591,7.143,12.215
12W409,12,W,76,442.0,1159.0,19.231,20.951,43.891,26.585,8.371,9.507,3.394,8.099,9.502,15.141,9.276,11.268,6.335,8.451
12W410,12,W,76,395.0,994.0,25.316,28.205,44.304,28.022,4.81,4.579,1.519,4.945,12.405,18.681,6.076,8.425,5.57,7.143
12W411,12,W,76,316.0,883.0,20.57,21.861,49.367,33.117,4.43,5.844,3.165,3.68,11.392,18.182,3.797,9.307,7.278,8.009
12W412,12,W,76,545.0,1344.0,21.468,22.339,34.495,21.156,11.927,11.564,4.404,6.57,12.844,18.003,4.22,9.461,10.642,10.907
12W413,12,W,76,430.0,1289.0,18.837,21.768,43.721,31.398,13.953,11.609,3.953,3.694,9.302,15.831,3.953,10.29,6.279,5.409
12W414,12,W,76,481.0,1406.0,20.79,22.65,36.798,25.926,16.008,11.538,3.534,7.692,10.811,17.094,3.742,7.407,8.316,7.692
12W415,12,W,76,490.0,1323.0,16.531,19.55,31.02,22.664,18.776,18.339,5.102,8.997,10.408,14.36,4.082,6.401,14.082,9.689
12W416,12,W,76,462.0,1321.0,20.563,21.341,31.602,22.561,9.524,6.86,4.978,6.86,15.368,22.409,3.247,6.86,14.719,13.11
12W417,12,W,76,425.0,1367.0,24.706,25.556,36.941,26.389,11.294,10.972,2.118,5.417,12.0,15.972,5.176,7.639,7.765,8.056
12W418,12,W,76,392.0,1359.0,23.469,24.057,31.378,22.98,10.969,8.977,6.633,8.259,17.602,15.978,3.316,6.822,6.633,12.926
12W419,12,W,76,487.0,1435.0,20.123,25.791,44.148,32.595,9.24,8.228,3.901,4.43,12.32,14.873,2.669,9.494,7.598,4.589
12W420,12,W,76,489.0,1303.0,18.2,24.234,33.947,25.401,9.816,7.883,5.726,7.445,16.973,17.664,4.499,7.153,10.838,10.219
12W421,12,W,76,476.0,1089.0,16.176,20.253,47.479,28.323,9.244,13.133,4.202,4.589,11.975,17.405,3.782,9.494,7.143,6.804
12W422,12,W,76,455.0,1137.0,21.538,22.474,36.703,23.345,9.67,10.801,3.516,7.143,14.286,19.512,6.374,7.491,7.912,9.233
12W423,12,W,76,464.0,1282.0,20.905,22.961,33.836,23.263,13.793,11.178,4.095,6.949,10.345,18.58,4.741,7.704,12.284,9.366
12W424,12,W,76,384.0,1337.0,19.01,25.074,43.75,25.371,7.031,7.864,2.604,5.786,13.281,18.249,4.948,7.864,9.375,9.792
12W425,12,W,76,392.0,980.0,18.878,26.087,42.857,24.111,9.439,8.498,5.357,6.126,11.48,17.984,2.296,6.522,9.694,10.672
12W426,12,W,76,295.0,919.0,19.661,26.19,42.373,29.762,7.458,8.095,6.441,4.762,10.508,16.429,3.39,8.095,10.169,6.667
12W427,12,W,76,308.0,1183.0,20.455,22.466,36.688,23.818,10.39,11.149,6.818,7.095,12.987,18.919,3.896,7.939,8.766,8.615
12W501,12,W,77,507.0,1179.0,21.893,19.971,37.081,27.247,15.582,13.98,4.931,6.277,10.454,15.692,4.142,9.986,5.917,6.847
12W502,12,W,77,430.0,1216.0,18.605,19.304,42.326,34.494,10.233,10.443,3.256,3.639,15.349,17.563,4.419,6.962,5.814,7.595
12W503,12,W,77,460.0,1325.0,20.0,24.417,39.348,26.886,13.043,9.739,2.826,5.35,11.957,17.147,4.783,7.956,8.043,8.505
12W504,12,W,77,322.0,1231.0,19.876,28.287,34.783,22.908,4.658,3.586,5.59,8.765,19.876,20.916,6.211,6.972,9.006,8.566
12W505,12,W,77,287.0,859.0,23.345,23.007,44.948,31.663,3.136,4.1,1.045,2.961,17.77,23.235,1.394,5.923,8.362,9.112
12W506,12,W,77,298.0,849.0,23.826,22.951,38.926,29.04,4.027,5.855,4.027,4.45,16.779,22.951,5.705,5.621,6.711,9.133
12W507,12,W,77,220.0,786.0,19.545,25.773,36.364,21.306,2.727,5.498,3.636,8.247,18.636,22.337,2.273,6.186,16.818,10.653
12W508,12,W,77,179.0,606.0,19.553,27.632,30.726,18.86,8.38,3.07,5.028,7.895,20.67,24.561,2.235,7.895,13.408,10.088
12W509,12,W,77,259.0,948.0,20.463,22.137,36.293,18.066,3.475,4.071,6.95,9.415,23.938,29.262,0.386,4.071,8.494,12.977
12W510,12,W,77,177.0,724.0,18.644,22.464,35.593,22.464,3.39,4.348,3.39,9.42,24.859,26.087,6.215,3.986,7.91,11.232
12W511,12,W,77,276.0,1285.0,27.174,24.29,24.638,25.868,6.159,3.785,7.246,3.785,21.377,20.82,3.623,5.994,9.783,15.457
12W512,12,W,77,323.0,972.0,21.981,23.077,35.604,22.596,9.288,8.173,4.334,5.529,17.337,22.837,2.167,7.212,9.288,10.577
12W513,12,W,77,261.0,1171.0,23.372,27.4,38.314,27.166,3.448,5.621,3.831,4.215,17.241,20.609,3.831,5.386,9.962,9.602
12W514,12,W,77,248.0,1206.0,27.419,29.262,32.661,17.303,6.855,4.58,3.226,9.415,16.935,23.41,1.613,4.58,11.29,11.45
12W515,12,W,77,227.0,800.0,25.551,22.414,33.921,19.31,5.286,5.862,4.846,5.172,20.705,29.655,2.643,5.517,7.048,12.069
12W516,12,W,77,330.0,1215.0,23.03,25.996,31.212,21.803,4.545,2.935,6.061,6.709,22.121,26.625,3.333,5.66,9.697,10.273
12W517,12,W,77,231.0,914.0,19.913,26.023,39.827,23.684,4.329,7.018,3.896,6.725,16.45,20.175,2.165,6.433,13.42,9.942
12W518,12,W,77,372.0,1132.0,23.656,27.808,39.247,26.519,5.914,8.287,3.226,6.998,14.785,17.311,5.914,6.63,7.258,6.446
12W519,12,W,77,318.0,1109.0,24.528,22.553,42.138,25.745,3.145,5.532,4.088,6.383,11.95,23.191,5.66,6.596,8.491,10.0
12W520,12,W,77,197.0,988.0,23.35,37.231,33.503,22.154,4.061,5.846,6.091,5.231,18.782,17.538,2.538,3.385,11.675,8.615
12W521,12,W,77,302.0,1008.0,16.556,21.179,43.377,31.441,9.603,8.952,4.636,5.677,11.921,16.594,4.967,8.297,8.94,7.86
12W522,12,W,77,183.0,781.0,25.683,28.716,29.508,20.608,3.825,4.73,6.557,8.446,24.044,23.986,1.639,3.716,8.743,9.797
12W523,12,W,77,341.0,1146.0,21.114,28.105,38.71,23.312,3.812,4.575,5.572,6.754,18.182,20.479,4.106,6.1,8.504,10.675
12W524,12,W,77,285.0,1109.0,24.912,26.316,38.596,23.923,2.456,5.981,5.263,7.416,19.649,20.335,2.456,4.545,6.667,11.483
12W525,12,W,77,266.0,768.0,16.541,17.512,49.248,41.014,8.271,7.604,4.135,4.378,9.023,13.364,3.759,8.065,9.023,8.065
12W526,12,W,77,370.0,1245.0,17.838,27.022,37.568,25.551,4.324,5.331,4.324,5.882,20.27,20.404,3.243,5.331,12.432,10.478
12W601,12,W,78,139.0,266.0,15.108,20.408,33.094,30.612,11.511,8.163,13.669,17.007,8.633,12.925,4.317,6.122,13.669,4.762
12W602,12,W,78,590.0,1318.0,19.661,18.054,44.068,39.437,14.237,12.676,3.729,3.457,6.102,8.323,6.61,13.316,5.593,4.738
12W603,12,W,78,413.0,1171.0,16.949,18.394,43.099,30.657,16.465,13.577,2.421,3.358,4.843,12.117,8.959,16.204,7.264,5.693
12W604,12,W,78,459.0,1041.0,20.479,15.843,37.473,34.583,15.904,13.288,4.575,5.451,5.011,11.925,9.586,15.162,6.972,3.748
12W605,12,W,78,369.0,874.0,15.718,15.43,42.547,35.742,15.718,13.477,3.523,5.859,10.298,10.352,7.588,15.43,4.607,3.711
12W606,12,W,78,541.0,1223.0,14.603,14.221,46.765,34.493,17.93,14.07,2.403,4.69,5.545,12.254,7.579,17.095,5.176,3.177
12W607,12,W,78,404.0,989.0,13.119,13.873,43.564,34.104,16.337,13.487,4.208,5.973,11.881,13.295,5.941,13.873,4.95,5.395
12W608,12,W,78,305.0,704.0,23.607,15.344,44.262,41.534,15.41,13.757,2.623,2.91,2.623,7.672,7.541,14.55,3.934,4.233
12W609,12,W,78,446.0,1242.0,17.265,19.486,50.224,33.082,15.247,11.782,2.915,3.927,6.278,9.215,5.157,17.523,2.915,4.985
12W610,12,W,78,388.0,969.0,15.722,18.531,39.175,31.469,18.299,15.385,5.67,6.294,6.443,8.042,8.247,15.21,6.443,5.07
12W611,12,W,78,365.0,807.0,18.356,17.308,40.0,30.769,14.247,13.889,3.562,4.06,8.493,14.103,10.137,15.171,5.205,4.701
12W612,12,W,78,455.0,1224.0,16.703,17.044,42.198,30.015,15.385,14.027,2.637,4.072,7.692,10.709,7.912,18.25,7.473,5.882
12W613,12,W,78,469.0,1079.0,16.205,18.581,41.791,32.264,18.763,13.851,3.412,4.899,8.529,10.135,6.61,16.554,4.691,3.716
12W614,12,W,78,463.0,1212.0,19.438,19.716,34.773,29.653,16.415,18.927,4.968,4.89,9.719,12.618,6.911,9.937,7.775,4.259
12W615,12,W,78,502.0,1295.0,20.518,22.331,44.024,33.567,15.339,11.798,2.59,4.073,8.167,10.393,4.183,11.798,5.179,6.039
12W616,12,W,78,495.0,1213.0,17.576,18.182,42.222,30.824,19.596,15.767,3.636,4.972,8.283,11.79,4.646,14.205,4.04,4.261
12W617,12,W,78,498.0,1198.0,19.88,21.364,37.149,29.545,20.683,16.667,5.622,6.061,4.418,11.061,5.221,9.545,7.028,5.758
12W618,12,W,78,470.0,1263.0,22.766,24.875,38.298,27.379,14.681,15.192,3.191,5.509,6.383,11.853,5.532,9.85,9.149,5.342
12W619,12,W,78,591.0,1249.0,20.305,19.289,39.425,29.822,16.92,17.373,4.738,5.198,6.768,9.85,6.43,13.543,5.415,4.925
12W620,12,W,78,401.0,964.0,17.456,20.18,41.147,32.252,17.706,14.775,4.489,5.946,10.224,10.27,5.736,12.072,3.242,4.505
12W621,12,W,78,407.0,921.0,22.359,23.495,34.889,24.66,20.393,21.359,4.914,5.049,5.651,9.126,5.405,9.32,6.388,6.99
12W622,12,W,78,439.0,1080.0,17.768,21.138,44.647,31.545,14.123,12.033,2.278,6.016,8.2,9.593,7.973,13.333,5.011,6.341
12W623,12,W,78,399.0,877.0,21.303,22.114,35.84,30.137,18.797,15.46,3.509,5.871,5.263,9.198,10.025,14.09,5.263,3.131
12W624,12,W,78,540.0,1132.0,20.185,21.657,47.037,32.267,11.481,12.5,0.926,3.052,9.259,13.372,5.37,11.919,5.741,5.233
12W625,12,W,78,419.0,1118.0,25.776,28.062,33.413,25.116,8.831,12.093,5.489,5.581,10.501,11.938,7.637,8.217,8.353,8.992
12W626,12,W,78,445.0,1204.0,22.247,21.944,42.697,31.348,13.258,15.204,3.371,4.702,7.191,10.972,5.843,12.382,5.393,3.448
