"Wahlkreisnummer";"Wahlkreisname";"Kreisschlüssel";"KreisfreieStadt.Landkreis";"Gemeindeschlüssel";"Gemeindename";"Verbandsgemeindeschlüssel";"Verbandsgemeindename";"Wahlbezirk";"Wahlbezirksname";"Wahllokal";"A.Wahlberechtigte";"B.Wähler";"E.Ungültige.Zweitstimmen";"F.Gültige.Zweitstimmen";"F01.CDU";"F02.AfD";"F03.Die Linke";"F04.SPD";"F05.FDP";"F06.GRÜNE";"F07.FREIE WÄHLER";"F08.dieBasis";"F09.Tierschutzpartei";"F10.Gartenpartei";"F11.Die PARTEI";"F12.TIERSCHUTZALLIANZ";"F15.BSW";"F19.PdF";"F20.Volt";"C.Ungültige.Erststimmen";"D.Gültige.Erststimmen";"D01.CDU";"D02.AfD";"D03.Die Linke";"D04.SPD";"D05.FDP";"D06.GRÜNE";"D07.FREIE WÄHLER";"D09.Tierschutzpartei";"D10.Gartenpartei";"D11.Die PARTEI";"D12.TIERSCHUTZALLIANZ";"D13.HEIMAT";"D15.BSW";"D19.PdF";"D20.Volt";"D21.EB"
"001";"Salzwedel";"15081";"Altmarkkreis Salzwedel";"15081026";"Apenburg-Winterfeld, Flecken";"5051";"Beetzendorf-Diesdorf";"000001";"Apenburg-Winterfeld, Apenburg";"U";590;433;4;429;61;209;36;37;13;26;3;0;4;1;2;2;33;2;0;4;429;80;217;51;29;9;12;;;;7;;;24;;;
"001";"Salzwedel";"15081";"Altmarkkreis Salzwedel";"15081026";"Apenburg-Winterfeld, Flecken";"5051";"Beetzendorf-Diesdorf";"000002";"Apenburg-Winterfeld, Altensalzwedel";"U";289;221;3;218;43;107;14;25;2;8;1;0;3;1;1;0;13;0;0;4;217;63;104;20;12;2;6;;;;1;;;9;;;
"001";"Salzwedel";"15081";"Altmarkkreis Salzwedel";"15081026";"Apenburg-Winterfeld, Flecken";"5051";"Beetzendorf-Diesdorf";"000003";"Apenburg-Winterfeld, Winterfeld";"U";436;293;7;286;41;138;21;35;9;19;1;1;0;3;0;1;16;0;1;5;288;91;139;13;18;7;5;;;;1;;;14;;;
"001";"Salzwedel";"15081";"Altmarkkreis Salzwedel";"15081026";"Apenburg-Winterfeld, Flecken";"5051";"Beetzendorf-Diesdorf";"000026";"Briefwahl Apenburg-Winterfeld";"B";0;122;1;121;34;41;9;15;7;8;0;0;0;0;0;0;7;0;0;1;121;45;37;12;7;5;3;;;;0;;;12;;;
"001";"Salzwedel";"15081";"Altmarkkreis Salzwedel";"15081030";"Arendsee (Altmark), Stadt";"0030";;"000001";"01 Arendsee, Rathaus";"U";1131;578;8;570;82;297;53;41;14;32;4;4;4;3;2;5;27;2;0;8;570;114;298;52;50;15;6;;;;5;;;30;;;
"001";"Salzwedel";"15081";"Altmarkkreis Salzwedel";"15081030";"Arendsee (Altmark), Stadt";"0030";;"000002";"02 Arendsee, Haus des Gastes";"U";1098;646;5;641;120;306;54;48;40;13;8;2;5;0;1;2;39;0;3;4;642;154;305;68;48;14;17;;;;1;;;35;;;
"001";"Salzwedel";"15081";"Altmarkkreis Salzwedel";"15081030";"Arendsee (Altmark), Stadt";"0030";;"000003";"03 Arendsee, Kläden";"U";156;121;1;120;23;47;9;16;5;5;2;0;1;1;0;1;8;1;1;1;120;26;42;15;19;7;1;;;;2;;;8;;;
"001";"Salzwedel";"15081";"Altmarkkreis Salzwedel";"15081030";"Arendsee (Altmark), Stadt";"0030";;"000004";"04 Arendsee, Kleinau";"U";181;114;1;113;22;68;7;2;2;5;1;0;0;0;0;0;5;0;1;2;112;22;68;6;3;3;5;;;;1;;;4;;;
"001";"Salzwedel";"15081";"Altmarkkreis Salzwedel";"15081030";"Arendsee (Altmark), Stadt";"0030";;"000005";"05 Arendsee, Dessau";"U";85;75;1;74;24;29;8;5;3;0;0;0;1;0;0;1;3;0;0;0;75;33;28;8;3;1;0;;;;0;;;2;;;
"001";"Salzwedel";"15081";"Altmarkkreis Salzwedel";"15081030";"Arendsee (Altmark), Stadt";"0030";;"000006";"06 Arendsee, Lohne";"U";124;92;2;90;25;41;4;5;6;7;0;0;0;0;0;0;2;0;0;2;90;30;40;5;5;5;3;;;;0;;;2;;;
"001";"Salzwedel";"15081";"Altmarkkreis Salzwedel";"15081030";"Arendsee (Altmark), Stadt";"0030";;"000007";"07 Arendsee, Leppin";"U";421;248;2;246;44;141;16;19;5;8;5;0;1;0;1;0;5;0;1;4;244;53;136;17;19;3;6;;;;4;;;6;;;
"001";"Salzwedel";"15081";"Altmarkkreis Salzwedel";"15081030";"Arendsee (Altmark), Stadt";"0030";;"000008";"08 Arendsee, Sanne";"U";205;142;1;141;26;61;15;7;13;2;3;2;1;1;1;0;7;0;2;3;139;33;59;17;8;8;1;;;;2;;;11;;;
"001";"Salzwedel";"15081";"Altmarkkreis Salzwedel";"15081030";"Arendsee (Altmark), Stadt";"0030";;"000009";"09 Arendsee, Zießau";"U";256;167;2;165;22;85;11;15;9;7;2;2;1;0;0;0;10;1;0;2;165;31;84;14;12;7;2;;;;2;;;13;;;
"001";"Salzwedel";"15081";"Altmarkkreis Salzwedel";"15081030";"Arendsee (Altmark), Stadt";"0030";;"000010";"10 Arendsee, Vissum";"U";144;97;3;94;22;27;11;6;2;15;0;0;0;0;1;0;9;0;1;2;95;32;27;14;9;1;4;;;;2;;;6;;;
"001";"Salzwedel";"15081";"Altmarkkreis Salzwedel";"15081030";"Arendsee (Altmark), Stadt";"0030";;"000011";"11 Arendsee, Ziemendorf";"U";127;104;2;102;13;53;5;10;4;11;0;0;1;0;1;0;4;0;0;3;101;21;48;9;12;3;2;;;;1;;;5;;;
"001";"Salzwedel";"15081";"Altmarkkreis Salzwedel";"15081030";"Arendsee (Altmark), Stadt";"0030";;"000012";"12 Arendsee, Binde";"U";212;134;1;133;26;55;13;7;2;15;0;1;3;1;1;1;6;1;1;2;132;36;57;17;5;3;6;;;;2;;;6;;;
"001";"Salzwedel";"15081";"Altmarkkreis Salzwedel";"15081030";"Arendsee (Altmark), Stadt";"0030";;"000013";"13 Arendsee, Fleetmark";"U";701;437;5;432;58;228;50;33;11;18;2;1;1;4;1;0;24;0;1;6;431;76;230;51;29;9;6;;;;4;;;26;;;
"001";"Salzwedel";"15081";"Altmarkkreis Salzwedel";"15081030";"Arendsee (Altmark), Stadt";"0030";;"000014";"14 Arendsee, Kaulitz";"U";136;86;2;84;12;21;13;5;2;19;1;0;3;0;3;0;5;0;0;2;84;15;22;25;6;3;6;;;;4;;;3;;;
"001";"Salzwedel";"15081";"Altmarkkreis Salzwedel";"15081030";"Arendsee (Altmark), Stadt";"0030";;"000015";"15 Arendsee, Mechau";"U";218;145;1;144;12;74;20;13;3;15;2;0;0;0;0;0;5;0;0;2;143;26;70;23;14;2;3;;;;0;;;5;;;
"001";"Salzwedel";"15081";"Altmarkkreis Salzwedel";"15081030";"Arendsee (Altmark), Stadt";"0030";;"000016";"16 Arendsee, Rademin";"U";142;82;2;80;12;40;7;6;1;5;1;0;1;0;0;1;4;0;2;2;80;13;42;9;7;2;3;;;;0;;;4;;;
"001";"Salzwedel";"15081";"Altmarkkreis Salzwedel";"15081030";"Arendsee (Altmark), Stadt";"0030";;"000017";"17 Arendsee, Briefwahl";"B";0;978;7;971;228;265;143;129;19;75;9;3;14;5;7;7;61;2;4;12;966;310;251;171;101;23;30;;;;20;;;60;;;
"001";"Salzwedel";"15081";"Altmarkkreis Salzwedel";"15081045";"Beetzendorf";"5051";"Beetzendorf-Diesdorf";"000004";"Beetzendorf";"U";1363;681;10;671;97;341;51;62;11;43;8;2;5;3;5;3;38;1;1;11;670;159;340;55;42;19;16;;;;8;;;31;;;
"001";"Salzwedel";"15081";"Altmarkkreis Salzwedel";"15081045";"Beetzendorf";"5051";"Beetzendorf-Diesdorf";"000005";"Beetzendorf, Hohentramm";"U";141;90;0;90;22;38;12;3;2;8;2;0;1;0;0;0;2;0;0;0;90;30;39;10;2;4;2;;;;0;;;3;;;
"001";"Salzwedel";"15081";"Altmarkkreis Salzwedel";"15081045";"Beetzendorf";"5051";"Beetzendorf-Diesdorf";"000006";"Beetzendorf, Bandau";"U";390;234;0;234;32;68;41;10;8;61;1;0;0;0;0;0;13;0;0;0;234;60;64;75;9;0;17;;;;0;;;9;;;
"001";"Salzwedel";"15081";"Altmarkkreis Salzwedel";"15081045";"Beetzendorf";"5051";"Beetzendorf-Diesdorf";"000007";"Beetzendorf, Jeeben";"U";171;113;0;113;19;53;6;14;3;7;1;2;2;1;0;1;3;1;0;1;112;34;53;7;7;1;4;;;;2;;;4;;;
"001";"Salzwedel";"15081";"Altmarkkreis Salzwedel";"15081045";"Beetzendorf";"5051";"Beetzendorf-Diesdorf";"000008";"Beetzendorf, Mellin";"U";139;91;3;88;10;54;8;6;2;4;0;0;0;0;1;0;3;0;0;1;90;19;52;7;5;1;2;;;;1;;;3;;;
"001";"Salzwedel";"15081";"Altmarkkreis Salzwedel";"15081045";"Beetzendorf";"5051";"Beetzendorf-Diesdorf";"000009";"Beetzendorf, Tangeln";"U";238;159;0;159;21;86;7;13;2;11;1;0;2;2;2;1;11;0;0;1;158;35;85;10;9;2;4;;;;2;;;11;;;
"001";"Salzwedel";"15081";"Altmarkkreis Salzwedel";"15081045";"Beetzendorf";"5051";"Beetzendorf-Diesdorf";"000027";"Briefwahl Beetzendorf";"B";0;522;2;520;114;111;63;80;11;84;5;5;4;1;2;1;33;2;4;2;520;172;111;103;64;19;20;;;;4;;;27;;;
"001";"Salzwedel";"15081";"Altmarkkreis Salzwedel";"15081095";"Dähre";"5051";"Beetzendorf-Diesdorf";"000010";"Dähre";"U";615;400;6;394;65;179;37;38;16;38;1;1;1;0;0;0;18;0;0;4;396;100;183;44;30;13;12;;;;0;;;14;;;
"001";"Salzwedel";"15081";"Altmarkkreis Salzwedel";"15081095";"Dähre";"5051";"Beetzendorf-Diesdorf";"000011";"Dähre, Bonese";"U";510;317;1;316;59;154;25;22;13;25;3;0;1;0;2;0;12;0;0;1;316;85;151;27;15;17;5;;;;4;;;12;;;
"001";"Salzwedel";"15081";"Altmarkkreis Salzwedel";"15081095";"Dähre";"5051";"Beetzendorf-Diesdorf";"000028";"Briefwahl Dähre";"B";0;182;1;181;45;36;23;33;3;14;1;0;0;0;1;0;22;3;0;2;180;66;36;23;26;5;3;;;;1;;;20;;;
"001";"Salzwedel";"15081";"Altmarkkreis Salzwedel";"15081105";"Diesdorf, Flecken";"5051";"Beetzendorf-Diesdorf";"000012";"Diesdorf";"U";1802;1047;11;1036;171;509;74;108;18;76;8;4;9;2;2;6;45;2;2;12;1035;291;500;80;77;15;21;;;;6;;;45;;;
"001";"Salzwedel";"15081";"Altmarkkreis Salzwedel";"15081105";"Diesdorf, Flecken";"5051";"Beetzendorf-Diesdorf";"000029";"Briefwahl Diesdorf";"B";0;406;0;406;111;86;50;48;18;45;7;2;4;0;5;2;27;1;0;1;405;167;84;48;34;22;16;;;;11;;;23;;;
"001";"Salzwedel";"15081";"Altmarkkreis Salzwedel";"15081225";"Jübar";"5051";"Beetzendorf-Diesdorf";"000013";"Jübar";"U";426;280;4;276;54;142;18;18;7;16;1;1;3;1;0;1;12;2;0;2;278;101;122;20;14;5;3;;;;2;;;11;;;
"001";"Salzwedel";"15081";"Altmarkkreis Salzwedel";"15081225";"Jübar";"5051";"Beetzendorf-Diesdorf";"000014";"Jübar, Bornsen";"U";220;160;1;159;25;96;12;11;0;2;2;0;3;1;0;1;6;0;0;1;159;40;92;9;11;0;1;;;;1;;;5;;;
"001";"Salzwedel";"15081";"Altmarkkreis Salzwedel";"15081225";"Jübar";"5051";"Beetzendorf-Diesdorf";"000015";"Jübar, Hanum";"U";131;94;0;94;21;47;7;8;1;5;1;0;1;1;0;1;1;0;0;0;94;30;46;6;5;2;2;;;;1;;;2;;;
"001";"Salzwedel";"15081";"Altmarkkreis Salzwedel";"15081225";"Jübar";"5051";"Beetzendorf-Diesdorf";"000016";"Jübar, Lüdelsen";"U";213;147;0;147;11;95;6;5;1;12;5;0;1;2;0;2;7;0;0;1;146;36;87;6;2;4;3;;;;3;;;5;;;
"001";"Salzwedel";"15081";"Altmarkkreis Salzwedel";"15081225";"Jübar";"5051";"Beetzendorf-Diesdorf";"000017";"Jübar, Nettgau";"U";240;172;2;170;23;89;14;18;1;12;2;0;3;0;1;0;7;0;0;2;170;31;85;13;21;6;4;;;;3;;;7;;;
"001";"Salzwedel";"15081";"Altmarkkreis Salzwedel";"15081225";"Jübar";"5051";"Beetzendorf-Diesdorf";"000030";"Briefwahl Jübar";"B";0;191;0;191;38;63;21;20;12;21;1;1;0;1;2;0;11;0;0;1;190;61;50;26;17;11;12;;;;1;;;12;;;
"001";"Salzwedel";"15081";"Altmarkkreis Salzwedel";"15081290";"Kuhfelde";"5051";"Beetzendorf-Diesdorf";"000018";"Kuhfelde";"U";387;250;8;242;39;132;15;15;3;12;7;0;1;0;0;0;17;1;0;8;242;46;129;21;14;5;9;;;;1;;;17;;;
"001";"Salzwedel";"15081";"Altmarkkreis Salzwedel";"15081290";"Kuhfelde";"5051";"Beetzendorf-Diesdorf";"000019";"Kuhfelde, Siedenlangenbeck";"U";355;274;0;274;50;141;18;14;9;24;3;0;0;1;4;3;6;1;0;1;273;62;143;17;18;13;5;;;;6;;;9;;;
"001";"Salzwedel";"15081";"Altmarkkreis Salzwedel";"15081290";"Kuhfelde";"5051";"Beetzendorf-Diesdorf";"000020";"Kuhfelde, Valfitz";"U";115;84;0;84;16;39;7;7;3;6;1;0;0;1;0;0;4;0;0;0;84;23;38;8;4;2;4;;;;2;;;3;;;
"001";"Salzwedel";"15081";"Altmarkkreis Salzwedel";"15081290";"Kuhfelde";"5051";"Beetzendorf-Diesdorf";"000031";"Briefwahl Kuhfelde";"B";0;100;0;100;24;20;11;10;2;15;0;0;0;1;1;3;12;0;1;0;100;31;24;15;10;3;4;;;;3;;;10;;;
"001";"Salzwedel";"15081";"Altmarkkreis Salzwedel";"15081440";"Rohrberg";"5051";"Beetzendorf-Diesdorf";"000021";"Rohrberg";"U";414;294;5;289;40;157;18;15;4;20;5;0;7;0;2;2;19;0;0;3;291;53;162;24;16;8;5;;;;6;;;17;;;
"001";"Salzwedel";"15081";"Altmarkkreis Salzwedel";"15081440";"Rohrberg";"5051";"Beetzendorf-Diesdorf";"000022";"Rohrberg, Ahlum";"U";305;217;0;217;27;128;11;17;2;15;0;1;2;3;0;1;10;0;0;0;217;46;127;13;14;4;2;;;;5;;;6;;;
"001";"Salzwedel";"15081";"Altmarkkreis Salzwedel";"15081440";"Rohrberg";"5051";"Beetzendorf-Diesdorf";"000023";"Rohrberg, Bierstedt";"U";101;81;0;81;25;29;5;9;1;10;0;0;1;0;0;0;1;0;0;0;81;31;27;5;13;1;3;;;;1;;;0;;;
"001";"Salzwedel";"15081";"Altmarkkreis Salzwedel";"15081440";"Rohrberg";"5051";"Beetzendorf-Diesdorf";"000032";"Briefwahl Rohrberg";"B";0;94;2;92;26;26;10;8;1;14;0;0;0;0;0;1;6;0;0;1;93;33;25;12;8;4;3;;;;2;;;6;;;
"001";"Salzwedel";"15081";"Altmarkkreis Salzwedel";"15081455";"Salzwedel, Hansestadt";"0455";;"000001";"Bürgercenter";"U";1385;785;5;780;78;367;113;62;20;74;8;0;11;3;3;5;34;1;1;7;778;124;367;145;52;21;25;;;;9;;;35;;;
"001";"Salzwedel";"15081";"Altmarkkreis Salzwedel";"15081455";"Salzwedel, Hansestadt";"0455";;"000002";"Kulturhaus SAW";"U";1262;665;9;656;89;298;75;62;16;51;4;1;7;2;1;3;45;0;2;9;656;142;292;100;49;11;14;;;;11;;;37;;;
"001";"Salzwedel";"15081";"Altmarkkreis Salzwedel";"15081455";"Salzwedel, Hansestadt";"0455";;"000003";"Kinder-Eltern-Zentrum Siebeneichen";"U";1506;878;5;873;140;411;74;76;18;40;14;46;11;10;1;2;25;0;5;6;872;203;406;94;53;24;9;;;;23;;;60;;;
"001";"Salzwedel";"15081";"Altmarkkreis Salzwedel";"15081455";"Salzwedel, Hansestadt";"0455";;"000004";"Hort ""Pedro und Janina""";"U";1241;635;10;625;86;313;83;53;12;35;3;0;3;1;1;3;29;2;1;11;624;114;311;103;41;14;13;;;;3;;;25;;;
"001";"Salzwedel";"15081";"Altmarkkreis Salzwedel";"15081455";"Salzwedel, Hansestadt";"0455";;"000005";"Comenius-Schule";"U";1481;879;8;871;120;345;117;98;20;79;10;2;9;4;4;4;52;3;4;10;869;208;351;135;72;20;30;;;;9;;;44;;;
"001";"Salzwedel";"15081";"Altmarkkreis Salzwedel";"15081455";"Salzwedel, Hansestadt";"0455";;"000006";"Hort ""Jenny-Marx""";"U";1459;779;7;772;102;316;115;85;16;63;6;1;5;0;7;0;55;0;1;8;771;159;319;154;59;16;17;;;;9;;;38;;;
"001";"Salzwedel";"15081";"Altmarkkreis Salzwedel";"15081455";"Salzwedel, Hansestadt";"0455";;"000007";"Jenny-Marx-Grundschule";"U";1388;712;18;694;93;330;92;73;12;37;11;1;12;1;1;1;28;0;2;19;693;141;327;96;65;15;18;;;;6;;;25;;;
"001";"Salzwedel";"15081";"Altmarkkreis Salzwedel";"15081455";"Salzwedel, Hansestadt";"0455";;"000008";"Jahn-Gymnasium";"U";1589;764;14;750;85;315;116;78;21;76;5;3;3;1;3;3;41;0;0;12;752;138;319;152;64;18;25;;;;3;;;33;;;
"001";"Salzwedel";"15081";"Altmarkkreis Salzwedel";"15081455";"Salzwedel, Hansestadt";"0455";;"000009";"Kita ""Max und Moritz""";"U";1217;619;14;605;83;293;74;66;7;26;4;0;6;1;4;6;33;0;2;16;603;103;297;85;52;11;16;;;;9;;;30;;;
"001";"Salzwedel";"15081";"Altmarkkreis Salzwedel";"15081455";"Salzwedel, Hansestadt";"0455";;"000010";"Dorfgemeinschaftshaus Chüttlitz";"U";727;458;2;456;90;179;33;61;17;36;4;2;6;1;0;0;26;1;0;2;456;143;184;52;26;12;16;;;;4;;;19;;;
"001";"Salzwedel";"15081";"Altmarkkreis Salzwedel";"15081455";"Salzwedel, Hansestadt";"0455";;"000011";"Dorfgemeinschaftshaus Dambeck";"U";216;157;3;154;27;79;16;7;4;7;0;0;2;0;0;2;10;0;0;4;153;38;77;15;5;6;2;;;;1;;;9;;;
"001";"Salzwedel";"15081";"Altmarkkreis Salzwedel";"15081455";"Salzwedel, Hansestadt";"0455";;"000012";"Dorfgemeinschaftshaus Mahlsdorf";"U";577;360;8;352;43;177;29;31;10;25;4;2;3;2;0;2;23;0;1;8;352;68;182;37;26;8;8;;;;3;;;20;;;
"001";"Salzwedel";"15081";"Altmarkkreis Salzwedel";"15081455";"Salzwedel, Hansestadt";"0455";;"000013";"Feuerwehr Henningen";"U";444;293;3;290;44;149;26;26;3;19;3;0;6;1;1;0;11;1;0;3;290;74;143;27;18;6;9;;;;2;;;11;;;
"001";"Salzwedel";"15081";"Altmarkkreis Salzwedel";"15081455";"Salzwedel, Hansestadt";"0455";;"000014";"Dorfgemeinschaftshaus Osterwohle";"U";348;232;1;231;39;92;22;19;8;19;3;2;2;2;1;2;17;1;2;1;231;54;97;34;17;5;6;;;;2;;;16;;;
"001";"Salzwedel";"15081";"Altmarkkreis Salzwedel";"15081455";"Salzwedel, Hansestadt";"0455";;"000015";"Mehrzweckgebäude Stappenbeck";"U";278;174;3;171;38;83;17;16;2;6;0;1;0;0;0;1;6;1;0;3;171;52;83;21;7;1;3;;;;0;;;4;;;
"001";"Salzwedel";"15081";"Altmarkkreis Salzwedel";"15081455";"Salzwedel, Hansestadt";"0455";;"000016";"Dorfgemeinschaftshaus Pretzier";"U";1008;658;8;650;122;300;57;58;13;42;10;1;5;3;0;2;35;0;2;12;646;177;297;70;31;16;18;;;;5;;;32;;;
"001";"Salzwedel";"15081";"Altmarkkreis Salzwedel";"15081455";"Salzwedel, Hansestadt";"0455";;"000017";"Feuerwehrhaus Seeben";"U";451;298;4;294;43;138;28;26;10;24;5;3;3;2;0;2;9;1;0;3;295;59;138;31;27;11;10;;;;3;;;16;;;
"001";"Salzwedel";"15081";"Altmarkkreis Salzwedel";"15081455";"Salzwedel, Hansestadt";"0455";;"000018";"FFW Kemnitz";"U";345;255;3;252;33;110;25;28;15;21;1;0;2;1;1;2;12;1;0;3;252;56;113;35;19;14;4;;;;3;;;8;;;
"001";"Salzwedel";"15081";"Altmarkkreis Salzwedel";"15081455";"Salzwedel, Hansestadt";"0455";;"000019";"Dorfgemeinschaftshaus Eversdorf";"U";246;150;1;149;28;63;16;9;2;9;3;1;0;0;3;0;15;0;0;1;149;42;60;14;6;7;1;;;;3;;;16;;;
"001";"Salzwedel";"15081";"Altmarkkreis Salzwedel";"15081455";"Salzwedel, Hansestadt";"0455";;"000020";"Kulturhaus Langenapel";"U";186;125;0;125;10;76;5;11;4;8;0;0;0;1;0;1;9;0;0;0;125;19;74;10;7;6;3;;;;1;;;5;;;
"001";"Salzwedel";"15081";"Altmarkkreis Salzwedel";"15081455";"Salzwedel, Hansestadt";"0455";;"000021";"Dorfgemeinschaftshaus Ritze";"U";574;378;2;376;60;156;54;24;4;46;5;0;3;2;2;2;17;1;0;4;374;103;151;72;15;4;10;;;;7;;;12;;;
"001";"Salzwedel";"15081";"Altmarkkreis Salzwedel";"15081455";"Salzwedel, Hansestadt";"0455";;"000022";"Salzwedel, Briefwahlbezirk I";"B";0;953;3;950;230;215;137;135;32;108;9;0;6;4;2;2;64;2;4;3;950;330;200;194;89;37;26;;;;6;;;68;;;
"001";"Salzwedel";"15081";"Altmarkkreis Salzwedel";"15081455";"Salzwedel, Hansestadt";"0455";;"000023";"Salzwedel, Briefwahlbezirk II";"B";0;819;2;817;176;210;104;117;29;82;20;2;5;3;4;0;60;2;3;2;817;258;207;144;81;28;27;;;;16;;;56;;;
"001";"Salzwedel";"15081";"Altmarkkreis Salzwedel";"15081455";"Salzwedel, Hansestadt";"0455";;"000024";"Salzwedel, Briefwahlbezirk III";"B";0;913;5;908;204;238;113;141;34;84;5;2;5;5;6;2;68;0;1;3;910;310;231;159;86;29;24;;;;15;;;56;;;
"001";"Salzwedel";"15081";"Altmarkkreis Salzwedel";"15081455";"Salzwedel, Hansestadt";"0455";;"000025";"Salzwedel, Briefwahlbezirk IV";"B";0;710;5;705;169;140;98;120;17;92;4;1;3;8;7;4;41;0;1;9;701;265;138;122;80;19;32;;;;13;;;32;;;
"001";"Salzwedel";"15081";"Altmarkkreis Salzwedel";"15081545";"Wallstawe";"5051";"Beetzendorf-Diesdorf";"000024";"Wallstawe";"U";401;264;5;259;42;148;20;16;7;8;5;0;2;0;0;0;7;1;3;4;260;54;144;29;11;11;3;;;;1;;;7;;;
"001";"Salzwedel";"15081";"Altmarkkreis Salzwedel";"15081545";"Wallstawe";"5051";"Beetzendorf-Diesdorf";"000025";"Wallstawe, Ellenberg";"U";284;182;3;179;27;85;12;19;3;26;0;0;0;0;0;0;6;0;1;4;178;49;83;15;15;4;4;;;;1;;;7;;;
"001";"Salzwedel";"15081";"Altmarkkreis Salzwedel";"15081545";"Wallstawe";"5051";"Beetzendorf-Diesdorf";"000033";"Briefwahl Wallstawe";"B";0;127;0;127;24;29;6;11;10;28;5;0;0;1;0;1;10;1;1;0;127;45;28;11;11;5;16;;;;2;;;9;;;
"002";"Gardelegen-Klötze";"15081";"Altmarkkreis Salzwedel";"15081135";"Gardelegen, Hansestadt";"0135";;"000001";"01 Gardelegen, Sporthalle Willi Friedrichs";"U";1168;714;10;704;80;369;54;77;15;34;4;0;13;5;4;4;44;0;1;12;702;137;363;65;50;20;14;;;;12;;;41;;;
"002";"Gardelegen-Klötze";"15081";"Altmarkkreis Salzwedel";"15081135";"Gardelegen, Hansestadt";"0135";;"000002";"02 Gardelegen, Bibliothek";"U";1113;578;8;570;82;270;32;63;10;57;6;1;5;3;4;3;34;0;0;8;570;142;266;50;46;8;14;;;;9;;;35;;;
"002";"Gardelegen-Klötze";"15081";"Altmarkkreis Salzwedel";"15081135";"Gardelegen, Hansestadt";"0135";;"000003";"03 Gardelegen, Außenstelle Hansestadt Gardelegen";"U";1343;784;11;773;99;393;89;62;20;45;4;0;8;6;4;3;36;0;4;13;771;158;388;70;66;27;15;;;;14;;;33;;;
"002";"Gardelegen-Klötze";"15081";"Altmarkkreis Salzwedel";"15081135";"Gardelegen, Hansestadt";"0135";;"000004";"04 Gardelegen, Grundschule """"J-W.-v.-Goethe""""";"U";1316;715;13;702;80;355;69;52;15;52;9;3;8;3;5;3;40;4;4;9;706;138;354;64;41;22;21;;;;19;;;47;;;
"002";"Gardelegen-Klötze";"15081";"Altmarkkreis Salzwedel";"15081135";"Gardelegen, Hansestadt";"0135";;"000005";"05 Gardelegen, Kindertagesstätte Krümelkiste";"U";1223;741;4;737;102;314;82;82;25;62;7;0;6;1;1;7;46;0;2;5;736;208;301;76;56;25;9;;;;10;;;51;;;
"002";"Gardelegen-Klötze";"15081";"Altmarkkreis Salzwedel";"15081135";"Gardelegen, Hansestadt";"0135";;"000006";"06 Gardelegen, Hort Grundschule Otto Reutter";"U";965;530;5;525;82;257;53;43;10;27;4;0;7;2;2;7;26;2;3;6;524;108;253;61;40;14;11;;;;10;;;27;;;
"002";"Gardelegen-Klötze";"15081";"Altmarkkreis Salzwedel";"15081135";"Gardelegen, Hansestadt";"0135";;"000007";"07 Gardelegen, FFW Gerätehaus";"U";986;603;9;594;97;270;62;49;16;34;3;1;10;2;4;5;38;2;1;11;592;137;266;54;52;22;10;;;;9;;;42;;;
"002";"Gardelegen-Klötze";"15081";"Altmarkkreis Salzwedel";"15081135";"Gardelegen, Hansestadt";"0135";;"000008";"08 Gardelegen, Seethen";"U";114;88;0;88;16;31;8;14;0;8;1;0;1;2;0;0;7;0;0;0;88;25;30;10;11;2;2;;;;1;;;7;;;
"002";"Gardelegen-Klötze";"15081";"Altmarkkreis Salzwedel";"15081135";"Gardelegen, Hansestadt";"0135";;"000009";"09 Gardelegen, Berge";"U";292;203;5;198;28;96;13;23;4;7;2;0;2;3;0;2;18;0;0;5;198;28;90;25;19;8;3;;;;6;;;19;;;
"002";"Gardelegen-Klötze";"15081";"Altmarkkreis Salzwedel";"15081135";"Gardelegen, Hansestadt";"0135";;"000010";"10 Gardelegen, Lindstedt";"U";377;262;1;261;51;126;15;23;7;15;3;0;2;2;1;1;14;0;1;3;259;68;126;20;16;10;3;;;;1;;;15;;;
"002";"Gardelegen-Klötze";"15081";"Altmarkkreis Salzwedel";"15081135";"Gardelegen, Hansestadt";"0135";;"000011";"11 Gardelegen, Hemstedt";"U";244;173;3;170;32;84;13;15;11;3;0;0;0;0;1;3;7;0;1;2;171;40;83;15;12;9;1;;;;4;;;7;;;
"002";"Gardelegen-Klötze";"15081";"Altmarkkreis Salzwedel";"15081135";"Gardelegen, Hansestadt";"0135";;"000012";"12 Gardelegen, Kloster Neuendorf";"U";338;240;1;239;33;119;24;13;7;18;4;0;2;1;0;2;15;1;0;1;239;49;120;26;13;5;6;;;;3;;;17;;;
"002";"Gardelegen-Klötze";"15081";"Altmarkkreis Salzwedel";"15081135";"Gardelegen, Hansestadt";"0135";;"000013";"13 Gardelegen, Algenstedt";"U";143;115;0;115;15;68;7;14;1;2;1;0;1;1;0;0;4;1;0;0;115;21;65;4;14;1;4;;;;0;;;6;;;
"002";"Gardelegen-Klötze";"15081";"Altmarkkreis Salzwedel";"15081135";"Gardelegen, Hansestadt";"0135";;"000014";"14 Gardelegen, Schenkenhorst";"U";115;92;0;92;21;33;6;13;4;5;1;0;2;0;1;0;6;0;0;0;92;32;34;5;8;3;2;;;;1;;;7;;;
"002";"Gardelegen-Klötze";"15081";"Altmarkkreis Salzwedel";"15081135";"Gardelegen, Hansestadt";"0135";;"000015";"15 Gardelegen, Jeseritz";"U";194;130;1;129;20;52;8;21;7;13;3;0;1;0;0;1;3;0;0;1;129;37;50;10;13;8;4;;;;3;;;4;;;
"002";"Gardelegen-Klötze";"15081";"Altmarkkreis Salzwedel";"15081135";"Gardelegen, Hansestadt";"0135";;"000016";"16 Gardelegen, Potzehne";"U";180;138;2;136;26;52;11;13;5;10;1;1;0;2;0;0;14;1;0;1;137;29;51;18;15;11;3;;;;1;;;9;;;
"002";"Gardelegen-Klötze";"15081";"Altmarkkreis Salzwedel";"15081135";"Gardelegen, Hansestadt";"0135";;"000017";"17 Gardelegen, Roxförde";"U";162;96;0;96;25;33;13;8;3;6;0;1;2;0;0;1;4;0;0;0;96;31;35;7;7;8;2;;;;2;;;4;;;
"002";"Gardelegen-Klötze";"15081";"Altmarkkreis Salzwedel";"15081135";"Gardelegen, Hansestadt";"0135";;"000018";"18 Gardelegen, Wannefeld";"U";205;148;3;145;24;75;6;17;11;2;2;0;1;2;0;0;5;0;0;3;145;28;72;7;11;14;3;;;;1;;;9;;;
"002";"Gardelegen-Klötze";"15081";"Altmarkkreis Salzwedel";"15081135";"Gardelegen, Hansestadt";"0135";;"000019";"19 Gardelegen, Wiepke";"U";171;131;3;128;23;62;10;14;2;9;0;0;0;1;0;0;7;0;0;2;129;31;62;11;9;3;5;;;;0;;;8;;;
"002";"Gardelegen-Klötze";"15081";"Altmarkkreis Salzwedel";"15081135";"Gardelegen, Hansestadt";"0135";;"000020";"20 Gardelegen, Zichtau";"U";164;113;1;112;14;44;11;10;6;10;2;0;3;0;0;1;9;0;2;2;111;22;46;13;8;4;4;;;;0;;;14;;;
"002";"Gardelegen-Klötze";"15081";"Altmarkkreis Salzwedel";"15081135";"Gardelegen, Hansestadt";"0135";;"000021";"21 Gardelegen, Breitenfeld";"U";116;78;2;76;6;50;3;6;0;4;0;0;0;0;2;0;5;0;0;2;76;11;50;1;5;2;0;;;;3;;;4;;;
"002";"Gardelegen-Klötze";"15081";"Altmarkkreis Salzwedel";"15081135";"Gardelegen, Hansestadt";"0135";;"000022";"22 Gardelegen, Dannefeld";"U";269;191;2;189;36;88;17;19;8;7;0;0;4;0;0;2;8;0;0;2;189;47;83;24;13;7;2;;;;0;;;13;;;
"002";"Gardelegen-Klötze";"15081";"Altmarkkreis Salzwedel";"15081135";"Gardelegen, Hansestadt";"0135";;"000023";"23 Gardelegen, Letzlingen";"U";1155;765;4;761;137;378;51;51;36;42;11;0;10;7;2;3;30;0;3;5;760;189;369;70;46;41;6;;;;9;;;30;;;
"002";"Gardelegen-Klötze";"15081";"Altmarkkreis Salzwedel";"15081135";"Gardelegen, Hansestadt";"0135";;"000024";"24 Gardelegen, Jerchel";"U";230;179;1;178;42;71;13;18;3;21;2;0;0;0;0;3;5;0;0;1;178;61;70;18;11;2;6;;;;2;;;8;;;
"002";"Gardelegen-Klötze";"15081";"Altmarkkreis Salzwedel";"15081135";"Gardelegen, Hansestadt";"0135";;"000025";"25 Gardelegen, Köckte";"U";284;221;4;217;37;101;18;30;2;8;6;0;4;0;0;4;6;0;1;3;218;49;105;20;23;3;8;;;;2;;;8;;;
"002";"Gardelegen-Klötze";"15081";"Altmarkkreis Salzwedel";"15081135";"Gardelegen, Hansestadt";"0135";;"000026";"26 Gardelegen, Mieste";"U";1622;1009;12;997;161;444;100;87;28;72;18;1;5;10;5;4;56;2;4;10;999;246;449;128;65;31;18;;;;17;;;45;;;
"002";"Gardelegen-Klötze";"15081";"Altmarkkreis Salzwedel";"15081135";"Gardelegen, Hansestadt";"0135";;"000028";"28 Gardelegen, Miesterhorst";"U";477;329;4;325;51;165;18;35;10;15;1;0;9;2;3;1;12;1;2;5;324;83;164;27;15;11;5;;;;7;;;12;;;
"002";"Gardelegen-Klötze";"15081";"Altmarkkreis Salzwedel";"15081135";"Gardelegen, Hansestadt";"0135";;"000029";"29 Gardelegen, Hottendorf";"U";186;141;1;140;27;68;10;14;4;2;0;0;3;2;0;0;8;2;0;1;140;26;66;11;17;11;1;;;;2;;;6;;;
"002";"Gardelegen-Klötze";"15081";"Altmarkkreis Salzwedel";"15081135";"Gardelegen, Hansestadt";"0135";;"000030";"30 Gardelegen, Sachau";"U";107;71;3;68;7;39;8;4;1;5;1;0;0;0;0;0;2;0;1;1;70;15;39;9;0;1;3;;;;1;;;2;;;
"002";"Gardelegen-Klötze";"15081";"Altmarkkreis Salzwedel";"15081135";"Gardelegen, Hansestadt";"0135";;"000031";"31 Gardelegen, Jävenitz";"U";807;495;5;490;79;250;29;53;9;19;3;1;7;3;0;3;31;2;1;4;491;106;245;40;46;16;4;;;;4;;;30;;;
"002";"Gardelegen-Klötze";"15081";"Altmarkkreis Salzwedel";"15081135";"Gardelegen, Hansestadt";"0135";;"000032";"32 Gardelegen, Solpke";"U";411;302;3;299;47;128;26;40;6;24;0;2;7;2;0;1;12;0;4;2;300;88;123;24;27;10;8;;;;2;;;18;;;
"002";"Gardelegen-Klötze";"15081";"Altmarkkreis Salzwedel";"15081135";"Gardelegen, Hansestadt";"0135";;"000033";"33 Gardelegen, Estedt";"U";269;180;2;178;41;57;11;30;6;13;2;0;0;3;1;0;13;1;0;1;179;55;59;15;18;7;7;;;;3;;;15;;;
"002";"Gardelegen-Klötze";"15081";"Altmarkkreis Salzwedel";"15081135";"Gardelegen, Hansestadt";"0135";;"000034";"34 Gardelegen, Ackendorf";"U";222;168;0;168;24;71;6;29;5;18;1;0;1;2;0;1;8;2;0;0;168;53;69;16;12;2;4;;;;6;;;6;;;
"002";"Gardelegen-Klötze";"15081";"Altmarkkreis Salzwedel";"15081135";"Gardelegen, Hansestadt";"0135";;"000035";"35 Gardelegen, Jeggau";"U";158;121;1;120;22;50;6;16;3;11;1;0;0;0;0;0;10;1;0;1;120;36;52;10;8;4;5;;;;0;;;5;;;
"002";"Gardelegen-Klötze";"15081";"Altmarkkreis Salzwedel";"15081135";"Gardelegen, Hansestadt";"0135";;"000036";"36 Gardelegen, Peckfitz";"U";118;90;1;89;11;41;7;12;1;6;0;0;1;1;1;0;8;0;0;0;90;19;40;10;7;3;0;;;;2;;;9;;;
"002";"Gardelegen-Klötze";"15081";"Altmarkkreis Salzwedel";"15081135";"Gardelegen, Hansestadt";"0135";;"000037";"37 Gardelegen, Sichau";"U";195;105;0;105;19;50;6;4;9;6;1;4;0;0;0;2;2;1;1;0;105;18;47;11;8;15;3;;;;1;;;2;;;
"002";"Gardelegen-Klötze";"15081";"Altmarkkreis Salzwedel";"15081135";"Gardelegen, Hansestadt";"0135";;"000038";"38 Gardelegen, Kassieck";"U";127;97;4;93;18;43;6;13;1;2;0;0;1;2;0;1;5;0;1;4;93;26;43;8;7;1;0;;;;2;;;6;;;
"002";"Gardelegen-Klötze";"15081";"Altmarkkreis Salzwedel";"15081135";"Gardelegen, Hansestadt";"0135";;"000039";"39 Gardelegen, Briefwahl 1";"B";0;1015;5;1010;211;220;136;174;49;124;5;1;9;8;7;5;53;5;3;11;1004;369;213;143;108;50;37;;;;18;;;66;;;
"002";"Gardelegen-Klötze";"15081";"Altmarkkreis Salzwedel";"15081135";"Gardelegen, Hansestadt";"0135";;"000040";"40 Gardelegen, Briefwahl 2";"B";0;990;7;983;258;222;104;167;47;89;7;1;7;4;3;5;61;2;6;5;985;359;219;117;118;54;30;;;;16;;;72;;;
"002";"Gardelegen-Klötze";"15081";"Altmarkkreis Salzwedel";"15081135";"Gardelegen, Hansestadt";"0135";;"000041";"41 Gardelegen, Briefwahl 3";"B";0;708;3;705;185;141;84;120;32;79;5;0;4;2;5;0;42;2;4;4;704;292;133;121;52;29;22;;;;11;;;44;;;
"002";"Gardelegen-Klötze";"15081";"Altmarkkreis Salzwedel";"15081240";"Kalbe (Milde), Stadt";"0240";;"000001";"Kalbe I";"U";1012;534;6;528;74;270;57;44;14;28;5;0;3;1;1;1;29;0;1;6;528;98;277;62;31;13;19;;;;3;;;25;;;
"002";"Gardelegen-Klötze";"15081";"Altmarkkreis Salzwedel";"15081240";"Kalbe (Milde), Stadt";"0240";;"000002";"Kalbe II";"U";947;449;5;444;56;229;45;34;6;29;3;2;5;3;3;4;22;1;2;6;443;103;224;50;24;3;10;;;;7;;;22;;;
"002";"Gardelegen-Klötze";"15081";"Altmarkkreis Salzwedel";"15081240";"Kalbe (Milde), Stadt";"0240";;"000003";"Altmersleben";"U";209;150;2;148;25;71;16;13;6;8;0;0;1;0;0;2;5;1;0;2;148;32;71;21;8;5;1;;;;4;;;6;;;
"002";"Gardelegen-Klötze";"15081";"Altmarkkreis Salzwedel";"15081240";"Kalbe (Milde), Stadt";"0240";;"000004";"Badel";"U";286;178;1;177;36;84;9;16;4;14;1;0;3;0;1;1;7;0;1;4;174;41;88;17;11;1;6;;;;2;;;8;;;
"002";"Gardelegen-Klötze";"15081";"Altmarkkreis Salzwedel";"15081240";"Kalbe (Milde), Stadt";"0240";;"000005";"Brunau";"U";419;262;1;261;42;114;30;22;8;6;5;0;3;0;3;0;26;1;1;1;261;56;122;32;14;7;3;;;;3;;;24;;;
"002";"Gardelegen-Klötze";"15081";"Altmarkkreis Salzwedel";"15081240";"Kalbe (Milde), Stadt";"0240";;"000006";"Engersen";"U";370;287;6;281;45;140;23;31;3;19;1;0;3;1;1;1;13;0;0;5;282;66;137;29;18;12;5;;;;3;;;12;;;
"002";"Gardelegen-Klötze";"15081";"Altmarkkreis Salzwedel";"15081240";"Kalbe (Milde), Stadt";"0240";;"000007";"Güssefeld";"U";138;88;2;86;11;36;12;8;3;6;0;1;1;1;1;0;5;0;1;2;86;19;37;17;3;2;2;;;;1;;;5;;;
"002";"Gardelegen-Klötze";"15081";"Altmarkkreis Salzwedel";"15081240";"Kalbe (Milde), Stadt";"0240";;"000008";"Jeetze";"U";267;167;2;165;27;83;14;17;5;13;3;0;1;0;0;0;2;0;0;3;164;42;83;18;11;5;2;;;;0;;;3;;;
"002";"Gardelegen-Klötze";"15081";"Altmarkkreis Salzwedel";"15081240";"Kalbe (Milde), Stadt";"0240";;"000009";"Jeggeleben";"U";248;168;1;167;26;71;24;8;3;26;2;0;0;0;0;0;6;1;0;1;167;40;73;30;8;3;6;;;;3;;;4;;;
"002";"Gardelegen-Klötze";"15081";"Altmarkkreis Salzwedel";"15081240";"Kalbe (Milde), Stadt";"0240";;"000010";"Kahrstedt-Vietzen";"U";157;99;1;98;20;52;7;5;3;2;0;0;0;0;1;0;7;0;1;1;98;21;52;8;3;4;3;;;;1;;;6;;;
"002";"Gardelegen-Klötze";"15081";"Altmarkkreis Salzwedel";"15081240";"Kalbe (Milde), Stadt";"0240";;"000011";"Kakerbeck";"U";607;420;3;417;60;204;35;42;6;33;2;3;7;1;0;2;21;0;1;3;417;86;200;55;33;6;6;;;;6;;;25;;;
"002";"Gardelegen-Klötze";"15081";"Altmarkkreis Salzwedel";"15081240";"Kalbe (Milde), Stadt";"0240";;"000012";"Karritz";"U";159;83;0;83;15;48;2;5;1;2;1;0;2;0;1;1;4;0;1;0;83;16;47;6;5;1;0;;;;4;;;4;;;
"002";"Gardelegen-Klötze";"15081";"Altmarkkreis Salzwedel";"15081240";"Kalbe (Milde), Stadt";"0240";;"000013";"Packebusch";"U";260;173;3;170;36;70;9;15;8;13;2;2;3;0;0;0;10;0;2;3;170;51;66;12;17;7;3;;;;2;;;12;;;
"002";"Gardelegen-Klötze";"15081";"Altmarkkreis Salzwedel";"15081240";"Kalbe (Milde), Stadt";"0240";;"000014";"Vienau";"U";265;196;1;195;43;91;15;18;8;5;0;0;2;0;0;0;13;0;0;1;195;48;92;17;17;9;2;;;;1;;;9;;;
"002";"Gardelegen-Klötze";"15081";"Altmarkkreis Salzwedel";"15081240";"Kalbe (Milde), Stadt";"0240";;"000015";"Wernstedt";"U";130;85;0;85;6;46;10;7;0;6;1;0;1;0;2;0;5;0;1;0;85;18;48;7;3;0;2;;;;2;;;5;;;
"002";"Gardelegen-Klötze";"15081";"Altmarkkreis Salzwedel";"15081240";"Kalbe (Milde), Stadt";"0240";;"000016";"Winkelstedt";"U";181;115;0;115;22;65;3;8;2;8;1;0;0;1;0;1;4;0;0;0;115;29;65;7;7;3;0;;;;1;;;3;;;
"002";"Gardelegen-Klötze";"15081";"Altmarkkreis Salzwedel";"15081240";"Kalbe (Milde), Stadt";"0240";;"000017";"Zethlingen";"U";210;146;1;145;14;72;13;10;8;9;0;0;0;2;1;2;14;0;0;0;146;22;75;17;6;9;4;;;;3;;;10;;;
"002";"Gardelegen-Klötze";"15081";"Altmarkkreis Salzwedel";"15081240";"Kalbe (Milde), Stadt";"0240";;"000018";"Briefwahlbezirk 1 Kalbe";"B";0;1000;3;997;270;254;115;113;33;93;9;1;8;4;6;3;81;1;6;3;997;385;234;142;76;25;36;;;;16;;;83;;;
"002";"Gardelegen-Klötze";"15081";"Altmarkkreis Salzwedel";"15081280";"Klötze, Stadt";"0280";;"000001";"Klötze Dönitz";"U";92;65;0;65;10;30;4;4;1;11;1;0;0;0;0;0;2;0;2;0;65;23;28;6;3;0;2;;;;0;;;3;;;
"002";"Gardelegen-Klötze";"15081";"Altmarkkreis Salzwedel";"15081280";"Klötze, Stadt";"0280";;"000002";"Klötze Immekath";"U";426;297;4;293;56;108;20;52;7;33;0;1;1;2;1;2;10;0;0;2;295;104;106;41;21;3;7;;;;3;;;10;;;
"002";"Gardelegen-Klötze";"15081";"Altmarkkreis Salzwedel";"15081280";"Klötze, Stadt";"0280";;"000003";"Klötze Jahrstedt";"U";560;378;10;368;52;151;33;46;17;27;8;0;5;2;3;1;22;0;1;11;367;73;158;48;35;19;9;;;;5;;;20;;;
"002";"Gardelegen-Klötze";"15081";"Altmarkkreis Salzwedel";"15081280";"Klötze, Stadt";"0280";;"000004";"Klötze Purnitzschule";"U";1089;502;5;497;58;276;60;38;8;21;4;1;5;3;3;6;12;1;1;3;499;69;268;84;34;11;12;;;;9;;;12;;;
"002";"Gardelegen-Klötze";"15081";"Altmarkkreis Salzwedel";"15081280";"Klötze, Stadt";"0280";;"000005";"Klötze SozialCentrum";"U";1329;749;16;733;101;341;77;68;21;51;5;0;10;7;3;7;37;4;1;15;734;146;335;114;53;20;22;;;;9;;;35;;;
"002";"Gardelegen-Klötze";"15081";"Altmarkkreis Salzwedel";"15081280";"Klötze, Stadt";"0280";;"000006";"Klötze Kindergarten";"U";1318;695;8;687;103;336;60;67;13;39;9;3;2;2;4;1;44;3;1;7;688;138;332;92;48;16;15;;;;8;;;39;;;
"002";"Gardelegen-Klötze";"15081";"Altmarkkreis Salzwedel";"15081280";"Klötze, Stadt";"0280";;"000007";"Klötze Kunrau";"U";590;380;5;375;58;185;22;34;9;20;7;0;1;3;4;4;25;2;1;5;375;71;188;41;26;5;10;;;;8;;;26;;;
"002";"Gardelegen-Klötze";"15081";"Altmarkkreis Salzwedel";"15081280";"Klötze, Stadt";"0280";;"000008";"Klötze Kusey";"U";601;417;2;415;98;187;27;46;9;17;2;0;4;1;5;3;15;0;1;2;415;118;182;51;29;6;6;;;;7;;;16;;;
"002";"Gardelegen-Klötze";"15081";"Altmarkkreis Salzwedel";"15081280";"Klötze, Stadt";"0280";;"000009";"Klötze Neuendorf";"U";417;277;1;276;52;134;18;34;7;11;2;1;1;1;2;2;8;0;3;1;276;67;127;33;21;4;9;;;;7;;;8;;;
"002";"Gardelegen-Klötze";"15081";"Altmarkkreis Salzwedel";"15081280";"Klötze, Stadt";"0280";;"000010";"Klötze Neuferchau";"U";293;198;3;195;31;70;19;36;3;22;4;0;2;0;1;0;7;0;0;6;192;50;71;27;26;6;6;;;;0;;;6;;;
"002";"Gardelegen-Klötze";"15081";"Altmarkkreis Salzwedel";"15081280";"Klötze, Stadt";"0280";;"000011";"Klötze Ristedt";"U";165;118;1;117;19;39;21;19;3;4;3;0;2;2;0;0;5;0;0;1;117;25;41;31;9;5;2;;;;0;;;4;;;
"002";"Gardelegen-Klötze";"15081";"Altmarkkreis Salzwedel";"15081280";"Klötze, Stadt";"0280";;"000012";"Klötze Schwiesau";"U";238;165;1;164;32;72;9;15;8;11;0;0;2;0;1;0;13;0;1;1;164;48;67;15;9;9;5;;;;1;;;10;;;
"002";"Gardelegen-Klötze";"15081";"Altmarkkreis Salzwedel";"15081280";"Klötze, Stadt";"0280";;"000013";"Klötze Steimke";"U";310;217;2;215;39;105;17;21;6;15;4;0;1;0;0;1;6;0;0;1;216;51;104;27;13;6;6;;;;0;;;9;;;
"002";"Gardelegen-Klötze";"15081";"Altmarkkreis Salzwedel";"15081280";"Klötze, Stadt";"0280";;"000014";"Klötze Wenze";"U";106;77;0;77;14;36;3;16;4;0;0;0;0;0;0;1;3;0;0;0;77;21;33;5;12;5;0;;;;0;;;1;;;
"002";"Gardelegen-Klötze";"15081";"Altmarkkreis Salzwedel";"15081280";"Klötze, Stadt";"0280";;"000015";"Klötze Quarnebeck";"U";142;93;3;90;21;23;6;15;3;20;0;0;0;0;0;0;2;0;0;2;91;37;24;18;5;1;2;;;;1;;;3;;;
"002";"Gardelegen-Klötze";"15081";"Altmarkkreis Salzwedel";"15081280";"Klötze, Stadt";"0280";;"000016";"Klötze Trippigleben";"U";134;105;0;105;19;44;13;9;0;7;3;0;0;0;0;2;8;0;0;0;105;21;45;26;5;2;0;;;;0;;;6;;;
"002";"Gardelegen-Klötze";"15081";"Altmarkkreis Salzwedel";"15081280";"Klötze, Stadt";"0280";;"000017";"Klötze Röwitz";"U";144;103;2;101;13;62;11;5;5;2;0;0;0;2;0;0;1;0;0;2;101;13;60;13;7;5;1;;;;0;;;2;;;
"002";"Gardelegen-Klötze";"15081";"Altmarkkreis Salzwedel";"15081280";"Klötze, Stadt";"0280";;"000018";"Klötze Briefwahl 1";"B";0;833;0;833;247;194;102;113;24;58;6;0;7;7;4;4;63;2;2;3;830;281;176;180;87;16;20;;;;12;;;58;;;
"002";"Gardelegen-Klötze";"15081";"Altmarkkreis Salzwedel";"15081280";"Klötze, Stadt";"0280";;"000019";"Briefwahlbezirk 2";"B";0;685;3;682;178;127;76;108;30;91;11;3;2;6;4;2;41;2;1;8;677;263;117;148;61;27;22;;;;6;;;33;;;
"002";"Gardelegen-Klötze";"15083";"Börde";"15083411";"Oebisfelde-Weferlingen, Stadt";"0411";;"000001";"Briefwahlbezirk 2";"B";0;614;1;613;144;178;58;86;30;51;6;2;7;5;3;2;41;0;0;2;612;198;175;66;71;32;17;;;;9;;;44;;;
"002";"Gardelegen-Klötze";"15083";"Börde";"15083411";"Oebisfelde-Weferlingen, Stadt";"0411";;"411001";"001 Kindertagesstätte Knirpsentreff";"U";1218;681;10;671;102;324;69;54;10;46;9;1;8;0;5;2;38;1;2;11;670;144;319;76;47;16;24;;;;9;;;35;;;
"002";"Gardelegen-Klötze";"15083";"Börde";"15083411";"Oebisfelde-Weferlingen, Stadt";"0411";;"411002";"002 Grundschule """"Drömlingsfüchse""""";"U";1492;860;12;848;158;347;89;87;11;48;9;0;18;2;11;6;58;1;3;12;848;219;344;97;77;18;18;;;;19;;;56;;;
"002";"Gardelegen-Klötze";"15083";"Börde";"15083411";"Oebisfelde-Weferlingen, Stadt";"0411";;"411003";"003 Dorfgemeinschaftshaus Breitenrode";"U";354;240;4;236;43;82;19;40;5;20;1;0;0;2;1;1;22;0;0;4;236;52;81;28;38;4;6;;;;4;;;23;;;
"002";"Gardelegen-Klötze";"15083";"Börde";"15083411";"Oebisfelde-Weferlingen, Stadt";"0411";;"411004";"004 Dorfgemeinschaftshaus Buchhorst";"U";210;110;1;109;25;53;2;10;2;9;0;0;0;1;0;0;6;0;1;1;109;28;53;6;9;5;2;;;;2;;;4;;;
"002";"Gardelegen-Klötze";"15083";"Börde";"15083411";"Oebisfelde-Weferlingen, Stadt";"0411";;"411005";"005 Feuerwehr Gehrendorf";"U";143;102;0;102;28;49;4;8;2;6;1;0;0;0;1;1;2;0;0;0;102;34;48;5;8;2;1;;;;1;;;3;;;
"002";"Gardelegen-Klötze";"15083";"Börde";"15083411";"Oebisfelde-Weferlingen, Stadt";"0411";;"411006";"006 Kegelbahn Lockstedt";"U";140;110;1;109;13;42;8;16;7;8;3;0;1;0;3;3;5;0;0;0;110;27;40;10;17;6;0;;;;5;;;5;;;
"002";"Gardelegen-Klötze";"15083";"Börde";"15083411";"Oebisfelde-Weferlingen, Stadt";"0411";;"411007";"007 Feuerwehr Niendorf";"U";251;159;1;158;27;78;14;11;2;10;0;0;3;0;0;1;11;0;1;1;158;31;81;13;17;3;3;;;;0;;;10;;;
"002";"Gardelegen-Klötze";"15083";"Börde";"15083411";"Oebisfelde-Weferlingen, Stadt";"0411";;"411008";"008 Stadt Oebisfelde-Weferlingen, Außenstelle Wassensdorf";"U";305;213;4;209;32;91;23;22;1;20;6;0;0;2;4;2;5;0;1;4;209;57;86;20;20;4;9;;;;5;;;8;;;
"002";"Gardelegen-Klötze";"15083";"Börde";"15083411";"Oebisfelde-Weferlingen, Stadt";"0411";;"411009";"009 Feuerwehr Weddendorf";"U";425;279;6;273;49;123;13;33;6;24;2;0;1;0;2;2;18;0;0;5;274;63;121;23;31;5;15;;;;3;;;13;;;
"002";"Gardelegen-Klötze";"15083";"Börde";"15083411";"Oebisfelde-Weferlingen, Stadt";"0411";;"411010";"010 Sporthalle """"Am Bahnhof"""" Oebisfelde";"U";984;593;5;588;100;242;49;77;14;56;10;0;3;3;3;2;25;2;2;4;589;156;237;70;64;14;19;;;;5;;;24;;;
"002";"Gardelegen-Klötze";"15083";"Börde";"15083411";"Oebisfelde-Weferlingen, Stadt";"0411";;"411021";"021 Kindertagesstätte """"Drömlingsstrolche"""", Bösdorf";"U";302;207;4;203;43;105;5;8;2;20;3;0;3;2;1;1;10;0;0;3;204;55;105;7;14;4;5;;;;1;;;13;;;
"002";"Gardelegen-Klötze";"15083";"Börde";"15083411";"Oebisfelde-Weferlingen, Stadt";"0411";;"411031";"031 Feuerwehr Eickendorf";"U";139;97;2;95;13;57;3;5;2;3;2;0;2;0;1;0;6;1;0;2;95;18;59;4;3;3;2;;;;2;;;4;;;
"002";"Gardelegen-Klötze";"15083";"Börde";"15083411";"Oebisfelde-Weferlingen, Stadt";"0411";;"411041";"041 Mehrgenerationshaus Etingen";"U";377;268;1;267;64;96;17;35;11;18;2;0;5;1;2;1;14;1;0;1;267;99;101;20;16;9;8;;;;2;;;12;;;
"002";"Gardelegen-Klötze";"15083";"Börde";"15083411";"Oebisfelde-Weferlingen, Stadt";"0411";;"411051";"051 Feuerwehr Kathendorf";"U";195;147;3;144;40;53;7;15;5;10;1;0;2;0;1;2;7;0;1;4;143;50;54;7;12;9;2;;;;2;;;7;;;
"002";"Gardelegen-Klötze";"15083";"Börde";"15083411";"Oebisfelde-Weferlingen, Stadt";"0411";;"411061";"061 Feuerwehr Rätzlingen";"U";538;332;1;331;62;178;25;16;2;19;7;0;3;2;0;1;15;1;0;1;331;86;178;26;15;3;6;;;;4;;;13;;;
"002";"Gardelegen-Klötze";"15083";"Börde";"15083411";"Oebisfelde-Weferlingen, Stadt";"0411";;"411090";"090 Dorfgemeinschaftshaus Döhren";"U";158;113;0;113;13;66;2;10;4;10;0;0;0;0;1;1;5;1;0;0;113;25;70;2;6;2;2;;;;3;;;3;;;
"002";"Gardelegen-Klötze";"15083";"Börde";"15083411";"Oebisfelde-Weferlingen, Stadt";"0411";;"411091";"091 Dorfgemeinschaftshaus Eschenrode";"U";107;72;0;72;16;27;7;10;0;2;0;0;2;0;1;2;5;0;0;1;71;18;28;7;12;0;0;;;;3;;;3;;;
"002";"Gardelegen-Klötze";"15083";"Börde";"15083411";"Oebisfelde-Weferlingen, Stadt";"0411";;"411092";"092 Dorfgemeinschaftshaus Everingen";"U";130;110;4;106;16;69;1;2;5;3;2;0;2;0;4;0;2;0;0;2;108;17;71;2;4;6;1;;;;4;;;3;;;
"002";"Gardelegen-Klötze";"15083";"Börde";"15083411";"Oebisfelde-Weferlingen, Stadt";"0411";;"411093";"093 Sportlerheim Hödingen";"U";193;117;1;116;21;51;12;11;4;10;1;0;1;0;1;0;3;1;0;1;116;24;51;11;15;2;8;;;;2;;;3;;;
"002";"Gardelegen-Klötze";"15083";"Börde";"15083411";"Oebisfelde-Weferlingen, Stadt";"0411";;"411094";"094 Feuerwehr Hörsingen";"U";453;299;6;293;62;118;24;25;5;22;3;0;2;0;2;2;28;0;0;5;294;84;118;25;28;5;6;;;;2;;;26;;;
"002";"Gardelegen-Klötze";"15083";"Börde";"15083411";"Oebisfelde-Weferlingen, Stadt";"0411";;"411096";"096 Dorfgemeinschaftshaus Ribbensdorf";"U";353;241;2;239;40;132;15;20;5;5;2;0;0;1;2;1;15;0;1;2;239;47;134;16;16;7;2;;;;1;;;16;;;
"002";"Gardelegen-Klötze";"15083";"Börde";"15083411";"Oebisfelde-Weferlingen, Stadt";"0411";;"411097";"097 Dorfgemeinschaftshaus Schwanefeld";"U";192;126;0;126;31;58;9;8;1;4;0;0;2;1;0;2;8;2;0;3;123;30;59;14;9;1;2;;;;2;;;6;;;
"002";"Gardelegen-Klötze";"15083";"Börde";"15083411";"Oebisfelde-Weferlingen, Stadt";"0411";;"411098";"098 Dorfgemeinschaftshaus Seggerde";"U";93;66;1;65;15;34;2;5;4;2;0;0;0;0;0;0;2;0;1;0;66;16;36;2;7;3;0;;;;0;;;2;;;
"002";"Gardelegen-Klötze";"15083";"Börde";"15083411";"Oebisfelde-Weferlingen, Stadt";"0411";;"411100";"100 Feuerwehr Walbeck";"U";566;358;3;355;62;178;25;32;7;15;4;2;8;2;0;4;14;1;1;4;354;74;177;24;37;11;9;;;;5;;;17;;;
"002";"Gardelegen-Klötze";"15083";"Börde";"15083411";"Oebisfelde-Weferlingen, Stadt";"0411";;"411101";"101 Grundschule Weferlingen";"U";747;490;6;484;76;254;24;56;17;17;4;0;4;6;2;5;18;0;1;8;482;97;252;25;53;24;6;;;;5;;;20;;;
"002";"Gardelegen-Klötze";"15083";"Börde";"15083411";"Oebisfelde-Weferlingen, Stadt";"0411";;"411102";"102 Bibliothek Weferlingen";"U";740;449;8;441;74;213;36;56;8;19;3;0;2;2;3;3;19;1;2;8;441;96;221;37;44;6;9;;;;5;;;23;;;
"002";"Gardelegen-Klötze";"15083";"Börde";"15083411";"Oebisfelde-Weferlingen, Stadt";"0411";;"411999";"Briefwahl 1";"B";0;1098;5;1093;292;265;96;161;31;142;14;5;12;0;10;9;53;1;2;8;1090;404;264;144;120;26;60;;;;15;;;57;;;
"003";"Havelberg-Osterburg";"15090";"Stendal";"15090003";"Aland";"5053";"Seehausen (Altmark)";"000001";"01 Aland, Aulosen";"U";214;167;1;166;17;92;15;17;1;9;2;0;1;1;0;1;9;1;0;1;166;30;95;18;8;2;7;;;;;;;6;;;
"003";"Havelberg-Osterburg";"15090";"Stendal";"15090003";"Aland";"5053";"Seehausen (Altmark)";"000002";"02 Aland, Krüden";"U";452;318;5;313;35;176;31;20;4;19;3;2;4;0;1;1;17;0;0;6;312;47;179;39;14;5;10;;;;;;;18;;;
"003";"Havelberg-Osterburg";"15090";"Stendal";"15090003";"Aland";"5053";"Seehausen (Altmark)";"000003";"03 Aland, Pollitz";"U";202;150;1;149;27;78;10;7;6;8;4;1;2;1;1;0;3;0;1;2;148;28;75;20;9;8;4;;;;;;;4;;;
"003";"Havelberg-Osterburg";"15090";"Stendal";"15090003";"Aland";"5053";"Seehausen (Altmark)";"000004";"04 Aland, Wahrenberg";"U";246;155;3;152;29;56;11;19;5;22;2;0;1;1;1;0;4;0;1;1;154;49;57;19;13;4;9;;;;;;;3;;;
"003";"Havelberg-Osterburg";"15090";"Stendal";"15090003";"Aland";"5053";"Seehausen (Altmark)";"000021";"21 Aland, Briefwahl";"B";0;140;0;140;33;30;24;17;6;17;1;0;0;2;0;1;9;0;0;1;139;51;34;28;9;4;8;;;;;;;5;;;
"003";"Havelberg-Osterburg";"15090";"Stendal";"15090007";"Altmärkische Höhe";"5053";"Seehausen (Altmark)";"000005";"05 Altmärkische Höhe, Einwinkel";"U";177;107;0;107;17;60;2;8;0;7;2;0;1;0;0;2;8;0;0;0;107;25;61;4;5;0;4;;;;;;;8;;;
"003";"Havelberg-Osterburg";"15090";"Stendal";"15090007";"Altmärkische Höhe";"5053";"Seehausen (Altmark)";"000006";"06 Altmärkische Höhe, Bretsch";"U";494;293;3;290;69;119;15;28;7;23;6;0;4;2;0;0;16;0;1;7;286;90;127;19;23;6;10;;;;;;;11;;;
"003";"Havelberg-Osterburg";"15090";"Stendal";"15090007";"Altmärkische Höhe";"5053";"Seehausen (Altmark)";"000007";"07 Altmärkische Höhe, Heiligenfelde";"U";148;118;4;114;12;78;10;4;2;2;1;0;1;0;0;0;4;0;0;3;115;15;80;11;5;3;0;;;;;;;1;;;
"003";"Havelberg-Osterburg";"15090";"Stendal";"15090007";"Altmärkische Höhe";"5053";"Seehausen (Altmark)";"000008";"08 Altmärkische Höhe, Kossebau";"U";263;182;0;182;31;104;8;19;0;6;1;0;1;0;1;1;10;0;0;1;181;37;102;12;14;1;2;;;;;;;13;;;
"003";"Havelberg-Osterburg";"15090";"Stendal";"15090007";"Altmärkische Höhe";"5053";"Seehausen (Altmark)";"000009";"09 Altmärkische Höhe, Wohlenberg";"U";349;238;5;233;30;133;6;20;7;14;4;0;3;2;0;0;11;1;2;5;233;41;134;15;16;10;6;;;;;;;11;;;
"003";"Havelberg-Osterburg";"15090";"Stendal";"15090007";"Altmärkische Höhe";"5053";"Seehausen (Altmark)";"000022";"22 Altmärkische Höhe, Briefwahl";"B";0;251;1;250;67;62;22;43;6;20;0;1;8;2;1;0;16;0;2;1;250;76;61;37;29;5;18;;;;;;;24;;;
"003";"Havelberg-Osterburg";"15090";"Stendal";"15090008";"Altmärkische Wische";"5053";"Seehausen (Altmark)";"000010";"10 Altmärkische Wische, Falkenberg";"U";172;91;2;89;12;50;6;8;3;2;1;2;0;0;0;0;5;0;0;1;90;23;47;4;9;3;2;;;;;;;2;;;
"003";"Havelberg-Osterburg";"15090";"Stendal";"15090008";"Altmärkische Wische";"5053";"Seehausen (Altmark)";"000011";"11 Altmärkische Wische, Lichterfelde";"U";194;140;2;138;18;71;7;8;6;12;1;0;0;2;0;0;11;1;1;2;138;28;73;15;2;4;5;;;;;;;11;;;
"003";"Havelberg-Osterburg";"15090";"Stendal";"15090008";"Altmärkische Wische";"5053";"Seehausen (Altmark)";"000012";"12 Altmärkische Wische, Neukirchen";"U";176;114;1;113;17;59;14;9;4;2;0;0;1;1;0;0;6;0;0;1;113;24;59;13;7;3;3;;;;;;;4;;;
"003";"Havelberg-Osterburg";"15090";"Stendal";"15090008";"Altmärkische Wische";"5053";"Seehausen (Altmark)";"000013";"13 Altmärkische Wische, Wendemark";"U";168;101;2;99;17;58;8;4;1;5;1;0;2;0;0;0;3;0;0;2;99;16;58;11;4;3;5;;;;;;;2;;;
"003";"Havelberg-Osterburg";"15090";"Stendal";"15090008";"Altmärkische Wische";"5053";"Seehausen (Altmark)";"000023";"23 Altmärkische Wische, Briefwahl";"B";0;105;0;105;27;36;9;13;2;11;1;0;1;0;0;1;4;0;0;0;105;34;35;10;18;0;5;;;;;;;3;;;
"003";"Havelberg-Osterburg";"15090";"Stendal";"15090010";"Arneburg, Stadt";"5051";"Arneburg-Goldbeck";"000020";"20 Arneburg";"U";1150;699;10;689;76;381;52;73;13;43;6;1;8;5;2;0;25;1;3;12;687;113;375;89;52;22;21;;;;;;;15;;;
"003";"Havelberg-Osterburg";"15090";"Stendal";"15090010";"Arneburg, Stadt";"5051";"Arneburg-Goldbeck";"000021";"21 Arneburg, Beelitz";"U";68;53;2;51;9;22;6;6;1;3;0;0;1;0;0;0;3;0;0;2;51;12;20;10;3;2;1;;;;;;;3;;;
"003";"Havelberg-Osterburg";"15090";"Stendal";"15090010";"Arneburg, Stadt";"5051";"Arneburg-Goldbeck";"000022";"22 Arneburg, Briefwahl";"B";0;232;1;231;57;56;37;28;11;22;0;0;3;3;0;1;11;2;0;2;230;64;50;61;19;11;15;;;;;;;10;;;
"003";"Havelberg-Osterburg";"15090";"Stendal";"15090135";"Eichstedt (Altmark)";"5051";"Arneburg-Goldbeck";"000030";"30 Eichstedt";"U";315;243;0;243;47;111;14;24;9;14;5;0;2;3;2;0;8;2;2;2;241;54;111;32;17;16;5;;;;;;;6;;;
"003";"Havelberg-Osterburg";"15090";"Stendal";"15090135";"Eichstedt (Altmark)";"5051";"Arneburg-Goldbeck";"000031";"31 Eichstedt, Baben";"U";124;104;1;103;12;55;11;7;1;6;2;1;1;1;1;0;5;0;0;3;101;18;55;15;3;3;4;;;;;;;3;;;
"003";"Havelberg-Osterburg";"15090";"Stendal";"15090135";"Eichstedt (Altmark)";"5051";"Arneburg-Goldbeck";"000032";"32 Eichstedt, Lindtorf";"U";234;161;2;159;25;92;12;14;2;3;3;0;0;0;1;0;7;0;0;2;159;24;94;26;10;1;1;;;;;;;3;;;
"003";"Havelberg-Osterburg";"15090";"Stendal";"15090135";"Eichstedt (Altmark)";"5051";"Arneburg-Goldbeck";"000033";"33 Eichstedt, Briefwahl";"B";0;85;2;83;26;17;9;11;7;9;0;0;0;0;0;0;4;0;0;2;83;28;18;21;5;5;2;;;;;;;4;;;
"003";"Havelberg-Osterburg";"15090";"Stendal";"15090180";"Goldbeck";"5051";"Arneburg-Goldbeck";"000040";"40 Goldbeck";"U";921;604;4;600;90;292;73;52;19;31;7;3;4;4;0;0;23;0;2;8;596;100;292;114;34;21;17;;;;;;;18;;;
"003";"Havelberg-Osterburg";"15090";"Stendal";"15090180";"Goldbeck";"5051";"Arneburg-Goldbeck";"000041";"41 Goldbeck, Bertkow";"U";212;119;0;119;19;55;11;5;6;10;4;0;0;0;1;1;6;0;1;1;118;19;54;22;7;9;4;;;;;;;3;;;
"003";"Havelberg-Osterburg";"15090";"Stendal";"15090180";"Goldbeck";"5051";"Arneburg-Goldbeck";"000042";"42 Goldbeck, Briefwahl";"B";0;210;0;210;62;33;44;28;4;14;3;0;1;0;1;0;20;0;0;1;209;67;32;72;10;3;9;;;;;;;16;;;
"003";"Havelberg-Osterburg";"15090";"Stendal";"15090220";"Hassel";"5051";"Arneburg-Goldbeck";"000050";"50 Hassel";"U";651;461;4;457;88;210;28;40;8;42;4;0;3;0;0;1;32;1;0;4;457;124;207;50;33;7;16;;;;;;;20;;;
"003";"Havelberg-Osterburg";"15090";"Stendal";"15090220";"Hassel";"5051";"Arneburg-Goldbeck";"000051";"51 Hassel, Sanne";"U";112;76;0;76;8;44;5;6;1;2;2;0;1;0;0;0;7;0;0;0;76;9;42;8;5;2;3;;;;;;;7;;;
"003";"Havelberg-Osterburg";"15090";"Stendal";"15090220";"Hassel";"5051";"Arneburg-Goldbeck";"000052";"52 Hassel, Briefwahl";"B";0;114;0;114;21;26;12;22;4;17;0;0;1;0;1;0;10;0;0;0;114;36;25;24;9;4;9;;;;;;;7;;;
"003";"Havelberg-Osterburg";"15090";"Stendal";"15090225";"Havelberg, Hansestadt";"0225";;"000001";"01 Havelberg, Rathaus";"U";1982;912;10;902;121;517;67;61;15;44;13;0;9;2;1;3;46;0;3;9;903;192;517;73;47;17;21;;;;;;;36;;;
"003";"Havelberg-Osterburg";"15090";"Stendal";"15090225";"Havelberg, Hansestadt";"0225";;"000002";"02 Havelberg, Sportforum";"U";2091;1061;22;1039;135;570;87;78;17;44;18;3;7;5;2;7;60;3;3;27;1034;200;566;104;75;17;29;;;;;;;43;;;
"003";"Havelberg-Osterburg";"15090";"Stendal";"15090225";"Havelberg, Hansestadt";"0225";;"000004";"04 Havelberg, Jederitz";"U";107;83;0;83;9;52;7;6;2;2;1;0;0;0;0;0;4;0;0;1;82;11;53;6;7;2;0;;;;;;;3;;;
"003";"Havelberg-Osterburg";"15090";"Stendal";"15090225";"Havelberg, Hansestadt";"0225";;"000005";"05 Havelberg, Nitzow";"U";390;262;3;259;42;142;14;26;8;10;0;0;2;1;1;0;13;0;0;3;259;58;144;19;17;4;9;;;;;;;8;;;
"003";"Havelberg-Osterburg";"15090";"Stendal";"15090225";"Havelberg, Hansestadt";"0225";;"000006";"06 Havelberg, Vehlgast-Kümmernitz";"U";209;152;2;150;14;97;3;10;1;19;0;0;0;0;0;0;4;1;1;1;151;29;97;5;7;0;9;;;;;;;4;;;
"003";"Havelberg-Osterburg";"15090";"Stendal";"15090225";"Havelberg, Hansestadt";"0225";;"000007";"07 Havelberg, Garz";"U";112;79;3;76;13;28;6;4;7;12;0;1;0;0;0;1;3;1;0;2;77;21;29;7;5;6;3;;;;;;;6;;;
"003";"Havelberg-Osterburg";"15090";"Stendal";"15090225";"Havelberg, Hansestadt";"0225";;"000008";"08 Havelberg, Kuhlhausen";"U";123;74;1;73;5;48;4;6;1;5;0;0;0;1;0;0;3;0;0;0;74;7;46;9;5;2;1;;;;;;;4;;;
"003";"Havelberg-Osterburg";"15090";"Stendal";"15090225";"Havelberg, Hansestadt";"0225";;"000009";"09 Havelberg, Warnau";"U";170;121;2;119;19;63;5;9;4;9;1;1;1;1;0;0;6;0;0;2;119;24;65;10;9;1;5;;;;;;;5;;;
"003";"Havelberg-Osterburg";"15090";"Stendal";"15090225";"Havelberg, Hansestadt";"0225";;"000010";"10 Havelberg, Briefwahl 01";"B";0;520;2;518;150;126;66;60;19;54;4;0;2;1;0;2;30;2;2;8;512;230;116;72;39;15;10;;;;;;;30;;;
"003";"Havelberg-Osterburg";"15090";"Stendal";"15090225";"Havelberg, Hansestadt";"0225";;"000011";"11 Havelberg, Briefwahl 02";"B";0;557;0;557;136;126;72;83;16;49;4;2;4;2;1;4;50;3;5;4;553;186;123;92;63;17;24;;;;;;;48;;;
"003";"Havelberg-Osterburg";"15090";"Stendal";"15090245";"Hohenberg-Krusemark";"5051";"Arneburg-Goldbeck";"000060";"60 Hohenberg-Krusemark";"U";458;319;1;318;29;171;25;27;14;18;6;0;5;0;0;2;20;1;0;2;317;45;170;31;20;25;11;;;;;;;15;;;
"003";"Havelberg-Osterburg";"15090";"Stendal";"15090245";"Hohenberg-Krusemark";"5051";"Arneburg-Goldbeck";"000061";"61 Hohenberg-Krusemark, Hindenburg";"U";298;220;1;219;27;130;10;16;6;8;1;0;1;1;0;1;15;2;1;1;219;25;127;27;13;9;9;;;;;;;9;;;
"003";"Havelberg-Osterburg";"15090";"Stendal";"15090245";"Hohenberg-Krusemark";"5051";"Arneburg-Goldbeck";"000062";"62 Hohenberg-Krusemark, Schwarzholz";"U";226;144;0;144;16;89;11;11;0;7;1;1;0;0;1;0;7;0;0;0;144;18;88;19;9;0;5;;;;;;;5;;;
"003";"Havelberg-Osterburg";"15090";"Stendal";"15090245";"Hohenberg-Krusemark";"5051";"Arneburg-Goldbeck";"000063";"63 Hohenberg-Krusemark, Briefwahl";"B";0;125;1;124;21;35;12;19;1;20;0;0;1;1;1;1;12;0;0;1;124;32;35;27;7;6;5;;;;;;;12;;;
"003";"Havelberg-Osterburg";"15090";"Stendal";"15090270";"Iden";"5051";"Arneburg-Goldbeck";"000070";"70 Iden";"U";521;325;5;320;35;163;31;28;10;24;6;0;4;2;0;1;15;0;1;4;321;45;161;56;21;11;18;;;;;;;9;;;
"003";"Havelberg-Osterburg";"15090";"Stendal";"15090270";"Iden";"5051";"Arneburg-Goldbeck";"000071";"71 Iden, Büttnershof";"U";92;59;0;59;9;26;8;5;3;2;0;0;1;0;0;0;5;0;0;1;58;8;25;13;4;4;2;;;;;;;2;;;
"003";"Havelberg-Osterburg";"15090";"Stendal";"15090270";"Iden";"5051";"Arneburg-Goldbeck";"000072";"72 Iden, Briefwahl";"B";0;94;0;94;20;24;15;8;4;9;1;0;0;1;1;1;10;0;0;0;94;22;22;27;5;4;5;;;;;;;9;;;
"003";"Havelberg-Osterburg";"15090";"Stendal";"15090285";"Kamern";"5052";"Elbe-Havel-Land";"000001";"01 Kamern";"U";498;294;6;288;43;129;17;25;5;34;3;0;4;1;0;2;23;2;0;7;287;76;138;26;24;2;8;;;;;;;13;;;
"003";"Havelberg-Osterburg";"15090";"Stendal";"15090285";"Kamern";"5052";"Elbe-Havel-Land";"000002";"02 Kamern, Schönfeld";"U";158;115;3;112;11;61;8;13;1;7;0;1;0;1;0;2;7;0;0;2;113;14;62;14;12;1;2;;;;;;;8;;;
"003";"Havelberg-Osterburg";"15090";"Stendal";"15090285";"Kamern";"5052";"Elbe-Havel-Land";"000003";"03 Kamern, Wulkau";"U";334;195;2;193;41;82;19;13;2;9;5;1;0;0;2;1;18;0;0;1;194;54;79;25;13;3;5;;;;;;;15;;;
"003";"Havelberg-Osterburg";"15090";"Stendal";"15090285";"Kamern";"5052";"Elbe-Havel-Land";"000022";"22 Briefwahlbezirk Kamern";"B";0;187;2;185;52;57;20;19;3;18;1;1;4;0;1;1;8;0;0;1;186;74;50;23;13;6;11;;;;;;;9;;;
"003";"Havelberg-Osterburg";"15090";"Stendal";"15090310";"Klietz";"5052";"Elbe-Havel-Land";"000004";"04 Klietz";"U";845;546;4;542;73;315;23;53;6;22;4;0;5;4;1;2;33;1;0;3;543;122;313;38;38;4;5;;;;;;;23;;;
"003";"Havelberg-Osterburg";"15090";"Stendal";"15090310";"Klietz";"5052";"Elbe-Havel-Land";"000005";"05 Klietz, Neuermark-Lübars";"U";230;173;1;172;20;73;10;34;4;6;3;0;0;1;0;0;18;0;3;1;172;51;74;19;15;1;2;;;;;;;10;;;
"003";"Havelberg-Osterburg";"15090";"Stendal";"15090310";"Klietz";"5052";"Elbe-Havel-Land";"000006";"06 Klietz, Scharlibbe";"U";156;119;1;118;15;77;9;2;3;4;1;0;0;0;0;0;5;0;2;0;119;17;74;11;3;4;2;;;;;;;8;;;
"003";"Havelberg-Osterburg";"15090";"Stendal";"15090310";"Klietz";"5052";"Elbe-Havel-Land";"000023";"23 Briefwahlbezirk Klietz";"B";0;198;0;198;56;49;27;19;3;22;4;0;1;0;0;0;17;0;0;0;198;76;45;36;11;4;11;;;;;;;15;;;
"003";"Havelberg-Osterburg";"15090";"Stendal";"15090415";"Osterburg (Altmark), Hansestadt";"0415";;"000001";"01 Osterburg, Gymnasium";"U";1470;812;14;798;147;347;82;73;22;55;11;2;7;3;0;0;47;2;0;11;801;209;345;89;60;23;30;;;;;;;45;;;
"003";"Havelberg-Osterburg";"15090";"Stendal";"15090415";"Osterburg (Altmark), Hansestadt";"0415";;"000002";"02 Osterburg, Grundschule am Hain";"U";1892;1047;11;1036;134;536;99;92;31;61;19;2;10;2;1;2;43;2;2;9;1038;199;545;132;63;32;34;;;;;;;33;;;
"003";"Havelberg-Osterburg";"15090";"Stendal";"15090415";"Osterburg (Altmark), Hansestadt";"0415";;"000003";"03 Osterburg, Sekundarschule";"U";1565;909;6;903;156;429;85;90;8;48;9;0;15;5;1;5;48;0;4;7;902;205;424;120;68;17;27;;;;;;;41;;;
"003";"Havelberg-Osterburg";"15090";"Stendal";"15090415";"Osterburg (Altmark), Hansestadt";"0415";;"000004";"04 Osterburg, Ballerstedt";"U";183;111;2;109;20;58;3;9;3;5;3;0;0;1;0;0;7;0;0;2;109;26;54;2;12;2;2;;;;;;;11;;;
"003";"Havelberg-Osterburg";"15090";"Stendal";"15090415";"Osterburg (Altmark), Hansestadt";"0415";;"000005";"05 Osterburg, Düsedau";"U";212;137;0;137;22;67;9;12;4;10;2;1;0;0;1;0;9;0;0;1;136;29;66;18;7;7;3;;;;;;;6;;;
"003";"Havelberg-Osterburg";"15090";"Stendal";"15090415";"Osterburg (Altmark), Hansestadt";"0415";;"000006";"06 Osterburg, Erxleben";"U";324;228;3;225;32;121;20;19;3;12;6;0;1;1;0;1;8;0;1;2;226;38;124;21;21;5;11;;;;;;;6;;;
"003";"Havelberg-Osterburg";"15090";"Stendal";"15090415";"Osterburg (Altmark), Hansestadt";"0415";;"000007";"07 Osterburg, Flessau";"U";619;380;4;376;66;194;33;29;5;17;4;2;0;0;3;1;22;0;0;3;377;79;199;38;25;6;12;;;;;;;18;;;
"003";"Havelberg-Osterburg";"15090";"Stendal";"15090415";"Osterburg (Altmark), Hansestadt";"0415";;"000008";"08 Osterburg, Gladigau";"U";233;171;3;168;28;77;16;11;2;15;3;0;0;0;0;0;15;0;1;3;168;44;77;14;9;4;8;;;;;;;12;;;
"003";"Havelberg-Osterburg";"15090";"Stendal";"15090415";"Osterburg (Altmark), Hansestadt";"0415";;"000009";"09 Osterburg, Königsmark";"U";265;150;2;148;30;66;10;10;5;11;2;1;2;1;1;0;8;0;1;3;147;35;64;23;8;5;4;;;;;;;8;;;
"003";"Havelberg-Osterburg";"15090";"Stendal";"15090415";"Osterburg (Altmark), Hansestadt";"0415";;"000010";"10 Osterburg, Krevese";"U";359;224;4;220;45;118;17;10;5;7;9;1;0;1;2;0;3;0;2;4;220;50;119;28;11;8;2;;;;;;;2;;;
"003";"Havelberg-Osterburg";"15090";"Stendal";"15090415";"Osterburg (Altmark), Hansestadt";"0415";;"000011";"11 Osterburg, Meseberg";"U";216;153;1;152;23;68;8;15;1;23;6;0;1;1;0;0;5;1;0;3;150;29;67;19;15;2;13;;;;;;;5;;;
"003";"Havelberg-Osterburg";"15090";"Stendal";"15090415";"Osterburg (Altmark), Hansestadt";"0415";;"000012";"12 Osterburg, Rossau";"U";285;194;4;190;35;93;20;13;2;4;4;0;0;1;0;0;17;0;1;3;191;41;91;23;14;6;1;;;;;;;15;;;
"003";"Havelberg-Osterburg";"15090";"Stendal";"15090415";"Osterburg (Altmark), Hansestadt";"0415";;"000013";"13 Osterburg, Walsleben";"U";291;203;3;200;43;95;15;17;7;6;3;0;2;0;0;1;10;0;1;4;199;56;89;22;15;4;4;;;;;;;9;;;
"003";"Havelberg-Osterburg";"15090";"Stendal";"15090415";"Osterburg (Altmark), Hansestadt";"0415";;"000014";"14 Osterburg, Briefwahl 01";"B";0;712;2;710;219;150;86;98;22;73;7;2;5;3;0;2;42;0;1;2;710;275;146;112;73;16;48;;;;;;;40;;;
"003";"Havelberg-Osterburg";"15090";"Stendal";"15090415";"Osterburg (Altmark), Hansestadt";"0415";;"000015";"15 Osterburg, Briefwahl 02";"B";0;767;0;767;182;232;90;83;38;64;7;1;5;4;1;2;56;1;1;4;763;237;234;107;58;34;46;;;;;;;47;;;
"003";"Havelberg-Osterburg";"15090";"Stendal";"15090435";"Rochau";"5051";"Arneburg-Goldbeck";"000080";"80 Rochau";"U";461;302;6;296;35;160;24;25;10;13;1;1;2;0;3;1;21;0;0;5;297;48;161;40;19;4;10;;;;;;;15;;;
"003";"Havelberg-Osterburg";"15090";"Stendal";"15090435";"Rochau";"5051";"Arneburg-Goldbeck";"000081";"81 Rochau, Klein Schwechten";"U";342;246;4;242;35;125;22;25;5;8;2;0;3;2;0;0;14;0;1;2;244;40;122;42;17;4;6;;;;;;;13;;;
"003";"Havelberg-Osterburg";"15090";"Stendal";"15090435";"Rochau";"5051";"Arneburg-Goldbeck";"000082";"82 Rochau, Briefwahl";"B";0;132;0;132;31;50;20;9;7;8;0;0;0;0;0;1;6;0;0;0;132;38;49;30;2;4;4;;;;;;;5;;;
"003";"Havelberg-Osterburg";"15090";"Stendal";"15090445";"Sandau (Elbe), Stadt";"5052";"Elbe-Havel-Land";"000007";"07 Sandau (Elbe)";"U";707;434;4;430;58;262;18;21;10;23;10;0;3;2;1;5;17;0;0;5;429;84;265;25;20;7;9;;;;;;;19;;;
"003";"Havelberg-Osterburg";"15090";"Stendal";"15090445";"Sandau (Elbe), Stadt";"5052";"Elbe-Havel-Land";"000024";"24 Briefwahlbezirk Sandau (Elbe)";"B";0;132;0;132;40;40;14;14;0;11;1;1;0;0;0;0;11;0;0;0;132;50;39;15;11;0;5;;;;;;;12;;;
"003";"Havelberg-Osterburg";"15090";"Stendal";"15090485";"Schollene";"5052";"Elbe-Havel-Land";"000008";"08 Schollene";"U";917;581;8;573;69;300;57;46;16;29;26;1;8;2;1;3;14;0;1;6;575;107;302;63;49;16;15;;;;;;;23;;;
"003";"Havelberg-Osterburg";"15090";"Stendal";"15090485";"Schollene";"5052";"Elbe-Havel-Land";"000025";"25 Briefwahlbezirk Schollene";"B";0;148;0;148;35;33;17;20;3;24;1;0;4;0;2;1;8;0;0;0;148;48;32;22;20;4;14;;;;;;;8;;;
"003";"Havelberg-Osterburg";"15090";"Stendal";"15090500";"Schönhausen (Elbe)";"5052";"Elbe-Havel-Land";"000009";"09 Schönhausen, Bürgerzentrum";"U";765;502;4;498;78;309;21;35;9;14;4;0;4;0;0;3;19;0;2;2;500;110;307;29;24;9;6;;;;;;;15;;;
"003";"Havelberg-Osterburg";"15090";"Stendal";"15090500";"Schönhausen (Elbe)";"5052";"Elbe-Havel-Land";"000010";"10 Schönhausen, Grundschule";"U";657;412;3;409;59;230;21;35;7;15;6;2;2;0;1;1;27;2;1;3;409;83;232;30;26;7;5;;;;;;;26;;;
"003";"Havelberg-Osterburg";"15090";"Stendal";"15090500";"Schönhausen (Elbe)";"5052";"Elbe-Havel-Land";"000011";"11 Schönhausen, Hohengöhren";"U";297;209;4;205;25;106;17;13;3;8;1;2;4;2;0;1;23;0;0;5;204;35;106;20;11;6;4;;;;;;;22;;;
"003";"Havelberg-Osterburg";"15090";"Stendal";"15090500";"Schönhausen (Elbe)";"5052";"Elbe-Havel-Land";"000026";"26 Briefwahlbezirk Schönhausen (Elbe)";"B";0;325;2;323;92;96;31;32;17;24;4;0;3;1;0;0;23;0;0;3;322;122;92;39;22;14;10;;;;;;;23;;;
"003";"Havelberg-Osterburg";"15090";"Stendal";"15090520";"Seehausen (Altmark), Hansestadt";"5053";"Seehausen (Altmark)";"000014";"14 Seehausen (Altm.), Grundschule";"U";1409;788;18;770;88;440;56;64;15;37;19;3;5;1;1;0;38;1;2;18;770;126;431;91;58;18;14;;;;;;;32;;;
"003";"Havelberg-Osterburg";"15090";"Stendal";"15090520";"Seehausen (Altmark), Hansestadt";"5053";"Seehausen (Altmark)";"000015";"15 Seehausen (Altm.), Feuerwehr";"U";1398;751;13;738;112;375;73;58;23;40;12;1;5;8;0;3;28;0;0;11;740;139;382;86;61;23;26;;;;;;;23;;;
"003";"Havelberg-Osterburg";"15090";"Stendal";"15090520";"Seehausen (Altmark), Hansestadt";"5053";"Seehausen (Altmark)";"000016";"16 Seehausen (Altm.), Beuster";"U";333;240;2;238;29;121;17;29;11;15;4;3;2;2;0;0;5;0;0;3;237;51;121;21;27;6;5;;;;;;;6;;;
"003";"Havelberg-Osterburg";"15090";"Stendal";"15090520";"Seehausen (Altmark), Hansestadt";"5053";"Seehausen (Altmark)";"000017";"17 Seehausen (Altm.), Geestgottberg";"U";344;215;3;212;30;124;12;13;0;11;3;1;1;3;0;0;14;0;0;4;211;38;124;17;12;1;6;;;;;;;13;;;
"003";"Havelberg-Osterburg";"15090";"Stendal";"15090520";"Seehausen (Altmark), Hansestadt";"5053";"Seehausen (Altmark)";"000018";"18 Seehausen (Altm.), Schönberg";"U";368;252;0;252;45;123;19;24;3;12;3;2;1;1;2;1;15;0;1;2;250;59;129;25;12;6;9;;;;;;;10;;;
"003";"Havelberg-Osterburg";"15090";"Stendal";"15090520";"Seehausen (Altmark), Hansestadt";"5053";"Seehausen (Altmark)";"000024";"24 Seehausen (Altm.), Briefwahl";"B";0;670;4;666;165;181;82;96;21;59;12;2;1;5;0;0;40;1;1;5;665;211;171;116;75;25;35;;;;;;;32;;;
"003";"Havelberg-Osterburg";"15090";"Stendal";"15090610";"Werben (Elbe), Hansestadt";"5051";"Arneburg-Goldbeck";"000090";"90 Werben";"U";511;352;7;345;43;173;24;33;6;33;3;1;1;1;0;2;24;0;1;5;347;46;176;44;35;13;19;;;;;;;14;;;
"003";"Havelberg-Osterburg";"15090";"Stendal";"15090610";"Werben (Elbe), Hansestadt";"5051";"Arneburg-Goldbeck";"000091";"91 Werben, Behrendorf";"U";306;199;3;196;29;114;14;12;5;5;1;0;1;1;0;0;11;1;2;5;194;28;112;26;10;6;3;;;;;;;9;;;
"003";"Havelberg-Osterburg";"15090";"Stendal";"15090610";"Werben (Elbe), Hansestadt";"5051";"Arneburg-Goldbeck";"000092";"92 Werben, Briefwahl";"B";0;102;0;102;24;29;11;20;2;6;1;0;3;1;0;1;4;0;0;0;102;26;26;19;15;4;8;;;;;;;4;;;
"003";"Havelberg-Osterburg";"15090";"Stendal";"15090631";"Wust-Fischbeck";"5052";"Elbe-Havel-Land";"000012";"12 Wust-Fischbeck, Fischbeck";"U";402;260;5;255;38;149;8;17;9;10;3;3;2;2;0;2;10;1;1;6;254;56;154;10;10;11;4;;;;;;;9;;;
"003";"Havelberg-Osterburg";"15090";"Stendal";"15090631";"Wust-Fischbeck";"5052";"Elbe-Havel-Land";"000014";"14 Wust-Fischbeck, Wust";"U";437;278;6;272;28;137;18;27;9;29;13;0;1;1;0;0;9;0;0;4;274;59;143;25;18;7;10;;;;;;;12;;;
"003";"Havelberg-Osterburg";"15090";"Stendal";"15090631";"Wust-Fischbeck";"5052";"Elbe-Havel-Land";"000015";"15 Wust-Fischbeck, Sydow";"U";127;89;0;89;9;60;7;3;1;2;2;0;0;0;1;0;4;0;0;1;88;13;61;9;2;1;1;;;;;;;1;;;
"003";"Havelberg-Osterburg";"15090";"Stendal";"15090631";"Wust-Fischbeck";"5052";"Elbe-Havel-Land";"000027";"27 Briefwahlbezirk Wust-Fischbeck";"B";0;184;1;183;39;45;20;37;2;21;4;0;0;1;0;0;14;0;0;2;182;64;47;25;20;4;9;;;;;;;13;;;
"003";"Havelberg-Osterburg";"15090";"Stendal";"15090635";"Zehrental";"5053";"Seehausen (Altmark)";"000019";"19 Zehrental, Gollensdorf";"U";182;122;4;118;16;51;10;15;3;10;3;0;2;1;0;0;6;1;0;5;117;21;52;15;15;5;4;;;;;;;5;;;
"003";"Havelberg-Osterburg";"15090";"Stendal";"15090635";"Zehrental";"5053";"Seehausen (Altmark)";"000020";"20 Zehrental, Groß Garz";"U";490;336;2;334;55;180;15;40;4;17;2;0;0;2;0;2;15;0;2;2;334;73;183;24;28;5;10;;;;;;;11;;;
"003";"Havelberg-Osterburg";"15090";"Stendal";"15090635";"Zehrental";"5053";"Seehausen (Altmark)";"000025";"25 Zehrental, Briefwahl";"B";0;77;0;77;21;22;7;13;0;10;2;0;0;0;1;0;1;0;0;0;77;29;21;10;7;0;7;;;;;;;3;;;
"004";"Stendal";"15090";"Stendal";"15090070";"Bismark (Altmark), Stadt";"0070";;"000001";"01 Bismark, Badingen";"U";346;254;5;249;39;134;23;17;0;17;0;2;1;0;2;1;11;2;0;8;246;42;142;24;17;1;13;;;;;;;7;;;
"004";"Stendal";"15090";"Stendal";"15090070";"Bismark (Altmark), Stadt";"0070";;"000002";"02 Bismark, Berkau";"U";313;192;6;186;33;93;13;10;13;11;2;0;5;0;0;0;5;1;0;5;187;47;94;12;14;14;2;;;;;;;4;;;
"004";"Stendal";"15090";"Stendal";"15090070";"Bismark (Altmark), Stadt";"0070";;"000003";"03 Bismark, Bismark I Nord";"U";850;492;4;488;63;261;34;47;12;26;6;2;5;1;1;2;25;2;1;5;487;103;258;39;38;21;9;;;;;;;19;;;
"004";"Stendal";"15090";"Stendal";"15090070";"Bismark (Altmark), Stadt";"0070";;"000004";"04 Bismark, Bismark II Süd";"U";1168;670;9;661;88;336;55;59;18;30;8;0;3;1;2;4;54;0;3;9;661;127;341;49;58;22;17;;;;;;;47;;;
"004";"Stendal";"15090";"Stendal";"15090070";"Bismark (Altmark), Stadt";"0070";;"000005";"05 Bismark, Poritz";"U";178;126;0;126;13;51;10;21;1;15;1;0;0;2;1;1;10;0;0;2;124;27;55;10;14;5;9;;;;;;;4;;;
"004";"Stendal";"15090";"Stendal";"15090070";"Bismark (Altmark), Stadt";"0070";;"000006";"06 Bismark, Büste";"U";240;166;0;166;32;90;8;9;6;9;1;0;2;0;0;0;9;0;0;1;165;43;89;8;8;8;3;;;;;;;6;;;
"004";"Stendal";"15090";"Stendal";"15090070";"Bismark (Altmark), Stadt";"0070";;"000007";"07 Bismark, Dobberkau";"U";179;142;1;141;27;78;5;8;0;8;0;1;2;0;0;1;10;0;1;1;141;28;82;3;8;5;6;;;;;;;9;;;
"004";"Stendal";"15090";"Stendal";"15090070";"Bismark (Altmark), Stadt";"0070";;"000008";"08 Bismark, Garlipp/Schäplitz";"U";204;117;5;112;28;41;10;9;2;6;1;1;2;1;0;2;7;1;1;4;113;38;38;10;12;5;2;;;;;;;8;;;
"004";"Stendal";"15090";"Stendal";"15090070";"Bismark (Altmark), Stadt";"0070";;"000009";"09 Bismark, Grassau";"U";177;143;2;141;23;56;3;19;5;10;1;2;3;2;2;1;14;0;0;4;139;32;57;6;20;5;6;;;;;;;13;;;
"004";"Stendal";"15090";"Stendal";"15090070";"Bismark (Altmark), Stadt";"0070";;"000010";"10 Bismark, Hohenwulsch";"U";258;183;0;183;14;110;21;13;2;5;2;0;0;1;0;0;15;0;0;0;183;23;109;26;10;3;5;;;;;;;7;;;
"004";"Stendal";"15090";"Stendal";"15090070";"Bismark (Altmark), Stadt";"0070";;"000011";"11 Bismark, Kläden";"U";478;335;1;334;56;155;33;32;10;20;4;0;3;0;0;4;15;0;2;0;335;66;151;45;42;12;11;;;;;;;8;;;
"004";"Stendal";"15090";"Stendal";"15090070";"Bismark (Altmark), Stadt";"0070";;"000012";"12 Bismark, Könnigde/Holzhausen";"U";177;122;4;118;29;43;12;16;1;5;0;0;1;1;1;1;7;0;1;3;119;40;38;13;17;3;1;;;;;;;7;;;
"004";"Stendal";"15090";"Stendal";"15090070";"Bismark (Altmark), Stadt";"0070";;"000013";"13 Bismark, Kremkau";"U";143;91;1;90;17;35;11;7;7;5;1;1;0;3;0;0;3;0;0;1;90;19;35;11;10;5;6;;;;;;;4;;;
"004";"Stendal";"15090";"Stendal";"15090070";"Bismark (Altmark), Stadt";"0070";;"000014";"14 Bismark, Meßdorf";"U";236;147;0;147;36;61;11;15;0;9;4;0;3;0;0;0;8;0;0;0;147;41;60;11;17;2;5;;;;;;;11;;;
"004";"Stendal";"15090";"Stendal";"15090070";"Bismark (Altmark), Stadt";"0070";;"000015";"15 Bismark, Späningen";"U";248;193;3;190;28;85;22;17;9;14;2;0;2;0;0;0;10;1;0;3;190;36;88;22;21;6;8;;;;;;;9;;;
"004";"Stendal";"15090";"Stendal";"15090070";"Bismark (Altmark), Stadt";"0070";;"000016";"16 Bismark, Querstedt/Käthen";"U";224;140;1;139;20;85;10;5;3;6;3;1;2;0;0;0;4;0;0;1;139;23;84;10;7;3;7;;;;;;;5;;;
"004";"Stendal";"15090";"Stendal";"15090070";"Bismark (Altmark), Stadt";"0070";;"000017";"17 Bismark, Schernikau";"U";212;149;1;148;32;70;11;15;3;10;0;0;0;0;0;0;6;0;1;1;148;42;68;17;12;2;5;;;;;;;2;;;
"004";"Stendal";"15090";"Stendal";"15090070";"Bismark (Altmark), Stadt";"0070";;"000018";"18 Bismark, Belkau";"U";96;74;2;72;11;35;6;4;3;9;0;0;0;0;0;0;2;0;2;0;74;16;35;8;8;6;1;;;;;;;0;;;
"004";"Stendal";"15090";"Stendal";"15090070";"Bismark (Altmark), Stadt";"0070";;"000019";"19 Bismark, Schinne";"U";316;222;0;222;39;93;14;19;16;14;5;2;0;1;1;0;18;0;0;1;221;57;93;13;21;12;9;;;;;;;16;;;
"004";"Stendal";"15090";"Stendal";"15090070";"Bismark (Altmark), Stadt";"0070";;"000020";"20 Bismark, Schorstedt";"U";188;136;3;133;24;71;3;13;3;7;1;0;0;0;0;0;10;0;1;4;132;31;70;9;10;4;1;;;;;;;7;;;
"004";"Stendal";"15090";"Stendal";"15090070";"Bismark (Altmark), Stadt";"0070";;"000021";"21 Bismark, Steinfeld";"U";238;173;3;170;12;91;21;17;10;5;4;0;2;0;0;0;7;0;1;3;170;18;90;23;14;15;3;;;;;;;7;;;
"004";"Stendal";"15090";"Stendal";"15090070";"Bismark (Altmark), Stadt";"0070";;"000022";"22 Bismark, Briefwahl 01";"B";0;477;1;476;113;116;53;85;19;35;13;0;6;1;0;4;30;1;0;6;471;148;114;55;77;30;18;;;;;;;29;;;
"004";"Stendal";"15090";"Stendal";"15090070";"Bismark (Altmark), Stadt";"0070";;"000023";"23 Bismark, Briefwahl 02";"B";0;538;2;536;162;111;63;71;24;55;2;1;5;1;1;2;37;1;0;4;534;198;105;57;64;33;35;;;;;;;42;;;
"004";"Stendal";"15090";"Stendal";"15090535";"Stendal, Hansestadt";"0535";;"000001";"01 Stendal, LK Zweigstelle";"U";1786;1037;13;1024;173;425;84;105;27;126;7;0;8;3;2;8;51;1;4;12;1025;254;435;103;88;45;60;;;;;;;40;;;
"004";"Stendal";"15090";"Stendal";"15090535";"Stendal, Hansestadt";"0535";;"000002";"02 Stendal, Stadtbibliothek";"U";1803;950;12;938;107;415;83;93;27;123;4;1;7;5;4;5;59;2;3;12;938;202;400;99;91;36;62;;;;;;;48;;;
"004";"Stendal";"15090";"Stendal";"15090535";"Stendal, Hansestadt";"0535";;"000003";"03 Stendal, Musikforum Katharine";"U";1539;809;4;805;83;379;69;75;10;93;6;1;7;5;2;7;64;1;3;8;801;145;382;112;59;20;37;;;;;;;46;;;
"004";"Stendal";"15090";"Stendal";"15090535";"Stendal, Hansestadt";"0535";;"000004";"04 Stendal, GS Astrid Lindgren";"U";1526;812;11;801;78;384;84;80;13;67;5;0;17;3;4;6;54;1;5;11;801;140;387;108;61;19;40;;;;;;;46;;;
"004";"Stendal";"15090";"Stendal";"15090535";"Stendal, Hansestadt";"0535";;"000005";"05 Stendal, Kita Abenteuerland";"U";1539;772;8;764;99;407;53;51;19;58;6;0;13;2;2;4;45;2;3;11;761;147;405;59;56;28;28;;;;;;;38;;;
"004";"Stendal";"15090";"Stendal";"15090535";"Stendal, Hansestadt";"0535";;"000006";"06 Stendal, Hochschule";"U";1579;824;15;809;121;361;80;68;12;74;4;2;9;3;2;4;66;1;2;19;805;179;375;86;71;20;30;;;;;;;44;;;
"004";"Stendal";"15090";"Stendal";"15090535";"Stendal, Hansestadt";"0535";;"000007";"07 Stendal, GS Haferbreite";"U";1837;933;12;921;164;406;70;77;23;87;15;2;12;2;1;3;57;2;0;16;917;256;406;75;68;27;46;;;;;;;39;;;
"004";"Stendal";"15090";"Stendal";"15090535";"Stendal, Hansestadt";"0535";;"000008";"08 Stendal, GS Nord";"U";1565;954;11;943;140;452;78;91;18;67;8;5;10;2;3;2;64;1;2;10;944;218;473;90;67;28;31;;;;;;;37;;;
"004";"Stendal";"15090";"Stendal";"15090535";"Stendal, Hansestadt";"0535";;"000009";"09 Stendal, Kita Regenbogenland";"U";1564;874;6;868;122;453;70;56;29;52;11;1;5;3;3;3;55;1;4;8;866;166;443;90;65;33;20;;;;;;;49;;;
"004";"Stendal";"15090";"Stendal";"15090535";"Stendal, Hansestadt";"0535";;"000010";"10 Stendal, Winckelmann-Gymnasium";"U";1467;749;12;737;84;363;77;66;20;54;3;1;11;7;2;2;45;1;1;13;736;137;370;106;48;19;23;;;;;;;33;;;
"004";"Stendal";"15090";"Stendal";"15090535";"Stendal, Hansestadt";"0535";;"000011";"11 Stendal, GS Am Stadtsee";"U";1396;707;16;691;84;348;84;69;6;24;6;0;8;9;1;2;44;1;5;13;694;108;371;73;72;17;23;;;;;;;30;;;
"004";"Stendal";"15090";"Stendal";"15090535";"Stendal, Hansestadt";"0535";;"000012";"12 Stendal, Berufsbildungswerk";"U";1405;756;21;735;89;411;58;54;13;23;5;0;10;9;3;2;56;1;1;26;730;107;426;74;56;27;9;;;;;;;31;;;
"004";"Stendal";"15090";"Stendal";"15090535";"Stendal, Hansestadt";"0535";;"000013";"13 Stendal, GS Juri Gagarin";"U";1149;500;12;488;57;259;51;34;9;26;3;0;9;1;0;1;36;1;1;12;488;79;275;56;38;7;13;;;;;;;20;;;
"004";"Stendal";"15090";"Stendal";"15090535";"Stendal, Hansestadt";"0535";;"000014";"14 Stendal, Förderschule Pestalozzi";"U";758;375;8;367;32;196;43;26;0;19;0;0;4;3;3;3;36;0;2;9;366;41;212;50;28;3;11;;;;;;;21;;;
"004";"Stendal";"15090";"Stendal";"15090535";"Stendal, Hansestadt";"0535";;"000015";"15 Stendal, Feuerwache";"U";1384;716;9;707;113;336;77;57;17;45;4;0;6;7;1;2;38;1;3;7;709;162;337;79;56;21;29;;;;;;;25;;;
"004";"Stendal";"15090";"Stendal";"15090535";"Stendal, Hansestadt";"0535";;"000016";"16 Stendal, Borstel";"U";443;313;6;307;42;153;23;29;10;22;4;0;4;2;1;4;11;0;2;8;305;77;146;24;25;11;12;;;;;;;10;;;
"004";"Stendal";"15090";"Stendal";"15090535";"Stendal, Hansestadt";"0535";;"000017";"17 Stendal, Staffelde";"U";251;189;3;186;33;98;7;20;4;11;3;1;1;0;0;1;6;0;1;3;186;48;96;10;18;5;6;;;;;;;3;;;
"004";"Stendal";"15090";"Stendal";"15090535";"Stendal, Hansestadt";"0535";;"000018";"18 Stendal, Wahrburg";"U";906;557;3;554;108;258;40;47;13;37;3;0;4;2;2;0;37;0;3;3;554;155;250;43;42;19;15;;;;;;;30;;;
"004";"Stendal";"15090";"Stendal";"15090535";"Stendal, Hansestadt";"0535";;"000019";"19 Stendal, Bindfelde";"U";182;131;3;128;13;56;12;13;3;10;2;0;5;0;0;1;12;0;1;3;128;22;59;19;10;6;4;;;;;;;8;;;
"004";"Stendal";"15090";"Stendal";"15090535";"Stendal, Hansestadt";"0535";;"000020";"20 Stendal, Jarchau";"U";369;261;2;259;55;104;14;20;8;22;2;1;3;1;0;1;23;1;4;2;259;73;104;17;28;10;9;;;;;;;18;;;
"004";"Stendal";"15090";"Stendal";"15090535";"Stendal, Hansestadt";"0535";;"000021";"21 Stendal, Uchtspringe";"U";644;168;6;162;32;79;11;10;0;14;4;1;3;2;0;2;4;0;0;5;163;39;82;10;16;4;5;;;;;;;7;;;
"004";"Stendal";"15090";"Stendal";"15090535";"Stendal, Hansestadt";"0535";;"000022";"22 Stendal, Börgitz";"U";323;237;4;233;17;137;20;16;7;20;3;0;3;0;0;2;8;0;0;4;233;49;134;22;9;11;3;;;;;;;5;;;
"004";"Stendal";"15090";"Stendal";"15090535";"Stendal, Hansestadt";"0535";;"000023";"23 Stendal, Staats";"U";164;129;1;128;10;81;6;6;5;6;2;0;1;0;0;1;8;1;1;2;127;17;80;11;6;5;1;;;;;;;7;;;
"004";"Stendal";"15090";"Stendal";"15090535";"Stendal, Hansestadt";"0535";;"000024";"24 Stendal, Vinzelberg";"U";167;107;0;107;22;52;9;7;1;6;2;0;0;0;0;0;7;0;1;0;107;27;53;11;8;2;1;;;;;;;5;;;
"004";"Stendal";"15090";"Stendal";"15090535";"Stendal, Hansestadt";"0535";;"000025";"25 Stendal, Volgfelde";"U";124;95;1;94;15;44;1;11;3;11;1;0;2;0;0;0;6;0;0;0;95;24;43;5;9;4;5;;;;;;;5;;;
"004";"Stendal";"15090";"Stendal";"15090535";"Stendal, Hansestadt";"0535";;"000026";"26 Stendal, Nahrstedt";"U";210;167;0;167;34;93;10;10;5;4;3;1;2;0;0;0;5;0;0;0;167;41;95;8;14;5;1;;;;;;;3;;;
"004";"Stendal";"15090";"Stendal";"15090535";"Stendal, Hansestadt";"0535";;"000027";"27 Stendal, Möringen";"U";518;343;1;342;53;179;19;31;16;24;0;0;4;2;0;0;14;0;0;2;341;82;174;28;22;15;12;;;;;;;8;;;
"004";"Stendal";"15090";"Stendal";"15090535";"Stendal, Hansestadt";"0535";;"000028";"28 Stendal, Insel";"U";351;237;1;236;31;124;10;19;5;13;3;0;5;0;0;3;20;1;2;3;234;50;123;15;13;13;4;;;;;;;16;;;
"004";"Stendal";"15090";"Stendal";"15090535";"Stendal, Hansestadt";"0535";;"000029";"29 Stendal, Döbbelin";"U";167;117;0;117;20;67;6;6;2;12;0;0;0;1;0;1;2;0;0;1;116;26;66;11;5;2;4;;;;;;;2;;;
"004";"Stendal";"15090";"Stendal";"15090535";"Stendal, Hansestadt";"0535";;"000030";"30 Stendal, Buchholz";"U";187;143;0;143;34;76;8;7;3;7;1;0;2;0;0;1;4;0;0;0;143;40;71;10;9;6;2;;;;;;;5;;;
"004";"Stendal";"15090";"Stendal";"15090535";"Stendal, Hansestadt";"0535";;"000031";"31 Stendal, Heeren";"U";426;299;1;298;31;180;13;29;4;19;3;1;3;2;0;2;11;0;0;0;299;61;182;17;11;7;6;;;;;;;15;;;
"004";"Stendal";"15090";"Stendal";"15090535";"Stendal, Hansestadt";"0535";;"000032";"32 Stendal, Dahlen";"U";318;214;3;211;30;123;16;14;0;7;5;1;2;2;0;0;10;1;0;5;209;35;123;15;15;4;4;;;;;;;13;;;
"004";"Stendal";"15090";"Stendal";"15090535";"Stendal, Hansestadt";"0535";;"000033";"33 Stendal, Gohre";"U";132;91;0;91;16;38;8;8;0;13;1;1;0;0;0;1;5;0;0;0;91;20;40;10;10;2;6;;;;;;;3;;;
"004";"Stendal";"15090";"Stendal";"15090535";"Stendal, Hansestadt";"0535";;"000034";"34 Stendal, Uenglingen";"U";679;413;2;411;61;208;35;37;11;21;9;0;3;2;0;2;22;0;0;4;409;88;208;40;35;14;8;;;;;;;16;;;
"004";"Stendal";"15090";"Stendal";"15090535";"Stendal, Hansestadt";"0535";;"000035";"35 Stendal, Wittenmoor";"U";160;107;5;102;20;52;5;9;3;2;1;0;2;0;1;1;6;0;0;3;104;29;52;5;7;4;1;;;;;;;6;;;
"004";"Stendal";"15090";"Stendal";"15090535";"Stendal, Hansestadt";"0535";;"000036";"36 Stendal, Groß Schwechten";"U";413;299;4;295;38;157;21;25;8;11;4;1;3;2;3;2;19;0;1;4;295;64;155;23;19;13;3;;;;;;;18;;;
"004";"Stendal";"15090";"Stendal";"15090535";"Stendal, Hansestadt";"0535";;"000037";"37 Stendal, Briefwahl 01";"B";0;895;3;892;235;138;111;122;59;131;4;1;10;3;2;1;70;0;5;9;886;355;128;119;110;50;66;;;;;;;58;;;
"004";"Stendal";"15090";"Stendal";"15090535";"Stendal, Hansestadt";"0535";;"000038";"38 Stendal, Briefwahl 02";"B";0;905;3;902;194;193;113;126;27;139;19;1;10;7;7;8;49;3;6;6;899;324;189;134;108;26;72;;;;;;;46;;;
"004";"Stendal";"15090";"Stendal";"15090535";"Stendal, Hansestadt";"0535";;"000039";"39 Stendal, Briefwahl 03";"B";0;985;8;977;298;184;88;133;36;133;10;3;8;7;0;3;68;2;4;13;972;400;170;104;121;34;72;;;;;;;71;;;
"004";"Stendal";"15090";"Stendal";"15090535";"Stendal, Hansestadt";"0535";;"000040";"40 Stendal, Briefwahl 04";"B";0;994;8;986;245;246;129;135;37;98;12;1;10;4;1;3;61;2;2;7;987;324;236;137;124;46;71;;;;;;;49;;;
"004";"Stendal";"15090";"Stendal";"15090535";"Stendal, Hansestadt";"0535";;"000041";"41 Stendal, Briefwahl 05";"B";0;915;1;914;217;220;129;125;27;91;7;1;5;4;2;7;76;1;2;3;912;305;210;134;116;34;47;;;;;;;66;;;
"004";"Stendal";"15090";"Stendal";"15090535";"Stendal, Hansestadt";"0535";;"000042";"42 Stendal, Briefwahl 06";"B";0;955;5;950;225;220;121;124;39;110;7;1;13;4;2;6;74;2;2;7;948;298;213;129;126;55;55;;;;;;;72;;;
"005";"Genthin";"15086";"Jerichower Land";"15086035";"Elbe-Parey";"0035";;"000001";"Elbe-Parey, Parey, Kita ""Sonnenschlößchen"", Am Park 1";"U";1717;1006;11;995;171;513;75;69;21;48;16;0;11;2;2;11;48;3;5;12;994;213;538;76;77;18;17;;;;;;;41;;;14
"005";"Genthin";"15086";"Jerichower Land";"15086035";"Elbe-Parey";"0035";;"000002";"Elbe-Parey, Zerben, Schloss, Am Park 2";"U";232;155;1;154;24;84;5;14;2;6;4;0;4;0;0;1;9;1;0;0;155;35;87;8;11;3;3;;;;;;;5;;;3
"005";"Genthin";"15086";"Jerichower Land";"15086035";"Elbe-Parey";"0035";;"000003";"Elbe-Parey, Bergzow, Dorfgemeinschaftshaus, Straße der Jugend 5a";"U";480;336;4;332;55;155;30;35;6;18;6;0;4;4;0;2;17;0;0;5;331;83;168;28;25;6;6;;;;;;;11;;;4
"005";"Genthin";"15086";"Jerichower Land";"15086035";"Elbe-Parey";"0035";;"000004";"Elbe-Parey, Derben, Dorfgemeinschaftshaus, Hauptstraße 73";"U";645;414;6;408;56;222;25;40;3;23;5;0;5;2;0;2;21;2;2;8;406;80;227;38;27;3;9;;;;;;;15;;;7
"005";"Genthin";"15086";"Jerichower Land";"15086035";"Elbe-Parey";"0035";;"000006";"Elbe-Parey, Ferchland, Elbehaus, Genthiner Straße 16 c";"U";460;292;3;289;40;159;23;30;8;6;4;0;3;1;0;0;15;0;0;4;288;53;163;22;19;6;2;;;;;;;15;;;8
"005";"Genthin";"15086";"Jerichower Land";"15086035";"Elbe-Parey";"0035";;"000007";"Elbe-Parey, Güsen, Kita ""Eulenwäldchen"", Herderstraße 33";"U";1469;860;9;851;147;393;79;67;13;57;11;0;19;4;2;6;42;1;10;15;845;190;402;97;56;15;35;;;;;;;39;;;11
"005";"Genthin";"15086";"Jerichower Land";"15086035";"Elbe-Parey";"0035";;"000008";"Elbe-Parey, Hohenseeden, Kita ""Lindenstrolche"", Brandensteiner Weg 16";"U";310;222;2;220;48;113;11;8;8;13;2;0;1;0;1;0;15;0;0;1;221;66;119;10;7;6;6;;;;;;;6;;;1
"005";"Genthin";"15086";"Jerichower Land";"15086035";"Elbe-Parey";"0035";;"000009";"Briefwahlbezirk Elbe-Parey, Burg, Bahnhofstraße 9";"B";0;1013;5;1008;244;269;133;120;28;83;10;0;15;10;0;7;77;2;10;7;1006;315;291;150;93;29;46;;;;;;;53;;;29
"005";"Genthin";"15086";"Jerichower Land";"15086040";"Genthin, Stadt";"0040";;"000001";"Genthin, Grundschule ""Diesterweg"", Jungfernsteg 2 a ";"U";1911;998;21;977;132;542;75;74;15;46;14;1;15;7;0;6;44;4;2;22;976;199;556;71;72;16;14;;;;;;;28;;;20
"005";"Genthin";"15086";"Jerichower Land";"15086040";"Genthin, Stadt";"0040";;"000002";"Genthin, Rathaus, Marktplatz 3";"U";1898;903;10;893;117;451;70;63;23;75;6;0;11;4;3;4;57;3;6;12;891;173;477;99;56;26;20;;;;;;;32;;;8
"005";"Genthin";"15086";"Jerichower Land";"15086040";"Genthin, Stadt";"0040";;"000003";"Genthin, Grundschule ""L. Uhland"", Guerickestraße 11";"U";1991;972;17;955;131;494;92;59;20;55;10;2;14;7;4;6;53;1;7;11;961;190;523;97;44;26;28;;;;;;;44;;;9
"005";"Genthin";"15086";"Jerichower Land";"15086040";"Genthin, Stadt";"0040";;"000004";"Genthin, Kita ""Käthe Kollwitz"", Gröblerstraße 74 a";"U";1206;669;7;662;92;355;51;54;6;42;4;0;8;5;4;2;37;1;1;6;663;137;374;59;42;6;15;;;;;;;23;;;7
"005";"Genthin";"15086";"Jerichower Land";"15086040";"Genthin, Stadt";"0040";;"000005";"Genthin, SÜD V - Vereinsraum, Tulpenweg 1-3";"U";1017;611;11;600;102;256;49;78;7;32;6;0;5;3;2;2;54;1;3;11;600;153;280;54;52;10;13;;;;;;;25;;;13
"005";"Genthin";"15086";"Jerichower Land";"15086040";"Genthin, Stadt";"0040";;"000006";"Genthin, Parchen, Feuerwehrdepot, Sandberg 1 a";"U";639;376;12;364;50;174;43;32;12;20;4;0;4;2;3;3;15;1;1;10;366;92;178;38;31;5;7;;;;;;;12;;;3
"005";"Genthin";"15086";"Jerichower Land";"15086040";"Genthin, Stadt";"0040";;"000007";"Genthin, Mützel, Gemeindehaus, Käthe-Kollwitz-Platz 6";"U";488;308;10;298;45;152;20;24;7;11;7;0;3;0;2;3;20;2;2;10;298;66;161;24;12;8;4;;;;;;;15;;;8
"005";"Genthin";"15086";"Jerichower Land";"15086040";"Genthin, Stadt";"0040";;"000008";"Genthin, Tucheim, Jugendclub, Domstraße 2 b";"U";950;596;7;589;116;313;44;36;10;21;8;1;3;3;0;2;28;1;3;7;589;139;329;49;30;12;9;;;;;;;17;;;4
"005";"Genthin";"15086";"Jerichower Land";"15086040";"Genthin, Stadt";"0040";;"000009";"Genthin, Gladau, Gemeindehaus, Friedenstraße 30";"U";261;175;8;167;36;88;7;10;3;6;7;0;5;0;0;0;4;1;0;7;168;39;91;11;13;4;2;;;;;;;2;;;6
"005";"Genthin";"15086";"Jerichower Land";"15086040";"Genthin, Stadt";"0040";;"000010";"Genthin, Dretzel, Feuerwehrhaus, Straße der Freundschaft 19 a";"U";176;129;5;124;22;75;9;5;4;5;0;0;0;0;1;1;2;0;0;1;128;24;79;11;4;3;4;;;;;;;1;;;2
"005";"Genthin";"15086";"Jerichower Land";"15086040";"Genthin, Stadt";"0040";;"000011";"Genthin, Paplitz, Gemeindehaus, Bahnhofstraße 21";"U";231;153;2;151;34;81;10;5;2;4;2;0;3;2;0;1;6;1;0;4;149;36;88;8;7;2;2;;;;;;;3;;;3
"005";"Genthin";"15086";"Jerichower Land";"15086040";"Genthin, Stadt";"0040";;"000012";"Genthin, Schopsdorf, Alte Schule, Schopsdorfer Dorfstraße 1";"U";203;137;2;135;11;79;11;10;2;7;2;0;3;0;1;0;9;0;0;0;137;15;84;14;11;2;4;;;;;;;6;;;1
"005";"Genthin";"15086";"Jerichower Land";"15086040";"Genthin, Stadt";"0040";;"000013";"Briefwahlbezirk Genthin 1, Burg, Bahnhofstraße 9";"B";0;1125;3;1122;284;256;141;195;26;111;13;3;11;2;0;10;65;1;4;5;1120;377;272;145;178;23;50;;;;;;;54;;;21
"005";"Genthin";"15086";"Jerichower Land";"15086040";"Genthin, Stadt";"0040";;"000014";"Briefwahlbezirk Genthin 2, Burg, Bahnhofstraße 9";"B";0;1152;6;1146;302;282;106;145;32;123;11;2;18;8;5;5;99;3;5;10;1142;389;296;133;107;31;54;;;;;;;87;;;45
"005";"Genthin";"15086";"Jerichower Land";"15086080";"Jerichow, Stadt";"0080";;"000001";"Jerichow, Brettin, Schulspeisung, Heinrich-Heine-Straße 72";"U";604;422;3;419;55;252;23;28;3;21;4;0;1;1;1;1;27;1;1;3;419;69;263;25;23;6;10;;;;;;;18;;;5
"005";"Genthin";"15086";"Jerichower Land";"15086080";"Jerichow, Stadt";"0080";;"000002";"Jerichow, Kleinwusterwitz, Dorfgemeinschaftshaus, Kleinwusterwitzer Straße 39";"U";250;145;1;144;15;89;18;9;1;6;0;0;2;2;0;0;2;0;0;2;143;25;89;20;4;2;1;;;;;;;2;;;0
"005";"Genthin";"15086";"Jerichower Land";"15086080";"Jerichow, Stadt";"0080";;"000003";"Jerichow, Bürgerhaus, Karl-Liebknecht-Straße 55";"U";1608;946;17;929;145;474;68;77;24;47;16;0;9;4;4;1;52;2;6;17;929;200;494;85;66;26;14;;;;;;;31;;;13
"005";"Genthin";"15086";"Jerichower Land";"15086080";"Jerichow, Stadt";"0080";;"000004";"Jerichow, Kade, Dorfgemeinschaftshaus, Genthiner Straße 22";"U";486;329;3;326;48;180;18;25;13;13;10;0;0;2;0;0;17;0;0;3;326;62;182;25;26;12;3;;;;;;;12;;;4
"005";"Genthin";"15086";"Jerichower Land";"15086080";"Jerichow, Stadt";"0080";;"000005";"Jerichow, Karow, Dorfgemeinschaftshaus, Friedenstraße 29 ";"U";324;236;1;235;38;118;22;19;5;9;5;1;4;1;0;0;11;1;1;1;235;45;124;24;17;7;5;;;;;;;6;;;7
"005";"Genthin";"15086";"Jerichower Land";"15086080";"Jerichow, Stadt";"0080";;"000006";"Jerichow, Neuenklitsche, Dorfgemeinschaftshaus, Neuenklitsche 6";"U";259;172;2;170;32;97;7;11;2;2;2;0;0;0;0;1;16;0;0;3;169;32;101;4;11;5;3;;;;;;;11;;;2
"005";"Genthin";"15086";"Jerichower Land";"15086080";"Jerichow, Stadt";"0080";;"000007";"Jerichow, Nielebock, Schulungsraum Feuerwehr, Grüne Dorfstraße 17";"U";155;120;2;118;13;57;7;15;2;8;1;0;1;0;0;1;13;0;0;3;117;22;60;4;14;1;5;;;;;;;9;;;2
"005";"Genthin";"15086";"Jerichower Land";"15086080";"Jerichow, Stadt";"0080";;"000008";"Jerichow, Redekin, Parkgaststätte, Am Gutshof 14";"U";460;316;2;314;34;202;18;20;4;8;1;0;5;1;0;1;19;0;1;2;314;50;203;14;14;4;5;;;;;;;10;;;14
"005";"Genthin";"15086";"Jerichower Land";"15086080";"Jerichow, Stadt";"0080";;"000009";"Jerichow, Roßdorf, Dorfgemeinschaftshaus, Fröbelstraße 23";"U";410;280;7;273;55;136;14;22;6;12;4;0;5;0;1;0;15;2;1;7;273;75;142;13;13;5;6;;;;;;;15;;;4
"005";"Genthin";"15086";"Jerichower Land";"15086080";"Jerichow, Stadt";"0080";;"000010";"Jerichow, Schlagenthin, Grundschule, Mühlenweg 10";"U";594;413;3;410;76;229;27;32;5;14;9;0;3;0;0;1;14;0;0;6;407;94;235;27;24;5;9;;;;;;;10;;;3
"005";"Genthin";"15086";"Jerichower Land";"15086080";"Jerichow, Stadt";"0080";;"000011";"Jerichow, Kleinwulkow, Dorfgemeinschaftshaus, Wernickestraße 12";"U";227;171;2;169;34;75;10;18;6;10;3;0;2;1;0;1;9;0;0;3;168;48;75;9;14;7;5;;;;;;;5;;;5
"005";"Genthin";"15086";"Jerichower Land";"15086080";"Jerichow, Stadt";"0080";;"000012";"Jerichow, Zabakuck, Dorfgemeinschaftshaus, Am Park 12";"U";165;118;0;118;11;74;6;12;2;5;0;0;1;0;0;0;7;0;0;0;118;16;79;4;12;0;1;;;;;;;6;;;0
"005";"Genthin";"15086";"Jerichower Land";"15086080";"Jerichow, Stadt";"0080";;"000013";"Briefwahlbezirk Jerichow, Burg, Bahnhofstraße 9";"B";0;875;4;871;209;249;103;109;20;75;14;1;6;12;4;2;62;2;3;9;866;283;255;97;88;24;30;;;;;;;53;;;36
"005";"Genthin";"15090";"Stendal";"15090546";"Tangerhütte, Stadt";"0546";;"000001";"Tangerhütte, Grundschule am Tanger, Bismarckstraße 65";"U";932;519;6;513;57;281;44;48;14;21;3;3;8;4;0;1;25;0;4;7;512;87;291;46;42;11;18;;;;;;;15;;;2
"005";"Genthin";"15090";"Stendal";"15090546";"Tangerhütte, Stadt";"0546";;"000002";"Tangerhütte, Rathaus, Bismarckstraße 5";"U";948;560;4;556;59;366;27;40;11;14;2;0;4;3;1;4;21;1;3;5;555;86;379;32;23;12;5;;;;;;;16;;;2
"005";"Genthin";"15090";"Stendal";"15090546";"Tangerhütte, Stadt";"0546";;"000003";"Tangerhütte, Wilhelm-Wundt-Schule, Schönwalder Straße 33";"U";933;501;6;495;85;280;21;39;4;15;5;1;9;1;0;3;28;1;3;7;494;109;290;24;28;5;13;;;;;;;21;;;4
"005";"Genthin";"15090";"Stendal";"15090546";"Tangerhütte, Stadt";"0546";;"000004";"Tangerhütte, Kulturhaus, Straße der Jugend 15";"U";860;444;7;437;87;224;29;34;7;16;4;0;5;3;2;1;23;0;2;7;437;105;235;28;29;12;7;;;;;;;16;;;5
"005";"Genthin";"15090";"Stendal";"15090546";"Tangerhütte, Stadt";"0546";;"000005";"Tangerhütte, Bellingen, Dorfgemeinschaftshaus, Dorfstraße 53";"U";197;145;0;145;20;58;12;20;9;11;3;0;1;0;2;2;5;2;0;0;145;39;60;14;14;8;3;;;;;;;4;;;3
"005";"Genthin";"15090";"Stendal";"15090546";"Tangerhütte, Stadt";"0546";;"000006";"Tangerhütte, Birkholz, Dorfgemeinschaftshaus, Birkholzer Schulstraße 1";"U";313;215;1;214;29;143;7;12;4;8;1;0;2;0;0;1;6;0;1;2;213;39;144;10;7;6;0;;;;;;;7;;;0
"005";"Genthin";"15090";"Stendal";"15090546";"Tangerhütte, Stadt";"0546";;"000007";"Tangerhütte, Bittkau, Klubraum, Poststraße 4";"U";461;310;4;306;43;193;11;19;4;20;0;0;2;2;1;3;7;0;1;3;307;60;198;18;14;3;7;;;;;;;3;;;4
"005";"Genthin";"15090";"Stendal";"15090546";"Tangerhütte, Stadt";"0546";;"000008";"Tangerhütte, Cobbel, Dorfgemeinschaftshaus, Lindenstraße 15";"U";160;95;0;95;19;53;2;7;2;6;1;0;1;1;0;1;1;0;1;1;94;23;53;6;6;2;2;;;;;;;1;;;1
"005";"Genthin";"15090";"Stendal";"15090546";"Tangerhütte, Stadt";"0546";;"000009";"Tangerhütte, Demker, ehemalige Gaststätte, Demker 36";"U";250;174;3;171;21;81;10;21;2;16;1;0;3;2;1;0;12;0;1;3;171;37;88;12;18;3;3;;;;;;;7;;;3
"005";"Genthin";"15090";"Stendal";"15090546";"Tangerhütte, Stadt";"0546";;"000010";"Tangerhütte, Grieben, Grundschule, Griebener Chausseestraße 20";"U";768;487;3;484;94;258;24;44;12;23;1;0;4;0;0;2;20;1;1;4;483;132;264;19;31;6;13;;;;;;;16;;;2
"005";"Genthin";"15090";"Stendal";"15090546";"Tangerhütte, Stadt";"0546";;"000011";"Tangerhütte, Klein Schwarzlosen, Dorfgemeinschaftshaus, Klein Schwarzloser Dorfstraße 10";"U";248;156;1;155;22;87;5;9;6;14;2;1;1;0;0;0;7;0;1;1;155;39;87;5;6;9;4;;;;;;;3;;;2
"005";"Genthin";"15090";"Stendal";"15090546";"Tangerhütte, Stadt";"0546";;"000012";"Tangerhütte, Kehnert, Dorfgemeinschaftshaus, August-Bebel-Straße 43/44";"U";285;194;3;191;33;111;9;8;7;3;1;0;1;2;0;2;13;1;0;4;190;40;117;7;8;8;2;;;;;;;6;;;2
"005";"Genthin";"15090";"Stendal";"15090546";"Tangerhütte, Stadt";"0546";;"000013";"Tangerhütte, Groß Schwarzlosen, Mehrzweckraum Turnhalle, Tangermünder Straße 43";"U";809;510;3;507;65;260;31;46;22;44;3;0;4;4;1;3;22;1;1;6;504;117;267;28;37;24;7;;;;;;;18;;;6
"005";"Genthin";"15090";"Stendal";"15090546";"Tangerhütte, Stadt";"0546";;"000014";"Tangerhütte, Sandfurth, Dorfgemeinschaftshaus, Sandfurth 46";"U";206;129;0;129;12;91;5;4;4;6;0;1;2;0;0;0;4;0;0;0;129;16;94;9;1;5;4;;;;;;;0;;;0
"005";"Genthin";"15090";"Stendal";"15090546";"Tangerhütte, Stadt";"0546";;"000015";"Tangerhütte, Schernebeck, Dorfgemeinschaftshaus, Budenstraße 10";"U";179;123;1;122;19;60;10;14;4;9;0;0;0;0;0;1;5;0;0;0;123;37;61;8;9;3;2;;;;;;;2;;;1
"005";"Genthin";"15090";"Stendal";"15090546";"Tangerhütte, Stadt";"0546";;"000016";"Tangerhütte, Uchtdorf, Dorfgemeinschaftshaus, Uchtdorfer Schulstraße 10";"U";199;138;4;134;13;71;6;19;5;4;4;0;4;0;1;1;6;0;0;4;134;18;76;7;14;5;4;;;;;;;4;;;6
"005";"Genthin";"15090";"Stendal";"15090546";"Tangerhütte, Stadt";"0546";;"000017";"Tangerhütte, Uetz, Dorfgemeinschaftshaus, Sonnemannstraße 42 a";"U";131;95;0;95;16;46;7;7;6;6;1;0;0;1;0;0;5;0;0;1;94;19;46;5;11;6;5;;;;;;;2;;;0
"005";"Genthin";"15090";"Stendal";"15090546";"Tangerhütte, Stadt";"0546";;"000018";"Tangerhütte, Weißewarte, Dorfgemeinschaftshaus, Weißewarter Dorfstraße 22";"U";306;204;1;203;20;132;15;8;4;11;2;0;3;2;1;0;5;0;0;1;203;35;134;9;6;4;6;;;;;;;7;;;2
"005";"Genthin";"15090";"Stendal";"15090546";"Tangerhütte, Stadt";"0546";;"000019";"Tangerhütte, Windberge, Bürgerhaus, Friedhofsweg 3";"U";195;138;3;135;29;71;11;7;2;5;0;0;1;0;1;0;8;0;0;3;135;29;73;14;8;3;1;;;;;;;7;;;0
"005";"Genthin";"15090";"Stendal";"15090546";"Tangerhütte, Stadt";"0546";;"000020";"Briefwahlbezirk Tangerhütte 1, Burg, Bahnhofstraße 9";"B";0;771;2;769;208;216;106;76;30;43;6;0;10;5;2;2;50;6;9;2;769;257;228;95;62;28;25;;;;;;;58;;;16
"005";"Genthin";"15090";"Stendal";"15090546";"Tangerhütte, Stadt";"0546";;"000021";"Briefwahlbezirk Tangerhütte 2, Burg, Bahnhofstraße 9";"B";0;758;4;754;199;218;56;97;26;79;13;1;7;6;1;3;45;1;2;6;752;274;237;69;82;11;27;;;;;;;34;;;18
"005";"Genthin";"15090";"Stendal";"15090550";"Tangermünde, Stadt";"0550";;"000001";"Tangermünde, Förderschule, Robert-Schumann-Straße 7 a";"U";1246;740;11;729;117;406;54;48;8;40;2;0;6;1;0;1;40;1;5;11;729;152;417;64;63;6;3;;;;;;;19;;;5
"005";"Genthin";"15090";"Stendal";"15090550";"Tangermünde, Stadt";"0550";;"000002";"Tangermünde, Kita ""Farbenspiel"", Luisenstraße 39 a";"U";1747;963;17;946;126;580;65;59;14;43;9;0;7;3;0;5;28;0;7;14;949;155;592;69;73;16;11;;;;;;;22;;;11
"005";"Genthin";"15090";"Stendal";"15090550";"Tangermünde, Stadt";"0550";;"000003";"Tangermünde, Grete-Minde-Saal, Grete-Minde-Straße 1";"U";1562;956;8;948;138;471;72;82;23;71;13;1;8;6;4;5;51;0;3;8;948;198;476;95;89;26;21;;;;;;;33;;;10
"005";"Genthin";"15090";"Stendal";"15090550";"Tangermünde, Stadt";"0550";;"000004";"Tangermünde, Salzkirche, Zollensteig 20";"U";1392;883;7;876;114;459;63;57;26;72;7;3;11;3;3;7;44;0;7;7;876;166;484;71;69;20;26;;;;;;;30;;;10
"005";"Genthin";"15090";"Stendal";"15090550";"Tangermünde, Stadt";"0550";;"000005";"Tangermünde, Kita ""Kleine Ritter"", Ulrichstraße 52";"U";1424;937;3;934;130;486;62;83;20;61;14;0;11;4;1;2;59;0;1;3;934;202;500;68;87;25;11;;;;;;;33;;;8
"005";"Genthin";"15090";"Stendal";"15090550";"Tangermünde, Stadt";"0550";;"000006";"Tangermünde, Bölsdorf, Dorfgemeinschaftshaus, Am Dorfplatz 1";"U";182;137;2;135;20;82;9;6;1;3;1;0;2;2;1;1;6;0;1;4;133;22;87;6;11;2;2;;;;;;;3;;;0
"005";"Genthin";"15090";"Stendal";"15090550";"Tangermünde, Stadt";"0550";;"000007";"Tangermünde, Buch, Dorfgemeinschaftshaus, Chausseestraße 20";"U";246;189;5;184;32;119;7;10;4;4;2;0;0;1;0;1;3;1;0;2;187;39;122;7;11;2;3;;;;;;;1;;;2
"005";"Genthin";"15090";"Stendal";"15090550";"Tangermünde, Stadt";"0550";;"000008";"Tangermünde, Grobleben, Dorfgemeinschaftshaus, Grobleben 25";"U";86;64;2;62;7;36;5;4;0;3;0;0;4;0;0;1;2;0;0;3;61;10;41;4;2;0;1;;;;;;;2;;;1
"005";"Genthin";"15090";"Stendal";"15090550";"Tangermünde, Stadt";"0550";;"000009";"Tangermünde, Hämerten, Dorfgemeinschaftshaus, Am Meilenstein 18";"U";181;124;0;124;17;61;11;10;4;10;1;0;1;0;0;0;7;2;0;0;124;24;63;15;12;3;0;;;;;;;7;;;0
"005";"Genthin";"15090";"Stendal";"15090550";"Tangermünde, Stadt";"0550";;"000010";"Tangermünde, Langensalzwedel, Dorfgemeinschaftshaus, Salzstraße 26 b";"U";137;92;1;91;23;39;4;6;5;7;1;0;1;1;0;1;3;0;0;1;91;22;40;7;9;6;1;;;;;;;6;;;0
"005";"Genthin";"15090";"Stendal";"15090550";"Tangermünde, Stadt";"0550";;"000011";"Tangermünde, Miltern, Dorfgemeinschaftshaus, Dorfstraße 49";"U";274;184;1;183;21;95;16;13;3;9;1;0;1;3;1;2;17;0;1;1;183;43;99;16;11;0;2;;;;;;;10;;;2
"005";"Genthin";"15090";"Stendal";"15090550";"Tangermünde, Stadt";"0550";;"000012";"Tangermünde, Storkau, Gemeindezentrum, Stendaler Weg 1";"U";104;65;0;65;13;31;2;8;0;4;2;0;2;0;0;0;3;0;0;0;65;18;32;3;7;0;2;;;;;;;2;;;1
"005";"Genthin";"15090";"Stendal";"15090550";"Tangermünde, Stadt";"0550";;"000013";"Briefwahlbezirk Tangermünde 1, Burg, Bahnhofstraße 9";"B";0;843;5;838;218;228;67;120;15;110;7;1;11;6;2;2;46;1;4;7;836;291;238;76;137;20;35;;;;;;;31;;;8
"005";"Genthin";"15090";"Stendal";"15090550";"Tangermünde, Stadt";"0550";;"000014";"Briefwahlbezirk Tangermünde 2, Burg, Bahnhofstraße 9";"B";0;790;5;785;206;179;96;112;24;89;12;2;4;2;1;5;48;5;0;6;784;280;194;100;115;14;24;;;;;;;37;;;20
"006";"Burg";"15086";"Jerichower Land";"15086005";"Biederitz";"0005";;"000001";"Biederitz, Mehrzweckhalle, Heyrothsberger Straße 13 b";"U";3212;1739;17;1722;254;681;136;148;70;220;74;0;12;9;3;13;84;10;8;20;1719;324;646;144;108;55;78;294;;;;;;53;;;17
"006";"Burg";"15086";"Jerichower Land";"15086005";"Biederitz";"0005";;"000002";"Biederitz, Gerwisch, Lentges Saal, Neuer Weg 6";"U";2078;1228;15;1213;177;627;86;87;27;67;35;2;12;8;5;7;60;5;8;13;1215;185;613;96;87;22;19;141;;;;;;35;;;17
"006";"Burg";"15086";"Jerichower Land";"15086005";"Biederitz";"0005";;"000003";"Biederitz, Gübs, Bürgerhaus, Dorfstraße 5";"U";286;210;1;209;28;91;18;24;8;20;3;0;0;1;1;0;14;1;0;1;209;28;90;14;29;8;13;14;;;;;;12;;;1
"006";"Burg";"15086";"Jerichower Land";"15086005";"Biederitz";"0005";;"000004";"Biederitz, Heyrothsberge, FFW Heyrothsberge, Berliner Straße 7/8";"U";794;503;5;498;69;212;45;50;12;56;18;0;6;3;1;0;26;0;0;5;498;87;206;51;46;9;19;66;;;;;;13;;;1
"006";"Burg";"15086";"Jerichower Land";"15086005";"Biederitz";"0005";;"000005";"Biederitz, Königsborn, Mehrzweckhalle, Möckerner Straße 42";"U";389;250;2;248;47;116;12;28;6;13;8;2;3;1;0;1;9;0;2;3;247;45;118;15;25;7;5;24;;;;;;7;;;1
"006";"Burg";"15086";"Jerichower Land";"15086005";"Biederitz";"0005";;"000006";"Biederitz, Woltersdorf, Bürgerhaus, Königsborner Straße 10";"U";282;192;1;191;20;103;15;13;5;15;5;1;4;1;0;2;4;0;3;1;191;19;100;21;16;3;7;10;;;;;;7;;;8
"006";"Burg";"15086";"Jerichower Land";"15086005";"Biederitz";"0005";;"000007";"Briefwahlbezirk Biederitz 1, Burg, Bahnhofstraße 9";"B";0;1091;2;1089;264;199;75;187;37;187;59;2;10;6;2;4;51;1;5;4;1087;272;176;90;155;29;73;240;;;;;;31;;;21
"006";"Burg";"15086";"Jerichower Land";"15086005";"Biederitz";"0005";;"000008";"Briefwahlbezirk Biederitz 2, Burg, Bahnhofstraße 9";"B";0;853;5;848;210;212;87;94;26;100;54;0;13;4;4;5;33;0;6;6;847;199;198;103;100;26;45;126;;;;;;24;;;26
"006";"Burg";"15086";"Jerichower Land";"15086015";"Burg, Stadt";"0015";;"000001";"Burg, Bibliothek, Berliner Straße 38";"U";1081;558;8;550;56;319;48;42;10;35;5;0;10;1;1;3;18;0;2;6;552;85;303;56;42;10;12;15;;;;;;18;;;11
"006";"Burg";"15086";"Jerichower Land";"15086015";"Burg, Stadt";"0015";;"000002";"Burg, Stadthalle, Platz des Friedens 1";"U";1068;539;5;534;79;249;54;48;7;37;7;3;8;1;1;3;33;2;2;4;535;105;248;51;43;4;22;12;;;;;;20;;;30
"006";"Burg";"15086";"Jerichower Land";"15086015";"Burg, Stadt";"0015";;"000003";"Burg, Lebenshilfe, Am Brunnenfeld 7";"U";1739;986;21;965;145;509;84;77;16;40;17;1;14;4;0;7;48;2;1;29;957;189;490;91;59;15;18;27;;;;;;34;;;34
"006";"Burg";"15086";"Jerichower Land";"15086015";"Burg, Stadt";"0015";;"000004";"Burg, Grundschule Burg Süd A (Speisesaal), Yorckstraße 4";"U";1185;636;13;623;80;375;36;26;10;32;12;0;16;3;0;2;29;0;2;13;623;110;357;48;28;6;14;18;;;;;;19;;;23
"006";"Burg";"15086";"Jerichower Land";"15086015";"Burg, Stadt";"0015";;"000005";"Burg, Grundschule Burg Süd B (Kita), Yorckstraße 4";"U";1450;722;10;712;114;345;55;71;17;40;14;0;10;6;5;1;32;2;0;12;710;136;337;70;53;9;27;20;;;;;;22;;;36
"006";"Burg";"15086";"Jerichower Land";"15086015";"Burg, Stadt";"0015";;"000006";"Burg, Grundschule Pestalozzi A, Kapellenstraße 8-12";"U";1913;762;8;754;103;422;68;43;14;49;12;0;6;0;0;2;29;2;4;10;752;145;385;78;47;14;23;15;;;;;;24;;;21
"006";"Burg";"15086";"Jerichower Land";"15086015";"Burg, Stadt";"0015";;"000007";"Burg, Grundschule Pestalozzi B, Kapellenstraße 8-12";"U";1240;660;7;653;89;356;54;46;14;28;16;0;7;2;5;7;28;0;1;7;653;111;340;65;44;14;16;25;;;;;;16;;;22
"006";"Burg";"15086";"Jerichower Land";"15086015";"Burg, Stadt";"0015";;"000008";"Burg, Autohaus Blumhagel, Grabower Landstraße 66";"U";1880;1147;19;1128;124;678;65;70;15;57;17;2;21;3;3;7;61;1;4;18;1129;199;652;93;52;13;17;24;;;;;;40;;;39
"006";"Burg";"15086";"Jerichower Land";"15086015";"Burg, Stadt";"0015";;"000009";"Burg, Grundschule Einstein A, Kirchhofstraße 3";"U";1405;686;15;671;84;396;47;50;9;25;8;0;13;6;3;0;27;0;3;17;669;115;371;65;30;6;15;18;;;;;;18;;;31
"006";"Burg";"15086";"Jerichower Land";"15086015";"Burg, Stadt";"0015";;"000010";"Burg, Grundschule Einstein B, Kirchhofstraße 3";"U";1500;815;10;805;118;426;60;52;28;60;5;0;5;2;1;5;42;0;1;13;802;162;396;49;47;18;34;13;;;;;;35;;;48
"006";"Burg";"15086";"Jerichower Land";"15086015";"Burg, Stadt";"0015";;"000011";"Burg, Detershagen, Gemeindezentrum, Burger Straße 30";"U";469;323;1;322;44;185;27;12;7;19;5;0;1;1;0;0;21;0;0;2;321;55;181;29;16;7;6;8;;;;;;11;;;8
"006";"Burg";"15086";"Jerichower Land";"15086015";"Burg, Stadt";"0015";;"000012";"Burg, Ihleburg, Dorfgemeinschaftshaus, Lange Schulstraße 1a";"U";302;203;3;200;40;109;9;9;5;8;1;0;3;2;0;2;11;0;1;2;201;41;100;11;14;8;5;4;;;;;;8;;;10
"006";"Burg";"15086";"Jerichower Land";"15086015";"Burg, Stadt";"0015";;"000013";"Burg, Niegripp, Feuerwehrgerätehaus, Zum Deich 4";"U";901;555;5;550;85;284;43;31;15;30;10;1;8;1;4;2;34;1;1;9;546;90;278;35;40;16;9;18;;;;;;24;;;36
"006";"Burg";"15086";"Jerichower Land";"15086015";"Burg, Stadt";"0015";;"000014";"Burg, Parchau, Gemeindezentrum, Kleine Schulstraße 4 a";"U";790;499;10;489;84;289;20;29;7;22;7;0;5;1;2;4;19;0;0;9;490;97;281;30;23;8;5;12;;;;;;13;;;21
"006";"Burg";"15086";"Jerichower Land";"15086015";"Burg, Stadt";"0015";;"000015";"Burg, Reesen, Pfarrscheune, Reesener Dorfstraße 3";"U";418;296;3;293;68;135;13;25;5;20;5;0;3;3;1;1;14;0;0;3;293;77;122;17;18;5;12;20;;;;;;12;;;10
"006";"Burg";"15086";"Jerichower Land";"15086015";"Burg, Stadt";"0015";;"000016";"Burg, Schartau, Ortschaftszentrum, Alte Bergstraße 8";"U";516;327;6;321;49;180;15;18;8;20;5;0;3;0;2;0;17;1;3;6;321;57;173;25;20;8;14;5;;;;;;10;;;9
"006";"Burg";"15086";"Jerichower Land";"15086015";"Burg, Stadt";"0015";;"000017";"Briefwahlbezirk Burg 1, Burg, Bahnhofstraße 9";"B";0;1210;14;1196;296;326;127;152;35;87;27;8;16;14;5;13;84;5;1;14;1196;317;271;131;142;29;60;56;;;;;;74;;;116
"006";"Burg";"15086";"Jerichower Land";"15086015";"Burg, Stadt";"0015";;"000018";"Briefwahlbezirk Burg 2, Burg, Bahnhofstraße 9";"B";0;1112;9;1103;228;370;98;152;16;117;23;1;8;5;3;11;63;2;6;11;1101;263;337;124;115;17;60;48;;;;;;53;;;84
"006";"Burg";"15086";"Jerichower Land";"15086015";"Burg, Stadt";"0015";;"000019";"Briefwahlbezirk Burg 3, Burg, Bahnhofstraße 9";"B";0;1204;9;1195;308;338;109;142;41;110;29;0;19;11;4;6;71;2;5;12;1192;341;310;131;130;42;63;52;;;;;;55;;;68
"006";"Burg";"15086";"Jerichower Land";"15086140";"Möckern, Stadt";"0140";;"000001";"Möckern, Kindertagesstätte ""Birkenhain"", Hohenziatzer Weg 10";"U";943;500;7;493;83;233;48;34;11;35;8;3;4;3;1;4;23;0;3;6;494;98;234;55;31;11;12;21;;;;;;18;;;14
"006";"Burg";"15086";"Jerichower Land";"15086140";"Möckern, Stadt";"0140";;"000002";"Möckern, Grundschule ""Schloss Möckern"", Am Park 3";"U";1373;665;9;656;102;358;49;48;17;25;10;0;6;4;2;6;26;0;3;14;651;114;351;61;32;23;18;21;;;;;;18;;;13
"006";"Burg";"15086";"Jerichower Land";"15086140";"Möckern, Stadt";"0140";;"000003";"Möckern, Loburg, Sporthalle, Markt 22";"U";1504;897;16;881;126;457;67;61;11;51;25;2;8;7;0;9;50;3;4;16;881;157;461;85;59;18;28;30;;;;;;35;;;8
"006";"Burg";"15086";"Jerichower Land";"15086140";"Möckern, Stadt";"0140";;"000004";"Möckern, Büden, Bürgerhaus, Dorfstraße 22 a";"U";193;136;1;135;23;71;14;3;5;4;3;0;2;1;1;2;5;1;0;1;135;24;70;18;2;4;5;6;;;;;;4;;;2
"006";"Burg";"15086";"Jerichower Land";"15086140";"Möckern, Stadt";"0140";;"000005";"Möckern, Dörnitz, Dorfgemeinschaftshaus, Dorfplatz 1";"U";166;129;3;126;7;89;5;5;1;8;0;0;2;1;0;0;7;0;1;0;129;15;87;7;2;2;4;2;;;;;;10;;;0
"006";"Burg";"15086";"Jerichower Land";"15086140";"Möckern, Stadt";"0140";;"000006";"Möckern, Drewitz, Kulturhaus Drewitz, Lindenstraße 1";"U";274;195;1;194;32;103;14;9;3;11;4;0;4;4;0;1;9;0;0;0;195;45;106;8;11;4;7;11;;;;;;1;;;2
"006";"Burg";"15086";"Jerichower Land";"15086140";"Möckern, Stadt";"0140";;"000007";"Möckern, Friedensau, Seniorenheim, Ahornstraße 1";"U";258;127;6;121;35;10;7;35;7;19;2;0;1;0;0;0;3;1;1;7;120;46;12;8;32;4;14;2;;;;;;1;;;1
"006";"Burg";"15086";"Jerichower Land";"15086140";"Möckern, Stadt";"0140";;"000008";"Möckern, Grabow, Gemeindehaus, Kirchplatz 7";"U";528;353;2;351;54;194;19;25;6;20;13;1;3;1;0;0;15;0;0;1;352;76;186;23;20;12;7;12;;;;;;6;;;10
"006";"Burg";"15086";"Jerichower Land";"15086140";"Möckern, Stadt";"0140";;"000009";"Möckern, Hobeck, Gemeindezentrum, Karl-Marx-Straße 20";"U";284;190;1;189;17;108;26;11;4;6;1;0;5;0;1;1;9;0;0;2;188;23;107;26;8;5;5;3;;;;;;10;;;1
"006";"Burg";"15086";"Jerichower Land";"15086140";"Möckern, Stadt";"0140";;"000010";"Möckern, Hohenziatz, Gemeindezentrum, Im Winkel 7";"U";428;258;5;253;40;131;16;17;10;10;5;0;2;1;0;2;18;1;0;5;253;35;128;22;22;12;8;7;;;;;;12;;;7
"006";"Burg";"15086";"Jerichower Land";"15086140";"Möckern, Stadt";"0140";;"000011";"Möckern, Krüssau, Dorfgemeinschaftshaus, Dorfstraße 20";"U";165;120;2;118;14;73;13;4;4;2;3;0;0;1;0;0;4;0;0;2;118;13;71;15;3;7;1;3;;;;;;2;;;3
"006";"Burg";"15086";"Jerichower Land";"15086140";"Möckern, Stadt";"0140";;"000012";"Möckern, Küsel, Dorfgemeinschaftshaus, Dorfstraße 43";"U";94;63;1;62;4;38;7;4;3;2;0;0;0;0;0;0;4;0;0;0;63;4;41;5;3;3;3;0;;;;;;3;;;1
"006";"Burg";"15086";"Jerichower Land";"15086140";"Möckern, Stadt";"0140";;"000013";"Möckern, Lübars, Freiwillige Feuerwehr, Straße der Freundschaft 11";"U";392;266;7;259;31;154;24;10;7;3;14;1;1;1;2;1;9;0;1;7;259;38;153;23;9;4;3;23;;;;;;3;;;3
"006";"Burg";"15086";"Jerichower Land";"15086140";"Möckern, Stadt";"0140";;"000014";"Möckern, Magdeburgerforth, Dorfgemeinschaftshaus, Friedensstraße 3";"U";157;104;0;104;12;63;6;7;2;4;2;0;0;0;0;0;8;0;0;0;104;12;61;9;5;2;1;5;;;;;;7;;;2
"006";"Burg";"15086";"Jerichower Land";"15086140";"Möckern, Stadt";"0140";;"000015";"Möckern, Reesdorf, Bauernstube, Dorfstraße 17";"U";100;74;2;72;7;37;7;7;2;2;4;1;2;1;0;0;2;0;0;2;72;14;33;7;5;4;2;5;;;;;;2;;;0
"006";"Burg";"15086";"Jerichower Land";"15086140";"Möckern, Stadt";"0140";;"000016";"Möckern, Rietzel, Gemeindezentrum, Dorfstraße 33 a";"U";118;85;1;84;21;39;5;5;3;7;2;0;1;0;0;0;1;0;0;1;84;19;37;5;5;4;7;3;;;;;;2;;;2
"006";"Burg";"15086";"Jerichower Land";"15086140";"Möckern, Stadt";"0140";;"000017";"Möckern, Rosian, Sporthalle, Isterbieser Straße 9 b";"U";356;249;2;247;51;102;19;33;8;8;10;0;1;0;1;1;12;0;1;3;246;67;99;24;18;9;11;9;;;;;;7;;;2
"006";"Burg";"15086";"Jerichower Land";"15086140";"Möckern, Stadt";"0140";;"000018";"Möckern, Schweinitz, Dorfgemeinschaftshaus, Forststraße 28 b";"U";222;171;2;169;26;83;14;12;2;7;6;0;3;1;0;0;14;1;0;2;169;42;82;15;6;4;3;7;;;;;;8;;;2
"006";"Burg";"15086";"Jerichower Land";"15086140";"Möckern, Stadt";"0140";;"000019";"Möckern, Stegelitz, Heimatstube ""Zum Dorfkrug"", Burger Straße 18";"U";305;183;3;180;54;69;10;11;6;13;4;0;1;1;0;2;9;0;0;4;179;67;59;10;17;4;3;9;;;;;;4;;;6
"006";"Burg";"15086";"Jerichower Land";"15086140";"Möckern, Stadt";"0140";;"000020";"Möckern, Stresow, Gemeindezentrum, Bahnhofstraße 7";"U";88;58;0;58;3;49;2;1;2;0;0;0;0;0;0;1;0;0;0;0;58;4;48;1;1;3;0;0;;;;;;0;;;1
"006";"Burg";"15086";"Jerichower Land";"15086140";"Möckern, Stadt";"0140";;"000021";"Möckern, Theeßen, Multifunktionales Zentrum, Am Bahnhof 4 a";"U";421;269;3;266;48;139;19;7;4;17;8;0;4;0;1;1;16;0;2;1;268;55;137;23;9;7;9;9;;;;;;13;;;6
"006";"Burg";"15086";"Jerichower Land";"15086140";"Möckern, Stadt";"0140";;"000022";"Möckern, Tryppehna, Dorfgemeinschaftshaus, Ziepler Weg 1";"U";171;103;0;103;18;51;6;7;4;9;2;0;0;1;0;0;5;0;0;0;103;18;48;7;8;6;4;5;;;;;;3;;;4
"006";"Burg";"15086";"Jerichower Land";"15086140";"Möckern, Stadt";"0140";;"000023";"Möckern, Wallwitz, Dorfgemeinschaftshaus, August-Bebel-Straße 37";"U";145;106;1;105;24;59;2;6;1;3;4;2;1;1;0;0;2;0;0;2;104;27;57;0;6;1;1;7;;;;;;4;;;1
"006";"Burg";"15086";"Jerichower Land";"15086140";"Möckern, Stadt";"0140";;"000024";"Möckern, Wörmlitz, Grundschule, Platz der Jugend 1";"U";348;246;1;245;46;104;28;15;9;19;3;1;1;1;0;1;15;0;2;2;244;61;99;27;19;6;4;10;;;;;;14;;;4
"006";"Burg";"15086";"Jerichower Land";"15086140";"Möckern, Stadt";"0140";;"000025";"Möckern, Wüstenjerichow, Gemeindehaus, Dorfstraße 14";"U";88;64;3;61;9;36;2;4;0;1;1;0;1;0;0;1;6;0;0;3;61;15;36;1;4;0;1;1;;;;;;3;;;0
"006";"Burg";"15086";"Jerichower Land";"15086140";"Möckern, Stadt";"0140";;"000026";"Möckern, Zeddenick, Dorfgemeinschaftshaus, Schulstraße 5";"U";92;69;2;67;8;26;10;11;1;8;2;0;0;0;0;0;1;0;0;1;68;14;26;10;3;3;8;3;;;;;;0;;;1
"006";"Burg";"15086";"Jerichower Land";"15086140";"Möckern, Stadt";"0140";;"000027";"Möckern, Zeppernick, Bürgerhaus, Loburger Straße 27 a";"U";451;275;1;274;45;171;7;13;5;12;4;0;0;0;3;0;14;0;0;1;274;53;166;14;5;6;6;6;;;;;;11;;;7
"006";"Burg";"15086";"Jerichower Land";"15086140";"Möckern, Stadt";"0140";;"000028";"Möckern, Ziepel, Gemeindezentrum, Straße der DSF 1";"U";414;270;4;266;39;147;19;13;7;15;1;0;2;2;0;0;16;2;3;3;267;56;142;24;8;5;9;5;;;;;;13;;;5
"006";"Burg";"15086";"Jerichower Land";"15086140";"Möckern, Stadt";"0140";;"000029";"Briefwahlbezirk Möckern 1, Burg, Bahnhofstraße 9";"B";0;1026;13;1013;234;277;99;119;44;95;31;1;12;12;2;3;79;3;2;12;1014;271;259;117;109;53;37;51;;;;;;64;;;53
"006";"Burg";"15086";"Jerichower Land";"15086140";"Möckern, Stadt";"0140";;"000030";"Briefwahlbezirk Möckern 2, Burg, Bahnhofstraße 9";"B";0;987;7;980;211;344;98;113;35;75;21;1;5;4;1;7;55;5;5;9;978;256;333;105;93;29;42;40;;;;;;45;;;35
"006";"Burg";"15086";"Jerichower Land";"15086145";"Möser";"0145";;"000001";"Möser, Hohenwarthe, Infopunkt, Hauptstraße 47";"U";1157;652;5;647;123;330;30;43;18;56;10;0;7;1;1;2;20;2;4;6;646;137;331;36;53;13;22;28;;;;;;15;;;11
"006";"Burg";"15086";"Jerichower Land";"15086145";"Möser";"0145";;"000002";"Möser, Körbelitz, Feuerwehrgerätehaus, Lindenweg 1";"U";350;224;3;221;30;130;14;14;6;15;0;1;0;0;0;1;10;0;0;4;220;45;123;13;12;5;6;10;;;;;;6;;;0
"006";"Burg";"15086";"Jerichower Land";"15086145";"Möser";"0145";;"000003";"Möser, Lostau, Sporthalle, Am Sportpark 2";"U";1736;927;6;921;170;429;44;71;17;85;26;1;8;6;1;5;47;4;7;5;922;203;433;61;78;20;34;45;;;;;;33;;;15
"006";"Burg";"15086";"Jerichower Land";"15086145";"Möser";"0145";;"000005";"Möser, Pietzpuhl, Kavaliershaus, Schloßstraße 3";"U";194;124;3;121;23;44;16;16;1;10;1;0;3;0;0;0;5;0;2;2;122;28;40;13;12;3;8;10;;;;;;6;;;2
"006";"Burg";"15086";"Jerichower Land";"15086145";"Möser";"0145";;"000006";"Möser, Schermen, Gaststätte ""Zur Grünen Tanne"", Chausseestraße 14";"U";1162;740;4;736;88;398;56;58;16;41;17;0;14;2;2;4;33;2;5;4;736;109;388;64;62;21;9;35;;;;;;27;;;21
"006";"Burg";"15086";"Jerichower Land";"15086145";"Möser";"0145";;"000007";"Briefwahlbezirk Möser 1, Burg, Bahnhofstraße 9";"B";0;1096;4;1092;287;259;83;147;43;131;23;0;9;4;3;8;86;3;6;3;1093;321;253;120;139;38;58;55;;;;;;58;;;51
"006";"Burg";"15086";"Jerichower Land";"15086145";"Möser";"0145";;"000008";"Briefwahlbezirk Möser 2, Burg, Bahnhofstraße 9";"B";0;1041;4;1037;306;224;85;140;43;119;26;2;16;4;2;4;59;0;7;4;1037;359;204;113;118;39;55;76;;;;;;45;;;28
"006";"Burg";"15086";"Jerichower Land";"15086145";"Möser";"0145";;"000041";"Möser, Bürgerzentrum, Rudolf-Breitscheid-Weg 24";"U";1164;596;18;578;89;247;50;63;17;51;11;0;8;1;1;2;36;1;1;19;577;105;243;68;62;19;17;26;;;;;;24;;;13
"006";"Burg";"15086";"Jerichower Land";"15086145";"Möser";"0145";;"000042";"Möser, Grundschule, Gartenstraße 27";"U";1206;601;6;595;74;300;47;54;13;64;10;0;7;0;2;1;19;2;2;6;595;113;289;52;63;7;25;26;;;;;;13;;;7
"007";"Haldensleben";"15083";"Börde";"15083020";"Altenhausen";"5052";"Flechtingen";"020001";"Altenhausen OT Altenhausen";"U";253;163;2;161;28;73;14;13;3;13;1;2;1;1;2;0;10;0;0;3;160;46;71;9;14;3;7;;;;;;;10;;;
"007";"Haldensleben";"15083";"Börde";"15083020";"Altenhausen";"5052";"Flechtingen";"020002";"Altenhausen OT Emden";"U";265;173;3;170;29;76;18;22;3;5;2;0;2;5;1;1;5;0;1;3;170;52;75;19;14;5;2;;;;;;;3;;;
"007";"Haldensleben";"15083";"Börde";"15083020";"Altenhausen";"5052";"Flechtingen";"020003";"Altenhausen OT Ivenrode";"U";329;230;0;230;41;126;11;14;4;12;2;1;1;0;0;2;16;0;0;2;228;54;120;19;13;6;2;;;;;;;14;;;
"007";"Haldensleben";"15083";"Börde";"15083020";"Altenhausen";"5052";"Flechtingen";"020999";"Briefwahl Altenhausen";"B";0;129;0;129;24;39;17;20;3;10;0;0;4;2;1;1;8;0;0;0;129;44;38;13;18;2;5;;;;;;;9;;;
"007";"Haldensleben";"15083";"Börde";"15083060";"Beendorf";"5052";"Flechtingen";"060001";"Beendorf";"U";675;424;5;419;72;223;23;29;9;16;8;1;2;1;3;2;29;0;1;4;420;125;214;26;16;9;9;;;;;;;21;;;
"007";"Haldensleben";"15083";"Börde";"15083060";"Beendorf";"5052";"Flechtingen";"060999";"Briefwahl Beendorf";"B";0;99;1;98;24;35;8;12;1;7;1;0;0;0;0;3;7;0;0;1;98;34;35;7;9;1;3;;;;;;;9;;;
"007";"Haldensleben";"15083";"Börde";"15083115";"Bülstringen";"5052";"Flechtingen";"115001";"Bülstringen";"U";574;408;6;402;77;215;16;35;9;10;10;1;2;0;2;4;21;0;0;6;402;140;204;8;20;10;2;;;;;;;18;;;
"007";"Haldensleben";"15083";"Börde";"15083115";"Bülstringen";"5052";"Flechtingen";"115002";"Bülstringen OT Wieglitz";"U";126;104;1;103;29;39;10;10;5;4;0;0;0;1;0;0;4;1;0;1;103;41;37;7;8;3;3;;;;;;;4;;;
"007";"Haldensleben";"15083";"Börde";"15083115";"Bülstringen";"5052";"Flechtingen";"115999";"Briefwahl Bülstringen";"B";0;88;0;88;21;22;6;16;6;6;1;0;4;0;0;2;4;0;0;0;88;46;20;3;4;5;3;;;;;;;7;;;
"007";"Haldensleben";"15083";"Börde";"15083125";"Calvörde";"5052";"Flechtingen";"125001";"Calvörde OT Flecken Calvörde";"U";1296;742;14;728;130;374;53;52;9;29;7;2;12;4;9;2;39;2;4;17;725;210;360;50;48;10;9;;;;;;;38;;;
"007";"Haldensleben";"15083";"Börde";"15083125";"Calvörde";"5052";"Flechtingen";"125002";"Calvörde OT Berenbrock + Lössewitz + Elsebeck";"U";195;112;0;112;15;62;9;7;3;6;0;0;1;0;0;0;8;0;1;1;111;22;62;6;11;1;4;;;;;;;5;;;
"007";"Haldensleben";"15083";"Börde";"15083125";"Calvörde";"5052";"Flechtingen";"125003";"Calvörde OT Klüden";"U";208;162;0;162;27;93;5;15;2;10;1;0;1;1;0;0;7;0;0;0;162;45;90;8;11;1;2;;;;;;;5;;;
"007";"Haldensleben";"15083";"Börde";"15083125";"Calvörde";"5052";"Flechtingen";"125004";"Calvörde OT Mannhausen";"U";196;136;1;135;25;62;12;17;3;2;2;0;1;2;0;1;8;0;0;0;136;46;60;10;12;3;1;;;;;;;4;;;
"007";"Haldensleben";"15083";"Börde";"15083125";"Calvörde";"5052";"Flechtingen";"125005";"Calvörde OT Velsdorf";"U";139;96;0;96;17;32;25;10;1;1;3;0;1;0;0;1;5;0;0;1;95;40;30;15;7;0;0;;;;;;;3;;;
"007";"Haldensleben";"15083";"Börde";"15083125";"Calvörde";"5052";"Flechtingen";"125006";"Calvörde OT Wegenstedt + Grauingen";"U";373;236;2;234;45;116;17;16;8;13;0;0;2;0;1;1;14;1;0;2;234;80;108;15;9;6;4;;;;;;;12;;;
"007";"Haldensleben";"15083";"Börde";"15083125";"Calvörde";"5052";"Flechtingen";"125007";"Calvörde OT Zobbenitz";"U";207;157;2;155;25;83;12;4;5;12;2;0;0;2;0;0;8;0;2;3;154;42;79;15;4;4;5;;;;;;;5;;;
"007";"Haldensleben";"15083";"Börde";"15083125";"Calvörde";"5052";"Flechtingen";"125008";"Calvörde OT Dorst";"U";117;80;0;80;16;40;3;1;2;4;4;0;4;0;0;1;5;0;0;1;79;23;43;2;4;1;0;;;;;;;6;;;
"007";"Haldensleben";"15083";"Börde";"15083125";"Calvörde";"5052";"Flechtingen";"125999";"Briefwahl Calvörde";"B";0;434;3;431;104;144;30;52;9;30;3;1;5;4;0;4;41;0;4;2;432;178;130;26;34;9;11;;;;;;;44;;;
"007";"Haldensleben";"15083";"Börde";"15083190";"Eilsleben";"5053";"Obere Aller";"190001";"001 Eilsleben";"U";1717;949;14;935;157;452;76;79;17;44;9;1;12;5;4;9;67;2;1;11;938;257;449;67;63;29;18;;;;;;;55;;;
"007";"Haldensleben";"15083";"Börde";"15083190";"Eilsleben";"5053";"Obere Aller";"190002";"002 Wormsdorf";"U";402;229;2;227;48;105;16;24;4;6;1;0;2;1;0;1;19;0;0;3;226;70;103;11;21;4;3;;;;;;;14;;;
"007";"Haldensleben";"15083";"Börde";"15083190";"Eilsleben";"5053";"Obere Aller";"190003";"003 Ovelgünne/Siegersleben";"U";251;172;3;169;24;93;10;6;4;9;2;0;1;5;2;0;11;1;1;3;169;37;95;11;4;6;4;;;;;;;12;;;
"007";"Haldensleben";"15083";"Börde";"15083190";"Eilsleben";"5053";"Obere Aller";"190004";"004 Druxberge";"U";299;211;5;206;29;106;12;29;3;12;2;0;3;0;0;0;10;0;0;5;206;39;108;17;23;3;8;;;;;;;8;;;
"007";"Haldensleben";"15083";"Börde";"15083190";"Eilsleben";"5053";"Obere Aller";"190005";"005 Drackenstedt";"U";297;186;1;185;33;75;15;19;8;11;1;0;3;1;1;0;18;0;0;0;186;44;80;17;16;9;3;;;;;;;17;;;
"007";"Haldensleben";"15083";"Börde";"15083190";"Eilsleben";"5053";"Obere Aller";"190999";"Briefwahl Eilsleben";"B";0;590;2;588;157;147;61;77;18;55;10;0;7;1;0;2;51;1;1;2;588;229;135;53;66;15;30;;;;;;;60;;;
"007";"Haldensleben";"15083";"Börde";"15083205";"Erxleben";"5052";"Flechtingen";"205001";"Erxleben";"U";966;624;8;616;80;350;42;41;7;29;4;1;15;4;1;7;32;1;2;10;614;147;358;35;30;15;9;;;;;;;20;;;
"007";"Haldensleben";"15083";"Börde";"15083205";"Erxleben";"5052";"Flechtingen";"205002";"Erxleben OT Bregenstedt";"U";393;275;5;270;40;120;31;25;6;19;2;0;8;1;0;1;16;0;1;11;264;74;124;26;17;4;5;;;;;;;14;;;
"007";"Haldensleben";"15083";"Börde";"15083205";"Erxleben";"5052";"Flechtingen";"205003";"Erxleben OT Klein Bartensleben + Groß Bartensleben";"U";238;163;3;160;26;87;10;10;4;7;1;1;1;0;1;1;11;0;0;2;161;37;89;9;9;4;4;;;;;;;9;;;
"007";"Haldensleben";"15083";"Börde";"15083205";"Erxleben";"5052";"Flechtingen";"205004";"Erxleben OT Hakenstedt + Groppendorf";"U";365;241;7;234;47;117;18;17;5;14;3;1;1;0;0;3;8;0;0;7;234;76;115;19;11;2;4;;;;;;;7;;;
"007";"Haldensleben";"15083";"Börde";"15083205";"Erxleben";"5052";"Flechtingen";"205005";"Erxleben OT Uhrsleben";"U";307;195;0;195;12;115;12;18;3;12;3;0;6;3;0;0;11;0;0;0;195;35;112;13;12;7;6;;;;;;;10;;;
"007";"Haldensleben";"15083";"Börde";"15083205";"Erxleben";"5052";"Flechtingen";"205999";"Briefwahl Erxleben";"B";0;341;0;341;95;86;40;39;5;29;4;0;4;1;2;3;32;1;0;0;341;143;87;34;30;11;7;;;;;;;29;;;
"007";"Haldensleben";"15083";"Börde";"15083230";"Flechtingen";"5052";"Flechtingen";"230001";"Flechtingen OT Flechtingen";"U";1396;813;6;807;162;380;50;65;17;55;15;0;4;4;2;4;47;0;2;9;804;275;368;45;50;18;11;;;;;;;37;;;
"007";"Haldensleben";"15083";"Börde";"15083230";"Flechtingen";"5052";"Flechtingen";"230002";"Flechtingen OT Behnsdorf";"U";449;330;4;326;48;157;15;41;6;28;1;1;5;1;1;2;18;1;1;5;325;112;158;14;21;2;5;;;;;;;13;;;
"007";"Haldensleben";"15083";"Börde";"15083230";"Flechtingen";"5052";"Flechtingen";"230003";"Flechtingen OT Belsdorf";"U";142;85;0;85;24;40;0;6;2;3;2;0;0;0;0;0;8;0;0;0;85;32;40;1;4;1;2;;;;;;;5;;;
"007";"Haldensleben";"15083";"Börde";"15083230";"Flechtingen";"5052";"Flechtingen";"230004";"Flechtingen OT Böddensell";"U";180;109;1;108;19;60;6;8;4;2;0;0;2;1;1;0;4;0;1;1;108;28;60;5;7;3;2;;;;;;;3;;;
"007";"Haldensleben";"15083";"Börde";"15083230";"Flechtingen";"5052";"Flechtingen";"230999";"Briefwahl Flechtingen";"B";0;402;2;400;106;104;42;51;6;56;7;0;4;1;1;1;20;1;0;2;400;186;96;34;47;5;8;;;;;;;24;;;
"007";"Haldensleben";"15083";"Börde";"15083270";"Haldensleben, Stadt";"0270";;"270001";"001 Rathaus Sitzungssaal";"U";1542;883;6;877;131;403;74;69;22;93;7;0;8;6;1;3;56;0;4;4;879;279;386;66;55;20;27;;;;;;;46;;;
"007";"Haldensleben";"15083";"Börde";"15083270";"Haldensleben, Stadt";"0270";;"270002";"002 Grundschule Otto Boye";"U";1627;919;14;905;145;452;71;65;25;70;9;1;13;4;5;6;38;1;0;15;904;285;439;61;53;20;15;;;;;;;31;;;
"007";"Haldensleben";"15083";"Börde";"15083270";"Haldensleben, Stadt";"0270";;"270003";"003 KulturFabrik Haldensleben";"U";1702;911;14;897;114;467;97;82;7;62;6;1;8;2;4;5;38;1;3;13;898;191;461;102;81;10;14;;;;;;;39;;;
"007";"Haldensleben";"15083";"Börde";"15083270";"Haldensleben, Stadt";"0270";;"270004";"004 Grundschule Gebrüder Alstein";"U";1354;734;11;723;108;353;54;73;20;43;9;1;11;7;1;6;33;2;2;14;720;166;352;64;64;24;14;;;;;;;36;;;
"007";"Haldensleben";"15083";"Börde";"15083270";"Haldensleben, Stadt";"0270";;"270005";"005 Kreisvolkshochschule";"U";1636;958;10;948;167;461;76;78;13;60;7;0;13;10;1;6;53;1;2;11;947;270;452;58;70;22;27;;;;;;;48;;;
"007";"Haldensleben";"15083";"Börde";"15083270";"Haldensleben, Stadt";"0270";;"270006";"006 Grundschule Erich Kästner";"U";1147;560;2;558;81;307;44;40;9;14;5;1;10;3;4;1;39;0;0;6;554;112;302;53;39;7;8;;;;;;;33;;;
"007";"Haldensleben";"15083";"Börde";"15083270";"Haldensleben, Stadt";"0270";;"270007";"007 Johanne-Nathusius-Schule";"U";978;510;7;503;98;206;37;52;26;36;1;1;6;4;1;1;34;0;0;6;504;167;202;36;44;22;12;;;;;;;21;;;
"007";"Haldensleben";"15083";"Börde";"15083270";"Haldensleben, Stadt";"0270";;"270008";"008 Berufsbildende Schulen";"U";1407;725;10;715;116;395;47;55;15;28;10;0;4;4;2;2;35;0;2;12;713;168;394;45;50;20;6;;;;;;;30;;;
"007";"Haldensleben";"15083";"Börde";"15083270";"Haldensleben, Stadt";"0270";;"270009";"009 Alte Fabrik, Goethesaal";"U";833;482;6;476;75;268;35;30;2;18;3;1;7;3;0;3;29;0;2;5;477;108;274;30;27;4;8;;;;;;;26;;;
"007";"Haldensleben";"15083";"Börde";"15083270";"Haldensleben, Stadt";"0270";;"270010";"010 Feuerwehrgerätehaus Satuelle";"U";319;210;3;207;31;92;13;28;5;10;9;0;4;2;3;0;9;0;1;6;204;65;89;12;17;5;2;;;;;;;14;;;
"007";"Haldensleben";"15083";"Börde";"15083270";"Haldensleben, Stadt";"0270";;"270011";"011 Dorfgemeinschaftshaus Wedringen";"U";464;311;3;308;50;192;20;10;7;7;2;0;6;1;2;2;8;0;1;3;308;81;188;14;7;8;3;;;;;;;7;;;
"007";"Haldensleben";"15083";"Börde";"15083270";"Haldensleben, Stadt";"0270";;"270012";"012 Feuerwehrgerätehaus Uthmöden";"U";361;242;2;240;38;137;17;15;6;13;2;0;2;1;1;0;8;0;0;3;239;62;132;15;15;5;2;;;;;;;8;;;
"007";"Haldensleben";"15083";"Börde";"15083270";"Haldensleben, Stadt";"0270";;"270013";"013 Bürgerhaus (Jugendclub) Hundisburg";"U";672;414;8;406;62;214;32;33;9;21;2;0;2;3;0;0;24;3;1;3;411;108;216;29;20;12;5;;;;;;;21;;;
"007";"Haldensleben";"15083";"Börde";"15083270";"Haldensleben, Stadt";"0270";;"270014";"014 Sporthalle Süplingen, Clubraum";"U";689;448;0;448;65;226;32;38;13;24;4;0;2;3;1;2;38;0;0;1;447;119;221;28;26;11;8;;;;;;;34;;;
"007";"Haldensleben";"15083";"Börde";"15083270";"Haldensleben, Stadt";"0270";;"270997";"Briefwahlbezirk B15 (Briefwahl I-V)";"B";0;1601;8;1593;451;351;155;235;66;163;19;2;20;15;7;5;92;6;6;12;1589;767;329;101;182;55;58;;;;;;;97;;;
"007";"Haldensleben";"15083";"Börde";"15083270";"Haldensleben, Stadt";"0270";;"270998";"Briefwahlbezirk B16 (Briefwahl VI-IX)";"B";0;792;9;783;235;203;81;123;14;66;2;0;5;7;0;3;43;0;1;8;784;334;193;74;115;9;20;;;;;;;39;;;
"007";"Haldensleben";"15083";"Börde";"15083270";"Haldensleben, Stadt";"0270";;"270999";"Briefwahlbezirk B 17 (Briefwahl X-XIV)";"B";0;463;0;463;110;149;55;50;11;32;7;0;9;6;1;1;32;0;0;3;460;171;143;41;43;16;15;;;;;;;31;;;
"007";"Haldensleben";"15083";"Börde";"15083275";"Harbke";"5053";"Obere Aller";"275001";"001 Harbke";"U";1126;745;7;738;122;347;42;91;14;35;10;1;12;8;2;7;45;2;0;7;738;189;359;41;73;16;17;;;;;;;43;;;
"007";"Haldensleben";"15083";"Börde";"15083275";"Harbke";"5053";"Obere Aller";"275999";"Briefwahl Harbke";"B";0;145;9;136;48;42;9;14;4;9;0;0;1;1;0;0;8;0;0;9;136;57;41;9;14;5;2;;;;;;;8;;;
"007";"Haldensleben";"15083";"Börde";"15083320";"Hötensleben";"5053";"Obere Aller";"320001";"001 Hötensleben";"U";1538;890;10;880;166;450;66;69;13;52;6;0;4;3;2;5;42;1;1;10;880;211;449;74;76;15;18;;;;;;;37;;;
"007";"Haldensleben";"15083";"Börde";"15083320";"Hötensleben";"5053";"Obere Aller";"320002";"002 Barneberg";"U";483;306;2;304;41;182;18;21;8;5;4;0;6;2;1;0;14;0;2;3;303;58;186;21;15;9;2;;;;;;;12;;;
"007";"Haldensleben";"15083";"Börde";"15083320";"Hötensleben";"5053";"Obere Aller";"320003";"003 Ohrsleben";"U";245;158;1;157;26;95;10;12;1;6;0;3;0;1;0;0;2;1;0;1;157;35;97;10;8;3;3;;;;;;;1;;;
"007";"Haldensleben";"15083";"Börde";"15083320";"Hötensleben";"5053";"Obere Aller";"320004";"004 Wackersleben";"U";520;295;3;292;55;152;20;16;7;8;2;0;4;2;0;2;21;3;0;3;292;71;155;22;14;10;0;;;;;;;20;;;
"007";"Haldensleben";"15083";"Börde";"15083320";"Hötensleben";"5053";"Obere Aller";"320999";"Briefwahl Hötensleben";"B";0;464;1;463;121;128;55;69;11;25;8;0;10;4;1;3;26;0;2;5;459;143;128;65;67;18;13;;;;;;;25;;;
"007";"Haldensleben";"15083";"Börde";"15083323";"Ingersleben";"5052";"Flechtingen";"323001";"Ingersleben OT Alleringersleben";"U";284;203;2;201;23;109;15;15;1;13;4;0;3;1;0;1;13;0;3;3;200;40;112;17;15;8;2;;;;;;;6;;;
"007";"Haldensleben";"15083";"Börde";"15083323";"Ingersleben";"5052";"Flechtingen";"323002";"Ingersleben OT Eimersleben";"U";326;222;5;217;31;108;7;24;9;14;13;0;4;3;0;2;2;0;0;7;215;60;111;13;12;9;4;;;;;;;6;;;
"007";"Haldensleben";"15083";"Börde";"15083323";"Ingersleben";"5052";"Flechtingen";"323003";"Ingersleben OT Morsleben";"U";251;176;1;175;29;110;5;9;3;3;2;0;2;2;0;0;9;1;0;3;173;46;101;7;7;3;1;;;;;;;8;;;
"007";"Haldensleben";"15083";"Börde";"15083323";"Ingersleben";"5052";"Flechtingen";"323004";"Ingersleben OT Ostingersleben";"U";177;121;2;119;22;69;2;8;1;7;5;0;0;0;0;0;5;0;0;1;120;35;66;3;8;3;0;;;;;;;5;;;
"007";"Haldensleben";"15083";"Börde";"15083323";"Ingersleben";"5052";"Flechtingen";"323999";"Briefwahl Ingersleben";"B";0;109;0;109;37;29;9;10;5;8;1;1;2;2;0;0;5;0;0;0;109;51;27;4;17;5;1;;;;;;;4;;;
"007";"Haldensleben";"15083";"Börde";"15083390";"Niedere Börde";"0390";;"390001";"01 Dahlenwarsleben";"U";705;428;1;427;65;261;23;15;12;23;5;0;4;2;0;1;16;0;0;1;427;94;260;18;20;11;10;;;;;;;14;;;
"007";"Haldensleben";"15083";"Börde";"15083390";"Niedere Börde";"0390";;"390002";"02 Gersdorf";"U";316;214;1;213;25;128;10;16;9;12;2;0;1;3;0;0;6;0;1;2;212;42;126;10;13;9;5;;;;;;;7;;;
"007";"Haldensleben";"15083";"Börde";"15083390";"Niedere Börde";"0390";;"390003";"03 Groß Ammensleben";"U";933;576;5;571;93;305;43;42;13;29;3;0;7;6;0;4;23;1;2;3;573;140;310;47;30;10;12;;;;;;;24;;;
"007";"Haldensleben";"15083";"Börde";"15083390";"Niedere Börde";"0390";;"390004";"04 Gutenswegen";"U";495;330;9;321;47;149;36;35;4;12;1;1;7;1;0;1;27;0;0;7;323;101;150;31;18;4;3;;;;;;;16;;;
"007";"Haldensleben";"15083";"Börde";"15083390";"Niedere Börde";"0390";;"390005";"05 Jersleben";"U";526;372;4;368;55;196;23;27;10;21;7;0;6;0;1;2;18;0;2;7;365;74;199;25;33;10;7;;;;;;;17;;;
"007";"Haldensleben";"15083";"Börde";"15083390";"Niedere Börde";"0390";;"390006";"06 Klein Ammensleben";"U";535;330;0;330;39;147;29;35;5;34;8;0;3;4;0;1;23;2;0;1;329;97;144;22;29;4;11;;;;;;;22;;;
"007";"Haldensleben";"15083";"Börde";"15083390";"Niedere Börde";"0390";;"390007";"07 Meseberg";"U";282;207;2;205;35;112;9;17;2;8;5;0;3;0;2;2;9;1;0;3;204;46;117;10;11;2;9;;;;;;;9;;;
"007";"Haldensleben";"15083";"Börde";"15083390";"Niedere Börde";"0390";;"390008";"08 Samswegen";"U";1390;807;9;798;109;452;59;53;12;35;6;1;11;9;1;10;38;2;0;10;797;164;446;63;47;18;17;;;;;;;42;;;
"007";"Haldensleben";"15083";"Börde";"15083390";"Niedere Börde";"0390";;"390009";"09 Vahldorf";"U";343;243;2;241;31;109;23;26;9;14;1;1;3;2;0;3;19;0;0;2;241;62;106;19;25;8;4;;;;;;;17;;;
"007";"Haldensleben";"15083";"Börde";"15083390";"Niedere Börde";"0390";;"390999";"Briefwahl Niedere Börde";"B";0;1156;7;1149;273;321;102;162;37;111;12;3;15;5;2;5;92;3;6;15;1141;418;303;98;140;28;48;;;;;;;106;;;
"007";"Haldensleben";"15083";"Börde";"15083485";"Sommersdorf";"5053";"Obere Aller";"485001";"001 Sommersdorf";"U";323;218;3;215;50;110;15;17;3;6;0;1;4;1;0;0;7;0;1;5;213;55;114;17;16;3;5;;;;;;;3;;;
"007";"Haldensleben";"15083";"Börde";"15083485";"Sommersdorf";"5053";"Obere Aller";"485002";"002 Sommerschenburg";"U";407;277;0;277;38;159;12;23;5;14;0;0;6;3;1;4;12;0;0;0;277;60;160;12;19;6;9;;;;;;;11;;;
"007";"Haldensleben";"15083";"Börde";"15083485";"Sommersdorf";"5053";"Obere Aller";"485003";"003 Marienborn";"U";358;214;1;213;34;124;16;12;3;10;1;0;0;0;0;0;13;0;0;4;210;45;123;15;12;2;3;;;;;;;10;;;
"007";"Haldensleben";"15083";"Börde";"15083485";"Sommersdorf";"5053";"Obere Aller";"485999";"Briefwahl Sommersdorf";"B";0;163;0;163;31;48;15;23;4;18;0;0;2;2;4;1;15;0;0;0;163;51;47;13;18;4;14;;;;;;;16;;;
"007";"Haldensleben";"15083";"Börde";"15083505";"Ummendorf";"5053";"Obere Aller";"505001";"001 Ummendorf";"U";751;467;2;465;77;241;32;28;10;26;5;0;9;2;4;8;21;0;2;3;464;129;233;35;27;12;8;;;;;;;20;;;
"007";"Haldensleben";"15083";"Börde";"15083505";"Ummendorf";"5053";"Obere Aller";"505999";"Briefwahl Ummendorf";"B";0;149;0;149;55;46;9;14;2;11;0;0;2;1;0;1;8;0;0;2;147;63;44;9;18;3;4;;;;;;;6;;;
"007";"Haldensleben";"15083";"Börde";"15083515";"Völpke";"5053";"Obere Aller";"515001";"001 Völpke";"U";697;417;5;412;47;244;23;39;6;13;5;0;4;0;2;1;27;0;1;3;414;75;247;21;30;7;3;;;;;;;31;;;
"007";"Haldensleben";"15083";"Börde";"15083515";"Völpke";"5053";"Obere Aller";"515002";"002 Badeleben";"U";261;177;1;176;32;104;11;10;0;4;0;0;2;1;0;3;7;1;1;2;175;36;108;12;11;2;1;;;;;;;5;;;
"007";"Haldensleben";"15083";"Börde";"15083515";"Völpke";"5053";"Obere Aller";"515999";"Briefwahl Völpke";"B";0;140;0;140;30;38;18;22;8;5;2;0;0;1;0;2;9;1;4;0;140;48;38;18;22;3;3;;;;;;;8;;;
"007";"Haldensleben";"15083";"Börde";"15083535";"Wefensleben";"5053";"Obere Aller";"535001";"001 Wefensleben";"U";1331;797;9;788;139;413;63;57;12;36;6;1;6;1;0;1;51;0;2;8;789;188;415;71;51;11;16;;;;;;;37;;;
"007";"Haldensleben";"15083";"Börde";"15083535";"Wefensleben";"5053";"Obere Aller";"535999";"Briefwahl Wefensleben";"B";0;234;2;232;51;73;30;31;7;16;1;0;3;0;0;1;17;1;1;4;230;72;70;25;30;6;11;;;;;;;16;;;
"008";"Wolmirstedt";"15083";"Börde";"15083030";"Angern";"5051";"Elbe-Heide";"030001";"01 Angern";"U";969;613;8;605;102;283;51;43;11;43;11;1;3;2;1;2;51;0;1;6;607;158;278;54;31;10;13;;;;;;;57;;;6
"008";"Wolmirstedt";"15083";"Börde";"15083030";"Angern";"5051";"Elbe-Heide";"030002";"02 Angern OT Bertingen";"U";125;83;2;81;14;31;12;7;1;12;0;0;0;1;0;0;3;0;0;2;81;22;30;12;7;1;4;;;;;;;3;;;2
"008";"Wolmirstedt";"15083";"Börde";"15083030";"Angern";"5051";"Elbe-Heide";"030003";"03 Angern OT Mahlwinkel";"U";406;296;3;293;46;176;17;12;4;14;3;0;3;2;0;0;15;0;1;3;293;60;171;22;13;5;4;;;;;;;15;;;3
"008";"Wolmirstedt";"15083";"Börde";"15083030";"Angern";"5051";"Elbe-Heide";"030004";"04 Angern OT Wenddorf";"U";72;59;1;58;11;27;6;7;1;3;1;0;0;0;0;0;2;0;0;1;58;16;28;7;3;0;1;;;;;;;2;;;1
"008";"Wolmirstedt";"15083";"Börde";"15083030";"Angern";"5051";"Elbe-Heide";"030999";"Briefwahl Angern";"B";0;291;1;290;62;80;34;26;15;28;2;1;3;3;1;0;31;1;3;2;289;77;81;48;17;11;11;;;;;;;39;;;5
"008";"Wolmirstedt";"15083";"Börde";"15083040";"Barleben";"0040";;"040001";"KiTa Barleben";"U";1750;891;10;881;129;468;43;50;23;84;11;1;8;5;1;4;50;0;4;8;883;234;462;59;38;25;13;;;;;;;32;;;20
"008";"Wolmirstedt";"15083";"Börde";"15083040";"Barleben";"0040";;"040002";"Mittellandhalle Barleben";"U";1555;855;10;845;131;401;70;64;18;74;9;0;9;7;0;5;46;4;7;12;843;243;392;69;61;21;19;;;;;;;33;;;5
"008";"Wolmirstedt";"15083";"Börde";"15083040";"Barleben";"0040";;"040003";"Verwaltungsamt Barleben";"U";1596;897;8;889;149;441;63;70;23;62;14;1;11;2;3;4;40;3;3;5;892;240;441;63;49;24;23;;;;;;;41;;;11
"008";"Wolmirstedt";"15083";"Börde";"15083040";"Barleben";"0040";;"040004";"Bürgerhaus Ebendorf";"U";1645;991;8;983;141;514;66;70;36;63;13;0;10;9;1;5;50;1;4;9;982;209;513;88;63;29;21;;;;;;;45;;;14
"008";"Wolmirstedt";"15083";"Börde";"15083040";"Barleben";"0040";;"040005";"Dorfgemeinschaftshaus Meitzendorf";"U";1037;695;9;686;98;376;36;45;23;43;9;0;10;2;1;2;34;2;5;10;685;140;376;43;42;25;16;;;;;;;32;;;11
"008";"Wolmirstedt";"15083";"Börde";"15083040";"Barleben";"0040";;"040997";"Briefwahl Barleben III";"B";0;642;4;638;150;149;62;93;26;78;14;0;6;5;1;5;43;1;5;6;636;233;144;69;63;33;32;;;;;;;46;;;16
"008";"Wolmirstedt";"15083";"Börde";"15083040";"Barleben";"0040";;"040998";"Briefwahl Barleben II";"B";0;948;3;945;257;224;79;131;44;98;14;0;15;6;2;11;59;0;5;4;944;412;203;91;91;40;36;;;;;;;50;;;21
"008";"Wolmirstedt";"15083";"Börde";"15083040";"Barleben";"0040";;"040999";"Briefwahl Barleben I";"B";0;615;2;613;158;157;54;81;20;83;5;0;8;3;2;4;38;0;0;2;613;253;150;60;53;25;28;;;;;;;37;;;7
"008";"Wolmirstedt";"15083";"Börde";"15083120";"Burgstall";"5051";"Elbe-Heide";"120001";"01 Burgstall";"U";443;313;10;303;48;160;19;20;6;17;2;1;2;2;2;0;22;1;1;9;304;63;165;29;16;3;7;;;;;;;19;;;2
"008";"Wolmirstedt";"15083";"Börde";"15083120";"Burgstall";"5051";"Elbe-Heide";"120002";"02 Burgstall OT Cröchern";"U";181;146;1;145;19;90;6;11;3;5;1;0;0;1;0;1;7;0;1;0;146;23;91;11;7;2;2;;;;;;;9;;;1
"008";"Wolmirstedt";"15083";"Börde";"15083120";"Burgstall";"5051";"Elbe-Heide";"120003";"03 Burgstall OT Dolle";"U";419;255;3;252;29;155;16;22;3;10;1;0;1;0;0;0;13;0;2;4;251;42;154;21;12;4;5;;;;;;;11;;;2
"008";"Wolmirstedt";"15083";"Börde";"15083120";"Burgstall";"5051";"Elbe-Heide";"120004";"04 Burgstalll OT Sandbeiendorf";"U";158;118;1;117;23;60;8;4;7;4;0;0;1;2;0;0;8;0;0;3;115;26;60;7;5;7;0;;;;;;;9;;;1
"008";"Wolmirstedt";"15083";"Börde";"15083120";"Burgstall";"5051";"Elbe-Heide";"120999";"Briefwahl Burgstall";"B";0;196;2;194;47;62;13;21;8;15;1;0;4;0;0;2;21;0;0;1;195;58;62;17;22;6;5;;;;;;;21;;;4
"008";"Wolmirstedt";"15083";"Börde";"15083130";"Colbitz";"5051";"Elbe-Heide";"130001";"01 Colbitz 1";"U";1077;644;6;638;88;377;38;42;10;26;4;2;3;3;0;0;42;2;1;5;639;112;379;41;43;12;9;;;;;;;41;;;2
"008";"Wolmirstedt";"15083";"Börde";"15083130";"Colbitz";"5051";"Elbe-Heide";"130002";"02 Colbitz 2";"U";904;517;2;515;54;294;45;31;12;27;4;0;3;3;1;2;35;0;4;4;513;71;299;59;30;13;10;;;;;;;29;;;2
"008";"Wolmirstedt";"15083";"Börde";"15083130";"Colbitz";"5051";"Elbe-Heide";"130003";"03 Colbitz OT Lindhorst";"U";791;501;1;500;79;263;37;43;5;37;3;0;4;1;2;2;21;2;1;1;500;118;260;48;26;13;12;;;;;;;13;;;10
"008";"Wolmirstedt";"15083";"Börde";"15083130";"Colbitz";"5051";"Elbe-Heide";"130999";"Briefwahl Colbitz";"B";0;636;2;634;162;182;73;68;23;63;4;3;11;3;1;1;35;2;3;6;630;206;174;83;55;24;23;;;;;;;54;;;11
"008";"Wolmirstedt";"15083";"Börde";"15083298";"Hohe Börde";"0298";;"298001";"001 Ackendorf";"U";283;184;1;183;27;113;11;4;4;5;1;0;2;0;4;1;10;0;1;1;183;29;106;12;9;6;2;;;;;;;14;;;5
"008";"Wolmirstedt";"15083";"Börde";"15083298";"Hohe Börde";"0298";;"298002";"002 Bebertal";"U";1255;706;9;697;102;403;49;48;11;23;4;0;7;4;0;3;39;1;3;6;700;136;411;59;34;11;7;;;;;;;36;;;6
"008";"Wolmirstedt";"15083";"Börde";"15083298";"Hohe Börde";"0298";;"298003";"003 Bornstedt";"U";324;251;2;249;40;137;14;15;3;18;2;0;3;2;0;1;12;2;0;2;249;51;139;13;16;7;8;;;;;;;14;;;1
"008";"Wolmirstedt";"15083";"Börde";"15083298";"Hohe Börde";"0298";;"298004";"004 Eichenbarleben";"U";895;521;3;518;75;295;34;35;7;30;7;0;5;3;2;2;23;0;0;3;518;100;296;33;30;21;8;;;;;;;22;;;8
"008";"Wolmirstedt";"15083";"Börde";"15083298";"Hohe Börde";"0298";;"298005";"005 Groß Santersleben";"U";866;552;9;543;58;334;32;29;6;31;2;1;8;10;2;5;21;1;3;6;546;79;332;46;25;14;15;;;;;;;22;;;13
"008";"Wolmirstedt";"15083";"Börde";"15083298";"Hohe Börde";"0298";;"298006";"006 Hermsdorf";"U";1358;659;7;652;70;399;35;37;18;39;5;0;8;4;5;8;23;1;0;6;653;117;391;42;24;31;5;;;;;;;30;;;13
"008";"Wolmirstedt";"15083";"Börde";"15083298";"Hohe Börde";"0298";;"298007";"007 Hohenwarsleben";"U";1328;786;5;781;113;443;55;54;16;35;7;0;3;2;1;4;45;0;3;8;778;158;439;59;41;24;12;;;;;;;36;;;9
"008";"Wolmirstedt";"15083";"Börde";"15083298";"Hohe Börde";"0298";;"298008";"008 Irxleben I";"U";989;506;8;498;86;229;33;48;14;47;5;0;5;2;0;1;26;0;2;7;499;139;228;30;30;24;23;;;;;;;19;;;6
"008";"Wolmirstedt";"15083";"Börde";"15083298";"Hohe Börde";"0298";;"298009";"009 Irxleben II";"U";974;507;4;503;60;288;31;40;7;37;5;0;2;2;1;3;25;1;1;4;503;87;282;43;34;25;11;;;;;;;19;;;2
"008";"Wolmirstedt";"15083";"Börde";"15083298";"Hohe Börde";"0298";;"298010";"010 Niederndodeleben I";"U";1819;779;8;771;77;458;41;36;27;56;3;2;6;9;2;11;37;1;5;5;774;124;471;59;26;29;20;;;;;;;26;;;19
"008";"Wolmirstedt";"15083";"Börde";"15083298";"Hohe Börde";"0298";;"298011";"011 Niederndodeleben II";"U";1760;792;7;785;98;424;39;40;33;59;9;1;14;7;0;3;54;0;4;8;784;149;422;47;46;36;24;;;;;;;34;;;26
"008";"Wolmirstedt";"15083";"Börde";"15083298";"Hohe Börde";"0298";;"298012";"012 Nordgemersleben";"U";629;400;6;394;58;224;36;26;10;20;1;0;3;1;4;3;8;0;0;6;394;81;222;41;23;14;5;;;;;;;5;;;3
"008";"Wolmirstedt";"15083";"Börde";"15083298";"Hohe Börde";"0298";;"298013";"013 Ochtmersleben";"U";402;287;7;280;40;159;20;16;8;14;5;0;3;4;0;0;11;0;0;8;279;59;161;19;9;16;6;;;;;;;6;;;3
"008";"Wolmirstedt";"15083";"Börde";"15083298";"Hohe Börde";"0298";;"298014";"014 Rottmersleben";"U";570;353;10;343;51;188;22;22;7;22;4;0;8;0;0;0;17;1;1;9;344;80;188;21;23;10;7;;;;;;;14;;;1
"008";"Wolmirstedt";"15083";"Börde";"15083298";"Hohe Börde";"0298";;"298015";"015 Schackensleben";"U";562;351;6;345;37;201;29;27;8;19;1;0;1;2;1;2;17;0;0;5;346;48;204;32;31;12;7;;;;;;;11;;;1
"008";"Wolmirstedt";"15083";"Börde";"15083298";"Hohe Börde";"0298";;"298016";"016 Wellen";"U";1038;613;6;607;77;324;39;46;15;50;2;0;5;8;0;5;29;3;4;9;604;115;325;50;32;15;30;;;;;;;27;;;10
"008";"Wolmirstedt";"15083";"Börde";"15083298";"Hohe Börde";"0298";;"298996";"Hohe Börde Briefwahl WBZ 001 - 005";"B";0;758;4;754;167;247;78;81;36;55;18;0;7;6;2;4;47;3;3;5;753;224;244;86;59;45;20;;;;;;;43;;;32
"008";"Wolmirstedt";"15083";"Börde";"15083298";"Hohe Börde";"0298";;"298997";"Hohe Börde Briefwahl WBZ 006 - 009";"B";0;1416;2;1414;387;359;128;148;70;157;19;1;13;13;2;9;92;4;12;5;1411;492;321;125;126;139;71;;;;;;;91;;;46
"008";"Wolmirstedt";"15083";"Börde";"15083298";"Hohe Börde";"0298";;"298998";"Hohe Börde Briefwahl WBZ 010 - 011";"B";0;1466;6;1460;365;368;133;199;63;187;17;2;15;10;0;8;86;2;5;6;1460;517;343;142;140;96;88;;;;;;;88;;;46
"008";"Wolmirstedt";"15083";"Börde";"15083298";"Hohe Börde";"0298";;"298999";"Hohe Börde Briefwahl WBZ 012 - 016";"B";0;663;1;662;145;212;57;81;29;59;12;1;5;6;0;1;52;1;1;2;661;182;213;60;70;51;19;;;;;;;43;;;23
"008";"Wolmirstedt";"15083";"Börde";"15083361";"Loitsche-Heinrichsberg";"5051";"Elbe-Heide";"361001";"01 Loitsche-Heinrichsberg OT Heinrichsberg";"U";280;198;4;194;29;107;11;7;2;13;3;0;2;0;0;2;17;0;1;1;197;42;108;13;9;2;5;;;;;;;16;;;2
"008";"Wolmirstedt";"15083";"Börde";"15083361";"Loitsche-Heinrichsberg";"5051";"Elbe-Heide";"361002";"02 Loitsche-Heinrichsberg OT Loitsche";"U";481;307;5;302;37;156;20;34;7;21;3;1;1;3;1;0;18;0;0;5;302;55;157;24;32;6;5;;;;;;;18;;;5
"008";"Wolmirstedt";"15083";"Börde";"15083361";"Loitsche-Heinrichsberg";"5051";"Elbe-Heide";"361999";"Briefwahl Loitsche-Heinrichsberg";"B";0;113;0;113;36;29;11;9;3;4;1;0;2;0;1;0;17;0;0;0;113;38;27;11;11;4;4;;;;;;;16;;;2
"008";"Wolmirstedt";"15083";"Börde";"15083440";"Rogätz";"5051";"Elbe-Heide";"440001";"01 Rogätz";"U";1778;1020;6;1014;129;572;68;64;14;50;8;2;9;8;2;6;74;3;5;8;1012;190;569;98;49;13;13;;;;;;;71;;;9
"008";"Wolmirstedt";"15083";"Börde";"15083440";"Rogätz";"5051";"Elbe-Heide";"440999";"Briefwahl Rogätz";"B";0;456;3;453;105;133;46;74;8;46;5;0;4;4;0;0;27;0;1;3;453;151;120;82;28;14;16;;;;;;;35;;;7
"008";"Wolmirstedt";"15083";"Börde";"15083557";"Westheide";"5051";"Elbe-Heide";"557001";"01 Westheide OT Born";"U";182;135;0;135;16;83;11;5;1;6;2;0;4;0;0;0;5;0;2;0;135;22;89;13;2;1;2;;;;;;;3;;;3
"008";"Wolmirstedt";"15083";"Börde";"15083557";"Westheide";"5051";"Elbe-Heide";"557002";"02 Westheide OT Hillersleben 1";"U";276;185;1;184;30;97;12;13;7;7;0;0;0;1;1;1;14;1;0;1;184;36;95;14;15;7;3;;;;;;;12;;;2
"008";"Wolmirstedt";"15083";"Börde";"15083557";"Westheide";"5051";"Elbe-Heide";"557003";"03 Westheide OT Hillersleben 2";"U";323;203;2;201;32;121;6;18;4;8;0;0;3;0;0;0;9;0;0;0;203;44;129;5;12;7;1;;;;;;;5;;;0
"008";"Wolmirstedt";"15083";"Börde";"15083557";"Westheide";"5051";"Elbe-Heide";"557004";"04 Westheide OT Neuenhofe";"U";631;421;6;415;52;226;26;40;9;20;3;1;4;2;0;3;24;2;3;9;412;93;219;33;24;8;7;;;;;;;26;;;2
"008";"Wolmirstedt";"15083";"Börde";"15083557";"Westheide";"5051";"Elbe-Heide";"557999";"Briefwahl Westheide";"B";0;245;1;244;57;64;26;30;8;25;5;0;4;2;0;4;18;1;0;2;243;87;67;29;21;6;10;;;;;;;13;;;10
"008";"Wolmirstedt";"15083";"Börde";"15083565";"Wolmirstedt, Stadt";"0565";;"565001";"WB-WMS J.-Gutenberg-Schule 001";"U";997;543;7;536;80;284;49;29;11;24;8;0;6;6;2;4;27;3;3;5;538;85;289;63;44;11;8;;;;;;;25;;;13
"008";"Wolmirstedt";"15083";"Börde";"15083565";"Wolmirstedt, Stadt";"0565";;"565002";"WB-WMS Sporthalle Harnisch-Schule 002";"U";1193;699;4;695;118;291;51;77;22;69;10;0;8;3;0;5;36;1;4;8;691;202;284;55;57;27;23;;;;;;;33;;;10
"008";"Wolmirstedt";"15083";"Börde";"15083565";"Wolmirstedt, Stadt";"0565";;"565003";"WB-WMS Raststätte B 189";"U";1197;679;8;671;104;314;42;59;18;62;9;1;8;3;1;7;38;2;3;10;669;182;314;46;49;19;17;;;;;;;35;;;7
"008";"Wolmirstedt";"15083";"Börde";"15083565";"Wolmirstedt, Stadt";"0565";;"565004";"WB-WMS Adolph-Diesterweg-Grundschule (1)";"U";1040;518;4;514;62;255;42;52;15;40;4;0;10;2;3;2;23;0;4;4;514;97;257;52;54;14;13;;;;;;;21;;;6
"008";"Wolmirstedt";"15083";"Börde";"15083565";"Wolmirstedt, Stadt";"0565";;"565005";"WB-WMS Adolph-Diesterweg-Grundschule (2)";"U";1035;521;8;513;65;287;42;45;6;32;3;2;7;3;1;0;16;3;1;7;514;93;293;43;42;8;12;;;;;;;16;;;7
"008";"Wolmirstedt";"15083";"Börde";"15083565";"Wolmirstedt, Stadt";"0565";;"565006";"WB-WMS Sporthalle Leibniz-Schule";"U";1190;673;9;664;67;366;50;56;8;43;6;2;12;9;3;2;33;3;4;10;663;103;366;71;53;12;17;;;;;;;32;;;9
"008";"Wolmirstedt";"15083";"Börde";"15083565";"Wolmirstedt, Stadt";"0565";;"565007";"WB-WMS Sportlerheim Elbeu";"U";748;476;8;468;58;250;34;41;9;25;8;0;2;6;3;0;28;0;4;8;468;92;258;38;34;12;4;;;;;;;19;;;11
"008";"Wolmirstedt";"15083";"Börde";"15083565";"Wolmirstedt, Stadt";"0565";;"565008";"WB-WMS Weber´s Hof";"U";722;458;6;452;72;253;15;30;8;31;4;0;5;2;1;5;24;0;2;3;455;106;248;24;28;12;9;;;;;;;22;;;6
"008";"Wolmirstedt";"15083";"Börde";"15083565";"Wolmirstedt, Stadt";"0565";;"565009";"WB-WMS Kita """"Kleine Elbstrolche""""";"U";1102;715;7;708;98;353;46;60;20;64;8;0;8;3;2;8;34;1;3;8;707;180;361;48;34;27;14;;;;;;;35;;;8
"008";"Wolmirstedt";"15083";"Börde";"15083565";"Wolmirstedt, Stadt";"0565";;"565010";"WB-WMS Kulturhaus Mose";"U";261;185;1;184;23;80;17;16;7;13;1;0;4;2;3;1;16;0;1;2;183;40;79;24;17;6;1;;;;;;;14;;;2
"008";"Wolmirstedt";"15083";"Börde";"15083565";"Wolmirstedt, Stadt";"0565";;"565998";"Briefwahl Wolmirstedt 1";"B";0;1001;1;1000;225;247;113;149;41;112;11;0;14;5;2;4;69;0;8;2;999;311;254;135;130;47;33;;;;;;;68;;;21
"008";"Wolmirstedt";"15083";"Börde";"15083565";"Wolmirstedt, Stadt";"0565";;"565999";"Briefwahl Wolmirstedt 2";"B";0;981;14;967;223;246;96;176;33;109;5;1;16;5;1;5;47;1;3;5;976;345;239;107;141;37;36;;;;;;;51;;;20
"008";"Wolmirstedt";"15083";"Börde";"15083580";"Zielitz";"5051";"Elbe-Heide";"580001";"01 Zielitz";"U";1234;743;5;738;113;366;66;67;13;47;3;1;15;6;2;5;31;3;0;4;739;156;370;81;69;17;13;;;;;;;26;;;7
"008";"Wolmirstedt";"15083";"Börde";"15083580";"Zielitz";"5051";"Elbe-Heide";"580002";"02 Zielitz OT Schricke";"U";222;170;3;167;34;93;11;9;3;7;1;0;1;0;0;0;7;0;1;4;166;44;88;14;7;4;3;;;;;;;5;;;1
"008";"Wolmirstedt";"15083";"Börde";"15083580";"Zielitz";"5051";"Elbe-Heide";"580999";"Briefwahl Zielitz";"B";0;274;2;272;69;78;29;33;6;28;2;0;4;4;1;2;11;2;3;2;272;83;78;35;37;8;11;;;;;;;11;;;9
"009";"Oschersleben-Wanzleben";"15083";"Börde";"15083025";"Am Großen Bruch";"5054";"Westliche Börde";"025001";"Gunsleben";"U";177;113;2;111;17;68;7;4;6;3;1;0;0;2;0;0;3;0;0;2;111;20;67;8;4;4;3;;;;;;;5;;;
"009";"Oschersleben-Wanzleben";"15083";"Börde";"15083025";"Am Großen Bruch";"5054";"Westliche Börde";"025002";"Hamersleben";"U";585;390;4;386;64;236;26;20;9;4;3;0;1;5;0;1;17;0;0;3;387;77;235;33;17;11;1;;;;;;;13;;;
"009";"Oschersleben-Wanzleben";"15083";"Börde";"15083025";"Am Großen Bruch";"5054";"Westliche Börde";"025003";"Neuwegersleben";"U";281;189;1;188;31;120;6;7;3;4;3;0;3;1;1;0;9;0;0;4;185;30;122;13;6;2;3;;;;;;;9;;;
"009";"Oschersleben-Wanzleben";"15083";"Börde";"15083025";"Am Großen Bruch";"5054";"Westliche Börde";"025004";"Wulferstedt";"U";603;405;3;402;88;216;13;30;9;16;7;1;3;1;1;1;16;0;0;4;401;121;220;17;14;10;8;;;;;;;11;;;
"009";"Oschersleben-Wanzleben";"15083";"Börde";"15083025";"Am Großen Bruch";"5054";"Westliche Börde";"025999";"BWL AGB";"B";0;252;3;249;61;72;21;41;11;11;5;0;4;2;0;2;18;1;0;5;247;93;66;27;27;6;6;;;;;;;22;;;
"009";"Oschersleben-Wanzleben";"15083";"Börde";"15083035";"Ausleben";"5054";"Westliche Börde";"035001";"Ausleben";"U";890;550;3;547;67;354;25;31;12;11;19;0;6;12;1;3;5;0;1;2;548;93;353;34;23;14;10;;;;;;;21;;;
"009";"Oschersleben-Wanzleben";"15083";"Börde";"15083035";"Ausleben";"5054";"Westliche Börde";"035003";"Warsleben";"U";437;286;1;285;32;169;21;15;10;8;6;0;4;3;1;1;15;0;0;10;276;40;177;22;13;11;5;;;;;;;8;;;
"009";"Oschersleben-Wanzleben";"15083";"Börde";"15083035";"Ausleben";"5054";"Westliche Börde";"035999";"BWL Ausleben";"B";0;214;1;213;52;64;25;26;5;14;0;0;2;8;1;0;15;1;0;1;213;71;59;26;16;8;10;;;;;;;23;;;
"009";"Oschersleben-Wanzleben";"15083";"Börde";"15083245";"Gröningen, Stadt";"5054";"Westliche Börde";"245001";"Gröningen";"U";1468;801;10;791;94;472;56;65;9;26;32;7;3;9;3;3;7;4;1;8;793;129;474;75;45;11;20;;;;;;;39;;;
"009";"Oschersleben-Wanzleben";"15083";"Börde";"15083245";"Gröningen, Stadt";"5054";"Westliche Börde";"245002";"Kloster Gröningen";"U";314;220;3;217;21;133;16;14;8;2;2;0;0;1;1;0;18;1;0;1;219;23;134;15;13;12;2;;;;;;;20;;;
"009";"Oschersleben-Wanzleben";"15083";"Börde";"15083245";"Gröningen, Stadt";"5054";"Westliche Börde";"245003";"Dalldorf";"U";116;76;1;75;13;43;4;4;2;3;1;0;2;2;1;0;0;0;0;1;75;15;45;5;4;2;2;;;;;;;2;;;
"009";"Oschersleben-Wanzleben";"15083";"Börde";"15083245";"Gröningen, Stadt";"5054";"Westliche Börde";"245004";"Großalsleben";"U";612;376;2;374;52;218;35;22;12;11;5;0;3;1;0;0;14;0;1;0;376;60;226;43;19;15;1;;;;;;;12;;;
"009";"Oschersleben-Wanzleben";"15083";"Börde";"15083245";"Gröningen, Stadt";"5054";"Westliche Börde";"245005";"Krottorf";"U";365;247;4;243;41;125;18;25;4;12;1;0;5;0;2;1;9;0;0;3;244;56;126;25;19;6;5;;;;;;;7;;;
"009";"Oschersleben-Wanzleben";"15083";"Börde";"15083245";"Gröningen, Stadt";"5054";"Westliche Börde";"245999";"BWL Gröningen";"B";0;565;4;561;145;178;62;64;11;36;9;0;4;6;1;2;42;0;1;4;561;184;174;76;43;11;22;;;;;;;51;;;
"009";"Oschersleben-Wanzleben";"15083";"Börde";"15083355";"Kroppenstedt, Stadt";"5054";"Westliche Börde";"355001";"Kroppenstedt";"U";1079;718;9;709;105;436;23;45;25;28;7;0;2;3;1;1;32;0;1;7;711;141;439;23;45;23;13;;;;;;;27;;;
"009";"Oschersleben-Wanzleben";"15083";"Börde";"15083355";"Kroppenstedt, Stadt";"5054";"Westliche Börde";"355999";"BWL Kroppenstedt";"B";0;154;0;154;50;51;15;10;4;7;5;1;0;1;0;0;10;0;0;0;154;51;48;23;6;6;8;;;;;;;12;;;
"009";"Oschersleben-Wanzleben";"15083";"Börde";"15083415";"Oschersleben (Bode), Stadt";"0415";;"415001";"WBZ 001 - GS Diesterweg - Bürgertreff";"U";1405;708;8;700;101;354;52;64;12;24;9;1;16;8;1;8;46;3;1;8;700;129;365;80;54;13;10;;;;;;;49;;;
"009";"Oschersleben-Wanzleben";"15083";"Börde";"15083415";"Oschersleben (Bode), Stadt";"0415";;"415002";"WBZ 002 - GS Diesterweg";"U";1289;711;8;703;113;355;47;48;15;37;7;3;7;7;2;7;53;2;0;8;703;139;353;59;53;24;21;;;;;;;54;;;
"009";"Oschersleben-Wanzleben";"15083";"Börde";"15083415";"Oschersleben (Bode), Stadt";"0415";;"415003";"WBZ 003 - Volkssolidarität";"U";1417;691;11;680;79;381;52;53;8;26;5;2;13;4;3;4;50;0;0;4;687;105;396;68;49;9;18;;;;;;;42;;;
"009";"Oschersleben-Wanzleben";"15083";"Börde";"15083415";"Oschersleben (Bode), Stadt";"0415";;"415004";"WBZ 004 - GS Puschkin";"U";1268;605;9;596;66;370;47;26;7;23;3;0;10;2;1;4;34;0;3;9;596;79;375;68;22;10;13;;;;;;;29;;;
"009";"Oschersleben-Wanzleben";"15083";"Börde";"15083415";"Oschersleben (Bode), Stadt";"0415";;"415005";"WBZ 005 - Gemeinschaftsschule Puschkin";"U";1309;602;6;596;77;353;62;33;4;27;3;1;15;4;1;1;13;0;2;9;593;86;354;77;35;10;13;;;;;;;18;;;
"009";"Oschersleben-Wanzleben";"15083";"Börde";"15083415";"Oschersleben (Bode), Stadt";"0415";;"415006";"WBZ 006 - Kath. Vereinshaus";"U";1399;675;6;669;113;354;48;44;13;28;8;0;3;5;4;3;42;2;2;8;667;143;349;51;52;14;17;;;;;;;41;;;
"009";"Oschersleben-Wanzleben";"15083";"Börde";"15083415";"Oschersleben (Bode), Stadt";"0415";;"415007";"WBZ 007 - GS Goethe";"U";1301;701;5;696;99;354;61;54;17;49;9;0;6;9;2;6;30;0;0;8;693;130;365;69;54;19;29;;;;;;;27;;;
"009";"Oschersleben-Wanzleben";"15083";"Börde";"15083415";"Oschersleben (Bode), Stadt";"0415";;"415008";"WBZ 008 - Alikendorf und Kleinalsleben";"U";339;205;3;202;36;119;12;12;0;7;0;1;5;2;0;0;7;1;0;4;201;43;123;12;9;0;5;;;;;;;9;;;
"009";"Oschersleben-Wanzleben";"15083";"Börde";"15083415";"Oschersleben (Bode), Stadt";"0415";;"415010";"WBZ 010 - Klein Oschersleben";"U";493;289;4;285;51;138;20;16;12;22;7;0;1;1;1;0;15;0;1;3;286;72;144;21;12;12;15;;;;;;;10;;;
"009";"Oschersleben-Wanzleben";"15083";"Börde";"15083415";"Oschersleben (Bode), Stadt";"0415";;"415011";"WBZ 011 - Groß Germersleben";"U";314;193;2;191;36;106;11;13;4;7;0;0;2;1;0;1;10;0;0;5;188;51;106;12;6;2;3;;;;;;;8;;;
"009";"Oschersleben-Wanzleben";"15083";"Börde";"15083415";"Oschersleben (Bode), Stadt";"0415";;"415012";"WBZ 012 - Hordorf";"U";505;301;5;296;53;145;30;19;8;14;1;0;5;2;2;2;15;0;0;6;295;72;145;26;18;8;9;;;;;;;17;;;
"009";"Oschersleben-Wanzleben";"15083";"Börde";"15083415";"Oschersleben (Bode), Stadt";"0415";;"415013";"WBZ 013 - Beckendorf";"U";314;207;5;202;30;135;8;14;1;2;2;0;1;0;0;2;7;0;0;4;203;33;136;12;9;1;2;;;;;;;10;;;
"009";"Oschersleben-Wanzleben";"15083";"Börde";"15083415";"Oschersleben (Bode), Stadt";"0415";;"415014";"WBZ 014 - Neindorf";"U";399;262;3;259;31;158;17;22;1;16;9;0;0;0;0;2;2;0;1;3;259;55;156;18;9;1;8;;;;;;;12;;;
"009";"Oschersleben-Wanzleben";"15083";"Börde";"15083415";"Oschersleben (Bode), Stadt";"0415";;"415015";"WBZ 015 - Ampfurth";"U";248;160;2;158;17;99;7;9;2;11;1;0;0;2;0;0;10;0;0;0;160;23;97;14;7;4;5;;;;;;;10;;;
"009";"Oschersleben-Wanzleben";"15083";"Börde";"15083415";"Oschersleben (Bode), Stadt";"0415";;"415016";"WBZ 016 - Schermcke";"U";405;287;2;285;44;180;15;18;2;3;1;0;2;2;2;2;12;1;1;6;281;54;175;17;9;4;3;;;;;;;19;;;
"009";"Oschersleben-Wanzleben";"15083";"Börde";"15083415";"Oschersleben (Bode), Stadt";"0415";;"415017";"WBZ 017 - Hornhausen";"U";1183;663;3;660;69;425;44;40;6;20;8;1;12;1;1;3;29;1;0;6;657;83;432;57;37;11;10;;;;;;;27;;;
"009";"Oschersleben-Wanzleben";"15083";"Börde";"15083415";"Oschersleben (Bode), Stadt";"0415";;"415018";"WBZ 018 - Altbrandsleben";"U";250;192;0;192;24;120;19;11;3;5;1;0;0;0;1;0;7;0;1;0;192;23;121;23;10;5;2;;;;;;;8;;;
"009";"Oschersleben-Wanzleben";"15083";"Börde";"15083415";"Oschersleben (Bode), Stadt";"0415";;"415019";"WBZ 019 - Peseckendorf";"U";154;111;3;108;7;79;3;2;2;0;2;0;2;0;0;2;8;0;1;2;109;8;81;4;5;3;0;;;;;;;8;;;
"009";"Oschersleben-Wanzleben";"15083";"Börde";"15083415";"Oschersleben (Bode), Stadt";"0415";;"415020";"WBZ 020 - Hadmersleben";"U";1232;661;6;655;104;370;43;50;10;30;4;1;8;4;0;3;26;1;1;7;654;132;379;53;39;6;16;;;;;;;29;;;
"009";"Oschersleben-Wanzleben";"15083";"Börde";"15083415";"Oschersleben (Bode), Stadt";"0415";;"415998";"Briefwahl Oschersleben (Bode) 1 - 7";"B";0;1906;12;1894;458;546;201;273;50;146;21;3;23;16;7;9;131;6;4;19;1887;603;530;244;187;64;103;;;;;;;156;;;
"009";"Oschersleben-Wanzleben";"15083";"Börde";"15083415";"Oschersleben (Bode), Stadt";"0415";;"415999";"Briefwahl Oschersleben (Bode) 8 -20";"B";0;1106;7;1099;309;341;77;126;32;88;11;1;14;6;2;4;83;3;2;9;1097;395;337;100;87;27;53;;;;;;;98;;;
"009";"Oschersleben-Wanzleben";"15083";"Börde";"15083490";"Sülzetal";"0490";;"490001";"Altenweddingen";"U";1662;970;11;959;141;519;53;90;16;57;11;0;6;3;1;4;55;1;2;47;923;216;494;59;66;15;26;;;;;;;47;;;
"009";"Oschersleben-Wanzleben";"15083";"Börde";"15083490";"Sülzetal";"0490";;"490002";"Bahrendorf";"U";491;329;1;328;54;173;24;21;10;14;4;0;2;4;1;1;20;0;0;0;329;82;182;26;16;6;7;;;;;;;10;;;
"009";"Oschersleben-Wanzleben";"15083";"Börde";"15083490";"Sülzetal";"0490";;"490003";"Dodendorf";"U";778;518;7;511;70;247;38;50;17;36;10;0;5;4;1;3;29;1;0;9;509;114;249;48;31;13;22;;;;;;;32;;;
"009";"Oschersleben-Wanzleben";"15083";"Börde";"15083490";"Sülzetal";"0490";;"490004";"Langenweddingen";"U";1628;883;20;863;121;476;51;59;33;43;7;1;6;13;2;5;42;1;3;17;866;185;471;74;43;34;19;;;;;;;40;;;
"009";"Oschersleben-Wanzleben";"15083";"Börde";"15083490";"Sülzetal";"0490";;"490005";"Osterweddingen";"U";1780;1024;8;1016;182;513;63;76;25;87;8;1;8;5;4;4;36;2;2;8;1016;290;533;66;51;23;27;;;;;;;26;;;
"009";"Oschersleben-Wanzleben";"15083";"Börde";"15083490";"Sülzetal";"0490";;"490006";"Schwaneberg";"U";465;304;1;303;54;155;27;14;6;15;2;2;2;7;1;4;14;0;0;1;303;79;151;26;12;8;7;;;;;;;20;;;
"009";"Oschersleben-Wanzleben";"15083";"Börde";"15083490";"Sülzetal";"0490";;"490007";"Stemmern";"U";153;140;1;139;26;68;8;7;4;9;1;0;3;1;1;1;10;0;0;1;139;31;67;11;9;6;4;;;;;;;11;;;
"009";"Oschersleben-Wanzleben";"15083";"Börde";"15083490";"Sülzetal";"0490";;"490008";"Sülldorf";"U";282;190;3;187;30;111;10;9;4;3;1;0;1;0;1;2;15;0;0;2;188;38;112;15;6;1;4;;;;;;;12;;;
"009";"Oschersleben-Wanzleben";"15083";"Börde";"15083490";"Sülzetal";"0490";;"490999";"Briefwahl Sülzetal";"B";0;1700;9;1691;439;452;165;213;58;180;21;1;6;14;5;5;126;3;3;14;1686;696;420;179;101;36;106;;;;;;;148;;;
"009";"Oschersleben-Wanzleben";"15083";"Börde";"15083531";"Wanzleben-Börde, Stadt";"0531";;"531001";"Wanzleben Börde-Gymnasium";"U";1044;591;13;578;80;351;40;38;8;17;2;0;5;2;1;3;30;1;0;15;576;106;354;44;30;8;9;;;;;;;25;;;
"009";"Oschersleben-Wanzleben";"15083";"Börde";"15083531";"Wanzleben-Börde, Stadt";"0531";;"531002";"Wanzleben (Rathaus)";"U";934;495;6;489;73;238;50;37;9;28;8;0;4;2;0;2;36;2;0;7;488;95;242;53;35;13;14;;;;;;;36;;;
"009";"Oschersleben-Wanzleben";"15083";"Börde";"15083531";"Wanzleben-Börde, Stadt";"0531";;"531003";"Wanzleben (Grundschule)";"U";1172;680;9;671;123;319;45;56;21;45;21;1;7;6;0;6;18;2;1;13;667;191;310;51;45;21;15;;;;;;;34;;;
"009";"Oschersleben-Wanzleben";"15083";"Börde";"15083531";"Wanzleben-Börde, Stadt";"0531";;"531004";"Schleibnitz";"U";308;198;2;196;41;81;15;19;8;19;2;0;1;5;1;0;4;0;0;3;195;58;84;21;11;8;8;;;;;;;5;;;
"009";"Oschersleben-Wanzleben";"15083";"Börde";"15083531";"Wanzleben-Börde, Stadt";"0531";;"531005";"Blumenberg";"U";309;198;1;197;38;79;13;24;9;13;0;1;0;1;0;1;16;1;1;1;197;61;85;11;17;2;5;;;;;;;16;;;
"009";"Oschersleben-Wanzleben";"15083";"Börde";"15083531";"Wanzleben-Börde, Stadt";"0531";;"531006";"Bottmersdorf";"U";306;209;2;207;30;118;8;5;8;6;6;0;5;4;0;1;15;1;0;1;208;35;123;17;4;16;2;;;;;;;11;;;
"009";"Oschersleben-Wanzleben";"15083";"Börde";"15083531";"Wanzleben-Börde, Stadt";"0531";;"531007";"Klein Germersleben";"U";199;159;0;159;20;93;9;10;9;5;1;0;0;3;0;1;7;0;1;1;158;30;91;10;10;7;2;;;;;;;8;;;
"009";"Oschersleben-Wanzleben";"15083";"Börde";"15083531";"Wanzleben-Börde, Stadt";"0531";;"531008";"Domersleben";"U";814;485;5;480;76;260;23;33;13;31;2;0;5;2;3;6;26;0;0;5;480;111;257;37;30;8;12;;;;;;;25;;;
"009";"Oschersleben-Wanzleben";"15083";"Börde";"15083531";"Wanzleben-Börde, Stadt";"0531";;"531009";"Seehausen";"U";1434;888;9;879;157;492;60;51;18;31;15;0;6;6;0;6;37;0;0;14;874;176;501;79;45;26;13;;;;;;;34;;;
"009";"Oschersleben-Wanzleben";"15083";"Börde";"15083531";"Wanzleben-Börde, Stadt";"0531";;"531010";"Eggenstedt";"U";191;126;1;125;17;80;10;5;0;6;0;0;2;0;0;1;4;0;0;2;124;19;79;9;7;1;4;;;;;;;5;;;
"009";"Oschersleben-Wanzleben";"15083";"Börde";"15083531";"Wanzleben-Börde, Stadt";"0531";;"531011";"Dreileben";"U";440;283;4;279;46;132;30;28;3;14;4;2;2;3;0;2;13;0;0;3;280;55;132;35;22;8;9;;;;;;;19;;;
"009";"Oschersleben-Wanzleben";"15083";"Börde";"15083531";"Wanzleben-Börde, Stadt";"0531";;"531012";"Groß Rodensleben";"U";783;506;5;501;61;317;26;30;10;13;2;0;7;5;1;3;23;1;2;6;500;86;325;31;18;11;7;;;;;;;22;;;
"009";"Oschersleben-Wanzleben";"15083";"Börde";"15083531";"Wanzleben-Börde, Stadt";"0531";;"531013";"Hohendodeleben";"U";1300;817;13;804;129;437;44;64;24;36;8;1;4;1;1;5;49;0;1;19;798;172;450;47;43;18;24;;;;;;;44;;;
"009";"Oschersleben-Wanzleben";"15083";"Börde";"15083531";"Wanzleben-Börde, Stadt";"0531";;"531014";"Klein Rodensleben";"U";427;289;1;288;48;157;17;21;3;14;3;1;4;0;1;2;14;1;2;2;287;60;149;20;13;6;8;;;;;;;31;;;
"009";"Oschersleben-Wanzleben";"15083";"Börde";"15083531";"Wanzleben-Börde, Stadt";"0531";;"531015";"Klein Wanzleben";"U";1228;778;6;772;97;434;50;68;15;46;8;1;11;6;4;2;26;0;4;11;767;147;435;51;66;20;22;;;;;;;26;;;
"009";"Oschersleben-Wanzleben";"15083";"Börde";"15083531";"Wanzleben-Börde, Stadt";"0531";;"531016";"Remkersleben";"U";463;280;0;280;27;165;19;21;8;17;2;1;1;2;1;2;12;0;2;0;280;44;166;25;21;5;7;;;;;;;12;;;
"009";"Oschersleben-Wanzleben";"15083";"Börde";"15083531";"Wanzleben-Börde, Stadt";"0531";;"531998";"Briefwahl Wanzleben-Börde I";"B";0;1111;6;1105;291;307;121;128;55;88;11;0;15;5;1;7;69;4;3;9;1102;414;286;144;70;54;51;;;;;;;83;;;
"009";"Oschersleben-Wanzleben";"15083";"Börde";"15083531";"Wanzleben-Börde, Stadt";"0531";;"531999";"Briefwahl Wanzleben-Börde II";"B";0;1094;13;1081;281;313;83;146;37;88;79;0;19;8;3;6;15;3;0;21;1073;367;285;102;85;44;77;;;;;;;113;;;
"010";"Magdeburg I";"15003";"Magdeburg, Landeshauptstadt";"15003000";"Magdeburg, Landeshauptstadt";"0000";;"000401";"Grundschule Im Nordpark";"U";1077;511;4;507;64;151;64;48;16;122;1;1;3;5;1;1;24;0;6;6;505;128;156;94;44;14;38;;;5;;5;;21;;;
"010";"Magdeburg I";"15003";"Magdeburg, Landeshauptstadt";"15003000";"Magdeburg, Landeshauptstadt";"0000";;"000402";"Handwerkskammer Magdeburg";"U";1326;663;2;661;97;190;72;85;19;136;4;0;2;8;2;8;33;0;5;2;661;195;196;102;57;33;33;;;10;;11;;24;;;
"010";"Magdeburg I";"15003";"Magdeburg, Landeshauptstadt";"15003000";"Magdeburg, Landeshauptstadt";"0000";;"000403";"Werner-von-Siemens-Gymnasium";"U";898;463;4;459;49;198;55;48;12;59;4;0;4;9;1;0;19;0;1;5;458;85;198;67;44;20;17;;;9;;4;;14;;;
"010";"Magdeburg I";"15003";"Magdeburg, Landeshauptstadt";"15003000";"Magdeburg, Landeshauptstadt";"0000";;"000404";"Familienhaus im Park";"U";1201;603;5;598;61;191;71;65;23;127;8;2;4;6;1;6;29;1;3;5;598;149;187;106;53;20;38;;;8;;6;;31;;;
"010";"Magdeburg I";"15003";"Magdeburg, Landeshauptstadt";"15003000";"Magdeburg, Landeshauptstadt";"0000";;"000405";"Grundschule Im Nordpark";"U";1233;625;6;619;60;208;68;69;13;141;2;1;6;9;0;8;28;3;3;8;617;132;209;118;59;14;28;;;8;;13;;36;;;
"010";"Magdeburg I";"15003";"Magdeburg, Landeshauptstadt";"15003000";"Magdeburg, Landeshauptstadt";"0000";;"000406";"Werner-von-Siemens-Gymnasium";"U";1716;919;8;911;79;378;113;63;30;170;6;0;10;9;5;10;29;3;6;6;913;187;386;162;53;36;34;;;13;;18;;24;;;
"010";"Magdeburg I";"15003";"Magdeburg, Landeshauptstadt";"15003000";"Magdeburg, Landeshauptstadt";"0000";;"000601";"Norbertusgymnasium";"U";1555;767;11;756;98;341;68;67;22;100;5;0;8;5;2;4;31;0;5;14;753;156;347;90;53;34;28;;;8;;11;;26;;;
"010";"Magdeburg I";"15003";"Magdeburg, Landeshauptstadt";"15003000";"Magdeburg, Landeshauptstadt";"0000";;"000602";"Norbertusgymnasium";"U";1185;638;5;633;76;271;67;71;14;62;3;0;5;12;2;9;39;0;2;5;633;129;289;78;51;18;16;;;14;;14;;24;;;
"010";"Magdeburg I";"15003";"Magdeburg, Landeshauptstadt";"15003000";"Magdeburg, Landeshauptstadt";"0000";;"000603";"Neue Schule";"U";1285;626;4;622;47;342;52;45;16;54;2;2;6;14;4;9;25;1;3;4;622;80;350;73;39;17;16;;;18;;10;;19;;;
"010";"Magdeburg I";"15003";"Magdeburg, Landeshauptstadt";"15003000";"Magdeburg, Landeshauptstadt";"0000";;"000604";"Gemeinschaftsschule Thomas Müntzer";"U";1729;722;8;714;76;333;80;56;14;95;5;1;3;6;3;4;33;2;3;9;713;126;333;112;56;15;23;;;11;;8;;29;;;
"010";"Magdeburg I";"15003";"Magdeburg, Landeshauptstadt";"15003000";"Magdeburg, Landeshauptstadt";"0000";;"000606";"Gesundheits- u. Veterinäramt";"U";1155;485;6;479;59;246;39;44;6;45;2;1;3;6;1;9;17;0;1;5;480;79;252;57;41;6;9;;;13;;8;;15;;;
"010";"Magdeburg I";"15003";"Magdeburg, Landeshauptstadt";"15003000";"Magdeburg, Landeshauptstadt";"0000";;"000609";"Grundschule Am Vogelgesang";"U";1510;798;7;791;79;433;58;58;14;77;1;0;10;9;1;9;38;1;3;7;791;133;432;78;40;30;22;;;6;;15;;35;;;
"010";"Magdeburg I";"15003";"Magdeburg, Landeshauptstadt";"15003000";"Magdeburg, Landeshauptstadt";"0000";;"000610";"Grundschule Am Vogelgesang";"U";1147;570;6;564;43;317;52;45;10;48;4;0;4;8;3;5;23;0;2;6;564;88;324;60;32;9;10;;;9;;11;;21;;;
"010";"Magdeburg I";"15003";"Magdeburg, Landeshauptstadt";"15003000";"Magdeburg, Landeshauptstadt";"0000";;"000801";"Gemeinschaftsschule G.W. Leibniz";"U";1568;761;21;740;88;381;71;72;9;47;5;0;6;21;1;1;37;0;1;16;745;132;385;94;47;18;16;;;17;;4;;32;;;
"010";"Magdeburg I";"15003";"Magdeburg, Landeshauptstadt";"15003000";"Magdeburg, Landeshauptstadt";"0000";;"000802";"Grundschule An der Klosterwuhne";"U";621;305;3;302;45;127;23;38;6;32;3;0;6;6;1;2;13;0;0;4;301;65;130;38;31;13;6;;;4;;4;;10;;;
"010";"Magdeburg I";"15003";"Magdeburg, Landeshauptstadt";"15003000";"Magdeburg, Landeshauptstadt";"0000";;"000803";"Grundschule An der Klosterwuhne";"U";1107;495;8;487;72;233;39;62;4;30;0;2;4;8;0;3;28;2;0;8;487;99;240;35;51;5;15;;;12;;6;;24;;;
"010";"Magdeburg I";"15003";"Magdeburg, Landeshauptstadt";"15003000";"Magdeburg, Landeshauptstadt";"0000";;"000804";"WUP Haus Heideweg";"U";902;466;1;465;73;192;41;42;15;45;1;0;4;4;0;9;39;0;0;1;465;122;197;42;41;15;8;;;4;;4;;32;;;
"010";"Magdeburg I";"15003";"Magdeburg, Landeshauptstadt";"15003000";"Magdeburg, Landeshauptstadt";"0000";;"000805";"Stadtteiltreff Oase";"U";993;482;6;476;70;246;41;31;9;35;0;1;6;11;1;5;16;3;1;7;475;94;247;55;30;11;8;;;13;;7;;10;;;
"010";"Magdeburg I";"15003";"Magdeburg, Landeshauptstadt";"15003000";"Magdeburg, Landeshauptstadt";"0000";;"000806";"Hoffnungsgemeinde";"U";954;498;7;491;57;231;51;56;10;33;0;1;1;10;0;3;34;0;4;6;492;91;244;63;38;11;10;;;8;;4;;23;;;
"010";"Magdeburg I";"15003";"Magdeburg, Landeshauptstadt";"15003000";"Magdeburg, Landeshauptstadt";"0000";;"000807";"Gemeinschaftsschule G.W. Leibniz";"U";1627;711;5;706;91;375;53;58;12;49;4;0;6;14;1;11;27;2;3;5;706;117;388;73;49;17;11;;;20;;12;;19;;;
"010";"Magdeburg I";"15003";"Magdeburg, Landeshauptstadt";"15003000";"Magdeburg, Landeshauptstadt";"0000";;"001001";"Bürgerhaus Kannenstieg";"U";1564;810;20;790;94;434;64;63;17;40;3;1;12;18;0;6;35;2;1;18;792;128;435;90;58;15;13;;;18;;14;;21;;;
"010";"Magdeburg I";"15003";"Magdeburg, Landeshauptstadt";"15003000";"Magdeburg, Landeshauptstadt";"0000";;"001003";"Grundschule Am Kannenstieg";"U";1092;518;6;512;64;266;37;46;12;31;5;0;2;8;3;7;27;3;1;7;511;99;277;37;37;13;11;;;11;;6;;20;;;
"010";"Magdeburg I";"15003";"Magdeburg, Landeshauptstadt";"15003000";"Magdeburg, Landeshauptstadt";"0000";;"001005";"Grundschule Am Kannenstieg";"U";1325;672;14;658;118;329;50;63;10;35;2;1;3;13;1;6;26;1;0;11;661;142;335;62;57;17;10;;;14;;7;;17;;;
"010";"Magdeburg I";"15003";"Magdeburg, Landeshauptstadt";"15003000";"Magdeburg, Landeshauptstadt";"0000";;"001201";"Comeniusschule";"U";1681;861;11;850;85;480;68;63;20;47;5;1;8;18;0;10;40;1;4;11;850;114;486;87;48;23;19;;;23;;14;;36;;;
"010";"Magdeburg I";"15003";"Magdeburg, Landeshauptstadt";"15003000";"Magdeburg, Landeshauptstadt";"0000";;"001203";"Comeniusschule";"U";1400;677;10;667;68;364;80;43;8;29;2;1;7;15;1;7;35;1;6;9;668;91;380;90;39;9;6;;;14;;8;;31;;;
"010";"Magdeburg I";"15003";"Magdeburg, Landeshauptstadt";"15003000";"Magdeburg, Landeshauptstadt";"0000";;"001205";"Nachbarschaftszentrum Neustädter Feld";"U";1337;666;13;653;88;300;65;52;20;46;4;1;7;29;3;4;30;1;3;13;653;126;303;71;47;20;24;;;28;;8;;26;;;
"010";"Magdeburg I";"15003";"Magdeburg, Landeshauptstadt";"15003000";"Magdeburg, Landeshauptstadt";"0000";;"001207";"Buntes Werkstattprojekt";"U";910;550;6;544;86;253;34;53;10;57;0;0;4;10;3;5;22;5;2;6;544;148;254;41;31;15;10;;;18;;7;;20;;;
"010";"Magdeburg I";"15003";"Magdeburg, Landeshauptstadt";"15003000";"Magdeburg, Landeshauptstadt";"0000";;"001208";"Buntes Werkstattprojekt";"U";978;485;4;481;42;264;32;46;7;43;0;0;2;13;0;9;22;0;1;4;481;66;272;47;39;6;14;;;17;;6;;14;;;
"010";"Magdeburg I";"15003";"Magdeburg, Landeshauptstadt";"15003000";"Magdeburg, Landeshauptstadt";"0000";;"001209";"Kinder- und Jugendzentrum Don Bosco";"U";823;447;12;435;64;202;38;34;10;42;3;0;3;11;1;6;21;0;0;11;436;91;204;49;36;10;9;;;12;;6;;19;;;
"010";"Magdeburg I";"15003";"Magdeburg, Landeshauptstadt";"15003000";"Magdeburg, Landeshauptstadt";"0000";;"006601";"Johanniter-Hort Rothensee";"U";1412;775;7;768;68;438;62;47;16;47;7;4;3;14;3;13;37;4;5;7;768;101;434;71;44;24;29;;;18;;12;;35;;;
"010";"Magdeburg I";"15003";"Magdeburg, Landeshauptstadt";"15003000";"Magdeburg, Landeshauptstadt";"0000";;"006603";"Johanniter-Hort Rothensee";"U";1046;573;8;565;49;362;24;34;10;36;4;3;2;4;1;8;26;0;2;8;565;87;361;32;28;12;7;;;6;;10;;22;;;
"010";"Magdeburg I";"15003";"Magdeburg, Landeshauptstadt";"15003000";"Magdeburg, Landeshauptstadt";"0000";;"009041";"Briefwahlvorstand im Wahlkreis 10 (9041)";"B";0;800;4;796;122;94;105;144;34;216;2;1;3;3;6;7;52;1;6;1;799;289;88;160;93;43;59;;;6;;10;;51;;;
"010";"Magdeburg I";"15003";"Magdeburg, Landeshauptstadt";"15003000";"Magdeburg, Landeshauptstadt";"0000";;"009042";"Briefwahlvorstand im Wahlkreis 10 (9042)";"B";0;677;5;672;115;84;119;109;14;158;5;0;4;6;3;5;43;4;3;5;672;224;83;146;84;35;41;;;12;;13;;34;;;
"010";"Magdeburg I";"15003";"Magdeburg, Landeshauptstadt";"15003000";"Magdeburg, Landeshauptstadt";"0000";;"009043";"Briefwahlvorstand im Wahlkreis 10 (9043)";"B";0;830;4;826;100;123;143;118;30;234;7;1;7;9;7;3;39;2;3;4;826;253;123;180;93;41;67;;;21;;12;;36;;;
"010";"Magdeburg I";"15003";"Magdeburg, Landeshauptstadt";"15003000";"Magdeburg, Landeshauptstadt";"0000";;"009061";"Briefwahlvorstand im Wahlkreis 10 (9061)";"B";0;953;6;947;195;222;104;133;51;141;4;1;5;14;2;13;56;2;4;5;948;298;213;144;101;65;41;;;16;;18;;52;;;
"010";"Magdeburg I";"15003";"Magdeburg, Landeshauptstadt";"15003000";"Magdeburg, Landeshauptstadt";"0000";;"009062";"Briefwahlvorstand im Wahlkreis 10 (9062)";"B";0;655;1;654;134;114;98;114;23;104;4;1;0;10;3;11;35;2;1;1;654;208;117;131;92;28;27;;;15;;8;;28;;;
"010";"Magdeburg I";"15003";"Magdeburg, Landeshauptstadt";"15003000";"Magdeburg, Landeshauptstadt";"0000";;"009063";"Briefwahlvorstand im Wahlkreis 10 (9063)";"B";0;664;3;661;132;170;67;81;22;84;4;0;9;18;3;11;56;1;3;2;662;209;174;77;54;27;27;;;23;;21;;50;;;
"010";"Magdeburg I";"15003";"Magdeburg, Landeshauptstadt";"15003000";"Magdeburg, Landeshauptstadt";"0000";;"009081";"Briefwahlvorstand im Wahlkreis 10 (9081)";"B";0;988;2;986;234;219;152;143;20;78;3;5;12;28;3;14;70;2;3;2;986;289;227;175;120;36;34;;;30;;22;;53;;;
"010";"Magdeburg I";"15003";"Magdeburg, Landeshauptstadt";"15003000";"Magdeburg, Landeshauptstadt";"0000";;"009082";"Briefwahlvorstand im Wahlkreis 10 (9082)";"B";0;828;4;824;167;194;100;128;27;85;8;2;7;16;3;11;69;1;6;2;826;249;195;111;91;31;40;;;29;;21;;59;;;
"010";"Magdeburg I";"15003";"Magdeburg, Landeshauptstadt";"15003000";"Magdeburg, Landeshauptstadt";"0000";;"009101";"Briefwahlvorstand im Wahlkreis 10 (9101)";"B";0;850;6;844;167;198;107;158;20;77;1;3;6;27;0;19;54;4;3;7;843;230;197;118;142;24;25;;;35;;21;;51;;;
"010";"Magdeburg I";"15003";"Magdeburg, Landeshauptstadt";"15003000";"Magdeburg, Landeshauptstadt";"0000";;"009121";"Briefwahlvorstand im Wahlkreis 10 (9121)";"B";0;851;1;850;174;194;106;113;29;95;10;0;12;35;5;16;56;3;2;1;850;227;199;126;112;33;29;;;44;;27;;53;;;
"010";"Magdeburg I";"15003";"Magdeburg, Landeshauptstadt";"15003000";"Magdeburg, Landeshauptstadt";"0000";;"009122";"Briefwahlvorstand im Wahlkreis 10 (9122)";"B";0;647;2;645;124;162;93;99;14;77;0;3;3;15;1;7;43;2;2;3;644;204;156;101;70;21;20;;;20;;9;;43;;;
"010";"Magdeburg I";"15003";"Magdeburg, Landeshauptstadt";"15003000";"Magdeburg, Landeshauptstadt";"0000";;"009661";"Briefwahlvorstand im Wahlkreis 10 (9661)";"B";0;661;2;659;132;135;83;88;18;129;7;0;6;12;2;10;33;2;2;2;659;235;134;106;59;23;38;;;20;;17;;27;;;
"010";"Magdeburg I";"15003";"Magdeburg, Landeshauptstadt";"15003000";"Magdeburg, Landeshauptstadt";"0000";;"009996";"Briefwahlvorstand im Wahlkreis 10 (9996)";"B";0;72;0;72;8;24;11;10;0;10;0;0;0;0;0;3;6;0;0;0;72;11;26;16;10;2;1;;;2;;0;;4;;;
"011";"Magdeburg II";"15003";"Magdeburg, Landeshauptstadt";"15003000";"Magdeburg, Landeshauptstadt";"0000";;"000101";"Forum Gestaltung";"U";1460;575;8;567;67;152;90;84;10;113;5;2;6;7;1;5;25;0;0;8;567;90;152;176;66;7;35;;;7;;10;;17;;7;
"011";"Magdeburg II";"15003";"Magdeburg, Landeshauptstadt";"15003000";"Magdeburg, Landeshauptstadt";"0000";;"000102";"Grundschule Weitlingstraße";"U";1118;489;9;480;76;153;51;74;12;74;1;0;0;8;2;4;23;0;2;7;482;102;153;101;63;12;20;;;5;;5;;19;;2;
"011";"Magdeburg II";"15003";"Magdeburg, Landeshauptstadt";"15003000";"Magdeburg, Landeshauptstadt";"0000";;"000103";"Grundschule Weitlingstraße";"U";1064;536;9;527;100;137;70;69;10;73;3;0;2;8;1;11;34;1;8;7;529;129;138;113;60;10;21;;;8;;11;;32;;7;
"011";"Magdeburg II";"15003";"Magdeburg, Landeshauptstadt";"15003000";"Magdeburg, Landeshauptstadt";"0000";;"000104";"Ökum. Höfe Evang. Gem. Altstadt-Martin";"U";972;462;4;458;73;130;56;44;20;88;3;1;2;6;2;2;25;2;4;5;457;84;129;116;46;22;22;;;6;;4;;21;;7;
"011";"Magdeburg II";"15003";"Magdeburg, Landeshauptstadt";"15003000";"Magdeburg, Landeshauptstadt";"0000";;"000105";"Altes Rathaus";"U";921;436;1;435;63;139;55;61;9;68;2;0;1;10;0;1;24;1;1;3;433;90;141;98;54;7;15;;;4;;0;;19;;5;
"011";"Magdeburg II";"15003";"Magdeburg, Landeshauptstadt";"15003000";"Magdeburg, Landeshauptstadt";"0000";;"000106";"Volkshochschule";"U";1224;394;4;390;70;128;41;44;11;53;1;0;3;3;0;1;33;1;1;3;391;73;134;70;50;12;20;;;4;;3;;23;;2;
"011";"Magdeburg II";"15003";"Magdeburg, Landeshauptstadt";"15003000";"Magdeburg, Landeshauptstadt";"0000";;"000107";"Kulturhistorisches Museum";"U";1295;656;5;651;111;195;52;81;18;120;3;1;4;10;2;2;47;0;5;4;652;144;195;145;53;18;39;;;5;;3;;42;;8;
"011";"Magdeburg II";"15003";"Magdeburg, Landeshauptstadt";"15003000";"Magdeburg, Landeshauptstadt";"0000";;"000108";"Hegel-Gymnasium";"U";1275;614;3;611;82;152;77;73;26;160;3;0;3;2;1;1;28;0;3;3;611;115;159;203;52;15;37;;;1;;3;;21;;5;
"011";"Magdeburg II";"15003";"Magdeburg, Landeshauptstadt";"15003000";"Magdeburg, Landeshauptstadt";"0000";;"000109";"Hegel-Gymnasium";"U";1049;531;2;529;43;91;86;57;15;195;2;0;1;1;5;5;22;1;5;1;530;83;84;258;32;8;31;;;2;;5;;20;;7;
"011";"Magdeburg II";"15003";"Magdeburg, Landeshauptstadt";"15003000";"Magdeburg, Landeshauptstadt";"0000";;"000110";"Hegel-Gymnasium";"U";987;485;4;481;52;91;75;53;2;182;2;1;2;1;1;4;15;0;0;6;479;82;83;219;29;2;33;;;4;;8;;15;;4;
"011";"Magdeburg II";"15003";"Magdeburg, Landeshauptstadt";"15003000";"Magdeburg, Landeshauptstadt";"0000";;"000201";"Kita Storchennest";"U";1334;631;1;630;95;184;72;67;32;123;6;0;2;7;2;5;31;1;3;0;631;128;185;155;54;25;34;;;9;;3;;32;;6;
"011";"Magdeburg II";"15003";"Magdeburg, Landeshauptstadt";"15003000";"Magdeburg, Landeshauptstadt";"0000";;"000202";"ESV Lok Magdeburg e.V.";"U";1084;492;1;491;71;110;65;74;25;101;0;0;6;5;3;1;28;0;2;1;491;124;110;117;59;19;27;;;3;;0;;29;;3;
"011";"Magdeburg II";"15003";"Magdeburg, Landeshauptstadt";"15003000";"Magdeburg, Landeshauptstadt";"0000";;"002401";"Seniorenresidenz Adelheidring";"U";1355;719;13;706;94;169;94;102;23;167;2;2;4;3;3;7;31;2;3;10;709;123;167;217;82;18;48;;;6;;5;;33;;10;
"011";"Magdeburg II";"15003";"Magdeburg, Landeshauptstadt";"15003000";"Magdeburg, Landeshauptstadt";"0000";;"002402";"Grundschule Annastraße";"U";1090;574;4;570;69;144;85;65;10;148;3;1;5;4;3;2;24;1;6;5;569;99;142;196;45;8;30;;;3;;4;;31;;11;
"011";"Magdeburg II";"15003";"Magdeburg, Landeshauptstadt";"15003000";"Magdeburg, Landeshauptstadt";"0000";;"002403";"Grundschule Stadtfeld";"U";1285;646;4;642;92;158;67;90;29;162;1;2;5;6;3;4;19;1;3;3;643;143;156;181;61;21;37;;;11;;9;;18;;6;
"011";"Magdeburg II";"15003";"Magdeburg, Landeshauptstadt";"15003000";"Magdeburg, Landeshauptstadt";"0000";;"002404";"Grundschule Stadtfeld";"U";1354;701;6;695;105;233;75;84;17;129;3;0;3;7;1;4;28;1;5;6;695;145;227;162;65;13;27;;;11;;6;;32;;7;
"011";"Magdeburg II";"15003";"Magdeburg, Landeshauptstadt";"15003000";"Magdeburg, Landeshauptstadt";"0000";;"002405";"BBS Eike von Repgow";"U";1228;513;3;510;53;136;89;62;10;125;2;0;2;3;1;5;22;0;0;4;509;69;138;182;51;9;32;;;3;;6;;18;;1;
"011";"Magdeburg II";"15003";"Magdeburg, Landeshauptstadt";"15003000";"Magdeburg, Landeshauptstadt";"0000";;"002406";"BBS Eike von Repgow";"U";1325;598;6;592;74;156;77;72;12;132;6;1;6;5;4;9;33;1;4;6;592;98;158;201;52;8;20;;;7;;9;;32;;7;
"011";"Magdeburg II";"15003";"Magdeburg, Landeshauptstadt";"15003000";"Magdeburg, Landeshauptstadt";"0000";;"002407";"Grundschule Annastraße";"U";1040;498;5;493;32;113;73;63;16;148;3;1;3;5;2;1;28;2;3;3;495;45;117;215;30;13;33;;;4;;4;;26;;8;
"011";"Magdeburg II";"15003";"Magdeburg, Landeshauptstadt";"15003000";"Magdeburg, Landeshauptstadt";"0000";;"002408";"Salzmannschule";"U";1356;662;8;654;64;170;82;81;13;196;3;1;4;6;0;5;23;2;4;9;653;96;167;236;57;11;46;;;7;;7;;22;;4;
"011";"Magdeburg II";"15003";"Magdeburg, Landeshauptstadt";"15003000";"Magdeburg, Landeshauptstadt";"0000";;"002409";"Grundschule Annastraße";"U";1163;534;5;529;52;151;81;48;13;126;0;1;4;7;2;5;34;2;3;6;528;69;143;182;38;7;28;;;9;;10;;35;;7;
"011";"Magdeburg II";"15003";"Magdeburg, Landeshauptstadt";"15003000";"Magdeburg, Landeshauptstadt";"0000";;"002410";"Salzmannschule";"U";1152;604;8;596;91;160;90;68;14;102;5;2;5;4;2;8;38;1;6;7;597;122;159;175;55;14;19;;;3;;11;;28;;11;
"011";"Magdeburg II";"15003";"Magdeburg, Landeshauptstadt";"15003000";"Magdeburg, Landeshauptstadt";"0000";;"002411";"Evangelische Grundschule";"U";1229;585;5;580;69;143;71;89;16;152;1;0;1;3;2;3;27;0;3;6;579;93;146;203;58;15;28;;;2;;3;;24;;7;
"011";"Magdeburg II";"15003";"Magdeburg, Landeshauptstadt";"15003000";"Magdeburg, Landeshauptstadt";"0000";;"002412";"IGS Willy Brandt";"U";1146;526;3;523;40;168;99;40;9;126;3;0;3;5;2;2;23;0;3;4;522;51;169;200;28;9;28;;;3;;10;;18;;6;
"011";"Magdeburg II";"15003";"Magdeburg, Landeshauptstadt";"15003000";"Magdeburg, Landeshauptstadt";"0000";;"002413";"Evangelische Grundschule";"U";1117;567;2;565;34;133;96;63;15;174;3;0;3;6;4;7;20;1;6;1;566;56;134;251;37;7;37;;;7;;10;;16;;11;
"011";"Magdeburg II";"15003";"Magdeburg, Landeshauptstadt";"15003000";"Magdeburg, Landeshauptstadt";"0000";;"002414";"Grundschule Am Westring";"U";1004;498;4;494;41;125;59;65;10;142;3;1;7;5;2;3;24;1;6;3;495;69;118;179;37;13;33;;;6;;11;;23;;6;
"011";"Magdeburg II";"15003";"Magdeburg, Landeshauptstadt";"15003000";"Magdeburg, Landeshauptstadt";"0000";;"002415";"Grundschule Annastraße";"U";1281;653;3;650;51;170;92;77;11;201;3;0;2;3;4;5;25;1;5;3;650;79;165;264;49;12;35;;;2;;5;;27;;12;
"011";"Magdeburg II";"15003";"Magdeburg, Landeshauptstadt";"15003000";"Magdeburg, Landeshauptstadt";"0000";;"002416";"Grundschule Am Westring";"U";972;522;5;517;26;142;66;64;12;153;6;3;8;3;2;9;19;0;4;5;517;45;150;196;48;9;27;;;7;;12;;18;;5;
"011";"Magdeburg II";"15003";"Magdeburg, Landeshauptstadt";"15003000";"Magdeburg, Landeshauptstadt";"0000";;"005201";"Sportgymnasium Magdeburg";"U";1154;474;1;473;66;189;29;49;15;84;0;0;2;4;0;2;27;0;6;1;473;105;195;71;40;10;20;;;7;;2;;15;;8;
"011";"Magdeburg II";"15003";"Magdeburg, Landeshauptstadt";"15003000";"Magdeburg, Landeshauptstadt";"0000";;"005202";"Grundschule Am Brückfeld";"U";1538;774;7;767;84;321;91;72;20;95;7;2;8;13;1;10;35;2;6;9;765;107;325;160;55;12;37;;;23;;13;;27;;6;
"011";"Magdeburg II";"15003";"Magdeburg, Landeshauptstadt";"15003000";"Magdeburg, Landeshauptstadt";"0000";;"005401";"Grundschule Am Brückfeld";"U";1048;526;3;523;97;238;30;32;23;58;4;1;0;4;1;5;26;2;2;3;523;130;236;44;31;20;23;;;3;;7;;23;;6;
"011";"Magdeburg II";"15003";"Magdeburg, Landeshauptstadt";"15003000";"Magdeburg, Landeshauptstadt";"0000";;"005402";"PSV MD e.V. - Stadion Neue Welt";"U";935;546;10;536;66;228;28;49;26;76;4;2;4;3;1;9;34;2;4;9;537;100;237;66;46;14;24;;;4;;13;;27;;6;
"011";"Magdeburg II";"15003";"Magdeburg, Landeshauptstadt";"15003000";"Magdeburg, Landeshauptstadt";"0000";;"005601";"Gemeinschaftsschule Thomas Mann";"U";1355;672;6;666;74;264;78;71;13;102;4;3;5;6;2;20;20;1;3;5;667;107;262;122;71;15;29;;;8;;20;;26;;7;
"011";"Magdeburg II";"15003";"Magdeburg, Landeshauptstadt";"15003000";"Magdeburg, Landeshauptstadt";"0000";;"005602";"Gemeinschaftsschule Thomas Mann";"U";1102;493;3;490;33;236;49;43;6;82;4;0;2;4;2;4;22;0;3;4;489;45;240;99;38;8;22;;;5;;11;;16;;5;
"011";"Magdeburg II";"15003";"Magdeburg, Landeshauptstadt";"15003000";"Magdeburg, Landeshauptstadt";"0000";;"005603";"Sportgymnasium Magdeburg";"U";1281;589;1;588;83;243;36;65;23;84;4;2;4;3;0;9;30;1;1;1;588;128;247;96;39;12;21;;;5;;9;;26;;5;
"011";"Magdeburg II";"15003";"Magdeburg, Landeshauptstadt";"15003000";"Magdeburg, Landeshauptstadt";"0000";;"005604";"Grundschule Am Pechauer Platz";"U";1379;633;4;629;91;237;57;57;19;108;1;3;5;6;1;10;31;1;2;4;629;136;239;103;53;19;26;;;4;;14;;31;;4;
"011";"Magdeburg II";"15003";"Magdeburg, Landeshauptstadt";"15003000";"Magdeburg, Landeshauptstadt";"0000";;"005605";"Grundschule Am Pechauer Platz";"U";1181;607;5;602;104;230;51;67;18;68;5;0;4;6;1;6;40;1;1;4;603;127;237;93;58;9;22;;;6;;10;;36;;5;
"011";"Magdeburg II";"15003";"Magdeburg, Landeshauptstadt";"15003000";"Magdeburg, Landeshauptstadt";"0000";;"005801";"Gebäude der Freiwilligen Feuerwehr Prester";"U";881;512;0;512;71;222;33;41;23;73;2;1;4;4;0;5;31;1;1;1;511;107;221;70;35;21;20;;;2;;6;;27;;2;
"011";"Magdeburg II";"15003";"Magdeburg, Landeshauptstadt";"15003000";"Magdeburg, Landeshauptstadt";"0000";;"005802";"Grundschule Am Pechauer Platz";"U";954;516;1;515;67;190;30;52;17;104;3;1;4;5;3;2;34;1;2;1;515;129;189;87;26;11;27;;;4;;7;;29;;6;
"011";"Magdeburg II";"15003";"Magdeburg, Landeshauptstadt";"15003000";"Magdeburg, Landeshauptstadt";"0000";;"006401";"Kfz-Zulassungsstelle";"U";832;370;1;369;57;144;29;41;11;55;1;1;3;2;1;3;20;0;1;2;368;91;152;61;20;3;14;;;3;;5;;15;;4;
"011";"Magdeburg II";"15003";"Magdeburg, Landeshauptstadt";"15003000";"Magdeburg, Landeshauptstadt";"0000";;"007401";"Gemeindehaus Pechau";"U";433;268;1;267;49;114;11;31;8;29;0;0;1;3;1;4;12;1;3;3;265;76;112;21;20;6;6;;;3;;3;;13;;5;
"011";"Magdeburg II";"15003";"Magdeburg, Landeshauptstadt";"15003000";"Magdeburg, Landeshauptstadt";"0000";;"007601";"Bürgerhaus Randau";"U";445;264;4;260;38;121;17;23;5;39;3;2;0;1;0;2;8;0;1;4;260;57;120;42;14;4;11;;;0;;3;;7;;2;
"011";"Magdeburg II";"15003";"Magdeburg, Landeshauptstadt";"15003000";"Magdeburg, Landeshauptstadt";"0000";;"009011";"Briefwahlvorstand im Wahlkreis 11 (9011)";"B";0;915;7;908;196;105;142;186;24;178;2;2;8;9;3;6;36;4;7;8;907;231;104;243;160;25;78;;;11;;9;;34;;12;
"011";"Magdeburg II";"15003";"Magdeburg, Landeshauptstadt";"15003000";"Magdeburg, Landeshauptstadt";"0000";;"009012";"Briefwahlvorstand im Wahlkreis 11 (9012)";"B";0;639;1;638;125;93;102;110;22;128;4;1;7;3;1;8;27;0;7;1;638;143;84;193;94;14;46;;;13;;13;;28;;10;
"011";"Magdeburg II";"15003";"Magdeburg, Landeshauptstadt";"15003000";"Magdeburg, Landeshauptstadt";"0000";;"009013";"Briefwahlvorstand im Wahlkreis 11 (9013)";"B";0;854;4;850;213;112;107;166;41;125;6;0;3;11;2;2;56;0;6;5;849;270;116;184;144;27;36;;;14;;7;;42;;9;
"011";"Magdeburg II";"15003";"Magdeburg, Landeshauptstadt";"15003000";"Magdeburg, Landeshauptstadt";"0000";;"009014";"Briefwahlvorstand im Wahlkreis 11 (9014)";"B";0;941;2;939;207;109;104;154;39;254;9;0;2;6;0;1;41;2;11;2;939;269;103;292;93;37;79;;;8;;4;;28;;26;
"011";"Magdeburg II";"15003";"Magdeburg, Landeshauptstadt";"15003000";"Magdeburg, Landeshauptstadt";"0000";;"009015";"Briefwahlvorstand im Wahlkreis 11 (9015)";"B";0;692;1;691;91;38;109;111;16;301;2;0;0;0;1;3;12;0;7;1;691;139;34;356;51;14;69;;;0;;5;;7;;16;
"011";"Magdeburg II";"15003";"Magdeburg, Landeshauptstadt";"15003000";"Magdeburg, Landeshauptstadt";"0000";;"009021";"Briefwahlvorstand im Wahlkreis 11 (9021)";"B";0;918;2;916;225;98;104;159;41;204;1;0;4;4;5;7;57;1;6;4;914;281;106;212;143;33;65;;;14;;7;;42;;11;
"011";"Magdeburg II";"15003";"Magdeburg, Landeshauptstadt";"15003000";"Magdeburg, Landeshauptstadt";"0000";;"009241";"Briefwahlvorstand im Wahlkreis 11 (9241)";"B";0;849;2;847;137;120;125;148;32;241;7;0;1;3;1;3;28;0;1;5;844;191;108;332;82;30;55;;;7;;7;;22;;10;
"011";"Magdeburg II";"15003";"Magdeburg, Landeshauptstadt";"15003000";"Magdeburg, Landeshauptstadt";"0000";;"009242";"Briefwahlvorstand im Wahlkreis 11 (9242)";"B";0;673;5;668;103;57;125;111;24;173;3;0;8;12;2;11;35;0;4;5;668;127;52;267;78;20;47;;;14;;19;;31;;13;
"011";"Magdeburg II";"15003";"Magdeburg, Landeshauptstadt";"15003000";"Magdeburg, Landeshauptstadt";"0000";;"009243";"Briefwahlvorstand im Wahlkreis 11 (9243)";"B";0;936;2;934;179;95;123;178;30;225;5;1;12;9;4;7;56;2;8;3;933;220;90;305;127;21;69;;;12;;22;;42;;25;
"011";"Magdeburg II";"15003";"Magdeburg, Landeshauptstadt";"15003000";"Magdeburg, Landeshauptstadt";"0000";;"009244";"Briefwahlvorstand im Wahlkreis 11 (9244)";"B";0;962;0;962;177;112;165;151;20;254;6;1;5;6;1;13;43;2;6;2;960;218;99;384;106;20;54;;;8;;16;;46;;9;
"011";"Magdeburg II";"15003";"Magdeburg, Landeshauptstadt";"15003000";"Magdeburg, Landeshauptstadt";"0000";;"009245";"Briefwahlvorstand im Wahlkreis 11 (9245)";"B";0;781;1;780;92;75;122;113;25;301;7;0;1;5;7;11;20;0;1;2;779;133;74;365;65;22;72;;;11;;9;;19;;9;
"011";"Magdeburg II";"15003";"Magdeburg, Landeshauptstadt";"15003000";"Magdeburg, Landeshauptstadt";"0000";;"009246";"Briefwahlvorstand im Wahlkreis 11 (9246)";"B";0;783;1;782;113;87;147;128;21;228;2;2;1;6;4;10;30;0;3;4;779;142;81;334;81;17;63;;;13;;13;;24;;11;
"011";"Magdeburg II";"15003";"Magdeburg, Landeshauptstadt";"15003000";"Magdeburg, Landeshauptstadt";"0000";;"009247";"Briefwahlvorstand im Wahlkreis 11 (9247)";"B";0;764;1;763;54;71;125;139;23;298;3;0;3;9;4;5;21;1;7;2;762;93;67;399;58;23;64;;;12;;11;;15;;20;
"011";"Magdeburg II";"15003";"Magdeburg, Landeshauptstadt";"15003000";"Magdeburg, Landeshauptstadt";"0000";;"009248";"Briefwahlvorstand im Wahlkreis 11 (9248)";"B";0;600;3;597;74;66;81;99;20;217;4;1;2;5;2;3;16;2;5;5;595;98;63;261;73;19;46;;;9;;3;;14;;9;
"011";"Magdeburg II";"15003";"Magdeburg, Landeshauptstadt";"15003000";"Magdeburg, Landeshauptstadt";"0000";;"009521";"Briefwahlvorstand im Wahlkreis 11 (9521)";"B";0;925;0;925;165;160;102;162;38;196;10;2;4;12;3;10;53;1;7;2;923;220;147;229;133;32;63;;;20;;18;;52;;9;
"011";"Magdeburg II";"15003";"Magdeburg, Landeshauptstadt";"15003000";"Magdeburg, Landeshauptstadt";"0000";;"009541";"Briefwahlvorstand im Wahlkreis 11 (9541)";"B";0;676;3;673;160;147;73;96;21;116;5;0;3;3;0;7;37;1;4;3;673;207;143;117;82;17;47;;;4;;9;;36;;11;
"011";"Magdeburg II";"15003";"Magdeburg, Landeshauptstadt";"15003000";"Magdeburg, Landeshauptstadt";"0000";;"009561";"Briefwahlvorstand im Wahlkreis 11 (9561)";"B";0;668;3;665;110;105;96;101;25;142;2;1;12;14;2;10;42;1;2;5;663;124;109;206;66;18;65;;;12;;18;;35;;10;
"011";"Magdeburg II";"15003";"Magdeburg, Landeshauptstadt";"15003000";"Magdeburg, Landeshauptstadt";"0000";;"009562";"Briefwahlvorstand im Wahlkreis 11 (9562)";"B";0;480;1;479;127;73;53;73;26;93;2;2;0;3;1;3;19;0;4;1;479;162;71;106;57;18;30;;;6;;3;;19;;7;
"011";"Magdeburg II";"15003";"Magdeburg, Landeshauptstadt";"15003000";"Magdeburg, Landeshauptstadt";"0000";;"009563";"Briefwahlvorstand im Wahlkreis 11 (9563)";"B";0;851;4;847;195;135;90;152;30;163;8;1;1;4;3;9;49;1;6;7;844;251;131;191;103;25;54;;;9;;16;;50;;14;
"011";"Magdeburg II";"15003";"Magdeburg, Landeshauptstadt";"15003000";"Magdeburg, Landeshauptstadt";"0000";;"009581";"Briefwahlvorstand im Wahlkreis 11 (9581)";"B";0;631;7;624;142;99;67;104;32;115;5;0;3;6;1;9;38;1;2;7;624;178;99;126;95;31;40;;;7;;10;;34;;4;
"011";"Magdeburg II";"15003";"Magdeburg, Landeshauptstadt";"15003000";"Magdeburg, Landeshauptstadt";"0000";;"009641";"Briefwahlvorstand im Wahlkreis 11 (9641)";"B";0;340;1;339;84;54;39;46;12;74;1;1;3;5;1;2;16;0;1;2;338;103;54;92;34;12;15;;;7;;5;;13;;3;
"011";"Magdeburg II";"15003";"Magdeburg, Landeshauptstadt";"15003000";"Magdeburg, Landeshauptstadt";"0000";;"009741";"Briefwahlvorstand im Wahlkreis 11 (9741)";"B";0;119;0;119;38;15;10;18;4;18;1;1;2;0;0;2;7;1;2;2;117;40;16;23;13;3;8;;;1;;2;;8;;3;
"011";"Magdeburg II";"15003";"Magdeburg, Landeshauptstadt";"15003000";"Magdeburg, Landeshauptstadt";"0000";;"009761";"Briefwahlvorstand im Wahlkreis 11 (9761)";"B";0;137;3;134;37;30;11;14;3;22;2;0;2;1;1;2;9;0;0;3;134;46;30;22;15;1;8;;;2;;1;;8;;1;
"011";"Magdeburg II";"15003";"Magdeburg, Landeshauptstadt";"15003000";"Magdeburg, Landeshauptstadt";"0000";;"009997";"Briefwahlvorstand im Wahlkreis 11 (9997)";"B";0;95;0;95;8;11;17;15;3;28;3;0;0;2;1;0;6;0;1;0;95;14;9;45;11;1;5;;;2;;0;;5;;3;
"012";"Magdeburg III";"15003";"Magdeburg, Landeshauptstadt";"15003000";"Magdeburg, Landeshauptstadt";"0000";;"001801";"Grundschule Nordwest";"U";1065;643;10;633;73;297;50;61;25;64;2;2;8;4;0;4;36;2;5;11;632;156;295;71;33;17;13;;;11;;;;36;;;
"012";"Magdeburg III";"15003";"Magdeburg, Landeshauptstadt";"15003000";"Magdeburg, Landeshauptstadt";"0000";;"001802";"Grundschule Nordwest";"U";1368;733;9;724;122;285;54;89;29;91;1;1;5;6;2;1;34;0;4;7;726;236;283;68;45;27;24;;;9;;;;34;;;
"012";"Magdeburg III";"15003";"Magdeburg, Landeshauptstadt";"15003000";"Magdeburg, Landeshauptstadt";"0000";;"001803";"Mensa Baudezernat";"U";1344;674;1;673;119;249;43;88;36;79;3;2;5;9;0;0;38;1;1;1;673;225;245;54;52;33;24;;;11;;;;29;;;
"012";"Magdeburg III";"15003";"Magdeburg, Landeshauptstadt";"15003000";"Magdeburg, Landeshauptstadt";"0000";;"002001";"Grundschule Alt Olvenstedt";"U";1007;624;4;620;95;309;38;47;18;58;5;0;14;11;1;7;17;0;0;4;620;171;310;47;25;16;15;;;17;;;;19;;;
"012";"Magdeburg III";"15003";"Magdeburg, Landeshauptstadt";"15003000";"Magdeburg, Landeshauptstadt";"0000";;"002002";"Grundschule Alt Olvenstedt";"U";1107;653;4;649;97;303;47;54;21;63;1;2;7;5;1;7;36;1;4;5;648;177;302;65;29;13;16;;;20;;;;26;;;
"012";"Magdeburg III";"15003";"Magdeburg, Landeshauptstadt";"15003000";"Magdeburg, Landeshauptstadt";"0000";;"002003";"Grundschule Alt Olvenstedt";"U";1003;582;2;580;98;271;50;57;10;51;3;1;2;5;1;1;28;0;2;3;579;178;267;58;26;7;12;;;7;;;;24;;;
"012";"Magdeburg III";"15003";"Magdeburg, Landeshauptstadt";"15003000";"Magdeburg, Landeshauptstadt";"0000";;"002201";"Makarenkoschule";"U";1230;604;8;596;64;326;70;30;5;47;3;1;2;10;4;3;28;0;3;7;597;109;328;74;22;8;14;;;13;;;;29;;;
"012";"Magdeburg III";"15003";"Magdeburg, Landeshauptstadt";"15003000";"Magdeburg, Landeshauptstadt";"0000";;"002203";"Gemeinschaftsschule W. Weitling";"U";1081;434;5;429;28;261;46;22;7;27;0;1;6;11;0;2;15;0;3;2;432;61;257;49;11;6;16;;;14;;;;18;;;
"012";"Magdeburg III";"15003";"Magdeburg, Landeshauptstadt";"15003000";"Magdeburg, Landeshauptstadt";"0000";;"002204";"Grundschule Am Fliederhof";"U";1345;681;14;667;71;366;82;45;10;30;2;0;8;19;1;4;27;1;1;15;666;117;368;79;30;13;12;;;19;;;;28;;;
"012";"Magdeburg III";"15003";"Magdeburg, Landeshauptstadt";"15003000";"Magdeburg, Landeshauptstadt";"0000";;"002207";"Schule Am Sternsee";"U";1269;539;5;534;68;264;64;35;10;36;3;0;6;15;3;5;20;1;4;4;535;125;267;69;21;9;13;;;17;;;;14;;;
"012";"Magdeburg III";"15003";"Magdeburg, Landeshauptstadt";"15003000";"Magdeburg, Landeshauptstadt";"0000";;"002209";"Gemeinschaftsschule W. Weitling";"U";1014;468;6;462;63;220;50;29;9;30;4;3;7;18;0;7;17;1;4;5;463;105;228;48;23;8;10;;;25;;;;16;;;
"012";"Magdeburg III";"15003";"Magdeburg, Landeshauptstadt";"15003000";"Magdeburg, Landeshauptstadt";"0000";;"002211";"Grundschule Am Grenzweg";"U";1344;647;5;642;51;370;52;31;8;75;3;2;10;8;1;9;18;1;3;4;643;124;371;69;22;9;18;;;10;;;;20;;;
"012";"Magdeburg III";"15003";"Magdeburg, Landeshauptstadt";"15003000";"Magdeburg, Landeshauptstadt";"0000";;"002215";"Grundschule Am Grenzweg";"U";975;524;3;521;111;188;40;59;11;70;0;0;7;9;1;1;23;0;1;3;521;185;193;49;32;9;21;;;11;;;;21;;;
"012";"Magdeburg III";"15003";"Magdeburg, Landeshauptstadt";"15003000";"Magdeburg, Landeshauptstadt";"0000";;"002601";"Offener Treff Hermann-Beims, Begegnungsstätte der AWO";"U";1496;798;3;795;61;371;80;69;23;104;1;2;8;14;3;10;43;2;4;4;794;155;378;115;48;16;27;;;17;;;;38;;;
"012";"Magdeburg III";"15003";"Magdeburg, Landeshauptstadt";"15003000";"Magdeburg, Landeshauptstadt";"0000";;"002602";"Geschäftsstelle Wobau GmbH";"U";875;492;5;487;46;232;41;42;13;63;3;1;10;9;1;3;20;0;3;4;488;111;234;55;24;11;19;;;17;;;;17;;;
"012";"Magdeburg III";"15003";"Magdeburg, Landeshauptstadt";"15003000";"Magdeburg, Landeshauptstadt";"0000";;"002603";"Gemeinschaftsschule Oskar Linke";"U";1333;651;5;646;71;314;61;68;15;61;1;1;9;5;2;7;26;0;5;4;647;132;316;81;49;13;17;;;11;;;;28;;;
"012";"Magdeburg III";"15003";"Magdeburg, Landeshauptstadt";"15003000";"Magdeburg, Landeshauptstadt";"0000";;"002604";"IGS Willy Brandt";"U";1374;680;3;677;93;265;86;83;8;74;4;1;9;13;1;2;36;1;1;4;676;170;269;113;47;7;19;;;20;;;;31;;;
"012";"Magdeburg III";"15003";"Magdeburg, Landeshauptstadt";"15003000";"Magdeburg, Landeshauptstadt";"0000";;"002605";"IGS Willy Brandt";"U";904;411;10;401;40;187;36;34;5;42;2;0;8;8;2;6;27;1;3;8;403;86;189;57;20;4;12;;;16;;;;19;;;
"012";"Magdeburg III";"15003";"Magdeburg, Landeshauptstadt";"15003000";"Magdeburg, Landeshauptstadt";"0000";;"002606";"Freie Schule Magdeburg";"U";1401;651;8;643;89;233;63;88;13;98;3;0;8;9;3;3;30;1;2;7;644;196;240;86;49;14;17;;;11;;;;31;;;
"012";"Magdeburg III";"15003";"Magdeburg, Landeshauptstadt";"15003000";"Magdeburg, Landeshauptstadt";"0000";;"002607";"Gemeinschaftsschule Oskar Linke";"U";1086;580;6;574;98;209;44;58;13;93;3;2;5;6;0;3;32;4;4;6;574;195;213;52;34;17;24;;;12;;;;27;;;
"012";"Magdeburg III";"15003";"Magdeburg, Landeshauptstadt";"15003000";"Magdeburg, Landeshauptstadt";"0000";;"002609";"Gasthaus Zum Lindenweiler";"U";1218;656;3;653;128;225;47;69;24;107;2;0;3;8;2;4;31;0;3;3;653;253;223;62;38;19;19;;;14;;;;25;;;
"012";"Magdeburg III";"15003";"Magdeburg, Landeshauptstadt";"15003000";"Magdeburg, Landeshauptstadt";"0000";;"002610";"Schulumweltzentrum";"U";1189;615;2;613;119;178;50;85;17;103;1;1;2;4;0;1;49;1;2;2;613;247;175;58;45;17;25;;;6;;;;40;;;
"012";"Magdeburg III";"15003";"Magdeburg, Landeshauptstadt";"15003000";"Magdeburg, Landeshauptstadt";"0000";;"002611";"Freie Schule Magdeburg";"U";1062;539;5;534;116;188;57;53;12;63;7;0;4;5;3;0;23;1;2;4;535;204;193;58;25;10;18;;;4;;;;23;;;
"012";"Magdeburg III";"15003";"Magdeburg, Landeshauptstadt";"15003000";"Magdeburg, Landeshauptstadt";"0000";;"002801";"Grundschule Diesdorf";"U";884;482;3;479;62;215;40;53;17;44;3;0;5;7;1;4;26;0;2;3;479;124;219;44;39;14;9;;;9;;;;21;;;
"012";"Magdeburg III";"15003";"Magdeburg, Landeshauptstadt";"15003000";"Magdeburg, Landeshauptstadt";"0000";;"002802";"Grundschule Diesdorf";"U";1286;738;2;736;131;215;64;91;28;149;3;2;3;4;0;3;41;0;2;5;733;325;221;73;24;22;31;;;7;;;;30;;;
"012";"Magdeburg III";"15003";"Magdeburg, Landeshauptstadt";"15003000";"Magdeburg, Landeshauptstadt";"0000";;"002803";"Grundschule Diesdorf";"U";1055;481;3;478;54;244;18;52;16;58;4;0;5;6;0;1;20;0;0;3;478;139;242;22;30;9;11;;;7;;;;18;;;
"012";"Magdeburg III";"15003";"Magdeburg, Landeshauptstadt";"15003000";"Magdeburg, Landeshauptstadt";"0000";;"003001";"Kantine 42";"U";1597;709;4;705;74;282;80;77;12;109;4;0;8;9;3;2;40;0;5;7;702;167;290;110;47;11;28;;;15;;;;34;;;
"012";"Magdeburg III";"15003";"Magdeburg, Landeshauptstadt";"15003000";"Magdeburg, Landeshauptstadt";"0000";;"003002";"Gemeinschaftsschule J.W. von Goethe";"U";1547;766;7;759;55;325;89;86;21;111;3;1;12;10;5;3;34;1;3;9;757;147;329;142;43;17;23;;;15;;;;41;;;
"012";"Magdeburg III";"15003";"Magdeburg, Landeshauptstadt";"15003000";"Magdeburg, Landeshauptstadt";"0000";;"003003";"Gemeinschaftsschule J.W. von Goethe";"U";1348;636;9;627;50;267;64;50;12;101;9;1;9;12;4;6;37;2;3;6;630;123;279;120;28;17;20;;;18;;;;25;;;
"012";"Magdeburg III";"15003";"Magdeburg, Landeshauptstadt";"15003000";"Magdeburg, Landeshauptstadt";"0000";;"003004";"Grundschule Sudenburg";"U";1411;700;5;695;37;288;98;52;25;110;7;0;15;13;5;7;34;1;3;4;696;126;299;141;42;22;19;;;15;;;;32;;;
"012";"Magdeburg III";"15003";"Magdeburg, Landeshauptstadt";"15003000";"Magdeburg, Landeshauptstadt";"0000";;"003005";"Freie Waldorfschule";"U";1363;600;5;595;57;292;54;48;9;70;4;2;2;11;4;1;35;0;6;7;593;104;297;88;35;6;18;;;15;;;;30;;;
"012";"Magdeburg III";"15003";"Magdeburg, Landeshauptstadt";"15003000";"Magdeburg, Landeshauptstadt";"0000";;"003006";"Freie Waldorfschule";"U";1512;634;5;629;70;333;48;61;10;38;0;4;7;9;4;7;35;1;2;4;630;125;340;74;38;6;15;;;9;;;;23;;;
"012";"Magdeburg III";"15003";"Magdeburg, Landeshauptstadt";"15003000";"Magdeburg, Landeshauptstadt";"0000";;"003009";"ASB Altenpflegeheim Florian Geyer";"U";1049;519;2;517;90;180;35;62;14;81;9;4;9;4;0;1;27;1;0;2;517;199;181;43;33;13;11;;;8;;;;29;;;
"012";"Magdeburg III";"15003";"Magdeburg, Landeshauptstadt";"15003000";"Magdeburg, Landeshauptstadt";"0000";;"003010";"BBS Hermann Beims";"U";1622;781;3;778;65;314;120;73;10;133;6;0;8;12;3;3;25;2;4;2;779;161;317;166;47;10;35;;;17;;;;26;;;
"012";"Magdeburg III";"15003";"Magdeburg, Landeshauptstadt";"15003000";"Magdeburg, Landeshauptstadt";"0000";;"003011";"AWO Landesverband Sachsen-Anhalt";"U";1179;607;3;604;106;283;40;54;17;55;2;3;5;2;2;4;31;0;0;4;603;173;287;60;28;11;14;;;9;;;;21;;;
"012";"Magdeburg III";"15003";"Magdeburg, Landeshauptstadt";"15003000";"Magdeburg, Landeshauptstadt";"0000";;"009181";"Briefwahlvorstand im Wahlkreis 12 (9181)";"B";0;1216;6;1210;273;232;101;216;59;189;10;3;15;18;1;6;78;2;7;6;1210;551;231;147;86;45;55;;;26;;;;69;;;
"012";"Magdeburg III";"15003";"Magdeburg, Landeshauptstadt";"15003000";"Magdeburg, Landeshauptstadt";"0000";;"009201";"Briefwahlvorstand im Wahlkreis 12 (9201)";"B";0;883;1;882;224;205;91;146;36;108;6;1;8;4;2;3;45;1;2;5;878;396;197;99;65;33;28;;;15;;;;45;;;
"012";"Magdeburg III";"15003";"Magdeburg, Landeshauptstadt";"15003000";"Magdeburg, Landeshauptstadt";"0000";;"009221";"Briefwahlvorstand im Wahlkreis 12 (9221)";"B";0;1190;4;1186;234;277;197;158;40;130;9;0;22;26;3;3;75;2;10;6;1184;387;279;231;97;29;43;;;45;;;;73;;;
"012";"Magdeburg III";"15003";"Magdeburg, Landeshauptstadt";"15003000";"Magdeburg, Landeshauptstadt";"0000";;"009222";"Briefwahlvorstand im Wahlkreis 12 (9222)";"B";0;569;3;566;119;109;67;67;20;121;5;1;8;9;0;2;31;0;7;5;564;228;103;90;34;29;37;;;14;;;;29;;;
"012";"Magdeburg III";"15003";"Magdeburg, Landeshauptstadt";"15003000";"Magdeburg, Landeshauptstadt";"0000";;"009261";"Briefwahlvorstand im Wahlkreis 12 (9261)";"B";0;966;5;961;162;192;147;149;28;162;10;0;15;20;3;5;62;2;4;8;958;332;197;186;73;29;49;;;34;;;;58;;;
"012";"Magdeburg III";"15003";"Magdeburg, Landeshauptstadt";"15003000";"Magdeburg, Landeshauptstadt";"0000";;"009262";"Briefwahlvorstand im Wahlkreis 12 (9262)";"B";0;1043;12;1031;205;154;151;205;24;164;13;1;21;13;2;11;62;3;2;12;1031;388;158;225;99;22;54;;;29;;;;56;;;
"012";"Magdeburg III";"15003";"Magdeburg, Landeshauptstadt";"15003000";"Magdeburg, Landeshauptstadt";"0000";;"009263";"Briefwahlvorstand im Wahlkreis 12 (9263)";"B";0;782;2;780;182;128;76;147;29;149;4;1;5;6;1;4;46;0;2;5;777;372;130;100;58;28;38;;;19;;;;32;;;
"012";"Magdeburg III";"15003";"Magdeburg, Landeshauptstadt";"15003000";"Magdeburg, Landeshauptstadt";"0000";;"009264";"Briefwahlvorstand im Wahlkreis 12 (9264)";"B";0;829;6;823;234;107;80;161;33;134;4;0;6;14;2;2;45;0;1;6;823;413;103;112;69;30;35;;;21;;;;40;;;
"012";"Magdeburg III";"15003";"Magdeburg, Landeshauptstadt";"15003000";"Magdeburg, Landeshauptstadt";"0000";;"009281";"Briefwahlvorstand im Wahlkreis 12 (9281)";"B";0;1147;5;1142;270;226;88;165;58;193;8;2;12;12;3;8;86;2;9;5;1142;521;225;125;85;42;42;;;25;;;;77;;;
"012";"Magdeburg III";"15003";"Magdeburg, Landeshauptstadt";"15003000";"Magdeburg, Landeshauptstadt";"0000";;"009301";"Briefwahlvorstand im Wahlkreis 12 (9301)";"B";0;884;6;878;136;143;137;112;42;211;5;0;13;7;5;10;50;3;4;5;879;320;141;205;59;26;58;;;19;;;;51;;;
"012";"Magdeburg III";"15003";"Magdeburg, Landeshauptstadt";"15003000";"Magdeburg, Landeshauptstadt";"0000";;"009302";"Briefwahlvorstand im Wahlkreis 12 (9302)";"B";0;977;7;970;159;208;131;144;22;202;8;2;8;13;4;11;45;7;6;8;969;370;202;187;65;21;52;;;26;;;;46;;;
"012";"Magdeburg III";"15003";"Magdeburg, Landeshauptstadt";"15003000";"Magdeburg, Landeshauptstadt";"0000";;"009303";"Briefwahlvorstand im Wahlkreis 12 (9303)";"B";0;735;4;731;188;158;81;91;23;104;6;0;17;20;2;4;35;1;1;4;731;311;153;109;53;15;28;;;31;;;;31;;;
"012";"Magdeburg III";"15003";"Magdeburg, Landeshauptstadt";"15003000";"Magdeburg, Landeshauptstadt";"0000";;"009304";"Briefwahlvorstand im Wahlkreis 12 (9304)";"B";0;731;1;730;147;152;95;108;28;130;4;0;5;7;2;3;34;5;10;3;728;298;140;142;45;31;29;;;14;;;;29;;;
"012";"Magdeburg III";"15003";"Magdeburg, Landeshauptstadt";"15003000";"Magdeburg, Landeshauptstadt";"0000";;"009998";"Briefwahlvorstand im Wahlkreis 12 (9998)";"B";0;69;0;69;14;9;5;9;7;15;0;0;0;1;1;1;5;0;2;0;69;29;8;14;3;5;2;;;2;;;;6;;;
"013";"Magdeburg IV";"15003";"Magdeburg, Landeshauptstadt";"15003000";"Magdeburg, Landeshauptstadt";"0000";;"003201";"Gemeindehaus St. Maria Hilf";"U";1383;658;6;652;137;241;51;53;23;105;4;3;3;6;1;2;21;1;1;3;655;246;232;55;44;24;24;;;11;;;;19;;;
"013";"Magdeburg IV";"15003";"Magdeburg, Landeshauptstadt";"15003000";"Magdeburg, Landeshauptstadt";"0000";;"003202";"Evangelisches Jugendzentrum St. Johannes";"U";1406;773;8;765;110;365;45;60;13;91;3;0;3;5;2;7;56;2;3;7;766;192;376;62;41;15;25;;;16;;;;39;;;
"013";"Magdeburg IV";"15003";"Magdeburg, Landeshauptstadt";"15003000";"Magdeburg, Landeshauptstadt";"0000";;"003203";"Grundschule Ottersleben";"U";1165;649;3;646;76;362;36;42;8;57;1;1;11;11;3;3;33;1;1;4;645;127;371;48;31;15;14;;;13;;;;26;;;
"013";"Magdeburg IV";"15003";"Magdeburg, Landeshauptstadt";"15003000";"Magdeburg, Landeshauptstadt";"0000";;"003204";"Grundschule Ottersleben";"U";1032;632;3;629;90;299;44;49;19;76;4;1;4;6;1;4;31;0;1;3;629;167;308;51;37;22;19;;;4;;;;21;;;
"013";"Magdeburg IV";"15003";"Magdeburg, Landeshauptstadt";"15003000";"Magdeburg, Landeshauptstadt";"0000";;"003205";"ASB Altenpflegeheim Am Birnengarten";"U";1457;778;8;770;109;316;47;103;38;100;6;1;6;6;2;4;30;1;1;7;771;252;318;55;56;27;28;;;12;;;;23;;;
"013";"Magdeburg IV";"15003";"Magdeburg, Landeshauptstadt";"15003000";"Magdeburg, Landeshauptstadt";"0000";;"003206";"Grundschule Ottersleben";"U";1147;677;7;670;67;376;51;51;18;44;3;0;5;5;2;4;41;2;1;6;671;132;391;47;25;12;13;;;16;;;;35;;;
"013";"Magdeburg IV";"15003";"Magdeburg, Landeshauptstadt";"15003000";"Magdeburg, Landeshauptstadt";"0000";;"003207";"Mehrgenerationenhaus - Villa Böckelmann";"U";779;377;4;373;58;139;36;37;15;54;5;0;2;5;1;1;17;0;3;3;374;137;143;31;23;11;10;;;3;;;;16;;;
"013";"Magdeburg IV";"15003";"Magdeburg, Landeshauptstadt";"15003000";"Magdeburg, Landeshauptstadt";"0000";;"003401";"BBS Hermann Beims, Außenstelle";"U";982;527;3;524;61;277;37;37;11;47;3;0;11;8;2;3;24;0;3;7;520;112;286;46;30;7;10;;;14;;;;15;;;
"013";"Magdeburg IV";"15003";"Magdeburg, Landeshauptstadt";"15003000";"Magdeburg, Landeshauptstadt";"0000";;"003402";"Evangelische Kirchgemeinde St. Sebastian";"U";835;472;6;466;58;237;34;51;13;39;2;0;5;3;0;3;15;0;6;7;465;100;236;38;39;16;18;;;5;;;;13;;;
"013";"Magdeburg IV";"15003";"Magdeburg, Landeshauptstadt";"15003000";"Magdeburg, Landeshauptstadt";"0000";;"003601";"Kita Ohana";"U";1302;597;3;594;65;246;78;56;14;85;4;0;6;8;4;6;20;0;2;4;593;133;257;95;39;14;23;;;17;;;;15;;;
"013";"Magdeburg IV";"15003";"Magdeburg, Landeshauptstadt";"15003000";"Magdeburg, Landeshauptstadt";"0000";;"003602";"Studentenclub Kiste e.V.";"U";1137;519;4;515;48;233;51;62;12;61;1;0;7;5;3;2;20;4;6;7;512;100;240;65;49;12;16;;;10;;;;20;;;
"013";"Magdeburg IV";"15003";"Magdeburg, Landeshauptstadt";"15003000";"Magdeburg, Landeshauptstadt";"0000";;"003603";"Alten-Service-Zentrum PIK-ASZ";"U";935;411;5;406;54;170;45;42;4;52;0;0;6;7;1;2;21;0;2;7;404;84;174;57;39;5;19;;;12;;;;14;;;
"013";"Magdeburg IV";"15003";"Magdeburg, Landeshauptstadt";"15003000";"Magdeburg, Landeshauptstadt";"0000";;"003604";"Kita Weltenbummler";"U";1740;813;7;806;81;247;89;84;22;217;3;2;6;6;2;4;38;1;4;4;809;203;251;152;66;24;64;;;20;;;;29;;;
"013";"Magdeburg IV";"15003";"Magdeburg, Landeshauptstadt";"15003000";"Magdeburg, Landeshauptstadt";"0000";;"003605";"Grundschule Leipziger Straße";"U";1783;791;5;786;39;298;115;80;17;171;4;0;10;7;4;2;33;2;4;5;786;156;298;166;60;15;47;;;18;;;;26;;;
"013";"Magdeburg IV";"15003";"Magdeburg, Landeshauptstadt";"15003000";"Magdeburg, Landeshauptstadt";"0000";;"003606";"Grundschule Leipziger Straße";"U";948;436;14;422;67;166;45;52;5;42;0;1;2;11;0;1;30;0;0;9;427;94;175;56;47;5;18;;;11;;;;21;;;
"013";"Magdeburg IV";"15003";"Magdeburg, Landeshauptstadt";"15003000";"Magdeburg, Landeshauptstadt";"0000";;"003607";"Grundschule Leipziger Straße";"U";649;251;3;248;35;100;36;22;4;18;2;0;6;8;2;0;14;0;1;2;249;50;109;43;15;2;7;;;12;;;;11;;;
"013";"Magdeburg IV";"15003";"Magdeburg, Landeshauptstadt";"15003000";"Magdeburg, Landeshauptstadt";"0000";;"003608";"Integrative Kita Kuschelhaus";"U";1512;731;7;724;115;297;74;87;14;61;3;0;6;14;4;6;41;0;2;9;722;159;300;93;70;18;24;;;22;;;;36;;;
"013";"Magdeburg IV";"15003";"Magdeburg, Landeshauptstadt";"15003000";"Magdeburg, Landeshauptstadt";"0000";;"003801";"Fritz Rödel-Heim Scheune";"U";679;352;4;348;53;128;21;35;7;53;2;0;5;8;0;4;31;0;1;6;346;90;130;35;32;11;9;;;13;;;;26;;;
"013";"Magdeburg IV";"15003";"Magdeburg, Landeshauptstadt";"15003000";"Magdeburg, Landeshauptstadt";"0000";;"003802";"Restaurant Reformer";"U";814;486;7;479;77;205;41;54;13;41;5;0;4;7;0;3;22;1;6;5;481;120;205;54;38;15;16;;;15;;;;18;;;
"013";"Magdeburg IV";"15003";"Magdeburg, Landeshauptstadt";"15003000";"Magdeburg, Landeshauptstadt";"0000";;"003803";"Gemeinschaftsschule A.W. Francke";"U";1804;937;12;925;144;416;82;88;21;61;6;0;16;18;0;5;64;0;4;7;930;198;437;86;79;17;22;;;34;;;;57;;;
"013";"Magdeburg IV";"15003";"Magdeburg, Landeshauptstadt";"15003000";"Magdeburg, Landeshauptstadt";"0000";;"003804";"Grundschule Lindenhof";"U";1223;668;9;659;121;254;61;60;17;71;3;2;7;15;1;3;38;0;6;9;659;173;266;72;52;20;33;;;17;;;;26;;;
"013";"Magdeburg IV";"15003";"Magdeburg, Landeshauptstadt";"15003000";"Magdeburg, Landeshauptstadt";"0000";;"003805";"Grundschule Lindenhof";"U";1153;624;6;618;112;245;39;78;22;65;2;2;2;7;4;2;35;0;3;7;617;190;243;44;55;22;21;;;11;;;;31;;;
"013";"Magdeburg IV";"15003";"Magdeburg, Landeshauptstadt";"15003000";"Magdeburg, Landeshauptstadt";"0000";;"003807";"Gemeinschaftsschule A.W. Francke";"U";1014;460;10;450;62;231;44;37;4;30;0;0;9;13;0;3;16;0;1;6;454;90;239;58;28;4;10;;;9;;;;16;;;
"013";"Magdeburg IV";"15003";"Magdeburg, Landeshauptstadt";"15003000";"Magdeburg, Landeshauptstadt";"0000";;"003809";"Geschwister-Scholl-Gymnasium";"U";1332;620;4;616;91;302;45;68;13;32;2;0;5;17;2;6;30;2;1;5;615;129;310;58;52;8;10;;;23;;;;25;;;
"013";"Magdeburg IV";"15003";"Magdeburg, Landeshauptstadt";"15003000";"Magdeburg, Landeshauptstadt";"0000";;"003811";"Geschwister-Scholl-Gymnasium";"U";880;439;4;435;60;202;50;40;6;27;2;0;9;9;3;5;20;0;2;7;432;74;208;66;35;5;9;;;24;;;;11;;;
"013";"Magdeburg IV";"15003";"Magdeburg, Landeshauptstadt";"15003000";"Magdeburg, Landeshauptstadt";"0000";;"004001";"Grundschule Am Hopfengarten";"U";1181;605;2;603;96;259;43;62;22;70;6;2;6;9;0;3;25;0;0;3;602;164;256;45;51;18;28;;;14;;;;26;;;
"013";"Magdeburg IV";"15003";"Magdeburg, Landeshauptstadt";"15003000";"Magdeburg, Landeshauptstadt";"0000";;"004002";"Sporthalle Heinz-Sommer-Weg";"U";851;434;6;428;63;176;38;40;10;56;3;2;0;5;0;4;29;1;1;7;427;106;174;42;38;14;19;;;8;;;;26;;;
"013";"Magdeburg IV";"15003";"Magdeburg, Landeshauptstadt";"15003000";"Magdeburg, Landeshauptstadt";"0000";;"004003";"Grundschule Am Hopfengarten";"U";1649;885;6;879;132;397;75;79;24;80;5;1;8;15;3;3;50;2;5;8;877;209;404;84;65;25;27;;;17;;;;46;;;
"013";"Magdeburg IV";"15003";"Magdeburg, Landeshauptstadt";"15003000";"Magdeburg, Landeshauptstadt";"0000";;"004401";"Erich-Kästner-Schule";"U";1627;704;1;703;84;212;71;79;28;177;1;0;4;7;3;2;29;2;4;2;702;213;213;108;52;29;51;;;16;;;;20;;;
"013";"Magdeburg IV";"15003";"Magdeburg, Landeshauptstadt";"15003000";"Magdeburg, Landeshauptstadt";"0000";;"004402";"Erich-Kästner-Schule";"U";1680;821;11;810;55;193;147;82;23;240;1;1;13;11;7;4;28;1;4;9;812;174;200;241;43;26;84;;;18;;;;26;;;
"013";"Magdeburg IV";"15003";"Magdeburg, Landeshauptstadt";"15003000";"Magdeburg, Landeshauptstadt";"0000";;"004403";"Erich-Kästner-Schule";"U";1831;867;8;859;77;265;121;78;17;213;6;2;8;13;3;11;42;1;2;9;858;208;263;174;49;28;70;;;24;;;;42;;;
"013";"Magdeburg IV";"15003";"Magdeburg, Landeshauptstadt";"15003000";"Magdeburg, Landeshauptstadt";"0000";;"004601";"Pflegezentrum Carl Krayl";"U";1269;636;8;628;71;306;69;44;8;59;4;0;15;12;3;6;30;0;1;8;628;106;327;73;44;10;28;;;25;;;;15;;;
"013";"Magdeburg IV";"15003";"Magdeburg, Landeshauptstadt";"15003000";"Magdeburg, Landeshauptstadt";"0000";;"004602";"Kindertagesstätte Bertis Biberburg";"U";1354;680;8;672;55;354;61;51;18;61;6;0;16;12;2;8;22;1;5;9;671;103;365;69;41;22;26;;;25;;;;20;;;
"013";"Magdeburg IV";"15003";"Magdeburg, Landeshauptstadt";"15003000";"Magdeburg, Landeshauptstadt";"0000";;"004801";"Grundschule Salbke";"U";909;473;2;471;42;295;29;33;3;29;0;0;5;8;2;3;20;0;2;3;470;64;299;40;20;4;20;;;10;;;;13;;;
"013";"Magdeburg IV";"15003";"Magdeburg, Landeshauptstadt";"15003000";"Magdeburg, Landeshauptstadt";"0000";;"004802";"Kindertagesstätte Am Salbker See";"U";1115;658;9;649;75;358;57;44;7;54;2;0;6;12;2;7;24;0;1;11;647;112;358;76;30;7;19;;;22;;;;23;;;
"013";"Magdeburg IV";"15003";"Magdeburg, Landeshauptstadt";"15003000";"Magdeburg, Landeshauptstadt";"0000";;"004803";"Grundschule Salbke";"U";1296;685;4;681;92;370;43;55;12;64;3;1;1;9;2;1;24;0;4;5;680;144;380;42;42;9;27;;;7;;;;29;;;
"013";"Magdeburg IV";"15003";"Magdeburg, Landeshauptstadt";"15003000";"Magdeburg, Landeshauptstadt";"0000";;"005001";"BBS Otto Schlein";"U";1480;800;7;793;83;390;70;59;19;87;5;1;9;20;2;3;41;0;4;9;791;147;405;77;51;17;34;;;33;;;;27;;;
"013";"Magdeburg IV";"15003";"Magdeburg, Landeshauptstadt";"15003000";"Magdeburg, Landeshauptstadt";"0000";;"005002";"Grundschule Westerhüsen";"U";1117;558;4;554;73;271;36;37;10;59;4;4;5;6;1;6;41;0;1;6;552;120;279;52;21;8;24;;;13;;;;35;;;
"013";"Magdeburg IV";"15003";"Magdeburg, Landeshauptstadt";"15003000";"Magdeburg, Landeshauptstadt";"0000";;"007801";"Gemeindekirchenraum Beyendorf";"U";568;326;4;322;44;172;21;24;12;20;0;0;1;4;0;2;20;1;1;3;323;67;172;22;15;8;10;;;6;;;;23;;;
"013";"Magdeburg IV";"15003";"Magdeburg, Landeshauptstadt";"15003000";"Magdeburg, Landeshauptstadt";"0000";;"007802";"Verwaltungsaußenstelle Beyendorf/Sohlen";"U";463;312;4;308;41;137;21;29;10;42;0;0;6;3;0;2;16;0;1;4;308;75;134;29;22;9;14;;;12;;;;13;;;
"013";"Magdeburg IV";"15003";"Magdeburg, Landeshauptstadt";"15003000";"Magdeburg, Landeshauptstadt";"0000";;"009321";"Briefwahlvorstand im Wahlkreis 13 (9321)";"B";0;990;3;987;271;186;88;120;49;157;7;0;7;15;3;3;74;3;4;4;986;440;169;94;83;54;52;;;28;;;;66;;;
"013";"Magdeburg IV";"15003";"Magdeburg, Landeshauptstadt";"15003000";"Magdeburg, Landeshauptstadt";"0000";;"009322";"Briefwahlvorstand im Wahlkreis 13 (9322)";"B";0;883;7;876;188;223;98;126;36;97;5;1;9;11;1;11;60;7;3;11;872;311;220;96;79;39;48;;;31;;;;48;;;
"013";"Magdeburg IV";"15003";"Magdeburg, Landeshauptstadt";"15003000";"Magdeburg, Landeshauptstadt";"0000";;"009323";"Briefwahlvorstand im Wahlkreis 13 (9323)";"B";0;824;5;819;210;182;97;114;39;105;5;0;5;10;1;5;42;0;4;7;817;366;173;90;71;30;33;;;14;;;;40;;;
"013";"Magdeburg IV";"15003";"Magdeburg, Landeshauptstadt";"15003000";"Magdeburg, Landeshauptstadt";"0000";;"009341";"Briefwahlvorstand im Wahlkreis 13 (9341)";"B";0;423;2;421;90;100;41;58;21;54;2;2;4;9;2;5;32;0;1;3;420;149;103;46;44;19;15;;;10;;;;34;;;
"013";"Magdeburg IV";"15003";"Magdeburg, Landeshauptstadt";"15003000";"Magdeburg, Landeshauptstadt";"0000";;"009361";"Briefwahlvorstand im Wahlkreis 13 (9361)";"B";0;1084;3;1081;172;146;145;186;35;312;10;2;5;11;2;5;42;2;6;3;1081;408;137;206;103;37;119;;;31;;;;40;;;
"013";"Magdeburg IV";"15003";"Magdeburg, Landeshauptstadt";"15003000";"Magdeburg, Landeshauptstadt";"0000";;"009362";"Briefwahlvorstand im Wahlkreis 13 (9362)";"B";0;1168;6;1162;155;200;169;195;31;277;10;0;17;19;12;10;52;3;12;6;1162;347;197;250;116;49;108;;;42;;;;53;;;
"013";"Magdeburg IV";"15003";"Magdeburg, Landeshauptstadt";"15003000";"Magdeburg, Landeshauptstadt";"0000";;"009363";"Briefwahlvorstand im Wahlkreis 13 (9363)";"B";0;767;3;764;146;184;98;127;27;98;3;1;6;21;2;2;44;1;4;4;763;207;180;112;116;36;44;;;28;;;;40;;;
"013";"Magdeburg IV";"15003";"Magdeburg, Landeshauptstadt";"15003000";"Magdeburg, Landeshauptstadt";"0000";;"009381";"Briefwahlvorstand im Wahlkreis 13 (9381)";"B";0;952;4;948;224;211;120;152;31;112;2;0;14;16;1;5;51;3;6;9;943;339;206;114;113;41;45;;;29;;;;56;;;
"013";"Magdeburg IV";"15003";"Magdeburg, Landeshauptstadt";"15003000";"Magdeburg, Landeshauptstadt";"0000";;"009382";"Briefwahlvorstand im Wahlkreis 13 (9382)";"B";0;777;2;775;204;125;80;146;34;112;7;2;5;5;2;3;47;1;2;3;774;322;126;90;100;33;58;;;13;;;;32;;;
"013";"Magdeburg IV";"15003";"Magdeburg, Landeshauptstadt";"15003000";"Magdeburg, Landeshauptstadt";"0000";;"009383";"Briefwahlvorstand im Wahlkreis 13 (9383)";"B";0;751;3;748;190;181;101;119;20;54;3;0;11;15;2;8;41;0;3;5;746;244;189;106;90;24;23;;;34;;;;36;;;
"013";"Magdeburg IV";"15003";"Magdeburg, Landeshauptstadt";"15003000";"Magdeburg, Landeshauptstadt";"0000";;"009401";"Briefwahlvorstand im Wahlkreis 13 (9401)";"B";0;737;2;735;164;113;89;137;22;123;0;0;4;15;2;1;56;3;6;6;731;309;118;90;65;24;46;;;24;;;;55;;;
"013";"Magdeburg IV";"15003";"Magdeburg, Landeshauptstadt";"15003000";"Magdeburg, Landeshauptstadt";"0000";;"009402";"Briefwahlvorstand im Wahlkreis 13 (9402)";"B";0;515;2;513;121;129;50;69;19;67;3;0;4;11;5;3;27;2;3;2;513;199;123;52;43;14;32;;;21;;;;29;;;
"013";"Magdeburg IV";"15003";"Magdeburg, Landeshauptstadt";"15003000";"Magdeburg, Landeshauptstadt";"0000";;"009441";"Briefwahlvorstand im Wahlkreis 13 (9441)";"B";0;683;0;683;112;118;73;109;30;186;3;0;4;2;0;5;31;3;7;3;680;249;110;92;73;31;75;;;19;;;;31;;;
"013";"Magdeburg IV";"15003";"Magdeburg, Landeshauptstadt";"15003000";"Magdeburg, Landeshauptstadt";"0000";;"009442";"Briefwahlvorstand im Wahlkreis 13 (9442)";"B";0;1069;2;1067;168;116;186;145;30;345;6;2;9;8;5;6;36;2;3;3;1066;382;117;286;73;29;123;;;31;;;;25;;;
"013";"Magdeburg IV";"15003";"Magdeburg, Landeshauptstadt";"15003000";"Magdeburg, Landeshauptstadt";"0000";;"009461";"Briefwahlvorstand im Wahlkreis 13 (9461)";"B";0;486;2;484;75;117;93;70;16;55;3;1;7;7;1;6;30;2;1;3;483;126;113;108;47;22;23;;;17;;;;27;;;
"013";"Magdeburg IV";"15003";"Magdeburg, Landeshauptstadt";"15003000";"Magdeburg, Landeshauptstadt";"0000";;"009481";"Briefwahlvorstand im Wahlkreis 13 (9481)";"B";0;841;2;839;167;201;109;98;30;114;4;4;12;14;2;7;69;1;7;2;839;264;188;114;74;30;67;;;32;;;;70;;;
"013";"Magdeburg IV";"15003";"Magdeburg, Landeshauptstadt";"15003000";"Magdeburg, Landeshauptstadt";"0000";;"009501";"Briefwahlvorstand im Wahlkreis 13 (9501)";"B";0;814;5;809;174;210;83;112;26;108;4;3;9;16;1;4;54;1;4;5;809;261;209;84;80;29;57;;;32;;;;57;;;
"013";"Magdeburg IV";"15003";"Magdeburg, Landeshauptstadt";"15003000";"Magdeburg, Landeshauptstadt";"0000";;"009781";"Briefwahlvorstand im Wahlkreis 13 (9781)";"B";0;251;0;251;51;65;20;35;17;28;3;0;3;3;2;1;21;0;2;3;248;86;64;18;18;18;21;;;7;;;;16;;;
"013";"Magdeburg IV";"15003";"Magdeburg, Landeshauptstadt";"15003000";"Magdeburg, Landeshauptstadt";"0000";;"009999";"Briefwahlvorstand im Wahlkreis 13 (9999)";"B";0;81;0;81;11;12;12;7;10;21;1;0;2;1;0;1;3;0;0;1;80;23;9;20;2;12;6;;;2;;;;6;;;
"014";"Halberstadt";"15085";"Harz";"15085125";"Groß Quenstedt";"5051";"Vorharz";"000993";"Briefwahl Groß Quenstedt";"B";0;135;7;128;26;37;9;16;11;8;8;1;0;1;1;0;10;0;0;8;127;36;35;13;16;5;6;8;;;;;;8;;;
"014";"Halberstadt";"15085";"Harz";"15085125";"Groß Quenstedt";"5051";"Vorharz";"004001";"Groß Quenstedt";"U";729;434;8;426;54;210;46;39;8;19;10;1;5;2;1;2;26;2;1;3;431;80;219;50;25;11;5;18;;;;;;23;;;
"014";"Halberstadt";"15085";"Harz";"15085135";"Halberstadt, Stadt";"0135";;"000001";"Grundschule Diesterweg";"U";1922;988;9;979;131;507;73;74;17;58;12;3;8;7;0;8;72;5;4;9;979;200;522;95;41;13;28;35;;;;;;45;;;
"014";"Halberstadt";"15085";"Harz";"15085135";"Halberstadt, Stadt";"0135";;"000002";"Grundschule J. W. von Goethe";"U";2186;1121;7;1114;141;633;65;83;16;67;15;1;14;5;1;3;66;0;4;7;1114;207;634;96;51;15;31;31;;;;;;49;;;
"014";"Halberstadt";"15085";"Harz";"15085135";"Halberstadt, Stadt";"0135";;"000003";"Sekundarschule am Gröpertor";"U";1633;783;7;776;80;400;80;69;20;47;16;1;3;1;2;5;48;1;3;8;775;115;402;103;49;13;38;24;;;;;;31;;;
"014";"Halberstadt";"15085";"Harz";"15085135";"Halberstadt, Stadt";"0135";;"000004";"Gymnasium Martineum";"U";1956;862;10;852;98;466;81;53;15;65;12;2;7;1;1;4;44;0;3;11;851;150;464;99;32;11;42;21;;;;;;32;;;
"014";"Halberstadt";"15085";"Harz";"15085135";"Halberstadt, Stadt";"0135";;"000005";"Sporthalle Völkerfreundschaft";"U";1291;592;11;581;97;255;70;47;9;28;15;0;8;1;0;3;48;0;0;15;577;113;269;68;42;8;24;16;;;;;;37;;;
"014";"Halberstadt";"15085";"Harz";"15085135";"Halberstadt, Stadt";"0135";;"000006";"Sporthalle Völkerfreundschaft";"U";1659;713;10;703;122;318;69;70;7;56;21;0;4;2;0;3;29;2;0;9;704;157;321;79;57;6;31;31;;;;;;22;;;
"014";"Halberstadt";"15085";"Harz";"15085135";"Halberstadt, Stadt";"0135";;"000007";"Grundschule Miriam Lundner";"U";1751;895;12;883;110;484;82;42;12;69;10;3;9;3;0;2;53;2;2;13;882;155;486;84;45;10;35;25;;;;;;42;;;
"014";"Halberstadt";"15085";"Harz";"15085135";"Halberstadt, Stadt";"0135";;"000008";"Kreismusikschule";"U";1619;743;13;730;88;398;65;47;7;46;13;1;6;1;2;5;49;1;1;13;730;124;407;85;28;5;28;18;;;;;;35;;;
"014";"Halberstadt";"15085";"Harz";"15085135";"Halberstadt, Stadt";"0135";;"000009";"Kita Waldblick";"U";1576;800;10;790;141;353;66;59;13;63;16;4;7;7;0;3;54;2;2;13;787;179;355;99;45;9;35;27;;;;;;38;;;
"014";"Halberstadt";"15085";"Harz";"15085135";"Halberstadt, Stadt";"0135";;"000010";"Käthe-Kollwitz-Gymnasium";"U";1735;900;10;890;131;441;79;64;11;77;18;2;9;2;1;7;45;2;1;9;891;179;444;105;50;9;42;31;;;;;;31;;;
"014";"Halberstadt";"15085";"Harz";"15085135";"Halberstadt, Stadt";"0135";;"000011";"Käthe-Kollwitz-Gymnasium";"U";1561;739;7;732;88;393;61;50;11;59;11;0;8;4;0;2;43;0;2;7;732;130;398;75;41;9;23;18;;;;;;38;;;
"014";"Halberstadt";"15085";"Harz";"15085135";"Halberstadt, Stadt";"0135";;"000012";"Freizeit- und Sportzentrum";"U";1475;801;4;797;142;331;67;75;12;92;6;1;5;4;4;4;52;1;1;6;795;204;342;85;54;10;44;16;;;;;;40;;;
"014";"Halberstadt";"15085";"Harz";"15085135";"Halberstadt, Stadt";"0135";;"000013";"Grundschule Freiherr v. Spiegel";"U";1548;884;8;876;124;435;79;77;10;61;14;0;11;7;3;4;49;1;1;8;876;177;438;91;50;8;44;29;;;;;;39;;;
"014";"Halberstadt";"15085";"Harz";"15085135";"Halberstadt, Stadt";"0135";;"000014";"Grundschule Freiherr v. Spiegel";"U";1849;967;15;952;152;476;91;92;4;46;19;1;4;8;2;5;51;0;1;12;955;195;474;104;74;5;25;35;;;;;;43;;;
"014";"Halberstadt";"15085";"Harz";"15085135";"Halberstadt, Stadt";"0135";;"000015";"Albert-Schweitzer-Schule";"U";1476;657;8;649;92;358;52;55;4;35;9;0;5;4;0;5;28;1;1;9;648;116;363;69;45;4;13;22;;;;;;16;;;
"014";"Halberstadt";"15085";"Harz";"15085135";"Halberstadt, Stadt";"0135";;"000016";"Evangelische Grundschule Wehrstedt";"U";621;339;3;336;42;207;20;11;4;14;10;0;2;1;0;2;23;0;0;1;338;64;214;19;7;4;3;10;;;;;;17;;;
"014";"Halberstadt";"15085";"Harz";"15085135";"Halberstadt, Stadt";"0135";;"000017";"OT Aspenstedt";"U";393;256;4;252;33;130;19;23;6;10;5;0;2;2;0;3;18;0;1;4;252;47;132;18;21;4;10;9;;;;;;11;;;
"014";"Halberstadt";"15085";"Harz";"15085135";"Halberstadt, Stadt";"0135";;"000018";"OT Athenstedt";"U";275;194;3;191;30;100;16;20;3;12;2;0;1;1;0;0;6;0;0;3;191;31;104;19;18;1;6;8;;;;;;4;;;
"014";"Halberstadt";"15085";"Harz";"15085135";"Halberstadt, Stadt";"0135";;"000019";"OT Emersleben";"U";507;328;3;325;46;167;19;33;5;11;10;1;1;2;0;5;25;0;0;1;327;65;170;33;18;4;5;15;;;;;;17;;;
"014";"Halberstadt";"15085";"Harz";"15085135";"Halberstadt, Stadt";"0135";;"000020";"OT Klein Quenstedt";"U";499;348;8;340;41;203;13;29;5;20;8;0;6;1;1;1;12;0;0;8;340;65;198;16;15;6;11;14;;;;;;15;;;
"014";"Halberstadt";"15085";"Harz";"15085135";"Halberstadt, Stadt";"0135";;"000021";"OT Langenstein";"U";1500;884;13;871;116;449;60;87;29;46;12;0;13;0;2;8;47;1;1;11;873;172;455;65;60;25;30;27;;;;;;39;;;
"014";"Halberstadt";"15085";"Harz";"15085135";"Halberstadt, Stadt";"0135";;"000022";"OT Sargstedt";"U";529;334;5;329;58;178;22;18;9;14;8;0;5;1;0;1;15;0;0;7;327;87;173;27;12;9;2;7;;;;;;10;;;
"014";"Halberstadt";"15085";"Harz";"15085135";"Halberstadt, Stadt";"0135";;"000023";"OT Schachdorf Ströbeck";"U";837;548;12;536;92;276;38;41;13;23;8;1;2;4;3;4;28;2;1;12;536;120;263;39;43;10;14;21;;;;;;26;;;
"014";"Halberstadt";"15085";"Harz";"15085135";"Halberstadt, Stadt";"0135";;"000992";"Briefwahl Halberstadt";"B";0;735;9;726;187;165;80;75;20;108;12;5;4;3;3;4;55;2;3;9;726;267;159;101;54;15;56;22;;;;;;52;;;
"014";"Halberstadt";"15085";"Harz";"15085135";"Halberstadt, Stadt";"0135";;"000993";"Briefwahl Halberstadt";"B";0;982;14;968;265;212;115;145;20;99;17;0;8;6;0;4;70;1;6;14;968;339;215;160;80;15;68;40;;;;;;51;;;
"014";"Halberstadt";"15085";"Harz";"15085135";"Halberstadt, Stadt";"0135";;"000994";"Briefwahl Halberstadt";"B";0;979;3;976;259;256;94;117;25;94;16;2;12;4;3;5;84;1;4;5;974;331;260;133;76;19;58;29;;;;;;68;;;
"014";"Halberstadt";"15085";"Harz";"15085135";"Halberstadt, Stadt";"0135";;"000995";"Briefwahl Halberstadt";"B";0;741;3;738;211;144;102;105;8;88;8;0;6;3;0;3;53;0;7;6;735;290;147;123;48;6;58;14;;;;;;49;;;
"014";"Halberstadt";"15085";"Harz";"15085135";"Halberstadt, Stadt";"0135";;"000996";"Briefwahl Halberstadt";"B";0;907;0;907;225;205;118;122;20;112;17;1;12;5;1;6;58;2;3;2;905;320;202;138;67;20;68;37;;;;;;53;;;
"014";"Halberstadt";"15085";"Harz";"15085135";"Halberstadt, Stadt";"0135";;"000997";"Briefwahl Halberstadt";"B";0;804;2;802;261;194;76;112;15;53;15;2;14;2;3;6;46;0;3;5;799;292;181;107;72;17;50;34;;;;;;46;;;
"014";"Halberstadt";"15085";"Harz";"15085135";"Halberstadt, Stadt";"0135";;"000998";"Briefwahl Halberstadt";"B";0;754;9;745;221;153;101;104;14;65;11;0;5;8;1;6;56;0;0;10;744;265;157;108;68;15;63;19;;;;;;49;;;
"014";"Halberstadt";"15085";"Harz";"15085135";"Halberstadt, Stadt";"0135";;"000999";"Briefwahl Halberstadt";"B";0;814;3;811;225;201;76;110;18;95;14;0;12;4;1;4;50;1;0;6;808;304;192;94;57;15;55;39;;;;;;52;;;
"014";"Halberstadt";"15085";"Harz";"15085185";"Huy";"0185";;"000001";"OT Aderstedt";"U";256;163;1;162;28;92;9;9;2;3;2;0;2;2;0;2;11;0;0;1;162;27;97;8;17;0;0;9;;;;;;4;;;
"014";"Halberstadt";"15085";"Harz";"15085185";"Huy";"0185";;"000002";"OT Anderbeck";"U";373;195;2;193;24;106;24;13;6;4;2;1;3;1;0;0;9;0;0;5;190;26;103;25;22;4;0;6;;;;;;4;;;
"014";"Halberstadt";"15085";"Harz";"15085185";"Huy";"0185";;"000003";"OT Badersleben";"U";704;457;6;451;67;194;33;64;9;29;10;0;11;1;1;3;25;1;3;6;451;95;187;30;76;11;10;18;;;;;;24;;;
"014";"Halberstadt";"15085";"Harz";"15085185";"Huy";"0185";;"000004";"OT Dedeleben";"U";734;425;5;420;70;206;29;45;5;15;10;1;4;3;1;2;27;0;2;5;420;89;202;34;45;3;5;24;;;;;;18;;;
"014";"Halberstadt";"15085";"Harz";"15085185";"Huy";"0185";;"000005";"OT Dingelstedt am Huy";"U";1104;623;12;611;96;315;45;63;9;25;23;1;3;4;0;3;22;1;1;6;617;107;304;38;102;4;8;31;;;;;;23;;;
"014";"Halberstadt";"15085";"Harz";"15085185";"Huy";"0185";;"000006";"OT Eilenstedt";"U";692;421;2;419;41;264;23;32;6;19;2;0;3;3;0;3;21;1;1;1;420;54;263;30;33;2;11;6;;;;;;21;;;
"014";"Halberstadt";"15085";"Harz";"15085185";"Huy";"0185";;"000007";"OT Eilsdorf";"U";268;171;0;171;27;89;8;18;3;4;6;0;0;0;0;1;15;0;0;0;171;28;91;9;17;2;4;11;;;;;;9;;;
"014";"Halberstadt";"15085";"Harz";"15085185";"Huy";"0185";;"000008";"OT Huy-Neinstedt";"U";139;73;1;72;12;29;9;5;2;9;2;0;1;0;0;0;3;0;0;1;72;12;31;11;8;2;3;4;;;;;;1;;;
"014";"Halberstadt";"15085";"Harz";"15085185";"Huy";"0185";;"000009";"OT Pabstorf";"U";463;260;0;260;37;153;10;20;4;13;4;0;2;0;1;0;16;0;0;3;257;43;150;12;27;2;5;6;;;;;;12;;;
"014";"Halberstadt";"15085";"Harz";"15085185";"Huy";"0185";;"000010";"OT Schlanstedt";"U";723;417;3;414;54;256;25;22;4;16;6;1;4;3;2;2;17;1;1;5;412;71;244;29;28;4;8;15;;;;;;13;;;
"014";"Halberstadt";"15085";"Harz";"15085185";"Huy";"0185";;"000011";"OT Vogelsdorf";"U";209;137;4;133;25;51;16;11;2;17;2;0;1;0;1;1;6;0;0;6;131;28;51;23;9;1;8;5;;;;;;6;;;
"014";"Halberstadt";"15085";"Harz";"15085185";"Huy";"0185";;"000995";"Briefwahl Huy";"B";0;1021;6;1015;280;293;72;144;37;62;17;0;13;6;4;3;80;2;2;6;1015;276;290;75;205;24;38;33;;;;;;74;;;
"014";"Halberstadt";"15085";"Harz";"15085285";"Schwanebeck, Stadt";"5051";"Vorharz";"000994";"Briefwahl Schwanebeck";"B";0;324;15;309;74;111;25;43;4;18;11;0;3;0;2;2;15;1;0;16;308;101;109;32;29;3;10;13;;;;;;11;;;
"014";"Halberstadt";"15085";"Harz";"15085285";"Schwanebeck, Stadt";"5051";"Vorharz";"002001";"Schwanebeck";"U";1660;1026;16;1010;102;640;91;50;12;27;15;1;4;6;1;10;49;2;0;11;1015;132;644;95;60;13;10;20;;;;;;41;;;
"014";"Halberstadt";"15085";"Harz";"15085285";"Schwanebeck, Stadt";"5051";"Vorharz";"002002";"OT Nienhagen";"U";296;221;4;217;15;153;6;14;4;3;6;0;3;1;0;0;12;0;0;3;218;18;157;9;13;3;2;7;;;;;;9;;;
"015";"Blankenburg";"15085";"Harz";"15085055";"Blankenburg (Harz), Stadt";"0055";;"000001";"Kita Regenstein";"U";977;551;14;537;95;258;46;64;5;24;4;0;7;1;4;1;27;0;1;15;536;102;257;63;59;6;14;13;;;;;;22;;;
"015";"Blankenburg";"15085";"Harz";"15085055";"Blankenburg (Harz), Stadt";"0055";;"000002";"GS Regenstein";"U";635;361;3;358;65;180;31;15;11;25;2;0;2;3;2;1;21;0;0;2;359;72;189;45;15;10;7;7;;;;;;14;;;
"015";"Blankenburg";"15085";"Harz";"15085055";"Blankenburg (Harz), Stadt";"0055";;"000003";"Vereinshaus Zur alten Schule";"U";897;488;4;484;67;257;29;45;7;23;9;1;7;1;4;2;31;1;0;6;482;78;254;40;52;7;12;18;;;;;;21;;;
"015";"Blankenburg";"15085";"Harz";"15085055";"Blankenburg (Harz), Stadt";"0055";;"000004";"Kita Westend";"U";1253;687;2;685;100;317;43;77;10;49;18;2;11;3;3;6;44;1;1;4;683;123;314;70;76;15;17;30;;;;;;38;;;
"015";"Blankenburg";"15085";"Harz";"15085055";"Blankenburg (Harz), Stadt";"0055";;"000005";"Kita Am Bergeshang";"U";1252;779;7;772;108;396;58;78;14;49;16;0;5;6;3;4;35;0;0;11;768;137;385;72;79;20;14;26;;;;;;35;;;
"015";"Blankenburg";"15085";"Harz";"15085055";"Blankenburg (Harz), Stadt";"0055";;"000006";"Sekundarschule August Bebel";"U";1320;717;8;709;124;315;36;83;23;62;10;1;8;2;9;1;32;2;1;7;710;161;300;67;86;27;19;21;;;;;;29;;;
"015";"Blankenburg";"15085";"Harz";"15085055";"Blankenburg (Harz), Stadt";"0055";;"000007";"Kita Am Thie";"U";1320;690;15;675;96;328;46;80;8;50;15;2;4;5;5;2;29;1;4;13;677;127;325;70;77;13;17;28;;;;;;20;;;
"015";"Blankenburg";"15085";"Harz";"15085055";"Blankenburg (Harz), Stadt";"0055";;"000008";"Rathaus";"U";1232;669;4;665;97;328;38;65;15;63;8;1;11;3;3;3;27;0;3;3;666;134;327;69;55;17;25;14;;;;;;25;;;
"015";"Blankenburg";"15085";"Harz";"15085055";"Blankenburg (Harz), Stadt";"0055";;"000009";"OT Börnecke";"U";439;308;7;301;63;141;14;22;6;23;9;0;5;1;1;2;14;0;0;7;301;74;143;21;24;10;6;11;;;;;;12;;;
"015";"Blankenburg";"15085";"Harz";"15085055";"Blankenburg (Harz), Stadt";"0055";;"000010";"Stadtwerke Blankenburg";"U";1207;763;8;755;102;407;42;56;15;44;0;1;20;4;8;4;51;0;1;9;754;127;406;58;56;20;17;27;;;;;;43;;;
"015";"Blankenburg";"15085";"Harz";"15085055";"Blankenburg (Harz), Stadt";"0055";;"000011";"OT Cattenstedt";"U";477;348;4;344;41;206;19;25;3;14;6;0;3;0;1;1;22;3;0;7;341;63;199;24;23;6;5;5;;;;;;16;;;
"015";"Blankenburg";"15085";"Harz";"15085055";"Blankenburg (Harz), Stadt";"0055";;"000012";"OT Heimburg";"U";671;423;6;417;48;247;21;26;5;18;9;0;0;3;0;2;35;0;3;6;417;60;242;30;29;6;5;14;;;;;;31;;;
"015";"Blankenburg";"15085";"Harz";"15085055";"Blankenburg (Harz), Stadt";"0055";;"000013";"OT Hüttenrode";"U";759;515;6;509;70;293;35;40;8;15;8;11;10;1;2;2;13;0;1;7;508;92;298;38;33;8;6;14;;;;;;19;;;
"015";"Blankenburg";"15085";"Harz";"15085055";"Blankenburg (Harz), Stadt";"0055";;"000014";"OT Timmenrode";"U";789;533;2;531;80;282;27;45;15;25;8;2;6;2;3;5;31;0;0;6;527;112;272;29;35;12;13;26;;;;;;28;;;
"015";"Blankenburg";"15085";"Harz";"15085055";"Blankenburg (Harz), Stadt";"0055";;"000015";"OT Wienrode";"U";632;432;4;428;63;236;22;38;4;18;8;1;9;2;4;4;17;0;2;5;427;71;241;22;35;10;14;21;;;;;;13;;;
"015";"Blankenburg";"15085";"Harz";"15085055";"Blankenburg (Harz), Stadt";"0055";;"000016";"OT Derenburg Trauzimmer";"U";1103;557;2;555;75;301;39;59;4;27;10;0;6;0;1;1;32;0;0;3;554;97;300;54;52;5;12;14;;;;;;20;;;
"015";"Blankenburg";"15085";"Harz";"15085055";"Blankenburg (Harz), Stadt";"0055";;"000017";"OT Derenburg Sitzungsraum";"U";886;491;7;484;64;265;31;45;6;22;7;0;6;3;2;0;31;2;0;7;484;69;268;41;47;10;10;14;;;;;;25;;;
"015";"Blankenburg";"15085";"Harz";"15085055";"Blankenburg (Harz), Stadt";"0055";;"000997";"Briefwahl Blankenburg";"B";0;985;5;980;208;252;97;164;21;113;16;1;11;3;4;7;78;3;2;7;978;244;244;168;150;30;42;35;;;;;;65;;;
"015";"Blankenburg";"15085";"Harz";"15085055";"Blankenburg (Harz), Stadt";"0055";;"000998";"Briefwahl Blankenburg";"B";0;986;3;983;241;266;104;149;19;90;18;1;10;3;4;6;69;1;2;5;981;272;244;147;145;25;41;33;;;;;;74;;;
"015";"Blankenburg";"15085";"Harz";"15085055";"Blankenburg (Harz), Stadt";"0055";;"000999";"Briefwahl Blankenburg";"B";0;1030;3;1027;264;246;117;175;22;92;26;0;14;4;1;5;57;1;3;4;1026;319;242;172;139;30;40;38;;;;;;46;;;
"015";"Blankenburg";"15085";"Harz";"15085190";"Ilsenburg (Harz), Stadt";"0190";;"000001";"Grundschule";"U";1087;586;6;580;88;242;48;88;7;43;11;3;10;1;4;7;12;0;16;6;580;95;243;51;120;9;10;29;;;;;;23;;;
"015";"Blankenburg";"15085";"Harz";"15085190";"Ilsenburg (Harz), Stadt";"0190";;"000002";"Haus der Vereine";"U";1174;649;9;640;97;212;51;118;12;88;5;4;6;3;1;8;32;2;1;10;639;130;208;62;160;13;20;23;;;;;;23;;;
"015";"Blankenburg";"15085";"Harz";"15085190";"Ilsenburg (Harz), Stadt";"0190";;"000003";"Sekundarschule";"U";1013;567;2;565;82;246;41;76;10;45;9;1;5;1;3;5;34;2;5;4;563;85;247;56;113;11;15;16;;;;;;20;;;
"015";"Blankenburg";"15085";"Harz";"15085190";"Ilsenburg (Harz), Stadt";"0190";;"000004";"Harzlandhalle";"U";1322;808;10;798;125;333;51;111;20;79;12;0;9;2;3;8;38;3;4;13;795;132;330;61;178;18;29;22;;;;;;25;;;
"015";"Blankenburg";"15085";"Harz";"15085190";"Ilsenburg (Harz), Stadt";"0190";;"000005";"OT Drübeck";"U";1274;790;10;780;131;314;59;94;21;69;20;0;7;5;4;5;42;2;7;12;778;154;294;72;120;20;24;45;;;;;;49;;;
"015";"Blankenburg";"15085";"Harz";"15085190";"Ilsenburg (Harz), Stadt";"0190";;"000006";"OT Darlingerode Sandtalhalle";"U";961;550;10;540;85;241;39;64;12;45;11;0;8;1;4;1;26;2;1;10;540;108;227;43;85;7;15;27;;;;;;28;;;
"015";"Blankenburg";"15085";"Harz";"15085190";"Ilsenburg (Harz), Stadt";"0190";;"000007";"OT Darlingerode Kita";"U";1033;602;5;597;130;248;39;60;10;60;6;1;3;2;0;3;30;0;5;5;597;137;238;63;91;8;15;18;;;;;;27;;;
"015";"Blankenburg";"15085";"Harz";"15085190";"Ilsenburg (Harz), Stadt";"0190";;"000998";"Briefwahl Ilsenburg";"B";0;843;1;842;204;150;65;194;16;91;43;0;11;4;0;4;59;0;1;8;835;233;136;87;200;16;52;59;;;;;;52;;;
"015";"Blankenburg";"15085";"Harz";"15085190";"Ilsenburg (Harz), Stadt";"0190";;"000999";"Briefwahl Ilsenburg";"B";0;1040;5;1035;235;205;111;248;26;102;19;2;16;2;2;6;55;2;4;9;1031;233;192;121;324;28;47;34;;;;;;52;;;
"015";"Blankenburg";"15085";"Harz";"15085227";"Nordharz";"0227";;"000001";"OT Abbenrode";"U";671;469;9;460;65;220;24;58;11;32;14;0;7;0;2;3;21;0;3;8;461;83;213;34;60;13;11;26;;;;;;21;;;
"015";"Blankenburg";"15085";"Harz";"15085227";"Nordharz";"0227";;"000002";"OT Danstedt";"U";383;266;4;262;53;111;10;34;7;19;6;1;3;1;0;5;11;0;1;3;263;60;110;19;33;7;8;19;;;;;;7;;;
"015";"Blankenburg";"15085";"Harz";"15085227";"Nordharz";"0227";;"000003";"OT Heudeber";"U";921;616;6;610;56;389;33;57;4;18;5;16;10;2;0;2;16;1;1;8;608;81;395;38;38;10;8;18;;;;;;20;;;
"015";"Blankenburg";"15085";"Harz";"15085227";"Nordharz";"0227";;"000004";"OT Langeln";"U";770;510;4;506;73;258;23;47;7;28;10;0;6;1;1;4;47;1;0;5;505;84;255;27;55;10;15;19;;;;;;40;;;
"015";"Blankenburg";"15085";"Harz";"15085227";"Nordharz";"0227";;"000005";"OT Schmatzfeld";"U";269;212;1;211;22;133;14;19;2;6;3;0;3;0;0;2;6;0;1;0;212;23;131;15;21;2;5;7;;;;;;8;;;
"015";"Blankenburg";"15085";"Harz";"15085227";"Nordharz";"0227";;"000006";"OT Stapelburg";"U";1077;708;6;702;88;364;61;60;6;34;15;3;11;2;4;5;47;0;2;11;697;84;369;68;82;11;17;27;;;;;;39;;;
"015";"Blankenburg";"15085";"Harz";"15085227";"Nordharz";"0227";;"000007";"OT Veckenstedt";"U";1092;683;6;677;126;275;33;109;6;57;13;0;3;3;1;3;44;2;2;7;676;157;273;44;117;11;22;22;;;;;;30;;;
"015";"Blankenburg";"15085";"Harz";"15085227";"Nordharz";"0227";;"000008";"OT Wasserleben";"U";1093;654;5;649;87;279;46;91;9;46;22;0;7;5;2;9;45;0;1;5;649;111;276;52;87;18;34;32;;;;;;39;;;
"015";"Blankenburg";"15085";"Harz";"15085227";"Nordharz";"0227";;"000998";"Briefwahl Nordharz";"B";0;1096;2;1094;269;279;94;196;32;113;16;1;11;7;1;5;66;0;4;7;1089;303;267;112;210;36;53;38;;;;;;70;;;
"015";"Blankenburg";"15085";"Harz";"15085230";"Osterwieck, Stadt";"0230";;"000010";"OT Berßel";"U";530;337;4;333;61;168;20;33;10;14;5;0;1;2;1;0;18;0;0;4;333;70;164;23;39;7;10;9;;;;;;11;;;
"015";"Blankenburg";"15085";"Harz";"15085230";"Osterwieck, Stadt";"0230";;"000020";"OT Bühne";"U";270;167;2;165;35;80;7;17;2;8;3;0;2;3;0;0;8;0;0;1;166;32;80;12;15;5;5;7;;;;;;10;;;
"015";"Blankenburg";"15085";"Harz";"15085230";"Osterwieck, Stadt";"0230";;"000021";"OT Bühne-Hoppenstedt";"U";125;100;2;98;18;52;3;12;3;2;4;0;1;0;0;0;3;0;0;2;98;22;50;5;11;1;3;4;;;;;;2;;;
"015";"Blankenburg";"15085";"Harz";"15085230";"Osterwieck, Stadt";"0230";;"000030";"OT Dardesheim";"U";617;419;6;413;66;195;19;66;8;27;6;0;8;3;0;2;11;0;2;11;408;84;189;31;56;11;11;21;;;;;;5;;;
"015";"Blankenburg";"15085";"Harz";"15085230";"Osterwieck, Stadt";"0230";;"000040";"OT Deersheim";"U";586;402;6;396;68;164;37;66;6;16;9;0;4;2;1;6;16;0;1;4;398;75;164;48;65;8;9;16;;;;;;13;;;
"015";"Blankenburg";"15085";"Harz";"15085230";"Osterwieck, Stadt";"0230";;"000050";"OT Hessen";"U";971;631;5;626;89;345;50;42;8;23;13;1;6;1;1;3;41;2;1;9;622;109;345;54;40;9;8;27;;;;;;30;;;
"015";"Blankenburg";"15085";"Harz";"15085230";"Osterwieck, Stadt";"0230";;"000060";"OT Lüttgenrode";"U";369;215;3;212;34;111;8;19;6;8;7;0;4;1;1;2;8;1;2;4;211;41;108;9;21;6;4;17;;;;;;5;;;
"015";"Blankenburg";"15085";"Harz";"15085230";"Osterwieck, Stadt";"0230";;"000061";"OT Stötterlingen";"U";155;92;2;90;14;35;9;13;1;11;2;0;0;0;0;0;5;0;0;3;89;19;34;11;16;0;3;4;;;;;;2;;;
"015";"Blankenburg";"15085";"Harz";"15085230";"Osterwieck, Stadt";"0230";;"000070";"OT Osterode";"U";140;100;1;99;12;53;7;7;2;6;4;1;0;0;0;0;6;1;0;1;99;20;50;7;7;2;3;3;;;;;;7;;;
"015";"Blankenburg";"15085";"Harz";"15085230";"Osterwieck, Stadt";"0230";;"000080";"Osterwieck I, Kita";"U";1030;559;15;544;79;270;33;51;12;49;13;0;3;2;1;4;24;1;2;10;549;117;265;44;55;10;19;20;;;;;;19;;;
"015";"Blankenburg";"15085";"Harz";"15085230";"Osterwieck, Stadt";"0230";;"000081";"Osterwieck II, Schäfers Hof";"U";906;552;11;541;72;267;36;39;17;48;4;0;6;2;0;5;42;3;0;11;541;86;256;48;62;18;19;24;;;;;;28;;;
"015";"Blankenburg";"15085";"Harz";"15085230";"Osterwieck, Stadt";"0230";;"000082";"Bunter Hof";"U";990;561;5;556;86;259;34;56;12;54;9;0;4;2;2;6;30;1;1;6;555;121;254;32;64;15;18;23;;;;;;28;;;
"015";"Blankenburg";"15085";"Harz";"15085230";"Osterwieck, Stadt";"0230";;"000090";"OT Rhoden";"U";320;207;2;205;31;93;24;26;3;8;2;0;2;2;1;2;11;0;0;1;206;38;94;26;29;6;5;2;;;;;;6;;;
"015";"Blankenburg";"15085";"Harz";"15085230";"Osterwieck, Stadt";"0230";;"000100";"OT Rohrsheim";"U";414;254;6;248;37;158;18;8;9;10;1;0;1;0;0;0;6;0;0;7;247;39;155;23;14;8;2;3;;;;;;3;;;
"015";"Blankenburg";"15085";"Harz";"15085230";"Osterwieck, Stadt";"0230";;"000110";"OT Schauen";"U";362;258;0;258;47;122;20;25;5;13;5;1;5;1;0;0;11;3;0;0;258;53;117;24;28;7;7;15;;;;;;7;;;
"015";"Blankenburg";"15085";"Harz";"15085230";"Osterwieck, Stadt";"0230";;"000120";"OT Veltheim";"U";281;189;2;187;20;114;8;15;0;12;1;0;1;2;2;2;10;0;0;3;186;25;115;16;15;0;3;6;;;;;;6;;;
"015";"Blankenburg";"15085";"Harz";"15085230";"Osterwieck, Stadt";"0230";;"000130";"OT Wülperode";"U";229;152;2;150;11;65;10;21;1;21;3;0;1;1;1;5;8;0;2;3;149;22;65;17;22;2;11;4;;;;;;6;;;
"015";"Blankenburg";"15085";"Harz";"15085230";"Osterwieck, Stadt";"0230";;"000131";"OT Wülperode-Göddeckenrode";"U";162;113;1;112;17;42;8;5;7;21;6;0;0;2;0;0;4;0;0;0;113;32;42;12;3;5;7;10;;;;;;2;;;
"015";"Blankenburg";"15085";"Harz";"15085230";"Osterwieck, Stadt";"0230";;"000140";"OT Zilly";"U";594;385;3;382;43;220;23;33;8;18;5;0;5;2;1;1;23;0;0;3;382;51;222;32;39;8;5;11;;;;;;14;;;
"015";"Blankenburg";"15085";"Harz";"15085230";"Osterwieck, Stadt";"0230";;"000998";"Briefwahl Osterwieck";"B";0;846;29;817;193;211;98;136;23;65;15;0;18;2;6;8;42;0;0;27;819;228;198;117;156;13;38;29;;;;;;40;;;
"015";"Blankenburg";"15085";"Harz";"15085230";"Osterwieck, Stadt";"0230";;"000999";"Briefwahl Osterwieck";"B";0;674;10;664;186;183;61;104;13;49;22;0;9;4;0;4;27;1;1;11;663;218;174;85;80;18;29;29;;;;;;30;;;
"016";"Wernigerode";"15085";"Harz";"15085145";"Harzgerode, Stadt";"0145";;"000001";"Harzgerode I Rathaus";"U";725;401;5;396;65;208;22;34;4;36;2;1;4;0;2;2;16;0;0;6;395;94;205;29;40;5;2;7;;;;;;13;;;
"016";"Wernigerode";"15085";"Harz";"15085145";"Harzgerode, Stadt";"0145";;"000002";"Harzgerode II Feuerwehrdepot";"U";734;421;9;412;66;228;32;30;9;15;2;0;4;4;1;2;18;1;0;9;412;89;220;27;34;9;5;6;;;;;;22;;;
"016";"Wernigerode";"15085";"Harz";"15085145";"Harzgerode, Stadt";"0145";;"000003";"Harzgerode III Grundschule";"U";813;429;3;426;74;220;22;28;7;25;3;0;6;2;0;4;31;2;2;2;427;106;219;33;33;5;3;7;;;;;;21;;;
"016";"Wernigerode";"15085";"Harz";"15085145";"Harzgerode, Stadt";"0145";;"000004";"Harzgerode IV Ostharzstübchen";"U";485;265;4;261;42;144;21;17;3;9;1;1;4;2;1;3;13;0;0;3;262;59;144;21;21;2;2;5;;;;;;8;;;
"016";"Wernigerode";"15085";"Harz";"15085145";"Harzgerode, Stadt";"0145";;"000005";"OT Dankerode";"U";556;365;3;362;91;173;24;34;2;12;4;0;3;1;0;0;17;0;1;3;362;100;178;20;40;4;1;10;;;;;;9;;;
"016";"Wernigerode";"15085";"Harz";"15085145";"Harzgerode, Stadt";"0145";;"000006";"OT Güntersberge";"U";476;309;3;306;48;168;32;26;2;16;2;0;1;0;0;0;11;0;0;3;306;56;164;39;29;2;3;4;;;;;;9;;;
"016";"Wernigerode";"15085";"Harz";"15085145";"Harzgerode, Stadt";"0145";;"000007";"OT Königerode";"U";544;398;1;397;56;265;18;20;8;13;2;0;0;0;0;0;14;0;1;2;396;66;255;19;31;3;3;6;;;;;;13;;;
"016";"Wernigerode";"15085";"Harz";"15085145";"Harzgerode, Stadt";"0145";;"000008";"OT Neudorf";"U";555;303;1;302;37;181;20;20;6;15;1;1;2;0;1;2;15;0;1;2;301;62;182;20;16;4;4;4;;;;;;9;;;
"016";"Wernigerode";"15085";"Harz";"15085145";"Harzgerode, Stadt";"0145";;"000009";"OT Schielo";"U";413;199;8;191;37;99;13;11;7;5;0;1;2;2;0;0;12;1;1;8;191;52;92;15;11;5;3;6;;;;;;7;;;
"016";"Wernigerode";"15085";"Harz";"15085145";"Harzgerode, Stadt";"0145";;"000010";"OT Siptenfelde";"U";374;258;3;255;44;147;17;9;4;5;4;0;2;1;0;3;18;0;1;3;255;56;150;16;3;6;1;7;;;;;;16;;;
"016";"Wernigerode";"15085";"Harz";"15085145";"Harzgerode, Stadt";"0145";;"000011";"OT Straßberg";"U";467;315;1;314;46;179;13;19;3;21;5;1;3;1;0;1;20;1;1;1;314;57;181;16;24;1;6;13;;;;;;16;;;
"016";"Wernigerode";"15085";"Harz";"15085145";"Harzgerode, Stadt";"0145";;"000998";"Briefwahl Harzgerode";"B";0;639;5;634;207;169;52;91;24;43;7;0;9;2;1;2;23;2;2;5;634;269;160;65;88;15;7;8;;;;;;22;;;
"016";"Wernigerode";"15085";"Harz";"15085145";"Harzgerode, Stadt";"0145";;"000999";"Briefwahl Harzgerode";"B";0;518;3;515;149;161;46;61;19;31;4;0;9;3;4;2;24;0;2;2;516;168;153;58;73;11;13;21;;;;;;19;;;
"016";"Wernigerode";"15085";"Harz";"15085228";"Oberharz am Brocken, Stadt";"0228";;"000001";"OT Benneckenstein";"U";1398;768;11;757;129;443;50;43;11;30;6;0;10;2;4;1;25;1;2;10;758;172;407;55;64;8;15;21;;;;;;16;;;
"016";"Wernigerode";"15085";"Harz";"15085228";"Oberharz am Brocken, Stadt";"0228";;"000002";"OT Elbingerode I";"U";1462;815;10;805;127;413;46;75;18;37;14;1;6;4;4;3;54;0;3;8;807;156;401;34;99;23;10;39;;;;;;45;;;
"016";"Wernigerode";"15085";"Harz";"15085228";"Oberharz am Brocken, Stadt";"0228";;"000003";"OT Elbingerode II";"U";1104;557;11;546;105;241;37;61;9;30;9;1;7;2;0;2;39;0;3;8;549;118;238;34;81;10;9;20;;;;;;39;;;
"016";"Wernigerode";"15085";"Harz";"15085228";"Oberharz am Brocken, Stadt";"0228";;"000004";"OT Elend";"U";253;174;3;171;25;85;14;17;2;10;6;0;2;1;0;1;7;0;1;4;170;30;80;11;23;2;7;8;;;;;;9;;;
"016";"Wernigerode";"15085";"Harz";"15085228";"Oberharz am Brocken, Stadt";"0228";;"000005";"OT Hasselfelde";"U";1630;824;11;813;124;471;44;56;9;24;23;1;8;0;0;5;43;3;2;8;816;144;425;44;82;10;9;61;;;;;;41;;;
"016";"Wernigerode";"15085";"Harz";"15085228";"Oberharz am Brocken, Stadt";"0228";;"000006";"OT Königshütte";"U";333;219;4;215;28;130;6;19;4;13;8;0;0;1;0;0;6;0;0;4;215;40;123;4;27;1;4;9;;;;;;7;;;
"016";"Wernigerode";"15085";"Harz";"15085228";"Oberharz am Brocken, Stadt";"0228";;"000007";"OT Rübeland";"U";599;326;4;322;44;169;20;39;7;19;4;0;0;2;2;0;15;0;1;2;324;57;168;19;50;4;6;13;;;;;;7;;;
"016";"Wernigerode";"15085";"Harz";"15085228";"Oberharz am Brocken, Stadt";"0228";;"000008";"OT Stiege";"U";679;372;10;362;51;203;16;22;2;18;12;2;2;1;2;4;26;1;0;10;362;76;162;16;35;4;5;30;;;;;;34;;;
"016";"Wernigerode";"15085";"Harz";"15085228";"Oberharz am Brocken, Stadt";"0228";;"000009";"OT Tanne / Sorge";"U";453;278;3;275;45;159;17;23;0;8;2;0;3;0;1;2;11;1;3;4;274;46;154;14;39;2;4;5;;;;;;10;;;
"016";"Wernigerode";"15085";"Harz";"15085228";"Oberharz am Brocken, Stadt";"0228";;"000010";"OT Trautenstein";"U";308;205;1;204;31;121;11;11;6;4;3;0;3;0;0;0;14;0;0;1;204;45;109;13;16;0;3;4;;;;;;14;;;
"016";"Wernigerode";"15085";"Harz";"15085228";"Oberharz am Brocken, Stadt";"0228";;"000901";"Briefwahl Oberharz am Brocken";"B";0;581;2;579;168;147;45;100;12;33;11;0;8;2;3;6;43;1;0;3;578;195;130;42;125;6;14;23;;;;;;43;;;
"016";"Wernigerode";"15085";"Harz";"15085228";"Oberharz am Brocken, Stadt";"0228";;"000902";"Briefwahl Oberharz am Brocken";"B";0;1257;5;1252;316;359;104;185;27;74;30;0;12;8;2;10;121;3;1;9;1248;340;317;87;283;23;29;46;;;;;;123;;;
"016";"Wernigerode";"15085";"Harz";"15085370";"Wernigerode, Stadt";"0370";;"000001";"Altstadt";"U";1417;695;6;689;87;252;61;112;22;89;13;2;13;0;6;1;29;1;1;7;688;138;236;65;165;15;20;19;;;;;;30;;;
"016";"Wernigerode";"15085";"Harz";"15085370";"Wernigerode, Stadt";"0370";;"000002";"Neustadt";"U";1227;583;6;577;78;233;48;81;16;64;9;1;4;3;1;5;32;0;2;7;576;97;231;54;125;18;12;13;;;;;;26;;;
"016";"Wernigerode";"15085";"Harz";"15085370";"Wernigerode, Stadt";"0370";;"000003";"Mühlental";"U";1305;670;7;663;97;276;45;101;15;88;11;0;1;1;4;3;21;0;0;7;663;109;264;56;148;14;30;23;;;;;;19;;;
"016";"Wernigerode";"15085";"Harz";"15085370";"Wernigerode, Stadt";"0370";;"000004";"Zwölfmorgental";"U";1251;670;4;666;109;224;53;120;17;86;3;2;6;2;2;2;34;3;3;6;664;154;211;60;164;15;22;14;;;;;;24;;;
"016";"Wernigerode";"15085";"Harz";"15085370";"Wernigerode, Stadt";"0370";;"000005";"Unteres Hasserode";"U";1377;741;7;734;116;267;53;119;14;100;7;1;7;5;2;4;36;0;3;7;734;144;260;52;191;15;23;14;;;;;;35;;;
"016";"Wernigerode";"15085";"Harz";"15085370";"Wernigerode, Stadt";"0370";;"000006";"Hasserode Mitte";"U";1229;674;3;671;91;242;52;130;11;85;10;0;9;1;0;1;37;2;0;5;669;145;221;47;183;10;12;15;;;;;;36;;;
"016";"Wernigerode";"15085";"Harz";"15085370";"Wernigerode, Stadt";"0370";;"000007";"Oberes Hasserode";"U";1440;819;6;813;130;317;51;127;15;104;10;1;9;0;4;6;36;3;0;6;813;149;300;51;231;11;15;26;;;;;;30;;;
"016";"Wernigerode";"15085";"Harz";"15085370";"Wernigerode, Stadt";"0370";;"000008";"Ilsenburger Str.";"U";1707;923;8;915;146;380;59;149;11;83;16;2;7;0;2;6;53;0;1;9;914;170;363;63;211;15;21;23;;;;;;48;;;
"016";"Wernigerode";"15085";"Harz";"15085370";"Wernigerode, Stadt";"0370";;"000009";"Harzblick";"U";1501;784;14;770;92;391;78;81;6;52;8;1;11;4;2;3;39;0;2;19;765;86;382;95;130;6;14;20;;;;;;32;;;
"016";"Wernigerode";"15085";"Harz";"15085370";"Wernigerode, Stadt";"0370";;"000010";"Charlottenlust";"U";1526;765;10;755;116;327;70;111;13;47;9;0;7;4;1;1;48;0;1;10;755;130;321;70;152;7;18;19;;;;;;38;;;
"016";"Wernigerode";"15085";"Harz";"15085370";"Wernigerode, Stadt";"0370";;"000011";"Hundertmorgenfeld";"U";1710;949;5;944;144;412;48;135;20;79;17;0;6;8;0;7;65;2;1;8;941;143;410;50;214;17;23;32;;;;;;52;;;
"016";"Wernigerode";"15085";"Harz";"15085370";"Wernigerode, Stadt";"0370";;"000012";"Kohlgarten";"U";1750;1027;8;1019;162;451;72;126;20;85;11;0;20;8;0;5;55;4;0;6;1021;166;444;86;209;17;22;28;;;;;;49;;;
"016";"Wernigerode";"15085";"Harz";"15085370";"Wernigerode, Stadt";"0370";;"000013";"Stadtfeld";"U";1597;800;8;792;105;365;69;98;13;67;10;2;10;7;3;8;31;0;4;14;786;112;362;84;130;13;36;22;;;;;;27;;;
"016";"Wernigerode";"15085";"Harz";"15085370";"Wernigerode, Stadt";"0370";;"000014";"Burgbreite";"U";1681;851;9;842;127;358;84;115;15;52;8;0;8;4;3;7;57;0;4;12;839;131;370;82;163;12;31;16;;;;;;34;;;
"016";"Wernigerode";"15085";"Harz";"15085370";"Wernigerode, Stadt";"0370";;"000015";"Burgbreite Ost";"U";1926;1018;14;1004;171;391;96;124;21;89;14;1;15;1;2;6;69;1;3;17;1001;213;388;91;183;24;28;24;;;;;;50;;;
"016";"Wernigerode";"15085";"Harz";"15085370";"Wernigerode, Stadt";"0370";;"000016";"OT Benzingerode";"U";756;437;4;433;59;201;24;61;9;30;11;1;6;2;1;3;24;0;1;4;433;79;206;16;88;4;7;17;;;;;;16;;;
"016";"Wernigerode";"15085";"Harz";"15085370";"Wernigerode, Stadt";"0370";;"000017";"OT Minsleben";"U";445;278;1;277;34;132;16;37;7;22;4;1;1;2;2;3;15;0;1;2;276;44;126;14;54;7;5;10;;;;;;16;;;
"016";"Wernigerode";"15085";"Harz";"15085370";"Wernigerode, Stadt";"0370";;"000018";"OT Silstedt";"U";870;564;4;560;96;271;35;59;15;26;13;2;4;2;1;3;31;0;2;5;559;121;269;22;83;12;5;22;;;;;;25;;;
"016";"Wernigerode";"15085";"Harz";"15085370";"Wernigerode, Stadt";"0370";;"000019";"OT Schierke";"U";383;268;6;262;62;129;10;29;7;7;2;2;1;0;0;0;13;0;0;5;263;77;120;11;36;4;1;4;;;;;;10;;;
"016";"Wernigerode";"15085";"Harz";"15085370";"Wernigerode, Stadt";"0370";;"000020";"OT Reddeber";"U";634;387;6;381;56;183;18;45;9;25;5;1;4;2;1;5;25;1;1;4;383;78;174;18;62;7;3;16;;;;;;25;;;
"016";"Wernigerode";"15085";"Harz";"15085370";"Wernigerode, Stadt";"0370";;"000994";"Briefwahl Wernigerode";"B";0;1007;3;1004;215;188;117;200;34;131;22;1;20;4;3;6;58;1;4;6;1001;239;167;106;326;25;47;38;;;;;;53;;;
"016";"Wernigerode";"15085";"Harz";"15085370";"Wernigerode, Stadt";"0370";;"000995";"Briefwahl Wernigerode";"B";0;997;1;996;240;178;103;220;28;121;17;1;17;7;2;7;52;1;2;3;994;228;177;104;362;21;32;32;;;;;;38;;;
"016";"Wernigerode";"15085";"Harz";"15085370";"Wernigerode, Stadt";"0370";;"000996";"Briefwahl Wernigerode";"B";0;995;4;991;215;148;95;228;32;153;17;6;5;6;2;3;71;2;8;8;987;250;140;96;337;24;38;28;;;;;;74;;;
"016";"Wernigerode";"15085";"Harz";"15085370";"Wernigerode, Stadt";"0370";;"000997";"Briefwahl Wernigerode";"B";0;996;4;992;235;169;90;218;22;141;26;0;12;6;5;4;59;1;4;3;993;256;163;88;341;21;38;31;;;;;;55;;;
"016";"Wernigerode";"15085";"Harz";"15085370";"Wernigerode, Stadt";"0370";;"000998";"Briefwahl Wernigerode";"B";0;991;6;985;195;208;90;210;26;149;18;1;13;5;3;10;52;3;2;6;985;227;193;91;332;15;47;25;;;;;;55;;;
"016";"Wernigerode";"15085";"Harz";"15085370";"Wernigerode, Stadt";"0370";;"000999";"Briefwahl Wernigerode";"B";0;1107;4;1103;250;222;97;246;34;136;17;3;12;4;3;7;64;3;5;8;1099;293;202;102;344;21;43;33;;;;;;61;;;
"017";"Quedlinburg";"15085";"Harz";"15085040";"Ballenstedt, Stadt";"0040";;"000001";"Gymnasium";"U";1511;814;3;811;135;376;61;71;21;66;13;1;7;1;2;5;46;5;1;4;810;185;371;64;59;27;38;24;;;;;;35;;;7
"017";"Quedlinburg";"15085";"Harz";"15085040";"Ballenstedt, Stadt";"0040";;"000002";"Brinckmeier-Grundschule";"U";1313;749;7;742;112;352;60;52;20;77;21;0;4;2;3;5;30;2;2;8;741;160;343;59;47;24;51;25;;;;;;29;;;3
"017";"Quedlinburg";"15085";"Harz";"15085040";"Ballenstedt, Stadt";"0040";;"000003";"Gemeindehaus Nicolaikirche";"U";1395;720;13;707;92;378;58;50;26;24;14;1;10;1;1;5;44;0;3;13;707;121;373;56;39;29;23;20;;;;;;41;;;5
"017";"Quedlinburg";"15085";"Harz";"15085040";"Ballenstedt, Stadt";"0040";;"000004";"OT Opperode";"U";362;222;6;216;30;134;11;12;1;11;6;0;1;0;0;1;8;1;0;5;217;35;135;10;10;2;3;8;;;;;;11;;;3
"017";"Quedlinburg";"15085";"Harz";"15085040";"Ballenstedt, Stadt";"0040";;"000005";"OT Badeborn";"U";829;516;8;508;73;291;37;34;10;15;8;1;1;1;4;3;30;0;0;7;509;89;291;37;31;16;10;7;;;;;;24;;;4
"017";"Quedlinburg";"15085";"Harz";"15085040";"Ballenstedt, Stadt";"0040";;"000006";"OT Radisleben";"U";329;240;9;231;20;159;11;14;4;6;7;0;1;0;2;1;6;0;0;6;234;29;162;11;11;6;4;7;;;;;;4;;;0
"017";"Quedlinburg";"15085";"Harz";"15085040";"Ballenstedt, Stadt";"0040";;"000007";"OT Rieder";"U";1424;879;11;868;92;547;50;52;14;37;7;0;8;8;2;2;48;0;1;11;868;109;540;66;43;17;20;22;;;;;;43;;;8
"017";"Quedlinburg";"15085";"Harz";"15085040";"Ballenstedt, Stadt";"0040";;"000998";"Briefwahl Ballenstedt";"B";0;568;6;562;153;164;62;57;18;34;13;3;6;6;0;0;44;0;2;8;560;182;152;76;49;15;19;22;;;;;;43;;;2
"017";"Quedlinburg";"15085";"Harz";"15085040";"Ballenstedt, Stadt";"0040";;"000999";"Briefwahl Ballenstedt";"B";0;941;6;935;267;195;93;123;29;96;29;1;11;7;4;9;68;1;2;5;936;317;189;100;123;36;60;38;;;;;;67;;;6
"017";"Quedlinburg";"15085";"Harz";"15085090";"Ditfurt";"5051";"Vorharz";"000993";"Briefwahl Ditfurt";"B";0;164;5;159;35;53;14;16;2;17;5;1;1;0;0;1;13;0;1;7;157;37;50;21;11;4;10;8;;;;;;12;;;4
"017";"Quedlinburg";"15085";"Harz";"15085090";"Ditfurt";"5051";"Vorharz";"006001";"Ditfurt";"U";1178;806;11;795;128;446;43;44;17;56;7;1;5;2;0;4;37;1;4;10;796;150;445;55;47;22;33;12;;;;;;27;;;5
"017";"Quedlinburg";"15085";"Harz";"15085140";"Harsleben";"5051";"Vorharz";"000994";"Briefwahl Harsleben";"B";0;396;1;395;89;101;39;57;16;28;14;0;6;3;0;8;30;2;2;3;393;116;101;36;45;12;27;26;;;;;;23;;;7
"017";"Quedlinburg";"15085";"Harz";"15085140";"Harsleben";"5051";"Vorharz";"003001";"Harsleben";"U";1823;1118;16;1102;159;614;67;85;18;50;14;1;15;7;3;4;57;3;5;5;1113;196;616;94;58;30;34;29;;;;;;51;;;5
"017";"Quedlinburg";"15085";"Harz";"15085160";"Hedersleben";"5051";"Vorharz";"000992";"Briefwahl Hedersleben";"B";0;148;0;148;60;39;12;11;6;6;1;0;2;1;0;2;8;0;0;1;147;49;40;8;19;10;8;4;;;;;;9;;;0
"017";"Quedlinburg";"15085";"Harz";"15085160";"Hedersleben";"5051";"Vorharz";"008001";"Hedersleben";"U";1058;718;10;708;128;445;33;14;22;17;7;17;3;1;2;6;12;0;1;15;703;124;436;41;28;24;9;12;;;;;;24;;;5
"017";"Quedlinburg";"15085";"Harz";"15085235";"Quedlinburg, Welterbestadt";"0235";;"000001";"Marktgrundschule";"U";1704;795;10;785;79;394;74;60;19;101;2;1;14;3;4;1;29;2;2;11;784;128;393;67;62;14;74;13;;;;;;23;;;10
"017";"Quedlinburg";"15085";"Harz";"15085235";"Quedlinburg, Welterbestadt";"0235";;"000002";"Marktgrundschule";"U";1575;660;9;651;75;294;50;47;22;109;4;2;7;3;3;4;31;0;0;12;648;109;290;59;39;18;80;7;;;;;;33;;;13
"017";"Quedlinburg";"15085";"Harz";"15085235";"Quedlinburg, Welterbestadt";"0235";;"000003";"Neustädter Grundschule";"U";1607;735;13;722;74;358;65;54;14;86;5;2;10;3;7;7;35;1;1;16;719;96;358;87;46;19;65;14;;;;;;26;;;8
"017";"Quedlinburg";"15085";"Harz";"15085235";"Quedlinburg, Welterbestadt";"0235";;"000004";"Montessori-Kinderhaus";"U";1309;699;7;692;109;325;50;48;18;72;7;0;10;3;3;7;39;1;0;9;690;144;321;60;44;22;44;18;;;;;;31;;;6
"017";"Quedlinburg";"15085";"Harz";"15085235";"Quedlinburg, Welterbestadt";"0235";;"000005";"Montessori-Kinderhaus";"U";1946;896;13;883;124;479;57;61;22;76;5;2;5;4;4;5;33;5;1;16;880;164;469;60;51;21;56;26;;;;;;27;;;6
"017";"Quedlinburg";"15085";"Harz";"15085235";"Quedlinburg, Welterbestadt";"0235";;"000006";"""Integrationsgrundschule ""Am Kleers""";"U";1196;638;10;628;115;310;49;40;9;47;9;0;8;4;1;4;31;1;0;13;625;128;307;60;42;10;31;8;;;;;;27;;;12
"017";"Quedlinburg";"15085";"Harz";"15085235";"Quedlinburg, Welterbestadt";"0235";;"000007";"""Integrationsgrundschule ""Am Kleers""";"U";1194;542;6;536;75;303;43;28;8;36;5;2;9;1;3;5;16;0;2;10;532;93;294;51;31;10;22;10;;;;;;17;;;4
"017";"Quedlinburg";"15085";"Harz";"15085235";"Quedlinburg, Welterbestadt";"0235";;"000008";"Wohnungswirtschafts GmbH";"U";1798;836;3;833;111;443;57;71;10;64;16;3;5;4;5;3;38;2;1;5;831;147;432;69;67;15;41;15;;;;;;29;;;16
"017";"Quedlinburg";"15085";"Harz";"15085235";"Quedlinburg, Welterbestadt";"0235";;"000009";"Kita Süderstadt - Anne Frank";"U";1349;746;11;735;73;447;56;50;17;30;10;0;11;4;2;0;34;0;1;11;735;101;439;75;37;16;16;16;;;;;;27;;;8
"017";"Quedlinburg";"15085";"Harz";"15085235";"Quedlinburg, Welterbestadt";"0235";;"000010";"Grundschule ""Am Heinrichsplatz""";"U";1600;899;11;888;107;506;64;71;9;50;13;2;9;6;3;3;40;1;4;13;886;144;501;66;54;11;48;20;;;;;;35;;;7
"017";"Quedlinburg";"15085";"Harz";"15085235";"Quedlinburg, Welterbestadt";"0235";;"000011";"OT Bad Suderode";"U";1398;616;9;607;104;320;37;43;11;48;8;0;2;0;3;2;29;0;0;9;607;133;314;46;39;8;28;10;;;;;;24;;;5
"017";"Quedlinburg";"15085";"Harz";"15085235";"Quedlinburg, Welterbestadt";"0235";;"000012";"OT Gernrode Grundschule";"U";1216;627;11;616;98;340;30;34;8;28;13;0;10;1;3;4;43;0;4;11;616;112;344;42;31;5;20;18;;;;;;36;;;8
"017";"Quedlinburg";"15085";"Harz";"15085235";"Quedlinburg, Welterbestadt";"0235";;"000013";"OT Gernrode Kita";"U";1597;742;8;734;113;400;46;45;14;44;14;0;7;2;1;2;46;0;0;10;732;151;392;50;38;14;32;11;;;;;;35;;;9
"017";"Quedlinburg";"15085";"Harz";"15085235";"Quedlinburg, Welterbestadt";"0235";;"000995";"Briefwahl Welterbestadt Quedlinburg";"B";0;1053;0;1053;289;204;103;137;33;159;16;2;17;7;8;8;65;3;2;3;1050;351;196;111;125;32;111;32;;;;;;62;;;30
"017";"Quedlinburg";"15085";"Harz";"15085235";"Quedlinburg, Welterbestadt";"0235";;"000996";"Briefwahl Welterbestadt Quedlinburg";"B";0;1076;7;1069;285;213;106;160;37;167;16;1;7;2;1;6;66;1;1;8;1068;327;203;116;152;29;134;23;;;;;;73;;;11
"017";"Quedlinburg";"15085";"Harz";"15085235";"Quedlinburg, Welterbestadt";"0235";;"000997";"Briefwahl Welterbestadt Quedlinburg";"B";0;1104;57;1047;279;245;93;139;34;141;7;0;15;3;3;8;74;4;2;61;1043;336;238;125;113;26;102;22;;;;;;70;;;11
"017";"Quedlinburg";"15085";"Harz";"15085235";"Quedlinburg, Welterbestadt";"0235";;"000998";"Briefwahl Welterbestadt Quedlinburg";"B";0;1062;6;1056;256;235;130;150;31;143;17;1;7;3;5;10;66;0;2;10;1052;326;233;129;133;28;103;25;;;;;;56;;;19
"017";"Quedlinburg";"15085";"Harz";"15085235";"Quedlinburg, Welterbestadt";"0235";;"000999";"Briefwahl Welterbestadt Quedlinburg";"B";0;1061;2;1059;257;252;114;134;33;155;15;4;14;3;7;6;61;2;2;3;1058;304;248;125;129;24;127;24;;;;;;56;;;21
"017";"Quedlinburg";"15085";"Harz";"15085287";"Selke-Aue";"5051";"Vorharz";"000991";"Briefwahl Selke-Aue";"B";0;120;0;120;43;34;9;13;2;5;1;0;0;1;0;0;11;0;1;1;119;43;32;14;9;2;4;1;;;;;;12;;;2
"017";"Quedlinburg";"15085";"Harz";"15085287";"Selke-Aue";"5051";"Vorharz";"009001";"OT Wedderstedt";"U";305;228;2;226;38;131;18;13;2;14;1;0;1;1;0;1;6;0;0;4;224;51;129;17;8;3;9;1;;;;;;6;;;0
"017";"Quedlinburg";"15085";"Harz";"15085287";"Selke-Aue";"5051";"Vorharz";"009002";"OT Heteborn";"U";259;199;3;196;50;113;7;7;1;4;1;0;4;0;0;2;6;1;0;4;195;49;114;7;7;3;6;4;;;;;;4;;;1
"017";"Quedlinburg";"15085";"Harz";"15085287";"Selke-Aue";"5051";"Vorharz";"009003";"OT Hausneindorf";"U";524;390;4;386;80;187;33;24;6;18;4;1;1;2;2;0;27;1;0;5;385;80;187;39;21;7;12;11;;;;;;27;;;1
"017";"Quedlinburg";"15085";"Harz";"15085330";"Thale, Stadt";"0330";;"000001";"Klubhaus";"U";1791;961;18;943;141;503;56;58;17;89;13;0;9;2;1;11;41;0;2;18;943;195;503;106;35;12;27;19;;;;;;37;;;9
"017";"Quedlinburg";"15085";"Harz";"15085330";"Thale, Stadt";"0330";;"000002";"Rathaus";"U";1602;903;9;894;126;521;55;61;27;40;18;1;4;1;3;1;36;0;0;9;894;149;518;81;49;17;22;23;;;;;;26;;;9
"017";"Quedlinburg";"15085";"Harz";"15085330";"Thale, Stadt";"0330";;"000003";"""GS ""Auf den Höhen""";"U";1395;724;17;707;105;376;55;64;12;32;12;1;7;4;1;3;31;3;1;18;706;126;383;72;52;10;15;25;;;;;;21;;;2
"017";"Quedlinburg";"15085";"Harz";"15085330";"Thale, Stadt";"0330";;"000004";"""GS ""Auf den Höhen""";"U";1540;832;7;825;129;403;64;87;15;54;13;0;13;2;1;2;41;0;1;12;820;177;402;88;58;13;22;19;;;;;;35;;;6
"017";"Quedlinburg";"15085";"Harz";"15085330";"Thale, Stadt";"0330";;"000005";"Aus- und Fortbildungsinstitut ""LISA""";"U";1485;890;9;881;93;528;67;66;10;49;15;0;5;2;4;5;35;1;1;7;883;114;526;95;45;9;32;23;;;;;;31;;;8
"017";"Quedlinburg";"15085";"Harz";"15085330";"Thale, Stadt";"0330";;"000006";"OT Allrode";"U";445;263;3;260;31;164;15;15;3;11;2;0;7;1;0;1;10;0;0;4;259;38;164;21;9;2;10;5;;;;;;8;;;2
"017";"Quedlinburg";"15085";"Harz";"15085330";"Thale, Stadt";"0330";;"000007";"OT Altenbrak";"U";211;133;4;129;17;72;7;5;2;6;3;1;3;0;0;2;9;2;0;4;129;18;74;10;7;2;5;4;;;;;;9;;;0
"017";"Quedlinburg";"15085";"Harz";"15085330";"Thale, Stadt";"0330";;"000008";"OT Friedrichsbrunn";"U";712;438;5;433;65;257;17;25;7;34;4;0;6;3;1;1;9;1;3;3;435;75;259;27;25;10;19;9;;;;;;5;;;6
"017";"Quedlinburg";"15085";"Harz";"15085330";"Thale, Stadt";"0330";;"000009";"OT Neinstedt";"U";1453;695;10;685;114;327;40;56;8;61;14;0;11;4;9;4;34;2;1;11;684;153;329;60;38;8;35;25;;;;;;23;;;13
"017";"Quedlinburg";"15085";"Harz";"15085330";"Thale, Stadt";"0330";;"000010";"OT Stecklenberg";"U";427;236;2;234;45;109;12;16;9;19;0;0;5;0;2;1;16;0;0;2;234;45;115;28;13;7;13;4;;;;;;8;;;1
"017";"Quedlinburg";"15085";"Harz";"15085330";"Thale, Stadt";"0330";;"000011";"OT Treseburg";"U";62;38;1;37;6;21;3;0;1;4;1;0;0;0;0;0;1;0;0;1;37;10;23;1;0;0;2;1;;;;;;0;;;0
"017";"Quedlinburg";"15085";"Harz";"15085330";"Thale, Stadt";"0330";;"000012";"OT Warnstedt";"U";510;329;3;326;31;184;14;30;5;23;7;0;6;2;2;2;17;2;1;2;327;52;181;31;17;6;9;11;;;;;;16;;;4
"017";"Quedlinburg";"15085";"Harz";"15085330";"Thale, Stadt";"0330";;"000013";"OT Weddersleben";"U";782;479;8;471;64;243;32;42;14;30;10;0;6;3;1;2;24;0;0;10;469;89;246;42;22;16;17;14;;;;;;14;;;9
"017";"Quedlinburg";"15085";"Harz";"15085330";"Thale, Stadt";"0330";;"000014";"OT Westerhausen";"U";1541;959;14;945;106;575;43;70;20;40;14;32;9;2;3;6;23;0;2;14;945;160;581;53;34;22;18;32;;;;;;38;;;7
"017";"Quedlinburg";"15085";"Harz";"15085330";"Thale, Stadt";"0330";;"000996";"Briefwahl Thale";"B";0;740;10;730;179;190;84;108;25;64;17;0;10;3;4;3;41;1;1;9;731;223;195;109;75;16;33;36;;;;;;37;;;7
"017";"Quedlinburg";"15085";"Harz";"15085330";"Thale, Stadt";"0330";;"000997";"Briefwahl Thale";"B";0;739;15;724;188;180;73;92;17;85;11;0;15;2;4;6;49;2;0;18;721;228;176;119;66;16;53;24;;;;;;32;;;7
"017";"Quedlinburg";"15085";"Harz";"15085330";"Thale, Stadt";"0330";;"000998";"Briefwahl Thale";"B";0;646;4;642;158;162;64;107;23;55;12;1;11;7;1;3;36;1;1;2;644;201;164;84;79;20;39;20;;;;;;33;;;4
"017";"Quedlinburg";"15085";"Harz";"15085330";"Thale, Stadt";"0330";;"000999";"Briefwahl Thale";"B";0;692;7;685;198;201;65;71;16;47;14;1;14;2;3;9;41;2;1;8;684;220;194;90;57;14;35;27;;;;;;33;;;14
"017";"Quedlinburg";"15085";"Harz";"15085365";"Wegeleben, Stadt";"5051";"Vorharz";"000995";"Briefwahl Wegeleben";"B";0;400;2;398;104;108;45;39;13;24;9;0;7;4;5;4;36;0;0;4;396;128;104;44;31;15;17;17;;;;;;36;;;4
"017";"Quedlinburg";"15085";"Harz";"15085365";"Wegeleben, Stadt";"5051";"Vorharz";"001001";"Stadt Wegeleben";"U";1480;836;11;825;128;472;62;39;18;33;8;1;8;4;0;10;41;1;0;16;820;148;471;72;40;19;20;8;;;;;;33;;;9
"017";"Quedlinburg";"15085";"Harz";"15085365";"Wegeleben, Stadt";"5051";"Vorharz";"001002";"OT Adersleben";"U";190;105;3;102;8;65;3;6;1;8;0;0;1;0;1;0;9;0;0;2;103;17;69;5;3;1;4;0;;;;;;4;;;0
"017";"Quedlinburg";"15085";"Harz";"15085365";"Wegeleben, Stadt";"5051";"Vorharz";"001003";"OT Deesdorf";"U";179;105;0;105;23;60;6;3;0;8;1;0;0;0;1;0;3;0;0;0;105;29;62;4;1;1;4;1;;;;;;3;;;0
"017";"Quedlinburg";"15085";"Harz";"15085365";"Wegeleben, Stadt";"5051";"Vorharz";"001004";"OT Rodersdorf";"U";158;112;1;111;17;62;11;2;3;3;2;0;1;0;0;0;10;0;0;0;112;18;66;14;1;3;2;1;;;;;;7;;;0
"018";"Aschersleben";"15085";"Harz";"15085110";"Falkenstein/Harz, Stadt";"0110";;"000001";"Dorfgemeinschaftshaus Endorf";"U";186;107;0;107;18;62;13;4;1;5;0;0;0;0;0;0;3;0;1;1;106;19;63;11;7;1;3;;;;;;;2;0;;
"018";"Aschersleben";"15085";"Harz";"15085110";"Falkenstein/Harz, Stadt";"0110";;"000002";"Feuerwehrgerätehaus Ermsleben";"U";1003;623;12;611;102;308;35;49;16;30;12;0;7;6;2;5;32;2;5;10;613;126;317;46;42;13;18;;;;;;;46;5;;
"018";"Aschersleben";"15085";"Harz";"15085110";"Falkenstein/Harz, Stadt";"0110";;"000003";"Tonfunk GmbH Ermsleben";"U";732;443;3;440;65;237;30;22;3;19;10;2;6;0;0;4;38;2;2;3;440;90;241;33;21;4;8;;;;;;;39;4;;
"018";"Aschersleben";"15085";"Harz";"15085110";"Falkenstein/Harz, Stadt";"0110";;"000004";"Sportlerheim Meisdorf";"U";923;570;10;560;91;264;35;59;16;41;9;0;4;1;0;1;34;3;2;9;561;134;265;41;49;15;19;;;;;;;36;2;;
"018";"Aschersleben";"15085";"Harz";"15085110";"Falkenstein/Harz, Stadt";"0110";;"000005";"Dorfgemeinschaftshaus Neuplatendorf";"U";129;67;1;66;13;35;6;2;0;0;4;0;2;0;0;0;4;0;0;1;66;12;36;6;2;4;0;;;;;;;6;0;;
"018";"Aschersleben";"15085";"Harz";"15085110";"Falkenstein/Harz, Stadt";"0110";;"000006";"Bürgerbüro Pansfelde";"U";358;230;2;228;34;118;11;11;4;10;3;1;4;0;2;0;30;0;0;3;227;40;128;12;12;2;3;;;;;;;28;2;;
"018";"Aschersleben";"15085";"Harz";"15085110";"Falkenstein/Harz, Stadt";"0110";;"000007";"Haus der Vereine Reinstedt";"U";785;496;5;491;73;286;27;41;7;13;1;0;4;2;1;2;33;0;1;5;491;81;281;32;39;7;3;;;;;;;45;3;;
"018";"Aschersleben";"15085";"Harz";"15085110";"Falkenstein/Harz, Stadt";"0110";;"000008";"Bürgerbüro Wieserode";"U";87;46;2;44;7;21;2;2;3;3;1;0;1;1;0;0;3;0;0;2;44;10;20;6;1;3;2;;;;;;;2;0;;
"018";"Aschersleben";"15085";"Harz";"15085110";"Falkenstein/Harz, Stadt";"0110";;"000968";"Falkenstein/Harz";"B";0;779;7;772;204;251;59;83;30;46;14;1;5;6;2;6;57;4;4;7;772;225;248;70;78;20;33;;;;;;;82;16;;
"018";"Aschersleben";"15087";"Mansfeld-Südharz";"15087031";"Arnstein, Stadt";"0031";;"000969";"Arnstein";"B";0;805;3;802;202;256;68;87;20;43;3;0;9;5;5;10;76;15;3;4;801;207;252;81;83;22;19;;;;;;;89;48;;
"018";"Aschersleben";"15087";"Mansfeld-Südharz";"15087031";"Arnstein, Stadt";"0031";;"310001";"OT Alterode";"U";373;237;3;234;35;128;16;16;4;6;3;0;0;0;0;2;17;6;1;3;234;39;123;16;15;3;4;;;;;;;14;20;;
"018";"Aschersleben";"15087";"Mansfeld-Südharz";"15087031";"Arnstein, Stadt";"0031";;"310002";"OT Arnstedt";"U";393;260;2;258;28;180;10;9;9;5;0;0;2;0;0;4;9;1;1;4;256;32;183;12;9;7;5;;;;;;;6;2;;
"018";"Aschersleben";"15087";"Mansfeld-Südharz";"15087031";"Arnstein, Stadt";"0031";;"310003";"OT Bräunrode";"U";311;190;1;189;22;123;12;11;2;4;0;0;0;0;0;1;10;4;0;2;188;19;114;18;7;4;3;;;;;;;15;8;;
"018";"Aschersleben";"15087";"Mansfeld-Südharz";"15087031";"Arnstein, Stadt";"0031";;"310004";"OT Greifenhagen";"U";191;128;0;128;30;69;3;8;0;10;0;0;0;0;0;0;8;0;0;0;128;27;71;3;9;1;8;;;;;;;8;1;;
"018";"Aschersleben";"15087";"Mansfeld-Südharz";"15087031";"Arnstein, Stadt";"0031";;"310005";"OT Harkerode";"U";210;153;5;148;15;101;10;1;2;4;2;0;2;0;0;0;9;2;0;4;149;15;100;17;2;5;2;;;;;;;7;1;;
"018";"Aschersleben";"15087";"Mansfeld-Südharz";"15087031";"Arnstein, Stadt";"0031";;"310006";"OT Quenstedt";"U";587;417;8;409;72;205;35;30;5;15;6;1;5;4;2;4;19;6;0;8;409;79;198;39;33;9;3;;;;;;;28;20;;
"018";"Aschersleben";"15087";"Mansfeld-Südharz";"15087031";"Arnstein, Stadt";"0031";;"310007";"OT Sandersleben";"U";1185;682;9;673;100;410;49;39;7;19;4;1;2;3;1;3;29;3;3;9;673;111;407;59;35;9;13;;;;;;;30;9;;
"018";"Aschersleben";"15087";"Mansfeld-Südharz";"15087031";"Arnstein, Stadt";"0031";;"310008";"OT Stangerode";"U";234;160;1;159;28;83;10;2;5;10;0;2;0;1;0;3;8;7;0;1;159;29;76;8;2;5;6;;;;;;;10;23;;
"018";"Aschersleben";"15087";"Mansfeld-Südharz";"15087031";"Arnstein, Stadt";"0031";;"310009";"OT Sylda";"U";334;258;7;251;37;146;19;14;1;1;2;0;3;0;0;1;18;9;0;7;251;25;143;16;14;3;2;;;;;;;16;32;;
"018";"Aschersleben";"15087";"Mansfeld-Südharz";"15087031";"Arnstein, Stadt";"0031";;"310010";"OT Ulzigerode";"U";143;84;0;84;9;60;2;5;0;1;2;0;0;0;0;0;3;2;0;0;84;8;57;3;4;0;1;;;;;;;5;6;;
"018";"Aschersleben";"15087";"Mansfeld-Südharz";"15087031";"Arnstein, Stadt";"0031";;"310011";"OT Welbsleben";"U";473;300;5;295;71;135;17;21;6;10;3;0;3;0;0;3;20;5;1;3;297;73;138;25;21;7;5;;;;;;;19;9;;
"018";"Aschersleben";"15087";"Mansfeld-Südharz";"15087031";"Arnstein, Stadt";"0031";;"310012";"OT Wiederstedt";"U";783;488;6;482;57;303;32;28;5;12;0;1;4;4;3;3;26;4;0;7;481;66;299;38;25;4;6;;;;;;;33;10;;
"018";"Aschersleben";"15089";"Salzlandkreis";"15089015";"Aschersleben, Stadt";"0015";;"000001";"Gymnasium Stephaneum H II - Mensa";"U";1384;713;4;709;123;350;32;53;18;57;1;2;6;4;0;1;58;0;4;3;710;135;342;37;55;22;29;;;;;;;82;8;;
"018";"Aschersleben";"15089";"Salzlandkreis";"15089015";"Aschersleben, Stadt";"0015";;"000002";"Grundschule Luisenschule";"U";1643;786;10;776;110;388;50;57;11;68;8;0;13;2;2;8;56;2;1;10;776;114;380;71;64;12;29;;;;;;;97;9;;
"018";"Aschersleben";"15089";"Salzlandkreis";"15089015";"Aschersleben, Stadt";"0015";;"000003";"Grundschule Luisenschule";"U";1266;611;15;596;51;372;40;38;10;23;5;0;10;5;2;5;32;0;3;12;599;72;367;37;36;15;13;;;;;;;52;7;;
"018";"Aschersleben";"15089";"Salzlandkreis";"15089015";"Aschersleben, Stadt";"0015";;"000004";"Kulturzentrum ""Alte Hobelei""";"U";1625;825;11;814;87;469;59;52;14;38;5;3;14;3;2;5;53;8;2;9;816;96;467;81;57;19;12;;;;;;;76;8;;
"018";"Aschersleben";"15089";"Salzlandkreis";"15089015";"Aschersleben, Stadt";"0015";;"000005";"Pestalozzischule ASL - Sporthalle";"U";991;476;8;468;54;257;32;22;5;31;2;2;5;5;3;3;44;0;3;6;470;49;257;43;28;6;16;;;;;;;66;5;;
"018";"Aschersleben";"15089";"Salzlandkreis";"15089015";"Aschersleben, Stadt";"0015";;"000006";"Gymnasium Stephaneum H 1 - Sporthalle";"U";1849;871;8;863;123;409;67;52;25;82;5;3;11;9;2;4;63;3;5;11;860;162;396;80;69;23;31;;;;;;;85;14;;
"018";"Aschersleben";"15089";"Salzlandkreis";"15089015";"Aschersleben, Stadt";"0015";;"000007";"Grundschule Pfeilergraben";"U";1417;802;16;786;122;381;68;61;10;45;5;0;10;5;4;7;65;0;3;17;785;140;375;80;75;15;19;;;;;;;76;5;;
"018";"Aschersleben";"15089";"Salzlandkreis";"15089015";"Aschersleben, Stadt";"0015";;"000008";"Grundschule Pfeilergraben";"U";1250;629;10;619;72;319;52;46;6;48;5;2;11;1;0;6;51;0;0;7;622;90;317;59;54;12;20;;;;;;;68;2;;
"018";"Aschersleben";"15089";"Salzlandkreis";"15089015";"Aschersleben, Stadt";"0015";;"000009";"Grundschule Staßfurter Höhe";"U";1576;747;7;740;99;423;60;41;14;30;1;1;9;8;0;1;46;5;2;7;740;99;422;55;46;23;20;;;;;;;67;8;;
"018";"Aschersleben";"15089";"Salzlandkreis";"15089015";"Aschersleben, Stadt";"0015";;"000010";"Sporthalle am Ascaneum";"U";1357;779;11;768;111;427;69;40;9;16;3;2;17;5;1;4;58;2;4;10;769;118;429;81;46;14;5;;;;;;;67;9;;
"018";"Aschersleben";"15089";"Salzlandkreis";"15089015";"Aschersleben, Stadt";"0015";;"000011";"Grundschule Staßfurter Höhe";"U";1443;783;9;774;105;398;46;61;16;41;8;3;17;4;2;12;54;3;4;11;772;124;395;68;66;15;23;;;;;;;72;9;;
"018";"Aschersleben";"15089";"Salzlandkreis";"15089015";"Aschersleben, Stadt";"0015";;"000012";"Vereinshaus ""Siedlertreff""";"U";661;386;6;380;54;220;28;17;9;12;0;0;3;2;1;6;21;0;7;6;380;65;225;32;19;8;5;;;;;;;24;2;;
"018";"Aschersleben";"15089";"Salzlandkreis";"15089015";"Aschersleben, Stadt";"0015";;"000013";"Gemeindeamt Schackstedt";"U";276;190;5;185;37;82;8;17;5;17;4;0;1;0;0;0;11;2;1;5;185;42;82;13;17;5;8;;;;;;;14;4;;
"018";"Aschersleben";"15089";"Salzlandkreis";"15089015";"Aschersleben, Stadt";"0015";;"000014";"Gemeindeamt Winningen";"U";464;310;2;308;44;171;31;16;2;13;3;0;3;0;1;1;21;2;0;1;309;45;169;41;16;5;4;;;;;;;24;5;;
"018";"Aschersleben";"15089";"Salzlandkreis";"15089015";"Aschersleben, Stadt";"0015";;"000015";"Gemeindeamt Klein Schierstedt";"U";235;153;2;151;27;83;1;3;5;6;3;0;5;0;1;0;15;1;1;3;150;26;82;5;8;3;5;;;;;;;17;4;;
"018";"Aschersleben";"15089";"Salzlandkreis";"15089015";"Aschersleben, Stadt";"0015";;"000016";"Gemeindeamt Wilseben";"U";326;230;1;229;31;134;23;10;2;11;2;0;2;1;0;0;13;0;0;1;229;36;132;26;13;1;6;;;;;;;14;1;;
"018";"Aschersleben";"15089";"Salzlandkreis";"15089015";"Aschersleben, Stadt";"0015";;"000017";"Gemeindeamt Mehringen - Vereinshaus";"U";798;460;5;455;75;251;28;13;12;24;4;0;6;0;0;2;33;2;5;5;455;87;249;30;20;19;6;;;;;;;37;7;;
"018";"Aschersleben";"15089";"Salzlandkreis";"15089015";"Aschersleben, Stadt";"0015";;"000018";"Dorfgemeinschaftshaus Drohndorf";"U";372;261;3;258;38;155;15;18;8;5;3;0;1;0;0;0;14;0;1;2;259;41;154;13;14;19;0;;;;;;;17;1;;
"018";"Aschersleben";"15089";"Salzlandkreis";"15089015";"Aschersleben, Stadt";"0015";;"000019";"Gemeindeamt Freckleben";"U";462;292;3;289;32;182;24;15;5;7;1;0;3;0;0;2;14;0;4;6;286;40;168;27;15;5;6;;;;;;;22;3;;
"018";"Aschersleben";"15089";"Salzlandkreis";"15089015";"Aschersleben, Stadt";"0015";;"000020";"Gemeindeamt Westdorf";"U";653;426;1;425;87;202;23;30;7;29;3;1;5;1;0;2;33;2;0;1;425;93;191;28;42;14;7;;;;;;;41;9;;
"018";"Aschersleben";"15089";"Salzlandkreis";"15089015";"Aschersleben, Stadt";"0015";;"000021";"Gemeindeamt Groß Schierstedt";"U";432;280;6;274;34;164;13;17;6;5;5;0;4;1;3;2;20;0;0;5;275;38;158;14;14;5;3;;;;;;;41;2;;
"018";"Aschersleben";"15089";"Salzlandkreis";"15089015";"Aschersleben, Stadt";"0015";;"000022";"Wahlraum Schackenthal";"U";229;148;1;147;19;92;7;4;8;2;1;0;1;0;0;1;11;1;0;2;146;18;98;6;7;6;0;;;;;;;9;2;;
"018";"Aschersleben";"15089";"Salzlandkreis";"15089015";"Aschersleben, Stadt";"0015";;"000023";"Gemeindeamt Neu Königsaue";"U";241;126;1;125;29;69;3;6;1;3;1;0;2;1;0;0;9;1;0;2;124;28;67;5;8;0;4;;;;;;;9;3;;
"018";"Aschersleben";"15089";"Salzlandkreis";"15089015";"Aschersleben, Stadt";"0015";;"000964";"Aschersleben 1 - WBZ 1 bis 6";"B";0;1792;9;1783;415;443;198;222;60;165;14;2;21;8;4;20;186;14;11;10;1782;459;416;187;225;69;85;;;;;;;320;21;;
"018";"Aschersleben";"15089";"Salzlandkreis";"15089015";"Aschersleben, Stadt";"0015";;"000965";"Aschersleben 2 - WBZ 7 bis 15";"B";0;1517;4;1513;401;373;146;211;35;122;24;3;18;7;2;11;148;7;5;8;1509;415;346;147;218;46;70;;;;;;;243;24;;
"018";"Aschersleben";"15089";"Salzlandkreis";"15089015";"Aschersleben, Stadt";"0015";;"000966";"Aschersleben 3 - WBZ 16 bis 23";"B";0;626;1;625;155;198;60;61;22;31;9;0;8;6;2;3;62;2;6;6;620;161;168;73;59;28;15;;;;;;;109;7;;
"018";"Aschersleben";"15089";"Salzlandkreis";"15089307";"Seeland, Stadt";"0307";;"000967";"Seeland";"B";0;971;5;966;258;271;80;114;31;78;8;0;16;5;3;5;86;8;3;12;959;294;255;95;114;36;41;;;;;;;111;13;;
"018";"Aschersleben";"15089";"Salzlandkreis";"15089307";"Seeland, Stadt";"0307";;"070001";"OT Friedrichsaue";"U";135;83;0;83;19;41;4;5;1;4;1;0;0;0;0;1;7;0;0;1;82;22;40;4;5;0;3;;;;;;;8;0;;
"018";"Aschersleben";"15089";"Salzlandkreis";"15089307";"Seeland, Stadt";"0307";;"070002";"OT Frose/Anhalt";"U";1006;663;10;653;93;413;46;18;9;18;1;0;4;1;2;3;41;3;1;11;652;110;417;43;18;10;16;;;;;;;35;3;;
"018";"Aschersleben";"15089";"Salzlandkreis";"15089307";"Seeland, Stadt";"0307";;"070003";"OT Gatersleben";"U";1520;955;15;940;149;486;69;74;17;51;7;1;7;4;1;3;68;2;1;15;940;183;480;78;66;19;23;;;;;;;83;8;;
"018";"Aschersleben";"15089";"Salzlandkreis";"15089307";"Seeland, Stadt";"0307";;"070004";"OT Stadt Hoym/Anhalt";"U";1860;1053;18;1035;148;609;61;60;23;42;6;0;6;2;0;7;65;2;4;19;1034;181;615;70;59;26;9;;;;;;;67;7;;
"018";"Aschersleben";"15089";"Salzlandkreis";"15089307";"Seeland, Stadt";"0307";;"070005";"OT Nachterstedt";"U";1217;753;5;748;115;405;62;36;10;35;7;3;9;3;1;2;57;2;1;5;748;135;407;63;47;11;13;;;;;;;63;9;;
"018";"Aschersleben";"15089";"Salzlandkreis";"15089307";"Seeland, Stadt";"0307";;"070006";"OT Schadeleben";"U";520;352;1;351;78;188;25;14;5;9;3;0;4;3;1;0;18;0;3;4;348;84;188;35;12;4;3;;;;;;;20;2;;
"019";"Staßfurt";"15089";"Salzlandkreis";"15089041";"Bördeaue";"5051";"Egelner Mulde";"000301";"Gemeindebüro Tarthun";"U";568;403;9;394;56;247;31;18;5;9;5;1;2;1;2;3;13;0;1;8;395;85;242;30;18;7;1;;;;;;;12;;;
"019";"Staßfurt";"15089";"Salzlandkreis";"15089041";"Bördeaue";"5051";"Egelner Mulde";"000401";"Dorfgemeinschaftshaus Unseburg";"U";857;563;9;554;82;300;42;39;12;24;6;0;7;4;0;2;33;0;3;6;557;158;291;34;24;19;4;;;;;;;27;;;
"019";"Staßfurt";"15089";"Salzlandkreis";"15089041";"Bördeaue";"5051";"Egelner Mulde";"000970";"Egelner Mulde - Bördeaue";"B";0;200;2;198;42;60;20;17;7;16;3;0;1;4;0;2;26;0;0;2;198;75;58;17;6;12;5;;;;;;;25;;;
"019";"Staßfurt";"15089";"Salzlandkreis";"15089043";"Börde-Hakel";"5051";"Egelner Mulde";"000101";"Kita „Rappelkiste“ Etgersleben";"U";565;350;4;346;45;208;19;18;7;7;4;0;3;1;1;0;31;0;2;5;345;84;196;19;11;12;2;;;;;;;21;;;
"019";"Staßfurt";"15089";"Salzlandkreis";"15089043";"Börde-Hakel";"5051";"Egelner Mulde";"000201";"Feuerwehrgerätehaus Hakeborn";"U";526;368;1;367;61;218;16;19;5;18;3;1;3;1;1;2;18;0;1;1;367;100;203;16;23;3;3;;;;;;;19;;;
"019";"Staßfurt";"15089";"Salzlandkreis";"15089043";"Börde-Hakel";"5051";"Egelner Mulde";"000501";"Grundschule Westeregeln";"U";1332;858;4;854;169;474;52;46;18;28;7;1;11;4;1;4;39;0;0;8;850;247;468;52;31;16;8;;;;;;;28;;;
"019";"Staßfurt";"15089";"Salzlandkreis";"15089043";"Börde-Hakel";"5051";"Egelner Mulde";"000971";"Egelner Mulde - Börde-Hakel";"B";0;343;2;341;105;91;28;47;13;19;6;0;5;3;1;0;20;0;3;2;341;150;91;26;35;13;6;;;;;;;20;;;
"019";"Staßfurt";"15089";"Salzlandkreis";"15089045";"Borne";"5051";"Egelner Mulde";"000001";"Gemeindebüro Borne";"U";986;601;10;591;80;361;31;29;11;19;5;0;6;4;2;6;35;1;1;11;590;207;313;25;9;11;2;;;;;;;23;;;
"019";"Staßfurt";"15089";"Salzlandkreis";"15089045";"Borne";"5051";"Egelner Mulde";"000972";"Egelner Mulde - Borne";"B";0;190;1;189;34;70;22;23;6;17;2;0;0;0;0;0;13;0;2;1;189;89;58;14;8;6;5;;;;;;;9;;;
"019";"Staßfurt";"15089";"Salzlandkreis";"15089075";"Egeln, Stadt";"5051";"Egelner Mulde";"000001";"Dorfgemeinschaftshaus Egeln-Nord";"U";470;306;7;299;48;179;24;16;3;14;1;0;5;0;2;1;4;1;1;6;300;74;177;19;13;9;3;;;;;;;5;;;
"019";"Staßfurt";"15089";"Salzlandkreis";"15089075";"Egeln, Stadt";"5051";"Egelner Mulde";"000002";"Feuerwehr Egeln";"U";1011;635;6;629;91;381;28;40;13;27;1;1;7;3;2;1;27;2;5;8;627;167;370;25;22;13;5;;;;;;;25;;;
"019";"Staßfurt";"15089";"Salzlandkreis";"15089075";"Egeln, Stadt";"5051";"Egelner Mulde";"000003";"Aula der Grundschule Egeln";"U";1159;634;17;617;98;379;41;32;10;16;3;1;7;3;2;1;21;0;3;17;617;166;370;33;15;15;7;;;;;;;11;;;
"019";"Staßfurt";"15089";"Salzlandkreis";"15089075";"Egeln, Stadt";"5051";"Egelner Mulde";"000973";"Egelner Mulde - Egeln";"B";0;464;0;464;136;129;41;62;17;30;27;0;3;3;2;5;8;0;1;0;464;216;112;44;24;19;14;;;;;;;35;;;
"019";"Staßfurt";"15089";"Salzlandkreis";"15089175";"Hecklingen, Stadt";"0175";;"000001";"OT Hecklingen 01 - Stadtsaal Stern";"U";1354;804;6;798;107;516;41;29;9;29;5;1;15;0;1;7;36;1;1;9;795;136;530;48;34;17;14;;;;;;;16;;;
"019";"Staßfurt";"15089";"Salzlandkreis";"15089175";"Hecklingen, Stadt";"0175";;"000002";"OT Hecklingen 02 - Therapiezentrum """"Sieben Täler""""";"U";1373;735;6;729;89;453;39;28;12;23;4;1;10;3;1;6;56;3;1;6;729;131;461;54;18;13;6;;;;;;;46;;;
"019";"Staßfurt";"15089";"Salzlandkreis";"15089175";"Hecklingen, Stadt";"0175";;"000003";"OT Groß Börnecke";"U";1166;713;9;704;95;446;37;33;8;15;13;1;8;5;3;4;34;0;2;8;705;147;447;44;19;18;5;;;;;;;25;;;
"019";"Staßfurt";"15089";"Salzlandkreis";"15089175";"Hecklingen, Stadt";"0175";;"000004";"OT Cochstedt";"U";807;532;5;527;70;312;39;30;7;18;12;1;7;2;1;0;28;0;0;10;522;116;311;33;20;12;5;;;;;;;25;;;
"019";"Staßfurt";"15089";"Salzlandkreis";"15089175";"Hecklingen, Stadt";"0175";;"000005";"OT Schneidlingen";"U";791;487;3;484;63;301;40;23;7;10;2;0;6;4;2;5;20;1;0;1;486;92;300;43;16;12;4;;;;;;;19;;;
"019";"Staßfurt";"15089";"Salzlandkreis";"15089175";"Hecklingen, Stadt";"0175";;"000978";"Hecklingen";"B";0;1041;6;1035;211;404;116;95;30;62;14;0;15;8;1;7;69;1;2;9;1032;320;395;100;65;46;28;;;;;;;78;;;
"019";"Staßfurt";"15089";"Salzlandkreis";"15089310";"Staßfurt, Salzstadt";"0310";;"000975";"Staßfurt 1 - WBZ 1 bis 6";"B";0;1444;6;1438;379;419;162;165;56;101;7;1;15;8;0;6;111;4;4;7;1437;546;398;163;80;70;41;;;;;;;139;;;
"019";"Staßfurt";"15089";"Salzlandkreis";"15089310";"Staßfurt, Salzstadt";"0310";;"000976";"Staßfurt 2 - WBZ 7 bis 13";"B";0;1390;7;1383;391;402;169;156;40;83;14;3;13;8;2;5;96;1;0;9;1381;532;386;170;112;33;31;;;;;;;117;;;
"019";"Staßfurt";"15089";"Salzlandkreis";"15089310";"Staßfurt, Salzstadt";"0310";;"000977";"Staßfurt 3 - WBZ 14 bis 16";"B";0;388;2;386;129;117;40;45;8;12;3;0;4;5;0;1;15;3;4;2;386;159;115;42;31;18;5;;;;;;;16;;;
"019";"Staßfurt";"15089";"Salzlandkreis";"15089310";"Staßfurt, Salzstadt";"0310";;"310001";"Verwaltungsgebäude Haus I - Wahlbezirk 1";"U";2107;967;5;962;102;622;65;40;19;34;11;0;8;6;3;9;37;3;3;5;962;140;620;71;38;25;18;;;;;;;50;;;
"019";"Staßfurt";"15089";"Salzlandkreis";"15089310";"Staßfurt, Salzstadt";"0310";;"310002";"Kita ""Leop. Spatzennest"" - Wahlbezirk 2";"U";1933;953;13;940;106;662;42;34;15;30;2;0;8;4;1;3;31;0;2;11;942;132;661;58;28;19;15;;;;;;;29;;;
"019";"Staßfurt";"15089";"Salzlandkreis";"15089310";"Staßfurt, Salzstadt";"0310";;"310003";"Salzlandkreis/ Standort Staßfurt - Wahlbezirk 3";"U";1290;733;4;729;132;400;35;46;14;27;10;0;8;5;2;5;39;3;3;6;727;196;395;41;19;20;11;;;;;;;45;;;
"019";"Staßfurt";"15089";"Salzlandkreis";"15089310";"Staßfurt, Salzstadt";"0310";;"310004";"Salzland Druck GmbH - Wahlbezirk 4";"U";968;545;5;540;69;325;48;20;8;29;3;0;7;1;0;3;27;0;0;6;539;107;322;49;24;10;5;;;;;;;22;;;
"019";"Staßfurt";"15089";"Salzlandkreis";"15089310";"Staßfurt, Salzstadt";"0310";;"310005";"Dr.-Frank-Gymnasium/Mensa - Wahlbezirk 5";"U";1588;855;7;848;99;566;51;34;9;11;5;0;22;7;0;11;28;2;3;8;847;135;572;51;21;15;12;;;;;;;41;;;
"019";"Staßfurt";"15089";"Salzlandkreis";"15089310";"Staßfurt, Salzstadt";"0310";;"310006";"Kita ""Tausendfüßler"" - Wahlbezirk 6";"U";986;554;9;545;107;269;41;45;5;19;5;1;8;1;1;2;38;0;3;12;542;152;262;34;36;10;9;;;;;;;39;;;
"019";"Staßfurt";"15089";"Salzlandkreis";"15089310";"Staßfurt, Salzstadt";"0310";;"310007";"Grundschule Nord - Wahlbezirk 7";"U";2316;1121;26;1095;182;607;76;61;27;35;5;1;17;9;1;10;60;1;3;17;1104;242;612;81;58;28;23;;;;;;;60;;;
"019";"Staßfurt";"15089";"Salzlandkreis";"15089310";"Staßfurt, Salzstadt";"0310";;"310008";"Dorfgemeinschaftshaus Hohenerxleben - Wahlbezirk 8";"U";752;453;1;452;43;305;31;21;10;8;6;0;4;4;0;1;16;1;2;3;450;61;310;31;19;13;3;;;;;;;13;;;
"019";"Staßfurt";"15089";"Salzlandkreis";"15089310";"Staßfurt, Salzstadt";"0310";;"310009";"Grundschule Löderburg - Wahlbezirk 9";"U";1344;857;8;849;105;529;59;40;21;24;6;0;10;4;3;6;38;2;2;9;848;172;513;58;34;23;13;;;;;;;35;;;
"019";"Staßfurt";"15089";"Salzlandkreis";"15089310";"Staßfurt, Salzstadt";"0310";;"310010";"Bürger- und Schützenhaus Löderburg - Wahlbezirk 10";"U";741;476;9;467;81;238;45;42;5;14;2;0;7;4;0;4;25;0;0;9;467;112;242;44;33;6;5;;;;;;;25;;;
"019";"Staßfurt";"15089";"Salzlandkreis";"15089310";"Staßfurt, Salzstadt";"0310";;"310011";"Dorfgemeinschaftshaus Rathmannsdorf - Wahlbezirk 11";"U";439;299;2;297;24;191;35;11;2;6;0;0;3;0;0;1;20;1;3;3;296;40;193;30;8;3;4;;;;;;;18;;;
"019";"Staßfurt";"15089";"Salzlandkreis";"15089310";"Staßfurt, Salzstadt";"0310";;"310012";"Freiwillige Feuerwehr Neundorf - Wahlbezirk 12";"U";1553;902;11;891;107;576;44;33;17;24;8;3;8;5;0;5;58;1;2;9;893;148;587;35;28;25;17;;;;;;;53;;;
"019";"Staßfurt";"15089";"Salzlandkreis";"15089310";"Staßfurt, Salzstadt";"0310";;"310013";"Sekundarschule Förderstedt - Wahlbezirk 13";"U";1374;888;8;880;135;528;46;46;20;27;5;0;6;7;3;7;47;1;2;9;879;202;533;44;28;15;13;;;;;;;44;;;
"019";"Staßfurt";"15089";"Salzlandkreis";"15089310";"Staßfurt, Salzstadt";"0310";;"310014";"Sportlerklause der ZLG Atzendorf - Wahlbezirk 14";"U";1030;605;5;600;102;344;34;30;29;21;3;0;6;2;1;3;24;0;1;5;600;147;350;28;19;28;11;;;;;;;17;;;
"019";"Staßfurt";"15089";"Salzlandkreis";"15089310";"Staßfurt, Salzstadt";"0310";;"310015";"Wahllokal am Sportplatz Brumby - Wahlbezirk 15";"U";699;478;4;474;61;277;35;30;7;19;6;0;6;4;0;3;26;0;0;8;470;91;284;36;26;7;8;;;;;;;18;;;
"019";"Staßfurt";"15089";"Salzlandkreis";"15089310";"Staßfurt, Salzstadt";"0310";;"310016";"Kita ""Winnie Puh"" - Wahlbezirk 16";"U";671;410;5;405;56;241;28;31;6;15;3;0;3;2;0;1;17;2;0;9;401;78;242;33;17;9;7;;;;;;;15;;;
"019";"Staßfurt";"15089";"Salzlandkreis";"15089365";"Wolmirsleben";"5051";"Egelner Mulde";"000001";"Grundschule Wolmirsleben";"U";1129;733;7;726;110;437;51;37;4;34;3;0;4;2;1;4;38;1;0;6;727;191;425;35;25;9;8;;;;;;;34;;;
"019";"Staßfurt";"15089";"Salzlandkreis";"15089365";"Wolmirsleben";"5051";"Egelner Mulde";"000974";"Egelner Mulde - Wolmirsleben";"B";0;208;2;206;54;60;17;23;6;18;3;0;4;2;0;0;17;1;1;2;206;101;56;17;9;6;1;;;;;;;16;;;
"020";"Schönebeck";"15089";"Salzlandkreis";"15089026";"Barby, Stadt";"0026";;"000001";"Bauhof Barby (Elbe)";"U";1170;715;10;705;113;339;52;68;24;34;7;1;10;1;2;4;47;0;3;8;707;162;353;58;65;20;13;;;;;;;36;;;
"020";"Schönebeck";"15089";"Salzlandkreis";"15089026";"Barby, Stadt";"0026";;"000002";"Feuerwehr Barby (Elbe)";"U";936;594;7;587;97;299;34;60;23;30;5;0;5;2;0;5;26;0;1;8;586;132;306;44;44;29;11;;;;;;;20;;;
"020";"Schönebeck";"15089";"Salzlandkreis";"15089026";"Barby, Stadt";"0026";;"000003";"Grundschule Barby (Elbe)";"U";783;481;3;478;77;260;29;29;11;14;5;1;7;2;2;7;28;1;5;3;478;96;258;40;30;20;3;;;;;;;31;;;
"020";"Schönebeck";"15089";"Salzlandkreis";"15089026";"Barby, Stadt";"0026";;"000004";"Dorfgemeinschaftshaus Breitenhagen";"U";311;216;3;213;32;127;10;12;6;11;0;0;3;2;0;1;9;0;0;2;214;42;133;12;15;3;0;;;;;;;9;;;
"020";"Schönebeck";"15089";"Salzlandkreis";"15089026";"Barby, Stadt";"0026";;"000005";"Bibliothek Glinde";"U";211;166;2;164;41;56;17;16;4;17;1;2;0;0;0;2;8;0;0;2;164;64;59;20;11;5;2;;;;;;;3;;;
"020";"Schönebeck";"15089";"Salzlandkreis";"15089026";"Barby, Stadt";"0026";;"000006";"Sport- und Kulturzentrum Gnadau";"U";357;229;1;228;43;114;13;16;7;19;4;0;2;0;1;0;8;0;1;3;226;60;114;18;13;9;9;;;;;;;3;;;
"020";"Schönebeck";"15089";"Salzlandkreis";"15089026";"Barby, Stadt";"0026";;"000007";"Verwaltungsgebäude Groß Rosenburg";"U";1150;781;10;771;125;424;40;70;12;36;2;3;10;2;0;5;42;0;0;9;772;173;434;43;61;16;11;;;;;;;34;;;
"020";"Schönebeck";"15089";"Salzlandkreis";"15089026";"Barby, Stadt";"0026";;"000008";"Festscheune Lödderitz";"U";167;103;1;102;15;58;7;5;2;7;2;0;0;0;2;1;2;0;1;1;102;25;59;6;4;3;3;;;;;;;2;;;
"020";"Schönebeck";"15089";"Salzlandkreis";"15089026";"Barby, Stadt";"0026";;"000009";"Gemeindehaus Pömmelte";"U";492;361;2;359;66;196;17;24;9;18;1;0;4;0;0;1;21;1;1;1;360;73;199;23;25;17;11;;;;;;;12;;;
"020";"Schönebeck";"15089";"Salzlandkreis";"15089026";"Barby, Stadt";"0026";;"000010";"Grundschule Sachsendorf";"U";199;144;1;143;12;95;7;11;6;4;3;0;1;0;0;0;4;0;0;1;143;15;94;5;17;7;2;;;;;;;3;;;
"020";"Schönebeck";"15089";"Salzlandkreis";"15089026";"Barby, Stadt";"0026";;"000011";"Bürgerhaus Tornitz";"U";383;253;4;249;37;159;8;9;7;6;2;0;7;1;0;2;10;0;1;5;248;44;158;16;12;7;1;;;;;;;10;;;
"020";"Schönebeck";"15089";"Salzlandkreis";"15089026";"Barby, Stadt";"0026";;"000012";"Gemeindehaus Wespen";"U";192;144;3;141;22;64;12;11;2;17;2;0;2;0;1;1;6;0;1;3;141;33;66;18;9;3;7;;;;;;;5;;;
"020";"Schönebeck";"15089";"Salzlandkreis";"15089026";"Barby, Stadt";"0026";;"000013";"Bürgerhaus Zuchau";"U";232;155;1;154;29;91;9;7;2;3;0;0;4;0;0;2;6;0;1;1;154;30;94;13;9;3;1;;;;;;;4;;;
"020";"Schönebeck";"15089";"Salzlandkreis";"15089026";"Barby, Stadt";"0026";;"000982";"Barby";"B";0;991;6;985;267;273;99;120;54;74;12;4;12;6;3;4;51;3;3;9;982;339;268;107;114;59;37;;;;;;;58;;;
"020";"Schönebeck";"15089";"Salzlandkreis";"15089042";"Bördeland";"0042";;"000001";"Jugendclub Biere";"U";1588;956;16;940;121;531;66;53;22;45;7;4;15;3;3;7;56;4;3;15;941;166;560;72;62;29;18;;;;;;;34;;;
"020";"Schönebeck";"15089";"Salzlandkreis";"15089042";"Bördeland";"0042";;"000002";"Bürgerhaus Eggersdorf";"U";975;642;7;635;86;357;49;50;15;32;3;0;5;2;0;4;29;1;2;6;636;113;359;65;57;16;8;;;;;;;18;;;
"020";"Schönebeck";"15089";"Salzlandkreis";"15089042";"Bördeland";"0042";;"000003";"Traditionshof Eickendorf";"U";755;498;10;488;62;250;30;53;21;25;4;3;7;3;1;2;26;0;1;9;489;100;252;39;42;23;11;;;;;;;22;;;
"020";"Schönebeck";"15089";"Salzlandkreis";"15089042";"Bördeland";"0042";;"000004";"Grundschule Großmühlingen";"U";712;461;2;459;61;272;22;29;10;17;3;2;6;6;0;5;23;0;3;6;455;87;277;32;19;14;6;;;;;;;20;;;
"020";"Schönebeck";"15089";"Salzlandkreis";"15089042";"Bördeland";"0042";;"000005";"Feuerwehr Kleinmühlingen";"U";457;320;0;320;46;187;21;17;10;12;5;1;2;2;0;5;12;0;0;3;317;58;188;19;17;18;6;;;;;;;11;;;
"020";"Schönebeck";"15089";"Salzlandkreis";"15089042";"Bördeland";"0042";;"000006";"Grundschule Welsleben";"U";1438;882;14;868;126;512;52;45;18;45;7;2;10;4;1;5;37;1;3;16;866;177;512;58;46;21;16;;;;;;;36;;;
"020";"Schönebeck";"15089";"Salzlandkreis";"15089042";"Bördeland";"0042";;"000007";"""""Grüne Ecke"""" Zens";"U";195;131;5;126;20;81;10;5;2;5;0;0;0;0;0;0;2;0;1;5;126;29;79;10;3;2;0;;;;;;;3;;;
"020";"Schönebeck";"15089";"Salzlandkreis";"15089042";"Bördeland";"0042";;"000983";"Bördeland";"B";0;1131;9;1122;265;329;123;114;48;98;11;2;16;9;0;8;90;3;6;11;1120;361;330;151;101;51;32;;;;;;;94;;;
"020";"Schönebeck";"15089";"Salzlandkreis";"15089055";"Calbe (Saale), Stadt";"0055";;"000001";"Wohnanlage am Saalebogen";"U";1450;893;7;886;122;480;64;64;27;43;11;0;15;6;1;9;44;0;0;12;881;176;487;82;54;34;14;;;;;;;34;;;
"020";"Schönebeck";"15089";"Salzlandkreis";"15089055";"Calbe (Saale), Stadt";"0055";;"000002";"Sekundarschule """"J. G. Herder""""";"U";1196;638;10;628;90;355;38;44;17;23;3;1;10;8;2;8;24;1;4;16;622;110;370;50;38;23;9;;;;;;;22;;;
"020";"Schönebeck";"15089";"Salzlandkreis";"15089055";"Calbe (Saale), Stadt";"0055";;"000003";"Friedrich-Schiller-Gymnasium";"U";1313;812;9;803;100;479;54;40;14;40;12;0;17;4;2;2;37;1;1;12;800;129;490;76;37;18;15;;;;;;;35;;;
"020";"Schönebeck";"15089";"Salzlandkreis";"15089055";"Calbe (Saale), Stadt";"0055";;"000004";"Kindertagesstätte ""Haus Sonnenschein""";"U";1170;656;7;649;96;338;59;63;10;42;11;2;7;3;1;5;11;1;0;9;647;138;344;69;53;13;15;;;;;;;15;;;
"020";"Schönebeck";"15089";"Salzlandkreis";"15089055";"Calbe (Saale), Stadt";"0055";;"000005";"Grundschule ""G. E. Lessing""";"U";1100;638;12;626;135;289;57;54;12;31;3;0;3;7;0;5;27;2;1;8;630;165;306;57;49;18;18;;;;;;;17;;;
"020";"Schönebeck";"15089";"Salzlandkreis";"15089055";"Calbe (Saale), Stadt";"0055";;"000006";"Feuerwehr OT Schwarz";"U";301;205;6;199;41;102;21;14;2;4;2;0;4;1;0;1;7;0;0;6;199;50;109;13;15;5;5;;;;;;;2;;;
"020";"Schönebeck";"15089";"Salzlandkreis";"15089055";"Calbe (Saale), Stadt";"0055";;"000007";"Bürgerhaus OT Trabitz";"U";87;62;0;62;13;29;6;0;3;1;1;0;0;0;1;2;6;0;0;0;62;19;30;6;1;1;0;;;;;;;5;;;
"020";"Schönebeck";"15089";"Salzlandkreis";"15089055";"Calbe (Saale), Stadt";"0055";;"000984";"Calbe";"B";0;994;7;987;275;293;92;134;17;76;5;1;21;2;0;7;60;1;3;10;984;323;294;113;119;38;39;;;;;;;58;;;
"020";"Schönebeck";"15089";"Salzlandkreis";"15089305";"Schönebeck (Elbe), Stadt";"0305";;"000001";"AWO Kreisverband Salzland e.V.";"U";1167;616;11;605;95;306;49;45;14;32;3;1;10;3;1;5;41;0;0;9;607;124;335;64;40;16;13;;;;;;;15;;;
"020";"Schönebeck";"15089";"Salzlandkreis";"15089305";"Schönebeck (Elbe), Stadt";"0305";;"000002";"Stadtwerkehaus";"U";1365;789;9;780;110;391;71;56;23;61;5;0;14;5;5;4;32;0;3;15;774;149;389;83;79;20;21;;;;;;;33;;;
"020";"Schönebeck";"15089";"Salzlandkreis";"15089305";"Schönebeck (Elbe), Stadt";"0305";;"000003";"Kindertagesstätte """"Sonnenblume""""";"U";1263;693;9;684;115;335;67;42;15;29;3;0;15;5;3;6;46;1;2;8;685;133;347;78;54;22;15;;;;;;;36;;;
"020";"Schönebeck";"15089";"Salzlandkreis";"15089305";"Schönebeck (Elbe), Stadt";"0305";;"000004";"Stadtbibliothek """"Erich Weinert""""";"U";1316;726;9;717;140;302;60;59;10;38;7;3;19;7;3;7;57;2;3;11;715;161;337;81;73;16;14;;;;;;;33;;;
"020";"Schönebeck";"15089";"Salzlandkreis";"15089305";"Schönebeck (Elbe), Stadt";"0305";;"000005";"Kindertagesstätte “Regenbogen“";"U";1107;647;7;640;83;321;64;60;19;31;8;0;11;3;1;3;29;4;3;6;641;104;332;91;56;24;13;;;;;;;21;;;
"020";"Schönebeck";"15089";"Salzlandkreis";"15089305";"Schönebeck (Elbe), Stadt";"0305";;"000006";"Soziokulturelles Zentrum """"Treff""""";"U";1149;669;5;664;83;368;51;46;16;25;6;4;14;4;1;5;36;1;4;6;663;105;375;68;61;17;5;;;;;;;32;;;
"020";"Schönebeck";"15089";"Salzlandkreis";"15089305";"Schönebeck (Elbe), Stadt";"0305";;"000007";"Sporthalle, Grundschule “L. Schneider“";"U";1226;713;5;708;130;341;42;64;28;54;6;2;4;3;0;3;30;0;1;5;708;161;353;60;70;27;14;;;;;;;23;;;
"020";"Schönebeck";"15089";"Salzlandkreis";"15089305";"Schönebeck (Elbe), Stadt";"0305";;"000008";"SOLEPARK Dr.-Tolberg-Saal";"U";1313;786;9;777;120;385;67;74;16;54;5;1;3;5;0;3;41;0;3;7;779;172;390;72;72;26;16;;;;;;;31;;;
"020";"Schönebeck";"15089";"Salzlandkreis";"15089305";"Schönebeck (Elbe), Stadt";"0305";;"000009";"Diakonie „Burghof“";"U";941;471;12;459;61;242;37;38;12;29;3;4;5;1;1;2;20;1;3;13;458;84;247;43;42;13;11;;;;;;;18;;;
"020";"Schönebeck";"15089";"Salzlandkreis";"15089305";"Schönebeck (Elbe), Stadt";"0305";;"000010";"Sporthalle";"U";1354;876;5;871;142;413;70;59;19;71;7;1;19;3;1;5;58;0;3;6;870;204;421;71;66;29;33;;;;;;;46;;;
"020";"Schönebeck";"15089";"Salzlandkreis";"15089305";"Schönebeck (Elbe), Stadt";"0305";;"000011";"Kindertagesstätte “Am Gänsewinkel“";"U";1643;980;15;965;104;580;58;55;26;55;1;0;18;6;3;4;50;1;4;15;965;153;588;63;64;30;24;;;;;;;43;;;
"020";"Schönebeck";"15089";"Salzlandkreis";"15089305";"Schönebeck (Elbe), Stadt";"0305";;"000012";"Grundschule """"Käthe Kollwitz""""";"U";1218;718;10;708;78;412;59;42;19;33;6;0;10;2;2;3;40;2;0;11;707;97;428;64;42;29;20;;;;;;;27;;;
"020";"Schönebeck";"15089";"Salzlandkreis";"15089305";"Schönebeck (Elbe), Stadt";"0305";;"000013";"Stadt Schönebeck (Elbe), Stadthaus I";"U";1398;776;1;775;95;414;65;54;14;59;4;1;9;6;2;4;40;3;5;2;774;141;416;75;56;22;28;;;;;;;36;;;
"020";"Schönebeck";"15089";"Salzlandkreis";"15089305";"Schönebeck (Elbe), Stadt";"0305";;"000014";"Haus der Vereine";"U";585;392;3;389;48;219;24;26;7;21;2;2;5;1;2;1;28;1;2;6;386;66;219;30;33;11;9;;;;;;;18;;;
"020";"Schönebeck";"15089";"Salzlandkreis";"15089305";"Schönebeck (Elbe), Stadt";"0305";;"000015";"(ehem.) Kindertagesstätte “Storchennest“";"U";472;332;1;331;57;164;26;17;10;28;4;0;7;1;2;5;9;1;0;0;332;85;167;32;16;14;12;;;;;;;6;;;
"020";"Schönebeck";"15089";"Salzlandkreis";"15089305";"Schönebeck (Elbe), Stadt";"0305";;"000016";"Freie Waldschule Elbenau (Speiseraum)";"U";426;286;3;283;42;137;22;29;5;31;0;0;1;0;0;1;11;2;2;3;283;52;133;31;34;7;13;;;;;;;13;;;
"020";"Schönebeck";"15089";"Salzlandkreis";"15089305";"Schönebeck (Elbe), Stadt";"0305";;"000017";"Sekundarschule “Am Lerchenfeld“  (Aula, Eingang Moskauer Straße)";"U";1002;595;11;584;74;283;54;48;15;48;2;1;10;4;2;7;35;0;1;13;582;116;297;68;42;13;18;;;;;;;28;;;
"020";"Schönebeck";"15089";"Salzlandkreis";"15089305";"Schönebeck (Elbe), Stadt";"0305";;"000018";"Haus Luise";"U";960;552;7;545;108;227;55;57;8;28;3;2;7;6;0;6;38;0;0;6;546;143;250;71;44;11;14;;;;;;;13;;;
"020";"Schönebeck";"15089";"Salzlandkreis";"15089305";"Schönebeck (Elbe), Stadt";"0305";;"000019";"Sporthalle “Franz Vollbring“";"U";1192;657;8;649;98;320;58;62;7;25;4;0;11;4;1;6;47;4;2;10;647;111;325;71;64;16;14;;;;;;;46;;;
"020";"Schönebeck";"15089";"Salzlandkreis";"15089305";"Schönebeck (Elbe), Stadt";"0305";;"000020";"Sporthalle, Sekundarschule “Maxim Gorki“";"U";1011;493;8;485;60;290;29;39;6;19;3;0;9;2;3;2;22;0;1;11;482;76;285;40;42;10;7;;;;;;;22;;;
"020";"Schönebeck";"15089";"Salzlandkreis";"15089305";"Schönebeck (Elbe), Stadt";"0305";;"000021";"Bürgerhaus";"U";754;523;7;516;88;278;33;30;23;22;2;1;4;3;0;4;24;0;4;6;517;127;284;29;26;25;3;;;;;;;23;;;
"020";"Schönebeck";"15089";"Salzlandkreis";"15089305";"Schönebeck (Elbe), Stadt";"0305";;"000022";"Dorfgemeinschaftshaus """"Alter Krug""""";"U";795;528;5;523;75;279;38;40;13;36;3;1;4;3;0;4;25;0;2;6;522;108;286;40;38;20;9;;;;;;;21;;;
"020";"Schönebeck";"15089";"Salzlandkreis";"15089305";"Schönebeck (Elbe), Stadt";"0305";;"000023";"Feuerwehrhaus";"U";274;204;2;202;54;103;8;12;5;5;2;1;0;0;0;0;9;2;1;1;203;59;103;9;10;11;3;;;;;;;8;;;
"020";"Schönebeck";"15089";"Salzlandkreis";"15089305";"Schönebeck (Elbe), Stadt";"0305";;"000979";"Schönebeck 1 - WBZ 1 bis 8";"B";0;1707;10;1697;416;385;208;282;62;188;15;3;11;12;2;10;96;1;6;20;1687;561;365;241;261;94;72;;;;;;;93;;;
"020";"Schönebeck";"15089";"Salzlandkreis";"15089305";"Schönebeck (Elbe), Stadt";"0305";;"000980";"Schönebeck 2 - WBZ 9 bis 18";"B";0;1771;8;1763;490;447;184;248;66;176;10;3;18;12;3;11;85;6;4;15;1756;624;441;206;253;86;63;;;;;;;83;;;
"020";"Schönebeck";"15089";"Salzlandkreis";"15089305";"Schönebeck (Elbe), Stadt";"0305";;"000981";"Schönebeck 3 - WBZ 19 bis 23";"B";0;546;0;546;135;167;63;62;21;36;2;0;11;5;0;4;38;0;2;1;545;170;164;68;68;28;13;;;;;;;34;;;
"021";"Bernburg";"15089";"Salzlandkreis";"15089005";"Alsleben (Saale), Stadt";"5052";"Saale-Wipper";"000991";"Saale-Wipper - Alsleben";"B";0;349;1;348;97;124;19;34;21;12;1;0;8;3;0;2;23;2;2;4;345;110;136;26;30;38;5;;;;;;;;;;
"021";"Bernburg";"15089";"Salzlandkreis";"15089005";"Alsleben (Saale), Stadt";"5052";"Saale-Wipper";"005001";"Rathaus Alsleben (Saale)";"U";1001;555;5;550;77;327;32;30;21;24;3;1;6;3;0;3;20;1;2;4;551;109;338;37;25;32;10;;;;;;;;;;
"021";"Bernburg";"15089";"Salzlandkreis";"15089005";"Alsleben (Saale), Stadt";"5052";"Saale-Wipper";"005002";"Stadtwirtschaft Alsleben (Saale)";"U";850;496;2;494;87;302;26;23;11;8;2;0;3;1;0;2;26;2;1;3;493;110;308;31;18;21;5;;;;;;;;;;
"021";"Bernburg";"15089";"Salzlandkreis";"15089005";"Alsleben (Saale), Stadt";"5052";"Saale-Wipper";"005003";"Vereinshaus Heimatverein Gnölbzig e.V.";"U";150;82;0;82;11;57;3;5;1;0;0;0;3;0;0;0;2;0;0;1;81;14;56;6;4;1;0;;;;;;;;;;
"021";"Bernburg";"15089";"Salzlandkreis";"15089030";"Bernburg (Saale), Stadt";"0030";;"000985";"Bernburg 1 - WBZ 1 bis 7";"B";0;1886;8;1878;387;501;227;241;91;252;15;2;29;8;9;10;95;4;7;18;1868;634;517;303;158;168;88;;;;;;;;;;
"021";"Bernburg";"15089";"Salzlandkreis";"15089030";"Bernburg (Saale), Stadt";"0030";;"000986";"Bernburg 2 - WBZ 8 bis 14";"B";0;1618;7;1611;456;349;191;197;96;158;7;0;18;14;5;7;102;3;8;16;1602;591;363;265;137;186;60;;;;;;;;;;
"021";"Bernburg";"15089";"Salzlandkreis";"15089030";"Bernburg (Saale), Stadt";"0030";;"000987";"Bernburg 3 - WBZ 15 bis 18";"B";0;482;1;481;139;120;57;72;15;47;1;1;2;1;1;0;23;1;1;0;482;189;118;71;47;39;18;;;;;;;;;;
"021";"Bernburg";"15089";"Salzlandkreis";"15089030";"Bernburg (Saale), Stadt";"0030";;"000988";"Bernburg 4 - WBZ 19 bis 23";"B";0;403;1;402;126;143;30;25;14;29;6;0;3;2;0;3;20;0;1;3;400;132;143;45;29;42;9;;;;;;;;;;
"021";"Bernburg";"15089";"Salzlandkreis";"15089030";"Bernburg (Saale), Stadt";"0030";;"030001";"Waldau";"U";1628;940;11;929;123;485;78;57;39;50;10;1;11;4;1;8;57;4;1;18;922;180;499;114;40;68;21;;;;;;;;;;
"021";"Bernburg";"15089";"Salzlandkreis";"15089030";"Bernburg (Saale), Stadt";"0030";;"030002";"Marienkäfer A";"U";1438;773;7;766;83;406;93;45;25;64;3;0;8;1;4;4;22;2;6;13;760;142;403;114;34;47;20;;;;;;;;;;
"021";"Bernburg";"15089";"Salzlandkreis";"15089030";"Bernburg (Saale), Stadt";"0030";;"030003";"Marienkäfer B";"U";1347;756;7;749;109;372;60;71;27;48;1;0;11;2;0;2;42;3;1;12;744;162;388;85;49;42;18;;;;;;;;;;
"021";"Bernburg";"15089";"Salzlandkreis";"15089030";"Bernburg (Saale), Stadt";"0030";;"030004";"Campus Technicus";"U";1620;846;12;834;118;398;77;62;33;65;5;1;10;3;3;9;44;1;5;17;829;190;419;115;42;46;17;;;;;;;;;;
"021";"Bernburg";"15089";"Salzlandkreis";"15089030";"Bernburg (Saale), Stadt";"0030";;"030005";"GS Mehring";"U";1567;888;8;880;89;450;88;59;36;74;7;5;10;2;4;9;42;1;4;11;877;159;469;115;58;59;17;;;;;;;;;;
"021";"Bernburg";"15089";"Salzlandkreis";"15089030";"Bernburg (Saale), Stadt";"0030";;"030006";"Wasserzweckverband";"U";816;492;1;491;57;291;45;24;15;16;4;0;5;4;1;1;28;0;0;2;490;71;307;64;14;30;4;;;;;;;;;;
"021";"Bernburg";"15089";"Salzlandkreis";"15089030";"Bernburg (Saale), Stadt";"0030";;"030007";"GS Goethe A";"U";1449;743;8;735;98;393;64;44;22;32;1;0;19;4;1;6;44;1;6;9;734;149;420;85;33;37;10;;;;;;;;;;
"021";"Bernburg";"15089";"Salzlandkreis";"15089030";"Bernburg (Saale), Stadt";"0030";;"030008";"GS Goethe B";"U";1500;792;13;779;99;416;70;50;28;44;7;1;7;2;2;8;41;0;4;15;777;130;442;82;53;50;20;;;;;;;;;;
"021";"Bernburg";"15089";"Salzlandkreis";"15089030";"Bernburg (Saale), Stadt";"0030";;"030009";"Pfauscher Stift";"U";1760;890;16;874;151;469;55;54;41;47;3;3;5;1;0;6;35;0;4;13;877;187;478;68;50;78;16;;;;;;;;;;
"021";"Bernburg";"15089";"Salzlandkreis";"15089030";"Bernburg (Saale), Stadt";"0030";;"030010";"Jugendklubhaus";"U";1353;742;11;731;116;388;63;49;22;35;5;4;9;5;1;3;29;1;1;13;729;146;402;75;46;40;20;;;;;;;;;;
"021";"Bernburg";"15089";"Salzlandkreis";"15089030";"Bernburg (Saale), Stadt";"0030";;"030011";"Förderschule";"U";1686;938;14;924;155;461;80;66;35;45;3;5;20;7;2;9;32;0;4;17;921;202;466;107;50;71;25;;;;;;;;;;
"021";"Bernburg";"15089";"Salzlandkreis";"15089030";"Bernburg (Saale), Stadt";"0030";;"030012";"Roschwitz";"U";1271;843;10;833;125;460;64;47;23;46;4;0;15;9;0;2;36;1;1;12;831;160;477;79;48;46;21;;;;;;;;;;
"021";"Bernburg";"15089";"Salzlandkreis";"15089030";"Bernburg (Saale), Stadt";"0030";;"030013";"Neuborna";"U";1023;605;7;598;141;257;45;36;29;36;3;0;6;3;0;6;34;1;1;11;594;180;263;57;32;42;20;;;;;;;;;;
"021";"Bernburg";"15089";"Salzlandkreis";"15089030";"Bernburg (Saale), Stadt";"0030";;"030014";"Seniorenzentrum";"U";692;349;11;338;55;175;29;22;11;13;3;0;7;2;1;3;17;0;0;14;335;66;190;37;18;19;5;;;;;;;;;;
"021";"Bernburg";"15089";"Salzlandkreis";"15089030";"Bernburg (Saale), Stadt";"0030";;"030015";"GS Regenbogen";"U";1242;723;8;715;109;375;55;48;19;36;2;1;14;3;7;2;40;2;2;13;710;128;390;84;52;45;11;;;;;;;;;;
"021";"Bernburg";"15089";"Salzlandkreis";"15089030";"Bernburg (Saale), Stadt";"0030";;"030016";"Aderstedt";"U";394;297;1;296;33;158;25;21;21;17;2;0;2;2;0;1;13;0;1;2;295;48;161;31;18;29;8;;;;;;;;;;
"021";"Bernburg";"15089";"Salzlandkreis";"15089030";"Bernburg (Saale), Stadt";"0030";;"030017";"Gröna";"U";423;286;7;279;53;141;13;18;12;18;4;2;3;0;0;3;11;0;1;8;278;74;142;19;8;29;6;;;;;;;;;;
"021";"Bernburg";"15089";"Salzlandkreis";"15089030";"Bernburg (Saale), Stadt";"0030";;"030018";"Baalberge";"U";1001;617;8;609;101;333;45;40;21;18;5;2;7;1;2;2;31;0;1;10;607;132;348;48;36;39;4;;;;;;;;;;
"021";"Bernburg";"15089";"Salzlandkreis";"15089030";"Bernburg (Saale), Stadt";"0030";;"030019";"Biendorf";"U";534;373;3;370;68;184;31;32;14;15;4;0;2;3;1;3;12;0;1;5;368;94;191;35;26;20;2;;;;;;;;;;
"021";"Bernburg";"15089";"Salzlandkreis";"15089030";"Bernburg (Saale), Stadt";"0030";;"030020";"Peißen";"U";904;608;13;595;108;346;36;28;17;16;3;0;5;1;1;2;31;0;1;12;596;141;356;42;18;32;7;;;;;;;;;;
"021";"Bernburg";"15089";"Salzlandkreis";"15089030";"Bernburg (Saale), Stadt";"0030";;"030021";"Poley";"U";447;324;6;318;54;176;22;17;11;11;1;0;6;4;1;2;13;0;0;8;316;69;179;27;16;24;1;;;;;;;;;;
"021";"Bernburg";"15089";"Salzlandkreis";"15089030";"Bernburg (Saale), Stadt";"0030";;"030022";"Preußlitz";"U";493;340;3;337;45;209;21;15;12;11;4;0;3;1;0;1;14;1;0;3;337;59;209;25;16;26;2;;;;;;;;;;
"021";"Bernburg";"15089";"Salzlandkreis";"15089030";"Bernburg (Saale), Stadt";"0030";;"030023";"Wohlsdorf";"U";332;222;1;221;34;142;14;10;2;4;1;0;2;1;1;0;10;0;0;2;220;37;148;15;9;9;2;;;;;;;;;;
"021";"Bernburg";"15089";"Salzlandkreis";"15089130";"Giersleben";"5052";"Saale-Wipper";"000992";"Saale-Wipper - Giersleben";"B";0;121;1;120;20;41;14;11;4;8;4;0;5;0;0;1;12;0;0;3;118;30;44;20;8;7;9;;;;;;;;;;
"021";"Bernburg";"15089";"Salzlandkreis";"15089130";"Giersleben";"5052";"Saale-Wipper";"130001";"Grundschule Giersleben";"U";777;506;5;501;73;281;27;35;10;16;5;0;8;1;0;5;35;1;4;7;499;92;310;40;31;11;15;;;;;;;;;;
"021";"Bernburg";"15089";"Salzlandkreis";"15089165";"Güsten, Stadt";"5052";"Saale-Wipper";"000993";"Saale-Wipper - Güsten";"B";0;539;2;537;125;187;65;58;15;20;6;3;7;4;2;2;39;1;3;5;534;155;198;96;44;31;10;;;;;;;;;;
"021";"Bernburg";"15089";"Salzlandkreis";"15089165";"Güsten, Stadt";"5052";"Saale-Wipper";"165001";"Hotel Stadt Güsten";"U";1204;672;5;667;79;425;32;39;12;22;9;0;10;1;2;7;24;3;2;8;664;117;441;48;27;18;13;;;;;;;;;;
"021";"Bernburg";"15089";"Salzlandkreis";"15089165";"Güsten, Stadt";"5052";"Saale-Wipper";"165002";"Rathaus Güsten";"U";1146;684;8;676;77;417;65;27;12;17;3;2;7;2;0;3;39;0;5;8;676;96;446;76;31;20;7;;;;;;;;;;
"021";"Bernburg";"15089";"Salzlandkreis";"15089165";"Güsten, Stadt";"5052";"Saale-Wipper";"165003";"Vereinsheim """"Zum Züchterstolz""""";"U";303;223;0;223;26;137;22;12;3;8;1;1;3;1;0;2;7;0;0;2;221;38;140;24;11;5;3;;;;;;;;;;
"021";"Bernburg";"15089";"Salzlandkreis";"15089165";"Güsten, Stadt";"5052";"Saale-Wipper";"165004";"Gemeindessal Amesdorf";"U";372;253;1;252;29;169;20;12;4;5;0;0;4;0;0;1;8;0;0;4;249;30;173;30;8;7;1;;;;;;;;;;
"021";"Bernburg";"15089";"Salzlandkreis";"15089165";"Güsten, Stadt";"5052";"Saale-Wipper";"165005";"Sportlerheim Warmsdorf";"U";158;98;0;98;10;57;8;5;2;2;6;0;1;1;0;2;3;1;0;1;97;8;61;15;5;4;4;;;;;;;;;;
"021";"Bernburg";"15089";"Salzlandkreis";"15089185";"Ilberstedt";"5052";"Saale-Wipper";"000994";"Saale-Wipper - Ilberstedt";"B";0;162;1;161;30;61;25;17;5;12;1;0;1;0;0;0;9;0;0;1;161;48;59;27;13;8;6;;;;;;;;;;
"021";"Bernburg";"15089";"Salzlandkreis";"15089185";"Ilberstedt";"5052";"Saale-Wipper";"185001";"Gemeindewahlraum";"U";821;537;7;530;72;338;36;18;14;13;5;1;4;5;1;2;20;1;0;10;527;78;354;42;21;26;6;;;;;;;;;;
"021";"Bernburg";"15089";"Salzlandkreis";"15089195";"Könnern, Stadt";"0195";;"000001";"Schulzentrum Könnern, Mensa";"U";1390;844;10;834;103;518;42;42;36;31;5;0;10;3;1;5;35;1;2;13;831;128;526;52;46;66;13;;;;;;;;;;
"021";"Bernburg";"15089";"Salzlandkreis";"15089195";"Könnern, Stadt";"0195";;"000002";"Schulzentrum Könnern, Hort";"U";1349;705;8;697;97;431;38;37;24;23;7;0;6;1;1;3;26;0;3;8;697;110;441;52;42;44;8;;;;;;;;;;
"021";"Bernburg";"15089";"Salzlandkreis";"15089195";"Könnern, Stadt";"0195";;"000003";"Lebendorf";"U";556;378;5;373;43;233;20;23;14;7;6;0;6;2;0;0;18;0;1;7;371;57;242;25;25;22;0;;;;;;;;;;
"021";"Bernburg";"15089";"Salzlandkreis";"15089195";"Könnern, Stadt";"0195";;"000005";"Beesenlaublingen";"U";987;611;4;607;81;350;45;28;22;16;11;1;4;1;3;3;40;0;2;4;607;103;373;49;28;46;8;;;;;;;;;;
"021";"Bernburg";"15089";"Salzlandkreis";"15089195";"Könnern, Stadt";"0195";;"000006";"Belleben";"U";606;382;3;379;55;179;34;41;8;18;3;0;7;2;3;4;21;2;2;4;378;67;183;38;68;15;7;;;;;;;;;;
"021";"Bernburg";"15089";"Salzlandkreis";"15089195";"Könnern, Stadt";"0195";;"000007";"Strenznaundorf-Zickeritz";"U";395;251;2;249;35;146;12;15;4;4;6;0;10;1;1;1;9;1;4;6;245;40;155;19;12;15;4;;;;;;;;;;
"021";"Bernburg";"15089";"Salzlandkreis";"15089195";"Könnern, Stadt";"0195";;"000008";"Cörmigk";"U";351;243;3;240;22;144;16;13;14;8;6;0;1;3;0;1;11;0;1;5;238;34;146;24;13;16;5;;;;;;;;;;
"021";"Bernburg";"15089";"Salzlandkreis";"15089195";"Könnern, Stadt";"0195";;"000009";"Edlau";"U";373;278;4;274;23;196;10;8;15;7;0;1;1;1;0;5;7;0;0;4;274;41;200;11;8;13;1;;;;;;;;;;
"021";"Bernburg";"15089";"Salzlandkreis";"15089195";"Könnern, Stadt";"0195";;"000010";"Gerlebogk";"U";237;160;3;157;26;96;6;8;2;3;1;0;3;0;0;1;10;1;0;2;158;34;99;13;5;7;0;;;;;;;;;;
"021";"Bernburg";"15089";"Salzlandkreis";"15089195";"Könnern, Stadt";"0195";;"000011";"Wiendorf";"U";228;159;6;153;23;93;11;8;3;5;1;0;1;0;2;1;4;1;0;6;153;29;94;17;4;8;1;;;;;;;;;;
"021";"Bernburg";"15089";"Salzlandkreis";"15089195";"Könnern, Stadt";"0195";;"000989";"Könnern";"B";0;1040;3;1037;264;317;97;82;57;95;11;2;11;8;2;6;80;1;4;15;1025;318;334;122;93;122;36;;;;;;;;;;
"021";"Bernburg";"15089";"Salzlandkreis";"15089235";"Nienburg (Saale), Stadt";"0235";;"000001";"Saale-Bode-Sporthalle";"U";1357;780;12;768;115;459;42;36;31;21;11;1;12;3;0;1;33;1;2;10;770;139;479;57;37;52;6;;;;;;;;;;
"021";"Bernburg";"15089";"Salzlandkreis";"15089235";"Nienburg (Saale), Stadt";"0235";;"000002";"Klubhaus """"Maxim Gorki""""";"U";1178;710;6;704;80;441;37;29;31;17;10;2;15;5;1;4;27;1;4;10;700;109;459;65;20;42;5;;;;;;;;;;
"021";"Bernburg";"15089";"Salzlandkreis";"15089235";"Nienburg (Saale), Stadt";"0235";;"000003";"Gaststätte """"Zum Schwarzen Bär"""", Klubraum";"U";241;158;2;156;25;97;6;5;4;3;2;0;2;1;0;2;7;0;2;2;156;31;104;10;4;6;1;;;;;;;;;;
"021";"Bernburg";"15089";"Salzlandkreis";"15089235";"Nienburg (Saale), Stadt";"0235";;"000004";"ehem. Gemeindeverwaltung Gerbitz";"U";425;302;5;297;32;185;18;21;11;9;1;0;4;3;0;0;10;0;3;3;299;55;193;21;10;19;1;;;;;;;;;;
"021";"Bernburg";"15089";"Salzlandkreis";"15089235";"Nienburg (Saale), Stadt";"0235";;"000005";"Turnhalle Latdorf";"U";533;374;2;372;52;226;14;24;8;12;3;0;7;0;0;3;21;1;1;3;371;76;230;17;22;19;7;;;;;;;;;;
"021";"Bernburg";"15089";"Salzlandkreis";"15089235";"Nienburg (Saale), Stadt";"0235";;"000006";"ehemalige Jugendfeuerwehr Neugattersleben";"U";573;370;5;365;54;200;24;28;13;8;3;0;3;1;1;3;23;0;4;4;366;75;211;31;20;24;5;;;;;;;;;;
"021";"Bernburg";"15089";"Salzlandkreis";"15089235";"Nienburg (Saale), Stadt";"0235";;"000007";"Dorfgemeinschaftshaus Pobzig";"U";273;149;1;148;19;100;5;6;5;5;0;0;1;0;0;2;4;1;0;3;146;26;100;7;4;8;1;;;;;;;;;;
"021";"Bernburg";"15089";"Salzlandkreis";"15089235";"Nienburg (Saale), Stadt";"0235";;"000008";"Dorfgemeinschaftshaus Wedlitz";"U";264;157;2;155;27;98;6;13;2;2;0;0;1;1;0;0;4;0;1;2;155;31;101;12;8;2;1;;;;;;;;;;
"021";"Bernburg";"15089";"Salzlandkreis";"15089235";"Nienburg (Saale), Stadt";"0235";;"000990";"Nienburg";"B";0;975;12;963;274;311;78;101;53;60;9;0;10;3;2;3;51;2;6;10;965;363;326;80;85;81;30;;;;;;;;;;
"021";"Bernburg";"15089";"Salzlandkreis";"15089245";"Plötzkau";"5052";"Saale-Wipper";"000995";"Saale-Wipper - Plötzkau";"B";0;115;2;113;13;52;6;12;5;9;1;0;2;2;0;0;11;0;0;1;114;20;55;13;10;9;7;;;;;;;;;;
"021";"Bernburg";"15089";"Salzlandkreis";"15089245";"Plötzkau";"5052";"Saale-Wipper";"245001";"Haus der Vereine";"U";673;454;3;451;61;283;26;22;20;5;4;1;7;1;2;3;16;0;0;4;450;82;289;33;17;24;5;;;;;;;;;;
"021";"Bernburg";"15089";"Salzlandkreis";"15089245";"Plötzkau";"5052";"Saale-Wipper";"245002";"Schützenhaus Bründel";"U";167;111;1;110;8;80;3;9;2;1;2;0;0;1;0;0;3;1;0;0;111;10;82;6;6;5;2;;;;;;;;;;
"021";"Bernburg";"15089";"Salzlandkreis";"15089245";"Plötzkau";"5052";"Saale-Wipper";"245003";"Kirche Großwirschleben";"U";172;123;1;122;11;85;2;5;1;9;2;1;0;2;0;0;4;0;0;2;121;17;89;2;5;4;4;;;;;;;;;;
"022";"Köthen";"15082";"Anhalt-Bitterfeld";"15082180";"Köthen (Anhalt), Stadt";"0180";;"000001";"Stadtzentrum - Grundschule ""Johann Friedrich Naumann""";"U";1814;837;9;828;107;398;84;64;25;68;8;1;8;5;0;6;47;1;6;12;825;196;394;97;53;28;26;;;;;;;31;;;
"022";"Köthen";"15082";"Anhalt-Bitterfeld";"15082180";"Köthen (Anhalt), Stadt";"0180";;"000002";"Um Bärteich - Sekundarschule ""Völkerfreundschaft""";"U";1632;800;9;791;89;446;68;49;18;40;11;3;10;3;1;6;41;1;5;10;790;132;444;92;38;22;23;;;;;;;39;;;
"022";"Köthen";"15082";"Anhalt-Bitterfeld";"15082180";"Köthen (Anhalt), Stadt";"0180";;"000003";"Um Bahnhof - Grundschule ""Kastanienschule""";"U";1622;911;10;901;110;481;80;59;23;48;7;0;10;1;2;8;62;3;7;14;897;177;493;100;46;24;23;;;;;;;34;;;
"022";"Köthen";"15082";"Anhalt-Bitterfeld";"15082180";"Köthen (Anhalt), Stadt";"0180";;"000004";"Um Hochschule Bernburger Straße - Kita ""Angelika Hartmann""";"U";1257;665;4;661;95;308;71;52;20;51;5;0;13;2;1;7;34;0;2;6;659;144;310;82;45;23;35;;;;;;;20;;;
"022";"Köthen";"15082";"Anhalt-Bitterfeld";"15082180";"Köthen (Anhalt), Stadt";"0180";;"000005";"südlich Fasanerieallee - Förderschule ""Angelika Hartmann""";"U";1320;769;6;763;130;355;72;60;25;55;5;1;4;8;1;3;43;0;1;5;764;218;350;71;56;18;22;;;;;;;29;;;
"022";"Köthen";"15082";"Anhalt-Bitterfeld";"15082180";"Köthen (Anhalt), Stadt";"0180";;"000006";"Um Edderitzer Straße - Volkssolidartät Kreisverband Köthen e.V.";"U";1683;859;6;853;116;456;81;53;27;39;26;0;10;8;1;8;23;1;4;8;851;174;461;87;40;29;25;;;;;;;35;;;
"022";"Köthen";"15082";"Anhalt-Bitterfeld";"15082180";"Köthen (Anhalt), Stadt";"0180";;"000007";"Um ehem. Krankenhaus Süd - Sekundarschule ""Völkerfreundschaft""";"U";1852;966;19;947;176;459;82;58;35;43;5;2;10;10;0;5;58;0;4;21;945;273;451;92;37;20;18;;;;;;;54;;;
"022";"Köthen";"15082";"Anhalt-Bitterfeld";"15082180";"Köthen (Anhalt), Stadt";"0180";;"000008";"Um Hochschule - Lohmannstraße - Kita ""St. Anna""";"U";1294;757;12;745;101;422;72;32;20;33;7;1;9;3;4;4;34;0;3;15;742;157;428;65;27;22;20;;;;;;;23;;;
"022";"Köthen";"15082";"Anhalt-Bitterfeld";"15082180";"Köthen (Anhalt), Stadt";"0180";;"000009";"Klepzig - BVIK gGmbH";"U";660;408;3;405;81;201;33;25;7;26;3;1;4;2;0;5;16;0;1;3;405;127;196;36;11;9;12;;;;;;;14;;;
"022";"Köthen";"15082";"Anhalt-Bitterfeld";"15082180";"Köthen (Anhalt), Stadt";"0180";;"000010";"Porst - Sportlergaststätte Porst";"U";130;82;0;82;12;46;7;4;3;2;2;0;2;0;0;1;3;0;0;0;82;19;45;6;5;5;0;;;;;;;2;;;
"022";"Köthen";"15082";"Anhalt-Bitterfeld";"15082180";"Köthen (Anhalt), Stadt";"0180";;"000011";"Elsdorf - Sportlerheim Elsdorf";"U";215;164;1;163;20;97;11;9;7;10;1;0;0;0;1;0;7;0;0;1;163;24;100;18;10;3;5;;;;;;;3;;;
"022";"Köthen";"15082";"Anhalt-Bitterfeld";"15082180";"Köthen (Anhalt), Stadt";"0180";;"000012";"Geuz - Hahnemannschule";"U";1198;739;6;733;130;333;70;54;17;57;8;1;7;6;2;6;39;0;3;6;733;192;337;73;41;29;27;;;;;;;34;;;
"022";"Köthen";"15082";"Anhalt-Bitterfeld";"15082180";"Köthen (Anhalt), Stadt";"0180";;"000013";"Um Obstmustergarten - Hahnemannschule";"U";1308;677;11;666;110;361;52;50;18;32;1;2;5;2;1;1;30;1;0;11;666;148;364;57;46;18;14;;;;;;;19;;;
"022";"Köthen";"15082";"Anhalt-Bitterfeld";"15082180";"Köthen (Anhalt), Stadt";"0180";;"000014";"Um Sportzentrum - Sekundarschule ""An der Rüsternbreite""";"U";1465;729;14;715;118;393;65;59;19;16;6;0;6;3;0;4;24;1;1;12;717;137;386;75;57;20;17;;;;;;;25;;;
"022";"Köthen";"15082";"Anhalt-Bitterfeld";"15082180";"Köthen (Anhalt), Stadt";"0180";;"000015";"Merzien/Hohsdorf - Gemeindehaus Merzien";"U";373;269;2;267;64;140;13;15;4;10;3;1;2;0;2;3;10;0;0;5;264;81;140;15;15;3;2;;;;;;;8;;;
"022";"Köthen";"15082";"Anhalt-Bitterfeld";"15082180";"Köthen (Anhalt), Stadt";"0180";;"000016";"Zehringen - Feuerwehrgerätehaus Merzien";"U";219;64;0;64;14;32;1;3;2;11;0;0;1;0;0;0;0;0;0;0;64;21;32;3;4;0;4;;;;;;;0;;;
"022";"Köthen";"15082";"Anhalt-Bitterfeld";"15082180";"Köthen (Anhalt), Stadt";"0180";;"000017";"Arensdorf/Gahrendorf - Axel Ullrich GmbH";"U";323;234;2;232;31;136;15;6;6;7;1;0;6;1;1;2;19;0;1;2;232;49;142;15;15;6;3;;;;;;;2;;;
"022";"Köthen";"15082";"Anhalt-Bitterfeld";"15082180";"Köthen (Anhalt), Stadt";"0180";;"000018";"Baasdorf - Gemeindehaus Baasdorf";"U";281;208;1;207;40;119;14;5;6;4;1;0;1;2;0;2;11;1;1;2;206;55;112;17;5;8;2;;;;;;;7;;;
"022";"Köthen";"15082";"Anhalt-Bitterfeld";"15082180";"Köthen (Anhalt), Stadt";"0180";;"000019";"Dohndorf - Dorfgemeinschaftshaus Dohndorf";"U";193;132;3;129;31;67;7;8;0;5;1;0;2;0;1;0;6;0;1;2;130;38;69;10;6;1;3;;;;;;;3;;;
"022";"Köthen";"15082";"Anhalt-Bitterfeld";"15082180";"Köthen (Anhalt), Stadt";"0180";;"000020";"Löbnitz an der Linde - Festburg Löbnitz an der Linde";"U";166;112;1;111;6;84;4;5;4;2;2;0;0;0;0;0;3;1;0;0;112;12;80;7;5;4;1;;;;;;;3;;;
"022";"Köthen";"15082";"Anhalt-Bitterfeld";"15082180";"Köthen (Anhalt), Stadt";"0180";;"000021";"Großwülknitz - Sportlerheim Großwülknitz";"U";249;176;0;176;20;105;19;6;7;8;0;0;0;0;0;1;5;0;5;3;173;29;100;20;11;5;4;;;;;;;4;;;
"022";"Köthen";"15082";"Anhalt-Bitterfeld";"15082180";"Köthen (Anhalt), Stadt";"0180";;"000022";"Kleinwülknitz - Dorfgemeinschaftshaus Kleinwülknitz";"U";139;105;2;103;13;65;6;3;5;2;2;0;0;2;0;2;3;0;0;6;99;18;65;4;3;7;0;;;;;;;2;;;
"022";"Köthen";"15082";"Anhalt-Bitterfeld";"15082180";"Köthen (Anhalt), Stadt";"0180";;"000023";"Briefwahlvorstand 1 - Raum 217";"B";0;2838;25;2813;712;783;368;322;89;235;29;2;36;21;9;22;174;6;5;34;2804;1104;754;378;209;87;104;;;;;;;168;;;
"022";"Köthen";"15082";"Anhalt-Bitterfeld";"15082180";"Köthen (Anhalt), Stadt";"0180";;"000024";"Briefwahlvorstand 2 - Raum 218";"B";0;835;10;825;238;217;87;104;46;64;7;0;10;3;2;3;41;1;2;12;823;373;222;93;53;26;23;;;;;;;33;;;
"022";"Köthen";"15082";"Anhalt-Bitterfeld";"15082241";"Muldestausee";"0241";;"000001";"Burgkemnitz - Ehemaliges Bahnhofsgebäude";"U";685;410;6;404;67;200;25;27;13;27;8;2;4;3;1;3;23;0;1;13;397;86;209;29;25;18;12;;;;;;;18;;;
"022";"Köthen";"15082";"Anhalt-Bitterfeld";"15082241";"Muldestausee";"0241";;"000002";"Muldenstein - Herrenhaus";"U";1589;884;12;872;99;538;57;47;17;46;7;1;6;5;1;4;39;1;4;11;873;132;553;70;47;22;24;;;;;;;25;;;
"022";"Köthen";"15082";"Anhalt-Bitterfeld";"15082241";"Muldestausee";"0241";;"000003";"Plodda - Mehrzweckgebäude";"U";408;255;1;254;38;143;17;9;9;15;2;0;2;2;0;1;15;1;0;1;254;47;146;26;5;12;7;;;;;;;11;;;
"022";"Köthen";"15082";"Anhalt-Bitterfeld";"15082241";"Muldestausee";"0241";;"000004";"Rösa - Dorfgemeinschaftshaus";"U";618;387;2;385;44;226;22;16;10;24;8;0;5;3;1;1;22;3;0;2;385;70;226;28;15;12;9;;;;;;;25;;;
"022";"Köthen";"15082";"Anhalt-Bitterfeld";"15082241";"Muldestausee";"0241";;"000005";"Schlaitz - Dorfgemeinschaftshaus";"U";757;455;7;448;47;282;20;20;15;17;7;0;7;3;0;3;25;2;0;9;446;75;287;25;16;22;5;;;;;;;16;;;
"022";"Köthen";"15082";"Anhalt-Bitterfeld";"15082241";"Muldestausee";"0241";;"000006";"Gröbern - Mehrzweckgebäude";"U";507;318;2;316;48;189;12;13;10;11;8;1;6;0;0;4;12;0;2;3;315;54;189;23;16;18;3;;;;;;;12;;;
"022";"Köthen";"15082";"Anhalt-Bitterfeld";"15082241";"Muldestausee";"0241";;"000007";"Gossa - Dorfgemeinschaftshaus";"U";372;260;2;258;47;133;13;9;17;14;3;0;3;0;0;1;18;0;0;4;256;55;134;18;13;15;8;;;;;;;13;;;
"022";"Köthen";"15082";"Anhalt-Bitterfeld";"15082241";"Muldestausee";"0241";;"000008";"Krina - Dorfgemeinschaftshaus";"U";493;297;1;296;57;161;15;15;12;8;3;0;3;0;1;2;19;0;0;2;295;71;160;14;19;12;5;;;;;;;14;;;
"022";"Köthen";"15082";"Anhalt-Bitterfeld";"15082241";"Muldestausee";"0241";;"000009";"Schwemsal - Gutsscheune";"U";463;318;4;314;54;173;22;18;5;11;3;0;5;2;0;7;13;1;0;4;314;72;169;26;16;8;6;;;;;;;17;;;
"022";"Köthen";"15082";"Anhalt-Bitterfeld";"15082241";"Muldestausee";"0241";;"000010";"Pouch - Dorfgemeinschaftshaus";"U";1314;719;7;712;119;382;36;37;31;44;5;4;12;4;1;5;28;1;3;9;710;176;376;40;34;27;25;;;;;;;32;;;
"022";"Köthen";"15082";"Anhalt-Bitterfeld";"15082241";"Muldestausee";"0241";;"000011";"Schmerz - Ehemaliges Feuerwehrgebäude";"U";213;150;2;148;24;82;11;10;1;3;4;0;1;0;0;1;10;0;1;2;148;30;84;10;7;6;2;;;;;;;9;;;
"022";"Köthen";"15082";"Anhalt-Bitterfeld";"15082241";"Muldestausee";"0241";;"000012";"Friedersdorf - Bürgerhaus";"U";1421;851;13;838;106;475;56;55;22;45;16;1;14;1;3;5;36;1;2;13;838;163;473;67;43;27;24;;;;;;;41;;;
"022";"Köthen";"15082";"Anhalt-Bitterfeld";"15082241";"Muldestausee";"0241";;"000013";"Mühlbeck - Begegnungsstätte";"U";838;443;4;439;62;229;30;30;14;29;7;0;11;7;0;3;16;0;1;7;436;103;218;37;28;19;12;;;;;;;19;;;
"022";"Köthen";"15082";"Anhalt-Bitterfeld";"15082241";"Muldestausee";"0241";;"000014";"Briefwahlbezirk 1 - Agora Akademie";"B";0;751;6;745;211;214;61;74;27;85;8;0;18;3;2;1;36;4;1;10;741;286;213;78;53;33;39;;;;;;;39;;;
"022";"Köthen";"15082";"Anhalt-Bitterfeld";"15082241";"Muldestausee";"0241";;"000015";"Briefwahlbezirk 2 - Agora Akademie";"B";0;743;10;733;223;225;62;59;26;69;5;0;10;2;4;3;39;2;4;16;727;279;219;77;53;19;37;;;;;;;43;;;
"022";"Köthen";"15082";"Anhalt-Bitterfeld";"15082241";"Muldestausee";"0241";;"000016";"Briefwahlbezirk 3 - Agora Akademie";"B";0;749;2;747;200;225;78;67;18;71;9;1;4;6;6;8;51;2;1;8;741;250;225;79;60;30;42;;;;;;;55;;;
"022";"Köthen";"15082";"Anhalt-Bitterfeld";"15082301";"Raguhn-Jeßnitz, Stadt";"0301";;"000001";"Altjeßnitz - Kulturraum Altjeßnitz";"U";327;230;3;227;34;127;15;18;4;10;5;0;1;0;1;0;12;0;0;2;228;53;132;17;7;6;5;;;;;;;8;;;
"022";"Köthen";"15082";"Anhalt-Bitterfeld";"15082301";"Raguhn-Jeßnitz, Stadt";"0301";;"000002";"Jeßnitz (Anhalt) I - Rathaus Jeßnitz";"U";1500;909;7;902;109;564;44;41;22;28;12;0;15;4;0;8;44;4;7;11;898;146;586;64;34;22;14;;;;;;;32;;;
"022";"Köthen";"15082";"Anhalt-Bitterfeld";"15082301";"Raguhn-Jeßnitz, Stadt";"0301";;"000003";"Jeßnitz (Anhalt) II - Jahnturnhalle";"U";1106;703;6;697;92;434;49;18;15;36;6;0;8;0;1;5;31;1;1;5;698;115;445;57;25;18;20;;;;;;;18;;;
"022";"Köthen";"15082";"Anhalt-Bitterfeld";"15082301";"Raguhn-Jeßnitz, Stadt";"0301";;"000004";"Marke - Kulturraum im Gemeindeamt Marke";"U";177;127;1;126;17;70;6;7;2;12;3;0;3;0;0;0;5;0;1;4;123;23;72;8;9;3;6;;;;;;;2;;;
"022";"Köthen";"15082";"Anhalt-Bitterfeld";"15082301";"Raguhn-Jeßnitz, Stadt";"0301";;"000005";"Raguhn I - Sekundarschule Raguhn (Speisesaal)";"U";1377;856;13;843;111;549;29;27;14;36;7;3;12;6;0;4;42;0;3;15;841;142;557;44;31;21;17;;;;;;;29;;;
"022";"Köthen";"15082";"Anhalt-Bitterfeld";"15082301";"Raguhn-Jeßnitz, Stadt";"0301";;"000006";"Raguhn II - Grundschule ""Am Markt"" (Aula)";"U";1382;847;13;834;95;521;45;39;16;33;14;0;10;1;1;3;52;0;4;12;835;131;542;43;38;23;14;;;;;;;44;;;
"022";"Köthen";"15082";"Anhalt-Bitterfeld";"15082301";"Raguhn-Jeßnitz, Stadt";"0301";;"000007";"Retzau - Schulungsraum FFW Retzau";"U";287;196;2;194;14;136;12;3;4;4;1;0;1;4;0;1;12;2;0;2;194;22;143;14;4;2;1;;;;;;;8;;;
"022";"Köthen";"15082";"Anhalt-Bitterfeld";"15082301";"Raguhn-Jeßnitz, Stadt";"0301";;"000008";"Schierau - Gemeindeamt Schierau";"U";626;418;3;415;50;284;18;8;4;17;5;1;4;2;0;5;15;0;2;5;413;68;281;19;13;7;4;;;;;;;21;;;
"022";"Köthen";"15082";"Anhalt-Bitterfeld";"15082301";"Raguhn-Jeßnitz, Stadt";"0301";;"000009";"Thurland - Gemeindeamt";"U";261;181;1;180;25;109;9;10;4;6;1;0;2;2;0;3;9;0;0;0;181;38;116;11;4;4;3;;;;;;;5;;;
"022";"Köthen";"15082";"Anhalt-Bitterfeld";"15082301";"Raguhn-Jeßnitz, Stadt";"0301";;"000010";"Tornau vor der Heide - Kulturraum Tornau vor der Heide";"U";365;270;2;268;32;164;7;13;14;14;3;1;4;4;0;0;12;0;0;1;269;54;168;10;9;12;4;;;;;;;12;;;
"022";"Köthen";"15082";"Anhalt-Bitterfeld";"15082301";"Raguhn-Jeßnitz, Stadt";"0301";;"000011";"Briefwahlvorstand I - Rathaus Raguhn (großer Sitzungssaal)";"B";0;1463;8;1455;317;552;134;143;47;107;15;0;21;11;6;4;94;2;2;11;1452;418;554;163;122;42;63;;;;;;;90;;;
"022";"Köthen";"15082";"Anhalt-Bitterfeld";"15082377";"Südliches Anhalt, Stadt";"0377";;"000010";"Edderitz";"U";853;568;3;565;90;335;50;23;8;10;4;0;8;2;0;1;34;0;0;3;565;96;341;71;14;17;3;;;;;;;23;;;
"022";"Köthen";"15082";"Anhalt-Bitterfeld";"15082377";"Südliches Anhalt, Stadt";"0377";;"000020";"Fraßdorf";"U";156;116;1;115;23;49;10;5;1;6;2;0;3;2;1;2;10;0;1;1;115;34;52;11;5;4;1;;;;;;;8;;;
"022";"Köthen";"15082";"Anhalt-Bitterfeld";"15082377";"Südliches Anhalt, Stadt";"0377";;"000030";"Glauzig";"U";294;197;0;197;27;118;12;4;7;6;2;1;6;1;0;0;13;0;0;1;196;43;117;13;4;8;4;;;;;;;7;;;
"022";"Köthen";"15082";"Anhalt-Bitterfeld";"15082377";"Südliches Anhalt, Stadt";"0377";;"000040";"Görzig";"U";623;425;10;415;78;224;31;21;9;20;4;0;2;2;0;1;21;0;2;5;420;106;227;35;18;6;12;;;;;;;16;;;
"022";"Köthen";"15082";"Anhalt-Bitterfeld";"15082377";"Südliches Anhalt, Stadt";"0377";;"000051";"Gröbzig-Rathaus";"U";885;562;6;556;73;353;29;28;15;19;9;0;6;2;1;2;18;0;1;7;555;109;356;33;18;12;6;;;;;;;21;;;
"022";"Köthen";"15082";"Anhalt-Bitterfeld";"15082377";"Südliches Anhalt, Stadt";"0377";;"000052";"Gröbzig-Kita";"U";818;562;4;558;84;331;41;26;10;24;11;0;2;1;1;3;22;1;1;5;557;113;336;47;22;11;10;;;;;;;18;;;
"022";"Köthen";"15082";"Anhalt-Bitterfeld";"15082377";"Südliches Anhalt, Stadt";"0377";;"000060";"Großbadegast";"U";507;357;5;352;40;212;37;17;3;15;3;0;4;3;0;2;14;1;1;5;352;74;213;31;8;6;5;;;;;;;15;;;
"022";"Köthen";"15082";"Anhalt-Bitterfeld";"15082377";"Südliches Anhalt, Stadt";"0377";;"000070";"Hinsdorf";"U";378;269;3;266;49;137;16;14;8;15;5;0;2;1;0;4;12;2;1;3;266;74;142;17;14;7;5;;;;;;;7;;;
"022";"Köthen";"15082";"Anhalt-Bitterfeld";"15082377";"Südliches Anhalt, Stadt";"0377";;"000080";"Libehna";"U";197;156;1;155;30;78;22;5;3;3;1;0;0;1;0;0;12;0;0;1;155;45;74;22;2;2;1;;;;;;;9;;;
"022";"Köthen";"15082";"Anhalt-Bitterfeld";"15082377";"Südliches Anhalt, Stadt";"0377";;"000090";"Maasdorf";"U";250;182;2;180;24;122;5;13;5;4;0;1;0;0;0;0;6;0;0;2;180;28;121;7;9;8;2;;;;;;;5;;;
"022";"Köthen";"15082";"Anhalt-Bitterfeld";"15082377";"Südliches Anhalt, Stadt";"0377";;"000100";"Meilendorf";"U";171;120;0;120;35;40;10;10;3;11;1;0;1;0;3;0;4;2;0;1;119;53;36;9;11;5;3;;;;;;;2;;;
"022";"Köthen";"15082";"Anhalt-Bitterfeld";"15082377";"Südliches Anhalt, Stadt";"0377";;"000110";"Piethen";"U";191;139;1;138;14;92;13;4;4;1;1;0;2;0;0;2;5;0;0;2;137;12;90;21;3;7;2;;;;;;;2;;;
"022";"Köthen";"15082";"Anhalt-Bitterfeld";"15082377";"Südliches Anhalt, Stadt";"0377";;"000120";"Prosigk";"U";488;330;7;323;68;170;23;14;6;19;2;0;4;0;0;1;14;2;0;5;325;114;168;18;6;4;6;;;;;;;9;;;
"022";"Köthen";"15082";"Anhalt-Bitterfeld";"15082377";"Südliches Anhalt, Stadt";"0377";;"000130";"Quellendorf";"U";753;487;3;484;94;237;34;22;18;34;6;0;2;1;1;4;29;1;1;5;482;137;227;45;16;23;7;;;;;;;27;;;
"022";"Köthen";"15082";"Anhalt-Bitterfeld";"15082377";"Südliches Anhalt, Stadt";"0377";;"000140";"Radegast";"U";820;554;5;549;75;330;37;38;13;20;7;0;4;3;2;2;17;1;0;5;549;131;328;37;27;12;5;;;;;;;9;;;
"022";"Köthen";"15082";"Anhalt-Bitterfeld";"15082377";"Südliches Anhalt, Stadt";"0377";;"000150";"Reinsdorf";"U";217;158;2;156;13;102;13;8;1;4;5;1;1;0;0;1;5;1;1;2;156;22;105;14;6;1;1;;;;;;;7;;;
"022";"Köthen";"15082";"Anhalt-Bitterfeld";"15082377";"Südliches Anhalt, Stadt";"0377";;"000160";"Reupzig";"U";218;152;2;150;33;77;12;7;2;6;2;1;1;1;0;0;8;0;0;2;150;42;77;9;8;2;4;;;;;;;8;;;
"022";"Köthen";"15082";"Anhalt-Bitterfeld";"15082377";"Südliches Anhalt, Stadt";"0377";;"000170";"Riesdorf";"U";89;74;1;73;19;33;2;3;2;4;0;0;4;0;0;3;3;0;0;1;73;23;35;2;2;4;4;;;;;;;3;;;
"022";"Köthen";"15082";"Anhalt-Bitterfeld";"15082377";"Südliches Anhalt, Stadt";"0377";;"000181";"Scheuder";"U";119;90;0;90;17;44;7;5;3;1;2;0;1;2;1;1;5;0;1;0;90;27;44;5;2;4;3;;;;;;;5;;;
"022";"Köthen";"15082";"Anhalt-Bitterfeld";"15082377";"Südliches Anhalt, Stadt";"0377";;"000182";"Lausigk";"U";116;74;1;73;14;35;10;4;3;0;1;0;0;0;0;0;6;0;0;1;73;16;36;12;3;3;1;;;;;;;2;;;
"022";"Köthen";"15082";"Anhalt-Bitterfeld";"15082377";"Südliches Anhalt, Stadt";"0377";;"000190";"Trebbichau an der Fuhne";"U";263;181;5;176;23;102;12;8;9;12;0;2;0;0;0;3;5;0;0;1;180;35;107;11;9;11;3;;;;;;;4;;;
"022";"Köthen";"15082";"Anhalt-Bitterfeld";"15082377";"Südliches Anhalt, Stadt";"0377";;"000201";"Weißandt-Gölzau";"U";1054;654;14;640;105;383;52;28;8;24;3;0;7;2;1;2;23;1;1;14;640;152;375;56;29;9;6;;;;;;;13;;;
"022";"Köthen";"15082";"Anhalt-Bitterfeld";"15082377";"Südliches Anhalt, Stadt";"0377";;"000202";"Gnetsch";"U";245;172;5;167;49;65;12;17;10;3;1;0;3;0;0;1;6;0;0;2;170;62;66;15;12;9;2;;;;;;;4;;;
"022";"Köthen";"15082";"Anhalt-Bitterfeld";"15082377";"Südliches Anhalt, Stadt";"0377";;"000210";"Werdershausen";"U";159;113;0;113;24;52;8;10;2;4;4;0;0;1;1;0;7;0;0;0;113;35;50;14;7;4;1;;;;;;;2;;;
"022";"Köthen";"15082";"Anhalt-Bitterfeld";"15082377";"Südliches Anhalt, Stadt";"0377";;"000220";"Wieskau";"U";222;156;4;152;24;94;10;6;1;3;2;0;3;1;0;0;8;0;0;4;152;36;93;9;3;3;1;;;;;;;7;;;
"022";"Köthen";"15082";"Anhalt-Bitterfeld";"15082377";"Südliches Anhalt, Stadt";"0377";;"000230";"Wörbzig";"U";294;218;3;215;13;146;15;9;6;10;3;0;4;1;0;1;6;1;0;2;216;27;146;20;10;10;2;;;;;;;1;;;
"022";"Köthen";"15082";"Anhalt-Bitterfeld";"15082377";"Südliches Anhalt, Stadt";"0377";;"000240";"Zehbitz";"U";217;152;4;148;20;74;12;12;3;8;3;0;2;0;2;1;8;0;3;4;148;34;73;19;8;6;3;;;;;;;5;;;
"022";"Köthen";"15082";"Anhalt-Bitterfeld";"15082377";"Südliches Anhalt, Stadt";"0377";;"000250";"Briefwahllokal";"B";0;1406;9;1397;359;461;175;125;42;91;21;1;13;4;2;3;94;3;3;13;1393;565;441;205;56;26;28;;;;;;;72;;;
"023";"Zerbst";"15082";"Anhalt-Bitterfeld";"15082005";"Aken (Elbe), Stadt";"0005";;"000001";"Kindertagesstätte ""Borstel"" (Raum 1)";"U";771;440;5;435;65;228;32;34;16;19;5;0;8;2;0;4;19;1;2;8;432;75;238;36;26;45;12;;;;;;;;;;
"023";"Zerbst";"15082";"Anhalt-Bitterfeld";"15082005";"Aken (Elbe), Stadt";"0005";;"000002";"Sekundarschule ""Am Burgtor"" (Foyer)";"U";1105;633;8;625;94;345;36;46;29;30;7;1;4;1;1;4;26;1;0;12;621;109;359;52;39;50;12;;;;;;;;;;
"023";"Zerbst";"15082";"Anhalt-Bitterfeld";"15082005";"Aken (Elbe), Stadt";"0005";;"000003";"Kindertagesstätte ""Borstel"" (Raum 2)";"U";978;562;10;552;96;271;41;31;28;23;8;1;6;8;0;1;34;1;3;10;552;114;283;53;37;53;12;;;;;;;;;;
"023";"Zerbst";"15082";"Anhalt-Bitterfeld";"15082005";"Aken (Elbe), Stadt";"0005";;"000004";"Grundschule ""Werner Nolopp"" (Speiseraum)";"U";931;579;7;572;89;312;45;25;20;24;3;0;10;1;1;5;37;0;0;7;572;118;327;54;22;44;7;;;;;;;;;;
"023";"Zerbst";"15082";"Anhalt-Bitterfeld";"15082005";"Aken (Elbe), Stadt";"0005";;"000005";"Kindertagesstätte ""Pittiplatsch"" (Raum 1)";"U";1064;631;8;623;133;296;49;49;23;26;5;0;3;3;1;3;31;0;1;10;621;147;307;55;49;46;17;;;;;;;;;;
"023";"Zerbst";"15082";"Anhalt-Bitterfeld";"15082005";"Aken (Elbe), Stadt";"0005";;"000006";"Kindertagesstätte ""Pittiplatsch"" (Raum 2)";"U";590;337;6;331;32;210;27;14;7;14;5;0;5;0;0;3;14;0;0;7;330;40;210;33;16;18;13;;;;;;;;;;
"023";"Zerbst";"15082";"Anhalt-Bitterfeld";"15082005";"Aken (Elbe), Stadt";"0005";;"000007";"Gemeindezentrum Kleinzerbst";"U";196;122;0;122;11;73;7;10;3;3;4;0;1;1;1;1;7;0;0;1;121;17;78;13;4;7;2;;;;;;;;;;
"023";"Zerbst";"15082";"Anhalt-Bitterfeld";"15082005";"Aken (Elbe), Stadt";"0005";;"000008";"Gemeinderaum Kühren";"U";222;153;2;151;30;75;10;5;6;6;2;2;1;0;2;0;12;0;0;2;151;40;81;12;7;9;2;;;;;;;;;;
"023";"Zerbst";"15082";"Anhalt-Bitterfeld";"15082005";"Aken (Elbe), Stadt";"0005";;"000009";"Vereinsraum ""Zur Friedenseiche"" Susigke";"U";125;85;0;85;15;53;6;2;3;3;0;0;0;1;0;0;2;0;0;1;84;17;56;6;1;4;0;;;;;;;;;;
"023";"Zerbst";"15082";"Anhalt-Bitterfeld";"15082005";"Aken (Elbe), Stadt";"0005";;"000010";"Briefwahllokal Hort der Grundschule ""Werner Nolopp"" (Raum 101)";"B";0;1150;11;1139;271;318;119;141;60;99;15;1;14;8;1;8;80;0;4;21;1129;367;334;164;93;140;31;;;;;;;;;;
"023";"Zerbst";"15082";"Anhalt-Bitterfeld";"15082256";"Osternienburger Land";"0256";;"000001";"Chörau - Feuerwehr";"U";179;143;3;140;25;83;10;5;1;7;1;0;1;0;0;2;4;0;1;4;139;35;86;11;3;3;1;;;;;;;;;;
"023";"Zerbst";"15082";"Anhalt-Bitterfeld";"15082256";"Osternienburger Land";"0256";;"000002";"Diebzig - Gemeindebüro";"U";177;128;5;123;17;49;16;14;4;11;2;0;0;0;1;0;8;0;1;4;124;33;50;27;6;7;1;;;;;;;;;;
"023";"Zerbst";"15082";"Anhalt-Bitterfeld";"15082256";"Osternienburger Land";"0256";;"000003";"Dornbock - Gemeindebüro";"U";228;161;5;156;29;88;14;7;7;3;0;1;0;0;2;1;4;0;0;6;155;32;93;16;6;6;2;;;;;;;;;;
"023";"Zerbst";"15082";"Anhalt-Bitterfeld";"15082256";"Osternienburger Land";"0256";;"000004";"Drosa - NEZ Anbau";"U";446;277;4;273;53;137;16;14;10;12;4;2;3;0;0;1;20;1;0;5;272;76;150;23;7;14;2;;;;;;;;;;
"023";"Zerbst";"15082";"Anhalt-Bitterfeld";"15082256";"Osternienburger Land";"0256";;"000005";"Elsnigk - Ortstreff ""Alte Schule""";"U";520;379;5;374;55;215;23;23;10;13;4;0;2;2;0;2;23;0;2;7;372;77;225;28;19;16;7;;;;;;;;;;
"023";"Zerbst";"15082";"Anhalt-Bitterfeld";"15082256";"Osternienburger Land";"0256";;"000006";"Frenz - Feuerwehr";"U";135;91;3;88;17;50;2;5;1;0;0;0;4;0;0;0;9;0;0;4;87;24;53;2;5;3;0;;;;;;;;;;
"023";"Zerbst";"15082";"Anhalt-Bitterfeld";"15082256";"Osternienburger Land";"0256";;"000007";"Großpaschleben - Dorfgemeinschaftshaus";"U";506;277;1;276;48;151;17;20;8;14;5;0;3;1;0;1;7;1;0;5;272;74;152;22;15;6;3;;;;;;;;;;
"023";"Zerbst";"15082";"Anhalt-Bitterfeld";"15082256";"Osternienburger Land";"0256";;"000008";"Kleinpaschleben - Gemeindebüro";"U";624;417;8;409;61;240;40;24;6;8;4;0;1;0;2;1;21;0;1;8;409;76;244;49;22;8;10;;;;;;;;;;
"023";"Zerbst";"15082";"Anhalt-Bitterfeld";"15082256";"Osternienburger Land";"0256";;"000009";"Libbesdorf - Feuerwehr";"U";152;117;3;114;14;73;7;1;3;4;1;0;0;0;1;1;7;0;2;2;115;16;78;10;3;8;0;;;;;;;;;;
"023";"Zerbst";"15082";"Anhalt-Bitterfeld";"15082256";"Osternienburger Land";"0256";;"000010";"Micheln - Gemeindebüro";"U";297;178;3;175;26;112;11;1;1;7;1;0;1;2;0;4;9;0;0;6;172;33;113;9;6;4;7;;;;;;;;;;
"023";"Zerbst";"15082";"Anhalt-Bitterfeld";"15082256";"Osternienburger Land";"0256";;"000011";"Osternienburg 1 - Gemeindeverwaltung";"U";804;505;7;498;88;261;49;21;18;23;9;0;3;2;4;1;17;0;2;5;500;133;270;47;21;22;7;;;;;;;;;;
"023";"Zerbst";"15082";"Anhalt-Bitterfeld";"15082256";"Osternienburger Land";"0256";;"000012";"Osternienburg 2 - Gemeindehaus-Casino";"U";655;378;5;373;66;197;34;21;11;11;1;1;3;1;0;1;23;0;3;5;373;81;204;48;12;18;10;;;;;;;;;;
"023";"Zerbst";"15082";"Anhalt-Bitterfeld";"15082256";"Osternienburger Land";"0256";;"000013";"Reppichau - Informationszentrum";"U";348;277;2;275;51;157;19;11;14;8;2;0;2;0;0;1;5;2;3;3;274;71;155;17;15;14;2;;;;;;;;;;
"023";"Zerbst";"15082";"Anhalt-Bitterfeld";"15082256";"Osternienburger Land";"0256";;"000014";"Rosefeld - Feuerwehr";"U";127;93;1;92;9;47;8;4;2;3;0;1;3;2;1;2;8;0;2;2;91;15;48;11;4;8;5;;;;;;;;;;
"023";"Zerbst";"15082";"Anhalt-Bitterfeld";"15082256";"Osternienburger Land";"0256";;"000015";"Trebbichau - Gemeindehaus";"U";235;163;5;158;19;98;17;5;3;0;1;0;2;1;0;2;10;0;0;6;157;21;109;20;6;1;0;;;;;;;;;;
"023";"Zerbst";"15082";"Anhalt-Bitterfeld";"15082256";"Osternienburger Land";"0256";;"000016";"Trinum - Dorfgemeinschaftshaus";"U";286;208;1;207;42;108;13;6;7;8;0;0;8;1;2;1;11;0;0;1;207;48;108;27;8;13;3;;;;;;;;;;
"023";"Zerbst";"15082";"Anhalt-Bitterfeld";"15082256";"Osternienburger Land";"0256";;"000017";"Wulfen - Dorfgemeinschaftshaus";"U";759;510;9;501;98;280;37;11;12;20;3;1;5;1;4;3;21;2;3;11;499;123;283;52;14;19;8;;;;;;;;;;
"023";"Zerbst";"15082";"Anhalt-Bitterfeld";"15082256";"Osternienburger Land";"0256";;"000018";"Zabitz - Gemeindebüro";"U";337;239;3;236;32;147;12;6;9;17;2;0;1;1;0;1;8;0;0;5;234;51;151;14;5;9;4;;;;;;;;;;
"023";"Zerbst";"15082";"Anhalt-Bitterfeld";"15082256";"Osternienburger Land";"0256";;"000019";"Osternienburg - Briefwahllokal-Bauhof";"B";0;883;6;877;247;281;83;72;40;38;13;2;19;2;4;5;65;3;3;16;867;284;300;133;59;66;25;;;;;;;;;;
"023";"Zerbst";"15082";"Anhalt-Bitterfeld";"15082430";"Zerbst/Anhalt, Stadt";"0430";;"000001";"01 Begegnungsstätte Zerbst";"U";1100;595;11;584;105;283;48;57;7;26;7;1;9;2;1;3;32;1;2;14;581;127;302;66;60;13;13;;;;;;;;;;
"023";"Zerbst";"15082";"Anhalt-Bitterfeld";"15082430";"Zerbst/Anhalt, Stadt";"0430";;"000002";"02 Rathaus, Touristinfo";"U";959;481;5;476;72;230;50;49;8;28;4;2;4;4;1;3;20;1;0;6;475;115;237;58;41;13;11;;;;;;;;;;
"023";"Zerbst";"15082";"Anhalt-Bitterfeld";"15082430";"Zerbst/Anhalt, Stadt";"0430";;"000003";"03 Stadthalle, Katharina-Saal";"U";1393;745;9;736;113;395;46;55;22;30;8;1;13;5;0;6;38;0;4;9;736;156;414;59;63;26;18;;;;;;;;;;
"023";"Zerbst";"15082";"Anhalt-Bitterfeld";"15082430";"Zerbst/Anhalt, Stadt";"0430";;"000004";"04 Begegnungsstätte der VS Breitestein";"U";1235;554;11;543;97;276;37;50;11;17;6;0;7;5;1;1;33;0;2;13;541;114;303;45;52;12;15;;;;;;;;;;
"023";"Zerbst";"15082";"Anhalt-Bitterfeld";"15082430";"Zerbst/Anhalt, Stadt";"0430";;"000005";"05 Sporthotel Wallwitz";"U";842;539;3;536;81;302;45;29;5;25;3;0;11;3;0;0;29;0;3;5;534;119;311;45;36;15;8;;;;;;;;;;
"023";"Zerbst";"15082";"Anhalt-Bitterfeld";"15082430";"Zerbst/Anhalt, Stadt";"0430";;"000006";"06 Gymnasium Francisceum";"U";1288;752;11;741;95;409;41;66;22;24;12;0;10;2;5;4;51;0;0;16;736;143;420;61;75;28;9;;;;;;;;;;
"023";"Zerbst";"15082";"Anhalt-Bitterfeld";"15082430";"Zerbst/Anhalt, Stadt";"0430";;"000007";"07 Hort Kunterbunt, VS";"U";1318;782;8;774;112;430;64;63;13;39;3;2;9;2;1;6;26;1;3;12;770;175;438;75;57;12;13;;;;;;;;;;
"023";"Zerbst";"15082";"Anhalt-Bitterfeld";"15082430";"Zerbst/Anhalt, Stadt";"0430";;"000008";"08 Gartenheim Blume";"U";874;495;5;490;91;213;42;43;13;38;9;1;2;1;1;3;30;0;3;9;486;146;222;50;42;14;12;;;;;;;;;;
"023";"Zerbst";"15082";"Anhalt-Bitterfeld";"15082430";"Zerbst/Anhalt, Stadt";"0430";;"000009";"09 Kreisvolkshochschule";"U";726;437;2;435;67;234;31;40;9;20;5;0;4;1;1;1;17;0;5;7;430;96;241;38;33;12;10;;;;;;;;;;
"023";"Zerbst";"15082";"Anhalt-Bitterfeld";"15082430";"Zerbst/Anhalt, Stadt";"0430";;"000010";"10 Gemeindehaus Pulspforde";"U";138;107;1;106;25;42;11;6;4;6;2;0;1;0;0;0;6;3;0;4;103;32;43;12;8;4;4;;;;;;;;;;
"023";"Zerbst";"15082";"Anhalt-Bitterfeld";"15082430";"Zerbst/Anhalt, Stadt";"0430";;"000011";"11 Dorfgemeinschaftshaus Bias";"U";142;100;2;98;18;36;5;12;7;6;1;1;0;0;3;0;7;0;2;4;96;34;31;8;8;7;8;;;;;;;;;;
"023";"Zerbst";"15082";"Anhalt-Bitterfeld";"15082430";"Zerbst/Anhalt, Stadt";"0430";;"000012";"12 Ortsfeuerwehr Bone";"U";230;149;1;148;14;97;9;5;2;9;2;0;0;2;1;1;6;0;0;1;148;20;98;11;9;4;6;;;;;;;;;;
"023";"Zerbst";"15082";"Anhalt-Bitterfeld";"15082430";"Zerbst/Anhalt, Stadt";"0430";;"000013";"13 Ortsfeuerwehr Garitz";"U";395;270;4;266;32;154;17;10;5;11;14;0;1;3;1;1;14;1;2;9;261;46;162;23;16;10;4;;;;;;;;;;
"023";"Zerbst";"15082";"Anhalt-Bitterfeld";"15082430";"Zerbst/Anhalt, Stadt";"0430";;"000014";"14 Buhlendorf Bürgerhaus, Kegelbahn";"U";148;105;0;105;31;45;4;8;1;4;5;0;2;0;0;0;5;0;0;0;105;40;45;4;9;5;2;;;;;;;;;;
"023";"Zerbst";"15082";"Anhalt-Bitterfeld";"15082430";"Zerbst/Anhalt, Stadt";"0430";;"000015";"15 Jugendbauernhof Deetz";"U";471;330;4;326;54;186;16;25;5;12;7;0;2;0;2;2;14;1;0;3;327;73;187;18;37;8;4;;;;;;;;;;
"023";"Zerbst";"15082";"Anhalt-Bitterfeld";"15082430";"Zerbst/Anhalt, Stadt";"0430";;"000016";"16 Bürgerhaus Dobritz";"U";194;138;4;134;29;67;9;10;6;3;1;0;1;0;0;0;8;0;0;4;134;34;71;8;15;4;2;;;;;;;;;;
"023";"Zerbst";"15082";"Anhalt-Bitterfeld";"15082430";"Zerbst/Anhalt, Stadt";"0430";;"000017";"17 Ortsfeuerwehr Gehrden";"U";137;94;0;94;11;60;6;5;2;9;0;0;0;0;0;0;1;0;0;2;92;20;56;6;4;3;3;;;;;;;;;;
"023";"Zerbst";"15082";"Anhalt-Bitterfeld";"15082430";"Zerbst/Anhalt, Stadt";"0430";;"000018";"18 Ortsfeuerwehr Grimme";"U";109;81;1;80;14;46;5;4;0;3;0;0;0;0;0;0;7;1;0;1;80;19;46;3;5;1;6;;;;;;;;;;
"023";"Zerbst";"15082";"Anhalt-Bitterfeld";"15082430";"Zerbst/Anhalt, Stadt";"0430";;"000019";"19 Ortsfeuerwehr Gödnitz";"U";168;127;3;124;13;72;6;6;6;13;2;0;0;1;0;0;3;0;2;4;123;28;71;9;7;6;2;;;;;;;;;;
"023";"Zerbst";"15082";"Anhalt-Bitterfeld";"15082430";"Zerbst/Anhalt, Stadt";"0430";;"000020";"20 Bürgerhaus Güterglück";"U";466;287;3;284;56;149;16;21;4;8;6;0;2;2;0;1;16;1;2;3;284;80;153;17;20;9;5;;;;;;;;;;
"023";"Zerbst";"15082";"Anhalt-Bitterfeld";"15082430";"Zerbst/Anhalt, Stadt";"0430";;"000021";"21 Paritätischer Wohlfahrtsverband e. V. Hohenlepte";"U";145;95;2;93;4;52;7;5;0;14;1;0;1;0;0;2;7;0;0;2;93;14;55;9;4;2;9;;;;;;;;;;
"023";"Zerbst";"15082";"Anhalt-Bitterfeld";"15082430";"Zerbst/Anhalt, Stadt";"0430";;"000022";"22 Bürgerhaus Jütrichau";"U";396;276;0;276;45;154;17;17;1;22;5;0;2;0;0;0;12;0;1;3;273;57;156;24;22;3;11;;;;;;;;;;
"023";"Zerbst";"15082";"Anhalt-Bitterfeld";"15082430";"Zerbst/Anhalt, Stadt";"0430";;"000023";"23 Sportlerheim Leps, Zum Sportplatz 5";"U";205;116;2;114;25;53;13;4;1;6;0;0;3;1;1;0;7;0;0;2;114;30;57;13;12;1;1;;;;;;;;;;
"023";"Zerbst";"15082";"Anhalt-Bitterfeld";"15082430";"Zerbst/Anhalt, Stadt";"0430";;"000024";"24 Bürgerhaus OT Lindau";"U";759;498;5;493;81;282;30;26;12;23;4;0;2;0;0;2;28;0;3;12;486;117;276;26;37;17;13;;;;;;;;;;
"023";"Zerbst";"15082";"Anhalt-Bitterfeld";"15082430";"Zerbst/Anhalt, Stadt";"0430";;"000025";"25 Ortsfeuerwehr Schora";"U";216;153;4;149;20;89;5;7;0;10;3;0;1;4;1;2;7;0;0;6;147;25;94;6;17;2;3;;;;;;;;;;
"023";"Zerbst";"15082";"Anhalt-Bitterfeld";"15082430";"Zerbst/Anhalt, Stadt";"0430";;"000026";"26 Gaststätte Am Eckernkamp Nedlitz";"U";494;314;2;312;50;174;10;22;5;11;10;1;0;0;1;2;22;1;3;5;309;56;179;21;31;13;9;;;;;;;;;;
"023";"Zerbst";"15082";"Anhalt-Bitterfeld";"15082430";"Zerbst/Anhalt, Stadt";"0430";;"000027";"27 Kornmuseum Nutha";"U";161;113;1;112;16;66;1;10;3;8;4;0;0;0;0;0;3;1;0;1;112;22;67;1;14;4;4;;;;;;;;;;
"023";"Zerbst";"15082";"Anhalt-Bitterfeld";"15082430";"Zerbst/Anhalt, Stadt";"0430";;"000028";"28 Bürgerhaus Mühro (Polenzko)";"U";157;84;2;82;19;36;6;7;0;1;1;0;5;2;0;0;4;1;0;2;82;25;39;7;6;3;2;;;;;;;;;;
"023";"Zerbst";"15082";"Anhalt-Bitterfeld";"15082430";"Zerbst/Anhalt, Stadt";"0430";;"000029";"29 Bürgerhaus Reuden";"U";172;134;1;133;26;65;6;11;9;6;3;1;0;0;1;0;5;0;0;4;130;33;66;2;13;11;5;;;;;;;;;;
"023";"Zerbst";"15082";"Anhalt-Bitterfeld";"15082430";"Zerbst/Anhalt, Stadt";"0430";;"000030";"30 Gemeindehaus Steutz";"U";658;427;3;424;63;201;29;43;15;31;11;0;6;2;0;3;16;1;3;4;423;115;213;31;29;18;17;;;;;;;;;;
"023";"Zerbst";"15082";"Anhalt-Bitterfeld";"15082430";"Zerbst/Anhalt, Stadt";"0430";;"000031";"31 Bürgerhaus Straguth";"U";177;128;0;128;14;87;2;7;3;7;2;0;0;0;0;1;5;0;0;0;128;21;89;5;7;3;3;;;;;;;;;;
"023";"Zerbst";"15082";"Anhalt-Bitterfeld";"15082430";"Zerbst/Anhalt, Stadt";"0430";;"000032";"32 Ortsfeuerwehr Walternienburg";"U";362;242;1;241;45;127;19;9;7;9;4;0;2;0;0;2;16;0;1;3;239;55;131;21;15;10;7;;;;;;;;;;
"023";"Zerbst";"15082";"Anhalt-Bitterfeld";"15082430";"Zerbst/Anhalt, Stadt";"0430";;"000033";"33 Bürgerhaus Zernitz";"U";157;111;2;109;19;63;6;12;2;1;1;0;0;0;1;0;3;0;1;3;108;21;65;5;15;2;0;;;;;;;;;;
"023";"Zerbst";"15082";"Anhalt-Bitterfeld";"15082430";"Zerbst/Anhalt, Stadt";"0430";;"000034";"34 Briefwahlvorstand I";"B";0;969;9;960;247;277;90;134;28;67;17;0;7;10;2;2;76;0;3;23;946;332;281;112;141;29;51;;;;;;;;;;
"023";"Zerbst";"15082";"Anhalt-Bitterfeld";"15082430";"Zerbst/Anhalt, Stadt";"0430";;"000035";"35 Briefwahlvorstand II";"B";0;913;5;908;268;225;99;111;27;63;18;1;17;8;1;4;60;4;2;14;899;366;228;124;101;44;36;;;;;;;;;;
"023";"Zerbst";"15082";"Anhalt-Bitterfeld";"15082430";"Zerbst/Anhalt, Stadt";"0430";;"000036";"36 Briefwahlvorstand III";"B";0;1101;2;1099;309;332;88;116;30;89;25;2;11;9;3;3;77;5;0;12;1089;419;332;110;142;47;39;;;;;;;;;;
"023";"Zerbst";"15086";"Jerichower Land";"15086055";"Gommern, Stadt";"0055";;"000001";"01 Gommern, Wohnungsgenossenschaft";"U";1243;719;7;712;116;348;54;76;9;33;7;1;5;8;4;3;43;0;5;16;703;153;365;70;77;24;14;;;;;;;;;;
"023";"Zerbst";"15086";"Jerichower Land";"15086055";"Gommern, Stadt";"0055";;"000002";"02 Gommern, Grundschule";"U";1406;730;11;719;105;351;49;68;16;53;14;2;7;6;2;4;38;1;3;16;714;188;347;65;57;45;12;;;;;;;;;;
"023";"Zerbst";"15086";"Jerichower Land";"15086055";"Gommern, Stadt";"0055";;"000003";"03 Gommern, Versammlungsstätte am Volkshaus";"U";1491;850;4;846;133;392;64;78;36;61;9;0;9;4;0;1;55;1;3;15;835;234;374;84;58;52;33;;;;;;;;;;
"023";"Zerbst";"15086";"Jerichower Land";"15086055";"Gommern, Stadt";"0055";;"000004";"04 Gommern, Dannigkow/Kressow";"U";527;336;3;333;50;166;23;25;8;19;10;0;8;1;0;2;20;0;1;5;331;72;161;32;31;22;13;;;;;;;;;;
"023";"Zerbst";"15086";"Jerichower Land";"15086055";"Gommern, Stadt";"0055";;"000005";"05 Gommern, Karith/Pöthen";"U";233;151;0;151;20;83;6;8;14;3;0;0;2;1;1;0;12;1;0;4;147;30;75;15;6;16;5;;;;;;;;;;
"023";"Zerbst";"15086";"Jerichower Land";"15086055";"Gommern, Stadt";"0055";;"000006";"06 Gommern, Vehlitz";"U";251;183;2;181;21;91;14;12;8;9;4;0;3;2;0;3;11;2;1;2;181;34;97;22;13;14;1;;;;;;;;;;
"023";"Zerbst";"15086";"Jerichower Land";"15086055";"Gommern, Stadt";"0055";;"000007";"07 Gommern, Wahlitz";"U";806;457;5;452;100;177;27;33;25;55;7;0;4;1;0;1;21;0;1;8;449;145;170;38;33;44;19;;;;;;;;;;
"023";"Zerbst";"15086";"Jerichower Land";"15086055";"Gommern, Stadt";"0055";;"000008";"08 Gommern, Menz";"U";446;299;1;298;44;157;19;26;8;13;4;0;3;2;3;2;16;0;1;4;295;78;148;22;19;21;7;;;;;;;;;;
"023";"Zerbst";"15086";"Jerichower Land";"15086055";"Gommern, Stadt";"0055";;"000009";"09 Gommern, Nedlitz";"U";523;318;6;312;69;120;23;27;10;29;7;1;2;2;0;1;19;1;1;7;311;97;118;35;28;19;14;;;;;;;;;;
"023";"Zerbst";"15086";"Jerichower Land";"15086055";"Gommern, Stadt";"0055";;"000010";"10 Gommern, Leitzkau/Hohenlochau";"U";705;447;11;436;57;251;27;27;15;19;13;0;2;1;2;2;20;0;0;16;431;91;247;38;27;19;9;;;;;;;;;;
"023";"Zerbst";"15086";"Jerichower Land";"15086055";"Gommern, Stadt";"0055";;"000011";"11 Gommern, Ladeburg";"U";196;140;1;139;20;83;9;6;3;6;3;0;2;3;0;0;3;1;0;1;139;31;83;12;6;3;4;;;;;;;;;;
"023";"Zerbst";"15086";"Jerichower Land";"15086055";"Gommern, Stadt";"0055";;"000012";"12 Gommern, Dornburg";"U";205;142;0;142;12;79;7;9;9;11;4;1;0;2;0;0;6;0;2;1;141;29;82;6;10;10;4;;;;;;;;;;
"023";"Zerbst";"15086";"Jerichower Land";"15086055";"Gommern, Stadt";"0055";;"000013";"13 Gommern, Prödel";"U";190;133;2;131;43;47;6;15;4;10;0;1;1;0;0;0;3;1;0;3;130;54;45;11;10;6;4;;;;;;;;;;
"023";"Zerbst";"15086";"Jerichower Land";"15086055";"Gommern, Stadt";"0055";;"000014";"14 Gommern, Lübs";"U";233;152;1;151;37;65;4;10;5;16;4;0;3;3;0;0;4;0;0;3;149;53;64;9;9;10;4;;;;;;;;;;
"023";"Zerbst";"15086";"Jerichower Land";"15086055";"Gommern, Stadt";"0055";;"000015";"15 Gommern, Briefwahl 1";"B";0;1935;12;1923;497;514;169;267;56;206;40;3;16;12;5;8;122;4;4;62;1873;770;438;244;213;97;111;;;;;;;;;;
"024";"Wittenberg";"15091";"Wittenberg";"15091375";"Wittenberg, Lutherstadt";"0375";;"000001";"K-Gebäude";"U";1715;721;8;713;107;298;71;49;17;95;14;0;13;3;2;2;38;3;1;8;713;186;322;87;40;17;31;30;;;;;;;;;
"024";"Wittenberg";"15091";"Wittenberg";"15091375";"Wittenberg, Lutherstadt";"0375";;"000002";"Mehrzweckhalle Juristenstraße";"U";1291;712;4;708;127;295;50;57;12;93;15;1;4;5;3;3;37;5;1;5;707;227;301;65;39;13;29;33;;;;;;;;;
"024";"Wittenberg";"15091";"Wittenberg";"15091375";"Wittenberg, Lutherstadt";"0375";;"000003";"Gaststätte """"Zum Grauen Wolf""""";"U";1038;539;2;537;122;217;34;48;11;57;7;1;7;6;0;2;21;3;1;6;533;172;221;44;44;8;20;24;;;;;;;;;
"024";"Wittenberg";"15091";"Wittenberg";"15091375";"Wittenberg, Lutherstadt";"0375";;"000004";"Stadthalle Wittenberg";"U";1572;819;13;806;147;389;65;56;9;72;11;1;12;1;3;9;29;1;1;18;801;197;411;70;56;12;26;29;;;;;;;;;
"024";"Wittenberg";"15091";"Wittenberg";"15091375";"Wittenberg, Lutherstadt";"0375";;"000005";"Stadthalle Wittenberg";"U";1341;656;12;644;152;300;56;49;10;19;12;1;7;4;1;4;29;0;0;13;643;170;311;60;45;14;14;29;;;;;;;;;
"024";"Wittenberg";"15091";"Wittenberg";"15091375";"Wittenberg, Lutherstadt";"0375";;"000006";"Evangelische Gesamtschule";"U";1122;530;5;525;94;247;36;48;7;46;15;0;5;5;1;4;15;1;1;7;523;132;251;49;38;9;17;27;;;;;;;;;
"024";"Wittenberg";"15091";"Wittenberg";"15091375";"Wittenberg, Lutherstadt";"0375";;"000007";"Bildungszentrum Lindenfeld";"U";1403;661;10;651;91;284;53;53;18;91;11;1;7;1;6;5;25;3;2;11;650;166;289;71;51;17;23;33;;;;;;;;;
"024";"Wittenberg";"15091";"Wittenberg";"15091375";"Wittenberg, Lutherstadt";"0375";;"000008";"Feuerwehr Apollensdorf";"U";964;547;2;545;115;256;44;39;11;29;16;0;5;2;2;4;19;0;3;4;543;149;253;51;40;10;13;27;;;;;;;;;
"024";"Wittenberg";"15091";"Wittenberg";"15091375";"Wittenberg, Lutherstadt";"0375";;"000009";"Mehrzweckhalle Griebo";"U";449;278;4;274;55;136;24;12;9;9;4;0;1;4;0;2;14;1;3;6;272;66;145;25;10;8;3;15;;;;;;;;;
"024";"Wittenberg";"15091";"Wittenberg";"15091375";"Wittenberg, Lutherstadt";"0375";;"000010";"BBW Wittenberg";"U";1604;776;5;771;111;402;61;46;17;58;18;1;12;3;1;9;30;1;1;8;768;165;412;72;43;13;25;38;;;;;;;;;
"024";"Wittenberg";"15091";"Wittenberg";"15091375";"Wittenberg, Lutherstadt";"0375";;"000011";"SV """"ASTORIA 90"""" Wittenberg e.V.";"U";1360;738;11;727;85;401;46;43;9;50;16;0;12;6;1;3;53;1;1;9;729;147;415;67;45;7;16;32;;;;;;;;;
"024";"Wittenberg";"15091";"Wittenberg";"15091375";"Wittenberg, Lutherstadt";"0375";;"000012";"Kita """"Flax und Krümel""""";"U";1588;743;9;734;99;380;70;44;7;56;16;2;10;2;5;3;38;2;0;10;733;138;396;83;41;12;25;38;;;;;;;;;
"024";"Wittenberg";"15091";"Wittenberg";"15091375";"Wittenberg, Lutherstadt";"0375";;"000013";"Nachbarschaftstreff";"U";1835;872;13;859;154;378;90;71;18;48;25;2;15;4;4;9;34;0;7;16;856;209;394;94;69;11;27;52;;;;;;;;;
"024";"Wittenberg";"15091";"Wittenberg";"15091375";"Wittenberg, Lutherstadt";"0375";;"000014";"Kita """"Biene Maja"""" - Turnhalle";"U";1685;894;15;879;146;429;84;57;15;62;21;0;10;2;4;4;37;5;3;14;880;203;436;101;52;18;23;47;;;;;;;;;
"024";"Wittenberg";"15091";"Wittenberg";"15091375";"Wittenberg, Lutherstadt";"0375";;"000015";"Freiwillige Feuerwehr Teuchel";"U";1124;664;2;662;135;315;48;39;14;57;13;1;3;2;0;2;30;2;1;3;661;202;318;53;24;13;16;35;;;;;;;;;
"024";"Wittenberg";"15091";"Wittenberg";"15091375";"Wittenberg, Lutherstadt";"0375";;"000016";"Kita """"Stadtrandhäschen""""";"U";1112;574;7;567;133;291;26;24;11;25;16;1;9;2;2;2;22;1;2;8;566;155;297;41;27;9;12;25;;;;;;;;;
"024";"Wittenberg";"15091";"Wittenberg";"15091375";"Wittenberg, Lutherstadt";"0375";;"000017";"Grundschule ''Käthe Kollwitz''";"U";1466;795;10;785;133;398;54;58;12;56;20;2;7;4;3;3;32;2;1;9;786;186;405;68;52;18;16;41;;;;;;;;;
"024";"Wittenberg";"15091";"Wittenberg";"15091375";"Wittenberg, Lutherstadt";"0375";;"000018";"Grundschule Nudersdorf - Versammlungsraum";"U";703;451;5;446;68;252;32;24;7;21;16;0;4;1;5;1;13;1;1;6;445;85;250;36;23;11;5;35;;;;;;;;;
"024";"Wittenberg";"15091";"Wittenberg";"15091375";"Wittenberg, Lutherstadt";"0375";;"000019";"Feuerwehrgerätehaus Schmilkendorf";"U";144;97;1;96;22;52;2;5;1;7;2;1;0;0;0;1;3;0;0;1;96;32;52;2;5;1;1;3;;;;;;;;;
"024";"Wittenberg";"15091";"Wittenberg";"15091375";"Wittenberg, Lutherstadt";"0375";;"000020";"Verwaltungsgebäude SPZ """"Am Lerchenberg""""";"U";1421;599;8;591;111;303;55;41;10;33;9;0;4;2;1;0;19;1;2;7;592;130;315;67;35;8;13;24;;;;;;;;;
"024";"Wittenberg";"15091";"Wittenberg";"15091375";"Wittenberg, Lutherstadt";"0375";;"000021";"Feuerwehrgerätehaus Labetz";"U";366;233;3;230;33;115;24;21;3;22;5;1;2;1;0;0;3;0;0;3;230;56;114;23;16;4;7;10;;;;;;;;;
"024";"Wittenberg";"15091";"Wittenberg";"15091375";"Wittenberg, Lutherstadt";"0375";;"000022";"Ruder-Club Wittenberg e. V.";"U";964;532;2;530;102;242;43;37;15;42;12;0;5;0;1;3;26;0;2;2;530;136;249;52;32;15;16;30;;;;;;;;;
"024";"Wittenberg";"15091";"Wittenberg";"15091375";"Wittenberg, Lutherstadt";"0375";;"000023";"Stadthalle Wittenberg";"U";1047;464;1;463;88;242;37;28;3;26;6;2;8;1;0;2;19;0;1;3;461;112;250;44;28;7;5;15;;;;;;;;;
"024";"Wittenberg";"15091";"Wittenberg";"15091375";"Wittenberg, Lutherstadt";"0375";;"000024";"Hort """"Wunderland""""";"U";1172;613;12;601;91;311;51;31;10;46;14;1;7;7;2;3;24;0;3;11;602;116;312;75;34;9;24;32;;;;;;;;;
"024";"Wittenberg";"15091";"Wittenberg";"15091375";"Wittenberg, Lutherstadt";"0375";;"000025";"Grundschule """"Katharina von Bora""""";"U";1380;811;7;804;159;398;50;46;15;58;16;1;15;2;5;0;33;2;4;8;803;212;405;60;39;12;26;49;;;;;;;;;
"024";"Wittenberg";"15091";"Wittenberg";"15091375";"Wittenberg, Lutherstadt";"0375";;"000026";"Dorfgemeinschaftshaus Seegrehna";"U";637;405;6;399;84;177;29;29;4;16;15;1;5;4;0;3;27;2;3;6;399;106;189;45;23;6;9;21;;;;;;;;;
"024";"Wittenberg";"15091";"Wittenberg";"15091375";"Wittenberg, Lutherstadt";"0375";;"000027";"Gemeindehaus Reinsdorf";"U";671;386;3;383;80;190;24;27;9;26;14;1;1;0;1;3;6;0;1;3;383;110;190;27;19;8;10;19;;;;;;;;;
"024";"Wittenberg";"15091";"Wittenberg";"15091375";"Wittenberg, Lutherstadt";"0375";;"000028";"Feuerwehrgerätehaus Dobien";"U";1019;594;7;587;117;282;32;38;17;36;8;2;9;1;3;4;36;1;1;10;584;157;291;42;33;16;15;30;;;;;;;;;
"024";"Wittenberg";"15091";"Wittenberg";"15091375";"Wittenberg, Lutherstadt";"0375";;"000029";"Dorfgemeinschaftshaus/FFW Braunsdorf";"U";349;230;1;229;54;109;15;11;6;15;6;0;5;2;0;0;5;1;0;1;229;65;108;16;13;5;7;15;;;;;;;;;
"024";"Wittenberg";"15091";"Wittenberg";"15091375";"Wittenberg, Lutherstadt";"0375";;"000030";"Turn- und Mehrzweckhalle Straach";"U";590;345;1;344;56;209;11;19;3;7;11;0;4;1;0;1;19;3;0;3;342;68;211;17;12;9;2;23;;;;;;;;;
"024";"Wittenberg";"15091";"Wittenberg";"15091375";"Wittenberg, Lutherstadt";"0375";;"000031";"Verwaltungsgebäude Mochau/Thießen";"U";372;235;2;233;54;126;12;7;6;11;7;0;1;0;0;2;6;0;1;2;233;57;121;20;11;7;3;14;;;;;;;;;
"024";"Wittenberg";"15091";"Wittenberg";"15091375";"Wittenberg, Lutherstadt";"0375";;"000032";"Landgaststätte """"Hoher Fläming""""";"U";367;244;5;239;72;108;16;18;6;4;5;1;0;0;0;2;6;0;1;4;240;72;116;18;17;6;2;9;;;;;;;;;
"024";"Wittenberg";"15091";"Wittenberg";"15091375";"Wittenberg, Lutherstadt";"0375";;"000033";"Kreuzgewölbe Kropstädt";"U";589;356;2;354;74;176;26;17;6;16;20;0;4;4;0;2;9;0;0;4;352;87;180;30;16;7;5;27;;;;;;;;;
"024";"Wittenberg";"15091";"Wittenberg";"15091375";"Wittenberg, Lutherstadt";"0375";;"000034";"Dorfgemeinschaftshaus """"Erna""""";"U";177;119;0;119;17;56;14;7;2;8;3;1;2;1;1;0;6;0;1;0;119;25;58;14;7;2;9;4;;;;;;;;;
"024";"Wittenberg";"15091";"Wittenberg";"15091375";"Wittenberg, Lutherstadt";"0375";;"000035";"Mehrzweckgebäude Wüstemark";"U";134;90;1;89;15;35;7;10;5;13;1;0;0;2;0;0;1;0;0;1;89;41;35;8;1;1;1;2;;;;;;;;;
"024";"Wittenberg";"15091";"Wittenberg";"15091375";"Wittenberg, Lutherstadt";"0375";;"000036";"Turnhalle Abtsdorf";"U";935;632;5;627;103;340;35;59;10;25;21;0;6;1;2;2;23;0;0;6;626;148;356;36;38;4;9;35;;;;;;;;;
"024";"Wittenberg";"15091";"Wittenberg";"15091375";"Wittenberg, Lutherstadt";"0375";;"000037";"WASAG Informationszentrum & Museum";"U";482;323;0;323;63;171;19;21;5;17;3;2;4;0;0;4;14;0;0;1;322;80;174;28;15;6;9;10;;;;;;;;;
"024";"Wittenberg";"15091";"Wittenberg";"15091375";"Wittenberg, Lutherstadt";"0375";;"000901";"901 Briefwahllokal";"B";0;658;3;655;197;156;51;86;17;87;23;0;6;2;4;2;22;1;1;6;652;292;161;67;60;15;21;36;;;;;;;;;
"024";"Wittenberg";"15091";"Wittenberg";"15091375";"Wittenberg, Lutherstadt";"0375";;"000902";"902 Briefwahllokal";"B";0;794;4;790;245;158;80;114;21;96;21;3;8;3;5;2;30;1;3;8;786;331;173;98;83;20;38;43;;;;;;;;;
"024";"Wittenberg";"15091";"Wittenberg";"15091375";"Wittenberg, Lutherstadt";"0375";;"000903";"903 Briefwahllokal";"B";0;696;3;693;208;167;82;81;17;66;15;3;13;7;1;3;27;1;2;4;692;276;168;95;66;14;34;39;;;;;;;;;
"024";"Wittenberg";"15091";"Wittenberg";"15091375";"Wittenberg, Lutherstadt";"0375";;"000904";"904 Briefwahllokal";"B";0;803;5;798;201;209;91;96;29;90;23;1;10;4;2;11;27;2;2;10;793;310;218;89;69;20;44;43;;;;;;;;;
"024";"Wittenberg";"15091";"Wittenberg";"15091375";"Wittenberg, Lutherstadt";"0375";;"000905";"905 Briefwahllokal";"B";0;732;7;725;176;191;88;102;22;78;19;0;2;2;5;7;31;2;0;10;722;263;197;88;83;13;37;41;;;;;;;;;
"024";"Wittenberg";"15091";"Wittenberg";"15091375";"Wittenberg, Lutherstadt";"0375";;"000906";"906 Briefwahllokal";"B";0;639;5;634;168;142;76;69;22;87;22;0;10;0;2;3;29;2;2;5;634;246;147;87;53;18;43;40;;;;;;;;;
"024";"Wittenberg";"15091";"Wittenberg";"15091375";"Wittenberg, Lutherstadt";"0375";;"000907";"907 Briefwahllokal";"B";0;599;5;594;149;152;76;77;13;56;28;1;4;1;1;2;33;0;1;7;592;209;160;94;52;12;29;36;;;;;;;;;
"024";"Wittenberg";"15091";"Wittenberg";"15091375";"Wittenberg, Lutherstadt";"0375";;"000908";"908 Briefwahllokal";"B";0;632;4;628;181;152;73;81;26;52;17;0;4;2;0;7;31;2;0;4;628;231;162;97;51;16;27;44;;;;;;;;;
"024";"Wittenberg";"15091";"Wittenberg";"15091375";"Wittenberg, Lutherstadt";"0375";;"000909";"909 Briefwahllokal";"B";0;725;1;724;222;180;69;72;18;85;26;3;4;3;1;2;39;0;0;6;719;281;187;87;66;16;40;42;;;;;;;;;
"024";"Wittenberg";"15091";"Wittenberg";"15091375";"Wittenberg, Lutherstadt";"0375";;"000910";"910 Briefwahllokal";"B";0;684;7;677;166;135;104;79;16;109;15;1;5;7;3;3;32;0;2;11;673;265;140;104;76;19;36;33;;;;;;;;;
"024";"Wittenberg";"15091";"Wittenberg";"15091375";"Wittenberg, Lutherstadt";"0375";;"000911";"911 Briefwahllokal";"B";0;741;3;738;224;180;79;85;14;80;25;1;4;1;1;6;34;0;4;6;735;304;187;92;72;13;26;41;;;;;;;;;
"024";"Wittenberg";"15091";"Wittenberg";"15091375";"Wittenberg, Lutherstadt";"0375";;"000912";"912 Briefwahllokal";"B";0;693;7;686;216;146;52;84;16;95;27;0;3;3;0;3;35;1;5;9;684;307;148;65;65;17;36;46;;;;;;;;;
"024";"Wittenberg";"15091";"Wittenberg";"15091391";"Zahna-Elster, Stadt";"0391";;"000001";"Zahna-Grundschule";"U";1133;666;5;661;119;344;56;46;14;29;17;3;6;2;2;3;16;2;2;4;662;149;352;68;37;13;14;29;;;;;;;;;
"024";"Wittenberg";"15091";"Wittenberg";"15091391";"Zahna-Elster, Stadt";"0391";;"000002";"Zahna-Hospital";"U";959;588;6;582;119;283;47;31;14;22;18;2;9;4;2;2;26;2;1;3;585;135;296;55;32;15;10;42;;;;;;;;;
"024";"Wittenberg";"15091";"Wittenberg";"15091391";"Zahna-Elster, Stadt";"0391";;"000003";"Klebitz";"U";148;103;2;101;18;53;4;7;0;1;7;0;1;0;0;1;8;0;1;2;101;21;53;8;6;1;1;11;;;;;;;;;
"024";"Wittenberg";"15091";"Wittenberg";"15091391";"Zahna-Elster, Stadt";"0391";;"000004";"Rahnsdorf";"U";150;109;0;109;23;57;7;5;1;5;2;1;1;0;1;2;4;0;0;0;109;32;60;5;1;3;2;6;;;;;;;;;
"024";"Wittenberg";"15091";"Wittenberg";"15091391";"Zahna-Elster, Stadt";"0391";;"000005";"Bülzig";"U";601;353;6;347;69;173;18;27;8;20;7;0;4;0;1;4;14;0;2;5;348;103;178;22;19;6;5;15;;;;;;;;;
"024";"Wittenberg";"15091";"Wittenberg";"15091391";"Zahna-Elster, Stadt";"0391";;"000006";"Dietrichsdorf";"U";157;111;0;111;17;53;7;9;2;9;3;1;1;0;0;1;8;0;0;0;111;23;57;7;7;4;5;8;;;;;;;;;
"024";"Wittenberg";"15091";"Wittenberg";"15091391";"Zahna-Elster, Stadt";"0391";;"000007";"Elster (Elbe)";"U";1868;974;6;968;175;545;50;52;18;40;24;1;8;2;1;3;48;0;1;6;968;233;553;54;42;14;13;59;;;;;;;;;
"024";"Wittenberg";"15091";"Wittenberg";"15091391";"Zahna-Elster, Stadt";"0391";;"000008";"Gadegast";"U";138;93;0;93;21;45;11;3;1;3;3;0;1;1;0;1;3;0;0;0;93;24;46;10;4;6;2;1;;;;;;;;;
"024";"Wittenberg";"15091";"Wittenberg";"15091391";"Zahna-Elster, Stadt";"0391";;"000009";"Leetza";"U";315;157;2;155;44;57;12;18;4;13;1;0;1;0;0;0;5;0;0;3;154;58;52;20;13;3;4;4;;;;;;;;;
"024";"Wittenberg";"15091";"Wittenberg";"15091391";"Zahna-Elster, Stadt";"0391";;"000010";"Listerfehrda";"U";239;159;3;156;38;73;9;9;5;10;4;0;1;0;0;0;7;0;0;4;155;49;75;12;10;4;0;5;;;;;;;;;
"024";"Wittenberg";"15091";"Wittenberg";"15091391";"Zahna-Elster, Stadt";"0391";;"000011";"Mühlanger";"U";1047;611;9;602;105;306;46;41;12;26;16;0;5;2;0;4;35;2;2;10;601;139;315;60;24;10;11;42;;;;;;;;;
"024";"Wittenberg";"15091";"Wittenberg";"15091391";"Zahna-Elster, Stadt";"0391";;"000013";"Zörnigall";"U";681;447;5;442;66;240;33;24;1;32;13;0;3;4;0;2;23;1;0;8;439;96;242;35;31;0;9;26;;;;;;;;;
"024";"Wittenberg";"15091";"Wittenberg";"15091391";"Zahna-Elster, Stadt";"0391";;"000014";"Briefwahlbezirk 1";"B";0;870;3;867;260;239;72;102;28;58;40;1;10;4;3;4;44;0;2;4;866;335;246;88;67;25;27;78;;;;;;;;;
"024";"Wittenberg";"15091";"Wittenberg";"15091391";"Zahna-Elster, Stadt";"0391";;"000015";"Briefwahlbezirk 2";"B";0;881;7;874;268;223;99;72;34;72;30;3;11;9;2;5;39;5;2;12;869;352;227;124;57;19;37;53;;;;;;;;;
"025";"Jessen";"15091";"Wittenberg";"15091010";"Annaburg, Stadt";"0010";;"000001";"Annaburg 1";"U";1140;633;10;623;92;364;34;27;10;27;24;1;4;3;1;0;32;1;3;10;623;127;367;47;24;7;13;38;;;;;;;;;
"025";"Jessen";"15091";"Wittenberg";"15091010";"Annaburg, Stadt";"0010";;"000002";"Annaburg 2";"U";897;456;3;453;86;258;23;17;6;15;9;0;4;2;1;4;28;0;0;3;453;118;248;31;14;4;10;28;;;;;;;;;
"025";"Jessen";"15091";"Wittenberg";"15091010";"Annaburg, Stadt";"0010";;"000003";"Löben";"U";195;121;1;120;24;54;8;9;5;3;4;1;2;2;0;0;8;0;0;0;121;32;57;10;7;5;3;7;;;;;;;;;
"025";"Jessen";"15091";"Wittenberg";"15091010";"Annaburg, Stadt";"0010";;"000004";"Premsendorf";"U";83;53;0;53;14;28;3;2;0;0;2;0;0;1;0;0;3;0;0;0;53;19;25;3;1;1;0;4;;;;;;;;;
"025";"Jessen";"15091";"Wittenberg";"15091010";"Annaburg, Stadt";"0010";;"000005";"Purzien";"U";90;70;0;70;24;25;6;3;2;4;2;0;0;0;0;0;4;0;0;0;70;22;29;8;4;2;4;1;;;;;;;;;
"025";"Jessen";"15091";"Wittenberg";"15091010";"Annaburg, Stadt";"0010";;"000006";"Prettin 1";"U";603;350;2;348;42;230;22;17;6;7;9;0;3;1;2;0;9;0;0;2;348;52;229;30;10;7;3;17;;;;;;;;;
"025";"Jessen";"15091";"Wittenberg";"15091010";"Annaburg, Stadt";"0010";;"000007";"Prettin 2";"U";776;439;11;428;52;284;24;20;7;17;5;0;1;2;2;3;10;1;0;10;429;72;286;26;7;14;11;13;;;;;;;;;
"025";"Jessen";"15091";"Wittenberg";"15091010";"Annaburg, Stadt";"0010";;"000008";"Groß Naundorf";"U";474;296;1;295;28;212;14;13;4;4;4;1;3;0;0;1;11;0;0;0;296;30;222;20;8;3;3;10;;;;;;;;;
"025";"Jessen";"15091";"Wittenberg";"15091010";"Annaburg, Stadt";"0010";;"000009";"Bethau";"U";119;86;1;85;7;61;6;3;3;0;1;0;2;0;0;0;2;0;0;1;85;14;61;5;1;1;1;2;;;;;;;;;
"025";"Jessen";"15091";"Wittenberg";"15091010";"Annaburg, Stadt";"0010";;"000010";"Axien";"U";378;246;1;245;39;148;11;15;1;6;11;0;3;2;0;1;8;0;0;1;245;53;152;12;7;2;4;15;;;;;;;;;
"025";"Jessen";"15091";"Wittenberg";"15091010";"Annaburg, Stadt";"0010";;"000011";"Plossig";"U";158;111;2;109;15;61;11;6;4;3;2;0;1;0;0;1;5;0;0;2;109;18;63;16;4;2;3;3;;;;;;;;;
"025";"Jessen";"15091";"Wittenberg";"15091010";"Annaburg, Stadt";"0010";;"000012";"Lebien";"U";232;168;2;166;17;112;16;4;2;2;3;0;2;0;0;3;4;0;1;2;166;18;112;18;4;2;2;10;;;;;;;;;
"025";"Jessen";"15091";"Wittenberg";"15091010";"Annaburg, Stadt";"0010";;"000013";"Briefwahl 1";"B";0;509;10;499;143;158;52;38;3;23;20;0;8;4;3;3;38;1;5;15;494;179;165;61;41;5;10;33;;;;;;;;;
"025";"Jessen";"15091";"Wittenberg";"15091010";"Annaburg, Stadt";"0010";;"000014";"Briefwahl 2";"B";0;500;6;494;140;167;45;38;7;29;14;3;5;2;0;2;39;3;0;6;494;151;182;56;36;13;15;41;;;;;;;;;
"025";"Jessen";"15091";"Wittenberg";"15091020";"Bad Schmiedeberg, Stadt";"0020";;"000001";"Bad Schmiedeberg - Hort """"Tintenklecks""""";"U";816;457;4;453;87;233;25;41;6;24;18;1;2;3;0;1;12;0;0;4;453;112;233;32;29;9;7;31;;;;;;;;;
"025";"Jessen";"15091";"Wittenberg";"15091020";"Bad Schmiedeberg, Stadt";"0020";;"000002";"Bad Schmiedeberg - Jugendtreff";"U";599;366;2;364;71;187;29;27;6;21;9;1;3;0;1;1;8;0;0;2;364;81;195;34;18;5;9;22;;;;;;;;;
"025";"Jessen";"15091";"Wittenberg";"15091020";"Bad Schmiedeberg, Stadt";"0020";;"000003";"Bad Schmiedeberg - Kurverwaltung";"U";996;537;3;534;100;262;38;36;8;35;14;0;4;1;0;4;29;1;2;6;531;130;266;44;28;15;10;38;;;;;;;;;
"025";"Jessen";"15091";"Wittenberg";"15091020";"Bad Schmiedeberg, Stadt";"0020";;"000004";"Großwig - Altes Feuerwehrgerätehaus";"U";482;266;3;263;31;132;19;18;6;32;7;1;2;0;0;0;13;2;0;2;264;55;137;24;17;2;10;19;;;;;;;;;
"025";"Jessen";"15091";"Wittenberg";"15091020";"Bad Schmiedeberg, Stadt";"0020";;"000005";"Reinharz - Vereinshaus Reinharz";"U";146;107;4;103;17;58;13;4;0;3;2;0;0;0;0;1;5;0;0;6;101;22;57;12;4;0;3;3;;;;;;;;;
"025";"Jessen";"15091";"Wittenberg";"15091020";"Bad Schmiedeberg, Stadt";"0020";;"000006";"Pretzsch - Bürger- und Vereinshaus";"U";1047;662;10;652;132;340;37;35;28;31;23;0;7;1;0;1;17;0;0;8;654;156;345;38;34;20;16;45;;;;;;;;;
"025";"Jessen";"15091";"Wittenberg";"15091020";"Bad Schmiedeberg, Stadt";"0020";;"000007";"Trebitz - Grundschule Mehrzweckraum";"U";828;502;10;492;102;237;32;40;15;24;13;0;4;1;1;1;22;0;0;10;492;123;243;33;26;17;18;32;;;;;;;;;
"025";"Jessen";"15091";"Wittenberg";"15091020";"Bad Schmiedeberg, Stadt";"0020";;"000008";"Söllichau - Kulturhaus";"U";677;479;0;479;67;280;30;23;9;19;23;4;4;1;3;1;15;0;0;0;479;65;274;29;27;9;5;70;;;;;;;;;
"025";"Jessen";"15091";"Wittenberg";"15091020";"Bad Schmiedeberg, Stadt";"0020";;"000009";"Meuro - Bürgerhaus";"U";410;247;0;247;48;140;15;6;4;10;5;1;1;2;1;0;13;0;1;2;245;62;143;10;11;7;1;11;;;;;;;;;
"025";"Jessen";"15091";"Wittenberg";"15091020";"Bad Schmiedeberg, Stadt";"0020";;"000010";"Korgau - Gemeindebüro";"U";240;166;2;164;28;96;6;3;3;13;8;0;2;0;0;0;5;0;0;1;165;34;93;8;7;5;2;16;;;;;;;;;
"025";"Jessen";"15091";"Wittenberg";"15091020";"Bad Schmiedeberg, Stadt";"0020";;"000011";"Schnellin - Gemeindebibliothek";"U";207;148;2;146;28;75;11;5;4;5;9;0;2;0;0;4;3;0;0;2;146;37;78;9;4;3;1;14;;;;;;;;;
"025";"Jessen";"15091";"Wittenberg";"15091020";"Bad Schmiedeberg, Stadt";"0020";;"000012";"Priesitz - Gemeindebüro";"U";177;145;5;140;28;77;9;12;2;3;4;0;1;0;0;0;3;0;1;3;142;30;75;13;9;3;1;11;;;;;;;;;
"025";"Jessen";"15091";"Wittenberg";"15091020";"Bad Schmiedeberg, Stadt";"0020";;"000013";"Bad Schmiedeberg - Briefwahlvorstand";"B";0;1156;3;1153;340;365;80;116;27;98;44;0;9;10;2;7;50;2;3;6;1150;427;356;95;97;20;43;112;;;;;;;;;
"025";"Jessen";"15091";"Wittenberg";"15091110";"Gräfenhainichen, Stadt";"0110";;"000001";"Kindertagesstätte Zwergenland";"U";981;580;4;576;94;322;50;43;11;27;5;0;8;2;1;3;10;0;0;6;574;116;323;59;45;8;9;14;;;;;;;;;
"025";"Jessen";"15091";"Wittenberg";"15091110";"Gräfenhainichen, Stadt";"0110";;"000002";"Rathaus";"U";916;472;6;466;41;290;43;19;14;16;7;1;3;3;1;5;18;2;3;1;471;51;296;53;21;12;11;27;;;;;;;;;
"025";"Jessen";"15091";"Wittenberg";"15091110";"Gräfenhainichen, Stadt";"0110";;"000003";"Grundschule """"Johannes Gutenberg""""";"U";945;479;3;476;72;266;25;43;7;19;11;0;8;3;3;1;14;1;3;5;474;84;273;39;40;7;10;21;;;;;;;;;
"025";"Jessen";"15091";"Wittenberg";"15091110";"Gräfenhainichen, Stadt";"0110";;"000004";"Paul-Gerhardt-Kapelle";"U";1018;532;13;519;99;273;36;40;11;26;4;0;8;4;1;2;15;0;0;13;519;120;283;46;28;8;14;20;;;;;;;;;
"025";"Jessen";"15091";"Wittenberg";"15091110";"Gräfenhainichen, Stadt";"0110";;"000005";"Wasserturm";"U";1030;559;3;556;79;327;39;37;11;25;6;0;7;2;1;3;15;1;3;3;556;102;335;41;33;10;15;20;;;;;;;;;
"025";"Jessen";"15091";"Wittenberg";"15091110";"Gräfenhainichen, Stadt";"0110";;"000006";"Bürgerhaus";"U";418;276;1;275;39;153;14;19;6;10;11;0;1;0;0;1;16;0;5;2;274;55;157;17;14;8;5;18;;;;;;;;;
"025";"Jessen";"15091";"Wittenberg";"15091110";"Gräfenhainichen, Stadt";"0110";;"000007";"Kegelbahn";"U";681;457;7;450;66;276;30;24;8;13;5;0;6;1;1;2;17;1;0;6;451;77;282;36;22;9;8;17;;;;;;;;;
"025";"Jessen";"15091";"Wittenberg";"15091110";"Gräfenhainichen, Stadt";"0110";;"000008";"Kindertagesstätte """"Bummi""""";"U";439;304;3;301;48;181;17;15;5;12;7;0;1;0;1;1;12;0;1;1;303;60;179;24;12;8;4;16;;;;;;;;;
"025";"Jessen";"15091";"Wittenberg";"15091110";"Gräfenhainichen, Stadt";"0110";;"000009";"ehemalige Heideschule";"U";504;342;2;340;50;214;13;25;4;6;6;0;4;2;1;2;13;0;0;2;340;51;226;14;16;4;8;21;;;;;;;;;
"025";"Jessen";"15091";"Wittenberg";"15091110";"Gräfenhainichen, Stadt";"0110";;"000010";"Mehrzweckgebäude";"U";413;273;1;272;63;133;22;15;6;16;3;0;1;1;1;0;10;1;0;1;272;75;138;23;9;2;11;14;;;;;;;;;
"025";"Jessen";"15091";"Wittenberg";"15091110";"Gräfenhainichen, Stadt";"0110";;"000011";"Grundschule """"Johann Heinrich Pestalozzi""""";"U";801;515;5;510;72;302;33;17;13;21;12;0;6;1;0;3;29;1;0;10;505;79;309;48;27;14;5;23;;;;;;;;;
"025";"Jessen";"15091";"Wittenberg";"15091110";"Gräfenhainichen, Stadt";"0110";;"000012";"Integrative Kindertagesstätte";"U";1064;611;15;596;70;366;34;28;11;26;7;2;9;2;0;7;31;3;0;18;593;96;365;51;29;14;11;27;;;;;;;;;
"025";"Jessen";"15091";"Wittenberg";"15091110";"Gräfenhainichen, Stadt";"0110";;"000013";"Vereins- und Versammlungsraum";"B";0;929;7;922;259;284;96;95;19;64;18;2;10;4;2;7;57;2;3;16;913;312;288;115;107;19;22;50;;;;;;;;;
"025";"Jessen";"15091";"Wittenberg";"15091110";"Gräfenhainichen, Stadt";"0110";;"000014";"Leseraum des Archivs";"B";0;929;7;922;259;284;96;95;19;64;18;2;10;4;2;7;57;2;3;16;913;312;288;115;107;19;22;50;;;;;;;;;
"025";"Jessen";"15091";"Wittenberg";"15091145";"Jessen (Elster), Stadt";"0145";;"000001";"Jessen-Nord I";"U";1494;806;10;796;110;445;53;55;9;42;7;2;10;2;3;7;47;0;4;8;798;174;464;71;34;7;17;31;;;;;;;;;
"025";"Jessen";"15091";"Wittenberg";"15091145";"Jessen (Elster), Stadt";"0145";;"000002";"Jessen-Nord II";"U";1581;865;10;855;127;488;67;47;12;29;14;2;12;5;1;1;47;0;3;9;856;167;501;82;44;10;10;42;;;;;;;;;
"025";"Jessen";"15091";"Wittenberg";"15091145";"Jessen (Elster), Stadt";"0145";;"000003";"Jessen-Mitte";"U";1232;668;11;657;77;419;37;30;15;27;13;1;5;8;2;0;20;0;3;12;656;112;415;51;29;9;16;24;;;;;;;;;
"025";"Jessen";"15091";"Wittenberg";"15091145";"Jessen (Elster), Stadt";"0145";;"000004";"Jessen-Süd";"U";719;407;4;403;55;228;27;23;7;19;5;1;6;1;0;4;26;0;1;3;404;82;230;44;21;2;6;19;;;;;;;;;
"025";"Jessen";"15091";"Wittenberg";"15091145";"Jessen (Elster), Stadt";"0145";;"000005";"Schweinitz";"U";1164;688;6;682;117;372;39;44;12;33;9;0;9;4;2;5;30;1;5;7;681;163;379;51;34;14;12;28;;;;;;;;;
"025";"Jessen";"15091";"Wittenberg";"15091145";"Jessen (Elster), Stadt";"0145";;"000006";"Battin";"U";358;213;2;211;42;122;9;9;10;1;4;0;0;2;0;0;10;0;2;2;211;51;124;10;8;12;1;5;;;;;;;;;
"025";"Jessen";"15091";"Wittenberg";"15091145";"Jessen (Elster), Stadt";"0145";;"000007";"Mügeln";"U";340;240;0;240;35;127;9;21;10;11;3;1;2;1;1;1;17;1;0;2;238;54;122;18;13;16;1;14;;;;;;;;;
"025";"Jessen";"15091";"Wittenberg";"15091145";"Jessen (Elster), Stadt";"0145";;"000008";"Arnsdorf";"U";185;121;0;121;28;59;12;6;2;4;0;0;0;0;0;0;8;1;1;0;121;37;58;16;4;3;1;2;;;;;;;;;
"025";"Jessen";"15091";"Wittenberg";"15091145";"Jessen (Elster), Stadt";"0145";;"000009";"Ruhlsdorf";"U";153;102;0;102;26;56;2;3;4;7;1;0;1;0;0;0;2;0;0;1;101;34;56;3;4;3;0;1;;;;;;;;;
"025";"Jessen";"15091";"Wittenberg";"15091145";"Jessen (Elster), Stadt";"0145";;"000010";"Klossa";"U";81;74;1;73;16;25;12;6;2;3;2;0;0;0;0;0;7;0;0;3;71;18;28;9;8;3;0;5;;;;;;;;;
"025";"Jessen";"15091";"Wittenberg";"15091145";"Jessen (Elster), Stadt";"0145";;"000011";"Gorsdorf-Hemsendorf";"U";188;104;0;104;21;51;9;4;1;6;1;0;0;0;0;0;11;0;0;2;102;26;53;10;4;2;2;5;;;;;;;;;
"025";"Jessen";"15091";"Wittenberg";"15091145";"Jessen (Elster), Stadt";"0145";;"000012";"Düßnitz";"U";263;168;4;164;32;95;14;9;4;2;2;0;0;1;0;0;5;0;0;3;165;39;97;17;3;3;0;6;;;;;;;;;
"025";"Jessen";"15091";"Wittenberg";"15091145";"Jessen (Elster), Stadt";"0145";;"000013";"Grabo";"U";265;161;0;161;20;93;17;12;2;5;3;0;0;1;0;1;6;0;1;0;161;27;95;20;8;4;5;2;;;;;;;;;
"025";"Jessen";"15091";"Wittenberg";"15091145";"Jessen (Elster), Stadt";"0145";;"000014";"Holzdorf";"U";787;469;6;463;67;252;36;26;5;18;16;1;8;1;1;3;24;1;4;5;464;88;265;42;21;7;7;34;;;;;;;;;
"025";"Jessen";"15091";"Wittenberg";"15091145";"Jessen (Elster), Stadt";"0145";;"000015";"Linda";"U";498;360;2;358;95;160;13;31;6;15;4;0;5;2;2;0;23;2;0;4;356;139;155;20;18;8;3;13;;;;;;;;;
"025";"Jessen";"15091";"Wittenberg";"15091145";"Jessen (Elster), Stadt";"0145";;"000016";"Seyda";"U";797;415;8;407;93;207;24;24;9;14;5;0;6;1;0;2;22;0;0;7;408;112;208;32;24;8;9;15;;;;;;;;;
"025";"Jessen";"15091";"Wittenberg";"15091145";"Jessen (Elster), Stadt";"0145";;"000017";"Gentha";"U";168;100;0;100;18;60;5;4;2;1;1;1;0;1;1;1;4;1;0;0;100;16;62;13;2;2;0;5;;;;;;;;;
"025";"Jessen";"15091";"Wittenberg";"15091145";"Jessen (Elster), Stadt";"0145";;"000018";"Morxdorf/Mark Zwuschen";"U";183;116;0;116;18;67;8;7;5;3;4;1;0;0;0;0;2;1;0;0;116;19;65;8;11;2;3;8;;;;;;;;;
"025";"Jessen";"15091";"Wittenberg";"15091145";"Jessen (Elster), Stadt";"0145";;"000019";"Klöden";"U";446;273;4;269;52;145;11;22;5;3;7;0;2;0;1;3;18;0;0;5;268;58;149;21;18;3;2;17;;;;;;;;;
"025";"Jessen";"15091";"Wittenberg";"15091145";"Jessen (Elster), Stadt";"0145";;"000020";"Naundorf";"U";100;65;2;63;14;20;6;6;6;5;1;0;0;2;1;0;2;0;0;2;63;14;20;6;10;7;2;4;;;;;;;;;
"025";"Jessen";"15091";"Wittenberg";"15091145";"Jessen (Elster), Stadt";"0145";;"000021";"Schützberg";"U";103;83;2;81;17;39;6;3;3;2;2;0;1;0;0;0;7;0;1;3;80;19;43;10;4;1;0;3;;;;;;;;;
"025";"Jessen";"15091";"Wittenberg";"15091145";"Jessen (Elster), Stadt";"0145";;"000022";"Briefwahlbezirk 1";"B";0;1360;5;1355;390;336;151;131;46;111;40;0;18;11;1;6;102;6;6;14;1346;508;357;184;100;38;74;85;;;;;;;;;
"025";"Jessen";"15091";"Wittenberg";"15091145";"Jessen (Elster), Stadt";"0145";;"000023";"Briefwahlbezirk 2";"B";0;849;5;844;275;245;80;72;21;48;24;0;14;6;0;4;47;2;6;12;837;332;255;102;59;16;23;50;;;;;;;;;
"025";"Jessen";"15091";"Wittenberg";"15091160";"Kemberg, Stadt";"0160";;"000001";"Kita ""Rasselbande"" Kemberg";"U";1096;602;4;598;116;288;45;44;13;43;9;0;4;2;0;3;26;2;3;6;596;159;301;48;37;13;11;27;;;;;;;;;
"025";"Jessen";"15091";"Wittenberg";"15091160";"Kemberg, Stadt";"0160";;"000002";"Grundschule Kemberg";"U";799;469;6;463;88;264;22;31;8;15;12;1;3;2;1;1;15;0;0;6;463;112;264;31;18;7;9;22;;;;;;;;;
"025";"Jessen";"15091";"Wittenberg";"15091160";"Kemberg, Stadt";"0160";;"000003";"Gemeinde- & Sportzentrum Bergwitz";"U";1178;681;6;675;119;362;37;43;14;43;12;1;7;0;0;4;33;0;0;8;673;156;371;57;31;14;14;30;;;;;;;;;
"025";"Jessen";"15091";"Wittenberg";"15091160";"Kemberg, Stadt";"0160";;"000004";"Feuerwehr Lubast";"U";307;196;4;192;27;113;13;8;2;12;4;0;2;1;0;1;8;0;1;3;193;40;113;17;10;2;0;11;;;;;;;;;
"025";"Jessen";"15091";"Wittenberg";"15091160";"Kemberg, Stadt";"0160";;"000005";"Bürgerhaus Dorna";"U";116;88;0;88;25;34;4;7;3;5;4;0;0;0;0;0;5;0;1;0;88;24;34;3;10;3;2;12;;;;;;;;;
"025";"Jessen";"15091";"Wittenberg";"15091160";"Kemberg, Stadt";"0160";;"000006";"Feuerwehr Globig";"U";317;229;5;224;45;133;15;11;0;7;3;0;2;0;0;2;6;0;0;4;225;54;131;20;10;2;3;5;;;;;;;;;
"025";"Jessen";"15091";"Wittenberg";"15091160";"Kemberg, Stadt";"0160";;"000007";"Turnhalle Dabrun";"U";447;322;6;316;61;187;14;21;6;3;3;0;1;0;2;2;15;1;0;8;314;58;194;27;12;6;3;14;;;;;;;;;
"025";"Jessen";"15091";"Wittenberg";"15091160";"Kemberg, Stadt";"0160";;"000008";"Kulturzentrum Eutzsch";"U";443;303;2;301;52;163;23;27;3;14;3;1;4;1;0;3;7;0;0;4;299;65;160;30;19;8;8;9;;;;;;;;;
"025";"Jessen";"15091";"Wittenberg";"15091160";"Kemberg, Stadt";"0160";;"000009";"Feuerwehr Rackith-Lammsdorf";"U";389;261;3;258;41;104;29;29;7;20;9;1;4;0;1;0;12;1;0;2;259;55;105;35;29;5;8;22;;;;;;;;;
"025";"Jessen";"15091";"Wittenberg";"15091160";"Kemberg, Stadt";"0160";;"000010";"DGH Radis";"U";896;572;7;565;97;318;31;33;9;24;10;1;7;4;0;1;26;1;3;9;563;108;328;44;37;10;9;27;;;;;;;;;
"025";"Jessen";"15091";"Wittenberg";"15091160";"Kemberg, Stadt";"0160";;"000011";"Gemeindezentrum Rotta";"U";603;379;3;376;62;201;27;23;15;11;10;1;4;0;0;1;19;0;2;4;375;76;205;31;18;9;4;32;;;;;;;;;
"025";"Jessen";"15091";"Wittenberg";"15091160";"Kemberg, Stadt";"0160";;"000012";"Bürgerhaus Schleesen";"U";343;214;7;207;47;90;16;13;3;13;2;1;4;1;0;2;15;0;0;5;209;54;94;25;17;5;2;12;;;;;;;;;
"025";"Jessen";"15091";"Wittenberg";"15091160";"Kemberg, Stadt";"0160";;"000013";"DGH Selbitz";"U";259;176;0;176;67;73;13;4;1;5;3;1;1;1;1;0;4;2;0;1;175;66;71;16;8;0;4;10;;;;;;;;;
"025";"Jessen";"15091";"Wittenberg";"15091160";"Kemberg, Stadt";"0160";;"000014";"DGH """"Alte Schule""""";"U";139;103;2;101;26;47;6;9;0;5;1;0;0;2;1;0;4;0;0;2;101;33;50;4;8;0;2;4;;;;;;;;;
"025";"Jessen";"15091";"Wittenberg";"15091160";"Kemberg, Stadt";"0160";;"000015";"Mehrzweckhalle/Sporthalle Wartenburg";"U";509;338;3;335;88;140;22;30;4;21;9;3;5;1;0;2;9;1;0;3;335;108;143;33;22;4;6;19;;;;;;;;;
"025";"Jessen";"15091";"Wittenberg";"15091160";"Kemberg, Stadt";"0160";;"000016";"Stadtverwaltung Kemberg (EG)";"B";0;790;1;789;216;192;86;103;11;85;33;0;10;2;1;8;41;1;0;9;781;294;190;101;81;11;47;57;;;;;;;;;
"025";"Jessen";"15091";"Wittenberg";"15091160";"Kemberg, Stadt";"0160";;"000017";"Stadtverwaltung Kemberg (OG)";"B";0;778;4;774;233;241;80;65;17;55;21;0;9;7;2;4;35;0;5;5;773;286;240;94;50;22;25;56;;;;;;;;;
"026";"Dessau-Roßlau";"15001";"Dessau-Roßlau, Stadt";"15001000";"Dessau-Roßlau, Stadt";"0000";;"000020";"Innerstädtischer Bereich Mitte 0";"U";1053;464;8;456;88;196;34;58;7;29;2;0;3;5;2;2;29;1;0;8;456;120;209;45;45;10;27;;;;;;;;;;
"026";"Dessau-Roßlau";"15001";"Dessau-Roßlau, Stadt";"15001000";"Dessau-Roßlau, Stadt";"0000";;"000021";"Innerstädtischer Bereich Mitte 1";"U";1135;607;8;599;107;267;55;56;5;38;2;1;10;2;5;9;39;0;3;14;593;142;284;77;45;15;30;;;;;;;;;;
"026";"Dessau-Roßlau";"15001";"Dessau-Roßlau, Stadt";"15001000";"Dessau-Roßlau, Stadt";"0000";;"000024";"Innerstädtischer Bereich Mitte 4";"U";1145;575;6;569;88;222;77;56;13;57;5;0;12;1;0;7;28;0;3;10;565;125;234;101;54;18;33;;;;;;;;;;
"026";"Dessau-Roßlau";"15001";"Dessau-Roßlau, Stadt";"15001000";"Dessau-Roßlau, Stadt";"0000";;"000026";"Innerstädtischer Bereich Mitte 6";"U";1027;583;5;578;86;253;59;45;13;46;4;0;6;4;3;3;54;1;1;8;575;129;267;81;40;30;28;;;;;;;;;;
"026";"Dessau-Roßlau";"15001";"Dessau-Roßlau, Stadt";"15001000";"Dessau-Roßlau, Stadt";"0000";;"000027";"Innerstädtischer Bereich Mitte 7";"U";1564;581;12;569;84;243;56;70;17;57;3;1;6;1;4;3;23;1;0;12;569;136;255;68;62;23;25;;;;;;;;;;
"026";"Dessau-Roßlau";"15001";"Dessau-Roßlau, Stadt";"15001000";"Dessau-Roßlau, Stadt";"0000";;"000030";"Innerstädtischer Bereich Süd 0";"U";778;374;3;371;42;187;42;20;4;25;3;0;6;1;0;3;35;0;3;2;372;68;215;45;24;8;12;;;;;;;;;;
"026";"Dessau-Roßlau";"15001";"Dessau-Roßlau, Stadt";"15001000";"Dessau-Roßlau, Stadt";"0000";;"000031";"Innerstädtischer Bereich Süd 1";"U";1262;626;8;618;79;310;52;51;4;42;9;0;12;2;2;6;47;0;2;10;616;119;337;75;54;13;18;;;;;;;;;;
"026";"Dessau-Roßlau";"15001";"Dessau-Roßlau, Stadt";"15001000";"Dessau-Roßlau, Stadt";"0000";;"000033";"Innerstädtischer Bereich Süd 3";"U";648;329;4;325;39;168;25;20;6;19;6;0;2;1;0;2;35;1;1;5;324;52;195;32;23;7;15;;;;;;;;;;
"026";"Dessau-Roßlau";"15001";"Dessau-Roßlau, Stadt";"15001000";"Dessau-Roßlau, Stadt";"0000";;"000036";"Innerstädtischer Bereich Süd 6";"U";742;321;8;313;26;172;36;21;12;14;1;0;8;2;1;1;18;0;1;11;310;40;189;43;19;10;9;;;;;;;;;;
"026";"Dessau-Roßlau";"15001";"Dessau-Roßlau, Stadt";"15001000";"Dessau-Roßlau, Stadt";"0000";;"000037";"Innerstädtischer Bereich Süd 7";"U";771;410;5;405;48;200;34;36;13;24;3;0;9;0;2;4;32;0;0;5;405;76;210;50;31;20;18;;;;;;;;;;
"026";"Dessau-Roßlau";"15001";"Dessau-Roßlau, Stadt";"15001000";"Dessau-Roßlau, Stadt";"0000";;"000040";"Süd 0";"U";1239;708;13;695;112;302;65;56;17;77;2;0;7;2;2;2;48;0;3;18;690;189;314;75;45;37;30;;;;;;;;;;
"026";"Dessau-Roßlau";"15001";"Dessau-Roßlau, Stadt";"15001000";"Dessau-Roßlau, Stadt";"0000";;"000042";"Süd 2";"U";1538;829;9;820;127;394;62;81;15;52;11;1;9;4;1;8;53;0;2;11;818;195;427;61;77;35;23;;;;;;;;;;
"026";"Dessau-Roßlau";"15001";"Dessau-Roßlau, Stadt";"15001000";"Dessau-Roßlau, Stadt";"0000";;"000043";"Süd 3";"U";1166;699;12;687;114;297;60;72;17;53;4;1;10;3;0;3;49;0;4;11;688;187;335;67;52;32;15;;;;;;;;;;
"026";"Dessau-Roßlau";"15001";"Dessau-Roßlau, Stadt";"15001000";"Dessau-Roßlau, Stadt";"0000";;"000045";"Süd 5";"U";937;514;13;501;75;231;40;39;12;43;5;0;7;4;3;2;39;0;1;13;501;90;256;66;51;22;16;;;;;;;;;;
"026";"Dessau-Roßlau";"15001";"Dessau-Roßlau, Stadt";"15001000";"Dessau-Roßlau, Stadt";"0000";;"000050";"Haideburg 0";"U";1006;551;2;549;108;218;27;53;23;56;4;1;5;3;0;0;46;2;3;3;548;173;238;44;44;32;17;;;;;;;;;;
"026";"Dessau-Roßlau";"15001";"Dessau-Roßlau, Stadt";"15001000";"Dessau-Roßlau, Stadt";"0000";;"000060";"Törten 0";"U";954;633;5;628;132;302;34;44;16;36;3;1;8;1;3;4;42;0;2;7;626;175;329;40;34;30;18;;;;;;;;;;
"026";"Dessau-Roßlau";"15001";"Dessau-Roßlau, Stadt";"15001000";"Dessau-Roßlau, Stadt";"0000";;"000061";"Törten 1";"U";1019;667;3;664;122;321;51;47;26;44;3;0;4;4;1;4;35;0;2;4;663;170;328;73;48;36;8;;;;;;;;;;
"026";"Dessau-Roßlau";"15001";"Dessau-Roßlau, Stadt";"15001000";"Dessau-Roßlau, Stadt";"0000";;"000090";"Ziebigk 0";"U";1074;621;3;618;119;205;48;85;30;86;0;0;4;1;3;2;34;0;1;5;616;239;213;60;43;35;26;;;;;;;;;;
"026";"Dessau-Roßlau";"15001";"Dessau-Roßlau, Stadt";"15001000";"Dessau-Roßlau, Stadt";"0000";;"000091";"Ziebigk 1";"U";1583;850;8;842;134;336;46;96;32;122;6;1;11;1;2;2;48;1;4;14;836;266;348;68;59;42;53;;;;;;;;;;
"026";"Dessau-Roßlau";"15001";"Dessau-Roßlau, Stadt";"15001000";"Dessau-Roßlau, Stadt";"0000";;"000092";"Ziebigk 2";"U";709;457;8;449;91;147;33;54;21;62;5;0;6;2;1;2;25;0;0;12;445;156;159;36;44;29;21;;;;;;;;;;
"026";"Dessau-Roßlau";"15001";"Dessau-Roßlau, Stadt";"15001000";"Dessau-Roßlau, Stadt";"0000";;"000093";"Ziebigk 3";"U";1277;723;10;713;137;257;55;80;28;95;3;0;6;2;0;2;45;1;2;12;711;236;282;62;61;40;30;;;;;;;;;;
"026";"Dessau-Roßlau";"15001";"Dessau-Roßlau, Stadt";"15001000";"Dessau-Roßlau, Stadt";"0000";;"000100";"Siedlung 0";"U";992;611;5;606;90;187;57;75;30;102;4;1;5;2;2;1;45;1;4;5;606;191;211;71;62;44;27;;;;;;;;;;
"026";"Dessau-Roßlau";"15001";"Dessau-Roßlau, Stadt";"15001000";"Dessau-Roßlau, Stadt";"0000";;"000101";"Siedlung 1";"U";1135;674;7;667;113;206;57;84;22;126;7;0;3;2;3;3;39;0;2;10;664;238;209;67;70;47;33;;;;;;;;;;
"026";"Dessau-Roßlau";"15001";"Dessau-Roßlau, Stadt";"15001000";"Dessau-Roßlau, Stadt";"0000";;"000102";"Siedlung 2";"U";1637;926;10;916;176;336;69;101;37;132;9;0;10;0;0;5;35;1;5;13;913;313;343;98;72;47;40;;;;;;;;;;
"026";"Dessau-Roßlau";"15001";"Dessau-Roßlau, Stadt";"15001000";"Dessau-Roßlau, Stadt";"0000";;"000110";"Großkühnau 0";"U";729;501;6;495;73;281;24;31;7;26;2;0;5;4;2;1;37;2;0;6;495;115;292;32;32;13;11;;;;;;;;;;
"026";"Dessau-Roßlau";"15001";"Dessau-Roßlau, Stadt";"15001000";"Dessau-Roßlau, Stadt";"0000";;"000120";"Kleinkühnau 0";"U";1561;955;4;951;162;463;61;63;34;66;8;0;5;0;3;2;80;1;3;7;948;247;484;89;59;48;21;;;;;;;;;;
"026";"Dessau-Roßlau";"15001";"Dessau-Roßlau, Stadt";"15001000";"Dessau-Roßlau, Stadt";"0000";;"000130";"West 0";"U";764;404;10;394;43;205;29;22;14;23;0;0;6;1;2;5;36;3;5;11;393;58;236;43;24;19;13;;;;;;;;;;
"026";"Dessau-Roßlau";"15001";"Dessau-Roßlau, Stadt";"15001000";"Dessau-Roßlau, Stadt";"0000";;"000140";"Alten 0";"U";1347;811;5;806;112;393;65;70;31;39;7;1;10;4;2;6;64;0;2;9;802;183;417;75;61;48;18;;;;;;;;;;
"026";"Dessau-Roßlau";"15001";"Dessau-Roßlau, Stadt";"15001000";"Dessau-Roßlau, Stadt";"0000";;"000141";"Alten 1";"U";667;383;4;379;59;188;36;28;4;27;3;0;6;3;1;4;19;1;0;7;376;75;197;50;34;9;11;;;;;;;;;;
"026";"Dessau-Roßlau";"15001";"Dessau-Roßlau, Stadt";"15001000";"Dessau-Roßlau, Stadt";"0000";;"000142";"Alten 2";"U";861;498;2;496;78;235;28;45;23;29;6;2;9;2;0;3;33;2;1;3;495;124;247;35;41;34;14;;;;;;;;;;
"026";"Dessau-Roßlau";"15001";"Dessau-Roßlau, Stadt";"15001000";"Dessau-Roßlau, Stadt";"0000";;"000150";"Kochstedt 0";"U";978;594;1;593;107;278;44;45;20;41;6;1;5;4;0;1;38;1;2;10;584;153;282;43;37;49;20;;;;;;;;;;
"026";"Dessau-Roßlau";"15001";"Dessau-Roßlau, Stadt";"15001000";"Dessau-Roßlau, Stadt";"0000";;"000151";"Kochstedt 1";"U";1211;806;10;796;126;377;72;58;28;78;9;2;11;4;0;4;26;1;0;9;797;192;393;86;42;54;30;;;;;;;;;;
"026";"Dessau-Roßlau";"15001";"Dessau-Roßlau, Stadt";"15001000";"Dessau-Roßlau, Stadt";"0000";;"000152";"Kochstedt 2";"U";1197;692;9;683;131;267;59;64;19;66;13;0;5;3;0;6;49;0;1;13;679;176;279;74;68;51;31;;;;;;;;;;
"026";"Dessau-Roßlau";"15001";"Dessau-Roßlau, Stadt";"15001000";"Dessau-Roßlau, Stadt";"0000";;"000160";"Mosigkau 0";"U";1569;982;8;974;163;474;78;69;25;68;6;2;10;6;1;3;59;2;8;18;964;215;503;101;71;52;22;;;;;;;;;;
"026";"Dessau-Roßlau";"15001";"Dessau-Roßlau, Stadt";"15001000";"Dessau-Roßlau, Stadt";"0000";;"000170";"Zoberberg 0";"U";743;417;8;409;56;183;42;35;10;29;3;3;11;4;1;2;27;0;3;9;408;88;204;53;34;15;14;;;;;;;;;;
"026";"Dessau-Roßlau";"15001";"Dessau-Roßlau, Stadt";"15001000";"Dessau-Roßlau, Stadt";"0000";;"000172";"Zoberberg 2";"U";940;521;5;516;47;267;43;47;14;10;4;0;11;5;0;4;60;0;4;9;512;74;315;55;45;20;3;;;;;;;;;;
"026";"Dessau-Roßlau";"15001";"Dessau-Roßlau, Stadt";"15001000";"Dessau-Roßlau, Stadt";"0000";;"000180";"Kleutsch 0";"U";301;200;2;198;30;88;7;22;8;21;0;0;1;0;0;0;18;0;3;4;196;54;99;9;17;7;10;;;;;;;;;;
"026";"Dessau-Roßlau";"15001";"Dessau-Roßlau, Stadt";"15001000";"Dessau-Roßlau, Stadt";"0000";;"000190";"Sollnitz 0";"U";163;112;1;111;12;75;6;5;3;4;1;0;2;0;0;0;3;0;0;1;111;18;78;5;4;4;2;;;;;;;;;;
"026";"Dessau-Roßlau";"15001";"Dessau-Roßlau, Stadt";"15001000";"Dessau-Roßlau, Stadt";"0000";;"000978";"Briefwahlbezirk 978";"B";0;639;4;635;154;168;68;79;25;68;12;0;13;4;4;4;34;1;1;8;631;221;173;94;52;50;41;;;;;;;;;;
"026";"Dessau-Roßlau";"15001";"Dessau-Roßlau, Stadt";"15001000";"Dessau-Roßlau, Stadt";"0000";;"000979";"Briefwahlbezirk 979";"B";0;611;2;609;186;130;54;59;30;90;6;0;3;0;0;3;46;0;2;8;603;260;133;66;53;55;36;;;;;;;;;;
"026";"Dessau-Roßlau";"15001";"Dessau-Roßlau, Stadt";"15001000";"Dessau-Roßlau, Stadt";"0000";;"000980";"Briefwahlbezirk 980";"B";0;580;1;579;177;128;62;71;31;64;7;1;6;0;1;0;28;2;1;9;571;250;131;53;39;68;30;;;;;;;;;;
"026";"Dessau-Roßlau";"15001";"Dessau-Roßlau, Stadt";"15001000";"Dessau-Roßlau, Stadt";"0000";;"000981";"Briefwahlbezirk 981";"B";0;538;4;534;121;146;38;65;14;93;1;0;4;0;2;1;47;0;2;13;525;211;150;69;48;30;17;;;;;;;;;;
"026";"Dessau-Roßlau";"15001";"Dessau-Roßlau, Stadt";"15001000";"Dessau-Roßlau, Stadt";"0000";;"000982";"Briefwahlbezirk 982";"B";0;616;0;616;144;109;57;97;35;122;6;0;5;0;1;4;31;2;3;2;614;270;111;66;69;46;52;;;;;;;;;;
"026";"Dessau-Roßlau";"15001";"Dessau-Roßlau, Stadt";"15001000";"Dessau-Roßlau, Stadt";"0000";;"000983";"Briefwahlbezirk 983";"B";0;594;5;589;131;128;51;74;27;112;5;1;10;2;1;4;40;1;2;6;588;259;130;68;49;49;33;;;;;;;;;;
"026";"Dessau-Roßlau";"15001";"Dessau-Roßlau, Stadt";"15001000";"Dessau-Roßlau, Stadt";"0000";;"000984";"Briefwahlbezirk 984";"B";0;673;4;669;203;94;76;86;36;123;6;2;1;4;1;3;33;1;0;9;664;314;88;82;68;59;53;;;;;;;;;;
"026";"Dessau-Roßlau";"15001";"Dessau-Roßlau, Stadt";"15001000";"Dessau-Roßlau, Stadt";"0000";;"000985";"Briefwahlbezirk 985";"B";0;604;0;604;159;131;51;86;24;102;7;0;1;0;2;1;35;3;2;9;595;262;127;55;70;36;45;;;;;;;;;;
"026";"Dessau-Roßlau";"15001";"Dessau-Roßlau, Stadt";"15001000";"Dessau-Roßlau, Stadt";"0000";;"000986";"Briefwahlbezirk 986";"B";0;516;3;513;133;110;63;70;14;65;4;0;5;1;0;6;39;1;2;7;509;202;120;81;51;21;34;;;;;;;;;;
"026";"Dessau-Roßlau";"15001";"Dessau-Roßlau, Stadt";"15001000";"Dessau-Roßlau, Stadt";"0000";;"000987";"Briefwahlbezirk 987";"B";0;580;0;580;166;119;39;98;25;62;5;0;6;3;2;2;51;0;2;4;576;248;130;64;62;39;33;;;;;;;;;;
"026";"Dessau-Roßlau";"15001";"Dessau-Roßlau, Stadt";"15001000";"Dessau-Roßlau, Stadt";"0000";;"000988";"Briefwahlbezirk 988";"B";0;608;2;606;157;132;74;95;12;68;2;0;7;7;2;5;43;1;1;3;605;230;142;86;72;38;37;;;;;;;;;;
"026";"Dessau-Roßlau";"15001";"Dessau-Roßlau, Stadt";"15001000";"Dessau-Roßlau, Stadt";"0000";;"000989";"Briefwahlbezirk 989";"B";0;524;1;523;126;138;61;75;13;44;9;0;13;8;1;4;28;2;1;9;515;169;145;80;69;23;29;;;;;;;;;;
"026";"Dessau-Roßlau";"15001";"Dessau-Roßlau, Stadt";"15001000";"Dessau-Roßlau, Stadt";"0000";;"000990";"Briefwahlbezirk 990";"B";0;493;7;486;121;77;70;85;26;58;4;1;5;4;1;3;28;1;2;7;486;176;82;92;57;44;35;;;;;;;;;;
"026";"Dessau-Roßlau";"15001";"Dessau-Roßlau, Stadt";"15001000";"Dessau-Roßlau, Stadt";"0000";;"000991";"Briefwahlbezirk 991";"B";0;528;2;526;134;108;82;71;19;63;3;0;5;5;0;3;33;0;0;2;526;184;114;98;68;30;32;;;;;;;;;;
"027";"Dessau-Roßlau-Wittenberg";"15001";"Dessau-Roßlau, Stadt";"15001000";"Dessau-Roßlau, Stadt";"0000";;"000010";"Innerstädtischer Bereich Nord 0";"U";1140;574;14;560;100;232;57;60;13;39;0;0;4;2;2;2;45;1;3;15;559;133;264;60;57;14;16;12;;;;;3;;;;
"027";"Dessau-Roßlau-Wittenberg";"15001";"Dessau-Roßlau, Stadt";"15001000";"Dessau-Roßlau, Stadt";"0000";;"000012";"Innerstädtischer Bereich Nord 2";"U";1540;782;6;776;110;324;63;88;12;89;10;1;13;7;2;7;43;0;7;10;772;176;340;112;61;23;33;21;;;;;6;;;;
"027";"Dessau-Roßlau-Wittenberg";"15001";"Dessau-Roßlau, Stadt";"15001000";"Dessau-Roßlau, Stadt";"0000";;"000014";"Innerstädtischer Bereich Nord 4";"U";1027;583;6;577;53;263;56;34;15;98;3;0;6;2;7;4;33;1;2;5;578;111;275;76;44;22;24;15;;;;;11;;;;
"027";"Dessau-Roßlau-Wittenberg";"15001";"Dessau-Roßlau, Stadt";"15001000";"Dessau-Roßlau, Stadt";"0000";;"000015";"Innerstädtischer Bereich Nord 5";"U";839;482;4;478;57;158;47;51;11;100;4;2;6;4;2;3;28;3;2;8;474;136;162;67;50;10;25;15;;;;;9;;;;
"027";"Dessau-Roßlau-Wittenberg";"15001";"Dessau-Roßlau, Stadt";"15001000";"Dessau-Roßlau, Stadt";"0000";;"000016";"Innerstädtischer Bereich Nord 6";"U";1081;609;8;601;58;225;71;65;13;119;2;1;5;3;3;2;34;0;0;8;601;138;233;101;55;17;40;14;;;;;3;;;;
"027";"Dessau-Roßlau-Wittenberg";"15001";"Dessau-Roßlau, Stadt";"15001000";"Dessau-Roßlau, Stadt";"0000";;"000017";"Innerstädtischer Bereich Nord 7";"U";1733;924;6;918;106;347;77;77;33;196;7;3;8;5;4;8;44;1;2;11;913;260;346;122;64;32;53;24;;;;;12;;;;
"027";"Dessau-Roßlau-Wittenberg";"15001";"Dessau-Roßlau, Stadt";"15001000";"Dessau-Roßlau, Stadt";"0000";;"000070";"Mildensee 0";"U";1609;881;18;863;125;417;62;67;29;66;9;1;14;7;4;4;51;1;6;17;864;197;431;73;64;33;32;26;;;;;8;;;;
"027";"Dessau-Roßlau-Wittenberg";"15001";"Dessau-Roßlau, Stadt";"15001000";"Dessau-Roßlau, Stadt";"0000";;"000080";"Waldersee 0";"U";996;616;7;609;101;298;41;38;13;48;6;2;8;4;1;6;41;1;1;6;610;162;311;53;27;10;14;23;;;;;10;;;;
"027";"Dessau-Roßlau-Wittenberg";"15001";"Dessau-Roßlau, Stadt";"15001000";"Dessau-Roßlau, Stadt";"0000";;"000081";"Waldersee 1";"U";1041;680;5;675;136;283;35;46;27;70;11;1;9;6;4;7;35;1;4;9;671;189;302;54;48;26;19;26;;;;;7;;;;
"027";"Dessau-Roßlau-Wittenberg";"15001";"Dessau-Roßlau, Stadt";"15001000";"Dessau-Roßlau, Stadt";"0000";;"000200";"Brambach 0";"U";264;169;0;169;24;87;12;21;7;4;5;0;0;0;1;0;8;0;0;1;168;35;92;10;13;8;2;8;;;;;0;;;;
"027";"Dessau-Roßlau-Wittenberg";"15001";"Dessau-Roßlau, Stadt";"15001000";"Dessau-Roßlau, Stadt";"0000";;"000210";"Rodleben 0";"U";1051;679;7;672;104;356;34;46;13;33;12;1;9;7;1;2;51;3;0;6;673;147;364;57;35;24;12;31;;;;;3;;;;
"027";"Dessau-Roßlau-Wittenberg";"15001";"Dessau-Roßlau, Stadt";"15001000";"Dessau-Roßlau, Stadt";"0000";;"000220";"Roßlau 0";"U";1323;696;11;685;116;351;64;44;10;27;7;1;15;3;4;7;33;0;3;13;683;135;368;76;47;12;12;22;;;;;11;;;;
"027";"Dessau-Roßlau-Wittenberg";"15001";"Dessau-Roßlau, Stadt";"15001000";"Dessau-Roßlau, Stadt";"0000";;"000221";"Roßlau 1";"U";1582;886;14;872;99;496;58;48;16;60;14;2;17;11;1;9;37;2;2;13;873;155;508;87;32;18;23;35;;;;;15;;;;
"027";"Dessau-Roßlau-Wittenberg";"15001";"Dessau-Roßlau, Stadt";"15001000";"Dessau-Roßlau, Stadt";"0000";;"000222";"Roßlau 2";"U";1575;842;9;833;107;470;47;62;21;36;10;0;8;3;2;4;59;1;3;6;836;149;498;75;49;17;11;27;;;;;10;;;;
"027";"Dessau-Roßlau-Wittenberg";"15001";"Dessau-Roßlau, Stadt";"15001000";"Dessau-Roßlau, Stadt";"0000";;"000223";"Roßlau 3";"U";1628;801;7;794;111;424;51;77;14;48;7;0;9;3;0;2;45;2;1;9;792;164;425;71;67;14;20;18;;;;;13;;;;
"027";"Dessau-Roßlau-Wittenberg";"15001";"Dessau-Roßlau, Stadt";"15001000";"Dessau-Roßlau, Stadt";"0000";;"000224";"Roßlau 4";"U";1645;844;12;832;125;441;55;65;20;46;6;0;7;3;0;4;54;0;6;14;830;178;456;74;49;17;20;21;;;;;15;;;;
"027";"Dessau-Roßlau-Wittenberg";"15001";"Dessau-Roßlau, Stadt";"15001000";"Dessau-Roßlau, Stadt";"0000";;"000230";"Meinsdorf 0";"U";1233;777;6;771;113;383;37;59;26;73;14;1;11;2;0;6;41;1;4;8;769;179;394;56;58;26;22;20;;;;;14;;;;
"027";"Dessau-Roßlau-Wittenberg";"15001";"Dessau-Roßlau, Stadt";"15001000";"Dessau-Roßlau, Stadt";"0000";;"000240";"Mühlstedt 0";"U";156;101;1;100;11;55;9;9;0;10;1;0;0;0;0;0;4;0;1;0;101;24;54;10;6;2;1;3;;;;;1;;;;
"027";"Dessau-Roßlau-Wittenberg";"15001";"Dessau-Roßlau, Stadt";"15001000";"Dessau-Roßlau, Stadt";"0000";;"000250";"Streetz/Natho 0";"U";267;171;2;169;26;89;4;7;6;20;4;0;3;2;1;1;5;1;0;2;169;49;88;8;6;4;3;6;;;;;5;;;;
"027";"Dessau-Roßlau-Wittenberg";"15001";"Dessau-Roßlau, Stadt";"15001000";"Dessau-Roßlau, Stadt";"0000";;"000992";"Briefwahlbezirk 992";"B";0;474;6;468;115;116;42;72;19;53;7;2;8;2;0;0;29;0;3;13;461;169;116;54;50;22;29;17;;;;;4;;;;
"027";"Dessau-Roßlau-Wittenberg";"15001";"Dessau-Roßlau, Stadt";"15001000";"Dessau-Roßlau, Stadt";"0000";;"000993";"Briefwahlbezirk 993";"B";0;689;0;689;201;161;55;92;26;68;7;1;13;4;0;2;57;0;2;2;687;259;177;72;86;20;37;21;;;;;15;;;;
"027";"Dessau-Roßlau-Wittenberg";"15001";"Dessau-Roßlau, Stadt";"15001000";"Dessau-Roßlau, Stadt";"0000";;"000994";"Briefwahlbezirk 994";"B";0;558;2;556;155;175;47;50;21;53;8;2;2;3;3;2;33;0;2;2;556;199;172;60;43;20;37;15;;;;;10;;;;
"027";"Dessau-Roßlau-Wittenberg";"15001";"Dessau-Roßlau, Stadt";"15001000";"Dessau-Roßlau, Stadt";"0000";;"000995";"Briefwahlbezirk 995";"B";0;425;3;422;133;107;37;55;16;30;6;2;5;3;1;2;25;0;0;3;422;165;114;56;35;18;14;14;;;;;6;;;;
"027";"Dessau-Roßlau-Wittenberg";"15001";"Dessau-Roßlau, Stadt";"15001000";"Dessau-Roßlau, Stadt";"0000";;"000996";"Briefwahlbezirk 996";"B";0;736;4;732;170;104;99;102;16;161;14;2;12;3;3;2;34;3;7;9;727;290;111;137;77;17;63;23;;;;;9;;;;
"027";"Dessau-Roßlau-Wittenberg";"15001";"Dessau-Roßlau, Stadt";"15001000";"Dessau-Roßlau, Stadt";"0000";;"000997";"Briefwahlbezirk 997";"B";0;612;6;606;105;80;69;88;34;156;13;0;7;2;3;4;41;2;2;12;600;250;90;94;64;31;44;21;;;;;6;;;;
"027";"Dessau-Roßlau-Wittenberg";"15001";"Dessau-Roßlau, Stadt";"15001000";"Dessau-Roßlau, Stadt";"0000";;"000998";"Briefwahlbezirk 998";"B";0;679;23;656;211;138;43;86;24;81;13;2;8;8;1;4;35;1;1;29;650;300;135;58;62;32;26;30;;;;;7;;;;
"027";"Dessau-Roßlau-Wittenberg";"15001";"Dessau-Roßlau, Stadt";"15001000";"Dessau-Roßlau, Stadt";"0000";;"000999";"Briefwahlbezirk 999";"B";0;500;1;499;131;105;67;85;6;55;6;1;8;3;0;1;30;0;1;3;497;205;110;80;58;11;19;12;;;;;2;;;;
"027";"Dessau-Roßlau-Wittenberg";"15091";"Wittenberg";"15091060";"Coswig (Anhalt), Stadt";"0060";;"000001";"Coswig (Anhalt) 1";"U";1239;686;13;673;67;416;46;45;8;41;10;0;7;3;3;2;19;2;4;14;672;105;419;58;42;9;14;22;;;;;3;;;;
"027";"Dessau-Roßlau-Wittenberg";"15091";"Wittenberg";"15091060";"Coswig (Anhalt), Stadt";"0060";;"000002";"Coswig (Anhalt) 2";"U";1373;730;7;723;92;429;63;45;13;27;13;0;4;3;5;3;25;0;1;10;720;109;435;76;38;18;12;27;;;;;5;;;;
"027";"Dessau-Roßlau-Wittenberg";"15091";"Wittenberg";"15091060";"Coswig (Anhalt), Stadt";"0060";;"000003";"Coswig (Anhalt) 3";"U";1043;610;7;603;94;354;43;24;13;24;11;0;8;2;2;5;21;0;2;5;605;114;366;63;20;11;7;20;;;;;4;;;;
"027";"Dessau-Roßlau-Wittenberg";"15091";"Wittenberg";"15091060";"Coswig (Anhalt), Stadt";"0060";;"000004";"Coswig (Anhalt) 4";"U";683;438;6;432;74;242;28;17;7;21;9;0;7;0;1;2;23;1;0;2;436;89;245;39;16;13;10;18;;;;;6;;;;
"027";"Dessau-Roßlau-Wittenberg";"15091";"Wittenberg";"15091060";"Coswig (Anhalt), Stadt";"0060";;"000005";"Coswig (Anhalt) 5";"U";970;582;9;573;88;328;42;33;11;25;6;0;10;6;0;4;19;0;1;11;571;103;334;55;35;10;11;19;;;;;4;;;;
"027";"Dessau-Roßlau-Wittenberg";"15091";"Wittenberg";"15091060";"Coswig (Anhalt), Stadt";"0060";;"000006";"Bräsen";"U";114;78;2;76;7;51;4;3;3;1;3;0;0;0;0;0;4;0;0;0;78;10;50;2;3;5;3;5;;;;;0;;;;
"027";"Dessau-Roßlau-Wittenberg";"15091";"Wittenberg";"15091060";"Coswig (Anhalt), Stadt";"0060";;"000007";"Buko";"U";123;94;2;92;14;49;2;9;1;5;0;0;0;0;0;1;11;0;0;2;92;23;54;5;3;1;1;5;;;;;0;;;;
"027";"Dessau-Roßlau-Wittenberg";"15091";"Wittenberg";"15091060";"Coswig (Anhalt), Stadt";"0060";;"000008";"Buro";"U";258;185;0;185;50;73;5;13;6;15;7;1;1;0;1;0;13;0;0;0;185;62;78;9;12;7;4;13;;;;;0;;;;
"027";"Dessau-Roßlau-Wittenberg";"15091";"Wittenberg";"15091060";"Coswig (Anhalt), Stadt";"0060";;"000009";"Cobbelsdorf";"U";390;262;3;259;51;123;15;26;9;14;6;1;1;2;0;4;6;0;1;3;259;66;130;16;21;11;4;9;;;;;2;;;;
"027";"Dessau-Roßlau-Wittenberg";"15091";"Wittenberg";"15091060";"Coswig (Anhalt), Stadt";"0060";;"000010";"Düben";"U";166;120;0;120;22;73;4;6;1;5;1;0;1;0;1;1;5;0;0;2;118;22;75;4;9;0;1;6;;;;;1;;;;
"027";"Dessau-Roßlau-Wittenberg";"15091";"Wittenberg";"15091060";"Coswig (Anhalt), Stadt";"0060";;"000011";"Hundeluft";"U";200;140;0;140;34;60;6;12;4;8;5;0;2;0;1;2;6;0;0;0;140;44;62;8;8;7;4;7;;;;;0;;;;
"027";"Dessau-Roßlau-Wittenberg";"15091";"Wittenberg";"15091060";"Coswig (Anhalt), Stadt";"0060";;"000012";"Jeber- Bergfrieden";"U";434;269;5;264;42;150;19;15;4;11;8;0;3;1;0;0;6;0;5;2;267;54;151;22;13;5;6;16;;;;;0;;;;
"027";"Dessau-Roßlau-Wittenberg";"15091";"Wittenberg";"15091060";"Coswig (Anhalt), Stadt";"0060";;"000013";"Klieken";"U";513;360;3;357;53;192;28;26;4;18;7;1;1;1;1;2;23;0;0;3;357;77;203;32;21;3;6;11;;;;;4;;;;
"027";"Dessau-Roßlau-Wittenberg";"15091";"Wittenberg";"15091060";"Coswig (Anhalt), Stadt";"0060";;"000014";"Köselitz";"U";130;92;0;92;19;60;5;3;0;1;2;0;0;1;0;0;1;0;0;0;92;20;60;7;1;0;0;4;;;;;0;;;;
"027";"Dessau-Roßlau-Wittenberg";"15091";"Wittenberg";"15091060";"Coswig (Anhalt), Stadt";"0060";;"000015";"Luko";"U";117;95;0;95;12;51;9;14;3;0;0;0;1;0;0;0;4;1;0;0;95;19;52;9;8;5;0;2;;;;;0;;;;
"027";"Dessau-Roßlau-Wittenberg";"15091";"Wittenberg";"15091060";"Coswig (Anhalt), Stadt";"0060";;"000016";"Möllensdorf";"U";130;84;2;82;11;41;7;10;1;3;1;0;1;0;0;0;7;0;0;2;82;13;48;9;7;1;1;2;;;;;1;;;;
"027";"Dessau-Roßlau-Wittenberg";"15091";"Wittenberg";"15091060";"Coswig (Anhalt), Stadt";"0060";;"000017";"Ragösen";"U";151;93;1;92;24;42;10;8;1;1;2;0;0;0;0;1;3;0;0;1;92;26;44;11;3;1;3;2;;;;;2;;;;
"027";"Dessau-Roßlau-Wittenberg";"15091";"Wittenberg";"15091060";"Coswig (Anhalt), Stadt";"0060";;"000018";"Senst";"U";179;134;2;132;36;54;4;15;6;8;1;0;1;0;1;1;5;0;0;3;131;48;53;10;6;7;2;2;;;;;3;;;;
"027";"Dessau-Roßlau-Wittenberg";"15091";"Wittenberg";"15091060";"Coswig (Anhalt), Stadt";"0060";;"000019";"Serno";"U";271;166;0;166;32;94;11;8;1;6;5;0;2;0;1;0;6;0;0;0;166;35;97;13;9;1;6;3;;;;;2;;;;
"027";"Dessau-Roßlau-Wittenberg";"15091";"Wittenberg";"15091060";"Coswig (Anhalt), Stadt";"0060";;"000020";"Stackelitz";"U";115;79;2;77;10;43;1;7;1;4;1;0;4;1;0;1;4;0;0;3;76;17;46;4;3;4;0;2;;;;;0;;;;
"027";"Dessau-Roßlau-Wittenberg";"15091";"Wittenberg";"15091060";"Coswig (Anhalt), Stadt";"0060";;"000021";"Thießen";"U";358;235;1;234;33;126;11;21;3;14;3;0;2;2;0;1;16;0;2;3;232;47;130;16;19;3;5;10;;;;;2;;;;
"027";"Dessau-Roßlau-Wittenberg";"15091";"Wittenberg";"15091060";"Coswig (Anhalt), Stadt";"0060";;"000022";"Wörpen";"U";147;93;0;93;13;49;8;4;3;3;2;0;1;1;0;2;6;0;1;1;92;16;49;5;7;5;2;7;;;;;1;;;;
"027";"Dessau-Roßlau-Wittenberg";"15091";"Wittenberg";"15091060";"Coswig (Anhalt), Stadt";"0060";;"000023";"Zieko";"U";107;77;1;76;9;40;8;6;4;3;2;0;0;0;0;0;4;0;0;2;75;12;44;7;6;2;2;2;;;;;0;;;;
"027";"Dessau-Roßlau-Wittenberg";"15091";"Wittenberg";"15091060";"Coswig (Anhalt), Stadt";"0060";;"000998";"Brief Coswig 2";"B";0;668;2;666;189;189;74;53;11;70;18;2;11;3;0;4;38;0;4;6;662;255;195;88;51;8;29;32;;;;;4;;;;
"027";"Dessau-Roßlau-Wittenberg";"15091";"Wittenberg";"15091060";"Coswig (Anhalt), Stadt";"0060";;"000999";"Brief Coswig 1";"B";0;955;6;949;244;255;105;116;37;74;32;3;15;8;2;1;53;1;3;10;945;348;254;116;76;42;44;46;;;;;19;;;;
"027";"Dessau-Roßlau-Wittenberg";"15091";"Wittenberg";"15091241";"Oranienbaum-Wörlitz, Stadt";"0241";;"000001";"Brandhorst";"U";75;57;2;55;9;37;1;2;1;1;1;0;0;0;0;0;3;0;0;2;55;14;36;1;2;2;0;0;;;;;0;;;;
"027";"Dessau-Roßlau-Wittenberg";"15091";"Wittenberg";"15091241";"Oranienbaum-Wörlitz, Stadt";"0241";;"000002";"Gohrau";"U";277;210;0;210;37;113;12;19;3;3;4;0;2;1;0;2;14;0;0;1;209;52;117;15;8;3;0;12;;;;;2;;;;
"027";"Dessau-Roßlau-Wittenberg";"15091";"Wittenberg";"15091241";"Oranienbaum-Wörlitz, Stadt";"0241";;"000003";"Goltewitz";"U";173;118;1;117;19;49;14;11;0;9;4;2;0;1;1;1;6;0;0;1;117;32;50;12;13;0;1;7;;;;;2;;;;
"027";"Dessau-Roßlau-Wittenberg";"15091";"Wittenberg";"15091241";"Oranienbaum-Wörlitz, Stadt";"0241";;"000004";"Griesen";"U";262;186;5;181;34;90;8;15;3;11;2;0;3;1;1;0;13;0;0;3;183;50;95;12;12;3;3;5;;;;;3;;;;
"027";"Dessau-Roßlau-Wittenberg";"15091";"Wittenberg";"15091241";"Oranienbaum-Wörlitz, Stadt";"0241";;"000005";"Horstdorf";"U";467;337;5;332;36;202;12;8;15;16;7;0;12;2;3;1;17;0;1;5;332;66;202;20;7;11;9;12;;;;;5;;;;
"027";"Dessau-Roßlau-Wittenberg";"15091";"Wittenberg";"15091241";"Oranienbaum-Wörlitz, Stadt";"0241";;"000006";"Kakau";"U";454;329;6;323;47;194;16;15;9;23;6;1;2;1;2;0;7;0;0;9;320;70;191;22;13;8;5;10;;;;;1;;;;
"027";"Dessau-Roßlau-Wittenberg";"15091";"Wittenberg";"15091241";"Oranienbaum-Wörlitz, Stadt";"0241";;"000007";"Oranienbaum 7";"U";1136;704;17;687;127;375;47;39;13;33;10;0;9;2;5;3;22;1;1;13;691;192;372;53;32;10;11;17;;;;;4;;;;
"027";"Dessau-Roßlau-Wittenberg";"15091";"Wittenberg";"15091241";"Oranienbaum-Wörlitz, Stadt";"0241";;"000008";"Oranienbaum 8";"U";1150;644;9;635;118;304;42;43;23;38;12;0;5;2;5;5;35;0;3;11;633;189;298;45;30;21;12;29;;;;;9;;;;
"027";"Dessau-Roßlau-Wittenberg";"15091";"Wittenberg";"15091241";"Oranienbaum-Wörlitz, Stadt";"0241";;"000009";"Rehsen";"U";189;139;2;137;27;63;9;10;3;11;0;0;1;0;0;0;9;1;3;2;137;39;66;10;10;3;4;3;;;;;2;;;;
"027";"Dessau-Roßlau-Wittenberg";"15091";"Wittenberg";"15091241";"Oranienbaum-Wörlitz, Stadt";"0241";;"000010";"Riesigk ";"U";161;127;1;126;12;89;6;4;7;3;0;0;1;0;0;0;4;0;0;1;126;17;91;4;5;5;1;3;;;;;0;;;;
"027";"Dessau-Roßlau-Wittenberg";"15091";"Wittenberg";"15091241";"Oranienbaum-Wörlitz, Stadt";"0241";;"000011";"Vockerode";"U";1010;682;4;678;134;340;48;49;12;32;12;0;10;4;1;3;31;1;1;4;678;180;341;52;44;25;11;21;;;;;4;;;;
"027";"Dessau-Roßlau-Wittenberg";"15091";"Wittenberg";"15091241";"Oranienbaum-Wörlitz, Stadt";"0241";;"000012";"Wörlitz";"U";1079;667;13;654;101;371;45;48;4;41;11;0;4;4;2;2;17;1;3;13;654;161;369;47;39;5;7;22;;;;;4;;;;
"027";"Dessau-Roßlau-Wittenberg";"15091";"Wittenberg";"15091241";"Oranienbaum-Wörlitz, Stadt";"0241";;"000998";"Brief OW 2";"B";0;514;2;512;136;152;34;67;20;47;10;1;8;3;2;6;26;0;0;6;508;208;151;44;53;17;13;16;;;;;6;;;;
"027";"Dessau-Roßlau-Wittenberg";"15091";"Wittenberg";"15091241";"Oranienbaum-Wörlitz, Stadt";"0241";;"000999";"Brief OW 1";"B";0;602;3;599;137;188;70;62;25;51;20;1;6;2;1;4;30;0;2;6;596;241;182;70;40;16;14;28;;;;;5;;;;
"028";"Bitterfeld-Wolfen";"15082";"Anhalt-Bitterfeld";"15082015";"Bitterfeld-Wolfen, Stadt";"0015";;"000001";"Grundschule Anhaltsiedlung";"U";1278;682;13;669;79;391;45;38;9;30;9;1;15;2;2;0;46;0;2;17;665;86;417;67;41;16;22;16;;;;;;;;;
"028";"Bitterfeld-Wolfen";"15082";"Anhalt-Bitterfeld";"15082015";"Bitterfeld-Wolfen, Stadt";"0015";;"000002";"Förderschule „An der Kastanie“";"U";934;513;4;509;66;313;30;18;6;35;6;1;6;3;0;3;21;0;1;5;508;73;321;34;26;15;21;18;;;;;;;;;
"028";"Bitterfeld-Wolfen";"15082";"Anhalt-Bitterfeld";"15082015";"Bitterfeld-Wolfen, Stadt";"0015";;"000003";"Rathaus OT Stadt Bitterfeld";"U";1184;555;10;545;50;351;40;37;8;25;3;0;9;2;2;2;15;0;1;13;542;66;361;54;27;11;13;10;;;;;;;;;
"028";"Bitterfeld-Wolfen";"15082";"Anhalt-Bitterfeld";"15082015";"Bitterfeld-Wolfen, Stadt";"0015";;"000004";"Rathaus OT Stadt Bitterfeld";"U";1076;526;11;515;29;359;46;19;9;18;5;0;8;2;3;1;14;2;0;8;518;41;369;54;14;6;13;21;;;;;;;;;
"028";"Bitterfeld-Wolfen";"15082";"Anhalt-Bitterfeld";"15082015";"Bitterfeld-Wolfen, Stadt";"0015";;"000005";"Gesundheitszentrum Bitterfeld-Wolfen";"U";2040;944;4;940;120;568;62;56;17;47;11;4;13;0;1;4;33;2;2;11;933;143;577;65;60;25;26;37;;;;;;;;;
"028";"Bitterfeld-Wolfen";"15082";"Anhalt-Bitterfeld";"15082015";"Bitterfeld-Wolfen, Stadt";"0015";;"000006";"Europagymnasium „W. Rathenau“";"U";1398;655;11;644;85;331;69;51;17;26;7;1;14;2;3;10;26;0;2;12;643;100;341;81;51;18;19;33;;;;;;;;;
"028";"Bitterfeld-Wolfen";"15082";"Anhalt-Bitterfeld";"15082015";"Bitterfeld-Wolfen, Stadt";"0015";;"000007";"Europagymnasium „W. Rathenau“";"U";1202;574;4;570;83;306;46;37;12;33;7;0;4;4;0;6;32;0;0;2;572;107;316;78;32;8;12;19;;;;;;;;;
"028";"Bitterfeld-Wolfen";"15082";"Anhalt-Bitterfeld";"15082015";"Bitterfeld-Wolfen, Stadt";"0015";;"000008";"Landkreisverwaltung Anhalt-Bitterfeld";"U";1306;586;12;574;39;383;41;26;6;34;5;0;16;0;4;4;15;0;1;10;576;57;395;60;19;9;14;22;;;;;;;;;
"028";"Bitterfeld-Wolfen";"15082";"Anhalt-Bitterfeld";"15082015";"Bitterfeld-Wolfen, Stadt";"0015";;"000009";"Rathaus OT Stadt Wolfen";"U";1282;711;11;700;96;407;46;45;12;38;9;0;7;2;2;3;32;1;0;10;701;108;419;62;53;12;23;24;;;;;;;;;
"028";"Bitterfeld-Wolfen";"15082";"Anhalt-Bitterfeld";"15082015";"Bitterfeld-Wolfen, Stadt";"0015";;"000010";"Rathaus OT Stadt Wolfen";"U";1277;667;5;662;80;375;56;45;14;35;5;0;9;5;3;4;27;1;3;7;660;110;390;66;47;20;8;19;;;;;;;;;
"028";"Bitterfeld-Wolfen";"15082";"Anhalt-Bitterfeld";"15082015";"Bitterfeld-Wolfen, Stadt";"0015";;"000011";"Städtisches Kulturhaus";"U";1142;692;3;689;106;323;65;51;30;52;7;0;5;4;3;5;32;2;4;5;687;129;338;75;57;33;22;33;;;;;;;;;
"028";"Bitterfeld-Wolfen";"15082";"Anhalt-Bitterfeld";"15082015";"Bitterfeld-Wolfen, Stadt";"0015";;"000012";"Grundschule „Erich Weinert“";"U";1283;715;7;708;97;412;56;42;13;35;11;0;4;4;1;2;29;1;1;6;709;106;426;62;47;20;25;23;;;;;;;;;
"028";"Bitterfeld-Wolfen";"15082";"Anhalt-Bitterfeld";"15082015";"Bitterfeld-Wolfen, Stadt";"0015";;"000013";"Grundschule „Erich Weinert“";"U";921;516;9;507;63;287;34;42;3;28;5;0;1;1;2;6;27;1;7;8;508;81;295;53;40;4;19;16;;;;;;;;;
"028";"Bitterfeld-Wolfen";"15082";"Anhalt-Bitterfeld";"15082015";"Bitterfeld-Wolfen, Stadt";"0015";;"000014";"Grundschule Steinfurth";"U";1394;743;5;738;108;444;44;39;13;36;7;0;5;1;3;2;34;1;1;4;739;134;457;52;37;17;18;24;;;;;;;;;
"028";"Bitterfeld-Wolfen";"15082";"Anhalt-Bitterfeld";"15082015";"Bitterfeld-Wolfen, Stadt";"0015";;"000015";"Grundschule Steinfurth";"U";1108;521;8;513;89;256;41;33;12;19;9;0;9;5;1;1;32;0;6;13;508;100;282;45;36;12;13;20;;;;;;;;;
"028";"Bitterfeld-Wolfen";"15082";"Anhalt-Bitterfeld";"15082015";"Bitterfeld-Wolfen, Stadt";"0015";;"000016";"Sekundarschule I";"U";1220;582;19;563;105;250;50;61;18;20;10;1;5;2;0;1;39;0;1;13;569;127;288;55;49;25;10;15;;;;;;;;;
"028";"Bitterfeld-Wolfen";"15082";"Anhalt-Bitterfeld";"15082015";"Bitterfeld-Wolfen, Stadt";"0015";;"000017";"Sekundarschule I";"U";920;492;12;480;88;237;48;25;10;20;6;0;8;4;1;1;31;0;1;14;478;91;261;56;33;10;14;13;;;;;;;;;
"028";"Bitterfeld-Wolfen";"15082";"Anhalt-Bitterfeld";"15082015";"Bitterfeld-Wolfen, Stadt";"0015";;"000018";"MehrGenerationenHaus Bitterfeld-Wolfen";"U";1201;543;6;537;97;271;45;42;13;9;6;0;4;3;1;4;40;0;2;10;533;101;311;41;39;17;10;14;;;;;;;;;
"028";"Bitterfeld-Wolfen";"15082";"Anhalt-Bitterfeld";"15082015";"Bitterfeld-Wolfen, Stadt";"0015";;"000019";"Schulungsgebäude der Feuerwehr OT Reuden an der Fuhne";"U";561;379;2;377;55;200;19;30;11;23;3;0;4;1;1;1;28;0;1;5;374;70;214;31;25;14;7;13;;;;;;;;;
"028";"Bitterfeld-Wolfen";"15082";"Anhalt-Bitterfeld";"15082015";"Bitterfeld-Wolfen, Stadt";"0015";;"000020";"Bürgerbüro OT Rödgen";"U";273;205;4;201;39;111;9;18;8;4;4;0;0;1;1;1;5;0;0;3;202;45;113;11;12;4;3;14;;;;;;;;;
"028";"Bitterfeld-Wolfen";"15082";"Anhalt-Bitterfeld";"15082015";"Bitterfeld-Wolfen, Stadt";"0015";;"000021";"Veteranenclub OT Greppin";"U";1777;1012;5;1007;84;667;57;43;21;39;26;2;13;6;2;6;36;1;4;7;1005;110;677;78;43;16;20;61;;;;;;;;;
"028";"Bitterfeld-Wolfen";"15082";"Anhalt-Bitterfeld";"15082015";"Bitterfeld-Wolfen, Stadt";"0015";;"000022";"Grundschule OT Holzweißig";"U";1266;757;7;750;76;407;57;49;15;43;18;0;12;2;6;8;53;2;2;5;752;119;429;71;44;19;21;49;;;;;;;;;
"028";"Bitterfeld-Wolfen";"15082";"Anhalt-Bitterfeld";"15082015";"Bitterfeld-Wolfen, Stadt";"0015";;"000023";"Grundschule OT Holzweißig";"U";1010;590;9;581;77;357;24;40;8;16;14;0;10;0;2;6;24;3;0;10;580;87;364;28;42;12;8;39;;;;;;;;;
"028";"Bitterfeld-Wolfen";"15082";"Anhalt-Bitterfeld";"15082015";"Bitterfeld-Wolfen, Stadt";"0015";;"000024";"Gemeindezentrum OT Thalheim";"U";1179;714;8;706;102;411;44;42;13;45;8;0;7;2;2;3;24;1;2;7;707;129;454;57;25;8;17;17;;;;;;;;;
"028";"Bitterfeld-Wolfen";"15082";"Anhalt-Bitterfeld";"15082015";"Bitterfeld-Wolfen, Stadt";"0015";;"000025";"Bürgerbüro OT Bobbau";"U";1190;746;6;740;121;417;53;42;11;46;10;0;5;1;1;3;28;0;2;6;740;138;434;64;44;17;17;26;;;;;;;;;
"028";"Bitterfeld-Wolfen";"15082";"Anhalt-Bitterfeld";"15082015";"Bitterfeld-Wolfen, Stadt";"0015";;"000026";"Briefwahlbezirk 01, Rathaus OT Stadt Wolfen";"B";0;1023;1;1022;220;322;129;119;19;103;20;1;22;7;4;8;36;6;6;4;1019;264;331;182;104;20;58;60;;;;;;;;;
"028";"Bitterfeld-Wolfen";"15082";"Anhalt-Bitterfeld";"15082015";"Bitterfeld-Wolfen, Stadt";"0015";;"000027";"Briefwahlbezirk 02, Rathaus OT Stadt Wolfen";"B";0;964;7;957;264;243;95;137;31;110;20;0;8;4;1;1;38;0;5;7;957;352;235;109;120;34;65;42;;;;;;;;;
"028";"Bitterfeld-Wolfen";"15082";"Anhalt-Bitterfeld";"15082015";"Bitterfeld-Wolfen, Stadt";"0015";;"000028";"Briefwahlbezirk 03, Rathaus OT Stadt Wolfen";"B";0;1028;4;1024;290;258;129;137;27;87;15;0;17;8;0;4;46;0;6;7;1021;325;282;175;107;39;52;41;;;;;;;;;
"028";"Bitterfeld-Wolfen";"15082";"Anhalt-Bitterfeld";"15082015";"Bitterfeld-Wolfen, Stadt";"0015";;"000029";"Briefwahlbezirk 04, Rathaus OT Stadt Wolfen";"B";0;1096;5;1091;272;306;130;133;30;97;24;0;10;6;2;6;72;0;3;11;1085;321;322;179;126;33;48;56;;;;;;;;;
"028";"Bitterfeld-Wolfen";"15082";"Anhalt-Bitterfeld";"15082015";"Bitterfeld-Wolfen, Stadt";"0015";;"000030";"Briefwahlbezirk 05, Rathaus OT Stadt Wolfen";"B";0;830;5;825;187;227;93;106;14;58;36;0;13;10;2;6;67;1;5;7;823;222;247;129;90;25;34;76;;;;;;;;;
"028";"Bitterfeld-Wolfen";"15082";"Anhalt-Bitterfeld";"15082015";"Bitterfeld-Wolfen, Stadt";"0015";;"000031";"Briefwahlbezirk 06, Rathaus OT Stadt Wolfen";"B";0;1080;3;1077;322;327;77;118;24;99;20;1;20;4;2;7;49;2;5;5;1075;372;347;103;111;35;52;55;;;;;;;;;
"028";"Bitterfeld-Wolfen";"15082";"Anhalt-Bitterfeld";"15082340";"Sandersdorf-Brehna, Stadt";"0340";;"000001";"Brehna I";"U";1253;708;13;695;99;365;39;44;24;43;15;0;18;5;3;6;31;0;3;11;697;129;378;50;56;25;26;33;;;;;;;;;
"028";"Bitterfeld-Wolfen";"15082";"Anhalt-Bitterfeld";"15082340";"Sandersdorf-Brehna, Stadt";"0340";;"000002";"Brehna II";"U";1040;672;3;669;77;384;37;45;22;30;8;3;9;6;2;6;37;2;1;4;668;117;399;39;39;25;18;31;;;;;;;;;
"028";"Bitterfeld-Wolfen";"15082";"Anhalt-Bitterfeld";"15082340";"Sandersdorf-Brehna, Stadt";"0340";;"000003";"Glebitzsch";"U";479;311;6;305;41;187;13;11;8;17;4;0;8;1;0;1;12;1;1;8;303;44;191;19;12;9;11;17;;;;;;;;;
"028";"Bitterfeld-Wolfen";"15082";"Anhalt-Bitterfeld";"15082340";"Sandersdorf-Brehna, Stadt";"0340";;"000004";"Heideloh";"U";131;97;1;96;21;45;10;6;3;1;2;0;1;0;1;0;6;0;0;2;95;23;52;8;9;1;0;2;;;;;;;;;
"028";"Bitterfeld-Wolfen";"15082";"Anhalt-Bitterfeld";"15082340";"Sandersdorf-Brehna, Stadt";"0340";;"000005";"Petersroda";"U";452;271;4;267;35;145;22;18;2;21;5;1;5;1;0;2;10;0;0;3;268;48;146;25;17;3;16;13;;;;;;;;;
"028";"Bitterfeld-Wolfen";"15082";"Anhalt-Bitterfeld";"15082340";"Sandersdorf-Brehna, Stadt";"0340";;"000006";"Ramsin";"U";735;434;5;429;46;256;24;41;11;21;2;0;2;1;0;1;24;0;0;6;428;53;266;36;36;12;10;15;;;;;;;;;
"028";"Bitterfeld-Wolfen";"15082";"Anhalt-Bitterfeld";"15082340";"Sandersdorf-Brehna, Stadt";"0340";;"000007";"Renneritz";"U";427;278;2;276;31;161;16;14;7;10;11;1;6;0;0;0;19;0;0;3;275;35;172;18;17;7;6;20;;;;;;;;;
"028";"Bitterfeld-Wolfen";"15082";"Anhalt-Bitterfeld";"15082340";"Sandersdorf-Brehna, Stadt";"0340";;"000008";"Roitzsch I";"U";952;512;7;505;69;299;35;20;10;14;6;0;9;1;3;3;33;0;3;7;505;74;305;39;22;14;12;39;;;;;;;;;
"028";"Bitterfeld-Wolfen";"15082";"Anhalt-Bitterfeld";"15082340";"Sandersdorf-Brehna, Stadt";"0340";;"000009";"Roitzsch II";"U";960;522;4;518;72;314;30;28;15;22;13;0;3;2;1;2;14;1;1;3;519;90;319;32;30;15;12;21;;;;;;;;;
"028";"Bitterfeld-Wolfen";"15082";"Anhalt-Bitterfeld";"15082340";"Sandersdorf-Brehna, Stadt";"0340";;"000010";"Zscherndorf";"U";1439;846;6;840;113;506;40;39;28;35;18;1;8;0;7;7;33;2;3;12;834;127;509;53;38;25;32;50;;;;;;;;;
"028";"Bitterfeld-Wolfen";"15082";"Anhalt-Bitterfeld";"15082340";"Sandersdorf-Brehna, Stadt";"0340";;"000011";"Sandersdorf I";"U";1064;560;14;546;88;264;46;42;13;38;12;0;8;1;2;4;24;1;3;13;547;106;284;48;40;18;25;26;;;;;;;;;
"028";"Bitterfeld-Wolfen";"15082";"Anhalt-Bitterfeld";"15082340";"Sandersdorf-Brehna, Stadt";"0340";;"000012";"Sandersdorf II";"U";931;400;2;398;74;200;42;30;7;10;10;0;4;1;0;4;15;0;1;2;398;80;207;42;27;11;12;19;;;;;;;;;
"028";"Bitterfeld-Wolfen";"15082";"Anhalt-Bitterfeld";"15082340";"Sandersdorf-Brehna, Stadt";"0340";;"000013";"Sandersdorf III";"U";982;590;4;586;96;312;28;36;23;38;13;3;7;2;2;6;18;1;1;4;586;112;323;37;32;17;33;32;;;;;;;;;
"028";"Bitterfeld-Wolfen";"15082";"Anhalt-Bitterfeld";"15082340";"Sandersdorf-Brehna, Stadt";"0340";;"000014";"Sandersdorf IV";"U";1053;581;6;575;87;321;35;34;11;38;9;0;7;2;0;4;23;3;1;6;575;116;326;39;29;15;22;28;;;;;;;;;
"028";"Bitterfeld-Wolfen";"15082";"Anhalt-Bitterfeld";"15082340";"Sandersdorf-Brehna, Stadt";"0340";;"000015";"Briefwahlbezirk I";"B";0;936;16;920;218;290;88;106;33;61;40;3;19;2;5;1;50;3;1;22;914;282;290;116;82;31;34;79;;;;;;;;;
"028";"Bitterfeld-Wolfen";"15082";"Anhalt-Bitterfeld";"15082340";"Sandersdorf-Brehna, Stadt";"0340";;"000016";"Briefwahlbezirk II";"B";0;842;5;837;205;278;69;82;30;72;22;3;14;4;3;6;44;2;3;7;835;219;289;86;85;38;57;61;;;;;;;;;
"028";"Bitterfeld-Wolfen";"15082";"Anhalt-Bitterfeld";"15082340";"Sandersdorf-Brehna, Stadt";"0340";;"000017";"Briefwahlbezirk III";"B";0;1059;8;1051;278;289;118;129;31;85;27;0;11;6;2;8;64;1;2;10;1049;319;303;144;106;36;77;64;;;;;;;;;
"028";"Bitterfeld-Wolfen";"15082";"Anhalt-Bitterfeld";"15082440";"Zörbig, Stadt";"0440";;"000001";"Grundschule";"U";1468;779;8;771;124;429;38;54;18;32;28;0;8;2;2;2;32;1;1;9;770;159;436;53;39;11;9;63;;;;;;;;;
"028";"Bitterfeld-Wolfen";"15082";"Anhalt-Bitterfeld";"15082440";"Zörbig, Stadt";"0440";;"000002";"Victor-Blüthgen-Saal/KulturQuadrat Schloss Zörbig";"U";1584;867;14;853;146;460;43;41;26;45;26;2;9;1;0;3;50;1;0;12;855;179;477;54;38;16;19;72;;;;;;;;;
"028";"Bitterfeld-Wolfen";"15082";"Anhalt-Bitterfeld";"15082440";"Zörbig, Stadt";"0440";;"000003";"Vereinsraum Göttnitz";"U";253;160;1;159;28;87;8;9;2;3;5;0;2;0;1;3;9;2;0;4;156;27;89;8;13;1;4;14;;;;;;;;;
"028";"Bitterfeld-Wolfen";"15082";"Anhalt-Bitterfeld";"15082440";"Zörbig, Stadt";"0440";;"000004";"Bürgerhaus Großzöberitz";"U";361;236;3;233;55;123;9;11;4;7;6;0;2;3;0;0;12;0;1;3;233;61;134;8;10;4;1;15;;;;;;;;;
"028";"Bitterfeld-Wolfen";"15082";"Anhalt-Bitterfeld";"15082440";"Zörbig, Stadt";"0440";;"000005";"Grundschule  Löberitz";"U";791;523;8;515;73;291;28;36;15;15;17;0;2;2;1;4;29;1;1;11;512;87;302;31;32;16;7;37;;;;;;;;;
"028";"Bitterfeld-Wolfen";"15082";"Anhalt-Bitterfeld";"15082440";"Zörbig, Stadt";"0440";;"000006";"Vereinshaus Salzfurtkapelle";"U";643;419;8;411;72;231;18;29;8;22;8;1;3;1;1;3;13;0;1;6;413;82;234;31;29;5;11;21;;;;;;;;;
"028";"Bitterfeld-Wolfen";"15082";"Anhalt-Bitterfeld";"15082440";"Zörbig, Stadt";"0440";;"000007";"Bürger- und Vereinshaus Schrenz";"U";429;276;2;274;39;173;17;11;6;4;8;0;2;1;0;1;11;0;1;0;276;45;176;17;11;4;5;18;;;;;;;;;
"028";"Bitterfeld-Wolfen";"15082";"Anhalt-Bitterfeld";"15082440";"Zörbig, Stadt";"0440";;"000008";"Bürgerhaus Spören";"U";442;280;3;277;37;162;13;24;3;18;3;1;3;1;1;0;9;1;1;3;277;62;163;11;18;5;7;11;;;;;;;;;
"028";"Bitterfeld-Wolfen";"15082";"Anhalt-Bitterfeld";"15082440";"Zörbig, Stadt";"0440";;"000009";"Mehrzweckhalle Stumsdorf";"U";460;319;3;316;34;182;14;22;5;29;4;1;4;2;0;4;14;1;0;3;316;49;191;18;24;8;13;13;;;;;;;;;
"028";"Bitterfeld-Wolfen";"15082";"Anhalt-Bitterfeld";"15082440";"Zörbig, Stadt";"0440";;"000010";"Vereinshaus Quetzdölsdorf";"U";372;249;5;244;34;159;12;3;5;15;3;0;4;0;0;0;8;1;0;6;243;47;160;17;7;2;4;6;;;;;;;;;
"028";"Bitterfeld-Wolfen";"15082";"Anhalt-Bitterfeld";"15082440";"Zörbig, Stadt";"0440";;"000011";"Alte Brennerei Cösitz";"U";201;114;1;113;13;61;14;5;2;6;6;0;1;1;0;1;3;0;0;1;113;18;59;8;11;2;3;12;;;;;;;;;
"028";"Bitterfeld-Wolfen";"15082";"Anhalt-Bitterfeld";"15082440";"Zörbig, Stadt";"0440";;"000012";"Sportlerheim Schortewitz";"U";498;308;6;302;63;172;17;13;5;8;4;0;1;3;2;0;12;2;0;8;300;78;171;16;16;3;4;12;;;;;;;;;
"028";"Bitterfeld-Wolfen";"15082";"Anhalt-Bitterfeld";"15082440";"Zörbig, Stadt";"0440";;"000013";"Briefwahllokal - Rathaus (Ratssaal)";"B";0;1603;10;1593;496;410;110;164;52;142;74;1;10;8;3;8;108;5;2;17;1586;564;439;162;146;50;63;162;;;;;;;;;
"029";"Saalekreis";"15087";"Mansfeld-Südharz";"15087386";"Seegebiet Mansfelder Land";"0386";;"000001";"Amsdorf";"U";385;247;2;245;27;144;15;18;2;7;5;0;8;1;1;1;16;0;0;3;244;47;151;20;12;4;2;;;;;;;;8;;
"029";"Saalekreis";"15087";"Mansfeld-Südharz";"15087386";"Seegebiet Mansfelder Land";"0386";;"000002";"Aseleben";"U";389;250;3;247;39;120;14;26;6;8;4;0;4;1;0;1;17;7;0;7;243;53;123;25;15;10;2;;;;;;;;15;;
"029";"Saalekreis";"15087";"Mansfeld-Südharz";"15087386";"Seegebiet Mansfelder Land";"0386";;"000003";"Erdeborn";"U";763;490;1;489;70;297;28;30;9;20;3;1;2;1;1;2;21;3;1;1;489;90;305;39;17;16;8;;;;;;;;14;;
"029";"Saalekreis";"15087";"Mansfeld-Südharz";"15087386";"Seegebiet Mansfelder Land";"0386";;"000004";"Hornburg";"U";233;158;0;158;11;91;18;4;6;8;1;0;4;1;2;1;9;2;0;1;157;22;94;22;4;6;1;;;;;;;;8;;
"029";"Saalekreis";"15087";"Mansfeld-Südharz";"15087386";"Seegebiet Mansfelder Land";"0386";;"000005";"Lüttchendorf";"U";448;304;7;297;39;175;23;21;3;12;2;1;2;2;1;2;12;2;0;8;296;57;171;30;17;7;0;;;;;;;;14;;
"029";"Saalekreis";"15087";"Mansfeld-Südharz";"15087386";"Seegebiet Mansfelder Land";"0386";;"000006";"Neehausen";"U";184;121;1;120;15;79;7;4;2;3;1;0;1;1;0;0;4;1;2;1;120;18;78;12;3;2;4;;;;;;;;3;;
"029";"Saalekreis";"15087";"Mansfeld-Südharz";"15087386";"Seegebiet Mansfelder Land";"0386";;"000007";"Röblingen I";"U";1270;747;8;739;86;477;34;40;17;23;8;2;7;1;2;3;34;4;1;10;737;121;485;49;37;25;6;;;;;;;;14;;
"029";"Saalekreis";"15087";"Mansfeld-Südharz";"15087386";"Seegebiet Mansfelder Land";"0386";;"000008";"Röblingen II";"U";330;224;3;221;20;147;11;9;7;8;0;0;2;1;0;0;16;0;0;3;221;27;152;16;8;9;0;;;;;;;;9;;
"029";"Saalekreis";"15087";"Mansfeld-Südharz";"15087386";"Seegebiet Mansfelder Land";"0386";;"000009";"Röblingen III";"U";610;367;5;362;37;229;42;10;11;11;1;0;3;3;1;2;11;1;0;4;363;46;229;56;13;9;5;;;;;;;;5;;
"029";"Saalekreis";"15087";"Mansfeld-Südharz";"15087386";"Seegebiet Mansfelder Land";"0386";;"000010";"Seeburg";"U";522;305;5;300;35;156;22;22;11;22;1;0;7;1;0;2;21;0;0;8;297;46;161;36;17;17;15;;;;;;;;5;;
"029";"Saalekreis";"15087";"Mansfeld-Südharz";"15087386";"Seegebiet Mansfelder Land";"0386";;"000011";"Stedten";"U";683;446;4;442;34;299;39;15;9;16;3;2;6;1;0;0;17;1;0;2;444;43;312;47;19;11;6;;;;;;;;6;;
"029";"Saalekreis";"15087";"Mansfeld-Südharz";"15087386";"Seegebiet Mansfelder Land";"0386";;"000012";"Wansleben ";"U";1207;780;8;772;103;477;43;37;16;24;8;3;9;1;3;2;43;2;1;11;769;137;491;64;33;23;10;;;;;;;;11;;
"029";"Saalekreis";"15087";"Mansfeld-Südharz";"15087386";"Seegebiet Mansfelder Land";"0386";;"000013";"Dederstedt";"U";316;232;5;227;30;143;10;7;5;8;3;0;1;0;1;1;16;2;0;7;225;46;142;10;8;10;2;;;;;;;;7;;
"029";"Saalekreis";"15087";"Mansfeld-Südharz";"15087386";"Seegebiet Mansfelder Land";"0386";;"000014";"Briefwahl";"B";0;1206;21;1185;277;452;115;114;34;68;29;1;6;5;3;6;66;1;8;26;1180;357;452;162;62;44;28;;;;;;;;75;;
"029";"Saalekreis";"15088";"Saalekreis";"15088216";"Wettin-Löbejün, Stadt";"0216";;"000001";"Brachwitz";"U";906;554;2;552;83;292;29;38;13;49;4;0;6;3;1;3;30;1;0;3;551;131;298;42;28;30;20;;;;;;;;2;;
"029";"Saalekreis";"15088";"Saalekreis";"15088216";"Wettin-Löbejün, Stadt";"0216";;"000002";"Domnitz";"U";529;357;3;354;57;177;33;20;5;36;2;0;2;2;0;1;18;0;1;8;349;88;182;36;18;14;11;;;;;;;;0;;
"029";"Saalekreis";"15088";"Saalekreis";"15088216";"Wettin-Löbejün, Stadt";"0216";;"000003";"Dößel";"U";250;152;0;152;16;94;10;8;1;13;0;0;2;0;0;0;8;0;0;0;152;25;96;16;2;5;7;;;;;;;;1;;
"029";"Saalekreis";"15088";"Saalekreis";"15088216";"Wettin-Löbejün, Stadt";"0216";;"000004";"Gimritz";"U";237;160;1;159;18;91;3;15;2;17;0;0;0;1;0;2;10;0;0;0;160;40;93;11;8;5;3;;;;;;;;0;;
"029";"Saalekreis";"15088";"Saalekreis";"15088216";"Wettin-Löbejün, Stadt";"0216";;"000005";"Löbejün";"U";1586;904;15;889;128;514;50;46;21;39;12;0;20;5;1;6;39;6;2;17;887;179;534;55;45;38;16;;;;;;;;20;;
"029";"Saalekreis";"15088";"Saalekreis";"15088216";"Wettin-Löbejün, Stadt";"0216";;"000006";"Nauendorf";"U";1251;743;4;739;117;403;59;47;16;34;6;0;5;3;0;6;40;1;2;6;737;161;410;66;51;34;9;;;;;;;;6;;
"029";"Saalekreis";"15088";"Saalekreis";"15088216";"Wettin-Löbejün, Stadt";"0216";;"000007";"Neutz-Lettewitz";"U";607;333;8;325;54;193;16;15;7;17;2;0;3;3;1;4;8;0;2;7;326;69;203;17;17;10;7;;;;;;;;3;;
"029";"Saalekreis";"15088";"Saalekreis";"15088216";"Wettin-Löbejün, Stadt";"0216";;"000008";"Plötz";"U";506;344;4;340;40;212;12;24;13;16;2;0;3;3;1;3;10;0;1;5;339;56;221;14;19;19;4;;;;;;;;6;;
"029";"Saalekreis";"15088";"Saalekreis";"15088216";"Wettin-Löbejün, Stadt";"0216";;"000009";"Rothenburg";"U";450;272;7;265;48;154;9;20;6;7;3;1;1;0;0;3;11;2;0;6;266;49;163;17;20;11;4;;;;;;;;2;;
"029";"Saalekreis";"15088";"Saalekreis";"15088216";"Wettin-Löbejün, Stadt";"0216";;"000010";"Wettin";"U";1473;793;6;787;108;475;44;35;16;61;5;0;2;3;0;4;30;0;4;9;784;157;484;63;32;21;19;;;;;;;;8;;
"029";"Saalekreis";"15088";"Saalekreis";"15088216";"Wettin-Löbejün, Stadt";"0216";;"000011";"Briefwahl 1";"B";0;716;0;716;207;204;55;86;29;77;6;0;8;3;2;10;24;3;2;4;712;290;210;59;65;50;25;;;;;;;;13;;
"029";"Saalekreis";"15088";"Saalekreis";"15088216";"Wettin-Löbejün, Stadt";"0216";;"000012";"Briefwahl 2";"B";0;976;1;975;285;280;59;140;31;113;3;0;9;1;4;2;43;5;0;4;972;368;286;92;120;53;43;;;;;;;;10;;
"029";"Saalekreis";"15088";"Saalekreis";"15088295";"Petersberg";"0295";;"000001";"OS Petersberg";"U";453;290;4;286;29;180;20;18;6;8;1;0;3;1;1;4;12;2;1;6;284;47;189;17;11;12;3;;;;;;;;5;;
"029";"Saalekreis";"15088";"Saalekreis";"15088295";"Petersberg";"0295";;"000003";"OS Gutenberg";"U";849;536;9;527;87;273;26;34;21;45;5;0;1;0;2;8;21;2;2;8;528;139;287;40;23;27;10;;;;;;;;2;;
"029";"Saalekreis";"15088";"Saalekreis";"15088295";"Petersberg";"0295";;"000004";"OS Krosigk";"U";613;372;2;370;51;210;28;20;8;23;2;0;3;3;0;0;21;0;1;2;370;78;215;38;17;12;6;;;;;;;;4;;
"029";"Saalekreis";"15088";"Saalekreis";"15088295";"Petersberg";"0295";;"000005";"OS Kütten";"U";287;201;3;198;57;71;13;17;6;13;1;0;4;1;0;1;14;0;0;2;199;71;76;18;11;13;9;;;;;;;;1;;
"029";"Saalekreis";"15088";"Saalekreis";"15088295";"Petersberg";"0295";;"000006";"OS Morl";"U";718;414;7;407;55;229;18;23;9;21;4;0;4;1;0;2;41;0;0;11;403;78;233;35;19;26;10;;;;;;;;2;;
"029";"Saalekreis";"15088";"Saalekreis";"15088295";"Petersberg";"0295";;"000007";"OS Nehlitz";"U";263;180;0;180;30;89;8;12;4;16;1;0;6;1;0;0;13;0;0;1;179;48;92;9;13;10;5;;;;;;;;2;;
"029";"Saalekreis";"15088";"Saalekreis";"15088295";"Petersberg";"0295";;"000008";"OS Ostrau";"U";871;519;3;516;94;297;20;31;10;21;8;1;5;1;2;0;24;2;0;3;516;118;315;30;24;13;12;;;;;;;;4;;
"029";"Saalekreis";"15088";"Saalekreis";"15088295";"Petersberg";"0295";;"000009";"OS Sennewitz";"U";1239;686;4;682;111;347;33;60;30;38;5;0;4;5;3;2;42;2;0;6;680;156;374;36;36;60;8;;;;;;;;10;;
"029";"Saalekreis";"15088";"Saalekreis";"15088295";"Petersberg";"0295";;"000010";"OS Teicha";"U";992;606;8;598;95;317;44;39;18;41;4;0;6;0;0;7;22;3;2;8;598;148;327;46;33;29;7;;;;;;;;8;;
"029";"Saalekreis";"15088";"Saalekreis";"15088295";"Petersberg";"0295";;"000011";"OS Wallwitz";"U";882;523;4;519;66;283;26;25;16;50;5;0;4;3;4;6;30;1;0;4;519;108;300;34;19;32;20;;;;;;;;6;;
"029";"Saalekreis";"15088";"Saalekreis";"15088295";"Petersberg";"0295";;"000012";"Briefwahl 29";"B";0;1605;10;1595;424;413;118;218;74;209;26;0;12;1;2;5;79;8;6;15;1590;670;428;143;130;139;49;;;;;;;;31;;
"029";"Saalekreis";"15088";"Saalekreis";"15088319";"Salzatal";"0319";;"000001";"Ortschaft Beesenstedt";"U";872;531;12;519;84;272;27;27;21;29;8;3;6;1;0;2;36;3;0;11;520;121;282;43;19;34;8;;;;;;;;13;;
"029";"Saalekreis";"15088";"Saalekreis";"15088319";"Salzatal";"0319";;"000002";"Ortschaft Bennstedt";"U";1148;659;7;652;110;356;40;40;16;38;4;0;1;5;0;2;36;2;2;13;646;162;370;48;22;26;12;;;;;;;;6;;
"029";"Saalekreis";"15088";"Saalekreis";"15088319";"Salzatal";"0319";;"000003";"Ortschaft Fienstedt";"U";155;108;1;107;5;58;7;10;4;11;3;0;1;0;1;1;6;0;0;0;108;19;60;11;8;7;1;;;;;;;;2;;
"029";"Saalekreis";"15088";"Saalekreis";"15088319";"Salzatal";"0319";;"000004";"Ortschaft Höhnstedt";"U";1120;683;6;677;110;403;34;37;10;25;7;2;7;1;1;5;32;2;1;6;677;214;393;28;19;10;8;;;;;;;;5;;
"029";"Saalekreis";"15088";"Saalekreis";"15088319";"Salzatal";"0319";;"000005";"Ortschaft Kloschwitz";"U";325;158;2;156;30;83;7;12;5;8;4;0;0;0;0;0;7;0;0;2;156;42;82;15;9;6;1;;;;;;;;1;;
"029";"Saalekreis";"15088";"Saalekreis";"15088319";"Salzatal";"0319";;"000006";"Ortschaft Lieskau";"U";2055;1082;8;1074;195;470;74;93;38;101;5;2;9;1;3;2;75;4;2;10;1072;335;498;97;68;44;21;;;;;;;;9;;
"029";"Saalekreis";"15088";"Saalekreis";"15088319";"Salzatal";"0319";;"000007";"Ortschaft Salzmünde";"U";1895;912;12;900;127;561;44;40;9;42;5;1;5;1;1;3;53;1;7;14;898;181;587;66;28;14;13;;;;;;;;9;;
"029";"Saalekreis";"15088";"Saalekreis";"15088319";"Salzatal";"0319";;"000008";"Ortschaft Schochwitz";"U";933;595;5;590;89;314;35;42;18;33;7;6;6;2;2;2;31;1;2;8;587;155;325;39;21;22;16;;;;;;;;9;;
"029";"Saalekreis";"15088";"Saalekreis";"15088319";"Salzatal";"0319";;"000009";"Ortschaft Zappendorf ";"U";1056;582;5;577;96;316;28;34;19;33;4;0;6;4;2;4;25;5;1;4;578;135;325;41;22;30;15;;;;;;;;10;;
"029";"Saalekreis";"15088";"Saalekreis";"15088319";"Salzatal";"0319";;"000010";"Briefwahlvorstand I";"B";0;1295;1;1294;367;360;126;127;52;144;11;3;13;4;0;5;76;5;1;4;1291;561;371;152;71;79;32;;;;;;;;25;;
"029";"Saalekreis";"15088";"Saalekreis";"15088319";"Salzatal";"0319";;"000011";"Briefwahlvorstand II";"B";0;1190;6;1184;338;268;99;164;63;126;9;3;14;6;1;4;77;11;1;17;1173;516;278;132;93;87;43;;;;;;;;24;;
"029";"Saalekreis";"15088";"Saalekreis";"15088365";"Teutschenthal";"0365";;"000001";"Angersdorf";"U";1039;616;3;613;99;323;37;56;16;34;6;0;3;0;2;3;32;2;0;7;609;151;333;45;39;24;12;;;;;;;;5;;
"029";"Saalekreis";"15088";"Saalekreis";"15088365";"Teutschenthal";"0365";;"000002";"Eisdorf";"U";887;512;3;509;71;278;29;27;9;35;7;0;5;2;1;3;37;4;1;6;506;105;297;43;16;25;12;;;;;;;;8;;
"029";"Saalekreis";"15088";"Saalekreis";"15088365";"Teutschenthal";"0365";;"000003";"Zscherben";"U";1097;621;10;611;88;335;35;44;18;34;4;2;2;3;1;4;33;2;6;12;609;130;352;50;38;18;12;;;;;;;;9;;
"029";"Saalekreis";"15088";"Saalekreis";"15088365";"Teutschenthal";"0365";;"000004";"Holleben";"U";1302;766;9;757;101;413;47;47;26;48;5;0;20;4;3;5;36;1;1;11;755;181;422;66;28;38;15;;;;;;;;5;;
"029";"Saalekreis";"15088";"Saalekreis";"15088365";"Teutschenthal";"0365";;"000005";"Teutschenthal Hort";"U";1122;720;5;715;128;363;37;50;20;58;8;0;7;1;0;1;42;0;0;5;715;178;383;51;51;35;14;;;;;;;;3;;
"029";"Saalekreis";"15088";"Saalekreis";"15088365";"Teutschenthal";"0365";;"000006";"Dornstedt";"U";536;346;3;343;37;221;14;32;4;14;2;0;0;0;0;4;13;0;2;4;342;66;227;13;25;5;5;;;;;;;;1;;
"029";"Saalekreis";"15088";"Saalekreis";"15088365";"Teutschenthal";"0365";;"000007";"Teutschenthal Bahnhof";"U";497;314;4;310;32;205;13;21;8;8;3;0;5;1;2;2;8;1;1;8;306;48;214;15;17;7;3;;;;;;;;2;;
"029";"Saalekreis";"15088";"Saalekreis";"15088365";"Teutschenthal";"0365";;"000008";"Teutschenthal West";"U";1073;637;6;631;85;386;23;40;14;28;6;0;5;2;1;4;33;2;2;8;629;118;402;33;27;26;16;;;;;;;;7;;
"029";"Saalekreis";"15088";"Saalekreis";"15088365";"Teutschenthal";"0365";;"000009";"Teutschenthal KGZ";"U";1001;509;2;507;64;307;24;24;17;22;3;0;6;3;0;5;31;1;0;4;505;110;319;25;16;25;5;;;;;;;;5;;
"029";"Saalekreis";"15088";"Saalekreis";"15088365";"Teutschenthal";"0365";;"000010";"Langenbogen Freizeitzentrum";"U";666;444;3;441;85;252;26;16;8;15;7;1;2;1;0;1;24;1;2;2;442;114;264;26;13;15;3;;;;;;;;7;;
"029";"Saalekreis";"15088";"Saalekreis";"15088365";"Teutschenthal";"0365";;"000011";"Langenbogen Kita";"U";765;485;4;481;107;242;30;33;10;21;3;0;2;0;0;2;31;0;0;7;478;156;245;38;19;14;2;;;;;;;;4;;
"029";"Saalekreis";"15088";"Saalekreis";"15088365";"Teutschenthal";"0365";;"000012";"Steuden";"U";669;404;2;402;69;220;27;27;15;15;4;1;6;0;2;3;11;1;1;2;402;97;224;24;20;26;2;;;;;;;;9;;
"029";"Saalekreis";"15088";"Saalekreis";"15088365";"Teutschenthal";"0365";;"000013";"Langenbogen Bahnhof";"U";454;257;3;254;20;176;18;15;2;6;0;0;1;1;0;4;10;1;0;3;254;29;183;20;11;5;4;;;;;;;;2;;
"029";"Saalekreis";"15088";"Saalekreis";"15088365";"Teutschenthal";"0365";;"000014";"001 Briefwahl Teutschenthal";"B";0;1306;6;1300;343;377;118;156;50;114;10;2;15;4;1;5;96;6;3;13;1293;504;395;167;79;82;39;;;;;;;;27;;
"029";"Saalekreis";"15088";"Saalekreis";"15088365";"Teutschenthal";"0365";;"000015";"002 Briefwahl Teutschenthal";"B";0;1096;4;1092;262;351;105;132;32;104;14;1;7;5;4;7;61;1;6;21;1075;406;353;135;76;41;31;;;;;;;;33;;
"030";"Eisleben";"15087";"Mansfeld-Südharz";"15087010";"Ahlsdorf";"5052";"Mansfelder Grund-Helbra";"000001";"Urnenwahlbezirk Ahlsdorf";"U";1259;745;6;739;96;473;40;37;18;19;2;0;6;1;2;2;40;1;2;9;736;115;480;57;38;28;13;;;;;;;;5;;
"030";"Eisleben";"15087";"Mansfeld-Südharz";"15087010";"Ahlsdorf";"5052";"Mansfelder Grund-Helbra";"000010";"Briefwahlbezirk Ahlsdorf";"B";0;268;2;266;75;83;26;28;13;10;5;0;3;2;1;0;16;4;0;2;266;76;96;44;23;16;4;;;;;;;;7;;
"030";"Eisleben";"15087";"Mansfeld-Südharz";"15087045";"Benndorf";"5052";"Mansfelder Grund-Helbra";"000002";"Urnenwahlbezirk Benndorf";"U";1614;820;13;807;126;451;70;51;16;27;4;0;9;8;0;6;34;3;2;16;804;158;469;82;51;22;10;;;;;;;;12;;
"030";"Eisleben";"15087";"Mansfeld-Südharz";"15087045";"Benndorf";"5052";"Mansfelder Grund-Helbra";"000011";"Briefwahlbezirk Benndorf";"B";0;259;1;258;68;86;26;34;3;8;0;0;3;1;1;0;21;6;1;4;255;80;89;38;22;8;7;;;;;;;;11;;
"030";"Eisleben";"15087";"Mansfeld-Südharz";"15087070";"Blankenheim";"5052";"Mansfelder Grund-Helbra";"000003";"Urnenwahlbezirk Blankenheim";"U";942;594;2;592;83;357;40;31;18;10;7;0;8;2;1;5;25;3;2;4;590;106;371;45;29;23;4;;;;;;;;12;;
"030";"Eisleben";"15087";"Mansfeld-Südharz";"15087070";"Blankenheim";"5052";"Mansfelder Grund-Helbra";"000012";"Briefwahlbezirk Blankenheim";"B";0;182;3;179;57;59;18;21;5;6;0;0;0;0;2;2;8;1;0;5;177;54;62;21;21;6;6;;;;;;;;7;;
"030";"Eisleben";"15087";"Mansfeld-Südharz";"15087075";"Bornstedt";"5052";"Mansfelder Grund-Helbra";"000004";"Urnenwahlbezirk Bornstedt";"U";635;395;7;388;46;237;22;29;6;9;7;0;7;0;2;2;19;0;2;8;387;59;246;30;29;17;4;;;;;;;;2;;
"030";"Eisleben";"15087";"Mansfeld-Südharz";"15087075";"Bornstedt";"5052";"Mansfelder Grund-Helbra";"000013";"Briefwahlbezirk Bornstedt";"B";0;105;1;104;36;30;8;18;1;4;1;0;3;1;0;1;1;0;0;2;103;44;29;10;13;5;2;;;;;;;;0;;
"030";"Eisleben";"15087";"Mansfeld-Südharz";"15087130";"Eisleben, Lutherstadt";"0130";;"000022";"Briefwahlbezirk 1";"B";0;1013;8;1005;260;280;140;130;36;77;7;0;6;3;5;0;58;2;1;10;1003;360;285;170;94;48;35;;;;;;;;11;;
"030";"Eisleben";"15087";"Mansfeld-Südharz";"15087130";"Eisleben, Lutherstadt";"0130";;"000023";"Briefwahlbezirk 2";"B";0;999;8;991;236;314;109;107;37;64;14;0;14;6;3;10;64;12;1;16;983;323;331;145;74;48;36;;;;;;;;26;;
"030";"Eisleben";"15087";"Mansfeld-Südharz";"15087130";"Eisleben, Lutherstadt";"0130";;"000024";"Briefwahlbezirk 3";"B";0;997;6;991;214;345;98;114;26;75;4;2;9;7;2;7;79;8;1;9;988;281;361;144;90;42;38;;;;;;;;32;;
"030";"Eisleben";"15087";"Mansfeld-Südharz";"15087130";"Eisleben, Lutherstadt";"0130";;"300001";"Kita """"Gänseblümchen"""" Magdeburger Straße";"U";1009;429;6;423;52;248;39;26;7;16;5;0;11;6;0;4;9;0;0;7;422;57;259;54;29;12;5;;;;;;;;6;;
"030";"Eisleben";"15087";"Mansfeld-Südharz";"15087130";"Eisleben, Lutherstadt";"0130";;"300002";"Grundschule Schloßplatz Turnhalle";"U";1628;828;10;818;121;456;71;65;13;37;8;1;8;4;3;3;26;1;1;9;819;188;476;77;40;18;11;;;;;;;;9;;
"030";"Eisleben";"15087";"Mansfeld-Südharz";"15087130";"Eisleben, Lutherstadt";"0130";;"300003";"Kindergarten """"Sonnenschein"""" Fröbelstraße";"U";1594;827;13;814;113;446;63;79;15;32;7;0;6;2;1;2;42;4;2;13;814;162;455;87;64;20;12;;;;;;;;14;;
"030";"Eisleben";"15087";"Mansfeld-Südharz";"15087130";"Eisleben, Lutherstadt";"0130";;"300004";"GS Geschwister Scholl";"U";1387;704;8;696;83;366;50;64;13;35;10;0;14;5;3;5;43;0;5;7;697;134;399;69;37;29;11;;;;;;;;18;;
"030";"Eisleben";"15087";"Mansfeld-Südharz";"15087130";"Eisleben, Lutherstadt";"0130";;"300005";"Feuerwehr Eisleben";"U";1291;749;4;745;97;442;48;41;11;29;6;3;12;1;3;1;43;6;2;6;743;133;468;71;32;15;15;;;;;;;;9;;
"030";"Eisleben";"15087";"Mansfeld-Südharz";"15087130";"Eisleben, Lutherstadt";"0130";;"300006";"SK """"Katharinenschule""""";"U";1283;676;6;670;72;425;48;33;11;26;4;0;5;8;1;4;29;2;2;8;668;98;441;66;22;17;18;;;;;;;;6;;
"030";"Eisleben";"15087";"Mansfeld-Südharz";"15087130";"Eisleben, Lutherstadt";"0130";;"300007";"GS Thomas Müntzer 1 Eisleben";"U";977;494;10;484;67;266;35;23;13;22;0;1;5;0;2;2;47;0;1;7;487;89;304;52;19;16;3;;;;;;;;4;;
"030";"Eisleben";"15087";"Mansfeld-Südharz";"15087130";"Eisleben, Lutherstadt";"0130";;"300008";"Feuerwehr Helfta";"U";1152;667;10;657;123;388;26;29;15;25;6;4;4;3;1;4;27;2;0;11;656;170;389;39;14;29;10;;;;;;;;5;;
"030";"Eisleben";"15087";"Mansfeld-Südharz";"15087130";"Eisleben, Lutherstadt";"0130";;"300009";"GS """"Torgartenschule"""" Turnhalle";"U";1225;562;6;556;91;318;40;40;13;20;2;2;3;1;0;3;19;2;2;10;552;108;322;61;30;14;9;;;;;;;;8;;
"030";"Eisleben";"15087";"Mansfeld-Südharz";"15087130";"Eisleben, Lutherstadt";"0130";;"300010";"Gemeindehaus Volkstedt";"U";752;441;3;438;47;292;25;19;9;12;3;0;4;3;1;3;17;2;1;8;433;65;297;31;18;17;1;;;;;;;;4;;
"030";"Eisleben";"15087";"Mansfeld-Südharz";"15087130";"Eisleben, Lutherstadt";"0130";;"300011";"Feuerwehrgerätehaus Rothenschirmbach";"U";437;294;3;291;33;177;18;22;9;8;7;0;3;2;1;1;10;0;0;4;290;44;178;26;24;12;3;;;;;;;;3;;
"030";"Eisleben";"15087";"Mansfeld-Südharz";"15087130";"Eisleben, Lutherstadt";"0130";;"300012";"Gaststätte """"Zum Anker"""" Wolferode";"U";867;560;8;552;81;319;43;32;20;10;1;0;7;2;2;3;31;1;0;9;551;97;338;44;41;20;5;;;;;;;;6;;
"030";"Eisleben";"15087";"Mansfeld-Südharz";"15087130";"Eisleben, Lutherstadt";"0130";;"300013";"Gemeindesaal Polleben";"U";679;429;7;422;97;251;22;16;4;6;3;0;3;1;2;1;14;2;0;8;421;109;255;26;14;2;8;;;;;;;;7;;
"030";"Eisleben";"15087";"Mansfeld-Südharz";"15087130";"Eisleben, Lutherstadt";"0130";;"300014";"Beratungsraum Unterrißdorf";"U";312;215;3;212;40;117;9;13;6;11;0;0;1;0;0;0;11;3;1;3;212;50;118;15;15;4;8;;;;;;;;2;;
"030";"Eisleben";"15087";"Mansfeld-Südharz";"15087130";"Eisleben, Lutherstadt";"0130";;"300015";"Gaststätte """"Zur Erholung""""";"U";495;320;4;316;33;204;20;17;8;13;2;0;2;0;0;3;13;1;0;4;316;49;205;30;11;13;5;;;;;;;;3;;
"030";"Eisleben";"15087";"Mansfeld-Südharz";"15087130";"Eisleben, Lutherstadt";"0130";;"300016";"Mehrgenerationenhaus Osterhausen";"U";735;467;9;458;49;288;24;28;15;11;5;0;5;2;0;2;28;0;1;10;457;75;294;28;27;22;7;;;;;;;;4;;
"030";"Eisleben";"15087";"Mansfeld-Südharz";"15087130";"Eisleben, Lutherstadt";"0130";;"300017";"Gaststätte """"Zur Schule""""";"U";203;156;3;153;12;102;11;6;5;3;2;0;2;1;0;1;8;0;0;4;152;19;109;17;4;1;2;;;;;;;;0;;
"030";"Eisleben";"15087";"Mansfeld-Südharz";"15087130";"Eisleben, Lutherstadt";"0130";;"300018";"Amtshaus Hedersleben";"U";452;282;2;280;37;176;14;8;9;6;1;0;0;1;0;6;21;1;0;2;280;43;182;25;10;10;4;;;;;;;;6;;
"030";"Eisleben";"15087";"Mansfeld-Südharz";"15087130";"Eisleben, Lutherstadt";"0130";;"300019";"Dorfgemeinschaftshaus Oberrißdorf";"U";176;124;1;123;13;77;11;7;2;6;0;0;1;0;0;0;6;0;0;1;123;20;81;14;4;2;1;;;;;;;;1;;
"030";"Eisleben";"15087";"Mansfeld-Südharz";"15087130";"Eisleben, Lutherstadt";"0130";;"300020";"Gemeindebüro Burgsdorf";"U";142;90;1;89;18;58;2;2;4;1;0;0;0;0;0;0;2;2;0;1;89;18;59;2;2;5;1;;;;;;;;2;;
"030";"Eisleben";"15087";"Mansfeld-Südharz";"15087130";"Eisleben, Lutherstadt";"0130";;"300021";"GS Thomas Müntzer 2 Helfta";"U";905;446;4;442;65;240;34;27;11;15;5;0;8;5;1;4;23;2;2;7;439;94;248;43;24;13;11;;;;;;;;6;;
"030";"Eisleben";"15087";"Mansfeld-Südharz";"15087165";"Gerbstedt, Stadt";"0165";;"000001";"Gerbstedt I - Grundschule";"U";697;370;5;365;48;246;17;9;7;13;0;0;2;2;2;1;17;0;1;8;362;55;251;27;14;7;7;;;;;;;;1;;
"030";"Eisleben";"15087";"Mansfeld-Südharz";"15087165";"Gerbstedt, Stadt";"0165";;"000002";"Gerbstedt II - AWO Begegnungsstätte";"U";619;351;4;347;39;243;13;8;9;6;1;0;3;3;0;4;12;4;2;6;345;42;251;19;10;17;3;;;;;;;;3;;
"030";"Eisleben";"15087";"Mansfeld-Südharz";"15087165";"Gerbstedt, Stadt";"0165";;"000003";"Gerbstedt III - KITA """"Zu den Zwergen""""";"U";797;454;8;446;57;305;19;16;11;10;1;2;3;0;1;1;17;2;1;11;443;73;309;31;12;9;5;;;;;;;;4;;
"030";"Eisleben";"15087";"Mansfeld-Südharz";"15087165";"Gerbstedt, Stadt";"0165";;"000004";"Augsdorf - FW Gerätehaus";"U";386;230;6;224;29;141;10;15;4;4;2;0;2;1;0;2;12;0;2;7;223;35;150;12;12;8;4;;;;;;;;2;;
"030";"Eisleben";"15087";"Mansfeld-Südharz";"15087165";"Gerbstedt, Stadt";"0165";;"000005";"Freist - Clubraum";"U";225;151;1;150;19;66;10;15;14;14;0;0;1;1;0;0;8;2;0;1;150;28;66;15;11;21;7;;;;;;;;2;;
"030";"Eisleben";"15087";"Mansfeld-Südharz";"15087165";"Gerbstedt, Stadt";"0165";;"000006";"Friedeburg - Gemeindezentrum";"U";322;226;8;218;25;136;9;11;3;9;1;1;1;3;0;1;17;1;0;6;220;39;147;14;9;5;4;;;;;;;;2;;
"030";"Eisleben";"15087";"Mansfeld-Südharz";"15087165";"Gerbstedt, Stadt";"0165";;"000007";"Friedeburgerhütte - FW Adendorf";"U";168;108;1;107;15;56;13;5;0;7;0;0;0;1;0;0;10;0;0;2;106;15;61;18;4;4;4;;;;;;;;0;;
"030";"Eisleben";"15087";"Mansfeld-Südharz";"15087165";"Gerbstedt, Stadt";"0165";;"000008";"Heiligenthal - Dorfgemeinschaftshaus";"U";526;320;6;314;69;169;21;16;3;14;2;1;2;3;0;3;11;0;0;7;313;81;173;28;13;7;6;;;;;;;;5;;
"030";"Eisleben";"15087";"Mansfeld-Südharz";"15087165";"Gerbstedt, Stadt";"0165";;"000009";"Hübitz - Begegnungsstätte";"U";231;158;1;157;27;79;10;12;7;6;1;0;0;0;0;1;13;1;0;2;156;37;80;16;9;9;3;;;;;;;;2;;
"030";"Eisleben";"15087";"Mansfeld-Südharz";"15087165";"Gerbstedt, Stadt";"0165";;"000010";"Ihlewitz - Freizeitanlage";"U";188;115;3;112;8;79;7;6;2;3;1;0;2;0;0;0;4;0;0;3;112;13;81;8;8;0;2;;;;;;;;0;;
"030";"Eisleben";"15087";"Mansfeld-Südharz";"15087165";"Gerbstedt, Stadt";"0165";;"000011";"Rottelsdorf - Gemeindesaal Rottelsdorf - Anbau";"U";199;117;1;116;21;70;5;6;0;5;1;0;2;0;0;0;5;1;0;1;116;25;73;9;5;0;2;;;;;;;;2;;
"030";"Eisleben";"15087";"Mansfeld-Südharz";"15087165";"Gerbstedt, Stadt";"0165";;"000012";"Siersleben - Sportlerheim";"U";958;529;3;526;59;325;30;35;9;21;3;0;7;5;1;2;24;4;1;4;525;62;345;51;32;16;7;;;;;;;;12;;
"030";"Eisleben";"15087";"Mansfeld-Südharz";"15087165";"Gerbstedt, Stadt";"0165";;"000013";"Welfesholz - Freiwillige Feuerwehr";"U";146;107;3;104;9;69;5;7;0;2;2;0;1;0;1;0;8;0;0;4;103;14;69;9;5;3;2;;;;;;;;1;;
"030";"Eisleben";"15087";"Mansfeld-Südharz";"15087165";"Gerbstedt, Stadt";"0165";;"000014";"Zabenstedt - Gebäude der Freiwilligen Feuerwehr";"U";137;92;0;92;10;57;8;6;2;5;2;0;0;1;0;0;1;0;0;2;90;17;60;4;6;2;1;;;;;;;;0;;
"030";"Eisleben";"15087";"Mansfeld-Südharz";"15087165";"Gerbstedt, Stadt";"0165";;"000015";"Briefwahl - Ratssaal";"B";0;1040;3;1037;282;363;112;98;28;60;14;0;9;7;2;4;49;6;3;11;1029;331;378;149;73;48;41;;;;;;;;9;;
"030";"Eisleben";"15087";"Mansfeld-Südharz";"15087205";"Helbra";"5052";"Mansfelder Grund-Helbra";"000005";"Urnenwahlbezirk Helbra - Kinderhaus";"U";1667;803;11;792;106;503;51;32;13;19;5;0;11;0;2;4;43;0;3;12;791;134;529;58;31;19;13;;;;;;;;7;;
"030";"Eisleben";"15087";"Mansfeld-Südharz";"15087205";"Helbra";"5052";"Mansfelder Grund-Helbra";"000006";"Urnenwahlbezirk Helbra GS";"U";1509;956;12;944;145;577;62;48;17;17;7;0;10;1;5;4;48;1;2;11;945;171;606;83;41;23;13;;;;;;;;8;;
"030";"Eisleben";"15087";"Mansfeld-Südharz";"15087205";"Helbra";"5052";"Mansfelder Grund-Helbra";"000014";"Briefwahlbezirk Helbra";"B";0;650;0;650;219;185;62;74;9;28;6;0;8;5;2;4;43;5;0;4;646;256;203;93;53;14;18;;;;;;;;9;;
"030";"Eisleben";"15087";"Mansfeld-Südharz";"15087210";"Hergisdorf";"5052";"Mansfelder Grund-Helbra";"000007";"Urnenwahlbezirk Hergisdorf";"U";1233;649;2;647;113;379;38;34;17;9;11;0;7;1;3;3;30;1;1;2;647;133;387;54;31;32;8;;;;;;;;2;;
"030";"Eisleben";"15087";"Mansfeld-Südharz";"15087210";"Hergisdorf";"5052";"Mansfelder Grund-Helbra";"000015";"Briefwahlbezirk Hergisdorf";"B";0;262;1;261;68;103;15;30;11;8;3;1;1;1;0;1;18;0;1;1;261;86;106;28;21;12;7;;;;;;;;1;;
"030";"Eisleben";"15087";"Mansfeld-Südharz";"15087220";"Hettstedt, Stadt";"0220";;"000001";"Ratssaal";"U";1492;752;6;746;89;464;42;48;13;30;6;1;4;2;2;4;31;8;2;5;747;112;472;70;44;23;11;;;;;;;;15;;
"030";"Eisleben";"15087";"Mansfeld-Südharz";"15087220";"Hettstedt, Stadt";"0220";;"000002";"Integrative Kita """"Regenbogen""""";"U";678;316;3;313;46;185;21;14;11;7;4;1;1;0;1;1;16;3;2;4;312;56;190;38;10;13;3;;;;;;;;2;;
"030";"Eisleben";"15087";"Mansfeld-Südharz";"15087220";"Hettstedt, Stadt";"0220";;"000003";"Bergschlößchen";"U";832;509;5;504;82;294;39;20;12;20;1;2;3;1;0;0;25;3;2;5;504;91;308;57;15;19;7;;;;;;;;7;;
"030";"Eisleben";"15087";"Mansfeld-Südharz";"15087220";"Hettstedt, Stadt";"0220";;"000004";"Wahllokal Klubhausstraße";"U";883;538;4;534;59;340;36;26;10;18;4;0;6;5;2;1;23;1;3;9;529;76;355;49;29;12;4;;;;;;;;4;;
"030";"Eisleben";"15087";"Mansfeld-Südharz";"15087220";"Hettstedt, Stadt";"0220";;"000005";"Pension """"Alter König""""";"U";1059;647;4;643;80;425;32;27;13;19;5;0;5;2;2;2;21;7;3;5;642;105;432;53;12;22;9;;;;;;;;9;;
"030";"Eisleben";"15087";"Mansfeld-Südharz";"15087220";"Hettstedt, Stadt";"0220";;"000006";"Ganztagsschule """"Anne Frank""""";"U";1207;673;3;670;94;404;44;46;10;15;4;0;5;2;0;6;36;4;0;12;661;101;420;58;50;16;8;;;;;;;;8;;
"030";"Eisleben";"15087";"Mansfeld-Südharz";"15087220";"Hettstedt, Stadt";"0220";;"000007";"Sozialstation (Service-Wohnen)";"U";872;486;11;475;77;273;37;28;15;14;3;0;1;0;0;0;25;0;2;11;475;82;283;56;27;13;7;;;;;;;;7;;
"030";"Eisleben";"15087";"Mansfeld-Südharz";"15087220";"Hettstedt, Stadt";"0220";;"000008";"Novalis-Grundschule";"U";727;388;1;387;58;209;36;22;9;19;1;0;5;4;1;0;20;2;1;3;385;81;220;49;15;12;5;;;;;;;;3;;
"030";"Eisleben";"15087";"Mansfeld-Südharz";"15087220";"Hettstedt, Stadt";"0220";;"000009";"Stadtbibliothek";"U";743;416;8;408;65;249;25;27;6;8;3;1;6;1;0;0;15;1;1;5;411;69;263;38;20;13;6;;;;;;;;2;;
"030";"Eisleben";"15087";"Mansfeld-Südharz";"15087220";"Hettstedt, Stadt";"0220";;"000010";"Freizeittreff """"Am Hölzchen""""";"U";1027;528;6;522;61;321;51;34;2;10;1;1;3;1;0;8;25;4;0;5;523;68;336;74;26;6;7;;;;;;;;6;;
"030";"Eisleben";"15087";"Mansfeld-Südharz";"15087220";"Hettstedt, Stadt";"0220";;"000011";"Dorfgemeinschaftshaus Ritterode";"U";267;193;3;190;24;113;9;13;4;3;2;0;0;0;0;1;17;4;0;4;189;24;125;12;15;6;3;;;;;;;;4;;
"030";"Eisleben";"15087";"Mansfeld-Südharz";"15087220";"Hettstedt, Stadt";"0220";;"000012";"Dorfgemeinschaftshaus Walbeck";"U";700;423;5;418;60;253;29;21;11;10;1;3;2;1;0;0;25;2;0;9;414;64;263;34;18;20;7;;;;;;;;8;;
"030";"Eisleben";"15087";"Mansfeld-Südharz";"15087220";"Hettstedt, Stadt";"0220";;"000013";"Rathaus 1";"B";0;541;0;541;135;172;68;69;14;28;2;1;5;1;2;4;34;3;3;1;540;154;186;106;57;15;15;;;;;;;;7;;
"030";"Eisleben";"15087";"Mansfeld-Südharz";"15087220";"Hettstedt, Stadt";"0220";;"000014";"Rathaus 2";"B";0;532;1;531;134;184;54;55;16;29;2;0;1;2;1;4;41;8;0;4;528;144;191;101;39;18;19;;;;;;;;16;;
"030";"Eisleben";"15087";"Mansfeld-Südharz";"15087220";"Hettstedt, Stadt";"0220";;"000015";"Rathaus 3";"B";0;543;1;542;147;184;70;55;14;14;4;0;6;2;0;3;31;12;0;6;537;148;195;103;37;18;11;;;;;;;;25;;
"030";"Eisleben";"15087";"Mansfeld-Südharz";"15087260";"Klostermansfeld";"5052";"Mansfelder Grund-Helbra";"000008";"Urnenwahlbezirk Klostermansfeld";"U";1841;1108;7;1101;200;620;76;64;26;38;10;0;9;2;0;2;51;2;1;11;1097;254;638;104;47;35;8;;;;;;;;11;;
"030";"Eisleben";"15087";"Mansfeld-Südharz";"15087260";"Klostermansfeld";"5052";"Mansfelder Grund-Helbra";"000016";"Briefwahlbezirk Klostermansfeld";"B";0;326;1;325;102;91;31;30;19;29;0;1;2;1;0;2;10;6;1;3;323;128;96;47;12;17;15;;;;;;;;8;;
"030";"Eisleben";"15087";"Mansfeld-Südharz";"15087470";"Wimmelburg";"5052";"Mansfelder Grund-Helbra";"000009";"Urnenwahlbezirk Wimmelburg";"U";917;493;8;485;67;306;36;30;10;9;3;0;5;0;2;1;16;0;0;9;484;93;309;42;21;15;2;;;;;;;;2;;
"030";"Eisleben";"15087";"Mansfeld-Südharz";"15087470";"Wimmelburg";"5052";"Mansfelder Grund-Helbra";"000017";"Briefwahlbezirk Wimmelburg";"B";0;231;1;230;51;68;28;31;5;17;0;0;1;2;0;1;24;2;0;1;230;91;71;38;14;10;1;;;;;;;;5;;
"031";"Sangerhausen";"15087";"Mansfeld-Südharz";"15087055";"Berga";"5051";"Goldene Aue";"000001";"Berga 01";"U";980;553;8;545;82;327;28;29;8;11;9;1;10;0;2;4;33;1;0;10;543;112;338;44;20;16;8;;;;;;;;5;;
"031";"Sangerhausen";"15087";"Mansfeld-Südharz";"15087055";"Berga";"5051";"Goldene Aue";"000002";"Berga 02 OT Bösenrode";"U";170;108;0;108;16;62;8;5;2;5;0;1;0;2;0;0;5;2;0;0;108;26;63;10;3;1;2;;;;;;;;3;;
"031";"Sangerhausen";"15087";"Mansfeld-Südharz";"15087055";"Berga";"5051";"Goldene Aue";"000003";"Berga 03 OT Rosperwenda";"U";185;118;1;117;15;81;2;4;4;1;2;0;2;0;0;0;6;0;0;1;117;22;84;1;2;6;1;;;;;;;;1;;
"031";"Sangerhausen";"15087";"Mansfeld-Südharz";"15087055";"Berga";"5051";"Goldene Aue";"000016";"Briefwahlbezirk 1 Berga";"B";0;272;2;270;84;85;15;37;9;15;1;1;2;0;0;0;21;0;0;3;269;102;86;21;25;17;13;;;;;;;;5;;
"031";"Sangerhausen";"15087";"Mansfeld-Südharz";"15087101";"Brücken-Hackpfüffel";"5051";"Goldene Aue";"000004";"Brücken-Hackpfüffel 01 OT Brücken (Helme)";"U";632;454;6;448;78;247;31;31;8;15;0;1;6;3;1;3;21;1;2;7;447;94;257;43;25;12;9;;;;;;;;7;;
"031";"Sangerhausen";"15087";"Mansfeld-Südharz";"15087101";"Brücken-Hackpfüffel";"5051";"Goldene Aue";"000005";"Brücken-Hackpfüffel 02 OT Hackpfüffel";"U";178;123;3;120;22;69;8;8;1;2;1;1;3;0;0;0;4;0;1;2;121;29;71;8;10;1;1;;;;;;;;1;;
"031";"Sangerhausen";"15087";"Mansfeld-Südharz";"15087101";"Brücken-Hackpfüffel";"5051";"Goldene Aue";"000017";"Briefwahlbezirk 1 Brücken-Hackpfüffel";"B";0;79;0;79;16;24;6;16;1;10;1;0;1;0;0;0;4;0;0;0;79;20;25;12;11;1;10;;;;;;;;0;;
"031";"Sangerhausen";"15087";"Mansfeld-Südharz";"15087125";"Edersleben";"5051";"Goldene Aue";"000006";"Edersleben";"U";771;496;5;491;98;251;44;28;9;16;3;1;7;2;0;3;27;1;1;7;489;127;262;47;19;19;9;;;;;;;;6;;
"031";"Sangerhausen";"15087";"Mansfeld-Südharz";"15087125";"Edersleben";"5051";"Goldene Aue";"000018";"Briefwahlbezirk 1 Edersleben";"B";0;148;1;147;26;70;9;7;3;9;2;0;1;0;2;2;15;1;0;1;147;35;76;12;10;5;4;;;;;;;;5;;
"031";"Sangerhausen";"15087";"Mansfeld-Südharz";"15087250";"Kelbra (Kyffhäuser), Stadt";"5051";"Goldene Aue";"000007";"Kelbra (Kyffhäuser) 01 Gymnasium";"U";1004;546;5;541;79;305;38;33;15;24;4;0;10;1;0;3;27;1;1;4;542;97;322;42;38;21;15;;;;;;;;7;;
"031";"Sangerhausen";"15087";"Mansfeld-Südharz";"15087250";"Kelbra (Kyffhäuser), Stadt";"5051";"Goldene Aue";"000008";"Kelbra (Kyffhäuser) 02 Rathaus";"U";705;384;9;375;48;216;29;26;5;16;3;0;4;1;3;2;17;5;0;8;376;66;225;42;22;4;10;;;;;;;;7;;
"031";"Sangerhausen";"15087";"Mansfeld-Südharz";"15087250";"Kelbra (Kyffhäuser), Stadt";"5051";"Goldene Aue";"000009";"Kelbra (Kyffhäuser) 03 OT Sittendorf";"U";213;101;2;99;22;41;4;7;4;7;4;0;4;0;0;0;6;0;0;1;100;30;44;11;6;5;3;;;;;;;;1;;
"031";"Sangerhausen";"15087";"Mansfeld-Südharz";"15087250";"Kelbra (Kyffhäuser), Stadt";"5051";"Goldene Aue";"000010";"Kelbra (Kyffhäuser) 04 Thürungen";"U";161;99;2;97;23;47;11;4;2;3;3;0;0;0;0;0;4;0;0;3;96;30;42;16;3;4;1;;;;;;;;0;;
"031";"Sangerhausen";"15087";"Mansfeld-Südharz";"15087250";"Kelbra (Kyffhäuser), Stadt";"5051";"Goldene Aue";"000011";"Kelbra (Kyffhäuser) 05 OT Tilleda (Kyffhäuser)";"U";600;378;2;376;66;214;16;26;13;16;0;0;6;0;0;2;14;2;1;2;376;91;215;22;18;19;5;;;;;;;;6;;
"031";"Sangerhausen";"15087";"Mansfeld-Südharz";"15087250";"Kelbra (Kyffhäuser), Stadt";"5051";"Goldene Aue";"000020";"Briefwahlbezirk 2 Kelbra (Kyffhäuser)";"B";0;550;5;545;105;192;72;55;16;43;9;0;13;4;0;0;28;5;3;8;542;151;203;79;43;30;28;;;;;;;;8;;
"031";"Sangerhausen";"15087";"Mansfeld-Südharz";"15087275";"Mansfeld, Stadt";"0275";;"000001";"Abberode";"U";247;164;0;164;46;67;16;4;8;5;3;0;2;1;0;1;10;0;1;0;164;48;70;19;7;13;6;;;;;;;;1;;
"031";"Sangerhausen";"15087";"Mansfeld-Südharz";"15087275";"Mansfeld, Stadt";"0275";;"000002";"Annarode";"U";355;221;2;219;28;129;16;11;3;8;2;0;1;0;2;0;12;6;1;1;220;34;134;20;11;6;5;;;;;;;;10;;
"031";"Sangerhausen";"15087";"Mansfeld-Südharz";"15087275";"Mansfeld, Stadt";"0275";;"000003";"Biesenrode";"U";289;178;3;175;28;97;17;10;4;1;1;0;1;0;0;0;10;5;1;3;175;26;105;17;10;6;3;;;;;;;;8;;
"031";"Sangerhausen";"15087";"Mansfeld-Südharz";"15087275";"Mansfeld, Stadt";"0275";;"000004";"Braunschwende";"U";353;258;0;258;39;156;13;13;4;5;3;0;3;0;1;1;18;2;0;4;254;49;161;23;7;10;2;;;;;;;;2;;
"031";"Sangerhausen";"15087";"Mansfeld-Südharz";"15087275";"Mansfeld, Stadt";"0275";;"000005";"Friesdorf";"U";227;143;0;143;26;88;6;5;3;2;4;1;3;0;0;1;3;1;0;0;143;29;95;7;5;2;1;;;;;;;;4;;
"031";"Sangerhausen";"15087";"Mansfeld-Südharz";"15087275";"Mansfeld, Stadt";"0275";;"000006";"Gorenzen";"U";244;149;4;145;18;85;9;15;2;9;1;0;0;1;0;0;2;2;1;3;146;23;88;13;14;2;4;;;;;;;;2;;
"031";"Sangerhausen";"15087";"Mansfeld-Südharz";"15087275";"Mansfeld, Stadt";"0275";;"000007";"Großörner";"U";1313;801;11;790;123;494;51;34;16;22;5;0;7;4;0;4;16;12;2;10;791;139;508;60;34;14;14;;;;;;;;22;;
"031";"Sangerhausen";"15087";"Mansfeld-Südharz";"15087275";"Mansfeld, Stadt";"0275";;"000008";"Hermerode";"U";147;99;1;98;21;52;7;6;5;1;2;0;0;0;0;2;2;0;0;2;97;23;53;10;4;6;1;;;;;;;;0;;
"031";"Sangerhausen";"15087";"Mansfeld-Südharz";"15087275";"Mansfeld, Stadt";"0275";;"000009";"Mansfeld I";"U";1188;573;8;565;73;317;39;43;15;13;2;0;6;1;5;2;31;16;2;15;558;93;329;49;31;17;12;;;;;;;;27;;
"031";"Sangerhausen";"15087";"Mansfeld-Südharz";"15087275";"Mansfeld, Stadt";"0275";;"000010";"Mansfeld II";"U";1112;687;3;684;66;488;34;24;9;20;5;0;4;1;0;1;22;10;0;4;683;83;503;46;19;11;9;;;;;;;;12;;
"031";"Sangerhausen";"15087";"Mansfeld-Südharz";"15087275";"Mansfeld, Stadt";"0275";;"000011";"Möllendorf";"U";214;124;5;119;18;73;12;4;2;2;1;0;0;0;0;0;5;2;0;8;116;18;70;16;4;2;2;;;;;;;;4;;
"031";"Sangerhausen";"15087";"Mansfeld-Südharz";"15087275";"Mansfeld, Stadt";"0275";;"000012";"Molmerswende";"U";182;109;1;108;30;39;12;13;0;8;0;1;0;0;1;0;3;1;0;1;108;37;38;17;10;2;1;;;;;;;;3;;
"031";"Sangerhausen";"15087";"Mansfeld-Südharz";"15087275";"Mansfeld, Stadt";"0275";;"000013";"Piskaborn";"U";169;128;0;128;18;66;8;9;9;3;4;0;1;0;2;0;6;2;0;1;127;24;67;13;5;10;5;;;;;;;;3;;
"031";"Sangerhausen";"15087";"Mansfeld-Südharz";"15087275";"Mansfeld, Stadt";"0275";;"000014";"Siebigerode";"U";400;242;3;239;43;128;29;5;9;5;4;1;0;2;0;1;8;3;1;4;238;48;134;34;5;9;3;;;;;;;;5;;
"031";"Sangerhausen";"15087";"Mansfeld-Südharz";"15087275";"Mansfeld, Stadt";"0275";;"000015";"Vatterode I";"U";323;217;0;217;25;124;18;20;8;4;0;0;2;1;2;0;11;2;0;2;215;31;134;16;16;7;6;;;;;;;;5;;
"031";"Sangerhausen";"15087";"Mansfeld-Südharz";"15087275";"Mansfeld, Stadt";"0275";;"000016";"Vatterode II";"U";134;91;2;89;11;57;2;6;1;2;0;1;0;1;0;1;2;5;0;2;89;10;55;9;1;3;3;;;;;;;;8;;
"031";"Sangerhausen";"15087";"Mansfeld-Südharz";"15087275";"Mansfeld, Stadt";"0275";;"000017";"Briefwahlbezirk Mansfeld";"B";0;1313;6;1307;349;412;100;135;34;76;22;0;18;9;2;9;91;46;4;14;1299;419;450;151;92;39;53;;;;;;;;95;;
"031";"Sangerhausen";"15087";"Mansfeld-Südharz";"15087370";"Sangerhausen, Stadt";"0370";;"000001";"CJD Sangerhausen";"U";950;513;3;510;77;299;23;37;12;28;1;0;8;3;0;2;18;1;1;3;510;123;305;27;24;14;11;;;;;;;;6;;
"031";"Sangerhausen";"15087";"Mansfeld-Südharz";"15087370";"Sangerhausen, Stadt";"0370";;"000002";"Stadtverwaltung Goldener Saal";"U";1164;638;11;627;72;353;45;43;17;36;5;5;5;1;3;6;31;2;3;7;631;140;351;62;36;26;8;;;;;;;;8;;
"031";"Sangerhausen";"15087";"Mansfeld-Südharz";"15087370";"Sangerhausen, Stadt";"0370";;"000003";"Mammuthalle LK MSH";"U";1095;667;1;666;112;337;51;37;11;43;9;3;13;3;3;3;37;4;0;9;658;174;348;68;27;17;14;;;;;;;;10;;
"031";"Sangerhausen";"15087";"Mansfeld-Südharz";"15087370";"Sangerhausen, Stadt";"0370";;"000004";"Turnhalle Friesenstadion";"U";1113;528;8;520;81;308;37;23;7;24;3;0;2;2;3;2;22;4;2;12;516;128;303;45;13;17;8;;;;;;;;2;;
"031";"Sangerhausen";"15087";"Mansfeld-Südharz";"15087370";"Sangerhausen, Stadt";"0370";;"000005";"Kinderhort Poetengang Speisehalle";"U";969;492;7;485;81;253;36;37;10;34;2;0;3;3;1;3;20;0;2;7;485;135;259;37;24;15;12;;;;;;;;3;;
"031";"Sangerhausen";"15087";"Mansfeld-Südharz";"15087370";"Sangerhausen, Stadt";"0370";;"000006";"Turnhalle Berufsbildende Schule MSH";"U";813;406;7;399;59;201;29;45;5;24;1;0;4;4;2;3;20;1;1;8;398;109;204;34;29;11;6;;;;;;;;5;;
"031";"Sangerhausen";"15087";"Mansfeld-Südharz";"15087370";"Sangerhausen, Stadt";"0370";;"000007";"Berufsbildende Schule MSH";"U";837;456;8;448;73;232;38;38;18;15;2;0;5;6;0;4;15;2;0;10;446;80;246;59;32;13;10;;;;;;;;6;;
"031";"Sangerhausen";"15087";"Mansfeld-Südharz";"15087370";"Sangerhausen, Stadt";"0370";;"000008";"Grundschule Südwest";"U";1013;475;13;462;86;221;52;40;7;12;1;1;2;2;0;2;32;1;3;16;459;90;249;56;43;8;9;;;;;;;;4;;
"031";"Sangerhausen";"15087";"Mansfeld-Südharz";"15087370";"Sangerhausen, Stadt";"0370";;"000009";"Gymnasium Geschwister Scholl";"U";1126;545;8;537;88;256;56;47;10;18;4;0;10;4;0;4;39;0;1;11;534;104;279;82;38;16;13;;;;;;;;2;;
"031";"Sangerhausen";"15087";"Mansfeld-Südharz";"15087370";"Sangerhausen, Stadt";"0370";;"000010";"Turnhalle Grundschule Südwest";"U";777;360;3;357;42;188;28;34;5;6;3;0;3;4;1;6;35;1;1;5;355;61;209;32;36;6;6;;;;;;;;5;;
"031";"Sangerhausen";"15087";"Mansfeld-Südharz";"15087370";"Sangerhausen, Stadt";"0370";;"000011";"Turnhalle Grundschule Südwest (Vereine)";"U";898;380;4;376;48;202;29;22;9;17;3;0;7;3;2;5;29;0;0;5;375;57;225;54;20;10;5;;;;;;;;4;;
"031";"Sangerhausen";"15087";"Mansfeld-Südharz";"15087370";"Sangerhausen, Stadt";"0370";;"000012";"Stadtwerke Sangerhausen";"U";964;472;12;460;80;243;39;39;9;17;2;1;4;1;1;2;21;0;1;10;462;119;253;51;19;10;8;;;;;;;;2;;
"031";"Sangerhausen";"15087";"Mansfeld-Südharz";"15087370";"Sangerhausen, Stadt";"0370";;"000013";"Kindertagesstätte ""St. Martin""";"U";1267;687;5;682;129;328;37;60;18;48;3;3;11;1;3;0;33;5;3;10;677;201;334;53;37;23;16;;;;;;;;13;;
"031";"Sangerhausen";"15087";"Mansfeld-Südharz";"15087370";"Sangerhausen, Stadt";"0370";;"000014";"Jugendclub des mad house e.V.";"U";1229;641;10;631;94;337;54;47;9;17;1;2;5;9;2;3;45;5;1;10;631;123;371;66;37;20;8;;;;;;;;6;;
"031";"Sangerhausen";"15087";"Mansfeld-Südharz";"15087370";"Sangerhausen, Stadt";"0370";;"000015";"Turnhalle Grundschule Oberröblingen";"U";1237;751;4;747;88;473;47;34;11;33;4;1;4;3;1;4;40;1;3;9;742;146;477;57;22;21;16;;;;;;;;3;;
"031";"Sangerhausen";"15087";"Mansfeld-Südharz";"15087370";"Sangerhausen, Stadt";"0370";;"000016";"Dorfgemeinschaftshaus Gonna";"U";506;312;4;308;52;181;17;23;4;7;1;0;3;2;0;1;16;1;0;5;307;81;182;19;14;2;5;;;;;;;;4;;
"031";"Sangerhausen";"15087";"Mansfeld-Südharz";"15087370";"Sangerhausen, Stadt";"0370";;"000017";"Bürgerhaus Alte Schule Obersdorf";"U";415;227;2;225;38;132;8;14;9;5;2;0;1;1;0;3;8;0;4;3;224;59;131;10;10;10;3;;;;;;;;1;;
"031";"Sangerhausen";"15087";"Mansfeld-Südharz";"15087370";"Sangerhausen, Stadt";"0370";;"000018";"Gemeindebüro Grillenberg";"U";223;148;1;147;36;58;12;14;1;6;0;0;3;1;0;1;13;2;0;2;146;54;62;16;9;2;1;;;;;;;;2;;
"031";"Sangerhausen";"15087";"Mansfeld-Südharz";"15087370";"Sangerhausen, Stadt";"0370";;"000019";"Dorfgemeinschaftshaus Wettelrode";"U";437;264;3;261;51;141;12;21;8;9;1;1;3;1;0;0;12;1;0;1;263;72;148;18;10;11;2;;;;;;;;2;;
"031";"Sangerhausen";"15087";"Mansfeld-Südharz";"15087370";"Sangerhausen, Stadt";"0370";;"000020";"Mehrzweckgebäude Morungen";"U";125;94;5;89;24;34;6;8;2;3;2;0;2;2;3;0;3;0;0;4;90;30;34;8;4;10;4;;;;;;;;0;;
"031";"Sangerhausen";"15087";"Mansfeld-Südharz";"15087370";"Sangerhausen, Stadt";"0370";;"000021";"Gemeindesaal Horla";"U";75;53;1;52;14;28;1;5;1;2;0;0;0;0;0;1;0;0;0;1;52;18;29;1;3;1;0;;;;;;;;0;;
"031";"Sangerhausen";"15087";"Mansfeld-Südharz";"15087370";"Sangerhausen, Stadt";"0370";;"000022";"Mehrzweckhalle Rotha";"U";211;153;3;150;28;90;9;5;2;7;1;0;0;0;0;1;6;1;0;1;152;32;93;11;8;3;5;;;;;;;;0;;
"031";"Sangerhausen";"15087";"Mansfeld-Südharz";"15087370";"Sangerhausen, Stadt";"0370";;"000023";"Dorfgemeinschaftshaus Lengefeld";"U";496;305;1;304;61;172;22;8;5;9;6;0;0;1;1;1;16;1;1;1;304;77;179;29;6;6;5;;;;;;;;2;;
"031";"Sangerhausen";"15087";"Mansfeld-Südharz";"15087370";"Sangerhausen, Stadt";"0370";;"000024";"Rathskeller Großleinungen";"U";309;214;0;214;43;123;9;8;0;8;2;0;2;0;0;2;15;1;1;1;213;58;122;12;5;5;7;;;;;;;;4;;
"031";"Sangerhausen";"15087";"Mansfeld-Südharz";"15087370";"Sangerhausen, Stadt";"0370";;"000025";"Versammlungsraum Wolfsberg";"U";100;76;1;75;16;52;1;3;0;1;0;0;1;0;0;0;1;0;0;1;75;16;49;2;1;6;1;;;;;;;;0;;
"031";"Sangerhausen";"15087";"Mansfeld-Südharz";"15087370";"Sangerhausen, Stadt";"0370";;"000026";"Mehrzweckgebäude Breitenbach";"U";169;120;0;120;23;64;5;12;4;3;0;0;0;0;0;0;9;0;0;1;119;34;67;5;5;8;0;;;;;;;;0;;
"031";"Sangerhausen";"15087";"Mansfeld-Südharz";"15087370";"Sangerhausen, Stadt";"0370";;"000027";"Dorfgemeinschaftshaus Riestedt";"U";1058;688;7;681;99;405;37;43;12;18;11;1;11;5;2;4;31;1;1;7;681;139;431;42;28;27;7;;;;;;;;7;;
"031";"Sangerhausen";"15087";"Mansfeld-Südharz";"15087370";"Sangerhausen, Stadt";"0370";;"000028";"Turnhalle Angerschule Wippra";"U";1031;619;10;609;118;328;56;42;10;19;4;2;1;0;1;1;20;4;3;11;608;156;325;63;30;16;15;;;;;;;;3;;
"031";"Sangerhausen";"15087";"Mansfeld-Südharz";"15087370";"Sangerhausen, Stadt";"0370";;"000029";"Briefwahlbezirk 1 - Archiv";"B";0;736;2;734;206;194;69;90;26;74;6;1;0;2;1;3;51;5;6;5;731;336;197;81;30;43;30;;;;;;;;14;;
"031";"Sangerhausen";"15087";"Mansfeld-Südharz";"15087370";"Sangerhausen, Stadt";"0370";;"000030";"Briefwahlbezirk 2 - Trnava";"B";0;828;7;821;269;177;100;117;30;57;5;0;8;2;3;5;40;7;1;11;817;381;186;113;62;40;23;;;;;;;;12;;
"031";"Sangerhausen";"15087";"Mansfeld-Südharz";"15087370";"Sangerhausen, Stadt";"0370";;"000031";"Briefwahlbezirk 3 - Fraktionsraum";"B";0;782;5;777;224;205;94;97;26;39;4;1;14;9;2;8;49;4;1;7;775;277;209;136;67;43;31;;;;;;;;12;;
"031";"Sangerhausen";"15087";"Mansfeld-Südharz";"15087370";"Sangerhausen, Stadt";"0370";;"000032";"Briefwahlbezirk 4 - Zabrze";"B";0;739;6;733;194;220;74;92;21;51;3;1;8;5;0;3;50;5;6;8;731;293;215;96;64;26;23;;;;;;;;14;;
"031";"Sangerhausen";"15087";"Mansfeld-Südharz";"15087370";"Sangerhausen, Stadt";"0370";;"000033";"Briefwahlbezirk 5 - Nordhausen";"B";0;761;6;755;227;227;68;83;14;58;8;1;6;7;1;3;44;5;3;10;751;307;239;78;52;27;33;;;;;;;;15;;
"031";"Sangerhausen";"15087";"Mansfeld-Südharz";"15087412";"Südharz";"0412";;"000001";"01 - Roßla";"U";1587;878;12;866;128;501;63;49;22;35;10;2;3;1;1;2;41;5;3;14;864;201;510;68;33;29;12;;;;;;;;11;;
"031";"Sangerhausen";"15087";"Mansfeld-Südharz";"15087412";"Südharz";"0412";;"000002";"02 - Dittichenrode";"U";120;79;0;79;9;45;7;4;1;1;1;0;1;1;0;0;8;1;0;0;79;10;47;11;7;1;1;;;;;;;;2;;
"031";"Sangerhausen";"15087";"Mansfeld-Südharz";"15087412";"Südharz";"0412";;"000003";"03 - Bennungen";"U";616;414;4;410;67;249;27;25;6;13;1;0;2;2;0;1;15;2;0;4;410;97;261;23;13;6;8;;;;;;;;2;;
"031";"Sangerhausen";"15087";"Mansfeld-Südharz";"15087412";"Südharz";"0412";;"000004";"04 - Breitungen";"U";323;218;0;218;39;124;18;11;8;6;2;0;0;0;0;0;9;0;1;1;217;42;124;16;11;12;9;;;;;;;;3;;
"031";"Sangerhausen";"15087";"Mansfeld-Südharz";"15087412";"Südharz";"0412";;"000005";"05 - Kleinleinungen";"U";90;59;1;58;9;38;2;2;0;3;0;0;1;0;0;0;2;0;1;0;59;11;38;3;0;0;7;;;;;;;;0;;
"031";"Sangerhausen";"15087";"Mansfeld-Südharz";"15087412";"Südharz";"0412";;"000006";"06 - Questenberg";"U";185;126;1;125;13;77;10;10;3;2;0;0;0;1;0;0;9;0;0;3;123;22;80;11;5;2;1;;;;;;;;2;;
"031";"Sangerhausen";"15087";"Mansfeld-Südharz";"15087412";"Südharz";"0412";;"000007";"07 - Hainrode";"U";230;171;1;170;33;94;9;8;7;6;2;1;0;1;0;1;8;0;0;1;170;39;95;18;5;7;5;;;;;;;;1;;
"031";"Sangerhausen";"15087";"Mansfeld-Südharz";"15087412";"Südharz";"0412";;"000008";"08 - Drebsdorf";"U";73;65;0;65;6;51;2;1;0;4;1;0;0;0;0;0;0;0;0;0;65;11;50;3;1;0;0;;;;;;;;0;;
"031";"Sangerhausen";"15087";"Mansfeld-Südharz";"15087412";"Südharz";"0412";;"000009";"09 - Dietersdorf";"U";156;95;0;95;17;46;8;7;1;5;0;0;2;0;0;0;8;1;0;0;95;22;51;9;5;2;5;;;;;;;;1;;
"031";"Sangerhausen";"15087";"Mansfeld-Südharz";"15087412";"Südharz";"0412";;"000010";"10 - Hayn";"U";382;230;6;224;37;125;12;11;4;6;1;0;2;0;1;0;25;0;0;6;224;54;134;15;10;5;2;;;;;;;;4;;
"031";"Sangerhausen";"15087";"Mansfeld-Südharz";"15087412";"Südharz";"0412";;"000011";"11 - Breitenstein";"U";322;225;0;225;36;136;26;10;2;7;0;0;0;0;0;0;8;0;0;1;224;37;144;26;8;3;6;;;;;;;;0;;
"031";"Sangerhausen";"15087";"Mansfeld-Südharz";"15087412";"Südharz";"0412";;"000012";"12 - Rottleberode";"U";1104;632;5;627;108;329;44;40;13;28;7;3;16;5;2;0;25;1;6;8;624;135;342;68;33;15;21;;;;;;;;10;;
"031";"Sangerhausen";"15087";"Mansfeld-Südharz";"15087412";"Südharz";"0412";;"000013";"13 - Schwenda";"U";390;236;2;234;57;124;13;12;3;12;4;1;4;0;0;0;3;1;0;3;233;67;131;16;9;7;2;;;;;;;;1;;
"031";"Sangerhausen";"15087";"Mansfeld-Südharz";"15087412";"Südharz";"0412";;"000014";"14 - Uftrungen";"U";753;446;5;441;82;230;28;36;8;18;3;2;4;2;1;0;25;1;1;6;440;93;248;40;31;14;10;;;;;;;;4;;
"031";"Sangerhausen";"15087";"Mansfeld-Südharz";"15087412";"Südharz";"0412";;"000015";"15 - Wickerode";"U";188;109;1;108;16;54;7;14;2;5;1;0;2;3;0;1;3;0;0;0;109;27;56;9;9;4;2;;;;;;;;2;;
"031";"Sangerhausen";"15087";"Mansfeld-Südharz";"15087412";"Südharz";"0412";;"000016";"16 - Stolberg";"U";800;457;10;447;75;238;34;32;15;9;7;0;7;2;2;2;23;1;0;9;448;104;249;31;27;27;7;;;;;;;;3;;
"031";"Sangerhausen";"15087";"Mansfeld-Südharz";"15087412";"Südharz";"0412";;"000017";"17 - Briefwahlbezirk 1";"B";0;634;3;631;184;167;75;64;18;53;7;2;6;3;0;3;38;4;7;5;629;234;175;91;41;35;43;;;;;;;;10;;
"031";"Sangerhausen";"15087";"Mansfeld-Südharz";"15087412";"Südharz";"0412";;"000018";"18 - Briefwahlbezirk 2";"B";0;637;3;634;157;202;90;72;20;36;6;0;4;2;4;0;36;4;1;8;629;212;202;99;50;31;29;;;;;;;;6;;
"031";"Sangerhausen";"15087";"Mansfeld-Südharz";"15087440";"Wallhausen";"5051";"Goldene Aue";"000012";"Wallhausen 01";"U";1065;621;4;617;93;347;36;33;11;26;3;2;6;3;2;5;47;0;3;8;613;135;369;45;28;9;13;;;;;;;;14;;
"031";"Sangerhausen";"15087";"Mansfeld-Südharz";"15087440";"Wallhausen";"5051";"Goldene Aue";"000013";"Wallhausen 02 OT Hohlstedt";"U";401;234;2;232;44;119;11;14;3;11;1;0;6;1;1;3;12;3;3;7;227;60;122;17;10;5;5;;;;;;;;8;;
"031";"Sangerhausen";"15087";"Mansfeld-Südharz";"15087440";"Wallhausen";"5051";"Goldene Aue";"000014";"Wallhausen 03 OT Martinsrieth";"U";136;102;3;99;12;72;4;2;2;0;1;0;1;0;0;2;3;0;0;2;100;15;74;6;1;4;0;;;;;;;;0;;
"031";"Sangerhausen";"15087";"Mansfeld-Südharz";"15087440";"Wallhausen";"5051";"Goldene Aue";"000015";"Wallhausen 04 OT Riethnordhausen";"U";389;247;2;245;20;149;13;21;6;9;3;0;5;0;0;4;13;1;1;5;242;34;150;30;11;9;6;;;;;;;;2;;
"031";"Sangerhausen";"15087";"Mansfeld-Südharz";"15087440";"Wallhausen";"5051";"Goldene Aue";"000021";"Briefwahlbezirk 1 Wallhausen";"B";0;322;2;320;85;85;36;42;15;22;1;1;2;3;0;1;22;4;1;6;316;113;87;39;31;24;14;;;;;;;;8;;
"032";"Querfurt";"15084";"Burgenlandkreis";"15084012";"An der Poststraße";"5051";"An der Finne";"000011";"Herrengosserstedt";"U";430;313;4;309;45;188;15;21;6;4;7;3;0;0;1;0;18;0;1;6;307;38;203;20;28;12;4;;;;;;;;2;;
"032";"Querfurt";"15084";"Burgenlandkreis";"15084012";"An der Poststraße";"5051";"An der Finne";"000012";"Klosterhäseler";"U";502;336;6;330;51;199;22;15;2;6;5;0;1;1;0;1;26;1;0;8;328;41;215;29;20;9;7;;;;;;;;7;;
"032";"Querfurt";"15084";"Burgenlandkreis";"15084012";"An der Poststraße";"5051";"An der Finne";"000013";"Wischroda";"U";372;255;4;251;31;159;9;10;11;13;1;0;4;2;1;1;9;0;0;4;251;42;161;11;12;17;6;;;;;;;;2;;
"032";"Querfurt";"15084";"Burgenlandkreis";"15084012";"An der Poststraße";"5051";"An der Finne";"000014";"Briefwahl An der Poststraße";"B";0;152;1;151;39;55;16;10;6;7;3;0;5;1;0;1;8;0;0;5;147;36;59;27;10;7;6;;;;;;;;2;;
"032";"Querfurt";"15084";"Burgenlandkreis";"15084015";"Bad Bibra, Stadt";"5051";"An der Finne";"000021";"Feuerwehr Bad Bibra ";"U";634;367;4;363;33;251;11;20;10;16;1;1;2;2;0;0;15;1;0;3;364;47;255;19;23;12;7;;;;;;;;1;;
"032";"Querfurt";"15084";"Burgenlandkreis";"15084015";"Bad Bibra, Stadt";"5051";"An der Finne";"000022";"Haus des Gastes Bad Bibra";"U";1470;791;10;781;113;412;45;52;34;38;10;0;17;3;3;3;46;3;2;13;778;128;438;69;58;56;21;;;;;;;;8;;
"032";"Querfurt";"15084";"Burgenlandkreis";"15084015";"Bad Bibra, Stadt";"5051";"An der Finne";"000023";"Briefwahl Bad Bibra";"B";0;406;0;406;112;133;40;40;17;21;7;1;3;2;1;1;26;2;0;9;397;99;131;61;38;39;22;;;;;;;;7;;
"032";"Querfurt";"15084";"Burgenlandkreis";"15084125";"Eckartsberga, Stadt";"5051";"An der Finne";"000031";"Burgholzhausen";"U";300;191;1;190;22;136;8;4;1;4;0;0;2;0;1;3;9;0;0;1;190;28;141;8;3;5;4;;;;;;;;1;;
"032";"Querfurt";"15084";"Burgenlandkreis";"15084125";"Eckartsberga, Stadt";"5051";"An der Finne";"000032";"Eckartsberga";"U";1270;684;6;678;89;435;38;34;14;12;10;0;9;1;1;3;32;0;0;7;677;117;448;39;45;15;6;;;;;;;;7;;
"032";"Querfurt";"15084";"Burgenlandkreis";"15084125";"Eckartsberga, Stadt";"5051";"An der Finne";"000033";"Tromsdorf";"U";303;196;4;192;28;117;10;19;2;6;0;0;0;1;0;0;7;2;0;6;190;35;118;13;13;6;4;;;;;;;;1;;
"032";"Querfurt";"15084";"Burgenlandkreis";"15084125";"Eckartsberga, Stadt";"5051";"An der Finne";"000034";"Briefwahl Eckartsberga ";"B";0;332;6;326;78;120;32;37;9;18;3;0;2;0;0;1;22;4;0;9;323;85;119;43;37;25;8;;;;;;;;6;;
"032";"Querfurt";"15084";"Burgenlandkreis";"15084132";"Finne";"5051";"An der Finne";"000041";"Billroda";"U";335;203;1;202;39;111;10;12;2;9;1;1;4;0;0;0;11;1;1;2;201;34;113;16;19;5;10;;;;;;;;4;;
"032";"Querfurt";"15084";"Burgenlandkreis";"15084132";"Finne";"5051";"An der Finne";"000042";"Lossa";"U";558;361;4;357;54;208;20;16;10;6;6;0;6;1;1;3;24;1;1;7;354;72;215;23;12;16;8;;;;;;;;8;;
"032";"Querfurt";"15084";"Burgenlandkreis";"15084132";"Finne";"5051";"An der Finne";"000043";"Briefwahl Finne";"B";0;144;0;144;40;48;11;12;4;13;6;0;2;0;0;0;6;1;1;2;142;48;48;20;11;8;6;;;;;;;;1;;
"032";"Querfurt";"15084";"Burgenlandkreis";"15084133";"Finneland";"5051";"An der Finne";"000051";"Kahlwinkel";"U";249;169;1;168;32;97;9;13;4;2;0;0;4;0;1;1;5;0;0;2;167;26;100;10;20;5;3;;;;;;;;3;;
"032";"Querfurt";"15084";"Burgenlandkreis";"15084133";"Finneland";"5051";"An der Finne";"000052";"Saubach";"U";606;381;6;375;60;191;24;30;22;16;2;0;4;4;0;0;20;1;1;7;374;59;198;38;34;30;6;;;;;;;;9;;
"032";"Querfurt";"15084";"Burgenlandkreis";"15084133";"Finneland";"5051";"An der Finne";"000053";"Briefwahl Finneland ";"B";0;146;0;146;35;57;17;9;8;4;2;0;1;1;0;0;10;0;2;3;143;29;58;21;21;8;2;;;;;;;;4;;
"032";"Querfurt";"15084";"Burgenlandkreis";"15084246";"Kaiserpfalz";"5051";"An der Finne";"000061";"Memleben";"U";603;366;5;361;65;210;25;15;5;10;5;0;3;2;2;1;17;1;0;5;361;71;216;26;22;11;6;;;;;;;;9;;
"032";"Querfurt";"15084";"Burgenlandkreis";"15084246";"Kaiserpfalz";"5051";"An der Finne";"000062";"Wohlmirstedt";"U";629;413;3;410;44;254;40;25;11;11;6;0;1;2;1;1;14;0;0;3;410;58;250;43;34;9;10;;;;;;;;6;;
"032";"Querfurt";"15084";"Burgenlandkreis";"15084246";"Kaiserpfalz";"5051";"An der Finne";"000063";"Briefwahl Kaiserpfalz";"B";0;192;1;191;49;76;6;21;3;7;4;0;3;2;3;3;12;2;0;7;185;37;80;17;31;7;5;;;;;;;;8;;
"032";"Querfurt";"15084";"Burgenlandkreis";"15084282";"Lanitz-Hassel-Tal";"5051";"An der Finne";"000071";"Obermöllern";"U";257;135;0;135;31;67;5;12;3;6;1;0;2;2;0;0;6;0;0;1;134;31;66;12;11;5;7;;;;;;;;2;;
"032";"Querfurt";"15084";"Burgenlandkreis";"15084282";"Lanitz-Hassel-Tal";"5051";"An der Finne";"000072";"Taugwitz";"U";583;426;6;420;75;213;24;23;20;15;7;1;3;1;1;2;31;3;1;10;416;84;225;42;24;26;11;;;;;;;;4;;
"032";"Querfurt";"15084";"Burgenlandkreis";"15084282";"Lanitz-Hassel-Tal";"5051";"An der Finne";"000073";"Briefwahl Lanitz-Hassel-Tal";"B";0;117;0;117;28;48;10;11;2;8;1;0;2;1;2;1;2;1;0;1;116;33;48;17;10;4;3;;;;;;;;1;;
"032";"Querfurt";"15087";"Mansfeld-Südharz";"15087015";"Allstedt, Stadt";"0015";;"000001";"Allstedt West";"U";1176;653;11;642;82;358;33;50;15;22;5;0;6;6;2;6;36;20;1;18;635;98;372;42;49;18;16;;;;;;;;40;;
"032";"Querfurt";"15087";"Mansfeld-Südharz";"15087015";"Allstedt, Stadt";"0015";;"000002";"Allstedt Ost";"U";1103;545;5;540;93;285;51;30;13;18;6;0;9;1;2;1;23;6;2;6;539;112;291;55;28;12;13;;;;;;;;28;;
"032";"Querfurt";"15087";"Mansfeld-Südharz";"15087015";"Allstedt, Stadt";"0015";;"000003";"Beyernaumburg & Othal";"U";639;339;4;335;61;197;21;20;7;4;3;1;3;0;0;1;13;2;2;4;335;64;207;26;20;7;2;;;;;;;;9;;
"032";"Querfurt";"15087";"Mansfeld-Südharz";"15087015";"Allstedt, Stadt";"0015";;"000004";"Emseloh";"U";403;271;1;270;43;156;19;16;7;5;1;0;4;1;0;4;14;0;0;3;268;51;159;22;14;14;6;;;;;;;;2;;
"032";"Querfurt";"15087";"Mansfeld-Südharz";"15087015";"Allstedt, Stadt";"0015";;"000005";"Holdenstedt";"U";485;312;4;308;47;159;26;16;3;10;3;0;5;0;1;1;36;0;1;2;310;55;179;41;22;5;4;;;;;;;;4;;
"032";"Querfurt";"15087";"Mansfeld-Südharz";"15087015";"Allstedt, Stadt";"0015";;"000006";"Liedersdorf";"U";208;144;2;142;8;95;5;8;6;4;2;1;1;0;0;1;9;2;0;3;141;11;101;7;8;7;0;;;;;;;;7;;
"032";"Querfurt";"15087";"Mansfeld-Südharz";"15087015";"Allstedt, Stadt";"0015";;"000007";"Mittelhausen & Einsdorf";"U";392;260;1;259;40;152;9;13;5;4;1;0;2;5;0;2;22;4;0;2;258;43;159;17;13;9;3;;;;;;;;14;;
"032";"Querfurt";"15087";"Mansfeld-Südharz";"15087015";"Allstedt, Stadt";"0015";;"000008";"Niederröblingen";"U";311;213;2;211;38;109;15;16;4;14;1;0;4;1;0;0;7;2;0;2;211;51;109;18;18;9;3;;;;;;;;3;;
"032";"Querfurt";"15087";"Mansfeld-Südharz";"15087015";"Allstedt, Stadt";"0015";;"000009";"Nienstedt & Einzingen";"U";258;143;3;140;15;98;5;7;2;3;1;0;2;1;0;0;5;1;0;2;141;17;104;7;7;2;0;;;;;;;;4;;
"032";"Querfurt";"15087";"Mansfeld-Südharz";"15087015";"Allstedt, Stadt";"0015";;"000010";"Pölsfeld";"U";275;196;4;192;32;99;13;18;4;10;0;0;2;1;0;0;12;1;0;6;190;38;105;15;19;7;4;;;;;;;;2;;
"032";"Querfurt";"15087";"Mansfeld-Südharz";"15087015";"Allstedt, Stadt";"0015";;"000011";"Winkel";"U";214;152;1;151;22;93;8;6;7;5;0;1;2;0;0;1;4;2;0;1;151;29;97;7;7;7;1;;;;;;;;3;;
"032";"Querfurt";"15087";"Mansfeld-Südharz";"15087015";"Allstedt, Stadt";"0015";;"000012";"Wolferstedt & Klosternaundorf";"U";492;345;4;341;47;231;10;17;3;4;1;0;4;0;0;2;18;2;2;5;340;51;243;20;17;2;3;;;;;;;;4;;
"032";"Querfurt";"15087";"Mansfeld-Südharz";"15087015";"Allstedt, Stadt";"0015";;"000013";"Sotterhausen";"U";146;112;1;111;12;67;6;4;2;3;1;0;1;2;2;0;9;2;0;0;112;13;72;9;9;4;0;;;;;;;;5;;
"032";"Querfurt";"15087";"Mansfeld-Südharz";"15087015";"Allstedt, Stadt";"0015";;"000014";"Katharinenrieth";"U";156;103;3;100;15;40;13;11;3;5;1;0;2;0;0;1;7;2;0;4;99;19;43;13;10;1;7;;;;;;;;6;;
"032";"Querfurt";"15087";"Mansfeld-Südharz";"15087015";"Allstedt, Stadt";"0015";;"000015";"Briefwahl";"B";0;1123;7;1116;272;340;126;123;46;63;12;1;10;6;2;2;84;23;6;11;1112;306;361;149;141;50;40;;;;;;;;65;;
"032";"Querfurt";"15088";"Saalekreis";"15088025";"Bad Lauchstädt, Goethestadt";"0025";;"000001";"Bad Lauchstädt I";"U";1901;969;8;961;165;523;45;58;22;55;15;2;11;3;0;5;52;1;4;6;963;213;554;80;40;39;26;;;;;;;;11;;
"032";"Querfurt";"15088";"Saalekreis";"15088025";"Bad Lauchstädt, Goethestadt";"0025";;"000002";"Bad Lauchstädt II";"U";1678;923;8;915;104;589;37;41;10;41;7;2;8;6;3;6;51;3;7;12;911;149;611;56;45;18;18;;;;;;;;14;;
"032";"Querfurt";"15088";"Saalekreis";"15088025";"Bad Lauchstädt, Goethestadt";"0025";;"000003";"Delitz am Berge";"U";709;478;10;468;65;283;16;25;19;13;2;2;11;1;0;4;26;0;1;12;466;96;296;31;10;21;8;;;;;;;;4;;
"032";"Querfurt";"15088";"Saalekreis";"15088025";"Bad Lauchstädt, Goethestadt";"0025";;"000004";"Großgräfendorf";"U";368;244;2;242;38;151;8;14;4;12;1;1;6;0;0;0;7;0;0;1;243;55;154;7;7;10;8;;;;;;;;2;;
"032";"Querfurt";"15088";"Saalekreis";"15088025";"Bad Lauchstädt, Goethestadt";"0025";;"000005";"Klobikau";"U";469;311;0;311;56;191;12;12;6;8;5;0;4;1;1;0;12;2;1;1;310;62;199;16;18;6;2;;;;;;;;7;;
"032";"Querfurt";"15088";"Saalekreis";"15088025";"Bad Lauchstädt, Goethestadt";"0025";;"000006";"Milzau";"U";677;414;3;411;59;258;18;19;11;20;6;0;4;0;0;1;14;1;0;3;411;79;260;28;12;22;5;;;;;;;;5;;
"032";"Querfurt";"15088";"Saalekreis";"15088025";"Bad Lauchstädt, Goethestadt";"0025";;"000007";"Schafstädt";"U";1605;850;16;834;122;514;46;42;20;30;9;1;10;6;4;2;25;1;2;18;832;154;533;58;36;35;11;;;;;;;;5;;
"032";"Querfurt";"15088";"Saalekreis";"15088025";"Bad Lauchstädt, Goethestadt";"0025";;"000008";"Briefwahlvorstand I";"B";0;863;6;857;289;230;68;77;28;66;13;0;6;10;2;6;53;7;2;11;852;351;243;100;63;43;33;;;;;;;;19;;
"032";"Querfurt";"15088";"Saalekreis";"15088025";"Bad Lauchstädt, Goethestadt";"0025";;"000009";"Briefwahlvorstand II";"B";0;838;4;834;226;287;72;77;22;78;9;0;8;7;0;6;35;2;5;7;831;305;300;88;51;36;40;;;;;;;;11;;
"032";"Querfurt";"15088";"Saalekreis";"15088030";"Barnstädt";"5051";"Weida-Land";"000003";"Barnstädt";"U";773;449;2;447;77;253;24;27;10;13;7;0;3;1;2;1;28;1;0;3;446;94;261;32;25;19;8;;;;;;;;7;;
"032";"Querfurt";"15088";"Saalekreis";"15088030";"Barnstädt";"5051";"Weida-Land";"000084";"Briefwahlbezirk Barnstädt";"B";0;169;0;169;45;53;21;15;10;8;1;0;2;1;1;1;11;0;0;0;169;48;55;28;15;13;5;;;;;;;;5;;
"032";"Querfurt";"15088";"Saalekreis";"15088100";"Farnstädt";"5051";"Weida-Land";"000002";"Alberstedt";"U";343;215;3;212;28;141;15;9;1;4;2;0;2;0;1;0;9;0;0;5;210;30;143;20;7;3;2;;;;;;;;5;;
"032";"Querfurt";"15088";"Saalekreis";"15088100";"Farnstädt";"5051";"Weida-Land";"000005";"Kulturhaus Farnstädt";"U";873;574;10;564;94;333;34;25;12;13;10;3;8;5;0;2;24;1;0;5;569;105;354;42;28;18;12;;;;;;;;10;;
"032";"Querfurt";"15088";"Saalekreis";"15088100";"Farnstädt";"5051";"Weida-Land";"000184";"Briefwahlbezirk Farnstädt";"B";0;182;0;182;40;55;20;22;10;15;1;0;2;1;0;0;10;5;1;0;182;48;56;31;24;9;7;;;;;;;;7;;
"032";"Querfurt";"15088";"Saalekreis";"15088235";"Mücheln (Geiseltal), Stadt";"0235";;"000001";"Grundschule";"U";878;456;5;451;56;284;32;25;4;14;5;0;4;0;0;3;23;0;1;9;447;81;290;36;18;10;9;;;;;;;;3;;
"032";"Querfurt";"15088";"Saalekreis";"15088235";"Mücheln (Geiseltal), Stadt";"0235";;"000002";"KiTa ""Zur lustigen Eisenbahn""";"U";1500;843;5;838;113;535;55;44;9;18;5;7;9;2;2;4;33;2;0;6;837;127;559;69;36;20;18;;;;;;;;8;;
"032";"Querfurt";"15088";"Saalekreis";"15088235";"Mücheln (Geiseltal), Stadt";"0235";;"000003";"Bürgersaal";"U";768;442;4;438;65;259;23;31;12;18;6;0;4;1;0;0;17;2;0;6;436;90;262;30;23;20;6;;;;;;;;5;;
"032";"Querfurt";"15088";"Saalekreis";"15088235";"Mücheln (Geiseltal), Stadt";"0235";;"000004";"Geiseltalseekirche Biendorf";"U";303;202;1;201;37;116;9;11;4;8;2;0;1;0;1;3;9;0;0;1;201;45;120;15;11;4;5;;;;;;;;1;;
"032";"Querfurt";"15088";"Saalekreis";"15088235";"Mücheln (Geiseltal), Stadt";"0235";;"000005";"Gutshaus Branderoda";"U";176;126;2;124;23;64;8;12;3;5;0;0;1;0;0;1;6;1;0;3;123;26;66;7;14;4;5;;;;;;;;1;;
"032";"Querfurt";"15088";"Saalekreis";"15088235";"Mücheln (Geiseltal), Stadt";"0235";;"000006";"KiTa ""Regenbogen"" ";"U";638;398;4;394;63;239;13;20;8;16;3;0;4;2;1;4;19;1;1;4;394;78;255;23;12;10;14;;;;;;;;2;;
"032";"Querfurt";"15088";"Saalekreis";"15088235";"Mücheln (Geiseltal), Stadt";"0235";;"000007";"Feuerwehr Wünsch";"U";452;291;3;288;62;158;12;18;3;14;4;1;1;0;2;1;10;2;0;3;288;82;163;15;16;2;6;;;;;;;;4;;
"032";"Querfurt";"15088";"Saalekreis";"15088235";"Mücheln (Geiseltal), Stadt";"0235";;"000008";"Sporthalle Langeneichstädt";"U";995;560;8;552;82;348;24;28;7;19;7;1;2;2;1;1;26;2;2;8;552;109;352;36;24;18;7;;;;;;;;6;;
"032";"Querfurt";"15088";"Saalekreis";"15088235";"Mücheln (Geiseltal), Stadt";"0235";;"000009";"Bauernstube Gröst";"U";436;287;4;283;50;170;13;17;5;5;1;0;2;0;0;2;15;0;3;6;281;58;168;22;17;14;1;;;;;;;;1;;
"032";"Querfurt";"15088";"Saalekreis";"15088235";"Mücheln (Geiseltal), Stadt";"0235";;"000010";"Gemeindeverwaltung Oechlitz/Schmirma";"U";378;224;4;220;30;145;5;7;3;12;1;3;0;0;1;0;10;2;1;4;220;38;147;7;10;5;11;;;;;;;;2;;
"032";"Querfurt";"15088";"Saalekreis";"15088235";"Mücheln (Geiseltal), Stadt";"0235";;"000011";"KiTa ""Gänseblümchen""";"U";306;214;6;208;44;116;13;13;6;3;1;0;1;0;0;1;9;1;0;5;209;52;115;20;12;6;2;;;;;;;;2;;
"032";"Querfurt";"15088";"Saalekreis";"15088235";"Mücheln (Geiseltal), Stadt";"0235";;"000012";"Briefwahllokal";"B";0;1238;8;1230;354;448;106;100;39;74;11;0;15;1;1;6;66;8;1;14;1224;423;458;157;69;51;44;;;;;;;;22;;
"032";"Querfurt";"15088";"Saalekreis";"15088250";"Nemsdorf-Göhrendorf";"5051";"Weida-Land";"000006";"Nemsdorf-Göhrendorf";"U";675;427;5;422;78;244;24;27;9;12;1;0;4;0;0;2;20;1;0;10;417;97;254;30;23;6;5;;;;;;;;2;;
"032";"Querfurt";"15088";"Saalekreis";"15088250";"Nemsdorf-Göhrendorf";"5051";"Weida-Land";"000284";"Briefwahlbezirk Nemsdorf-Göhrendorf";"B";0;140;3;137;34;39;16;19;4;7;1;0;1;2;0;1;12;0;1;4;136;51;40;25;7;8;1;;;;;;;;4;;
"032";"Querfurt";"15088";"Saalekreis";"15088265";"Obhausen";"5051";"Weida-Land";"000004";"Esperstedt";"U";464;297;4;293;40;194;16;15;1;9;0;0;3;2;1;1;10;1;0;3;294;40;202;23;21;4;2;;;;;;;;2;;
"032";"Querfurt";"15088";"Saalekreis";"15088265";"Obhausen";"5051";"Weida-Land";"000007";"Obhausen";"U";1351;817;12;805;110;470;57;55;18;30;6;5;4;6;2;3;35;3;1;13;804;160;483;67;38;28;18;;;;;;;;10;;
"032";"Querfurt";"15088";"Saalekreis";"15088265";"Obhausen";"5051";"Weida-Land";"000384";"Briefwahlbezirk Obhausen";"B";0;348;1;347;96;86;44;44;11;29;2;0;4;4;0;0;26;1;0;3;345;129;91;59;29;22;5;;;;;;;;10;;
"032";"Querfurt";"15088";"Saalekreis";"15088305";"Querfurt, Stadt";"0305";;"000001";"Rathaus";"U";902;464;3;461;45;266;30;30;8;30;7;0;8;2;1;7;26;0;1;4;460;71;277;45;27;18;14;;;;;;;;8;;
"032";"Querfurt";"15088";"Saalekreis";"15088305";"Querfurt, Stadt";"0305";;"000002";"KITA ""Buratino""";"U";1195;559;7;552;95;297;41;33;13;13;7;3;9;2;0;5;30;1;3;10;549;110;318;51;28;25;6;;;;;;;;11;;
"032";"Querfurt";"15088";"Saalekreis";"15088305";"Querfurt, Stadt";"0305";;"000003";"Hort ""Quernekids""";"U";1155;616;8;608;106;294;58;40;11;31;4;1;6;4;4;6;39;4;0;14;602;149;308;67;32;23;8;;;;;;;;15;;
"032";"Querfurt";"15088";"Saalekreis";"15088305";"Querfurt, Stadt";"0305";;"000004";"Haus der Vereine";"U";1012;608;9;599;96;344;30;37;9;28;6;1;8;4;0;5;27;3;1;14;594;130;354;37;28;20;17;;;;;;;;8;;
"032";"Querfurt";"15088";"Saalekreis";"15088305";"Querfurt, Stadt";"0305";;"000005";"Begegnungsstätte VS";"U";781;405;9;396;34;246;35;20;6;13;4;1;7;1;0;5;23;0;1;11;394;45;255;53;21;10;5;;;;;;;;5;;
"032";"Querfurt";"15088";"Saalekreis";"15088305";"Querfurt, Stadt";"0305";;"000006";"Vereinshaus Lodersleben";"U";609;372;5;367;48;232;20;18;7;11;3;1;8;0;1;0;14;2;2;5;367;69;237;24;10;14;7;;;;;;;;6;;
"032";"Querfurt";"15088";"Saalekreis";"15088305";"Querfurt, Stadt";"0305";;"000007";"Kegelbahn Gatterstädt";"U";501;340;0;340;67;174;34;12;8;11;2;0;3;1;0;2;21;3;2;2;338;83;174;50;11;13;0;;;;;;;;7;;
"032";"Querfurt";"15088";"Saalekreis";"15088305";"Querfurt, Stadt";"0305";;"000008";"Gemeindesaal Kleineichstädt";"U";266;164;0;164;23;111;8;10;3;4;2;0;0;0;0;0;2;1;0;0;164;25;113;8;11;5;1;;;;;;;;1;;
"032";"Querfurt";"15088";"Saalekreis";"15088305";"Querfurt, Stadt";"0305";;"000009";"Kulturhaus Leimbach";"U";252;161;2;159;13;100;16;10;1;8;1;1;0;2;0;0;6;1;0;1;160;23;105;19;8;0;2;;;;;;;;3;;
"032";"Querfurt";"15088";"Saalekreis";"15088305";"Querfurt, Stadt";"0305";;"000010";"Feuerwehr Niederschmon";"U";511;315;2;313;21;227;15;15;7;5;5;0;1;1;1;2;12;1;0;3;312;32;231;18;12;10;2;;;;;;;;7;;
"032";"Querfurt";"15088";"Saalekreis";"15088305";"Querfurt, Stadt";"0305";;"000011";"Turnhalle Vitzenburg";"U";479;280;6;274;34;184;6;7;12;10;1;0;3;1;0;2;13;0;1;10;270;50;188;10;5;11;3;;;;;;;;3;;
"032";"Querfurt";"15088";"Saalekreis";"15088305";"Querfurt, Stadt";"0305";;"000012";"Kulturhaus Weißenschirmbach";"U";356;228;4;224;21;147;10;11;6;9;1;0;1;1;0;1;16;0;0;3;225;39;153;13;6;7;2;;;;;;;;5;;
"032";"Querfurt";"15088";"Saalekreis";"15088305";"Querfurt, Stadt";"0305";;"000013";"Vereinshaus Sportplatz Ziegelroda";"U";525;294;1;293;52;177;13;4;10;9;4;1;4;1;1;2;14;0;1;2;292;54;184;15;7;16;3;;;;;;;;13;;
"032";"Querfurt";"15088";"Saalekreis";"15088305";"Querfurt, Stadt";"0305";;"000014";"Briefwahl 1";"B";0;500;8;492;173;118;46;35;12;47;7;0;5;1;1;0;42;5;0;12;488;219;124;71;22;25;15;;;;;;;;12;;
"032";"Querfurt";"15088";"Saalekreis";"15088305";"Querfurt, Stadt";"0305";;"000015";"Briefwahl 2";"B";0;523;4;519;145;157;56;54;16;31;7;2;8;1;1;2;34;5;0;8;515;182;177;67;40;25;12;;;;;;;;12;;
"032";"Querfurt";"15088";"Saalekreis";"15088305";"Querfurt, Stadt";"0305";;"000016";"Briefwahl 3";"B";0;501;4;497;144;149;43;45;30;27;6;1;4;3;0;4;39;1;1;6;495;168;155;70;42;38;9;;;;;;;;13;;
"032";"Querfurt";"15088";"Saalekreis";"15088340";"Schraplau, Stadt";"5051";"Weida-Land";"000008";"Schraplau";"U";840;462;1;461;62;298;22;22;10;10;2;2;2;4;0;1;23;3;0;4;458;70;309;29;23;17;3;;;;;;;;7;;
"032";"Querfurt";"15088";"Saalekreis";"15088340";"Schraplau, Stadt";"5051";"Weida-Land";"000484";"Briefwahlbezirk Schraplau";"B";0;148;1;147;44;47;11;20;6;10;1;0;2;1;1;0;4;0;0;2;146;45;47;15;21;10;7;;;;;;;;1;;
"032";"Querfurt";"15088";"Saalekreis";"15088355";"Steigra";"5051";"Weida-Land";"000001";"Albersroda";"U";313;180;3;177;38;100;7;8;4;6;3;2;0;1;0;0;6;2;0;3;177;48;100;6;12;6;2;;;;;;;;3;;
"032";"Querfurt";"15088";"Saalekreis";"15088355";"Steigra";"5051";"Weida-Land";"000009";"Steigra";"U";584;322;4;318;54;185;21;23;3;11;3;0;3;2;0;0;10;3;0;4;318;65;192;29;18;9;3;;;;;;;;2;;
"032";"Querfurt";"15088";"Saalekreis";"15088355";"Steigra";"5051";"Weida-Land";"000584";"Briefwahlbezirk Steigra";"B";0;219;1;218;74;68;5;20;8;16;1;0;4;1;0;1;9;10;1;2;217;95;65;12;16;10;6;;;;;;;;13;;
"033";"Merseburg";"15088";"Saalekreis";"15088065";"Braunsbedra, Stadt";"0065";;"000001";"Rathaus-Trauzimmer";"U";663;365;4;361;53;218;22;23;10;11;2;0;1;1;2;4;14;0;0;8;357;64;233;24;20;11;5;;;;;;;;;;
"033";"Merseburg";"15088";"Saalekreis";"15088065";"Braunsbedra, Stadt";"0065";;"000002";"Rathaus-Sitzungssaal";"U";1083;537;8;529;101;298;36;28;10;26;2;1;4;2;0;2;18;0;1;10;527;134;306;41;20;12;14;;;;;;;;;;
"033";"Merseburg";"15088";"Saalekreis";"15088065";"Braunsbedra, Stadt";"0065";;"000003";"Lessing-Grundschule";"U";775;400;9;391;46;230;31;21;11;17;2;0;4;1;1;7;17;0;3;9;391;70;242;43;12;17;7;;;;;;;;;;
"033";"Merseburg";"15088";"Saalekreis";"15088065";"Braunsbedra, Stadt";"0065";;"000004";"Kiga Sonnenschein ";"U";603;305;2;303;50;172;25;12;5;7;1;1;5;1;0;3;19;0;2;2;303;60;185;32;10;10;6;;;;;;;;;;
"033";"Merseburg";"15088";"Saalekreis";"15088065";"Braunsbedra, Stadt";"0065";;"000005";"St.Barbara Sporthalle";"U";720;422;4;418;70;229;31;25;7;17;5;0;3;2;1;1;25;0;2;4;418;86;233;40;35;12;12;;;;;;;;;;
"033";"Merseburg";"15088";"Saalekreis";"15088065";"Braunsbedra, Stadt";"0065";;"000006";"Bungalow des Heimatvereins";"U";752;439;8;431;47;279;27;18;7;14;2;0;7;2;2;1;23;1;1;5;434;58;295;37;19;17;8;;;;;;;;;;
"033";"Merseburg";"15088";"Saalekreis";"15088065";"Braunsbedra, Stadt";"0065";;"000007";"OT Frankleben- Harry Kaßler Sporhalle ";"U";1194;734;10;724;88;485;33;27;7;29;3;1;10;2;5;4;29;0;1;6;728;111;506;48;30;19;14;;;;;;;;;;
"033";"Merseburg";"15088";"Saalekreis";"15088065";"Braunsbedra, Stadt";"0065";;"000008";"OT Großkayna- Feuerwehrgebäude";"U";762;487;5;482;93;243;35;33;16;22;4;0;3;2;1;5;24;0;1;8;479;118;261;42;35;18;5;;;;;;;;;;
"033";"Merseburg";"15088";"Saalekreis";"15088065";"Braunsbedra, Stadt";"0065";;"000009";"OT Roßbach- Schule";"U";1343;734;5;729;87;444;40;49;15;26;7;1;15;1;3;3;36;0;2;10;724;112;465;63;51;25;8;;;;;;;;;;
"033";"Merseburg";"15088";"Saalekreis";"15088065";"Braunsbedra, Stadt";"0065";;"000010";"OT Krumpa-Bürgerzentrum";"U";669;428;3;425;67;252;24;25;12;17;3;4;3;2;0;3;13;0;0;5;423;87;261;36;19;12;8;;;;;;;;;;
"033";"Merseburg";"15088";"Saalekreis";"15088065";"Braunsbedra, Stadt";"0065";;"000011";"Briefwahl";"B";0;1587;9;1578;486;522;147;141;44;89;19;0;26;10;4;10;71;6;3;25;1562;576;543;204;110;94;35;;;;;;;;;;
"033";"Merseburg";"15088";"Saalekreis";"15088205";"Leuna, Stadt";"0205";;"000010";"Leuna 1";"U";1448;657;3;654;54;469;40;28;10;17;4;0;4;0;2;3;22;0;1;4;653;80;477;48;26;14;8;;;;;;;;;;
"033";"Merseburg";"15088";"Saalekreis";"15088205";"Leuna, Stadt";"0205";;"000020";"Leuna 2";"U";1763;838;12;826;110;508;59;40;11;39;1;0;12;3;4;3;33;2;1;18;820;164;522;68;28;28;10;;;;;;;;;;
"033";"Merseburg";"15088";"Saalekreis";"15088205";"Leuna, Stadt";"0205";;"000030";"Leuna 3";"U";1964;940;16;924;130;577;49;51;15;40;2;0;14;4;4;2;33;0;3;17;923;193;599;65;34;21;11;;;;;;;;;;
"033";"Merseburg";"15088";"Saalekreis";"15088205";"Leuna, Stadt";"0205";;"000201";"Briefwahl 1";"B";0;1554;4;1550;499;467;133;168;55;87;18;0;12;9;2;9;81;6;4;15;1539;610;465;186;142;94;42;;;;;;;;;;
"033";"Merseburg";"15088";"Saalekreis";"15088220";"Merseburg, Stadt";"0220";;"000001";"Jugendzentrum ""Mampfe"" I";"U";1150;504;8;496;57;291;30;35;7;36;3;1;2;0;0;2;30;1;1;10;494;90;312;32;36;12;12;;;;;;;;;;
"033";"Merseburg";"15088";"Saalekreis";"15088220";"Merseburg, Stadt";"0220";;"000002";"Jugendzentrum ""Mampfe"" II";"U";987;469;6;463;55;248;44;31;9;30;1;0;5;2;3;3;27;1;4;6;463;89;258;65;23;15;13;;;;;;;;;;
"033";"Merseburg";"15088";"Saalekreis";"15088220";"Merseburg, Stadt";"0220";;"000003";"Sekundarschule ""Johann Wolfgang von Goethe""";"U";1730;792;12;780;130;413;56;56;11;56;0;1;5;2;3;6;39;0;2;12;780;183;425;69;52;20;31;;;;;;;;;;
"033";"Merseburg";"15088";"Saalekreis";"15088220";"Merseburg, Stadt";"0220";;"000004";"Stadtbibliothek";"U";1437;683;8;675;97;343;59;55;10;57;4;1;5;3;5;0;32;1;3;8;675;157;363;73;49;12;21;;;;;;;;;;
"033";"Merseburg";"15088";"Saalekreis";"15088220";"Merseburg, Stadt";"0220";;"000005";"Grundschule ""Joliot Curie"" III";"U";1200;592;4;588;95;312;39;34;17;37;9;3;4;1;1;0;35;0;1;8;584;137;326;54;33;24;10;;;;;;;;;;
"033";"Merseburg";"15088";"Saalekreis";"15088220";"Merseburg, Stadt";"0220";;"000006";"Kindertagesstätte ""Feldmäuse""";"U";1452;747;7;740;115;449;31;51;10;32;3;1;3;2;2;3;33;0;5;11;736;141;470;52;43;20;10;;;;;;;;;;
"033";"Merseburg";"15088";"Saalekreis";"15088220";"Merseburg, Stadt";"0220";;"000007";"Grundschule ""Joliot Curie"" I";"U";1293;649;4;645;103;351;46;37;8;33;2;1;10;0;3;5;43;1;2;7;642;148;371;54;42;12;15;;;;;;;;;;
"033";"Merseburg";"15088";"Saalekreis";"15088220";"Merseburg, Stadt";"0220";;"000008";"Grundschule ""Joliot Curie"" II";"U";1192;635;3;632;102;355;44;42;10;36;2;0;12;3;2;2;21;1;0;8;627;128;361;57;52;18;11;;;;;;;;;;
"033";"Merseburg";"15088";"Saalekreis";"15088220";"Merseburg, Stadt";"0220";;"000009";"Grund- und Sekundarschule ""Albrecht Dürer"" I";"U";1378;714;8;706;85;403;46;44;18;51;4;1;10;3;2;8;30;0;1;11;703;135;428;59;38;24;19;;;;;;;;;;
"033";"Merseburg";"15088";"Saalekreis";"15088220";"Merseburg, Stadt";"0220";;"000010";"Grund- und Sekundarschule ""Albrecht Dürer"" II";"U";1407;698;10;688;112;362;42;57;13;46;2;0;9;3;2;5;32;2;1;12;686;161;376;68;46;21;14;;;;;;;;;;
"033";"Merseburg";"15088";"Saalekreis";"15088220";"Merseburg, Stadt";"0220";;"000011";"Feuerwehr Merseburg";"U";1351;650;7;643;91;349;48;37;28;38;3;0;9;1;2;3;33;0;1;9;641;127;367;60;27;42;18;;;;;;;;;;
"033";"Merseburg";"15088";"Saalekreis";"15088220";"Merseburg, Stadt";"0220";;"000012";"Kindertagesstätte ""Buratino""";"U";1160;541;11;530;74;335;27;24;5;20;5;5;6;3;2;3;18;0;3;7;534;91;346;42;32;13;10;;;;;;;;;;
"033";"Merseburg";"15088";"Saalekreis";"15088220";"Merseburg, Stadt";"0220";;"000013";"Grundschule West ""Otto-Lilienthal"" I";"U";1343;619;5;614;83;334;50;41;10;49;2;0;16;3;0;3;20;1;2;8;611;123;350;72;37;17;12;;;;;;;;;;
"033";"Merseburg";"15088";"Saalekreis";"15088220";"Merseburg, Stadt";"0220";;"000014";"Grundschule West ""Otto-Lilienthal"" II";"U";1388;680;4;676;118;299;56;34;22;64;15;2;6;2;2;4;38;3;11;9;671;171;324;85;30;37;24;;;;;;;;;;
"033";"Merseburg";"15088";"Saalekreis";"15088220";"Merseburg, Stadt";"0220";;"000015";"Grundschule Süd ""Am Geiseltaltor"" I";"U";1068;504;7;497;61;296;35;28;12;35;1;0;8;2;0;2;13;3;1;4;500;81;305;48;33;17;16;;;;;;;;;;
"033";"Merseburg";"15088";"Saalekreis";"15088220";"Merseburg, Stadt";"0220";;"000016";"Grundschule Süd ""Am Geiseltaltor"" II";"U";975;426;7;419;53;259;35;27;2;13;3;1;8;4;0;0;11;1;2;9;417;67;273;44;20;11;2;;;;;;;;;;
"033";"Merseburg";"15088";"Saalekreis";"15088220";"Merseburg, Stadt";"0220";;"000017";"Schule Am Südpark, Südparkschule, Förderschule";"U";1438;804;3;801;120;473;46;44;14;20;8;2;8;2;3;4;54;1;2;10;794;165;489;61;45;27;7;;;;;;;;;;
"033";"Merseburg";"15088";"Saalekreis";"15088220";"Merseburg, Stadt";"0220";;"000018";"Gaststätte Sportlerheim Meuschau";"U";885;508;1;507;105;269;27;34;10;24;3;1;6;0;1;1;26;0;0;4;504;135;280;29;35;15;10;;;;;;;;;;
"033";"Merseburg";"15088";"Saalekreis";"15088220";"Merseburg, Stadt";"0220";;"000019";"Bürgerbüro Beuna";"U";723;487;1;486;66;309;21;22;10;8;7;1;8;8;0;1;24;0;1;7;480;89;309;32;22;22;6;;;;;;;;;;
"033";"Merseburg";"15088";"Saalekreis";"15088220";"Merseburg, Stadt";"0220";;"000020";"Landfrauenverein Blösien e.V.";"U";338;211;3;208;22;131;9;12;8;5;2;0;4;3;0;1;11;0;0;5;206;33;138;13;7;11;4;;;;;;;;;;
"033";"Merseburg";"15088";"Saalekreis";"15088220";"Merseburg, Stadt";"0220";;"000021";"Gemeinderaum Geusa";"U";848;583;8;575;112;261;31;48;17;49;3;0;9;4;3;1;34;1;2;12;571;169;280;36;45;30;11;;;;;;;;;;
"033";"Merseburg";"15088";"Saalekreis";"15088220";"Merseburg, Stadt";"0220";;"000022";"Briefwahl 1";"B";0;799;6;793;211;215;87;118;20;85;4;1;6;1;2;2;38;1;2;8;791;300;213;126;74;38;40;;;;;;;;;;
"033";"Merseburg";"15088";"Saalekreis";"15088220";"Merseburg, Stadt";"0220";;"000023";"Briefwahl 2";"B";0;847;3;844;249;214;59;121;26;76;10;5;8;2;6;5;58;2;3;10;837;359;224;78;106;42;28;;;;;;;;;;
"033";"Merseburg";"15088";"Saalekreis";"15088220";"Merseburg, Stadt";"0220";;"000024";"Briefwahl 3";"B";0;714;2;712;197;219;81;60;14;71;6;2;4;0;8;5;41;3;1;5;709;281;226;94;59;31;18;;;;;;;;;;
"033";"Merseburg";"15088";"Saalekreis";"15088220";"Merseburg, Stadt";"0220";;"000025";"Briefwahl 4";"B";0;726;2;724;213;211;66;80;25;51;2;0;7;7;3;5;49;3;2;6;720;272;210;98;62;50;28;;;;;;;;;;
"033";"Merseburg";"15088";"Saalekreis";"15088220";"Merseburg, Stadt";"0220";;"000026";"Briefwahl 5";"B";0;906;0;906;265;237;108;105;32;79;9;0;8;6;4;6;41;2;4;7;899;342;245;148;91;41;32;;;;;;;;;;
"033";"Merseburg";"15088";"Saalekreis";"15088220";"Merseburg, Stadt";"0220";;"000027";"Briefwahl 6";"B";0;756;0;756;204;237;62;86;31;76;10;1;7;2;1;0;35;3;1;8;748;288;246;80;58;41;35;;;;;;;;;;
"033";"Merseburg";"15088";"Saalekreis";"15088220";"Merseburg, Stadt";"0220";;"000028";"Briefwahl 7";"B";0;642;0;642;163;196;67;68;29;79;3;1;4;2;2;1;24;0;3;1;641;224;207;81;61;40;28;;;;;;;;;;
"034";"Bad Dürrenberg-Saalekreis";"15088";"Saalekreis";"15088020";"Bad Dürrenberg, Stadt";"0020";;"000001";"Bildungszentrum - Kaffeestube";"U";1249;752;3;749;116;457;33;37;14;35;10;1;7;0;3;0;31;2;3;2;750;147;460;39;27;26;20;;;;;;;31;;;
"034";"Bad Dürrenberg-Saalekreis";"15088";"Saalekreis";"15088020";"Bad Dürrenberg, Stadt";"0020";;"000002";"Friedrich-Engels-Grundschule";"U";1567;692;6;686;122;408;27;41;21;29;3;1;8;5;2;3;15;0;1;4;688;144;417;34;33;31;14;;;;;;;15;;;
"034";"Bad Dürrenberg-Saalekreis";"15088";"Saalekreis";"15088020";"Bad Dürrenberg, Stadt";"0020";;"000003";"Kindertagesstätte Spatzennest";"U";1375;733;5;728;96;417;60;43;12;48;3;0;9;0;1;5;30;1;3;5;728;123;428;72;38;22;21;;;;;;;24;;;
"034";"Bad Dürrenberg-Saalekreis";"15088";"Saalekreis";"15088020";"Bad Dürrenberg, Stadt";"0020";;"000004";"Johann-Gottfried-Borlach Gemeinschaftsschule";"U";1019;550;6;544;76;307;34;38;10;30;9;1;8;0;1;4;24;2;0;6;544;89;307;51;29;30;10;;;;;;;28;;;
"034";"Bad Dürrenberg-Saalekreis";"15088";"Saalekreis";"15088020";"Bad Dürrenberg, Stadt";"0020";;"000005";"Siedlungs-Grundschule";"U";1351;691;9;682;114;378;50;43;19;23;11;1;10;2;0;5;26;0;0;9;682;120;384;62;45;33;9;;;;;;;29;;;
"034";"Bad Dürrenberg-Saalekreis";"15088";"Saalekreis";"15088020";"Bad Dürrenberg, Stadt";"0020";;"000006";"Bürger- und Vereinshaus";"U";1232;706;4;702;97;410;32;34;27;37;6;0;12;3;0;3;37;3;1;7;699;128;417;35;35;43;12;;;;;;;29;;;
"034";"Bad Dürrenberg-Saalekreis";"15088";"Saalekreis";"15088020";"Bad Dürrenberg, Stadt";"0020";;"000007";"Dorfgemeinschaftshaus Nempitz (Jugendclub)";"U";221;163;0;163;18;106;8;6;3;6;0;0;3;0;0;2;10;1;0;1;162;28;106;10;7;3;4;;;;;;;4;;;
"034";"Bad Dürrenberg-Saalekreis";"15088";"Saalekreis";"15088020";"Bad Dürrenberg, Stadt";"0020";;"000008";"Grundschule Tollwitz";"U";907;554;4;550;77;320;35;27;17;36;4;0;7;3;1;3;19;1;0;5;549;100;320;47;19;35;14;;;;;;;14;;;
"034";"Bad Dürrenberg-Saalekreis";"15088";"Saalekreis";"15088020";"Bad Dürrenberg, Stadt";"0020";;"000009";"Haus der Begegnung Oebles-Schlechtewitz";"U";140;98;1;97;15;61;10;3;2;2;1;0;0;0;0;0;3;0;0;1;97;18;59;11;1;6;0;;;;;;;2;;;
"034";"Bad Dürrenberg-Saalekreis";"15088";"Saalekreis";"15088020";"Bad Dürrenberg, Stadt";"0020";;"000010";"Briefwahl";"B";0;1595;8;1587;507;446;152;150;54;144;12;2;15;7;9;4;77;2;6;14;1581;562;446;185;121;127;70;;;;;;;70;;;
"034";"Bad Dürrenberg-Saalekreis";"15088";"Saalekreis";"15088150";"Kabelsketal";"0150";;"000101";"Dieskau";"U";817;485;4;481;69;253;26;27;15;45;10;0;7;2;0;4;22;0;1;6;479;104;255;31;23;23;20;;;;;;;23;;;
"034";"Bad Dürrenberg-Saalekreis";"15088";"Saalekreis";"15088150";"Kabelsketal";"0150";;"000102";"Zwintschöna";"U";1600;1002;9;993;146;484;64;87;36;91;7;0;13;4;2;2;53;0;4;11;991;223;489;93;77;36;24;;;;;;;49;;;
"034";"Bad Dürrenberg-Saalekreis";"15088";"Saalekreis";"15088150";"Kabelsketal";"0150";;"000201";"Dölbau";"U";861;534;4;530;90;286;31;42;17;25;8;2;2;1;2;0;20;1;3;3;531;119;293;43;31;17;8;;;;;;;20;;;
"034";"Bad Dürrenberg-Saalekreis";"15088";"Saalekreis";"15088150";"Kabelsketal";"0150";;"000301";"Gröbers";"U";1951;1057;6;1051;123;624;50;66;19;67;16;2;12;6;0;10;52;1;3;11;1046;165;634;88;53;31;27;;;;;;;48;;;
"034";"Bad Dürrenberg-Saalekreis";"15088";"Saalekreis";"15088150";"Kabelsketal";"0150";;"000401";"Großkugel";"U";1872;1047;10;1037;101;641;69;55;22;60;16;1;10;3;5;4;46;0;4;7;1040;159;651;96;45;26;25;;;;;;;38;;;
"034";"Bad Dürrenberg-Saalekreis";"15088";"Saalekreis";"15088150";"Kabelsketal";"0150";;"000501";"Briefwahl";"B";0;1502;9;1493;433;397;134;175;63;155;17;2;13;5;4;10;74;5;6;11;1491;581;397;191;121;83;42;;;;;;;76;;;
"034";"Bad Dürrenberg-Saalekreis";"15088";"Saalekreis";"15088195";"Landsberg, Stadt";"0195";;"000101";"Braschwitz";"U";486;342;1;341;44;195;14;19;13;28;2;1;6;0;0;1;16;1;1;2;340;69;191;24;11;18;7;;;;;;;20;;;
"034";"Bad Dürrenberg-Saalekreis";"15088";"Saalekreis";"15088195";"Landsberg, Stadt";"0195";;"000102";"Plößnitz";"U";470;319;4;315;55;123;19;37;10;30;3;0;3;0;0;1;33;0;1;6;313;72;121;29;29;11;16;;;;;;;35;;;
"034";"Bad Dürrenberg-Saalekreis";"15088";"Saalekreis";"15088195";"Landsberg, Stadt";"0195";;"000201";"Hohenthurm ";"U";1176;692;9;683;121;389;42;34;20;20;3;0;4;6;0;2;40;1;1;10;682;145;398;48;29;21;8;;;;;;;33;;;
"034";"Bad Dürrenberg-Saalekreis";"15088";"Saalekreis";"15088195";"Landsberg, Stadt";"0195";;"000301";"Gütz ";"U";1012;594;2;592;90;317;35;37;8;57;8;1;11;6;3;1;16;1;1;7;587;137;319;40;38;14;18;;;;;;;21;;;
"034";"Bad Dürrenberg-Saalekreis";"15088";"Saalekreis";"15088195";"Landsberg, Stadt";"0195";;"000302";"Landsberg ";"U";1846;870;6;864;115;459;49;75;30;76;10;1;8;2;0;5;30;2;2;3;867;187;457;58;53;42;32;;;;;;;38;;;
"034";"Bad Dürrenberg-Saalekreis";"15088";"Saalekreis";"15088195";"Landsberg, Stadt";"0195";;"000303";"Gollma, Reinsdorf";"U";927;539;6;533;82;301;32;28;7;45;4;1;5;0;1;4;22;0;1;6;533;116;306;38;29;12;14;;;;;;;18;;;
"034";"Bad Dürrenberg-Saalekreis";"15088";"Saalekreis";"15088195";"Landsberg, Stadt";"0195";;"000401";"Niemberg, Eismannsdorf";"U";1090;625;4;621;66;356;30;55;19;41;7;2;5;2;0;8;29;1;0;8;617;124;350;37;33;24;13;;;;;;;36;;;
"034";"Bad Dürrenberg-Saalekreis";"15088";"Saalekreis";"15088195";"Landsberg, Stadt";"0195";;"000501";"Oppin, Maschwitz";"U";1100;628;4;624;127;320;35;33;17;41;6;0;9;2;0;3;29;2;0;5;623;154;324;46;29;28;9;;;;;;;33;;;
"034";"Bad Dürrenberg-Saalekreis";"15088";"Saalekreis";"15088195";"Landsberg, Stadt";"0195";;"000601";"Peißen, Rabatz, Stichelsdorf";"U";421;257;1;256;50;139;13;19;3;12;2;0;3;0;0;0;14;1;0;2;255;64;138;20;13;7;4;;;;;;;9;;;
"034";"Bad Dürrenberg-Saalekreis";"15088";"Saalekreis";"15088195";"Landsberg, Stadt";"0195";;"000602";"Zöberitz ";"U";326;219;3;216;50;109;4;18;14;8;1;0;3;0;2;1;6;0;0;4;215;51;109;9;21;15;4;;;;;;;6;;;
"034";"Bad Dürrenberg-Saalekreis";"15088";"Saalekreis";"15088195";"Landsberg, Stadt";"0195";;"000701";"Klepzig, Kockwitz, Queis, Wiedersdorf ";"U";1084;659;6;653;93;370;28;33;19;44;8;2;8;2;4;4;33;1;4;6;653;127;369;43;30;27;19;;;;;;;38;;;
"034";"Bad Dürrenberg-Saalekreis";"15088";"Saalekreis";"15088195";"Landsberg, Stadt";"0195";;"000801";"Reußen";"U";307;208;3;205;30;117;15;12;6;14;1;0;1;0;0;1;7;0;1;5;203;38;118;16;14;7;5;;;;;;;5;;;
"034";"Bad Dürrenberg-Saalekreis";"15088";"Saalekreis";"15088195";"Landsberg, Stadt";"0195";;"000802";"Zwebendorf";"U";548;366;3;363;72;182;24;17;7;17;7;0;2;0;1;1;28;2;3;4;362;78;190;36;13;11;6;;;;;;;28;;;
"034";"Bad Dürrenberg-Saalekreis";"15088";"Saalekreis";"15088195";"Landsberg, Stadt";"0195";;"000901";"Schwerz, Kneipe, Dammendorf";"U";377;226;5;221;33;133;9;12;4;7;3;0;2;0;0;1;16;1;0;4;222;38;141;11;9;4;3;;;;;;;16;;;
"034";"Bad Dürrenberg-Saalekreis";"15088";"Saalekreis";"15088195";"Landsberg, Stadt";"0195";;"001001";"Lohnsdorf";"U";209;121;1;120;18;48;13;13;8;9;1;0;1;0;0;1;7;0;1;1;120;34;48;19;6;5;3;;;;;;;5;;;
"034";"Bad Dürrenberg-Saalekreis";"15088";"Saalekreis";"15088195";"Landsberg, Stadt";"0195";;"001002";"Sietzsch, Bageritz";"U";313;191;4;187;37;89;14;16;4;10;1;0;0;0;1;1;12;1;1;4;187;37;88;21;22;8;5;;;;;;;6;;;
"034";"Bad Dürrenberg-Saalekreis";"15088";"Saalekreis";"15088195";"Landsberg, Stadt";"0195";;"001101";"Spickendorf, Petersdorf";"U";504;357;6;351;42;200;20;19;11;19;3;2;5;1;0;6;23;0;0;5;352;58;196;26;22;22;5;;;;;;;23;;;
"034";"Bad Dürrenberg-Saalekreis";"15088";"Saalekreis";"15088195";"Landsberg, Stadt";"0195";;"091201";"Briefwahl 1";"B";0;861;4;857;246;198;89;105;31;91;8;0;9;5;2;3;67;2;1;5;856;323;194;118;75;40;26;;;;;;;80;;;
"034";"Bad Dürrenberg-Saalekreis";"15088";"Saalekreis";"15088195";"Landsberg, Stadt";"0195";;"091202";"Briefwahl 2";"B";0;696;4;692;179;230;68;62;23;66;3;1;7;4;2;5;42;0;0;4;692;223;235;90;55;25;18;;;;;;;46;;;
"034";"Bad Dürrenberg-Saalekreis";"15088";"Saalekreis";"15088195";"Landsberg, Stadt";"0195";;"091203";"Briefwahl 3";"B";0;1145;9;1136;296;291;111;128;48;139;11;0;11;4;4;6;83;4;0;16;1129;408;284;146;96;55;48;;;;;;;92;;;
"034";"Bad Dürrenberg-Saalekreis";"15088";"Saalekreis";"15088205";"Leuna, Stadt";"0205";;"000040";"OS Friedensdorf";"U";250;160;1;159;41;76;7;9;6;13;3;0;0;0;0;0;4;0;0;2;158;47;78;8;11;5;5;;;;;;;4;;;
"034";"Bad Dürrenberg-Saalekreis";"15088";"Saalekreis";"15088205";"Leuna, Stadt";"0205";;"000050";"OS Günthersdorf / OS Rodden";"U";1201;633;2;631;92;376;27;43;8;20;8;1;11;0;1;5;36;1;2;2;631;121;388;41;36;12;12;;;;;;;21;;;
"034";"Bad Dürrenberg-Saalekreis";"15088";"Saalekreis";"15088205";"Leuna, Stadt";"0205";;"000060";"OS Horburg-Maßlau / OS Kötschlitz";"U";1212;625;0;625;77;357;35;43;15;45;6;1;5;4;4;4;26;1;2;2;623;117;362;48;31;18;19;;;;;;;28;;;
"034";"Bad Dürrenberg-Saalekreis";"15088";"Saalekreis";"15088205";"Leuna, Stadt";"0205";;"000070";"OS Kötzschau";"U";1449;751;4;747;95;510;37;26;14;27;6;0;6;2;2;0;21;0;1;4;747;123;506;44;25;18;11;;;;;;;20;;;
"034";"Bad Dürrenberg-Saalekreis";"15088";"Saalekreis";"15088205";"Leuna, Stadt";"0205";;"000080";"OS Spergau";"U";829;471;2;469;71;275;23;29;16;11;1;1;7;4;0;4;26;0;1;6;465;88;276;29;21;23;7;;;;;;;21;;;
"034";"Bad Dürrenberg-Saalekreis";"15088";"Saalekreis";"15088205";"Leuna, Stadt";"0205";;"000090";"OS Zöschen";"U";789;463;2;461;89;237;25;31;7;24;9;0;4;6;1;4;24;0;0;4;459;118;237;32;24;16;8;;;;;;;24;;;
"034";"Bad Dürrenberg-Saalekreis";"15088";"Saalekreis";"15088205";"Leuna, Stadt";"0205";;"000100";"OS Kreypau";"U";229;144;1;143;29;79;6;4;9;5;1;0;0;1;0;1;8;0;0;0;144;36;82;8;3;7;4;;;;;;;4;;;
"034";"Bad Dürrenberg-Saalekreis";"15088";"Saalekreis";"15088205";"Leuna, Stadt";"0205";;"000110";"OS Zweimen";"U";254;174;0;174;29;117;3;5;6;4;0;1;1;0;1;1;6;0;0;0;174;32;119;1;6;7;3;;;;;;;6;;;
"034";"Bad Dürrenberg-Saalekreis";"15088";"Saalekreis";"15088205";"Leuna, Stadt";"0205";;"000202";"Briefwahl 2";"B";0;720;3;717;188;230;72;62;16;70;8;2;6;1;6;6;45;0;5;8;712;234;235;89;45;25;34;;;;;;;50;;;
"034";"Bad Dürrenberg-Saalekreis";"15088";"Saalekreis";"15088205";"Leuna, Stadt";"0205";;"000203";"Briefwahl 3";"B";0;904;4;900;261;335;60;68;21;61;5;2;11;4;4;4;58;3;3;4;900;290;335;75;73;38;25;;;;;;;64;;;
"034";"Bad Dürrenberg-Saalekreis";"15088";"Saalekreis";"15088295";"Petersberg";"0295";;"000002";"OS Brachstedt";"U";687;465;4;461;72;269;17;33;7;20;4;1;5;6;1;3;23;0;0;8;457;103;274;19;20;16;5;;;;;;;20;;;
"034";"Bad Dürrenberg-Saalekreis";"15088";"Saalekreis";"15088295";"Petersberg";"0295";;"000013";"Briefwahl 34";"B";0;98;0;98;33;34;5;10;0;4;2;0;2;1;0;1;5;1;0;0;98;40;36;8;5;2;2;;;;;;;5;;;
"034";"Bad Dürrenberg-Saalekreis";"15088";"Saalekreis";"15088330";"Schkopau";"0330";;"000001";"Burgliebenau";"U";343;241;4;237;38;126;11;11;2;25;1;1;2;2;0;1;17;0;0;3;238;57;129;16;13;9;4;;;;;;;10;;;
"034";"Bad Dürrenberg-Saalekreis";"15088";"Saalekreis";"15088330";"Schkopau";"0330";;"000002";"Döllnitz";"U";943;615;10;605;88;333;26;41;15;44;5;1;12;2;0;3;32;0;3;9;606;137;342;32;27;18;21;;;;;;;29;;;
"034";"Bad Dürrenberg-Saalekreis";"15088";"Saalekreis";"15088330";"Schkopau";"0330";;"000003";"Ermlitz";"U";1268;864;8;856;92;533;48;52;13;57;5;1;8;1;3;2;39;0;2;8;856;130;541;73;37;18;22;;;;;;;35;;;
"034";"Bad Dürrenberg-Saalekreis";"15088";"Saalekreis";"15088330";"Schkopau";"0330";;"000004";"Hohenweiden";"U";642;442;4;438;63;230;24;23;8;31;7;0;11;3;1;6;25;2;4;3;439;94;238;30;31;15;9;;;;;;;22;;;
"034";"Bad Dürrenberg-Saalekreis";"15088";"Saalekreis";"15088330";"Schkopau";"0330";;"000005";"Knapendorf";"U";379;218;2;216;24;137;6;23;2;9;2;0;2;4;0;1;6;0;0;2;216;29;139;12;19;7;5;;;;;;;5;;;
"034";"Bad Dürrenberg-Saalekreis";"15088";"Saalekreis";"15088330";"Schkopau";"0330";;"000006";"Korbetha";"U";213;156;5;151;13;97;6;11;6;6;3;1;1;0;0;2;5;0;0;5;151;25;98;8;8;5;1;;;;;;;6;;;
"034";"Bad Dürrenberg-Saalekreis";"15088";"Saalekreis";"15088330";"Schkopau";"0330";;"000007";"Lochau";"U";889;580;12;568;93;292;29;46;16;24;6;0;7;2;2;4;45;0;2;15;565;128;300;32;33;20;12;;;;;;;40;;;
"034";"Bad Dürrenberg-Saalekreis";"15088";"Saalekreis";"15088330";"Schkopau";"0330";;"000008";"Luppenau";"U";397;285;3;282;38;142;28;22;11;20;3;1;1;1;0;0;13;2;0;1;284;70;136;23;25;12;1;;;;;;;17;;;
"034";"Bad Dürrenberg-Saalekreis";"15088";"Saalekreis";"15088330";"Schkopau";"0330";;"000009";"Raßnitz";"U";872;479;5;474;71;245;29;31;12;33;4;0;10;3;2;1;32;0;1;4;475;102;255;39;27;10;14;;;;;;;28;;;
"034";"Bad Dürrenberg-Saalekreis";"15088";"Saalekreis";"15088330";"Schkopau";"0330";;"000010";"Röglitz";"U";229;168;1;167;27;86;14;15;2;12;0;1;1;0;0;0;9;0;0;2;166;38;86;14;11;1;7;;;;;;;9;;;
"034";"Bad Dürrenberg-Saalekreis";"15088";"Saalekreis";"15088330";"Schkopau";"0330";;"000011";"Schkopau I";"U";1087;589;1;588;100;303;45;35;16;34;5;1;3;2;1;2;34;3;4;5;584;113;303;51;56;17;11;;;;;;;33;;;
"034";"Bad Dürrenberg-Saalekreis";"15088";"Saalekreis";"15088330";"Schkopau";"0330";;"000012";"Schkopau II";"U";1095;655;7;648;91;373;39;45;7;32;4;0;8;2;1;3;38;0;5;8;647;114;368;56;57;8;10;;;;;;;34;;;
"034";"Bad Dürrenberg-Saalekreis";"15088";"Saalekreis";"15088330";"Schkopau";"0330";;"000013";"Wallendorf (Luppe)";"U";595;400;3;397;74;208;12;22;13;27;7;2;5;0;1;3;21;0;2;4;396;96;212;23;29;14;5;;;;;;;17;;;
"034";"Bad Dürrenberg-Saalekreis";"15088";"Saalekreis";"15088330";"Schkopau";"0330";;"000014";"Briefwahl I";"B";0;777;2;775;246;208;73;87;24;68;6;0;13;4;2;5;34;0;5;3;774;298;203;89;84;32;28;;;;;;;40;;;
"034";"Bad Dürrenberg-Saalekreis";"15088";"Saalekreis";"15088330";"Schkopau";"0330";;"000015";"Briefwahl II";"B";0;868;4;864;268;217;65;109;23;91;4;1;14;4;2;6;58;0;2;6;862;316;212;83;129;33;29;;;;;;;60;;;
"035";"Halle I";"15002";"Halle (Saale), Stadt";"15002000";"Halle (Saale), Stadt";"0000";;"057101";"medi mobil Begegnungsstätte";"U";1510;877;10;867;138;353;95;92;12;94;7;0;7;4;2;5;51;3;4;14;863;175;365;154;77;18;28;;;;;;;46;;;
"035";"Halle I";"15002";"Halle (Saale), Stadt";"15002000";"Halle (Saale), Stadt";"0000";;"057102";"Speiseraum KGS Wilhelm von Humboldt";"U";1209;596;13;583;80;273;65;55;11;49;4;0;6;1;1;3;31;3;1;15;581;105;284;89;43;14;19;;;;;;;27;;;
"035";"Halle I";"15002";"Halle (Saale), Stadt";"15002000";"Halle (Saale), Stadt";"0000";;"057103";"Speiseraum KGS Wilhelm von Humboldt";"U";1688;940;16;924;112;456;98;76;28;54;5;1;13;4;1;12;62;0;2;18;922;151;483;122;68;28;24;;;;;;;46;;;
"035";"Halle I";"15002";"Halle (Saale), Stadt";"15002000";"Halle (Saale), Stadt";"0000";;"057104";"Turnhalle KGS Wilhelm von Humboldt";"U";1443;635;8;627;79;258;75;75;16;41;10;4;1;3;3;7;53;0;2;11;624;119;285;100;52;15;16;;;;;;;37;;;
"035";"Halle I";"15002";"Halle (Saale), Stadt";"15002000";"Halle (Saale), Stadt";"0000";;"057105";"Eigenbetrieb für Arbeitsförderung";"U";1386;675;8;667;77;308;68;55;10;78;9;1;17;4;3;2;31;2;2;11;664;107;314;117;51;12;27;;;;;;;36;;;
"035";"Halle I";"15002";"Halle (Saale), Stadt";"15002000";"Halle (Saale), Stadt";"0000";;"057106";"Grundschule Am Heiderand";"U";1408;708;9;699;92;330;78;65;16;55;3;0;10;3;1;2;42;0;2;10;698;129;344;99;68;10;19;;;;;;;29;;;
"035";"Halle I";"15002";"Halle (Saale), Stadt";"15002000";"Halle (Saale), Stadt";"0000";;"057107";"Grundschule Am Heiderand";"U";1407;665;7;658;81;314;65;72;12;53;6;0;4;4;2;3;40;1;1;11;654;131;329;83;57;12;17;;;;;;;25;;;
"035";"Halle I";"15002";"Halle (Saale), Stadt";"15002000";"Halle (Saale), Stadt";"0000";;"057201";"Grundschule Rosa Luxemburg";"U";599;287;4;283;40;139;28;26;3;27;2;0;6;1;0;2;8;1;0;4;283;67;138;33;22;4;5;;;;;;;14;;;
"035";"Halle I";"15002";"Halle (Saale), Stadt";"15002000";"Halle (Saale), Stadt";"0000";;"057202";"Grundschule Rosa Luxemburg";"U";791;427;5;422;63;224;36;39;10;22;2;1;8;0;0;1;15;0;1;7;420;82;230;41;30;9;9;;;;;;;19;;;
"035";"Halle I";"15002";"Halle (Saale), Stadt";"15002000";"Halle (Saale), Stadt";"0000";;"057203";"Förderschule Helen Keller";"U";1256;575;15;560;84;245;66;50;14;46;5;1;4;1;2;1;36;2;3;16;559;110;258;87;46;11;17;;;;;;;30;;;
"035";"Halle I";"15002";"Halle (Saale), Stadt";"15002000";"Halle (Saale), Stadt";"0000";;"057204";"Förderschule Helen Keller";"U";1085;485;12;473;77;197;43;59;4;44;5;0;2;1;0;3;38;0;0;11;474;114;217;60;48;7;12;;;;;;;16;;;
"035";"Halle I";"15002";"Halle (Saale), Stadt";"15002000";"Halle (Saale), Stadt";"0000";;"057205";"Förderschule Helen Keller";"U";1227;569;9;560;57;306;55;50;7;42;5;1;6;2;1;1;26;1;0;12;557;84;314;73;40;4;18;;;;;;;24;;;
"035";"Halle I";"15002";"Halle (Saale), Stadt";"15002000";"Halle (Saale), Stadt";"0000";;"057206";"Gemeinschaftsschule Kastanienallee";"U";1260;563;8;555;81;321;37;46;11;29;3;0;5;1;2;2;16;0;1;6;557;118;328;45;33;8;15;;;;;;;10;;;
"035";"Halle I";"15002";"Halle (Saale), Stadt";"15002000";"Halle (Saale), Stadt";"0000";;"057207";"Grundschule Am Kirchteich";"U";818;348;3;345;33;211;30;23;2;17;1;0;9;0;1;3;14;1;0;4;344;47;213;44;16;4;6;;;;;;;14;;;
"035";"Halle I";"15002";"Halle (Saale), Stadt";"15002000";"Halle (Saale), Stadt";"0000";;"057301";"AWO Psychiatriezentrum Halle";"U";1367;687;12;675;84;336;55;75;11;56;9;0;10;2;1;6;27;1;2;12;675;129;336;80;81;11;14;;;;;;;24;;;
"035";"Halle I";"15002";"Halle (Saale), Stadt";"15002000";"Halle (Saale), Stadt";"0000";;"057302";"LBZ für Blinde und Sehbehinderte";"U";1545;675;16;659;72;354;66;50;12;47;3;1;10;5;2;4;31;0;2;17;658;97;354;90;54;13;21;;;;;;;29;;;
"035";"Halle I";"15002";"Halle (Saale), Stadt";"15002000";"Halle (Saale), Stadt";"0000";;"057303";"BBS III Dreyhaupt";"U";1449;699;19;680;91;349;47;83;29;32;5;1;10;1;0;0;30;1;1;19;680;128;357;75;65;19;15;;;;;;;21;;;
"035";"Halle I";"15002";"Halle (Saale), Stadt";"15002000";"Halle (Saale), Stadt";"0000";;"057304";"BBS III Dreyhaupt";"U";1382;655;6;649;80;366;51;62;8;35;3;1;7;6;2;4;23;1;0;12;643;109;379;63;51;8;15;;;;;;;18;;;
"035";"Halle I";"15002";"Halle (Saale), Stadt";"15002000";"Halle (Saale), Stadt";"0000";;"057305";"Gemeinschaftsschule Heinrich Heine";"U";1166;652;11;641;78;346;53;56;15;23;10;0;6;6;0;6;40;1;1;9;643;117;360;68;42;17;11;;;;;;;28;;;
"035";"Halle I";"15002";"Halle (Saale), Stadt";"15002000";"Halle (Saale), Stadt";"0000";;"057306";"Gemeinschaftsschule Heinrich Heine";"U";968;480;2;478;39;266;48;39;8;29;3;3;7;1;1;4;29;1;0;2;478;61;271;65;30;9;16;;;;;;;26;;;
"035";"Halle I";"15002";"Halle (Saale), Stadt";"15002000";"Halle (Saale), Stadt";"0000";;"057307";"Gemeinschaftsschule Heinrich Heine";"U";1269;602;4;598;64;347;47;34;19;30;2;1;7;4;0;5;34;0;4;6;596;97;362;49;33;19;14;;;;;;;22;;;
"035";"Halle I";"15002";"Halle (Saale), Stadt";"15002000";"Halle (Saale), Stadt";"0000";;"058101";"VfB 07 Lettin e. V.";"U";906;574;8;566;81;262;35;48;21;66;3;1;5;3;4;3;31;1;2;11;563;161;262;53;34;19;13;;;;;;;21;;;
"035";"Halle I";"15002";"Halle (Saale), Stadt";"15002000";"Halle (Saale), Stadt";"0000";;"058201";"Pflegeheim Haus Heide-Nord";"U";1261;625;9;616;103;216;51;61;22;117;3;0;5;3;1;2;29;0;3;9;616;212;220;61;43;25;30;;;;;;;25;;;
"035";"Halle I";"15002";"Halle (Saale), Stadt";"15002000";"Halle (Saale), Stadt";"0000";;"058202";"Kita Schafschwingelweg";"U";1735;884;12;872;83;489;101;54;10;58;6;0;14;7;3;5;34;3;5;15;869;121;495;131;50;14;24;;;;;;;34;;;
"035";"Halle I";"15002";"Halle (Saale), Stadt";"15002000";"Halle (Saale), Stadt";"0000";;"058203";"Pflegeheim Haus Heide-Nord";"U";1255;607;9;598;82;305;53;42;13;44;8;1;15;3;1;6;23;0;2;14;593;115;317;66;45;15;19;;;;;;;16;;;
"035";"Halle I";"15002";"Halle (Saale), Stadt";"15002000";"Halle (Saale), Stadt";"0000";;"059301";"Grundschule Nietleben";"U";1108;667;6;661;95;306;51;48;15;85;3;0;11;6;1;3;37;0;0;5;662;164;312;67;48;17;26;;;;;;;28;;;
"035";"Halle I";"15002";"Halle (Saale), Stadt";"15002000";"Halle (Saale), Stadt";"0000";;"059302";"Grundschule Nietleben";"U";1067;677;5;672;118;274;36;87;19;91;0;2;2;2;1;0;35;1;4;5;672;213;280;47;57;17;29;;;;;;;29;;;
"035";"Halle I";"15002";"Halle (Saale), Stadt";"15002000";"Halle (Saale), Stadt";"0000";;"059501";"Grundschule Dölau";"U";1432;780;5;775;157;265;61;78;36;115;3;1;3;2;2;3;43;3;3;7;773;278;265;73;50;46;30;;;;;;;31;;;
"035";"Halle I";"15002";"Halle (Saale), Stadt";"15002000";"Halle (Saale), Stadt";"0000";;"059502";"Grundschule Dölau";"U";1713;953;6;947;200;382;71;65;25;122;6;1;13;4;0;2;52;1;3;7;946;275;387;86;75;34;52;;;;;;;37;;;
"035";"Halle I";"15002";"Halle (Saale), Stadt";"15002000";"Halle (Saale), Stadt";"0000";;"090024";"Briefwahlbezirk 90024";"B";0;947;10;937;177;204;155;149;29;125;5;2;4;6;1;6;71;1;2;12;935;239;210;237;116;27;48;;;;;;;58;;;
"035";"Halle I";"15002";"Halle (Saale), Stadt";"15002000";"Halle (Saale), Stadt";"0000";;"090025";"Briefwahlbezirk 90025";"B";0;594;0;594;131;149;94;87;13;49;4;3;11;1;2;4;45;0;1;3;591;177;154;105;74;13;24;;;;;;;44;;;
"035";"Halle I";"15002";"Halle (Saale), Stadt";"15002000";"Halle (Saale), Stadt";"0000";;"090026";"Briefwahlbezirk 90026";"B";0;623;3;620;122;147;97;113;20;57;7;1;3;2;5;4;41;0;1;8;615;162;152;134;81;16;30;;;;;;;40;;;
"035";"Halle I";"15002";"Halle (Saale), Stadt";"15002000";"Halle (Saale), Stadt";"0000";;"090027";"Briefwahlbezirk 90027";"B";0;938;4;934;189;203;124;122;28;168;5;1;14;2;4;8;59;5;2;7;931;344;212;167;75;33;51;;;;;;;49;;;
"035";"Halle I";"15002";"Halle (Saale), Stadt";"15002000";"Halle (Saale), Stadt";"0000";;"090030";"Briefwahlbezirk 90030";"B";0;645;2;643;126;154;82;98;16;97;8;1;10;7;2;1;36;0;5;5;640;180;165;130;80;19;41;;;;;;;25;;;
"035";"Halle I";"15002";"Halle (Saale), Stadt";"15002000";"Halle (Saale), Stadt";"0000";;"090033";"Briefwahlbezirk 90033";"B";0;1015;5;1010;269;188;70;161;48;174;6;1;4;6;1;2;76;0;4;4;1011;479;185;91;102;36;49;;;;;;;69;;;
"035";"Halle I";"15002";"Halle (Saale), Stadt";"15002000";"Halle (Saale), Stadt";"0000";;"090047";"Briefwahlbezirk 90047";"B";0;779;3;776;160;251;93;87;27;58;10;0;12;9;2;5;59;2;1;11;768;211;260;120;64;24;33;;;;;;;56;;;
"035";"Halle I";"15002";"Halle (Saale), Stadt";"15002000";"Halle (Saale), Stadt";"0000";;"090048";"Briefwahlbezirk 90048";"B";0;590;4;586;146;135;47;70;23;107;6;0;4;3;0;2;37;1;5;4;586;240;132;72;47;19;37;;;;;;;39;;;
"035";"Halle I";"15002";"Halle (Saale), Stadt";"15002000";"Halle (Saale), Stadt";"0000";;"090055";"Briefwahlbezirk 90055";"B";0;441;1;440;84;127;61;55;8;52;4;1;7;2;3;5;30;0;1;2;439;116;129;92;47;11;15;;;;;;;29;;;
"036";"Halle II";"15002";"Halle (Saale), Stadt";"15002000";"Halle (Saale), Stadt";"0000";;"010201";"Gemeinschaftsschule August Hermann Francke";"U";1673;664;11;653;60;196;93;70;23;157;6;1;11;0;6;3;23;0;4;10;654;92;200;221;47;25;49;;;;;;;15;;;5
"036";"Halle II";"15002";"Halle (Saale), Stadt";"15002000";"Halle (Saale), Stadt";"0000";;"010202";"Latina August Hermann Francke";"U";1496;750;4;746;59;148;128;121;14;229;5;1;4;1;7;3;21;2;3;4;746;92;147;331;81;17;53;;;;;;;19;;;6
"036";"Halle II";"15002";"Halle (Saale), Stadt";"15002000";"Halle (Saale), Stadt";"0000";;"010203";"Georg-Cantor-Gymnasium";"U";1746;910;7;903;50;185;156;106;18;328;6;2;12;0;4;3;28;3;2;6;904;74;186;439;66;26;81;;;;;;;28;;;4
"036";"Halle II";"15002";"Halle (Saale), Stadt";"15002000";"Halle (Saale), Stadt";"0000";;"010204";"Georg-Cantor-Gymnasium";"U";1663;702;6;696;57;188;102;78;18;185;7;1;6;5;1;5;40;1;2;7;695;82;193;249;65;18;46;;;;;;;36;;;6
"036";"Halle II";"15002";"Halle (Saale), Stadt";"15002000";"Halle (Saale), Stadt";"0000";;"010205";"Grundschule Johannesschule";"U";1736;927;6;921;80;186;144;113;24;294;9;1;11;1;1;5;47;1;4;9;918;111;186;360;84;35;88;;;;;;;47;;;7
"036";"Halle II";"15002";"Halle (Saale), Stadt";"15002000";"Halle (Saale), Stadt";"0000";;"010206";"Grundschule Am Ludwigsfeld";"U";1322;769;4;765;52;219;104;101;13;200;7;2;5;6;3;1;47;2;3;4;765;90;214;280;58;19;63;;;;;;;32;;;9
"036";"Halle II";"15002";"Halle (Saale), Stadt";"15002000";"Halle (Saale), Stadt";"0000";;"010207";"Grundschule Am Ludwigsfeld";"U";1265;689;9;680;63;200;91;79;15;173;3;1;9;1;5;1;37;1;1;11;678;109;200;204;61;20;51;;;;;;;30;;;3
"036";"Halle II";"15002";"Halle (Saale), Stadt";"15002000";"Halle (Saale), Stadt";"0000";;"010208";"Grundschule Johannesschule";"U";1652;681;9;672;50;177;108;81;15;172;3;2;11;3;2;4;36;2;6;11;670;78;178;256;51;15;52;;;;;;;34;;;6
"036";"Halle II";"15002";"Halle (Saale), Stadt";"15002000";"Halle (Saale), Stadt";"0000";;"010209";"Grundschule Johannesschule";"U";1875;920;4;916;66;260;115;109;26;253;7;3;14;2;7;7;40;2;5;7;913;90;260;343;76;36;62;;;;;;;40;;;6
"036";"Halle II";"15002";"Halle (Saale), Stadt";"15002000";"Halle (Saale), Stadt";"0000";;"010210";"Gemeinschaftsschule August Hermann Francke";"U";1516;731;4;727;69;166;104;71;15;252;5;1;6;2;4;1;25;2;4;7;724;80;168;315;46;16;68;;;;;;;24;;;7
"036";"Halle II";"15002";"Halle (Saale), Stadt";"15002000";"Halle (Saale), Stadt";"0000";;"022101";"Grundschule Hans Christian Andersen";"U";1699;804;12;792;81;356;81;68;15;96;5;1;14;5;3;8;54;1;4;15;789;112;374;148;60;11;37;;;;;;;33;;;14
"036";"Halle II";"15002";"Halle (Saale), Stadt";"15002000";"Halle (Saale), Stadt";"0000";;"022102";"Hort Delta";"U";1905;897;14;883;111;349;81;102;24;124;10;0;16;7;2;7;46;1;3;13;884;153;365;172;77;32;40;;;;;;;32;;;13
"036";"Halle II";"15002";"Halle (Saale), Stadt";"15002000";"Halle (Saale), Stadt";"0000";;"022103";"Kita Krähenberg";"U";1827;942;5;937;104;299;115;99;33;191;8;4;14;2;2;0;63;1;2;11;931;148;309;246;79;32;65;;;;;;;50;;;2
"036";"Halle II";"15002";"Halle (Saale), Stadt";"15002000";"Halle (Saale), Stadt";"0000";;"022201";"Grundschule Hans Christian Andersen";"U";210;103;2;101;3;56;5;15;2;13;1;0;1;0;0;0;5;0;0;2;101;10;56;18;11;1;1;;;;;;;3;;;1
"036";"Halle II";"15002";"Halle (Saale), Stadt";"15002000";"Halle (Saale), Stadt";"0000";;"041101";"KGS Ulrich von Hutten";"U";1596;812;6;806;58;340;91;79;19;125;10;4;18;4;3;7;39;1;8;9;803;89;348;192;63;25;40;;;;;;;33;;;13
"036";"Halle II";"15002";"Halle (Saale), Stadt";"15002000";"Halle (Saale), Stadt";"0000";;"041102";"Kita Lutherstraße";"U";1802;938;9;929;112;341;106;109;25;153;4;2;19;2;3;8;39;5;1;8;930;143;342;214;98;36;50;;;;;;;41;;;6
"036";"Halle II";"15002";"Halle (Saale), Stadt";"15002000";"Halle (Saale), Stadt";"0000";;"041103";"Fachbereich Umwelt";"U";1939;957;7;950;101;380;107;93;18;159;13;2;6;7;7;8;44;0;5;7;950;131;382;230;67;27;58;;;;;;;40;;;15
"036";"Halle II";"15002";"Halle (Saale), Stadt";"15002000";"Halle (Saale), Stadt";"0000";;"041104";"Grundschule Johannesschule";"U";1705;901;8;893;92;310;104;93;21;179;4;7;10;7;5;4;50;3;4;8;893;121;309;237;93;28;45;;;;;;;53;;;7
"036";"Halle II";"15002";"Halle (Saale), Stadt";"15002000";"Halle (Saale), Stadt";"0000";;"041201";"Förderschule Pestalozzischule";"U";2067;989;12;977;151;298;84;139;34;184;5;2;13;7;1;3;49;3;4;18;971;215;291;196;116;42;50;;;;;;;51;;;10
"036";"Halle II";"15002";"Halle (Saale), Stadt";"15002000";"Halle (Saale), Stadt";"0000";;"041202";"Sportschulen Halle";"U";1956;1061;7;1054;183;366;94;118;39;148;11;4;7;5;2;3;66;5;3;7;1054;243;376;158;115;48;46;;;;;;;61;;;7
"036";"Halle II";"15002";"Halle (Saale), Stadt";"15002000";"Halle (Saale), Stadt";"0000";;"041203";"Grundschule Diesterweg";"U";1702;927;11;916;140;346;86;99;36;132;8;1;6;2;4;8;46;1;1;13;914;184;350;159;92;34;50;;;;;;;38;;;7
"036";"Halle II";"15002";"Halle (Saale), Stadt";"15002000";"Halle (Saale), Stadt";"0000";;"041204";"Grundschule Diesterweg";"U";1451;801;9;792;117;332;68;95;21;80;5;2;11;6;2;3;45;1;4;12;789;163;330;123;77;28;20;;;;;;;39;;;9
"036";"Halle II";"15002";"Halle (Saale), Stadt";"15002000";"Halle (Saale), Stadt";"0000";;"041205";"Grundschule Diesterweg";"U";1842;935;11;924;145;372;77;104;35;105;9;0;14;4;2;4;45;4;4;14;921;206;375;126;96;30;37;;;;;;;45;;;6
"036";"Halle II";"15002";"Halle (Saale), Stadt";"15002000";"Halle (Saale), Stadt";"0000";;"059001";"Mitteldeutsches Multimediazentrum Halle";"U";656;318;1;317;44;85;35;30;6;89;1;0;2;0;4;2;16;0;3;1;317;68;88;71;33;9;34;;;;;;;11;;;3
"036";"Halle II";"15002";"Halle (Saale), Stadt";"15002000";"Halle (Saale), Stadt";"0000";;"059101";"Grundschule Kröllwitz";"U";1323;742;4;738;99;186;59;93;35;199;8;0;8;4;3;3;38;0;3;5;737;158;186;203;64;32;58;;;;;;;27;;;9
"036";"Halle II";"15002";"Halle (Saale), Stadt";"15002000";"Halle (Saale), Stadt";"0000";;"059102";"Biozentrum";"U";1550;816;3;813;149;189;113;90;18;203;4;1;8;2;0;4;30;0;2;4;812;181;185;263;70;28;54;;;;;;;26;;;5
"036";"Halle II";"15002";"Halle (Saale), Stadt";"15002000";"Halle (Saale), Stadt";"0000";;"059103";"Grundschule Kröllwitz";"U";1223;683;5;678;123;136;33;97;36;205;1;0;4;1;2;0;39;0;1;6;677;210;130;165;50;28;62;;;;;;;30;;;2
"036";"Halle II";"15002";"Halle (Saale), Stadt";"15002000";"Halle (Saale), Stadt";"0000";;"059201";"IAMO";"U";1626;974;4;970;169;306;67;157;48;147;4;2;5;1;0;0;61;2;1;3;971;248;301;132;130;47;63;;;;;;;47;;;3
"036";"Halle II";"15002";"Halle (Saale), Stadt";"15002000";"Halle (Saale), Stadt";"0000";;"059202";"IAMO";"U";1201;677;2;675;155;192;57;82;31;97;9;1;5;3;1;2;38;0;2;6;671;206;188;118;70;21;30;;;;;;;31;;;7
"036";"Halle II";"15002";"Halle (Saale), Stadt";"15002000";"Halle (Saale), Stadt";"0000";;"059203";"Institut für Informatik der MLU";"U";955;556;3;553;100;154;49;73;23;101;4;1;6;0;3;4;34;1;0;3;553;156;151;86;76;25;28;;;;;;;22;;;9
"036";"Halle II";"15002";"Halle (Saale), Stadt";"15002000";"Halle (Saale), Stadt";"0000";;"090002";"Briefwahlbezirk 90002";"B";0;543;1;542;54;78;100;74;19;162;5;0;8;5;4;4;27;0;2;3;540;79;79;203;67;26;51;;;;;;;26;;;9
"036";"Halle II";"15002";"Halle (Saale), Stadt";"15002000";"Halle (Saale), Stadt";"0000";;"090003";"Briefwahlbezirk 90003";"B";0;549;3;546;70;54;83;107;15;164;6;0;10;3;5;1;24;1;3;3;546;92;53;255;68;23;32;;;;;;;15;;;8
"036";"Halle II";"15002";"Halle (Saale), Stadt";"15002000";"Halle (Saale), Stadt";"0000";;"090004";"Briefwahlbezirk 90004";"B";0;1036;3;1033;125;87;152;195;27;379;5;3;11;6;2;0;34;3;4;4;1032;146;81;488;126;36;110;;;;;;;38;;;7
"036";"Halle II";"15002";"Halle (Saale), Stadt";"15002000";"Halle (Saale), Stadt";"0000";;"090011";"Briefwahlbezirk 90011";"B";0;924;3;921;142;156;115;150;28;244;7;2;7;3;4;4;51;3;5;5;919;180;154;295;114;42;88;;;;;;;45;;;1
"036";"Halle II";"15002";"Halle (Saale), Stadt";"15002000";"Halle (Saale), Stadt";"0000";;"090016";"Briefwahlbezirk 90016";"B";0;842;2;840;118;163;96;146;22;208;12;1;9;8;7;8;34;2;6;5;837;143;164;278;112;30;52;;;;;;;44;;;14
"036";"Halle II";"15002";"Halle (Saale), Stadt";"15002000";"Halle (Saale), Stadt";"0000";;"090017";"Briefwahlbezirk 90017";"B";0;811;10;801;189;137;84;159;33;123;6;1;4;2;3;5;55;0;0;10;801;221;140;180;131;44;43;;;;;;;37;;;5
"036";"Halle II";"15002";"Halle (Saale), Stadt";"15002000";"Halle (Saale), Stadt";"0000";;"090018";"Briefwahlbezirk 90018";"B";0;1039;8;1031;266;163;127;188;34;158;7;3;7;2;1;2;69;3;1;9;1030;328;154;231;145;47;62;;;;;;;54;;;9
"036";"Halle II";"15002";"Halle (Saale), Stadt";"15002000";"Halle (Saale), Stadt";"0000";;"090028";"Briefwahlbezirk 90028";"B";0;515;0;515;106;36;69;100;18;148;1;0;2;2;0;4;28;0;1;1;514;144;36;184;64;19;42;;;;;;;21;;;4
"036";"Halle II";"15002";"Halle (Saale), Stadt";"15002000";"Halle (Saale), Stadt";"0000";;"090029";"Briefwahlbezirk 90029";"B";0;504;1;503;114;79;71;89;19;87;7;0;4;3;0;1;27;0;2;1;503;145;75;115;80;25;33;;;;;;;25;;;5
"036";"Halle II";"15002";"Halle (Saale), Stadt";"15002000";"Halle (Saale), Stadt";"0000";;"090037";"Briefwahlbezirk 90037";"B";0;1062;0;1062;119;97;171;169;31;388;6;1;13;13;5;3;35;1;10;2;1060;172;92;481;135;39;93;;;;;;;39;;;9
"036";"Halle II";"15002";"Halle (Saale), Stadt";"15002000";"Halle (Saale), Stadt";"0000";;"090038";"Briefwahlbezirk 90038";"B";0;665;1;664;73;55;109;119;16;233;22;1;3;2;7;3;17;2;2;3;662;105;52;312;78;21;58;;;;;;;31;;;5
"036";"Halle II";"15002";"Halle (Saale), Stadt";"15002000";"Halle (Saale), Stadt";"0000";;"090042";"Briefwahlbezirk 90042";"B";0;847;5;842;142;108;126;146;29;230;6;3;8;5;2;0;30;4;3;8;839;182;109;315;111;31;53;;;;;;;26;;;12
"036";"Halle II";"15002";"Halle (Saale), Stadt";"15002000";"Halle (Saale), Stadt";"0000";;"090043";"Briefwahlbezirk 90043";"B";0;820;6;814;156;114;107;156;38;164;2;1;7;7;1;7;47;2;5;6;814;208;111;210;145;39;47;;;;;;;46;;;8
"036";"Halle II";"15002";"Halle (Saale), Stadt";"15002000";"Halle (Saale), Stadt";"0000";;"090050";"Briefwahlbezirk 90050";"B";0;356;3;353;58;82;59;39;17;54;4;0;4;4;1;4;24;1;2;3;353;71;83;84;48;17;22;;;;;;;24;;;4
"036";"Halle II";"15002";"Halle (Saale), Stadt";"15002000";"Halle (Saale), Stadt";"0000";;"090052";"Briefwahlbezirk 90052";"B";0;695;1;694;163;90;67;134;27;141;4;2;2;3;1;2;53;4;1;5;690;220;93;149;109;29;48;;;;;;;38;;;4
"036";"Halle II";"15002";"Halle (Saale), Stadt";"15002000";"Halle (Saale), Stadt";"0000";;"090056";"Briefwahlbezirk 90056";"B";0;853;12;841;178;107;80;138;34;250;5;1;3;1;1;0;43;0;0;14;839;237;99;233;122;33;76;;;;;;;39;;;0
"036";"Halle II";"15002";"Halle (Saale), Stadt";"15002000";"Halle (Saale), Stadt";"0000";;"090060";"Briefwahlbezirk 90060";"B";0;920;2;918;108;78;143;136;38;358;9;1;5;3;2;4;22;3;8;5;915;124;75;448;92;44;104;;;;;;;13;;;15
"037";"Halle III";"15002";"Halle (Saale), Stadt";"15002000";"Halle (Saale), Stadt";"0000";;"010101";"Stadtwerke/EVH";"U";1334;677;7;670;65;162;110;52;16;217;4;0;5;1;4;1;31;0;2;7;670;87;155;253;45;21;69;12;;;;;;28;;;
"037";"Halle III";"15002";"Halle (Saale), Stadt";"15002000";"Halle (Saale), Stadt";"0000";;"010102";"BBS IV Friedrich List";"U";1233;643;2;641;51;117;85;72;25;237;2;0;11;0;5;3;27;0;6;3;640;67;112;280;42;31;75;11;;;;;;22;;;
"037";"Halle III";"15002";"Halle (Saale), Stadt";"15002000";"Halle (Saale), Stadt";"0000";;"010103";"Berufsbildende Schule V";"U";1919;924;4;920;74;160;141;121;22;344;5;0;4;0;6;1;38;1;3;4;920;91;159;421;68;31;112;5;;;;;;33;;;
"037";"Halle III";"15002";"Halle (Saale), Stadt";"15002000";"Halle (Saale), Stadt";"0000";;"010301";"BBS IV Friedrich List";"U";1247;638;4;634;53;142;125;86;17;170;8;0;4;1;2;1;21;0;4;4;634;71;134;262;58;22;58;14;;;;;;15;;;
"037";"Halle III";"15002";"Halle (Saale), Stadt";"15002000";"Halle (Saale), Stadt";"0000";;"010302";"Kita Kinderwelt";"U";1239;639;2;637;44;121;127;78;18;209;4;2;5;1;4;2;19;0;3;1;638;52;132;313;29;18;62;17;;;;;;15;;;
"037";"Halle III";"15002";"Halle (Saale), Stadt";"15002000";"Halle (Saale), Stadt";"0000";;"010303";"IGS.Halle am Steintor";"U";1789;796;3;793;84;142;114;77;26;295;4;0;5;1;4;5;33;0;3;4;792;102;131;341;57;40;83;9;;;;;;29;;;
"037";"Halle III";"15002";"Halle (Saale), Stadt";"15002000";"Halle (Saale), Stadt";"0000";;"010304";"IGS.Halle am Steintor";"U";1790;873;4;869;54;118;152;114;20;365;4;0;2;1;1;2;28;2;6;5;868;85;106;425;58;21;132;11;;;;;;30;;;
"037";"Halle III";"15002";"Halle (Saale), Stadt";"15002000";"Halle (Saale), Stadt";"0000";;"010305";"Grundschule Neumarkt";"U";1633;763;4;759;57;142;101;95;20;290;4;1;4;4;3;3;30;0;5;6;757;84;135;320;49;24;101;10;;;;;;34;;;
"037";"Halle III";"15002";"Halle (Saale), Stadt";"15002000";"Halle (Saale), Stadt";"0000";;"010306";"Grundschule Neumarkt";"U";1581;726;2;724;60;112;112;98;19;281;3;2;8;2;3;2;19;0;3;1;725;78;102;347;41;23;105;9;;;;;;20;;;
"037";"Halle III";"15002";"Halle (Saale), Stadt";"15002000";"Halle (Saale), Stadt";"0000";;"010307";"Grundschule Neumarkt";"U";1333;625;4;621;54;136;94;95;19;173;2;0;9;6;4;1;26;1;1;5;620;80;134;223;54;20;76;6;;;;;;27;;;
"037";"Halle III";"15002";"Halle (Saale), Stadt";"15002000";"Halle (Saale), Stadt";"0000";;"010308";"Stadtwerke/EVH";"U";1268;641;8;633;78;118;97;76;15;217;5;0;3;1;3;3;15;1;1;7;634;97;115;251;47;25;75;11;;;;;;13;;;
"037";"Halle III";"15002";"Halle (Saale), Stadt";"15002000";"Halle (Saale), Stadt";"0000";;"010309";"Hans-Dietrich-Genscher-Gymnasium";"U";1163;589;6;583;36;142;104;56;12;191;3;0;5;2;3;3;23;0;3;6;583;49;140;265;32;13;51;14;;;;;;19;;;
"037";"Halle III";"15002";"Halle (Saale), Stadt";"15002000";"Halle (Saale), Stadt";"0000";;"020401";"Grundschule G. E. Lessing";"U";1493;717;3;714;44;106;144;72;15;294;0;0;5;1;0;4;24;3;2;3;714;59;103;379;41;21;84;4;;;;;;23;;;
"037";"Halle III";"15002";"Halle (Saale), Stadt";"15002000";"Halle (Saale), Stadt";"0000";;"020402";"Grundschule G. E. Lessing";"U";1536;793;8;785;45;136;122;95;22;330;2;1;5;1;2;3;17;1;3;8;785;66;133;372;52;24;110;13;;;;;;15;;;
"037";"Halle III";"15002";"Halle (Saale), Stadt";"15002000";"Halle (Saale), Stadt";"0000";;"020403";"Grundschule G. E. Lessing";"U";1594;758;1;757;55;99;130;98;16;312;5;1;4;0;3;2;29;1;2;1;757;70;97;388;43;16;104;8;;;;;;31;;;
"037";"Halle III";"15002";"Halle (Saale), Stadt";"15002000";"Halle (Saale), Stadt";"0000";;"020404";"Landesamt für Soziales, Jugend und Gesundheit";"U";1154;589;2;587;51;64;70;85;12;272;3;1;1;0;3;2;19;0;4;2;587;68;61;276;39;14;102;5;;;;;;22;;;
"037";"Halle III";"15002";"Halle (Saale), Stadt";"15002000";"Halle (Saale), Stadt";"0000";;"020405";"Sekundarschule J. Ch. Reil";"U";1433;715;5;710;60;155;94;106;13;230;6;0;5;2;2;2;28;2;5;6;709;76;147;266;48;18;110;17;;;;;;27;;;
"037";"Halle III";"15002";"Halle (Saale), Stadt";"15002000";"Halle (Saale), Stadt";"0000";;"020406";"Grundschule G. E. Lessing";"U";1501;713;4;709;85;174;94;76;17;216;6;0;3;3;3;2;27;0;3;7;706;109;170;229;38;21;107;10;;;;;;22;;;
"037";"Halle III";"15002";"Halle (Saale), Stadt";"15002000";"Halle (Saale), Stadt";"0000";;"020407";"Landesamt für Soziales, Jugend und Gesundheit";"U";920;479;5;474;38;42;77;70;10;205;4;0;3;0;2;1;18;1;3;5;474;44;39;267;31;12;55;11;;;;;;15;;;
"037";"Halle III";"15002";"Halle (Saale), Stadt";"15002000";"Halle (Saale), Stadt";"0000";;"020501";"Rentenversicherung Mitteldeutschland";"U";709;417;3;414;31;145;50;39;7;95;6;0;2;1;6;4;23;1;4;4;413;38;140;121;28;11;45;13;;;;;;17;;;
"037";"Halle III";"15002";"Halle (Saale), Stadt";"15002000";"Halle (Saale), Stadt";"0000";;"020601";"Kita Mauseloch";"U";1321;766;12;754;118;286;61;93;25;106;11;2;7;4;3;4;30;3;1;12;754;145;272;119;66;38;63;25;;;;;;26;;;
"037";"Halle III";"15002";"Halle (Saale), Stadt";"15002000";"Halle (Saale), Stadt";"0000";;"020602";"Kita Mauseloch";"U";1290;654;9;645;86;280;56;71;18;79;3;3;4;1;4;1;37;1;1;6;648;102;279;108;42;21;47;9;;;;;;40;;;
"037";"Halle III";"15002";"Halle (Saale), Stadt";"15002000";"Halle (Saale), Stadt";"0000";;"020701";"Grundschule Frohe Zukunft";"U";1349;730;6;724;99;246;55;92;19;155;4;3;2;1;2;6;39;0;1;7;723;121;239;55;143;34;88;12;;;;;;31;;;
"037";"Halle III";"15002";"Halle (Saale), Stadt";"15002000";"Halle (Saale), Stadt";"0000";;"020702";"Grundschule Frohe Zukunft";"U";1211;668;8;660;107;260;36;80;13;117;5;1;7;4;1;4;25;0;0;8;660;123;255;106;64;19;55;14;;;;;;24;;;
"037";"Halle III";"15002";"Halle (Saale), Stadt";"15002000";"Halle (Saale), Stadt";"0000";;"022301";"Kita Krähenberg";"U";1467;738;5;733;129;248;50;85;25;132;6;0;8;1;2;5;37;1;4;5;733;166;245;127;54;31;60;16;;;;;;34;;;
"037";"Halle III";"15002";"Halle (Saale), Stadt";"15002000";"Halle (Saale), Stadt";"0000";;"023001";"Sporthalle Giebichenstein-Gymnasium";"U";1694;834;2;832;84;152;123;100;20;284;3;1;7;1;1;5;44;2;5;1;833;106;151;317;45;24;140;7;;;;;;43;;;
"037";"Halle III";"15002";"Halle (Saale), Stadt";"15002000";"Halle (Saale), Stadt";"0000";;"023002";"Giebichenstein-Gymnasium Th. Müntzer";"U";1762;797;5;792;75;166;122;92;19;257;1;1;8;0;3;2;37;3;6;3;794;98;154;298;44;22;126;10;;;;;;42;;;
"037";"Halle III";"15002";"Halle (Saale), Stadt";"15002000";"Halle (Saale), Stadt";"0000";;"023003";"Giebichenstein-Gymnasium Th. Müntzer";"U";1405;700;3;697;70;139;68;73;18;285;2;0;2;2;3;0;32;0;3;3;697;84;135;270;39;29;111;2;;;;;;27;;;
"037";"Halle III";"15002";"Halle (Saale), Stadt";"15002000";"Halle (Saale), Stadt";"0000";;"023004";"Sekundarschule J. Ch. Reil";"U";1659;878;8;870;86;149;111;105;19;347;3;1;3;2;2;5;34;0;3;8;870;120;141;333;63;19;148;4;;;;;;42;;;
"037";"Halle III";"15002";"Halle (Saale), Stadt";"15002000";"Halle (Saale), Stadt";"0000";;"023005";"Sekundarschule J. Ch. Reil";"U";1272;594;3;591;71;83;72;96;15;227;1;1;2;0;1;1;19;0;2;3;591;94;75;232;53;17;96;0;;;;;;24;;;
"037";"Halle III";"15002";"Halle (Saale), Stadt";"15002000";"Halle (Saale), Stadt";"0000";;"023101";"Sportlerheim VfL Seeben";"U";945;604;11;593;110;240;43;50;23;84;5;0;1;1;1;2;31;0;2;14;590;123;229;82;27;27;69;11;;;;;;22;;;
"037";"Halle III";"15002";"Halle (Saale), Stadt";"15002000";"Halle (Saale), Stadt";"0000";;"023201";"Grundschule Frohe Zukunft";"U";248;126;1;125;16;61;3;8;1;18;2;0;5;2;0;0;9;0;0;1;125;18;65;13;2;0;12;6;;;;;;9;;;
"037";"Halle III";"15002";"Halle (Saale), Stadt";"15002000";"Halle (Saale), Stadt";"0000";;"023301";"Grundschule Frohe Zukunft";"U";443;257;3;254;47;88;17;23;9;51;0;1;1;0;0;2;15;0;0;3;254;55;90;39;15;14;31;2;;;;;;8;;;
"037";"Halle III";"15002";"Halle (Saale), Stadt";"15002000";"Halle (Saale), Stadt";"0000";;"030901";"Kita Sonnenschein";"U";1303;681;8;673;58;287;80;52;18;108;7;2;9;3;5;5;32;0;7;10;671;70;294;171;36;23;31;15;;;;;;31;;;
"037";"Halle III";"15002";"Halle (Saale), Stadt";"15002000";"Halle (Saale), Stadt";"0000";;"030902";"Kita Sonnenschein";"U";957;540;6;534;50;265;38;46;8;75;3;0;12;3;1;5;26;1;1;6;534;59;279;107;25;14;17;16;;;;;;17;;;
"037";"Halle III";"15002";"Halle (Saale), Stadt";"15002000";"Halle (Saale), Stadt";"0000";;"034001";"Grundschule Diemitz/Freiimfelde";"U";1476;851;13;838;78;443;53;71;22;89;9;4;10;6;0;6;40;2;5;14;837;104;445;123;52;26;30;26;;;;;;31;;;
"037";"Halle III";"15002";"Halle (Saale), Stadt";"15002000";"Halle (Saale), Stadt";"0000";;"090001";"Briefwahlbezirk 90001";"B";0;816;2;814;75;64;128;128;28;348;4;1;2;2;2;2;27;2;1;2;814;98;57;417;67;26;109;13;;;;;;27;;;
"037";"Halle III";"15002";"Halle (Saale), Stadt";"15002000";"Halle (Saale), Stadt";"0000";;"090005";"Briefwahlbezirk 90005";"B";0;1093;1;1092;100;113;178;164;20;461;5;1;6;3;4;4;26;1;6;1;1092;108;103;599;83;36;117;16;;;;;;30;;;
"037";"Halle III";"15002";"Halle (Saale), Stadt";"15002000";"Halle (Saale), Stadt";"0000";;"090006";"Briefwahlbezirk 90006";"B";0;732;3;729;99;48;98;139;19;284;6;2;1;1;2;0;22;2;6;4;728;133;44;349;65;29;73;13;;;;;;22;;;
"037";"Halle III";"15002";"Halle (Saale), Stadt";"15002000";"Halle (Saale), Stadt";"0000";;"090007";"Briefwahlbezirk 90007";"B";0;959;3;956;138;78;149;153;30;354;8;2;1;4;2;0;33;1;3;3;956;196;78;441;61;29;104;14;;;;;;33;;;
"037";"Halle III";"15002";"Halle (Saale), Stadt";"15002000";"Halle (Saale), Stadt";"0000";;"090008";"Briefwahlbezirk 90008";"B";0;577;2;575;44;27;76;103;15;280;5;0;4;0;1;1;18;0;1;3;574;54;23;326;51;15;83;7;;;;;;15;;;
"037";"Halle III";"15002";"Halle (Saale), Stadt";"15002000";"Halle (Saale), Stadt";"0000";;"090009";"Briefwahlbezirk 90009";"B";0;834;0;834;88;33;126;131;21;395;4;0;3;2;4;1;19;5;2;0;834;100;28;467;53;31;126;8;;;;;;21;;;
"037";"Halle III";"15002";"Halle (Saale), Stadt";"15002000";"Halle (Saale), Stadt";"0000";;"090010";"Briefwahlbezirk 90010";"B";0;693;1;692;132;109;95;118;20;149;11;1;5;5;1;1;45;0;0;4;689;156;105;200;69;34;64;24;;;;;;37;;;
"037";"Halle III";"15002";"Halle (Saale), Stadt";"15002000";"Halle (Saale), Stadt";"0000";;"090012";"Briefwahlbezirk 90012";"B";0;974;6;968;211;172;96;143;40;204;14;1;10;4;2;6;62;2;1;8;966;243;156;220;90;51;110;27;;;;;;69;;;
"037";"Halle III";"15002";"Halle (Saale), Stadt";"15002000";"Halle (Saale), Stadt";"0000";;"090013";"Briefwahlbezirk 90013";"B";0;653;1;652;87;47;94;91;15;275;3;0;6;0;1;0;28;2;3;1;652;97;45;288;45;91;46;26;;;;;;14;;;
"037";"Halle III";"15002";"Halle (Saale), Stadt";"15002000";"Halle (Saale), Stadt";"0000";;"090014";"Briefwahlbezirk 90014";"B";0;665;0;665;86;150;82;103;29;147;9;2;7;8;4;4;26;5;3;1;664;103;151;206;70;28;49;23;;;;;;34;;;
"037";"Halle III";"15002";"Halle (Saale), Stadt";"15002000";"Halle (Saale), Stadt";"0000";;"090031";"Briefwahlbezirk 90031";"B";0;564;23;541;61;40;87;97;15;217;2;1;2;1;1;0;16;0;1;23;541;87;39;276;28;18;73;4;;;;;;16;;;
"037";"Halle III";"15002";"Halle (Saale), Stadt";"15002000";"Halle (Saale), Stadt";"0000";;"090034";"Briefwahlbezirk 90034";"B";0;748;1;747;67;52;139;101;12;320;6;1;2;4;6;4;30;1;2;2;746;103;53;403;44;16;84;16;;;;;;27;;;
"037";"Halle III";"15002";"Halle (Saale), Stadt";"15002000";"Halle (Saale), Stadt";"0000";;"090035";"Briefwahlbezirk 90035";"B";0;1136;2;1134;180;79;163;199;40;400;10;3;11;1;3;4;35;2;4;3;1133;207;73;468;106;48;180;18;;;;;;33;;;
"037";"Halle III";"15002";"Halle (Saale), Stadt";"15002000";"Halle (Saale), Stadt";"0000";;"090036";"Briefwahlbezirk 90036";"B";0;747;2;745;74;43;128;117;15;331;6;1;4;2;1;0;21;0;2;2;745;94;44;440;39;19;79;10;;;;;;20;;;
"037";"Halle III";"15002";"Halle (Saale), Stadt";"15002000";"Halle (Saale), Stadt";"0000";;"090039";"Briefwahlbezirk 90039";"B";0;723;1;722;72;49;129;97;29;314;1;3;1;3;2;3;18;0;1;1;722;103;45;374;44;31;93;11;;;;;;21;;;
"037";"Halle III";"15002";"Halle (Saale), Stadt";"15002000";"Halle (Saale), Stadt";"0000";;"090040";"Briefwahlbezirk 90040";"B";0;720;3;717;185;117;65;113;37;155;1;2;6;2;2;1;27;2;2;5;715;215;114;168;54;53;89;8;;;;;;14;;;
"037";"Halle III";"15002";"Halle (Saale), Stadt";"15002000";"Halle (Saale), Stadt";"0000";;"090049";"Briefwahlbezirk 90049";"B";0;1047;2;1045;146;65;136;158;43;440;5;1;2;0;5;0;40;0;4;2;1045;164;59;465;71;50;187;9;;;;;;40;;;
"037";"Halle III";"15002";"Halle (Saale), Stadt";"15002000";"Halle (Saale), Stadt";"0000";;"090053";"Briefwahlbezirk 90053";"B";0;601;1;600;64;38;112;108;11;245;3;0;1;1;0;2;13;0;2;1;600;84;36;332;39;14;77;4;;;;;;14;;;
"037";"Halle III";"15002";"Halle (Saale), Stadt";"15002000";"Halle (Saale), Stadt";"0000";;"090054";"Briefwahlbezirk 90054";"B";0;753;2;751;114;57;107;107;23;296;5;0;4;0;2;2;29;2;3;3;750;118;54;336;39;34;132;7;;;;;;30;;;
"037";"Halle III";"15002";"Halle (Saale), Stadt";"15002000";"Halle (Saale), Stadt";"0000";;"090057";"Briefwahlbezirk 90057";"B";0;707;1;706;70;38;130;108;16;316;2;0;2;0;1;4;18;0;1;2;705;76;36;393;52;24;101;7;;;;;;16;;;
"037";"Halle III";"15002";"Halle (Saale), Stadt";"15002000";"Halle (Saale), Stadt";"0000";;"090059";"Briefwahlbezirk 90059";"B";0;709;1;708;64;51;132;128;14;297;1;0;2;1;1;0;12;0;5;1;708;81;45;419;36;19;89;6;;;;;;13;;;
"038";"Halle IV";"15002";"Halle (Saale), Stadt";"15002000";"Halle (Saale), Stadt";"0000";;"031001";"Kita Kanena-Kleine Entdecker";"U";438;259;3;256;47;107;19;22;7;29;2;0;1;0;1;0;19;2;0;3;256;65;106;29;21;10;10;;;;;;;15;;;
"038";"Halle IV";"15002";"Halle (Saale), Stadt";"15002000";"Halle (Saale), Stadt";"0000";;"034101";"Kulturhaus Dautzsch";"U";1607;1071;10;1061;206;449;59;89;36;114;15;2;15;9;2;3;55;6;1;11;1060;317;464;64;94;43;29;;;;;;;49;;;
"038";"Halle IV";"15002";"Halle (Saale), Stadt";"15002000";"Halle (Saale), Stadt";"0000";;"034201";"Grundschule Kanena/Reideburg";"U";1006;638;4;634;109;295;21;66;25;72;8;2;6;1;2;5;18;1;3;4;634;183;289;31;58;28;22;;;;;;;23;;;
"038";"Halle IV";"15002";"Halle (Saale), Stadt";"15002000";"Halle (Saale), Stadt";"0000";;"034202";"Grundschule Kanena/Reideburg";"U";1034;635;8;627;85;282;39;66;30;76;2;1;8;1;3;5;26;1;2;9;626;160;283;46;60;26;27;;;;;;;24;;;
"038";"Halle IV";"15002";"Halle (Saale), Stadt";"15002000";"Halle (Saale), Stadt";"0000";;"034301";"Grundschule Büschdorf";"U";2018;1130;11;1119;182;480;63;143;27;136;9;0;13;5;2;5;52;2;0;9;1121;293;486;78;144;29;47;;;;;;;44;;;
"038";"Halle IV";"15002";"Halle (Saale), Stadt";"15002000";"Halle (Saale), Stadt";"0000";;"034302";"Grundschule Büschdorf";"U";1731;911;11;900;148;400;55;112;41;87;3;2;6;3;0;1;39;1;2;11;900;229;396;62;117;38;28;;;;;;;30;;;
"038";"Halle IV";"15002";"Halle (Saale), Stadt";"15002000";"Halle (Saale), Stadt";"0000";;"034401";"Freiw. Feuerwehr Kanena";"U";1084;648;11;637;89;339;32;55;25;35;4;0;7;2;1;2;43;1;2;12;636;123;345;38;54;14;17;;;;;;;45;;;
"038";"Halle IV";"15002";"Halle (Saale), Stadt";"15002000";"Halle (Saale), Stadt";"0000";;"041301";"Gymnasium Südstadt";"U";1839;933;25;908;118;373;92;120;15;95;10;2;4;7;3;8;56;1;4;24;909;201;390;111;110;19;38;;;;;;;40;;;
"038";"Halle IV";"15002";"Halle (Saale), Stadt";"15002000";"Halle (Saale), Stadt";"0000";;"041302";"Förderschule Schule am Lebensbaum";"U";1629;925;19;906;102;412;77;103;18;63;8;0;19;3;5;6;86;0;4;23;902;134;449;108;124;24;18;;;;;;;45;;;
"038";"Halle IV";"15002";"Halle (Saale), Stadt";"15002000";"Halle (Saale), Stadt";"0000";;"041303";"Marguerite Friedländer Gesamtschule";"U";1603;763;16;747;80;368;79;88;12;53;9;2;5;1;2;8;38;0;2;23;740;101;390;85;115;9;22;;;;;;;18;;;
"038";"Halle IV";"15002";"Halle (Saale), Stadt";"15002000";"Halle (Saale), Stadt";"0000";;"041304";"Sekundarschule Am Fliederweg";"U";1725;782;10;772;105;321;83;92;28;50;3;2;12;3;3;4;63;0;3;10;772;132;342;88;127;34;21;;;;;;;28;;;
"038";"Halle IV";"15002";"Halle (Saale), Stadt";"15002000";"Halle (Saale), Stadt";"0000";;"041305";"Elisabeth-Gymnasium";"U";1268;608;13;595;74;308;73;46;17;32;3;1;9;1;0;3;23;3;2;13;595;85;310;71;79;18;14;;;;;;;18;;;
"038";"Halle IV";"15002";"Halle (Saale), Stadt";"15002000";"Halle (Saale), Stadt";"0000";;"041306";"Elisabeth-Gymnasium";"U";1866;949;5;944;140;407;88;98;36;87;9;1;13;6;3;8;43;1;4;8;941;207;413;103;112;32;32;;;;;;;42;;;
"038";"Halle IV";"15002";"Halle (Saale), Stadt";"15002000";"Halle (Saale), Stadt";"0000";;"041307";"Sekundarschule Am Fliederweg";"U";1595;811;11;800;103;362;79;96;18;63;4;2;9;4;2;5;49;0;4;9;802;152;363;78;118;20;27;;;;;;;44;;;
"038";"Halle IV";"15002";"Halle (Saale), Stadt";"15002000";"Halle (Saale), Stadt";"0000";;"041401";"KGS Ulrich von Hutten";"U";1791;909;14;895;109;440;84;86;20;83;5;2;12;5;2;8;35;0;4;14;895;158;430;115;81;28;31;;;;;;;52;;;
"038";"Halle IV";"15002";"Halle (Saale), Stadt";"15002000";"Halle (Saale), Stadt";"0000";;"041402";"Bürgerhaus alternativE";"U";1158;683;7;676;98;294;55;89;22;47;11;1;14;1;3;3;37;1;0;7;676;135;300;65;96;24;24;;;;;;;32;;;
"038";"Halle IV";"15002";"Halle (Saale), Stadt";"15002000";"Halle (Saale), Stadt";"0000";;"041403";"Grundschule Auenschule";"U";1903;994;11;983;125;461;79;93;27;94;10;1;17;3;0;9;59;1;4;12;982;204;477;97;95;21;28;;;;;;;60;;;
"038";"Halle IV";"15002";"Halle (Saale), Stadt";"15002000";"Halle (Saale), Stadt";"0000";;"041404";"Grundschule Auenschule";"U";2011;1086;17;1069;168;483;94;121;20;74;7;3;13;8;2;2;64;2;8;22;1064;208;503;105;148;21;26;;;;;;;53;;;
"038";"Halle IV";"15002";"Halle (Saale), Stadt";"15002000";"Halle (Saale), Stadt";"0000";;"045101";"Förderschule Janusz Korczak";"U";1401;723;4;719;98;319;48;62;26;99;5;0;5;4;2;1;45;4;1;7;716;175;321;61;81;23;28;;;;;;;27;;;
"038";"Halle IV";"15002";"Halle (Saale), Stadt";"15002000";"Halle (Saale), Stadt";"0000";;"045102";"Grundschule Frieden";"U";1558;895;11;884;111;424;72;96;28;68;4;1;8;3;2;4;57;1;5;9;886;157;439;76;125;24;23;;;;;;;42;;;
"038";"Halle IV";"15002";"Halle (Saale), Stadt";"15002000";"Halle (Saale), Stadt";"0000";;"045103";"Grundschule Frieden";"U";1552;876;9;867;84;482;70;73;21;52;13;1;10;3;3;7;42;1;5;8;868;134;496;77;83;21;19;;;;;;;38;;;
"038";"Halle IV";"15002";"Halle (Saale), Stadt";"15002000";"Halle (Saale), Stadt";"0000";;"045104";"Grundschule Radewell";"U";1039;583;5;578;74;287;29;50;19;63;5;4;3;0;3;3;36;0;2;6;577;134;282;37;68;20;10;;;;;;;26;;;
"038";"Halle IV";"15002";"Halle (Saale), Stadt";"15002000";"Halle (Saale), Stadt";"0000";;"045201";"Grundschule Radewell";"U";1370;818;9;809;101;443;49;53;15;54;5;0;7;8;3;5;59;4;3;13;805;134;457;57;71;13;17;;;;;;;56;;;
"038";"Halle IV";"15002";"Halle (Saale), Stadt";"15002000";"Halle (Saale), Stadt";"0000";;"046001";"Marguerite Friedländer Gesamtschule";"U";1743;812;8;804;116;386;56;56;29;85;8;1;12;6;0;4;42;2;1;9;803;160;385;58;110;36;18;;;;;;;36;;;
"038";"Halle IV";"15002";"Halle (Saale), Stadt";"15002000";"Halle (Saale), Stadt";"0000";;"046002";"Gymnasium Südstadt";"U";482;199;3;196;21;85;4;25;4;34;0;0;0;1;1;0;21;0;0;4;195;47;84;11;24;7;5;;;;;;;17;;;
"038";"Halle IV";"15002";"Halle (Saale), Stadt";"15002000";"Halle (Saale), Stadt";"0000";;"046101";"Grundschule Hanoier Straße";"U";1272;653;7;646;59;351;59;49;9;33;8;3;6;4;2;8;51;1;3;11;642;79;377;72;58;10;13;;;;;;;33;;;
"038";"Halle IV";"15002";"Halle (Saale), Stadt";"15002000";"Halle (Saale), Stadt";"0000";;"046102";"Grundschule Hanoier Straße";"U";1361;650;7;643;79;354;59;43;12;33;3;1;6;7;3;4;36;3;0;3;647;94;359;71;63;11;18;;;;;;;31;;;
"038";"Halle IV";"15002";"Halle (Saale), Stadt";"15002000";"Halle (Saale), Stadt";"0000";;"046103";"Grundschule Hanoier Straße";"U";1355;570;10;560;41;342;41;49;9;19;8;0;2;2;2;4;35;0;6;10;560;48;367;50;56;10;12;;;;;;;17;;;
"038";"Halle IV";"15002";"Halle (Saale), Stadt";"15002000";"Halle (Saale), Stadt";"0000";;"046104";"Grundschule Hanoier Straße";"U";1032;393;6;387;25;242;21;34;5;14;4;0;7;1;3;10;18;0;3;6;387;40;241;39;35;8;6;;;;;;;18;;;
"038";"Halle IV";"15002";"Halle (Saale), Stadt";"15002000";"Halle (Saale), Stadt";"0000";;"046105";"Förderschule Janusz Korczak";"U";1320;621;10;611;64;359;52;42;12;37;2;1;8;1;0;6;24;1;2;7;614;70;371;68;50;12;19;;;;;;;24;;;
"038";"Halle IV";"15002";"Halle (Saale), Stadt";"15002000";"Halle (Saale), Stadt";"0000";;"046106";"Förderschule Janusz Korczak";"U";1553;463;5;458;52;261;31;35;10;23;3;0;8;0;6;1;21;1;6;4;459;66;277;46;34;11;16;;;;;;;9;;;
"038";"Halle IV";"15002";"Halle (Saale), Stadt";"15002000";"Halle (Saale), Stadt";"0000";;"090015";"Briefwahlbezirk 90015";"B";0;574;0;574;130;132;54;84;26;92;5;1;8;4;1;3;32;1;1;1;573;225;135;48;83;21;22;;;;;;;39;;;
"038";"Halle IV";"15002";"Halle (Saale), Stadt";"15002000";"Halle (Saale), Stadt";"0000";;"090019";"Briefwahlbezirk 90019";"B";0;775;3;772;136;167;120;135;18;107;46;1;16;7;3;2;11;1;2;5;770;195;160;129;164;22;48;;;;;;;52;;;
"038";"Halle IV";"15002";"Halle (Saale), Stadt";"15002000";"Halle (Saale), Stadt";"0000";;"090020";"Briefwahlbezirk 90020";"B";0;722;4;718;146;173;73;137;32;81;4;0;9;8;4;2;44;3;2;8;714;190;175;84;172;18;31;;;;;;;44;;;
"038";"Halle IV";"15002";"Halle (Saale), Stadt";"15002000";"Halle (Saale), Stadt";"0000";;"090021";"Briefwahlbezirk 90021";"B";0;589;3;586;132;119;63;93;13;76;4;1;17;7;4;3;45;5;4;4;585;196;125;84;85;11;32;;;;;;;52;;;
"038";"Halle IV";"15002";"Halle (Saale), Stadt";"15002000";"Halle (Saale), Stadt";"0000";;"090022";"Briefwahlbezirk 90022";"B";0;696;1;695;178;152;63;117;27;87;11;1;6;3;2;3;40;4;1;1;695;205;147;59;184;22;34;;;;;;;44;;;
"038";"Halle IV";"15002";"Halle (Saale), Stadt";"15002000";"Halle (Saale), Stadt";"0000";;"090023";"Briefwahlbezirk 90023";"B";0;975;3;972;192;272;147;143;29;71;6;1;12;11;4;9;65;1;9;3;972;224;276;156;162;28;51;;;;;;;75;;;
"038";"Halle IV";"15002";"Halle (Saale), Stadt";"15002000";"Halle (Saale), Stadt";"0000";;"090032";"Briefwahlbezirk 90032";"B";0;841;4;837;195;203;69;147;40;116;6;2;8;3;1;2;41;2;2;6;835;330;186;71;117;30;46;;;;;;;55;;;
"038";"Halle IV";"15002";"Halle (Saale), Stadt";"15002000";"Halle (Saale), Stadt";"0000";;"090041";"Briefwahlbezirk 90041";"B";0;364;0;364;84;78;45;68;7;43;7;2;5;1;1;2;17;2;2;1;363;131;72;44;57;10;20;;;;;;;29;;;
"038";"Halle IV";"15002";"Halle (Saale), Stadt";"15002000";"Halle (Saale), Stadt";"0000";;"090044";"Briefwahlbezirk 90044";"B";0;725;5;720;179;194;52;135;31;70;4;0;10;3;2;3;34;1;2;10;715;222;177;57;155;34;31;;;;;;;39;;;
"038";"Halle IV";"15002";"Halle (Saale), Stadt";"15002000";"Halle (Saale), Stadt";"0000";;"090045";"Briefwahlbezirk 90045";"B";0;1057;4;1053;249;204;98;187;30;163;8;1;10;8;4;5;80;2;4;7;1050;381;193;126;188;31;48;;;;;;;83;;;
"038";"Halle IV";"15002";"Halle (Saale), Stadt";"15002000";"Halle (Saale), Stadt";"0000";;"090046";"Briefwahlbezirk 90046";"B";0;845;3;842;211;233;94;121;32;68;3;3;9;6;4;5;49;0;4;5;840;265;220;80;160;36;27;;;;;;;52;;;
"038";"Halle IV";"15002";"Halle (Saale), Stadt";"15002000";"Halle (Saale), Stadt";"0000";;"090051";"Briefwahlbezirk 90051";"B";0;565;8;557;137;111;64;90;24;76;2;2;1;3;1;0;39;4;3;8;557;210;104;71;89;17;19;;;;;;;47;;;
"038";"Halle IV";"15002";"Halle (Saale), Stadt";"15002000";"Halle (Saale), Stadt";"0000";;"090058";"Briefwahlbezirk 90058";"B";0;560;7;553;118;127;74;112;18;67;4;2;4;3;1;1;18;1;3;9;551;174;116;88;118;17;21;;;;;;;17;;;
"039";"Weißenfels";"15084";"Burgenlandkreis";"15084315";"Lützen, Stadt";"0315";;"000001";"Lützen - Feuerwehrhaus (Großer Schulungsraum)";"U";917;540;8;532;83;302;36;30;13;20;10;1;10;0;1;4;21;0;1;10;530;101;311;44;42;22;10;;;;;;;;;;
"039";"Weißenfels";"15084";"Burgenlandkreis";"15084315";"Lützen, Stadt";"0315";;"000002";"Lützen - Feuerwehrhaus Lützen (Kleiner Schulungsraum)";"U";584;341;5;336;40;196;16;16;6;26;7;0;6;2;2;2;16;0;1;4;337;71;202;25;21;12;6;;;;;;;;;;
"039";"Weißenfels";"15084";"Burgenlandkreis";"15084315";"Lützen, Stadt";"0315";;"000003";"Lützen - Erweiterungsbau der Freien Gesamtschule Gustav-Adolf";"U";880;554;1;553;83;324;44;25;9;21;9;0;6;2;2;4;20;2;2;5;549;105;332;44;45;13;10;;;;;;;;;;
"039";"Weißenfels";"15084";"Burgenlandkreis";"15084315";"Lützen, Stadt";"0315";;"000004";"Lützen - OT Meuchen (Dorfgemeinschaftshaus)";"U";244;177;2;175;42;80;12;14;8;11;2;0;1;1;1;0;2;1;0;2;175;46;80;12;25;8;4;;;;;;;;;;
"039";"Weißenfels";"15084";"Burgenlandkreis";"15084315";"Lützen, Stadt";"0315";;"000005";"Lützen - OT Röcken  (Jugendclub am Teich)";"U";425;320;1;319;43;199;12;21;7;17;2;0;0;1;1;0;15;1;0;3;317;65;196;13;34;4;5;;;;;;;;;;
"039";"Weißenfels";"15084";"Burgenlandkreis";"15084315";"Lützen, Stadt";"0315";;"000006";"Lützen - OT Großgörschen (Feuerwehrhaus)";"U";592;416;8;408;69;241;19;30;7;13;2;0;3;1;2;2;19;0;0;8;408;107;235;23;35;5;3;;;;;;;;;;
"039";"Weißenfels";"15084";"Burgenlandkreis";"15084315";"Lützen, Stadt";"0315";;"000007";"Lützen - OT Starsiedel (Feuerwehr)";"U";505;334;3;331;50;192;27;8;5;31;0;0;0;1;0;2;12;1;2;4;330;67;191;38;25;5;4;;;;;;;;;;
"039";"Weißenfels";"15084";"Burgenlandkreis";"15084315";"Lützen, Stadt";"0315";;"000008";"Lützen - OT Rippach (Grundschule)";"U";305;194;0;194;32;108;13;16;2;7;2;0;2;2;2;1;6;0;1;1;193;45;104;20;14;7;3;;;;;;;;;;
"039";"Weißenfels";"15084";"Burgenlandkreis";"15084315";"Lützen, Stadt";"0315";;"000009";"Lützen - OT Pörsten (Feuerwehrhaus)";"U";156;118;3;115;16;73;6;5;0;3;1;0;2;0;1;0;7;1;0;4;114;17;74;11;9;1;2;;;;;;;;;;
"039";"Weißenfels";"15084";"Burgenlandkreis";"15084315";"Lützen, Stadt";"0315";;"000010";"Lützen - OT Poserna (Feuerwehr)";"U";261;173;0;173;17;110;13;11;6;1;1;0;0;2;0;0;12;0;0;2;171;19;111;17;18;5;1;;;;;;;;;;
"039";"Weißenfels";"15084";"Burgenlandkreis";"15084315";"Lützen, Stadt";"0315";;"000011";"Lützen - OT Göthewitz (Feuerwehr Grunautal)";"U";143;110;1;109;16;68;9;5;3;2;0;0;1;0;0;0;4;1;0;0;110;7;66;9;24;3;1;;;;;;;;;;
"039";"Weißenfels";"15084";"Burgenlandkreis";"15084315";"Lützen, Stadt";"0315";;"000012";"Lützen - OT Kreischau (Raum des Heimatvereins)";"U";189;118;0;118;12;79;9;7;3;3;0;0;0;0;0;0;5;0;0;0;118;17;76;6;14;2;3;;;;;;;;;;
"039";"Weißenfels";"15084";"Burgenlandkreis";"15084315";"Lützen, Stadt";"0315";;"000013";"Lützen - OT Muschwitz (Dorfgemeinschaftshaus)";"U";374;220;2;218;26;125;15;15;5;14;0;0;0;2;1;0;14;0;1;2;218;28;127;20;33;9;1;;;;;;;;;;
"039";"Weißenfels";"15084";"Burgenlandkreis";"15084315";"Lützen, Stadt";"0315";;"000014";"Lützen - OT Tornau ( Dorfgemeischaftshaus)";"U";106;70;0;70;6;47;7;3;0;2;1;0;0;0;2;0;2;0;0;2;68;5;46;8;7;0;2;;;;;;;;;;
"039";"Weißenfels";"15084";"Burgenlandkreis";"15084315";"Lützen, Stadt";"0315";;"000015";"Lützen - OT Dehlitz (Vereinshaus Lösau)";"U";394;297;4;293;36;180;8;22;12;10;2;1;4;1;1;2;14;0;0;5;292;58;177;17;17;15;8;;;;;;;;;;
"039";"Weißenfels";"15084";"Burgenlandkreis";"15084315";"Lützen, Stadt";"0315";;"000016";"Lützen - OT Sössen (Bauhof)";"U";171;108;0;108;14;63;5;11;4;7;2;0;0;0;0;0;2;0;0;0;108;19;60;10;9;7;3;;;;;;;;;;
"039";"Weißenfels";"15084";"Burgenlandkreis";"15084315";"Lützen, Stadt";"0315";;"000017";"Lützen - OT Zorbau (Scheune Zorbau)";"U";564;383;5;378;54;224;17;12;12;23;4;0;2;3;0;2;21;2;2;4;379;77;226;29;19;17;11;;;;;;;;;;
"039";"Weißenfels";"15084";"Burgenlandkreis";"15084315";"Lützen, Stadt";"0315";;"000018";"Lützen - OT Nellschütz (Sportlerheim Nellschütz)";"U";110;74;0;74;15;39;1;12;0;3;1;0;0;1;0;0;0;0;2;0;74;20;39;3;9;2;1;;;;;;;;;;
"039";"Weißenfels";"15084";"Burgenlandkreis";"15084315";"Lützen, Stadt";"0315";;"000019";"Briefwahllokal 1";"B";0;304;6;298;71;102;32;38;6;22;2;0;4;1;2;2;15;0;1;8;296;95;101;30;46;11;13;;;;;;;;;;
"039";"Weißenfels";"15084";"Burgenlandkreis";"15084315";"Lützen, Stadt";"0315";;"000020";"Briefwahllokal 2";"B";0;293;7;286;68;108;25;33;6;21;5;1;2;0;0;4;10;3;0;7;286;87;111;34;44;7;3;;;;;;;;;;
"039";"Weißenfels";"15084";"Burgenlandkreis";"15084315";"Lützen, Stadt";"0315";;"000021";"Briefwahllokal 3";"B";0;273;0;273;76;87;17;39;9;20;1;0;2;2;0;2;15;0;3;4;269;92;84;19;55;10;9;;;;;;;;;;
"039";"Weißenfels";"15084";"Burgenlandkreis";"15084315";"Lützen, Stadt";"0315";;"000022";"Briefwahllokal 4";"B";0;278;1;277;64;94;25;31;6;25;1;0;7;1;3;0;19;0;1;2;276;73;88;30;60;11;14;;;;;;;;;;
"039";"Weißenfels";"15084";"Burgenlandkreis";"15084490";"Teuchern, Stadt";"0490";;"000001";"Teuchern 1 - Hort der Kita Haus der kleinen Waldgeister EG";"U";1456;758;11;747;77;481;39;35;13;35;7;1;10;1;1;1;42;3;1;13;745;106;503;54;43;18;21;;;;;;;;;;
"039";"Weißenfels";"15084";"Burgenlandkreis";"15084490";"Teuchern, Stadt";"0490";;"000002";"Teuchern 2 - Hort der Kita Haus der kleinen Waldgeister OG";"U";1012;508;6;502;64;347;18;14;8;12;4;3;4;4;0;1;19;0;4;12;496;74;349;29;23;17;4;;;;;;;;;;
"039";"Weißenfels";"15084";"Burgenlandkreis";"15084490";"Teuchern, Stadt";"0490";;"000003";"Teuchern 3 - OT Deuben (Gemeindeamt)";"U";715;445;2;443;51;314;23;15;4;15;2;0;5;2;0;3;9;0;0;3;442;68;321;26;17;7;3;;;;;;;;;;
"039";"Weißenfels";"15084";"Burgenlandkreis";"15084490";"Teuchern, Stadt";"0490";;"000004";"Teuchern 4 - OT Gröben (Hort der Kita Kunterbunte Forscherwelt)";"U";459;277;3;274;21;176;18;18;6;13;4;0;0;3;2;1;10;1;1;3;274;44;183;27;11;3;6;;;;;;;;;;
"039";"Weißenfels";"15084";"Burgenlandkreis";"15084490";"Teuchern, Stadt";"0490";;"000005";"Teuchern 5 - OT Gröbitz (Dorfgemeinschaftshaus)";"U";357;221;1;220;29;131;13;14;4;7;4;0;1;0;0;1;15;0;1;1;220;31;134;17;17;17;4;;;;;;;;;;
"039";"Weißenfels";"15084";"Burgenlandkreis";"15084490";"Teuchern, Stadt";"0490";;"000006";"Teuchern 6 - OT Krauschwitz (Kita Villa Regenbogen)";"U";394;264;3;261;21;183;19;14;3;7;2;0;2;0;1;0;8;1;0;5;259;30;183;25;17;3;1;;;;;;;;;;
"039";"Weißenfels";"15084";"Burgenlandkreis";"15084490";"Teuchern, Stadt";"0490";;"000007";"Teuchern 7 - OT Unternessa (Hort der Kita Kleine Blaustrümpfe)";"U";662;398;3;395;48;246;21;18;5;9;6;3;8;1;1;4;22;0;3;6;392;72;250;30;23;12;5;;;;;;;;;;
"039";"Weißenfels";"15084";"Burgenlandkreis";"15084490";"Teuchern, Stadt";"0490";;"000008";"Teuchern 8 - OT Prittitz (Feuerwehr)";"U";721;469;6;463;79;266;30;26;11;10;4;1;5;5;2;4;18;1;1;10;459;99;276;31;23;23;7;;;;;;;;;;
"039";"Weißenfels";"15084";"Burgenlandkreis";"15084490";"Teuchern, Stadt";"0490";;"000009";"Teuchern 9 - OT Trebnitz (Sportlerheim)";"U";572;347;6;341;46;225;12;15;8;9;4;1;5;1;3;2;9;0;1;5;342;67;228;13;19;13;2;;;;;;;;;;
"039";"Weißenfels";"15084";"Burgenlandkreis";"15084490";"Teuchern, Stadt";"0490";;"000010";"Briefwahlvorstand 1";"B";0;553;3;550;133;183;54;59;14;33;12;1;10;2;0;9;39;0;1;6;547;178;192;66;76;20;15;;;;;;;;;;
"039";"Weißenfels";"15084";"Burgenlandkreis";"15084490";"Teuchern, Stadt";"0490";;"000011";"Briefwahlvorstand 2";"B";0;661;5;656;130;272;43;69;25;25;12;0;14;5;2;4;49;1;5;11;650;187;284;53;59;54;13;;;;;;;;;;
"039";"Weißenfels";"15084";"Burgenlandkreis";"15084550";"Weißenfels, Stadt";"0550";;"000001";"Weißenfels - Caritas Alten- und Pflegeheim St. Franziskus";"U";1240;771;13;758;120;405;66;41;21;39;8;1;11;6;1;4;32;1;2;18;753;158;410;85;52;37;11;;;;;;;;;;
"039";"Weißenfels";"15084";"Burgenlandkreis";"15084550";"Weißenfels, Stadt";"0550";;"000002";"Weißenfels - Bergschule ";"U";939;557;6;551;77;320;35;34;4;30;3;2;3;8;2;4;28;1;0;13;544;102;310;63;35;22;12;;;;;;;;;;
"039";"Weißenfels";"15084";"Burgenlandkreis";"15084550";"Weißenfels, Stadt";"0550";;"000003";"Weißenfels - Caritas Seniorenzentrum Kugelberg";"U";1236;662;10;652;82;370;68;41;11;23;15;0;2;3;1;4;29;1;2;9;653;111;385;78;41;25;13;;;;;;;;;;
"039";"Weißenfels";"15084";"Burgenlandkreis";"15084550";"Weißenfels, Stadt";"0550";;"000004";"Weißenfels - Ökowegschule";"U";1111;551;7;544;61;330;48;30;10;34;3;2;4;1;0;2;18;0;1;8;543;98;341;47;33;14;10;;;;;;;;;;
"039";"Weißenfels";"15084";"Burgenlandkreis";"15084550";"Weißenfels, Stadt";"0550";;"000005";"Weißenfels - Hotel Güldene Berge";"U";1026;588;3;585;83;322;54;36;14;37;2;0;10;0;0;4;21;2;0;5;583;137;320;59;31;29;7;;;;;;;;;;
"039";"Weißenfels";"15084";"Burgenlandkreis";"15084550";"Weißenfels, Stadt";"0550";;"000006";"Weißenfels - avendi Wohnpark Am Töpferdamm";"U";1024;536;12;524;69;280;54;52;12;25;3;0;7;0;0;8;14;0;0;14;522;110;282;66;38;16;10;;;;;;;;;;
"039";"Weißenfels";"15084";"Burgenlandkreis";"15084550";"Weißenfels, Stadt";"0550";;"000007";"Weißenfels - Stadthalle";"U";1379;705;6;699;57;422;83;38;11;28;5;2;12;2;3;3;27;3;3;7;698;114;432;80;35;24;13;;;;;;;;;;
"039";"Weißenfels";"15084";"Burgenlandkreis";"15084550";"Weißenfels, Stadt";"0550";;"000008";"Weißenfels - Albert-Einstein-Schule - Turnhalle";"U";1341;766;6;760;104;442;46;47;29;44;3;0;6;1;4;2;26;3;3;11;755;142;446;66;52;39;10;;;;;;;;;;
"039";"Weißenfels";"15084";"Burgenlandkreis";"15084550";"Weißenfels, Stadt";"0550";;"000009";"Weißenfels - KITA Kunterbunt";"U";1183;666;5;661;132;304;73;41;13;40;9;2;11;7;0;3;25;1;0;8;658;187;307;94;33;27;10;;;;;;;;;;
"039";"Weißenfels";"15084";"Burgenlandkreis";"15084550";"Weißenfels, Stadt";"0550";;"000010";"Weißenfels - KITA Kunterbuntes Kinderhaus 1";"U";1075;586;6;580;75;334;50;41;12;27;3;0;6;3;0;3;20;1;5;15;571;104;331;61;47;16;12;;;;;;;;;;
"039";"Weißenfels";"15084";"Burgenlandkreis";"15084550";"Weißenfels, Stadt";"0550";;"000011";"Weißenfels - KITA Kunterbuntes Kinderhaus 2";"U";1050;597;5;592;83;345;47;27;12;25;6;2;7;3;2;6;24;0;3;11;586;115;355;67;29;9;11;;;;;;;;;;
"039";"Weißenfels";"15084";"Burgenlandkreis";"15084550";"Weißenfels, Stadt";"0550";;"000012";"Weißenfels - Kulturhaus";"U";860;379;5;374;39;251;27;17;6;5;3;0;10;2;1;4;7;1;1;6;373;63;258;24;16;7;5;;;;;;;;;;
"039";"Weißenfels";"15084";"Burgenlandkreis";"15084550";"Weißenfels, Stadt";"0550";;"000013";"Weißenfels - Herderschule";"U";748;363;8;355;35;234;32;12;1;12;0;2;5;1;1;4;16;0;0;7;356;44;235;38;14;15;10;;;;;;;;;;
"039";"Weißenfels";"15084";"Burgenlandkreis";"15084550";"Weißenfels, Stadt";"0550";;"000014";"Weißenfels - Berufsbildende Schulen";"U";1093;586;2;584;96;309;42;37;21;38;5;1;6;1;1;2;21;2;2;3;583;127;316;57;44;25;14;;;;;;;;;;
"039";"Weißenfels";"15084";"Burgenlandkreis";"15084550";"Weißenfels, Stadt";"0550";;"000015";"Weißenfels - KITA  Anne Frank";"U";945;555;7;548;65;335;53;30;9;13;4;0;10;8;0;2;17;0;2;6;549;84;343;59;32;21;10;;;;;;;;;;
"039";"Weißenfels";"15084";"Burgenlandkreis";"15084550";"Weißenfels, Stadt";"0550";;"000016";"Weißenfels - Reha-Sportverein";"U";1273;686;10;676;77;429;52;37;16;11;5;6;7;4;0;5;24;0;3;18;668;82;440;70;45;20;11;;;;;;;;;;
"039";"Weißenfels";"15084";"Burgenlandkreis";"15084550";"Weißenfels, Stadt";"0550";;"000017";"Weißenfels - OT Borau (Dorfgemeinschaftshaus)";"U";475;316;3;313;42;179;34;13;4;17;3;0;7;2;1;0;10;1;0;4;312;57;184;37;19;8;7;;;;;;;;;;
"039";"Weißenfels";"15084";"Burgenlandkreis";"15084550";"Weißenfels, Stadt";"0550";;"000018";"Weißenfels - OT Markwerben (Gemeindesaal)";"U";467;315;4;311;42;186;16;14;11;18;2;0;1;2;0;0;17;0;2;2;313;72;187;20;17;11;6;;;;;;;;;;
"039";"Weißenfels";"15084";"Burgenlandkreis";"15084550";"Weißenfels, Stadt";"0550";;"000019";"Weißenfels - OT Langendorf (Grundschule Aula)";"U";793;459;2;457;73;230;32;34;10;33;0;0;8;5;0;2;27;0;3;7;452;118;220;47;27;26;14;;;;;;;;;;
"039";"Weißenfels";"15084";"Burgenlandkreis";"15084550";"Weißenfels, Stadt";"0550";;"000020";"Weißenfels - OT Langendorf (Gemeindeamt)";"U";1004;619;4;615;105;340;42;41;19;25;5;0;10;3;1;1;21;1;1;3;616;158;341;53;36;23;5;;;;;;;;;;
"039";"Weißenfels";"15084";"Burgenlandkreis";"15084550";"Weißenfels, Stadt";"0550";;"000021";"Weißenfels - OT Uichteritz (Feuerwehrversammlungsraum)";"U";723;505;4;501;100;277;43;28;13;12;3;0;2;1;1;1;19;1;0;4;501;109;274;51;39;21;7;;;;;;;;;;
"039";"Weißenfels";"15084";"Burgenlandkreis";"15084550";"Weißenfels, Stadt";"0550";;"000022";"Weißenfels - OT Lobitzsch (Alte Schule)";"U";310;210;2;208;42;95;11;16;11;14;2;1;1;1;1;1;11;0;1;1;209;54;93;21;15;21;5;;;;;;;;;;
"039";"Weißenfels";"15084";"Burgenlandkreis";"15084550";"Weißenfels, Stadt";"0550";;"000023";"Weißenfels - OT Leißling (Bürgerhaus Heimatstube)";"U";759;489;2;487;80;268;20;29;12;24;5;2;8;1;2;2;28;1;5;2;487;109;282;35;31;24;6;;;;;;;;;;
"039";"Weißenfels";"15084";"Burgenlandkreis";"15084550";"Weißenfels, Stadt";"0550";;"000024";"Weißenfels - OT Leißling (KiTa Strohbär)";"U";417;277;4;273;60;128;22;21;8;14;1;0;7;1;0;1;8;1;1;7;270;80;125;24;13;23;5;;;;;;;;;;
"039";"Weißenfels";"15084";"Burgenlandkreis";"15084550";"Weißenfels, Stadt";"0550";;"000025";"Weißenfels - OT Burgwerben (Freie Evangelische Schule) ";"U";788;480;5;475;53;295;34;25;13;19;6;1;9;0;0;1;19;0;0;4;476;88;296;39;27;21;5;;;;;;;;;;
"039";"Weißenfels";"15084";"Burgenlandkreis";"15084550";"Weißenfels, Stadt";"0550";;"000026";"Weißenfels - OT Großkorbetha (Feuerwehrversammlungsraum)";"U";761;436;4;432;70;239;36;25;4;16;8;0;9;0;1;1;23;0;0;7;429;96;244;46;21;15;7;;;;;;;;;;
"039";"Weißenfels";"15084";"Burgenlandkreis";"15084550";"Weißenfels, Stadt";"0550";;"000027";"Weißenfels - OT Großkorbetha (PAS Speisesaal)";"U";787;485;1;484;78;277;41;23;7;15;4;0;7;1;4;2;25;0;0;4;481;109;287;44;22;13;6;;;;;;;;;;
"039";"Weißenfels";"15084";"Burgenlandkreis";"15084550";"Weißenfels, Stadt";"0550";;"000028";"Weißenfels - OT Reichardtswerben (Sportlerheim)";"U";954;595;3;592;80;367;42;23;13;18;4;0;7;2;1;5;27;1;2;5;590;104;380;46;30;19;11;;;;;;;;;;
"039";"Weißenfels";"15084";"Burgenlandkreis";"15084550";"Weißenfels, Stadt";"0550";;"000029";"Weißenfels - OT Schkortleben (Gemeindeamt)";"U";453;317;4;313;52;191;15;14;9;8;2;0;2;3;1;1;15;0;0;7;310;70;195;15;15;14;1;;;;;;;;;;
"039";"Weißenfels";"15084";"Burgenlandkreis";"15084550";"Weißenfels, Stadt";"0550";;"000030";"Weißenfels - OT Storkau (Gaststätte Obschützer Hof)";"U";422;290;1;289;56;179;11;12;4;11;2;0;2;0;1;0;10;0;1;2;288;60;184;20;8;13;3;;;;;;;;;;
"039";"Weißenfels";"15084";"Burgenlandkreis";"15084550";"Weißenfels, Stadt";"0550";;"000031";"Weißenfels - OT Tagewerben (Grundschule, Turnhalle)";"U";663;429;2;427;68;236;33;23;12;18;2;0;8;3;2;5;16;1;0;9;420;85;235;47;31;18;4;;;;;;;;;;
"039";"Weißenfels";"15084";"Burgenlandkreis";"15084550";"Weißenfels, Stadt";"0550";;"000032";"Weißenfels - OT Wengelsdorf (Dorfgemeinschaftshaus)";"U";685;463;10;453;71;268;35;25;12;19;3;0;6;0;0;2;9;1;2;9;454;90;269;46;28;18;3;;;;;;;;;;
"039";"Weißenfels";"15084";"Burgenlandkreis";"15084550";"Weißenfels, Stadt";"0550";;"000033";"Weißenfels - Briefwahllokal 1 (Beratungsraum Techn. Rathaus)";"B";0;637;2;635;158;163;70;76;22;85;2;1;8;8;0;3;33;2;4;11;626;220;165;98;75;44;24;;;;;;;;;;
"039";"Weißenfels";"15084";"Burgenlandkreis";"15084550";"Weißenfels, Stadt";"0550";;"000034";"Weißenfels - Briefwahllokal 2 (2. Etage, Büro Fachbereichsleiter III)";"B";0;608;5;603;155;199;69;60;20;36;4;1;11;2;3;4;36;2;1;8;600;173;203;105;67;34;18;;;;;;;;;;
"039";"Weißenfels";"15084";"Burgenlandkreis";"15084550";"Weißenfels, Stadt";"0550";;"000035";"Weißenfels - Briefwahllokal 3 (3. Etage, Büro Abteilungsleiter Hochbau)";"B";0;783;3;780;200;199;97;103;33;71;5;1;8;10;0;3;47;0;3;14;769;283;204;114;109;36;23;;;;;;;;;;
"039";"Weißenfels";"15084";"Burgenlandkreis";"15084550";"Weißenfels, Stadt";"0550";;"000036";"Weißenfels - Briefwahllokal 4 (2. Etage, Sitzungssaal I)";"B";0;760;6;754;213;200;86;98;20;67;3;0;6;5;4;0;40;7;5;15;745;278;199;114;87;43;24;;;;;;;;;;
"039";"Weißenfels";"15084";"Burgenlandkreis";"15084550";"Weißenfels, Stadt";"0550";;"000037";"Weißenfels - Briefwahllokal 5 (2. Etage, Sitzungssaal II) ";"B";0;636;4;632;159;206;54;75;26;46;8;3;10;3;0;4;34;1;3;6;630;200;214;82;79;34;21;;;;;;;;;;
"039";"Weißenfels";"15084";"Burgenlandkreis";"15084550";"Weißenfels, Stadt";"0550";;"000038";"Weißenfels - Briefwahllokal 6 (Dachgeschoss)";"B";0;669;3;666;187;207;58;59;23;66;3;0;4;3;1;1;51;0;3;6;663;249;207;79;74;35;19;;;;;;;;;;
"039";"Weißenfels";"15084";"Burgenlandkreis";"15084550";"Weißenfels, Stadt";"0550";;"000039";"Weißenfels - Briefwahllokal 7 ( 2. Etage, Büro Wirtschaftsförderung) ";"B";0;754;4;750;197;221;86;84;26;62;9;1;7;7;4;6;37;1;2;11;743;296;220;89;79;35;24;;;;;;;;;;
"040";"Naumburg";"15084";"Burgenlandkreis";"15084013";"Meineweh";"5054";"Wethautal";"013001";"Meineweh - OT Meineweh";"U";440;275;2;273;27;166;18;17;3;15;3;1;8;0;0;1;13;0;1;4;271;60;167;19;7;3;4;;10;;;;;;;;1
"040";"Naumburg";"15084";"Burgenlandkreis";"15084013";"Meineweh";"5054";"Wethautal";"013002";"Meineweh - OT Oberkaka (Dorfgemeinschaftshaus)";"U";333;212;4;208;27;137;12;4;7;5;1;0;0;0;0;2;12;0;1;5;207;38;135;10;10;6;3;;5;;;;;;;;0
"040";"Naumburg";"15084";"Burgenlandkreis";"15084013";"Meineweh";"5054";"Wethautal";"013003";"Meineweh - Briefwahl";"B";0;154;0;154;48;43;19;10;4;1;5;0;5;2;0;2;12;0;3;0;154;66;44;22;4;3;2;;10;;;;;;;;3
"040";"Naumburg";"15084";"Burgenlandkreis";"15084025";"Balgstädt";"5053";"Unstruttal";"000011";"Balgstädt - & OT Größnitz & OT Städten Gemeindeverwaltung";"U";540;347;2;345;48;217;19;12;7;10;2;0;4;4;0;2;17;3;0;2;345;69;219;21;11;8;3;;11;;;;;;;;3
"040";"Naumburg";"15084";"Burgenlandkreis";"15084025";"Balgstädt";"5053";"Unstruttal";"000012";"Balgstädt - OT Burkersroda (Gemeindezentrum)";"U";182;125;1;124;23;66;7;6;6;6;1;0;4;0;1;0;4;0;0;0;125;33;68;9;6;6;0;;2;;;;;;;;1
"040";"Naumburg";"15084";"Burgenlandkreis";"15084025";"Balgstädt";"5053";"Unstruttal";"000013";"Balgstädt - OT Hirschroda (Feuerwehr)";"U";134;93;0;93;20;54;4;7;0;2;1;0;1;0;0;1;3;0;0;0;93;23;56;4;2;1;3;;2;;;;;;;;2
"040";"Naumburg";"15084";"Burgenlandkreis";"15084025";"Balgstädt";"5053";"Unstruttal";"000014";"Balgstädt - Briefwahl";"B";0;155;1;154;49;60;12;9;3;9;1;0;1;0;0;0;10;0;0;1;154;63;59;11;6;4;4;;4;;;;;;;;3
"040";"Naumburg";"15084";"Burgenlandkreis";"15084135";"Freyburg (Unstrut), Stadt";"5053";"Unstruttal";"000021";"Freyburg - Freyburg Nord (Sekundarschule)";"U";1196;580;8;572;72;362;42;26;10;11;5;1;10;3;1;4;23;0;2;8;572;100;371;52;16;9;5;;15;;;;;;;;4
"040";"Naumburg";"15084";"Burgenlandkreis";"15084135";"Freyburg (Unstrut), Stadt";"5053";"Unstruttal";"000022";"Freyburg - Freyburg Mitte & OT Weischütz (Sitz VerbGem)";"U";1233;619;9;610;86;348;37;36;11;23;9;2;12;0;5;1;37;1;2;8;611;134;363;46;19;15;10;;20;;;;;;;;4
"040";"Naumburg";"15084";"Burgenlandkreis";"15084135";"Freyburg (Unstrut), Stadt";"5053";"Unstruttal";"000023";"Freyburg - Freyburg Süd (Grundschule)";"U";943;573;5;568;108;289;37;31;30;26;6;1;9;0;2;2;25;2;0;3;570;147;296;46;23;30;14;;10;;;;;;;;4
"040";"Naumburg";"15084";"Burgenlandkreis";"15084135";"Freyburg (Unstrut), Stadt";"5053";"Unstruttal";"000024";"Freyburg - OT Pödelist (Festwiese)";"U";212;116;0;116;17;61;9;11;0;7;2;1;0;1;1;1;4;1;0;0;116;29;62;12;6;1;2;;3;;;;;;;;1
"040";"Naumburg";"15084";"Burgenlandkreis";"15084135";"Freyburg (Unstrut), Stadt";"5053";"Unstruttal";"000025";"Freyburg - OT Schleberoda (Feuerwehr)";"U";133;73;1;72;9;37;5;4;1;6;3;0;0;1;0;0;5;1;0;1;72;19;41;6;3;1;2;;0;;;;;;;;0
"040";"Naumburg";"15084";"Burgenlandkreis";"15084135";"Freyburg (Unstrut), Stadt";"5053";"Unstruttal";"000026";"Freyburg -  OT Zeuchfeld (Club Zeuchfeld)";"U";147;93;1;92;21;46;5;5;3;1;2;0;2;0;0;0;7;0;0;1;92;28;44;8;5;5;0;;2;;;;;;;;0
"040";"Naumburg";"15084";"Burgenlandkreis";"15084135";"Freyburg (Unstrut), Stadt";"5053";"Unstruttal";"000027";"Freyburg - Briefwahl";"B";0;811;7;804;225;219;71;99;42;46;13;1;16;5;1;7;48;8;3;8;803;334;227;86;47;42;22;;32;;;;;;;;13
"040";"Naumburg";"15084";"Burgenlandkreis";"15084150";"Gleina";"5053";"Unstruttal";"000031";"Gleina - Gemeindeverwaltung";"U";566;389;7;382;88;171;28;32;10;13;6;1;5;2;0;1;22;0;3;6;383;117;182;26;19;15;7;;11;;;;;;;;6
"040";"Naumburg";"15084";"Burgenlandkreis";"15084150";"Gleina";"5053";"Unstruttal";"000032";"Gleina - OT Baumersroda (Sportlerheim)";"U";243;169;3;166;31;102;6;6;4;6;0;0;1;0;0;1;7;2;0;3;166;40;102;9;3;5;2;;5;;;;;;;;0
"040";"Naumburg";"15084";"Burgenlandkreis";"15084150";"Gleina";"5053";"Unstruttal";"000033";"Gleina - OT Ebersroda (ehem. Gemeinde)";"U";120;77;0;77;17;37;7;6;5;2;0;0;0;0;0;0;3;0;0;0;77;18;36;8;5;5;3;;2;;;;;;;;0
"040";"Naumburg";"15084";"Burgenlandkreis";"15084150";"Gleina";"5053";"Unstruttal";"000034";"Gleina - Briefwahl";"B";0;134;0;134;40;32;6;21;3;10;3;1;3;0;0;0;13;2;0;1;133;55;37;13;9;7;2;;5;;;;;;;;5
"040";"Naumburg";"15084";"Burgenlandkreis";"15084170";"Goseck";"5053";"Unstruttal";"000041";"Goseck - Kindertagesstätte";"U";371;242;1;241;40;135;14;20;1;14;3;0;2;1;0;0;10;0;1;2;240;59;141;15;11;1;7;;4;;;;;;;;2
"040";"Naumburg";"15084";"Burgenlandkreis";"15084170";"Goseck";"5053";"Unstruttal";"000042";"Goseck - OT Markröhlitz (Rittergut)";"U";431;303;2;301;54;176;15;15;5;8;2;1;1;3;0;3;17;0;1;1;302;72;180;16;9;6;4;;14;;;;;;;;1
"040";"Naumburg";"15084";"Burgenlandkreis";"15084170";"Goseck";"5053";"Unstruttal";"000043";"Goseck - Briefwahl";"B";0;145;1;144;38;41;15;19;6;7;1;0;1;1;0;2;13;0;0;3;142;58;44;17;14;1;4;;3;;;;;;;;1
"040";"Naumburg";"15084";"Burgenlandkreis";"15084250";"Karsdorf";"5053";"Unstruttal";"000051";"Karsdorf - ehem. Gemeindeverwaltung";"U";320;221;2;219;41;112;28;11;1;4;3;1;5;0;0;0;13;0;0;4;217;54;119;30;6;1;2;;4;;;;;;;;1
"040";"Naumburg";"15084";"Burgenlandkreis";"15084250";"Karsdorf";"5053";"Unstruttal";"000052";"Karsdorf - OT Wennungen (Feuerwehrvereinshaus)";"U";198;147;3;144;31;61;5;12;3;8;1;0;6;1;0;1;14;1;0;3;144;36;72;12;6;6;5;;6;;;;;;;;1
"040";"Naumburg";"15084";"Burgenlandkreis";"15084250";"Karsdorf";"5053";"Unstruttal";"000053";"Karsdorf - OT Wetzendorf (Bürgerhaus)";"U";570;340;7;333;59;169;28;26;6;15;5;0;8;4;0;1;8;1;3;8;332;73;175;35;18;9;8;;12;;;;;;;;2
"040";"Naumburg";"15084";"Burgenlandkreis";"15084250";"Karsdorf";"5053";"Unstruttal";"000054";"Karsdorf - Briefwahl";"B";0;124;1;123;22;50;18;8;3;5;2;0;3;1;0;0;10;0;1;1;123;28;49;27;1;5;4;;7;;;;;;;;2
"040";"Naumburg";"15084";"Burgenlandkreis";"15084285";"Laucha an der Unstrut, Stadt";"5053";"Unstruttal";"000061";"Laucha - Ratskeller";"U";929;519;8;511;77;300;35;21;14;19;4;2;9;4;0;3;23;0;0;7;512;99;302;37;20;16;13;;19;;;;;;;;6
"040";"Naumburg";"15084";"Burgenlandkreis";"15084285";"Laucha an der Unstrut, Stadt";"5053";"Unstruttal";"000062";"Laucha - Seniorentreff";"U";708;403;8;395;75;221;13;20;16;14;2;3;7;1;0;2;21;0;0;6;397;102;228;17;22;9;7;;9;;;;;;;;3
"040";"Naumburg";"15084";"Burgenlandkreis";"15084285";"Laucha an der Unstrut, Stadt";"5053";"Unstruttal";"000063";"Laucha - OT Burgscheidungen (Dorfgemeinschaftshaus)";"U";334;221;3;218;31;126;16;7;3;10;8;0;3;3;1;0;10;0;0;5;216;42;133;19;6;2;5;;6;;;;;;;;3
"040";"Naumburg";"15084";"Burgenlandkreis";"15084285";"Laucha an der Unstrut, Stadt";"5053";"Unstruttal";"000064";"Laucha - OT Kirchscheidungen (Dorfgemeinschaftshaus)";"U";264;181;4;177;32;95;11;9;5;10;4;0;1;1;1;0;8;0;0;5;176;49;97;14;4;5;3;;4;;;;;;;;0
"040";"Naumburg";"15084";"Burgenlandkreis";"15084285";"Laucha an der Unstrut, Stadt";"5053";"Unstruttal";"000065";"Laucha - Briefwahl";"B";0;420;1;419;140;122;35;42;18;24;0;3;9;0;0;1;23;1;1;3;417;193;123;36;22;15;13;;8;;;;;;;;7
"040";"Naumburg";"15084";"Burgenlandkreis";"15084335";"Mertendorf";"5054";"Wethautal";"335001";"Mertendorf - Turnhalle";"U";479;330;7;323;38;195;24;19;5;14;3;0;5;3;0;1;15;0;1;8;322;67;199;18;9;12;7;;6;;;;;;;;4
"040";"Naumburg";"15084";"Burgenlandkreis";"15084335";"Mertendorf";"5054";"Wethautal";"335002";"Mertendorf - OT Löbitz (Kulturhaus)";"U";798;465;3;462;50;301;29;10;9;16;4;0;14;3;0;1;23;1;1;6;459;80;298;32;8;11;10;;17;;;;;;;;3
"040";"Naumburg";"15084";"Burgenlandkreis";"15084335";"Mertendorf";"5054";"Wethautal";"335003";"Mertendorf - Briefwahl";"B";0;275;2;273;82;67;22;30;7;27;5;0;7;0;0;0;23;0;3;3;272;120;78;19;18;7;12;;11;;;;;;;;7
"040";"Naumburg";"15084";"Burgenlandkreis";"15084341";"Molauer Land";"5054";"Wethautal";"341001";"Molauer Land - OT Sieglitz";"U";797;479;5;474;65;286;16;22;12;26;7;2;10;3;0;2;18;2;3;2;477;100;287;29;18;15;9;;18;;;;;;;;1
"040";"Naumburg";"15084";"Burgenlandkreis";"15084341";"Molauer Land";"5054";"Wethautal";"341002";"Molauer Land - Briefwahl";"B";0;176;1;175;48;55;25;11;1;9;6;1;5;4;0;1;9;0;0;1;175;67;56;28;3;7;2;;7;;;;;;;;5
"040";"Naumburg";"15084";"Burgenlandkreis";"15084355";"Naumburg (Saale), Stadt";"0355";;"000001";"Naumburg - Albert-Schweitzer-Schule (Hort)";"U";1491;800;3;797;122;418;57;50;22;52;17;2;5;3;1;6;39;0;3;6;794;214;424;56;23;19;29;;24;;;;;;;;5
"040";"Naumburg";"15084";"Burgenlandkreis";"15084355";"Naumburg (Saale), Stadt";"0355";;"000002";"Naumburg - Salztorschule";"U";1538;798;14;784;94;413;83;47;10;71;4;1;16;1;3;4;31;4;2;16;782;177;419;87;32;15;29;;20;;;;;;;;3
"040";"Naumburg";"15084";"Burgenlandkreis";"15084355";"Naumburg (Saale), Stadt";"0355";;"000003";"Naumburg - Caritas Behindertenwerk GmbH BLK";"U";1651;847;4;843;108;436;70;56;23;70;5;0;22;2;2;3;41;2;3;6;841;200;440;84;29;26;29;;31;;;;;;;;2
"040";"Naumburg";"15084";"Burgenlandkreis";"15084355";"Naumburg (Saale), Stadt";"0355";;"000004";"Naumburg - Kindertageseinrichtung ""Zwergenland""";"U";1464;789;3;786;115;411;72;44;14;48;6;1;21;2;3;1;43;3;2;1;788;184;424;81;39;13;12;;30;;;;;;;;5
"040";"Naumburg";"15084";"Burgenlandkreis";"15084355";"Naumburg (Saale), Stadt";"0355";;"000005";"Naumburg - Domgymnasium";"U";1510;766;7;759;115;361;83;45;22;62;1;0;9;3;2;5;50;0;1;8;758;200;373;93;25;20;26;;19;;;;;;;;2
"040";"Naumburg";"15084";"Burgenlandkreis";"15084355";"Naumburg (Saale), Stadt";"0355";;"000006";"Naumburg - Finanzamt";"U";1504;804;11;793;95;437;68;53;15;52;5;8;18;1;4;8;27;2;0;13;791;187;432;71;35;10;21;;30;;;;;;;;5
"040";"Naumburg";"15084";"Burgenlandkreis";"15084355";"Naumburg (Saale), Stadt";"0355";;"000007";"Naumburg - Utaschule";"U";1617;843;11;832;107;442;75;47;14;68;9;2;26;2;3;5;29;2;1;12;831;196;432;88;28;15;24;;38;;;;;;;;10
"040";"Naumburg";"15084";"Burgenlandkreis";"15084355";"Naumburg (Saale), Stadt";"0355";;"000008";"Naumburg - Begegnungsstätte der Heilsarmee";"U";1258;680;7;673;127;330;55;42;9;33;10;3;18;4;2;7;33;0;0;7;673;178;344;62;25;15;18;;26;;;;;;;;5
"040";"Naumburg";"15084";"Burgenlandkreis";"15084355";"Naumburg (Saale), Stadt";"0355";;"000009";"Naumburg - Bürgerbüro";"U";1425;730;11;719;76;331;86;49;11;103;1;2;23;3;0;7;24;1;2;9;721;174;324;91;26;11;52;;39;;;;;;;;4
"040";"Naumburg";"15084";"Burgenlandkreis";"15084355";"Naumburg (Saale), Stadt";"0355";;"000010";"Naumburg - Kinder-Eltern-Zentrum ""Domspatz""";"U";1553;800;6;794;122;331;71;61;27;113;16;6;8;3;1;3;25;4;3;5;795;257;323;76;29;29;48;;28;;;;;;;;5
"040";"Naumburg";"15084";"Burgenlandkreis";"15084355";"Naumburg (Saale), Stadt";"0355";;"000011";"Naumburg - Technisches Rauthaus";"U";1704;897;6;891;160;408;65;57;25;100;8;3;18;1;0;2;40;2;2;6;891;304;399;60;38;14;43;;28;;;;;;;;5
"040";"Naumburg";"15084";"Burgenlandkreis";"15084355";"Naumburg (Saale), Stadt";"0355";;"000012";"Naumburg - Integrative Kita ""Am Holländer""";"U";1846;1045;11;1034;157;515;83;84;18;72;13;3;12;7;2;5;59;2;2;11;1034;282;520;83;54;31;31;;30;;;;;;;;3
"040";"Naumburg";"15084";"Burgenlandkreis";"15084355";"Naumburg (Saale), Stadt";"0355";;"000013";"Naumburg - OT Kleinjena (Kita ""Max Klinger"")";"U";902;505;4;501;90;282;26;31;6;23;0;0;9;1;0;4;27;1;1;5;500;141;275;24;14;16;11;;18;;;;;;;;1
"040";"Naumburg";"15084";"Burgenlandkreis";"15084355";"Naumburg (Saale), Stadt";"0355";;"000014";"Naumburg - OT Schellsitz (Bürgerhaus)";"U";138;115;2;113;26;57;4;7;4;6;1;0;0;0;0;1;7;0;0;2;113;42;55;3;1;4;5;;0;;;;;;;;3
"040";"Naumburg";"15084";"Burgenlandkreis";"15084355";"Naumburg (Saale), Stadt";"0355";;"000015";"Naumburg - OT Flemmingen (Kita ""Flemminger Kinderwelt"")";"U";410;270;2;268;55;132;17;17;10;17;0;1;3;2;1;1;11;1;0;3;267;92;131;21;7;6;4;;5;;;;;;;;1
"040";"Naumburg";"15084";"Burgenlandkreis";"15084355";"Naumburg (Saale), Stadt";"0355";;"000016";"Naumburg - OT Boblas (Dorfgemeinschaftshaus)";"U";312;216;4;212;36;95;14;22;9;14;1;0;7;1;0;0;11;2;0;5;211;69;91;17;12;6;7;;4;;;;;;;;5
"040";"Naumburg";"15084";"Burgenlandkreis";"15084355";"Naumburg (Saale), Stadt";"0355";;"000017";"Naumburg - OT Beuditz (Ortsteilverwaltung)";"U";266;170;0;170;41;73;16;9;1;17;5;0;3;0;1;0;4;0;0;0;170;57;76;16;8;1;8;;4;;;;;;;;0
"040";"Naumburg";"15084";"Burgenlandkreis";"15084355";"Naumburg (Saale), Stadt";"0355";;"000018";"Naumburg - OT Eulau (Dorfgemeinschaftshaus)";"U";348;222;2;220;32;124;12;9;8;15;1;1;4;0;2;2;10;0;0;3;219;54;123;12;7;7;7;;7;;;;;;;;2
"040";"Naumburg";"15084";"Burgenlandkreis";"15084355";"Naumburg (Saale), Stadt";"0355";;"000019";"Naumburg - OT Bad Kösen (Lazarus-Haus)";"U";1103;596;7;589;91;287;45;46;17;39;10;0;13;2;3;3;31;0;2;8;588;163;287;46;33;16;14;;26;;;;;;;;3
"040";"Naumburg";"15084";"Burgenlandkreis";"15084355";"Naumburg (Saale), Stadt";"0355";;"000020";"Naumburg - OT Bad Kösen (Kita ""Sonnenschein"")";"U";1062;628;4;624;99;363;43;31;17;22;3;2;9;3;1;5;23;1;2;5;623;140;363;44;26;14;10;;24;;;;;;;;2
"040";"Naumburg";"15084";"Burgenlandkreis";"15084355";"Naumburg (Saale), Stadt";"0355";;"000021";"Naumburg - OT Bad Kösen (Rathaus)";"U";1233;703;13;690;92;400;42;41;26;24;2;1;12;0;2;6;36;2;4;13;690;135;419;49;26;20;14;;21;;;;;;;;6
"040";"Naumburg";"15084";"Burgenlandkreis";"15084355";"Naumburg (Saale), Stadt";"0355";;"000022";"Naumburg - OT Hassenhausen (Kita ""Wirbelwind"")";"U";395;274;1;273;50;158;16;13;5;6;3;1;5;2;0;1;9;2;2;3;271;66;159;17;8;8;2;;9;;;;;;;;2
"040";"Naumburg";"15084";"Burgenlandkreis";"15084355";"Naumburg (Saale), Stadt";"0355";;"000023";"Naumburg  - OT Janisroda (Dorfgemeinschaftshaus)";"U";152;121;3;118;12;61;13;8;4;10;1;1;2;0;0;0;5;0;1;2;119;31;60;12;3;5;1;;5;;;;;;;;2
"040";"Naumburg";"15084";"Burgenlandkreis";"15084355";"Naumburg (Saale), Stadt";"0355";;"000024";"Naumburg - OT Prießnitz (Vereinshaus)";"U";246;179;1;178;36;105;8;3;3;7;1;0;5;0;0;1;8;0;1;1;178;60;99;9;2;1;0;;7;;;;;;;;0
"040";"Naumburg";"15084";"Burgenlandkreis";"15084355";"Naumburg (Saale), Stadt";"0355";;"000025";"Naumburg - OT Crölpa-Löbschütz (Kita ""Rasselbande"")";"U";472;318;1;317;50;184;12;13;8;15;1;4;5;4;0;3;14;2;2;1;317;74;191;19;5;10;7;;8;;;;;;;;3
"040";"Naumburg";"15084";"Burgenlandkreis";"15084355";"Naumburg (Saale), Stadt";"0355";;"000026";"Naumburg - Briefwahl 1 (Raum 20, Marienstraße)";"B";0;851;5;846;234;200;82;122;21;113;8;6;14;3;2;4;32;2;3;9;842;425;181;82;59;15;49;;27;;;;;;;;4
"040";"Naumburg";"15084";"Burgenlandkreis";"15084355";"Naumburg (Saale), Stadt";"0355";;"000027";"Naumburg - Briefwahl 2 (Raum 003, Markt 12)";"B";0;1023;3;1020;262;229;110;140;43;126;5;1;23;4;2;0;68;1;6;3;1020;449;218;117;73;48;69;;38;;;;;;;;8
"040";"Naumburg";"15084";"Burgenlandkreis";"15084355";"Naumburg (Saale), Stadt";"0355";;"000028";"Naumburg - Briefwahl 3 (Großer Ratskellersaal)";"B";0;855;3;852;220;220;91;98;27;90;11;3;23;2;0;2;56;5;4;2;853;363;216;105;55;26;41;;31;;;;;;;;16
"040";"Naumburg";"15084";"Burgenlandkreis";"15084355";"Naumburg (Saale), Stadt";"0355";;"000029";"Naumburg - Briefwahl 4 (Kleiner Ratskellersaa)";"B";0;890;2;888;238;218;106;106;20;115;5;5;25;4;4;3;33;6;0;4;886;412;217;103;40;23;54;;28;;;;;;;;9
"040";"Naumburg";"15084";"Burgenlandkreis";"15084355";"Naumburg (Saale), Stadt";"0355";;"000030";"Naumburg - Briefwahl 5 (Raum 104)";"B";0;846;2;844;235;210;98;96;25;96;10;0;15;5;1;2;47;1;3;5;841;367;208;109;48;20;44;;30;;;;;;;;15
"040";"Naumburg";"15084";"Burgenlandkreis";"15084355";"Naumburg (Saale), Stadt";"0355";;"000031";"Naumburg - Briefwahl 6 (Trauzimmer)";"B";0;791;7;784;190;205;80;104;32;73;24;3;6;6;1;2;49;4;5;5;786;321;212;92;46;28;45;;31;;;;;;;;11
"040";"Naumburg";"15084";"Burgenlandkreis";"15084360";"Nebra (Unstrut), Stadt";"5053";"Unstruttal";"000071";"Nebra -  (Unstruthalle)";"U";1651;945;18;927;155;551;59;54;16;16;8;0;13;5;3;6;40;1;0;20;925;186;570;74;44;16;7;;24;;;;;;;;4
"040";"Naumburg";"15084";"Burgenlandkreis";"15084360";"Nebra (Unstrut), Stadt";"5053";"Unstruttal";"000072";"Nebra - OT Reinsdorf (Deutsches Haus)";"U";405;246;3;243;32;141;21;7;5;12;6;0;8;1;0;0;9;0;1;2;244;49;143;22;3;7;8;;8;;;;;;;;4
"040";"Naumburg";"15084";"Burgenlandkreis";"15084360";"Nebra (Unstrut), Stadt";"5053";"Unstruttal";"000073";"Nebra - OT Kleinwangen (Sole 9 Dorfgemeinschaftshaus)";"U";359;230;5;225;19;165;15;6;5;3;0;0;2;1;1;0;7;0;1;5;225;21;164;16;8;5;1;;8;;;;;;;;2
"040";"Naumburg";"15084";"Burgenlandkreis";"15084360";"Nebra (Unstrut), Stadt";"5053";"Unstruttal";"000074";"Nebra - Briefwahl";"B";0;427;4;423;123;147;42;35;14;17;4;0;5;2;1;5;27;1;0;5;422;143;159;45;27;16;11;;13;;;;;;;;8
"040";"Naumburg";"15084";"Burgenlandkreis";"15084375";"Osterfeld, Stadt";"5054";"Wethautal";"375001";"Osterfeld - Rathaussaal";"U";1120;592;5;587;102;319;44;35;18;20;5;2;13;3;1;2;20;1;2;6;586;136;327;47;30;17;6;;22;;;;;;;;1
"040";"Naumburg";"15084";"Burgenlandkreis";"15084375";"Osterfeld, Stadt";"5054";"Wethautal";"375002";"Osterfeld - OT Kleinhelmsdorf (ehem. Gemeindeamt)";"U";770;452;2;450;70;276;22;22;18;12;5;1;2;1;0;1;19;0;1;2;450;95;276;26;22;12;3;;12;;;;;;;;4
"040";"Naumburg";"15084";"Burgenlandkreis";"15084375";"Osterfeld, Stadt";"5054";"Wethautal";"375003";"Osterfeld - Briefwahl";"B";0;457;4;453;124;137;55;39;21;20;3;3;13;2;3;2;24;2;5;9;448;164;147;65;24;15;12;;15;;;;;;;;6
"040";"Naumburg";"15084";"Burgenlandkreis";"15084445";"Schönburg";"5054";"Wethautal";"445001";"Schönburg - OT Possenhain (Kulturstätte)";"U";823;551;3;548;88;307;33;25;21;27;1;0;14;2;3;2;24;0;1;8;543;133;307;40;11;14;14;;21;;;;;;;;3
"040";"Naumburg";"15084";"Burgenlandkreis";"15084445";"Schönburg";"5054";"Wethautal";"445002";"Schönburg - Briefwahl";"B";0;164;0;164;31;66;9;9;13;14;7;0;1;3;1;0;10;0;0;1;163;62;61;8;2;13;10;;7;;;;;;;;0
"040";"Naumburg";"15084";"Burgenlandkreis";"15084470";"Stößen, Stadt";"5054";"Wethautal";"470001";"Stößen - Schützenhaus";"U";725;409;2;407;52;239;20;29;10;14;2;3;7;1;0;2;28;0;0;2;407;92;250;23;17;8;7;;9;;;;;;;;1
"040";"Naumburg";"15084";"Burgenlandkreis";"15084470";"Stößen, Stadt";"5054";"Wethautal";"470002";"Stößen - Briefwahl";"B";0;152;0;152;53;39;21;12;4;9;3;0;4;1;0;2;4;0;0;0;152;79;36;14;6;6;4;;6;;;;;;;;1
"040";"Naumburg";"15084";"Burgenlandkreis";"15084560";"Wethau";"5054";"Wethautal";"560001";"Wethau - Turnhalle";"U";716;476;4;472;86;273;17;24;13;15;8;1;11;2;0;3;13;5;1;5;471;123;280;23;13;12;7;;11;;;;;;;;2
"040";"Naumburg";"15084";"Burgenlandkreis";"15084560";"Wethau";"5054";"Wethautal";"560002";"Wethau - Briefwahl";"B";0;124;0;124;30;38;12;15;4;12;3;0;0;0;1;1;7;0;1;0;124;51;37;12;4;11;4;;3;;;;;;;;2
"041";"Zeitz";"15084";"Burgenlandkreis";"15084115";"Droyßig";"5052";"Droyßiger-Zeitzer Forst";"000011";"Droyßig - Verwaltungsgebäude, Saal";"U";1283;812;7;805;141;452;50;29;18;45;16;3;4;4;0;2;34;2;5;6;806;171;457;48;38;15;17;27;;;;;;26;;7;
"041";"Zeitz";"15084";"Burgenlandkreis";"15084115";"Droyßig";"5052";"Droyßiger-Zeitzer Forst";"000012";"Droyßig - OT Weißenborn (Dorfkrug)";"U";237;140;3;137;16;84;10;7;3;7;4;0;1;1;0;0;4;0;0;2;138;22;82;12;5;3;3;5;;;;;;4;;2;
"041";"Zeitz";"15084";"Burgenlandkreis";"15084115";"Droyßig";"5052";"Droyßiger-Zeitzer Forst";"000013";"Droyßig - Briefwahl";"B";0;316;1;315;82;91;26;26;11;24;12;0;12;0;0;0;27;2;2;1;315;100;88;32;27;9;8;24;;;;;;25;;2;
"041";"Zeitz";"15084";"Burgenlandkreis";"15084130";"Elsteraue";"0130";;"000001";"Elsteraue - OT Bornitz ";"U";383;246;6;240;39;146;11;9;5;6;10;0;2;0;0;1;10;0;1;6;240;34;142;10;9;8;1;25;;;;;;10;;1;
"041";"Zeitz";"15084";"Burgenlandkreis";"15084130";"Elsteraue";"0130";;"000002";"Elsteraue - OT Draschwitz (ehem. Grundschule Draschwitz)";"U";356;228;4;224;29;137;15;9;2;9;13;0;1;1;0;1;7;0;0;4;224;34;133;14;8;1;4;26;;;;;;3;;1;
"041";"Zeitz";"15084";"Burgenlandkreis";"15084130";"Elsteraue";"0130";;"000003";"Elsteraue - OT Torna (Kulturraum)";"U";291;197;3;194;23;128;11;8;2;3;3;1;1;1;0;2;10;0;1;2;195;23;131;11;6;1;4;8;;;;;;10;;1;
"041";"Zeitz";"15084";"Burgenlandkreis";"15084130";"Elsteraue";"0130";;"000004";"Elsteraue-OT Minkwitz (Baracke)";"U";450;308;5;303;52;169;18;13;3;16;12;0;1;0;0;0;16;0;3;5;303;55;171;23;13;2;4;18;;;;;;12;;5;
"041";"Zeitz";"15084";"Burgenlandkreis";"15084130";"Elsteraue";"0130";;"000005";"Elsteraue - OT Staschwitz (Festwiese)";"U";407;270;1;269;55;146;16;13;2;6;10;0;4;1;1;1;13;0;1;1;269;59;153;16;10;5;1;17;;;;;;8;;0;
"041";"Zeitz";"15084";"Burgenlandkreis";"15084130";"Elsteraue";"0130";;"000006";"Elsteraue - OT Profen (Kulturzentraum/DGZ)";"U";648;397;3;394;57;250;24;13;2;19;11;0;4;1;1;0;11;1;0;4;393;63;247;32;10;3;7;20;;;;;;11;;0;
"041";"Zeitz";"15084";"Burgenlandkreis";"15084130";"Elsteraue";"0130";;"000007";"Elsteraue - OT Rehmsdorf (Schule)";"U";764;483;5;478;64;296;29;26;6;14;5;1;1;1;6;4;21;1;3;6;477;70;294;39;25;5;4;14;;;;;;19;;7;
"041";"Zeitz";"15084";"Burgenlandkreis";"15084130";"Elsteraue";"0130";;"000008";"Elsteraue - OT Reuden (Sekundarschule Reuden )";"U";575;329;2;327;39;202;21;9;8;8;10;1;2;1;0;3;20;1;2;2;327;46;200;16;10;10;3;30;;;;;;10;;2;
"041";"Zeitz";"15084";"Burgenlandkreis";"15084130";"Elsteraue";"0130";;"000009";"Elsteraue - OT Prehlitz- Penkwitz (Gemeindezentrum)";"U";659;415;1;414;56;262;22;12;9;17;7;0;3;1;0;0;21;0;4;2;413;68;266;25;13;7;5;15;;;;;;12;;2;
"041";"Zeitz";"15084";"Burgenlandkreis";"15084130";"Elsteraue";"0130";;"000010";"Elsteraue - OT Tröglitz (Schule)";"U";1072;602;5;597;76;381;29;23;12;20;16;0;5;2;0;0;28;2;3;7;595;77;379;33;33;6;13;30;;;;;;21;;3;
"041";"Zeitz";"15084";"Burgenlandkreis";"15084130";"Elsteraue";"0130";;"000011";"Elsteraue - OT Tröglitz (Schule)";"U";901;548;6;542;93;319;42;19;6;15;10;1;7;1;0;2;25;0;2;5;543;99;313;42;19;10;7;24;;;;;;26;;3;
"041";"Zeitz";"15084";"Burgenlandkreis";"15084130";"Elsteraue";"0130";;"000012";"Elsteraue - Briefwahl 1";"B";0;688;5;683;151;257;71;65;11;37;21;3;3;7;2;6;44;2;3;8;680;153;249;79;54;12;33;51;;;;;;42;;7;
"041";"Zeitz";"15084";"Burgenlandkreis";"15084130";"Elsteraue";"0130";;"000013";"Elsteraue - Briefwahl 2";"B";0;632;3;629;180;227;40;45;11;46;26;0;7;1;1;8;35;1;1;5;627;192;216;50;39;10;26;59;;;;;;26;;9;
"041";"Zeitz";"15084";"Burgenlandkreis";"15084207";"Gutenborn";"5052";"Droyßiger-Zeitzer Forst";"000021";"Gutenborn - OT Bergisdorf (Richterturm)";"U";313;205;4;201;28;121;9;13;6;6;6;0;4;0;0;0;5;0;3;4;201;39;121;8;5;9;3;8;;;;;;6;;2;
"041";"Zeitz";"15084";"Burgenlandkreis";"15084207";"Gutenborn";"5052";"Droyßiger-Zeitzer Forst";"000022";"Gutenborn - OT Droßdorf (Gemeindezentrum)";"U";468;300;4;296;59;171;7;22;6;10;3;0;1;4;1;0;8;2;2;4;296;67;162;10;22;11;3;9;;;;;;7;;5;
"041";"Zeitz";"15084";"Burgenlandkreis";"15084207";"Gutenborn";"5052";"Droyßiger-Zeitzer Forst";"000023";"Gutenborn - OT Heuckewalde (Sportlerheim)";"U";297;203;4;199;34;122;8;10;2;5;3;0;2;0;0;1;3;1;8;4;199;33;122;8;11;4;3;5;;;;;;2;;11;
"041";"Zeitz";"15084";"Burgenlandkreis";"15084207";"Gutenborn";"5052";"Droyßiger-Zeitzer Forst";"000024";"Gutenborn - OT Lonzig (Kulturraum)";"U";343;193;3;190;33;113;15;3;4;9;0;0;0;1;0;1;10;0;1;0;193;41;114;10;9;2;6;3;;;;;;6;;2;
"041";"Zeitz";"15084";"Burgenlandkreis";"15084207";"Gutenborn";"5052";"Droyßiger-Zeitzer Forst";"000025";"Gutenborn - Briefwahl";"B";0;301;1;300;72;110;22;33;12;15;6;0;1;2;0;2;22;0;3;3;298;84;99;30;29;8;8;12;;;;;;22;;6;
"041";"Zeitz";"15084";"Burgenlandkreis";"15084235";"Hohenmölsen, Stadt";"0235";;"000001";"Hohenmölsen - Sportgaststätte des SV 1919 e.V. ";"U";1519;790;9;781;108;482;63;30;14;16;7;4;10;5;0;2;38;0;2;14;776;131;487;63;28;15;5;15;;;;;;28;;4;
"041";"Zeitz";"15084";"Burgenlandkreis";"15084235";"Hohenmölsen, Stadt";"0235";;"000002";"Hohenmölsen - Bürgerhaus (Großer Saal)";"U";1339;797;3;794;112;451;64;42;27;28;8;3;8;2;1;3;43;0;2;5;792;144;455;70;37;22;11;15;;;;;;33;;5;
"041";"Zeitz";"15084";"Burgenlandkreis";"15084235";"Hohenmölsen, Stadt";"0235";;"000003";"Hohenmölsen - SKZ ""Lindenhof"" (Saal) ";"U";1211;684;11;673;118;376;47;41;8;30;9;1;4;3;2;3;27;1;3;11;673;140;375;54;33;11;17;21;;;;;;21;;1;
"041";"Zeitz";"15084";"Burgenlandkreis";"15084235";"Hohenmölsen, Stadt";"0235";;"000004";"Hohenmölsen - Sporthalle Hohenmölsen-Nord";"U";1021;507;6;501;46;307;53;27;10;17;5;1;5;2;1;4;22;0;1;7;500;59;307;51;28;5;11;12;;;;;;24;;3;
"041";"Zeitz";"15084";"Burgenlandkreis";"15084235";"Hohenmölsen, Stadt";"0235";;"000005";"Hohenmölsen - OT Webau (Nebengebäude)";"U";243;143;1;142;20;81;8;11;1;7;2;0;1;2;0;1;6;1;1;1;142;24;84;9;8;2;5;6;;;;;;3;;1;
"041";"Zeitz";"15084";"Burgenlandkreis";"15084235";"Hohenmölsen, Stadt";"0235";;"000006";"Hohenmölsen - OT Wählitz (Versammlungsraum OSR Webau)";"U";284;190;2;188;19;118;20;5;0;6;1;0;3;0;1;0;14;1;0;2;188;24;123;23;7;0;2;1;;;;;;6;;2;
"041";"Zeitz";"15084";"Burgenlandkreis";"15084235";"Hohenmölsen, Stadt";"0235";;"000007";"Hohenmälsen - OT Rössuln (Versammlungsraum der Ofw. Rössuln) ";"U";230;154;0;154;12;93;12;15;5;4;1;0;1;0;0;1;10;0;0;0;154;19;96;14;13;4;0;3;;;;;;5;;0;
"041";"Zeitz";"15084";"Burgenlandkreis";"15084235";"Hohenmölsen, Stadt";"0235";;"000008";"Hohenmölsen - OT Keutschen (Vereinshaus) ";"U";283;181;2;179;30;93;13;15;6;6;1;1;4;1;0;0;9;0;0;1;180;41;91;14;12;8;5;2;;;;;;6;;1;
"041";"Zeitz";"15084";"Burgenlandkreis";"15084235";"Hohenmölsen, Stadt";"0235";;"000009";"Hohenmölsen - OT Werschen (Seniorenraum)";"U";338;199;2;197;29;118;16;5;3;9;1;0;4;1;0;2;9;0;0;2;197;39;117;20;5;3;2;7;;;;;;4;;0;
"041";"Zeitz";"15084";"Burgenlandkreis";"15084235";"Hohenmölsen, Stadt";"0235";;"000010";"Hohenmölsen - OT Granschütz (Sporthalle Granschütz)";"U";776;462;7;455;62;281;17;25;8;24;4;1;6;2;0;2;20;1;2;7;455;84;275;31;26;5;10;7;;;;;;15;;2;
"041";"Zeitz";"15084";"Burgenlandkreis";"15084235";"Hohenmölsen, Stadt";"0235";;"000011";"Hohenmölsen - OT Taucha (Volkshaus Taucha)";"U";491;349;5;344;50;202;19;23;4;17;4;1;2;2;2;0;15;1;2;6;343;67;195;24;13;7;8;13;;;;;;15;;1;
"041";"Zeitz";"15084";"Burgenlandkreis";"15084235";"Hohenmölsen, Stadt";"0235";;"000012";"Hohenmölsen - Briefwahl 1 Kernstadt (Kinosaal)";"B";0;1042;5;1037;291;278;120;126;37;53;31;3;6;9;3;3;65;5;7;10;1032;335;270;119;120;33;38;48;;;;;;65;;4;
"041";"Zeitz";"15084";"Burgenlandkreis";"15084235";"Hohenmölsen, Stadt";"0235";;"000013";"Hohenmölsen - Briefwahl 2 Ortschaften (Saal B)";"B";0;472;0;472;107;161;48;61;15;33;6;0;6;1;1;3;25;1;4;0;472;142;160;46;38;19;24;17;;;;;;19;;7;
"041";"Zeitz";"15084";"Burgenlandkreis";"15084275";"Kretzschau";"5052";"Droyßiger-Zeitzer Forst";"000031";"Kretzschau - OT Gladitz (Vereins- und Bürgerhaus)";"U";534;330;2;328;39;231;13;13;8;6;6;0;2;1;0;0;9;0;0;2;328;34;228;20;15;4;2;14;;;;;;9;;2;
"041";"Zeitz";"15084";"Burgenlandkreis";"15084275";"Kretzschau";"5052";"Droyßiger-Zeitzer Forst";"000032";"Kretzschau - OT Grana (Sportlerheim)";"U";178;98;3;95;17;56;4;10;0;1;1;0;0;1;0;1;3;1;0;3;95;17;55;8;8;1;0;1;;;;;;4;;1;
"041";"Zeitz";"15084";"Burgenlandkreis";"15084275";"Kretzschau";"5052";"Droyßiger-Zeitzer Forst";"000033";"Kretzschau - OT Salsitz/Kleinosida (ehemalige Schule)";"U";208;127;3;124;15;74;10;5;2;5;2;0;3;1;0;0;5;0;2;2;125;21;75;8;4;2;4;4;;;;;;2;;5;
"041";"Zeitz";"15084";"Burgenlandkreis";"15084275";"Kretzschau";"5052";"Droyßiger-Zeitzer Forst";"000034";"Kretzschau - OT Mannsdorf (Gaststätte Zur Weintraube)";"U";84;42;1;41;5;20;3;3;0;5;1;0;0;0;1;1;2;0;0;1;41;9;20;4;2;0;1;1;;;;;;2;;2;
"041";"Zeitz";"15084";"Burgenlandkreis";"15084275";"Kretzschau";"5052";"Droyßiger-Zeitzer Forst";"000035";"Kretzschau - Sportlerheim";"U";909;550;13;537;55;352;36;29;5;28;13;2;5;2;1;2;7;0;0;9;541;79;345;40;24;7;13;18;;;;;;14;;1;
"041";"Zeitz";"15084";"Burgenlandkreis";"15084275";"Kretzschau";"5052";"Droyßiger-Zeitzer Forst";"000036";"Kretzschau - Briefwahl";"B";0;377;1;376;81;161;46;24;8;16;8;0;3;1;0;2;25;0;1;0;377;81;152;58;22;10;8;15;;;;;;27;;4;
"041";"Zeitz";"15084";"Burgenlandkreis";"15084442";"Schnaudertal";"5052";"Droyßiger-Zeitzer Forst";"000041";"Schnaudertal - OT Wittgendorf (Gemeinde)";"U";215;171;1;170;9;128;6;6;0;1;5;2;3;1;0;1;7;0;1;1;170;11;134;5;5;4;0;5;;;;;;5;;1;
"041";"Zeitz";"15084";"Burgenlandkreis";"15084442";"Schnaudertal";"5052";"Droyßiger-Zeitzer Forst";"000042";"Schnaudertal - OT Großpörthen (Versammlungsraum)";"U";147;105;1;104;16;64;6;4;3;4;2;0;0;2;0;1;1;0;1;1;104;21;65;5;2;3;1;3;;;;;;1;;3;
"041";"Zeitz";"15084";"Burgenlandkreis";"15084442";"Schnaudertal";"5052";"Droyßiger-Zeitzer Forst";"000043";"Schnaudertal - OT Kleinpörthen (Heimatstube)";"U";117;95;0;95;11;62;5;8;0;0;5;0;0;0;0;0;3;0;1;0;95;11;63;4;7;0;0;3;;;;;;4;;3;
"041";"Zeitz";"15084";"Burgenlandkreis";"15084442";"Schnaudertal";"5052";"Droyßiger-Zeitzer Forst";"000044";"Schnaudertal - OT Bröckau (ehem. Gemeindeamt)";"U";152;109;2;107;12;77;4;6;1;0;0;0;0;3;1;1;1;0;1;3;106;9;79;9;6;1;0;0;;;;;;1;;1;
"041";"Zeitz";"15084";"Burgenlandkreis";"15084442";"Schnaudertal";"5052";"Droyßiger-Zeitzer Forst";"000045";"Schnaudertal - OT Hohenkirchen (Gemeinderaum)";"U";107;74;1;73;18;46;5;3;0;1;0;0;0;0;0;0;0;0;0;1;73;18;46;5;2;1;0;1;;;;;;0;;0;
"041";"Zeitz";"15084";"Burgenlandkreis";"15084442";"Schnaudertal";"5052";"Droyßiger-Zeitzer Forst";"000046";"Schnaudertal - Briefwahl";"B";0;75;0;75;22;27;0;8;6;5;1;1;0;0;1;1;3;0;0;1;74;24;24;4;5;5;3;3;;;;;;3;;3;
"041";"Zeitz";"15084";"Burgenlandkreis";"15084565";"Wetterzeube";"5052";"Droyßiger-Zeitzer Forst";"000051";"Wetterzeube - OT Breitenbach (Felsenkeller)";"U";225;162;0;162;21;113;9;4;1;4;4;0;0;1;0;0;5;0;0;0;162;16;117;8;2;2;3;8;;;;;;4;;2;
"041";"Zeitz";"15084";"Burgenlandkreis";"15084565";"Wetterzeube";"5052";"Droyßiger-Zeitzer Forst";"000052";"Wetterzeube - OT Haynsburg (Versammlungsraum)";"U";349;208;4;204;23;137;10;8;4;4;2;1;3;0;1;1;8;1;1;4;204;24;131;16;7;6;4;6;;;;;;9;;1;
"041";"Zeitz";"15084";"Burgenlandkreis";"15084565";"Wetterzeube";"5052";"Droyßiger-Zeitzer Forst";"000053";"Wetterzeube - Dorfgemeinschaftshaus";"U";784;474;4;470;52;298;48;19;5;24;7;0;3;0;0;1;12;1;0;5;469;73;292;39;29;7;8;10;;;;;;11;;0;
"041";"Zeitz";"15084";"Burgenlandkreis";"15084565";"Wetterzeube";"5052";"Droyßiger-Zeitzer Forst";"000054";"Wetterzeube - Briefwahl";"B";0;287;1;286;66;96;35;23;10;25;11;0;4;0;0;1;14;1;0;1;286;76;91;42;25;10;10;17;;;;;;13;;2;
"041";"Zeitz";"15084";"Burgenlandkreis";"15084590";"Zeitz, Stadt";"0590";;"000001";"Zeitz-01 Gewandhaus";"U";936;485;5;480;70;256;18;35;15;45;15;0;5;1;1;2;13;1;3;5;480;100;250;24;31;15;15;29;;;;;;8;;8;
"041";"Zeitz";"15084";"Burgenlandkreis";"15084590";"Zeitz, Stadt";"0590";;"000002";"Zeitz-02 Seniorenwohnstift Altenburger Straße";"U";923;408;9;399;50;245;23;32;8;18;6;0;5;2;0;1;6;2;1;6;402;57;246;30;31;10;7;11;;;;;;7;;3;
"041";"Zeitz";"15084";"Burgenlandkreis";"15084590";"Zeitz, Stadt";"0590";;"000003";"Zeitz-03 Haus am Lindenplatz";"U";833;391;7;384;43;230;24;26;8;15;10;1;6;0;2;2;16;0;1;11;380;52;229;28;27;7;6;14;;;;;;16;;1;
"041";"Zeitz";"15084";"Burgenlandkreis";"15084590";"Zeitz, Stadt";"0590";;"000004";"Zeitz-04 Haus am Schützenplatz";"U";1193;575;15;560;82;331;37;28;7;16;12;0;6;3;3;2;25;4;4;16;559;87;334;44;32;9;9;17;;;;;;20;;7;
"041";"Zeitz";"15084";"Burgenlandkreis";"15084590";"Zeitz, Stadt";"0590";;"000005";"Zeitz-05 Altenzentrum Pestalozzistraße";"U";747;374;9;365;49;238;21;17;8;14;3;1;2;1;0;1;8;0;2;8;366;48;235;34;19;9;1;12;;;;;;7;;1;
"041";"Zeitz";"15084";"Burgenlandkreis";"15084590";"Zeitz, Stadt";"0590";;"000006";"Zeitz-06 Klinkerhallen";"U";896;387;1;386;37;220;30;22;5;31;7;2;4;1;1;4;19;1;2;1;386;50;221;33;26;6;21;14;;;;;;14;;1;
"041";"Zeitz";"15084";"Burgenlandkreis";"15084590";"Zeitz, Stadt";"0590";;"000007";"Zeitz-07 Jobcenter";"U";1587;916;6;910;109;567;57;56;13;31;8;1;9;7;3;2;41;1;5;9;907;136;562;74;45;13;10;27;;;;;;32;;8;
"041";"Zeitz";"15084";"Burgenlandkreis";"15084590";"Zeitz, Stadt";"0590";;"000008";"Zeitz-08 Grundschule Elstervorstadt 1";"U";604;322;3;319;28;210;23;19;0;10;6;0;4;1;1;1;14;2;0;4;318;36;211;26;17;2;4;9;;;;;;10;;3;
"041";"Zeitz";"15084";"Burgenlandkreis";"15084590";"Zeitz, Stadt";"0590";;"000009";"Zeitz-09 Grundschule Elstervorstadt";"U";1030;541;4;537;83;322;32;30;8;14;11;2;8;4;1;0;20;0;2;4;537;105;317;32;27;10;6;19;;;;;;19;;2;
"041";"Zeitz";"15084";"Burgenlandkreis";"15084590";"Zeitz, Stadt";"0590";;"000010";"Zeitz-10 Grundschule Rasberg";"U";679;435;5;430;59;242;22;23;13;27;13;0;7;3;1;1;16;0;3;6;429;83;240;24;18;14;10;22;;;;;;14;;4;
"041";"Zeitz";"15084";"Burgenlandkreis";"15084590";"Zeitz, Stadt";"0590";;"000011";"Zeitz-11 Sekundarschule ""Völkerfreundschaft"" 1";"U";893;469;13;456;69;248;43;35;8;13;8;0;3;0;2;3;20;2;2;10;459;68;254;40;37;12;8;24;;;;;;12;;4;
"041";"Zeitz";"15084";"Burgenlandkreis";"15084590";"Zeitz, Stadt";"0590";;"000012";"Zeitz-12 Sekundarschule ""Völkerfreundschaft"" 2";"U";1026;529;1;528;66;340;37;29;9;10;11;0;6;4;0;1;10;2;3;4;525;83;333;38;21;7;9;23;;;;;;9;;2;
"041";"Zeitz";"15084";"Burgenlandkreis";"15084590";"Zeitz, Stadt";"0590";;"000013";"Zeitz-13 Gymnasium ""Zeitz-Ost"" 1";"U";803;408;9;399;67;204;40;31;10;11;6;2;4;1;0;1;21;0;1;10;398;71;201;42;29;9;8;16;;;;;;16;;6;
"041";"Zeitz";"15084";"Burgenlandkreis";"15084590";"Zeitz, Stadt";"0590";;"000014";"Zeitz-14 Gymnasium ""Zeitz-Ost"" 2";"U";790;353;4;349;47;207;29;24;5;7;6;0;4;3;0;2;13;1;1;4;349;60;205;30;23;4;4;13;;;;;;8;;2;
"041";"Zeitz";"15084";"Burgenlandkreis";"15084590";"Zeitz, Stadt";"0590";;"000015";"Zeitz-15 Grundschule ""Zeitz-Ost"" 1";"U";953;504;7;497;83;284;32;46;6;10;6;0;1;1;1;2;24;0;1;5;499;89;279;38;50;6;5;14;;;;;;16;;2;
"041";"Zeitz";"15084";"Burgenlandkreis";"15084590";"Zeitz, Stadt";"0590";;"000016";"Zeitz-16 Grundschule ""Zeitz-Ost"" 2";"U";1041;482;5;477;51;275;52;34;8;14;7;2;3;0;3;1;23;1;3;5;477;63;273;61;35;9;4;12;;;;;;18;;2;
"041";"Zeitz";"15084";"Burgenlandkreis";"15084590";"Zeitz, Stadt";"0590";;"000017";"Zeitz-17 Grundschule Bergsiedlung";"U";815;454;3;451;82;240;28;33;14;19;5;0;6;2;0;1;21;0;0;6;448;101;233;37;27;12;8;12;;;;;;16;;2;
"041";"Zeitz";"15084";"Burgenlandkreis";"15084590";"Zeitz, Stadt";"0590";;"000018";"Zeitz-18 Stadtwerke";"U";852;443;10;433;81;232;44;24;5;15;10;0;4;2;1;3;11;0;1;11;432;93;229;45;22;7;9;16;;;;;;9;;2;
"041";"Zeitz";"15084";"Burgenlandkreis";"15084590";"Zeitz, Stadt";"0590";;"000019";"Zeitz-19 Zangenberg";"U";270;207;3;204;33;124;15;6;2;7;5;0;3;0;1;0;7;0;1;4;203;44;116;18;6;2;2;9;;;;;;4;;2;
"041";"Zeitz";"15084";"Burgenlandkreis";"15084590";"Zeitz, Stadt";"0590";;"000020";"Zeitz-20 Geußnitz";"U";433;269;1;268;34;160;15;13;5;7;8;0;3;3;1;3;14;0;2;3;266;35;163;24;15;3;2;12;;;;;;12;;0;
"041";"Zeitz";"15084";"Burgenlandkreis";"15084590";"Zeitz, Stadt";"0590";;"000021";"Zeitz-21 Kayna";"U";979;570;4;566;59;375;32;26;12;15;16;1;6;3;1;3;17;0;0;6;564;82;369;25;28;10;6;25;;;;;;15;;4;
"041";"Zeitz";"15084";"Burgenlandkreis";"15084590";"Zeitz, Stadt";"0590";;"000022";"Zeitz-22 Würchwitz";"U";428;265;2;263;45;156;17;10;5;19;3;0;0;0;0;0;6;0;2;2;263;46;156;20;13;6;7;9;;;;;;4;;2;
"041";"Zeitz";"15084";"Burgenlandkreis";"15084590";"Zeitz, Stadt";"0590";;"000023";"Zeitz-23 Pirkau";"U";54;44;0;44;14;18;0;4;0;0;7;0;0;0;0;0;1;0;0;0;44;11;20;1;1;0;1;10;;;;;;0;;0;
"041";"Zeitz";"15084";"Burgenlandkreis";"15084590";"Zeitz, Stadt";"0590";;"000024";"Zeitz-24 Nonnewitz";"U";583;380;3;377;44;256;18;10;6;7;3;0;4;1;0;3;21;2;2;2;378;50;262;15;13;6;2;13;;;;;;13;;4;
"041";"Zeitz";"15084";"Burgenlandkreis";"15084590";"Zeitz, Stadt";"0590";;"000025";"Zeitz-25 Luckenau";"U";357;229;2;227;28;155;8;10;0;8;1;0;0;1;1;3;12;0;0;2;227;33;152;9;14;1;4;3;;;;;;9;;2;
"041";"Zeitz";"15084";"Burgenlandkreis";"15084590";"Zeitz, Stadt";"0590";;"000026";" Zeitz-26 Theißen";"U";1396;846;7;839;104;529;48;48;10;26;17;2;8;2;2;3;34;1;5;7;839;123;520;49;66;16;6;29;;;;;;23;;7;
"041";"Zeitz";"15084";"Burgenlandkreis";"15084590";"Zeitz, Stadt";"0590";;"000027";"Zeitz - Briefwahl 1";"B";0;1445;11;1434;345;438;164;168;38;111;47;0;14;8;5;4;81;1;10;13;1432;422;428;164;164;38;47;77;;;;;;78;;14;
"041";"Zeitz";"15084";"Burgenlandkreis";"15084590";"Zeitz, Stadt";"0590";;"000028";"Zeitz - Briefwahl 2";"B";0;1461;8;1453;394;433;173;179;28;86;28;2;20;7;5;11;81;1;5;14;1447;428;433;199;167;33;37;70;;;;;;69;;11;
"041";"Zeitz";"15084";"Burgenlandkreis";"15084590";"Zeitz, Stadt";"0590";;"000029";"Zeitz - Briefwahl 3";"B";0;859;2;857;229;300;84;88;19;46;22;2;5;5;2;5;42;1;7;4;855;242;293;79;105;18;26;44;;;;;;34;;14;
