"Ergebnisart";"Datum";"Uhrzeit";"Soll.Wahlbezirke";"Ist.Wahlbezirke";"Satzart";"Schlüsselnummer";"Name";"Wahllokal";"A.Wahlberechtigte";"B.Wähler";"E.Ungültige.Zweitstimmen";"F.Gültige.Zweitstimmen";"F01.CDU";"F02.AfD";"F03.Die Linke";"F04.SPD";"F05.FDP";"F06.GRÜNE";"F07.FREIE WÄHLER";"F08.dieBasis";"F09.Tierschutzpartei";"F10.Gartenpartei";"F11.Die PARTEI";"F12.TIERSCHUTZALLIANZ";"F15.BSW";"F19.PdF";"F20.Volt";"C.Ungültige.Erststimmen";"D.Gültige.Erststimmen";"D01.CDU";"D02.AfD";"D03.Die Linke";"D04.SPD";"D05.FDP";"D06.GRÜNE";"D07.FREIE WÄHLER";"D09.Tierschutzpartei";"D10.Gartenpartei";"D11.Die PARTEI";"D12.TIERSCHUTZALLIANZ";"D13.HEIMAT";"D15.BSW";"D19.PdF";"D20.Volt";"D21.EB";"Gewählt im Wahlkreis"
"V";"06.09.2026";"21:47:17";57;57;"GEM";"15001000";"Dessau-Roßlau, Stadt";"U";61152;34306;393;33913;5218;15430;2648;2968;959;3146;304;35;418;164;91;199;2163;42;128;500;33806;8314;16324;3497;2560;1414;1174;367;;;;;156;;;;;""
"V";"06.09.2026";"23:17:11";22;22;"GEM";"15001000";"Dessau-Roßlau, Stadt";"B";0;12777;80;12697;3333;2704;1305;1741;493;1791;151;17;147;66;29;60;800;21;39;169;12608;5093;2801;1665;1302;759;776;153;;;;;59;;;;;""
"V";"06.09.2026";"23:17:11";79;79;"GEM";"15001000";"Dessau-Roßlau, Stadt";"";61152;47083;473;46610;8551;18134;3953;4709;1452;4937;455;52;565;230;120;259;2963;63;167;669;46414;13407;19125;5162;3862;2173;1950;520;;;;;215;;;;;""
"Z";"06.09.2026";"23:01:01";126;124;"GEM";"15002000";"Halle (Saale), Stadt";"U";171941;87768;922;86846;10638;32282;9069;9325;2325;15654;632;131;917;330;281;440;4360;139;323;1034;86734;15127;32728;18800;7718;2622;5493;385;;;;;;3667;;;194;""
"Z";"06.09.2026";"22:57:36";60;56;"GEM";"15002000";"Halle (Saale), Stadt";"B";0;41794;188;41606;7340;6366;5554;6794;1359;10714;362;61;338;192;130;157;2012;79;148;267;41527;9876;6217;12996;4943;1596;3554;248;;;;;;2000;;;97;""
"Z";"06.09.2026";"23:01:01";186;180;"GEM";"15002000";"Halle (Saale), Stadt";"";171941;129562;1110;128452;17978;38648;14623;16119;3684;26368;994;192;1255;522;411;597;6372;218;471;1301;128261;25003;38945;31796;12661;4218;9047;633;;;;;;5667;;;291;""
"V";"06.09.2026";"22:10:38";148;148;"GEM";"15003000";"Magdeburg, Landeshauptstadt";"U";176179;87741;833;86908;10925;36042;8587;8553;2170;12349;442;129;797;1211;254;691;4227;125;406;829;86912;18822;36539;13847;6180;2069;3311;;;1683;;573;;3635;;253;;""
"V";"06.09.2026";"23:06:33";70;70;"GEM";"15003000";"Magdeburg, Landeshauptstadt";"B";0;51822;209;51613;10296;9119;6726;8175;1846;10019;328;62;453;710;165;438;2877;108;291;277;51545;16774;8940;10915;5366;1845;3172;;;1254;;426;;2598;;255;;""
"V";"06.09.2026";"23:06:33";218;218;"GEM";"15003000";"Magdeburg, Landeshauptstadt";"";176179;139563;1042;138521;21221;45161;15313;16728;4016;22368;770;191;1250;1921;419;1129;7104;233;697;1106;138457;35596;45479;24762;11546;3914;6483;;;2937;;999;;6233;;508;;""
"V";"06.09.2026";"19:03:27";3;3;"GEM";"15081026";"Apenburg-Winterfeld, Flecken";"U";1315;947;14;933;145;454;71;97;24;53;5;1;7;5;3;3;62;2;1;13;934;234;460;84;59;18;23;;;;9;;;47;;;;""
"V";"06.09.2026";"22:19:31";1;1;"GEM";"15081026";"Apenburg-Winterfeld, Flecken";"B";0;122;1;121;34;41;9;15;7;8;0;0;0;0;0;0;7;0;0;1;121;45;37;12;7;5;3;;;;0;;;12;;;;""
"V";"06.09.2026";"22:19:31";4;4;"GEM";"15081026";"Apenburg-Winterfeld, Flecken";"";1315;1069;15;1054;179;495;80;112;31;61;5;1;7;5;3;3;69;2;1;14;1055;279;497;96;66;23;26;;;;9;;;59;;;;""
"V";"06.09.2026";"19:36:04";16;16;"GEM";"15081030";"Arendsee (Altmark), Stadt";"U";5337;3268;39;3229;543;1573;296;238;122;177;31;12;23;10;12;11;163;5;13;45;3223;715;1556;350;249;86;71;;;;30;;;166;;;;""
"V";"06.09.2026";"20:49:45";1;1;"GEM";"15081030";"Arendsee (Altmark), Stadt";"B";0;978;7;971;228;265;143;129;19;75;9;3;14;5;7;7;61;2;4;12;966;310;251;171;101;23;30;;;;20;;;60;;;;""
"V";"06.09.2026";"20:49:45";17;17;"GEM";"15081030";"Arendsee (Altmark), Stadt";"";5337;4246;46;4200;771;1838;439;367;141;252;40;15;37;15;19;18;224;7;17;57;4189;1025;1807;521;350;109;101;;;;50;;;226;;;;""
"V";"06.09.2026";"19:55:18";6;6;"GEM";"15081045";"Beetzendorf";"U";2442;1368;13;1355;201;640;125;108;28;134;13;4;10;6;8;5;70;2;1;14;1354;337;633;164;74;27;45;;;;13;;;61;;;;""
"V";"06.09.2026";"21:22:57";1;1;"GEM";"15081045";"Beetzendorf";"B";0;522;2;520;114;111;63;80;11;84;5;5;4;1;2;1;33;2;4;2;520;172;111;103;64;19;20;;;;4;;;27;;;;""
"V";"06.09.2026";"21:22:57";7;7;"GEM";"15081045";"Beetzendorf";"";2442;1890;15;1875;315;751;188;188;39;218;18;9;14;7;10;6;103;4;5;16;1874;509;744;267;138;46;65;;;;17;;;88;;;;""
"V";"06.09.2026";"19:26:32";2;2;"GEM";"15081095";"Dähre";"U";1125;717;7;710;124;333;62;60;29;63;4;1;2;0;2;0;30;0;0;5;712;185;334;71;45;30;17;;;;4;;;26;;;;""
"V";"06.09.2026";"22:09:54";1;1;"GEM";"15081095";"Dähre";"B";0;182;1;181;45;36;23;33;3;14;1;0;0;0;1;0;22;3;0;2;180;66;36;23;26;5;3;;;;1;;;20;;;;""
"V";"06.09.2026";"22:09:54";3;3;"GEM";"15081095";"Dähre";"";1125;899;8;891;169;369;85;93;32;77;5;1;2;0;3;0;52;3;0;7;892;251;370;94;71;35;20;;;;5;;;46;;;;""
"V";"06.09.2026";"21:00:36";1;1;"GEM";"15081105";"Diesdorf, Flecken";"U";1802;1047;11;1036;171;509;74;108;18;76;8;4;9;2;2;6;45;2;2;12;1035;291;500;80;77;15;21;;;;6;;;45;;;;""
"V";"06.09.2026";"20:17:31";1;1;"GEM";"15081105";"Diesdorf, Flecken";"B";0;406;0;406;111;86;50;48;18;45;7;2;4;0;5;2;27;1;0;1;405;167;84;48;34;22;16;;;;11;;;23;;;;""
"V";"06.09.2026";"21:00:36";2;2;"GEM";"15081105";"Diesdorf, Flecken";"";1802;1453;11;1442;282;595;124;156;36;121;15;6;13;2;7;8;72;3;2;13;1440;458;584;128;111;37;37;;;;17;;;68;;;;""
"V";"06.09.2026";"20:15:47";37;37;"GEM";"15081135";"Gardelegen, Hansestadt";"U";17566;11136;129;11007;1715;5197;921;1087;311;694;104;15;126;70;41;68;598;23;37;126;11010;2597;5128;1053;835;391;216;;;;169;;;621;;;;""
"V";"06.09.2026";"21:20:07";3;3;"GEM";"15081135";"Gardelegen, Hansestadt";"B";0;2713;15;2698;654;583;324;461;128;292;17;2;20;14;15;10;156;9;13;20;2693;1020;565;381;278;133;89;;;;45;;;182;;;;""
"V";"06.09.2026";"21:20:07";40;40;"GEM";"15081135";"Gardelegen, Hansestadt";"";17566;13849;144;13705;2369;5780;1245;1548;439;986;121;17;146;84;56;78;754;32;50;146;13703;3617;5693;1434;1113;524;305;;;;214;;;803;;;;""
"V";"06.09.2026";"18:59:32";5;5;"GEM";"15081225";"Jübar";"U";1230;853;7;846;134;469;57;60;10;47;11;1;11;5;1;5;33;2;0;6;847;238;432;54;53;17;13;;;;10;;;30;;;;""
"V";"06.09.2026";"21:34:50";1;1;"GEM";"15081225";"Jübar";"B";0;191;0;191;38;63;21;20;12;21;1;1;0;1;2;0;11;0;0;1;190;61;50;26;17;11;12;;;;1;;;12;;;;""
"V";"06.09.2026";"21:34:50";6;6;"GEM";"15081225";"Jübar";"";1230;1044;7;1037;172;532;78;80;22;68;12;2;11;6;3;5;44;2;0;7;1037;299;482;80;70;28;25;;;;11;;;42;;;;""
"V";"06.09.2026";"20:42:54";17;17;"GEM";"15081240";"Kalbe (Milde), Stadt";"U";5865;3600;35;3565;558;1746;324;303;88;227;27;8;35;10;15;15;193;4;12;38;3562;788;1757;405;219;90;74;;;;46;;;183;;;;""
"V";"06.09.2026";"20:10:38";1;1;"GEM";"15081240";"Kalbe (Milde), Stadt";"B";0;1000;3;997;270;254;115;113;33;93;9;1;8;4;6;3;81;1;6;3;997;385;234;142;76;25;36;;;;16;;;83;;;;""
"V";"06.09.2026";"20:42:54";18;18;"GEM";"15081240";"Kalbe (Milde), Stadt";"";5865;4600;38;4562;828;2000;439;416;121;320;36;9;43;14;21;18;274;5;18;41;4559;1173;1991;547;295;115;110;;;;62;;;266;;;;""
"V";"06.09.2026";"20:56:16";17;17;"GEM";"15081280";"Klötze, Stadt";"U";7954;4836;63;4773;776;2199;420;525;124;311;52;6;36;25;27;30;220;10;12;59;4777;1075;2169;672;356;123;114;;;;58;;;210;;;;""
"V";"06.09.2026";"20:58:06";2;2;"GEM";"15081280";"Klötze, Stadt";"B";0;1518;3;1515;425;321;178;221;54;149;17;3;9;13;8;6;104;4;3;11;1507;544;293;328;148;43;42;;;;18;;;91;;;;""
"V";"06.09.2026";"20:58:06";19;19;"GEM";"15081280";"Klötze, Stadt";"";7954;6354;66;6288;1201;2520;598;746;178;460;69;9;45;38;35;36;324;14;15;70;6284;1619;2462;1000;504;166;156;;;;76;;;301;;;;""
"V";"06.09.2026";"19:34:01";3;3;"GEM";"15081290";"Kuhfelde";"U";857;608;8;600;105;312;40;36;15;42;11;0;1;2;4;3;27;2;0;9;599;131;310;46;36;20;18;;;;9;;;29;;;;""
"V";"06.09.2026";"19:33:27";1;1;"GEM";"15081290";"Kuhfelde";"B";0;100;0;100;24;20;11;10;2;15;0;0;0;1;1;3;12;0;1;0;100;31;24;15;10;3;4;;;;3;;;10;;;;""
"V";"06.09.2026";"19:34:01";4;4;"GEM";"15081290";"Kuhfelde";"";857;708;8;700;129;332;51;46;17;57;11;0;1;3;5;6;39;2;1;9;699;162;334;61;46;23;22;;;;12;;;39;;;;""
"V";"06.09.2026";"18:53:57";3;3;"GEM";"15081440";"Rohrberg";"U";820;592;5;587;92;314;34;41;7;45;5;1;10;3;2;3;30;0;0;3;589;130;316;42;43;13;10;;;;12;;;23;;;;""
"V";"06.09.2026";"21:04:02";1;1;"GEM";"15081440";"Rohrberg";"B";0;94;2;92;26;26;10;8;1;14;0;0;0;0;0;1;6;0;0;1;93;33;25;12;8;4;3;;;;2;;;6;;;;""
"V";"06.09.2026";"21:04:02";4;4;"GEM";"15081440";"Rohrberg";"";820;686;7;679;118;340;44;49;8;59;5;1;10;3;2;4;36;0;0;4;682;163;341;54;51;17;13;;;;14;;;29;;;;""
"V";"06.09.2026";"21:05:56";21;21;"GEM";"15081455";"Salzwedel, Hansestadt";"U";17928;10254;128;10126;1453;4590;1187;969;234;743;103;66;99;38;33;43;532;13;23;142;10112;2217;4588;1482;711;246;257;;;;116;;;495;;;;""
"V";"06.09.2026";"21:32:57";4;4;"GEM";"15081455";"Salzwedel, Hansestadt";"B";0;3395;15;3380;779;803;452;513;112;366;38;5;19;20;19;8;233;4;9;17;3378;1163;776;619;336;113;109;;;;50;;;212;;;;""
"V";"06.09.2026";"21:32:57";25;25;"GEM";"15081455";"Salzwedel, Hansestadt";"";17928;13649;143;13506;2232;5393;1639;1482;346;1109;141;71;118;58;52;51;765;17;32;159;13490;3380;5364;2101;1047;359;366;;;;166;;;707;;;;""
"V";"06.09.2026";"19:00:15";2;2;"GEM";"15081545";"Wallstawe";"U";685;446;8;438;69;233;32;35;10;34;5;0;2;0;0;0;13;1;4;8;438;103;227;44;26;15;7;;;;2;;;14;;;;""
"V";"06.09.2026";"21:44:25";1;1;"GEM";"15081545";"Wallstawe";"B";0;127;0;127;24;29;6;11;10;28;5;0;0;1;0;1;10;1;1;0;127;45;28;11;11;5;16;;;;2;;;9;;;;""
"V";"06.09.2026";"21:44:25";3;3;"GEM";"15081545";"Wallstawe";"";685;573;8;565;93;262;38;46;20;62;10;0;2;1;0;1;23;2;5;8;565;148;255;55;37;20;23;;;;4;;;23;;;;""
"V";"06.09.2026";"21:10:00";8;8;"GEM";"15082005";"Aken (Elbe), Stadt";"U";5211;3102;41;3061;500;1635;221;182;119;129;34;4;30;15;6;17;163;2;4;50;3052;602;1701;278;175;231;65;;;;;;;;;;;""
"V";"06.09.2026";"21:01:36";1;1;"GEM";"15082005";"Aken (Elbe), Stadt";"B";0;1150;11;1139;271;318;119;141;60;99;15;1;14;8;1;8;80;0;4;21;1129;367;334;164;93;140;31;;;;;;;;;;;""
"V";"06.09.2026";"21:10:00";9;9;"GEM";"15082005";"Aken (Elbe), Stadt";"";5211;4252;52;4200;771;1953;340;323;179;228;49;5;44;23;7;25;243;2;8;71;4181;969;2035;442;268;371;96;;;;;;;;;;;""
"V";"06.09.2026";"22:22:51";25;25;"GEM";"15082015";"Bitterfeld-Wolfen, Stadt";"U";29422;15620;195;15425;2034;8834;1127;971;309;756;211;10;193;59;47;87;723;18;46;211;15409;2458;9249;1400;943;368;395;596;;;;;;;;;;""
"V";"06.09.2026";"21:48:00";6;6;"GEM";"15082015";"Bitterfeld-Wolfen, Stadt";"B";0;6021;25;5996;1555;1683;653;750;145;554;135;2;90;39;11;32;308;9;30;41;5980;1856;1764;877;658;186;309;330;;;;;;;;;;""
"V";"06.09.2026";"22:22:51";31;31;"GEM";"15082015";"Bitterfeld-Wolfen, Stadt";"";29422;21641;220;21421;3589;10517;1780;1721;454;1310;346;12;283;98;58;119;1031;27;76;252;21389;4314;11013;2277;1601;554;704;926;;;;;;;;;;""
"V";"06.09.2026";"21:12:44";22;22;"GEM";"15082180";"Köthen (Anhalt), Stadt";"U";19393;10663;121;10542;1614;5504;927;679;298;569;105;13;110;58;18;74;518;10;45;144;10519;2421;5499;1042;576;304;286;;;;;;;391;;;;""
"Z";"06.09.2026";"21:42:01";2;1;"GEM";"15082180";"Köthen (Anhalt), Stadt";"B";0;835;10;825;238;217;87;104;46;64;7;0;10;3;2;3;41;1;2;12;823;373;222;93;53;26;23;;;;;;;33;;;;""
"Z";"06.09.2026";"21:42:01";24;23;"GEM";"15082180";"Köthen (Anhalt), Stadt";"";19393;11498;131;11367;1852;5721;1014;783;344;633;112;13;120;61;20;77;559;11;47;156;11342;2794;5721;1135;629;330;309;;;;;;;424;;;;""
"V";"06.09.2026";"21:25:24";13;13;"GEM";"15082241";"Muldestausee";"U";9678;5747;63;5684;812;3213;336;306;176;294;81;9;79;30;8;40;276;10;14;80;5667;1134;3224;413;284;218;142;;;;;;;252;;;;""
"V";"06.09.2026";"19:52:45";3;3;"GEM";"15082241";"Muldestausee";"B";0;2243;18;2225;634;664;201;200;71;225;22;1;32;11;12;12;126;8;6;34;2209;815;657;234;166;82;118;;;;;;;137;;;;""
"V";"06.09.2026";"21:25:24";16;16;"GEM";"15082241";"Muldestausee";"";9678;7990;81;7909;1446;3877;537;506;247;519;103;10;111;41;20;52;402;18;20;114;7876;1949;3881;647;450;300;260;;;;;;;389;;;;""
"V";"06.09.2026";"20:37:17";18;18;"GEM";"15082256";"Osternienburger Land";"U";6815;4541;73;4468;750;2493;345;199;127;169;40;6;42;14;17;25;215;6;20;89;4452;1019;2572;433;177;179;72;;;;;;;;;;;""
"V";"06.09.2026";"20:21:16";1;1;"GEM";"15082256";"Osternienburger Land";"B";0;883;6;877;247;281;83;72;40;38;13;2;19;2;4;5;65;3;3;16;867;284;300;133;59;66;25;;;;;;;;;;;""
"V";"06.09.2026";"20:37:17";19;19;"GEM";"15082256";"Osternienburger Land";"";6815;5424;79;5345;997;2774;428;271;167;207;53;8;61;16;21;30;280;9;23;105;5319;1303;2872;566;236;245;97;;;;;;;;;;;""
"V";"06.09.2026";"20:17:34";10;10;"GEM";"15082301";"Raguhn-Jeßnitz, Stadt";"U";7408;4737;51;4686;579;2958;234;184;99;196;57;5;60;23;3;29;234;7;18;57;4680;792;3042;287;174;118;88;;;;;;;179;;;;""
"V";"06.09.2026";"21:34:25";1;1;"GEM";"15082301";"Raguhn-Jeßnitz, Stadt";"B";0;1463;8;1455;317;552;134;143;47;107;15;0;21;11;6;4;94;2;2;11;1452;418;554;163;122;42;63;;;;;;;90;;;;""
"V";"06.09.2026";"21:34:25";11;11;"GEM";"15082301";"Raguhn-Jeßnitz, Stadt";"";7408;6200;59;6141;896;3510;368;327;146;303;72;5;81;34;9;33;328;9;20;68;6132;1210;3596;450;296;160;151;;;;;;;269;;;;""
"V";"06.09.2026";"20:00:36";14;14;"GEM";"15082340";"Sandersdorf-Brehna, Stadt";"U";11898;6782;77;6705;949;3759;417;408;184;338;128;9;95;23;21;46;299;11;18;84;6698;1154;3877;485;404;197;235;346;;;;;;;;;;""
"V";"06.09.2026";"21:17:54";3;3;"GEM";"15082340";"Sandersdorf-Brehna, Stadt";"B";0;2837;29;2808;701;857;275;317;94;218;89;6;44;12;10;15;158;6;6;39;2798;820;882;346;273;105;168;204;;;;;;;;;;""
"V";"06.09.2026";"21:17:54";17;17;"GEM";"15082340";"Sandersdorf-Brehna, Stadt";"";11898;9619;106;9513;1650;4616;692;725;278;556;217;15;139;35;31;61;457;17;24;123;9496;1974;4759;831;677;302;403;550;;;;;;;;;;""
"V";"06.09.2026";"20:35:49";27;27;"GEM";"15082377";"Südliches Anhalt, Stadt";"U";10597;7218;92;7126;1158;4035;535;361;163;286;84;6;72;27;14;37;321;13;14;84;7134;1680;4035;603;276;198;103;;;;;;;239;;;;""
"L";;;1;0;"GEM";"15082377";"Südliches Anhalt, Stadt";"B";0;0;0;0;0;0;0;0;0;0;0;0;0;0;0;0;0;0;0;0;0;0;0;0;0;0;0;;;;;;;0;;;;""
"Z";"06.09.2026";"20:35:49";28;27;"GEM";"15082377";"Südliches Anhalt, Stadt";"";10597;7218;92;7126;1158;4035;535;361;163;286;84;6;72;27;14;37;321;13;14;84;7134;1680;4035;603;276;198;103;;;;;;;239;;;;""
"V";"06.09.2026";"21:16:21";33;33;"GEM";"15082430";"Zerbst/Anhalt, Stadt";"U";16392;9859;113;9746;1557;5175;659;744;210;480;146;10;100;42;23;46;498;14;42;173;9686;2208;5338;787;819;295;239;;;;;;;;;;;""
"V";"06.09.2026";"20:58:52";3;3;"GEM";"15082430";"Zerbst/Anhalt, Stadt";"B";0;2983;16;2967;824;834;277;361;85;219;60;3;35;27;6;9;213;9;5;49;2934;1117;841;346;384;120;126;;;;;;;;;;;""
"V";"06.09.2026";"21:16:21";36;36;"GEM";"15082430";"Zerbst/Anhalt, Stadt";"";16392;12842;129;12713;2381;6009;936;1105;295;699;206;13;135;69;29;55;711;23;47;222;12620;3325;6179;1133;1203;415;365;;;;;;;;;;;""
"V";"06.09.2026";"21:51:13";12;12;"GEM";"15082440";"Zörbig, Stadt";"U";7502;4530;62;4468;718;2530;231;258;99;204;118;5;41;17;8;21;202;10;6;66;4464;894;2592;272;248;77;87;294;;;;;;;;;;""
"V";"06.09.2026";"21:56:58";1;1;"GEM";"15082440";"Zörbig, Stadt";"B";0;1603;10;1593;496;410;110;164;52;142;74;1;10;8;3;8;108;5;2;17;1586;564;439;162;146;50;63;162;;;;;;;;;;""
"V";"06.09.2026";"21:56:58";13;13;"GEM";"15082440";"Zörbig, Stadt";"";7502;6133;72;6061;1214;2940;341;422;151;346;192;6;51;25;11;29;310;15;8;83;6050;1458;3031;434;394;127;150;456;;;;;;;;;;""
"V";"06.09.2026";"19:15:37";3;3;"GEM";"15083020";"Altenhausen";"U";847;566;5;561;98;275;43;49;10;30;5;3;4;6;3;3;31;0;1;8;558;152;266;47;41;14;11;;;;;;;27;;;;""
"V";"06.09.2026";"19:31:41";1;1;"GEM";"15083020";"Altenhausen";"B";0;129;0;129;24;39;17;20;3;10;0;0;4;2;1;1;8;0;0;0;129;44;38;13;18;2;5;;;;;;;9;;;;""
"V";"06.09.2026";"19:31:41";4;4;"GEM";"15083020";"Altenhausen";"";847;695;5;690;122;314;60;69;13;40;5;3;8;8;4;4;39;0;1;8;687;196;304;60;59;16;16;;;;;;;36;;;;""
"V";"06.09.2026";"19:18:13";4;4;"GEM";"15083025";"Am Großen Bruch";"U";1646;1097;10;1087;200;640;52;61;27;27;14;1;7;9;2;2;45;0;0;13;1084;248;644;71;41;27;15;;;;;;;38;;;;""
"V";"06.09.2026";"19:37:05";1;1;"GEM";"15083025";"Am Großen Bruch";"B";0;252;3;249;61;72;21;41;11;11;5;0;4;2;0;2;18;1;0;5;247;93;66;27;27;6;6;;;;;;;22;;;;""
"V";"06.09.2026";"19:37:05";5;5;"GEM";"15083025";"Am Großen Bruch";"";1646;1349;13;1336;261;712;73;102;38;38;19;1;11;11;2;4;63;1;0;18;1331;341;710;98;68;33;21;;;;;;;60;;;;""
"V";"06.09.2026";"20:27:52";4;4;"GEM";"15083030";"Angern";"U";1572;1051;14;1037;173;517;86;69;17;72;15;1;6;5;1;2;71;0;2;12;1039;256;507;95;54;16;22;;;;;;;77;;;12;""
"V";"06.09.2026";"22:26:13";1;1;"GEM";"15083030";"Angern";"B";0;291;1;290;62;80;34;26;15;28;2;1;3;3;1;0;31;1;3;2;289;77;81;48;17;11;11;;;;;;;39;;;5;""
"V";"06.09.2026";"22:26:13";5;5;"GEM";"15083030";"Angern";"";1572;1342;15;1327;235;597;120;95;32;100;17;2;9;8;2;2;102;1;5;14;1328;333;588;143;71;27;33;;;;;;;116;;;17;""
"V";"06.09.2026";"19:10:19";2;2;"GEM";"15083035";"Ausleben";"U";1327;836;4;832;99;523;46;46;22;19;25;0;10;15;2;4;20;0;1;12;824;133;530;56;36;25;15;;;;;;;29;;;;""
"V";"06.09.2026";"20:45:15";1;1;"GEM";"15083035";"Ausleben";"B";0;214;1;213;52;64;25;26;5;14;0;0;2;8;1;0;15;1;0;1;213;71;59;26;16;8;10;;;;;;;23;;;;""
"V";"06.09.2026";"20:45:15";3;3;"GEM";"15083035";"Ausleben";"";1327;1050;5;1045;151;587;71;72;27;33;25;0;12;23;3;4;35;1;1;13;1037;204;589;82;52;33;25;;;;;;;52;;;;""
"V";"06.09.2026";"21:20:08";5;5;"GEM";"15083040";"Barleben";"U";7583;4329;45;4284;648;2200;278;299;123;326;56;2;48;25;6;20;220;10;23;44;4285;1066;2184;322;253;124;92;;;;;;;183;;;61;""
"V";"06.09.2026";"22:34:04";3;3;"GEM";"15083040";"Barleben";"B";0;2205;9;2196;565;530;195;305;90;259;33;0;29;14;5;20;140;1;10;12;2193;898;497;220;207;98;96;;;;;;;133;;;44;""
"V";"06.09.2026";"22:34:04";8;8;"GEM";"15083040";"Barleben";"";7583;6534;54;6480;1213;2730;473;604;213;585;89;2;77;39;11;40;360;11;33;56;6478;1964;2681;542;460;222;188;;;;;;;316;;;105;""
"V";"06.09.2026";"19:29:20";1;1;"GEM";"15083060";"Beendorf";"U";675;424;5;419;72;223;23;29;9;16;8;1;2;1;3;2;29;0;1;4;420;125;214;26;16;9;9;;;;;;;21;;;;""
"V";"06.09.2026";"20:12:09";1;1;"GEM";"15083060";"Beendorf";"B";0;99;1;98;24;35;8;12;1;7;1;0;0;0;0;3;7;0;0;1;98;34;35;7;9;1;3;;;;;;;9;;;;""
"V";"06.09.2026";"20:12:09";2;2;"GEM";"15083060";"Beendorf";"";675;523;6;517;96;258;31;41;10;23;9;1;2;1;3;5;36;0;1;5;518;159;249;33;25;10;12;;;;;;;30;;;;""
"V";"06.09.2026";"19:11:36";2;2;"GEM";"15083115";"Bülstringen";"U";700;512;7;505;106;254;26;45;14;14;10;1;2;1;2;4;25;1;0;7;505;181;241;15;28;13;5;;;;;;;22;;;;""
"V";"06.09.2026";"18:51:33";1;1;"GEM";"15083115";"Bülstringen";"B";0;88;0;88;21;22;6;16;6;6;1;0;4;0;0;2;4;0;0;0;88;46;20;3;4;5;3;;;;;;;7;;;;""
"V";"06.09.2026";"19:11:36";3;3;"GEM";"15083115";"Bülstringen";"";700;600;7;593;127;276;32;61;20;20;11;1;6;1;2;6;29;1;0;7;593;227;261;18;32;18;8;;;;;;;29;;;;""
"V";"06.09.2026";"20:16:23";4;4;"GEM";"15083120";"Burgstall";"U";1201;832;15;817;119;465;49;57;19;36;4;1;4;5;2;1;50;1;4;16;816;154;470;68;40;16;14;;;;;;;48;;;6;""
"V";"06.09.2026";"23:14:02";1;1;"GEM";"15083120";"Burgstall";"B";0;196;2;194;47;62;13;21;8;15;1;0;4;0;0;2;21;0;0;1;195;58;62;17;22;6;5;;;;;;;21;;;4;""
"V";"06.09.2026";"23:14:02";5;5;"GEM";"15083120";"Burgstall";"";1201;1028;17;1011;166;527;62;78;27;51;5;1;8;5;2;3;71;1;4;17;1011;212;532;85;62;22;19;;;;;;;69;;;10;""
"V";"06.09.2026";"19:52:28";8;8;"GEM";"15083125";"Calvörde";"U";2731;1721;19;1702;300;862;136;122;33;77;19;2;22;9;10;6;94;3;7;25;1696;508;832;121;106;26;25;;;;;;;78;;;;""
"V";"06.09.2026";"20:41:10";1;1;"GEM";"15083125";"Calvörde";"B";0;434;3;431;104;144;30;52;9;30;3;1;5;4;0;4;41;0;4;2;432;178;130;26;34;9;11;;;;;;;44;;;;""
"V";"06.09.2026";"20:41:10";9;9;"GEM";"15083125";"Calvörde";"";2731;2155;22;2133;404;1006;166;174;42;107;22;3;27;13;10;10;135;3;11;27;2128;686;962;147;140;35;36;;;;;;;122;;;;""
"V";"06.09.2026";"21:29:53";3;3;"GEM";"15083130";"Colbitz";"U";2772;1662;9;1653;221;934;120;116;27;90;11;2;10;7;3;4;98;4;6;10;1652;301;938;148;99;38;31;;;;;;;83;;;14;""
"V";"06.09.2026";"21:54:53";1;1;"GEM";"15083130";"Colbitz";"B";0;636;2;634;162;182;73;68;23;63;4;3;11;3;1;1;35;2;3;6;630;206;174;83;55;24;23;;;;;;;54;;;11;""
"V";"06.09.2026";"21:54:53";4;4;"GEM";"15083130";"Colbitz";"";2772;2298;11;2287;383;1116;193;184;50;153;15;5;21;10;4;5;133;6;9;16;2282;507;1112;231;154;62;54;;;;;;;137;;;25;""
"V";"06.09.2026";"19:49:23";5;5;"GEM";"15083190";"Eilsleben";"U";2966;1747;25;1722;291;831;129;157;36;82;15;1;21;12;7;10;125;3;2;22;1725;447;835;123;127;51;36;;;;;;;106;;;;""
"V";"06.09.2026";"19:33:44";1;1;"GEM";"15083190";"Eilsleben";"B";0;590;2;588;157;147;61;77;18;55;10;0;7;1;0;2;51;1;1;2;588;229;135;53;66;15;30;;;;;;;60;;;;""
"V";"06.09.2026";"19:49:23";6;6;"GEM";"15083190";"Eilsleben";"";2966;2337;27;2310;448;978;190;234;54;137;25;1;28;13;7;12;176;4;3;24;2313;676;970;176;193;66;66;;;;;;;166;;;;""
"V";"06.09.2026";"20:44:03";5;5;"GEM";"15083205";"Erxleben";"U";2269;1498;23;1475;205;789;113;111;25;81;13;3;31;8;2;12;78;1;3;30;1468;369;798;102;79;32;28;;;;;;;60;;;;""
"V";"06.09.2026";"20:10:16";1;1;"GEM";"15083205";"Erxleben";"B";0;341;0;341;95;86;40;39;5;29;4;0;4;1;2;3;32;1;0;0;341;143;87;34;30;11;7;;;;;;;29;;;;""
"V";"06.09.2026";"20:44:03";6;6;"GEM";"15083205";"Erxleben";"";2269;1839;23;1816;300;875;153;150;30;110;17;3;35;9;4;15;110;2;3;30;1809;512;885;136;109;43;35;;;;;;;89;;;;""
"V";"06.09.2026";"19:39:10";4;4;"GEM";"15083230";"Flechtingen";"U";2167;1337;11;1326;253;637;71;120;29;88;18;1;11;6;4;6;77;1;4;15;1322;447;626;65;82;24;20;;;;;;;58;;;;""
"V";"06.09.2026";"22:59:42";1;1;"GEM";"15083230";"Flechtingen";"B";0;402;2;400;106;104;42;51;6;56;7;0;4;1;1;1;20;1;0;2;400;186;96;34;47;5;8;;;;;;;24;;;;""
"V";"06.09.2026";"22:59:42";5;5;"GEM";"15083230";"Flechtingen";"";2167;1739;13;1726;359;741;113;171;35;144;25;1;15;7;5;7;97;2;4;17;1722;633;722;99;129;29;28;;;;;;;82;;;;""
"V";"06.09.2026";"21:14:47";5;5;"GEM";"15083245";"Gröningen, Stadt";"U";2875;1720;20;1700;221;991;129;130;35;54;41;7;13;13;7;4;48;5;2;13;1707;283;1005;163;100;46;30;;;;;;;80;;;;""
"V";"06.09.2026";"23:40:05";1;1;"GEM";"15083245";"Gröningen, Stadt";"B";0;565;4;561;145;178;62;64;11;36;9;0;4;6;1;2;42;0;1;4;561;184;174;76;43;11;22;;;;;;;51;;;;""
"V";"06.09.2026";"23:40:05";6;6;"GEM";"15083245";"Gröningen, Stadt";"";2875;2285;24;2261;366;1169;191;194;46;90;50;7;17;19;8;6;90;5;3;17;2268;467;1179;239;143;57;52;;;;;;;131;;;;""
"V";"06.09.2026";"20:49:16";14;14;"GEM";"15083270";"Haldensleben, Stadt";"U";14731;8307;96;8211;1281;4173;649;668;179;499;76;6;96;53;26;37;442;8;18;102;8205;2181;4108;613;568;190;151;;;;;;;394;;;;""
"V";"06.09.2026";"22:01:06";3;3;"GEM";"15083270";"Haldensleben, Stadt";"B";0;2856;17;2839;796;703;291;408;91;261;28;2;34;28;8;9;167;6;7;23;2833;1272;665;216;340;80;93;;;;;;;167;;;;""
"V";"06.09.2026";"22:01:06";17;17;"GEM";"15083270";"Haldensleben, Stadt";"";14731;11163;113;11050;2077;4876;940;1076;270;760;104;8;130;81;34;46;609;14;25;125;11038;3453;4773;829;908;270;244;;;;;;;561;;;;""
"V";"06.09.2026";"19:24:16";1;1;"GEM";"15083275";"Harbke";"U";1126;745;7;738;122;347;42;91;14;35;10;1;12;8;2;7;45;2;0;7;738;189;359;41;73;16;17;;;;;;;43;;;;""
"V";"06.09.2026";"18:54:33";1;1;"GEM";"15083275";"Harbke";"B";0;145;9;136;48;42;9;14;4;9;0;0;1;1;0;0;8;0;0;9;136;57;41;9;14;5;2;;;;;;;8;;;;""
"V";"06.09.2026";"19:24:16";2;2;"GEM";"15083275";"Harbke";"";1126;890;16;874;170;389;51;105;18;44;10;1;13;9;2;7;53;2;0;16;874;246;400;50;87;21;19;;;;;;;51;;;;""
"V";"06.09.2026";"21:13:58";16;16;"GEM";"15083298";"Hohe Börde";"U";15052;8247;98;8149;1069;4619;520;523;194;505;63;4;83;60;22;52;397;11;27;93;8154;1552;4617;606;433;295;190;;;;;;;335;;;126;""
"V";"06.09.2026";"21:22:04";4;4;"GEM";"15083298";"Hohe Börde";"B";0;4303;13;4290;1064;1186;396;509;198;458;66;4;40;35;4;22;277;10;21;18;4285;1415;1121;413;395;331;198;;;;;;;265;;;147;""
"V";"06.09.2026";"21:22:04";20;20;"GEM";"15083298";"Hohe Börde";"";15052;12550;111;12439;2133;5805;916;1032;392;963;129;8;123;95;26;74;674;21;48;111;12439;2967;5738;1019;828;626;388;;;;;;;600;;;273;""
"V";"06.09.2026";"20:00:21";4;4;"GEM";"15083320";"Hötensleben";"U";2786;1649;16;1633;288;879;114;118;29;71;12;3;14;8;3;7;79;5;3;17;1632;375;887;127;113;37;23;;;;;;;70;;;;""
"V";"06.09.2026";"20:54:15";1;1;"GEM";"15083320";"Hötensleben";"B";0;464;1;463;121;128;55;69;11;25;8;0;10;4;1;3;26;0;2;5;459;143;128;65;67;18;13;;;;;;;25;;;;""
"V";"06.09.2026";"20:54:15";5;5;"GEM";"15083320";"Hötensleben";"";2786;2113;17;2096;409;1007;169;187;40;96;20;3;24;12;4;10;105;5;5;22;2091;518;1015;192;180;55;36;;;;;;;95;;;;""
"V";"06.09.2026";"19:17:34";4;4;"GEM";"15083323";"Ingersleben";"U";1038;722;10;712;105;396;29;56;14;37;24;0;9;6;0;3;29;1;3;14;708;181;390;40;42;23;7;;;;;;;25;;;;""
"V";"06.09.2026";"18:47:13";1;1;"GEM";"15083323";"Ingersleben";"B";0;109;0;109;37;29;9;10;5;8;1;1;2;2;0;0;5;0;0;0;109;51;27;4;17;5;1;;;;;;;4;;;;""
"V";"06.09.2026";"19:17:34";5;5;"GEM";"15083323";"Ingersleben";"";1038;831;10;821;142;425;38;66;19;45;25;1;11;8;0;3;34;1;3;14;817;232;417;44;59;28;8;;;;;;;29;;;;""
"V";"06.09.2026";"20:22:39";1;1;"GEM";"15083355";"Kroppenstedt, Stadt";"U";1079;718;9;709;105;436;23;45;25;28;7;0;2;3;1;1;32;0;1;7;711;141;439;23;45;23;13;;;;;;;27;;;;""
"V";"06.09.2026";"20:21:47";1;1;"GEM";"15083355";"Kroppenstedt, Stadt";"B";0;154;0;154;50;51;15;10;4;7;5;1;0;1;0;0;10;0;0;0;154;51;48;23;6;6;8;;;;;;;12;;;;""
"V";"06.09.2026";"20:22:39";2;2;"GEM";"15083355";"Kroppenstedt, Stadt";"";1079;872;9;863;155;487;38;55;29;35;12;1;2;4;1;1;42;0;1;7;865;192;487;46;51;29;21;;;;;;;39;;;;""
"V";"06.09.2026";"20:23:22";2;2;"GEM";"15083361";"Loitsche-Heinrichsberg";"U";761;505;9;496;66;263;31;41;9;34;6;1;3;3;1;2;35;0;1;6;499;97;265;37;41;8;10;;;;;;;34;;;7;""
"V";"06.09.2026";"23:33:27";1;1;"GEM";"15083361";"Loitsche-Heinrichsberg";"B";0;113;0;113;36;29;11;9;3;4;1;0;2;0;1;0;17;0;0;0;113;38;27;11;11;4;4;;;;;;;16;;;2;""
"V";"06.09.2026";"23:33:27";3;3;"GEM";"15083361";"Loitsche-Heinrichsberg";"";761;618;9;609;102;292;42;50;12;38;7;1;5;3;2;2;52;0;1;6;612;135;292;48;52;12;14;;;;;;;50;;;9;""
"V";"06.09.2026";"21:06:13";9;9;"GEM";"15083390";"Niedere Börde";"U";5525;3507;33;3474;499;1859;255;266;76;188;38;3;45;27;4;24;179;6;5;36;3471;820;1858;245;226;76;78;;;;;;;168;;;;""
"V";"06.09.2026";"22:19:01";1;1;"GEM";"15083390";"Niedere Börde";"B";0;1156;7;1149;273;321;102;162;37;111;12;3;15;5;2;5;92;3;6;15;1141;418;303;98;140;28;48;;;;;;;106;;;;""
"V";"06.09.2026";"22:19:01";10;10;"GEM";"15083390";"Niedere Börde";"";5525;4663;40;4623;772;2180;357;428;113;299;50;6;60;32;6;29;271;9;11;51;4612;1238;2161;343;366;104;126;;;;;;;274;;;;""
"V";"06.09.2026";"21:19:04";26;26;"GEM";"15083411";"Oebisfelde-Weferlingen, Stadt";"U";10805;6839;86;6753;1225;3120;504;672;142;426;75;3;72;27;51;45;361;13;17;87;6752;1647;3124;577;619;172;165;;;;96;;;352;;;;""
"V";"06.09.2026";"21:07:49";2;2;"GEM";"15083411";"Oebisfelde-Weferlingen, Stadt";"B";0;1712;6;1706;436;443;154;247;61;193;20;7;19;5;13;11;94;1;2;10;1702;602;439;210;191;58;77;;;;24;;;101;;;;""
"V";"06.09.2026";"21:19:04";28;28;"GEM";"15083411";"Oebisfelde-Weferlingen, Stadt";"";10805;8551;92;8459;1661;3563;658;919;203;619;95;10;91;32;64;56;455;14;19;97;8454;2249;3563;787;810;230;242;;;;120;;;453;;;;""
"V";"06.09.2026";"23:47:08";19;19;"GEM";"15083415";"Oschersleben (Bode), Stadt";"U";15224;8224;91;8133;1150;4595;598;548;127;351;80;10;108;54;21;50;416;11;14;100;8124;1460;4652;741;489;156;199;;;;;;;427;;;;""
"Z";"06.09.2026";"21:50:22";2;1;"GEM";"15083415";"Oschersleben (Bode), Stadt";"B";0;1106;7;1099;309;341;77;126;32;88;11;1;14;6;2;4;83;3;2;9;1097;395;337;100;87;27;53;;;;;;;98;;;;""
"Z";"06.09.2026";"23:47:08";21;20;"GEM";"15083415";"Oschersleben (Bode), Stadt";"";15224;9330;98;9232;1459;4936;675;674;159;439;91;11;122;60;23;54;499;14;16;109;9221;1855;4989;841;576;183;252;;;;;;;525;;;;""
"V";"06.09.2026";"20:08:37";1;1;"GEM";"15083440";"Rogätz";"U";1778;1020;6;1014;129;572;68;64;14;50;8;2;9;8;2;6;74;3;5;8;1012;190;569;98;49;13;13;;;;;;;71;;;9;""
"V";"06.09.2026";"21:10:47";1;1;"GEM";"15083440";"Rogätz";"B";0;456;3;453;105;133;46;74;8;46;5;0;4;4;0;0;27;0;1;3;453;151;120;82;28;14;16;;;;;;;35;;;7;""
"V";"06.09.2026";"21:10:47";2;2;"GEM";"15083440";"Rogätz";"";1778;1476;9;1467;234;705;114;138;22;96;13;2;13;12;2;6;101;3;6;11;1465;341;689;180;77;27;29;;;;;;;106;;;16;""
"V";"06.09.2026";"19:07:11";3;3;"GEM";"15083485";"Sommersdorf";"U";1088;709;4;705;122;393;43;52;11;30;1;1;10;4;1;4;32;0;1;9;700;160;397;44;47;11;17;;;;;;;24;;;;""
"V";"06.09.2026";"19:58:28";1;1;"GEM";"15083485";"Sommersdorf";"B";0;163;0;163;31;48;15;23;4;18;0;0;2;2;4;1;15;0;0;0;163;51;47;13;18;4;14;;;;;;;16;;;;""
"V";"06.09.2026";"19:58:28";4;4;"GEM";"15083485";"Sommersdorf";"";1088;872;4;868;153;441;58;75;15;48;1;1;12;6;5;5;47;0;1;9;863;211;444;57;65;15;31;;;;;;;40;;;;""
"V";"06.09.2026";"21:09:39";8;8;"GEM";"15083490";"Sülzetal";"U";7239;4358;52;4306;678;2262;274;326;115;264;44;4;33;37;12;24;221;5;7;85;4273;1035;2259;325;234;106;116;;;;;;;198;;;;""
"V";"06.09.2026";"21:52:17";1;1;"GEM";"15083490";"Sülzetal";"B";0;1700;9;1691;439;452;165;213;58;180;21;1;6;14;5;5;126;3;3;14;1686;696;420;179;101;36;106;;;;;;;148;;;;""
"V";"06.09.2026";"21:52:17";9;9;"GEM";"15083490";"Sülzetal";"";7239;6058;61;5997;1117;2714;439;539;173;444;65;5;39;51;17;29;347;8;10;99;5959;1731;2679;504;335;142;222;;;;;;;346;;;;""
"V";"06.09.2026";"18:58:25";1;1;"GEM";"15083505";"Ummendorf";"U";751;467;2;465;77;241;32;28;10;26;5;0;9;2;4;8;21;0;2;3;464;129;233;35;27;12;8;;;;;;;20;;;;""
"V";"06.09.2026";"19:20:09";1;1;"GEM";"15083505";"Ummendorf";"B";0;149;0;149;55;46;9;14;2;11;0;0;2;1;0;1;8;0;0;2;147;63;44;9;18;3;4;;;;;;;6;;;;""
"V";"06.09.2026";"19:20:09";2;2;"GEM";"15083505";"Ummendorf";"";751;616;2;614;132;287;41;42;12;37;5;0;11;3;4;9;29;0;2;5;611;192;277;44;45;15;12;;;;;;;26;;;;""
"V";"06.09.2026";"19:21:32";2;2;"GEM";"15083515";"Völpke";"U";958;594;6;588;79;348;34;49;6;17;5;0;6;1;2;4;34;1;2;5;589;111;355;33;41;9;4;;;;;;;36;;;;""
"V";"06.09.2026";"19:34:44";1;1;"GEM";"15083515";"Völpke";"B";0;140;0;140;30;38;18;22;8;5;2;0;0;1;0;2;9;1;4;0;140;48;38;18;22;3;3;;;;;;;8;;;;""
"V";"06.09.2026";"19:34:44";3;3;"GEM";"15083515";"Völpke";"";958;734;6;728;109;386;52;71;14;22;7;0;6;2;2;6;43;2;6;5;729;159;393;51;63;12;7;;;;;;;44;;;;""
"V";"06.09.2026";"22:24:58";16;16;"GEM";"15083531";"Wanzleben-Börde, Stadt";"U";11352;6982;77;6905;1063;3753;459;510;166;341;84;8;64;48;13;43;330;9;14;103;6879;1446;3783;541;417;178;161;;;;;;;353;;;;""
"V";"06.09.2026";"21:12:41";2;2;"GEM";"15083531";"Wanzleben-Börde, Stadt";"B";0;2205;19;2186;572;620;204;274;92;176;90;0;34;13;4;13;84;7;3;30;2175;781;571;246;155;98;128;;;;;;;196;;;;""
"V";"06.09.2026";"22:24:58";18;18;"GEM";"15083531";"Wanzleben-Börde, Stadt";"";11352;9187;96;9091;1635;4373;663;784;258;517;174;8;98;61;17;56;414;16;17;133;9054;2227;4354;787;572;276;289;;;;;;;549;;;;""
"V";"06.09.2026";"20:06:41";1;1;"GEM";"15083535";"Wefensleben";"U";1331;797;9;788;139;413;63;57;12;36;6;1;6;1;0;1;51;0;2;8;789;188;415;71;51;11;16;;;;;;;37;;;;""
"V";"06.09.2026";"21:00:38";1;1;"GEM";"15083535";"Wefensleben";"B";0;234;2;232;51;73;30;31;7;16;1;0;3;0;0;1;17;1;1;4;230;72;70;25;30;6;11;;;;;;;16;;;;""
"V";"06.09.2026";"21:00:38";2;2;"GEM";"15083535";"Wefensleben";"";1331;1031;11;1020;190;486;93;88;19;52;7;1;9;1;0;2;68;1;3;12;1019;260;485;96;81;17;27;;;;;;;53;;;;""
"V";"06.09.2026";"20:06:54";4;4;"GEM";"15083557";"Westheide";"U";1412;944;9;935;130;527;55;76;21;41;5;1;11;3;1;4;52;3;5;10;934;195;532;65;53;23;13;;;;;;;46;;;7;""
"V";"06.09.2026";"23:16:48";1;1;"GEM";"15083557";"Westheide";"B";0;245;1;244;57;64;26;30;8;25;5;0;4;2;0;4;18;1;0;2;243;87;67;29;21;6;10;;;;;;;13;;;10;""
"V";"06.09.2026";"23:16:48";5;5;"GEM";"15083557";"Westheide";"";1412;1189;10;1179;187;591;81;106;29;66;10;1;15;5;1;8;70;4;5;12;1177;282;599;94;74;29;23;;;;;;;59;;;17;""
"V";"06.09.2026";"20:18:04";10;10;"GEM";"15083565";"Wolmirstedt, Stadt";"U";9485;5467;62;5405;747;2733;388;465;124;403;61;5;70;39;19;34;275;13;29;65;5402;1180;2749;464;412;148;118;;;;;;;252;;;79;""
"Z";"06.09.2026";"21:02:42";2;1;"GEM";"15083565";"Wolmirstedt, Stadt";"B";0;981;14;967;223;246;96;176;33;109;5;1;16;5;1;5;47;1;3;5;976;345;239;107;141;37;36;;;;;;;51;;;20;""
"Z";"06.09.2026";"21:02:42";12;11;"GEM";"15083565";"Wolmirstedt, Stadt";"";9485;6448;76;6372;970;2979;484;641;157;512;66;6;86;44;20;39;322;14;32;70;6378;1525;2988;571;553;185;154;;;;;;;303;;;99;""
"V";"06.09.2026";"20:26:47";2;2;"GEM";"15083580";"Zielitz";"U";1456;913;8;905;147;459;77;76;16;54;4;1;16;6;2;5;38;3;1;8;905;200;458;95;76;21;16;;;;;;;31;;;8;""
"V";"06.09.2026";"22:46:26";1;1;"GEM";"15083580";"Zielitz";"B";0;274;2;272;69;78;29;33;6;28;2;0;4;4;1;2;11;2;3;2;272;83;78;35;37;8;11;;;;;;;11;;;9;""
"V";"06.09.2026";"22:46:26";3;3;"GEM";"15083580";"Zielitz";"";1456;1187;10;1177;216;537;106;109;22;82;6;1;20;10;3;7;49;5;4;10;1177;283;536;130;113;29;27;;;;;;;42;;;17;""
"V";"06.09.2026";"19:55:54";3;3;"GEM";"15084012";"An der Poststraße";"U";1304;904;14;890;127;546;46;46;19;23;13;3;5;3;2;2;53;1;1;18;886;121;579;60;60;38;17;;;;;;;;11;;;""
"V";"06.09.2026";"21:17:53";1;1;"GEM";"15084012";"An der Poststraße";"B";0;152;1;151;39;55;16;10;6;7;3;0;5;1;0;1;8;0;0;5;147;36;59;27;10;7;6;;;;;;;;2;;;""
"V";"06.09.2026";"21:17:53";4;4;"GEM";"15084012";"An der Poststraße";"";1304;1056;15;1041;166;601;62;56;25;30;16;3;10;4;2;3;61;1;1;23;1033;157;638;87;70;45;23;;;;;;;;13;;;""
"V";"06.09.2026";"20:57:22";2;2;"GEM";"15084013";"Meineweh";"U";773;487;6;481;54;303;30;21;10;20;4;1;8;0;0;3;25;0;2;9;478;98;302;29;17;9;7;;15;;;;;;;;1;""
"V";"06.09.2026";"21:24:23";1;1;"GEM";"15084013";"Meineweh";"B";0;154;0;154;48;43;19;10;4;1;5;0;5;2;0;2;12;0;3;0;154;66;44;22;4;3;2;;10;;;;;;;;3;""
"V";"06.09.2026";"21:24:23";3;3;"GEM";"15084013";"Meineweh";"";773;641;6;635;102;346;49;31;14;21;9;1;13;2;0;5;37;0;5;9;632;164;346;51;21;12;9;;25;;;;;;;;4;""
"V";"06.09.2026";"20:25:01";2;2;"GEM";"15084015";"Bad Bibra, Stadt";"U";2104;1158;14;1144;146;663;56;72;44;54;11;1;19;5;3;3;61;4;2;16;1142;175;693;88;81;68;28;;;;;;;;9;;;""
"V";"06.09.2026";"19:51:01";1;1;"GEM";"15084015";"Bad Bibra, Stadt";"B";0;406;0;406;112;133;40;40;17;21;7;1;3;2;1;1;26;2;0;9;397;99;131;61;38;39;22;;;;;;;;7;;;""
"V";"06.09.2026";"20:25:01";3;3;"GEM";"15084015";"Bad Bibra, Stadt";"";2104;1564;14;1550;258;796;96;112;61;75;18;2;22;7;4;4;87;6;2;25;1539;274;824;149;119;107;50;;;;;;;;16;;;""
"V";"06.09.2026";"19:13:20";3;3;"GEM";"15084025";"Balgstädt";"U";856;565;3;562;91;337;30;25;13;18;4;0;9;4;1;3;24;3;0;2;563;125;343;34;19;15;6;;15;;;;;;;;6;""
"V";"06.09.2026";"18:47:19";1;1;"GEM";"15084025";"Balgstädt";"B";0;155;1;154;49;60;12;9;3;9;1;0;1;0;0;0;10;0;0;1;154;63;59;11;6;4;4;;4;;;;;;;;3;""
"V";"06.09.2026";"19:13:20";4;4;"GEM";"15084025";"Balgstädt";"";856;720;4;716;140;397;42;34;16;27;5;0;10;4;1;3;34;3;0;3;717;188;402;45;25;19;10;;19;;;;;;;;9;""
"V";"06.09.2026";"20:44:27";2;2;"GEM";"15084115";"Droyßig";"U";1520;952;10;942;157;536;60;36;21;52;20;3;5;5;0;2;38;2;5;8;944;193;539;60;43;18;20;32;;;;;;30;;9;;""
"V";"06.09.2026";"20:46:29";1;1;"GEM";"15084115";"Droyßig";"B";0;316;1;315;82;91;26;26;11;24;12;0;12;0;0;0;27;2;2;1;315;100;88;32;27;9;8;24;;;;;;25;;2;;""
"V";"06.09.2026";"20:46:29";3;3;"GEM";"15084115";"Droyßig";"";1520;1268;11;1257;239;627;86;62;32;76;32;3;17;5;0;2;65;4;7;9;1259;293;627;92;70;27;28;56;;;;;;55;;11;;""
"V";"06.09.2026";"20:58:32";3;3;"GEM";"15084125";"Eckartsberga, Stadt";"U";1873;1071;11;1060;139;688;56;57;17;22;10;0;11;2;2;6;48;2;0;14;1057;180;707;60;61;26;14;;;;;;;;9;;;""
"V";"06.09.2026";"20:32:04";1;1;"GEM";"15084125";"Eckartsberga, Stadt";"B";0;332;6;326;78;120;32;37;9;18;3;0;2;0;0;1;22;4;0;9;323;85;119;43;37;25;8;;;;;;;;6;;;""
"V";"06.09.2026";"20:58:32";4;4;"GEM";"15084125";"Eckartsberga, Stadt";"";1873;1403;17;1386;217;808;88;94;26;40;13;0;13;2;2;7;70;6;0;23;1380;265;826;103;98;51;22;;;;;;;;15;;;""
"V";"06.09.2026";"19:56:47";11;11;"GEM";"15084130";"Elsteraue";"U";6506;4023;41;3982;583;2436;238;154;57;133;107;4;31;10;8;14;182;5;20;44;3979;628;2429;261;156;58;53;227;;;;;;142;;25;;""
"V";"06.09.2026";"20:03:14";2;2;"GEM";"15084130";"Elsteraue";"B";0;1320;8;1312;331;484;111;110;22;83;47;3;10;8;3;14;79;3;4;13;1307;345;465;129;93;22;59;110;;;;;;68;;16;;""
"V";"06.09.2026";"20:03:14";13;13;"GEM";"15084130";"Elsteraue";"";6506;5343;49;5294;914;2920;349;264;79;216;154;7;41;18;11;28;261;8;24;57;5286;973;2894;390;249;80;112;337;;;;;;210;;41;;""
"V";"06.09.2026";"19:26:49";2;2;"GEM";"15084132";"Finne";"U";893;564;5;559;93;319;30;28;12;15;7;1;10;1;1;3;35;2;2;9;555;106;328;39;31;21;18;;;;;;;;12;;;""
"V";"06.09.2026";"20:48:55";1;1;"GEM";"15084132";"Finne";"B";0;144;0;144;40;48;11;12;4;13;6;0;2;0;0;0;6;1;1;2;142;48;48;20;11;8;6;;;;;;;;1;;;""
"V";"06.09.2026";"20:48:55";3;3;"GEM";"15084132";"Finne";"";893;708;5;703;133;367;41;40;16;28;13;1;12;1;1;3;41;3;3;11;697;154;376;59;42;29;24;;;;;;;;13;;;""
"V";"06.09.2026";"19:53:38";2;2;"GEM";"15084133";"Finneland";"U";855;550;7;543;92;288;33;43;26;18;2;0;8;4;1;1;25;1;1;9;541;85;298;48;54;35;9;;;;;;;;12;;;""
"V";"06.09.2026";"20:16:23";1;1;"GEM";"15084133";"Finneland";"B";0;146;0;146;35;57;17;9;8;4;2;0;1;1;0;0;10;0;2;3;143;29;58;21;21;8;2;;;;;;;;4;;;""
"V";"06.09.2026";"20:16:23";3;3;"GEM";"15084133";"Finneland";"";855;696;7;689;127;345;50;52;34;22;4;0;9;5;1;1;35;1;3;12;684;114;356;69;75;43;11;;;;;;;;16;;;""
"V";"06.09.2026";"20:06:06";6;6;"GEM";"15084135";"Freyburg (Unstrut), Stadt";"U";3864;2054;24;2030;313;1143;135;113;55;74;27;5;33;5;9;8;101;5;4;21;2033;457;1177;170;72;61;33;;50;;;;;;;;13;""
"V";"06.09.2026";"21:00:59";1;1;"GEM";"15084135";"Freyburg (Unstrut), Stadt";"B";0;811;7;804;225;219;71;99;42;46;13;1;16;5;1;7;48;8;3;8;803;334;227;86;47;42;22;;32;;;;;;;;13;""
"V";"06.09.2026";"21:00:59";7;7;"GEM";"15084135";"Freyburg (Unstrut), Stadt";"";3864;2865;31;2834;538;1362;206;212;97;120;40;6;49;10;10;15;149;13;7;29;2836;791;1404;256;119;103;55;;82;;;;;;;;26;""
"V";"06.09.2026";"18:58:25";3;3;"GEM";"15084150";"Gleina";"U";929;635;10;625;136;310;41;44;19;21;6;1;6;2;0;2;32;2;3;9;626;175;320;43;27;25;12;;18;;;;;;;;6;""
"V";"06.09.2026";"19:17:10";1;1;"GEM";"15084150";"Gleina";"B";0;134;0;134;40;32;6;21;3;10;3;1;3;0;0;0;13;2;0;1;133;55;37;13;9;7;2;;5;;;;;;;;5;""
"V";"06.09.2026";"19:17:10";4;4;"GEM";"15084150";"Gleina";"";929;769;10;759;176;342;47;65;22;31;9;2;9;2;0;2;45;4;3;10;759;230;357;56;36;32;14;;23;;;;;;;;11;""
"V";"06.09.2026";"19:16:43";2;2;"GEM";"15084170";"Goseck";"U";802;545;3;542;94;311;29;35;6;22;5;1;3;4;0;3;27;0;2;3;542;131;321;31;20;7;11;;18;;;;;;;;3;""
"V";"06.09.2026";"23:07:12";1;1;"GEM";"15084170";"Goseck";"B";0;145;1;144;38;41;15;19;6;7;1;0;1;1;0;2;13;0;0;3;142;58;44;17;14;1;4;;3;;;;;;;;1;""
"V";"06.09.2026";"23:07:12";3;3;"GEM";"15084170";"Goseck";"";802;690;4;686;132;352;44;54;12;29;6;1;4;5;0;5;40;0;2;6;684;189;365;48;34;8;15;;21;;;;;;;;4;""
"V";"06.09.2026";"21:02:19";4;4;"GEM";"15084207";"Gutenborn";"U";1421;901;15;886;154;527;39;48;18;30;12;0;7;5;1;2;26;3;14;12;889;180;519;36;47;26;15;25;;;;;;21;;20;;""
"V";"06.09.2026";"21:11:04";1;1;"GEM";"15084207";"Gutenborn";"B";0;301;1;300;72;110;22;33;12;15;6;0;1;2;0;2;22;0;3;3;298;84;99;30;29;8;8;12;;;;;;22;;6;;""
"V";"06.09.2026";"21:11:04";5;5;"GEM";"15084207";"Gutenborn";"";1421;1202;16;1186;226;637;61;81;30;45;18;0;8;7;1;4;48;3;17;15;1187;264;618;66;76;34;23;37;;;;;;43;;26;;""
"V";"06.09.2026";"20:13:20";11;11;"GEM";"15084235";"Hohenmölsen, Stadt";"U";7735;4456;48;4408;606;2602;332;239;86;164;43;12;48;20;7;18;213;5;13;56;4400;772;2605;373;210;82;76;102;;;;;;160;;20;;""
"V";"06.09.2026";"23:24:32";2;2;"GEM";"15084235";"Hohenmölsen, Stadt";"B";0;1514;5;1509;398;439;168;187;52;86;37;3;12;10;4;6;90;6;11;10;1504;477;430;165;158;52;62;65;;;;;;84;;11;;""
"V";"06.09.2026";"23:24:32";13;13;"GEM";"15084235";"Hohenmölsen, Stadt";"";7735;5970;53;5917;1004;3041;500;426;138;250;80;15;60;30;11;24;303;11;24;66;5904;1249;3035;538;368;134;138;167;;;;;;244;;31;;""
"V";"06.09.2026";"19:42:47";2;2;"GEM";"15084246";"Kaiserpfalz";"U";1232;779;8;771;109;464;65;40;16;21;11;0;4;4;3;2;31;1;0;8;771;129;466;69;56;20;16;;;;;;;;15;;;""
"V";"06.09.2026";"19:57:48";1;1;"GEM";"15084246";"Kaiserpfalz";"B";0;192;1;191;49;76;6;21;3;7;4;0;3;2;3;3;12;2;0;7;185;37;80;17;31;7;5;;;;;;;;8;;;""
"V";"06.09.2026";"19:57:48";3;3;"GEM";"15084246";"Kaiserpfalz";"";1232;971;9;962;158;540;71;61;19;28;15;0;7;6;6;5;43;3;0;15;956;166;546;86;87;27;21;;;;;;;;23;;;""
"V";"06.09.2026";"19:37:48";3;3;"GEM";"15084250";"Karsdorf";"U";1088;708;12;696;131;342;61;49;10;27;9;1;19;5;0;2;35;2;3;15;693;163;366;77;30;16;15;;22;;;;;;;;4;""
"V";"06.09.2026";"23:08:59";1;1;"GEM";"15084250";"Karsdorf";"B";0;124;1;123;22;50;18;8;3;5;2;0;3;1;0;0;10;0;1;1;123;28;49;27;1;5;4;;7;;;;;;;;2;""
"V";"06.09.2026";"23:08:59";4;4;"GEM";"15084250";"Karsdorf";"";1088;832;13;819;153;392;79;57;13;32;11;1;22;6;0;2;45;2;4;16;816;191;415;104;31;21;19;;29;;;;;;;;6;""
"V";"06.09.2026";"21:40:16";5;5;"GEM";"15084275";"Kretzschau";"U";1913;1147;22;1125;131;733;66;60;15;45;23;2;10;5;2;4;26;1;2;17;1130;160;723;80;53;14;20;38;;;;;;31;;11;;""
"V";"06.09.2026";"21:16:31";1;1;"GEM";"15084275";"Kretzschau";"B";0;377;1;376;81;161;46;24;8;16;8;0;3;1;0;2;25;0;1;0;377;81;152;58;22;10;8;15;;;;;;27;;4;;""
"V";"06.09.2026";"21:40:16";6;6;"GEM";"15084275";"Kretzschau";"";1913;1524;23;1501;212;894;112;84;23;61;31;2;13;6;2;6;51;1;3;17;1507;241;875;138;75;24;28;53;;;;;;58;;15;;""
"V";"06.09.2026";"19:17:54";2;2;"GEM";"15084282";"Lanitz-Hassel-Tal";"U";840;561;6;555;106;280;29;35;23;21;8;1;5;3;1;2;37;3;1;11;550;115;291;54;35;31;18;;;;;;;;6;;;""
"V";"06.09.2026";"19:03:06";1;1;"GEM";"15084282";"Lanitz-Hassel-Tal";"B";0;117;0;117;28;48;10;11;2;8;1;0;2;1;2;1;2;1;0;1;116;33;48;17;10;4;3;;;;;;;;1;;;""
"V";"06.09.2026";"19:17:54";3;3;"GEM";"15084282";"Lanitz-Hassel-Tal";"";840;678;6;672;134;328;39;46;25;29;9;1;7;4;3;3;39;4;1;12;666;148;339;71;45;35;21;;;;;;;;7;;;""
"V";"06.09.2026";"19:46:24";4;4;"GEM";"15084285";"Laucha an der Unstrut, Stadt";"U";2235;1324;23;1301;215;742;75;57;38;53;18;5;20;9;2;5;62;0;0;23;1301;292;760;87;52;32;28;;38;;;;;;;;12;""
"V";"06.09.2026";"23:04:54";1;1;"GEM";"15084285";"Laucha an der Unstrut, Stadt";"B";0;420;1;419;140;122;35;42;18;24;0;3;9;0;0;1;23;1;1;3;417;193;123;36;22;15;13;;8;;;;;;;;7;""
"V";"06.09.2026";"23:04:54";5;5;"GEM";"15084285";"Laucha an der Unstrut, Stadt";"";2235;1744;24;1720;355;864;110;99;56;77;18;8;29;9;2;6;85;1;1;26;1718;485;883;123;74;47;41;;46;;;;;;;;19;""
"Z";"06.09.2026";"21:29:15";18;17;"GEM";"15084315";"Lützen, Stadt";"U";6040;3993;42;3951;571;2326;225;238;93;193;37;2;31;17;14;15;172;7;10;51;3942;769;2321;305;355;124;68;;;;;;;;;;;""
"V";"06.09.2026";"20:24:46";4;4;"GEM";"15084315";"Lützen, Stadt";"B";0;1148;14;1134;279;391;99;141;27;88;9;1;15;4;5;8;59;3;5;21;1127;347;384;113;205;39;39;;;;;;;;;;;""
"Z";"06.09.2026";"21:29:15";22;21;"GEM";"15084315";"Lützen, Stadt";"";6040;5141;56;5085;850;2717;324;379;120;281;46;3;46;21;19;23;231;10;15;72;5069;1116;2705;418;560;163;107;;;;;;;;;;;""
"V";"06.09.2026";"20:13:40";2;2;"GEM";"15084335";"Mertendorf";"U";1277;795;10;785;88;496;53;29;14;30;7;0;19;6;0;2;38;1;2;14;781;147;497;50;17;23;17;;23;;;;;;;;7;""
"V";"06.09.2026";"19:38:59";1;1;"GEM";"15084335";"Mertendorf";"B";0;275;2;273;82;67;22;30;7;27;5;0;7;0;0;0;23;0;3;3;272;120;78;19;18;7;12;;11;;;;;;;;7;""
"V";"06.09.2026";"20:13:40";3;3;"GEM";"15084335";"Mertendorf";"";1277;1070;12;1058;170;563;75;59;21;57;12;0;26;6;0;2;61;1;5;17;1053;267;575;69;35;30;29;;34;;;;;;;;14;""
"V";"06.09.2026";"19:41:31";1;1;"GEM";"15084341";"Molauer Land";"U";797;479;5;474;65;286;16;22;12;26;7;2;10;3;0;2;18;2;3;2;477;100;287;29;18;15;9;;18;;;;;;;;1;""
"V";"06.09.2026";"20:30:14";1;1;"GEM";"15084341";"Molauer Land";"B";0;176;1;175;48;55;25;11;1;9;6;1;5;4;0;1;9;0;0;1;175;67;56;28;3;7;2;;7;;;;;;;;5;""
"V";"06.09.2026";"20:30:14";2;2;"GEM";"15084341";"Molauer Land";"";797;655;6;649;113;341;41;33;13;35;13;3;15;7;0;3;27;2;3;3;652;167;343;57;21;22;11;;25;;;;;;;;6;""
"V";"06.09.2026";"22:30:17";25;25;"GEM";"15084355";"Naumburg (Saale), Stadt";"U";25600;14116;138;13978;2108;7154;1136;885;328;1059;124;42;273;47;33;83;637;33;36;151;13965;3677;7183;1221;535;332;452;;481;;;;;;;;84;""
"V";"06.09.2026";"20:25:50";6;6;"GEM";"15084355";"Naumburg (Saale), Stadt";"B";0;5256;22;5234;1379;1282;567;666;168;613;63;18;106;24;10;13;285;19;21;28;5228;2337;1252;608;321;160;302;;185;;;;;;;;63;""
"V";"06.09.2026";"22:30:17";31;31;"GEM";"15084355";"Naumburg (Saale), Stadt";"";25600;19372;160;19212;3487;8436;1703;1551;496;1672;187;60;379;71;43;96;922;52;57;179;19193;6014;8435;1829;856;492;754;;666;;;;;;;;147;""
"V";"06.09.2026";"20:26:46";3;3;"GEM";"15084360";"Nebra (Unstrut), Stadt";"U";2415;1421;26;1395;206;857;95;67;26;31;14;0;23;7;4;6;56;1;2;27;1394;256;877;112;55;28;16;;40;;;;;;;;10;""
"V";"06.09.2026";"23:10:35";1;1;"GEM";"15084360";"Nebra (Unstrut), Stadt";"B";0;427;4;423;123;147;42;35;14;17;4;0;5;2;1;5;27;1;0;5;422;143;159;45;27;16;11;;13;;;;;;;;8;""
"V";"06.09.2026";"23:10:35";4;4;"GEM";"15084360";"Nebra (Unstrut), Stadt";"";2415;1848;30;1818;329;1004;137;102;40;48;18;0;28;9;5;11;83;2;2;32;1816;399;1036;157;82;44;27;;53;;;;;;;;18;""
"V";"06.09.2026";"20:37:03";2;2;"GEM";"15084375";"Osterfeld, Stadt";"U";1890;1044;7;1037;172;595;66;57;36;32;10;3;15;4;1;3;39;1;3;8;1036;231;603;73;52;29;9;;34;;;;;;;;5;""
"V";"06.09.2026";"20:04:11";1;1;"GEM";"15084375";"Osterfeld, Stadt";"B";0;457;4;453;124;137;55;39;21;20;3;3;13;2;3;2;24;2;5;9;448;164;147;65;24;15;12;;15;;;;;;;;6;""
"V";"06.09.2026";"20:37:03";3;3;"GEM";"15084375";"Osterfeld, Stadt";"";1890;1501;11;1490;296;732;121;96;57;52;13;6;28;6;4;5;63;3;8;17;1484;395;750;138;76;44;21;;49;;;;;;;;11;""
"V";"06.09.2026";"21:17:40";5;5;"GEM";"15084442";"Schnaudertal";"U";738;554;5;549;66;377;26;27;4;6;12;2;3;6;1;3;12;0;4;6;548;70;387;28;22;9;1;12;;;;;;11;;8;;""
"V";"06.09.2026";"19:44:25";1;1;"GEM";"15084442";"Schnaudertal";"B";0;75;0;75;22;27;0;8;6;5;1;1;0;0;1;1;3;0;0;1;74;24;24;4;5;5;3;3;;;;;;3;;3;;""
"V";"06.09.2026";"21:17:40";6;6;"GEM";"15084442";"Schnaudertal";"";738;629;5;624;88;404;26;35;10;11;13;3;3;6;2;4;15;0;4;7;622;94;411;32;27;14;4;15;;;;;;14;;11;;""
"L";;;1;0;"GEM";"15084445";"Schönburg";"U";0;0;0;0;0;0;0;0;0;0;0;0;0;0;0;0;0;0;0;0;0;0;0;0;0;0;0;;0;;;;;;;;0;""
"V";"06.09.2026";"19:06:29";1;1;"GEM";"15084445";"Schönburg";"B";0;164;0;164;31;66;9;9;13;14;7;0;1;3;1;0;10;0;0;1;163;62;61;8;2;13;10;;7;;;;;;;;0;""
"Z";"06.09.2026";"19:06:29";2;1;"GEM";"15084445";"Schönburg";"";0;164;0;164;31;66;9;9;13;14;7;0;1;3;1;0;10;0;0;1;163;62;61;8;2;13;10;;7;;;;;;;;0;""
"V";"06.09.2026";"19:17:15";1;1;"GEM";"15084470";"Stößen, Stadt";"U";725;409;2;407;52;239;20;29;10;14;2;3;7;1;0;2;28;0;0;2;407;92;250;23;17;8;7;;9;;;;;;;;1;""
"V";"06.09.2026";"19:56:20";1;1;"GEM";"15084470";"Stößen, Stadt";"B";0;152;0;152;53;39;21;12;4;9;3;0;4;1;0;2;4;0;0;0;152;79;36;14;6;6;4;;6;;;;;;;;1;""
"V";"06.09.2026";"19:56:20";2;2;"GEM";"15084470";"Stößen, Stadt";"";725;561;2;559;105;278;41;41;14;23;5;3;11;2;0;4;32;0;0;2;559;171;286;37;23;14;11;;15;;;;;;;;2;""
"V";"06.09.2026";"20:25:38";9;9;"GEM";"15084490";"Teuchern, Stadt";"U";6348;3687;41;3646;436;2369;193;169;62;117;37;9;40;17;10;17;152;6;12;58;3629;591;2427;252;193;113;53;;;;;;;;;;;""
"V";"06.09.2026";"19:33:09";2;2;"GEM";"15084490";"Teuchern, Stadt";"B";0;1214;8;1206;263;455;97;128;39;58;24;1;24;7;2;13;88;1;6;17;1197;365;476;119;135;74;28;;;;;;;;;;;""
"V";"06.09.2026";"20:25:38";11;11;"GEM";"15084490";"Teuchern, Stadt";"";6348;4901;49;4852;699;2824;290;297;101;175;61;10;64;24;12;30;240;7;18;75;4826;956;2903;371;328;187;81;;;;;;;;;;;""
"Z";"06.09.2026";"20:49:08";32;31;"GEM";"15084550";"Weißenfels, Stadt";"U";27030;15644;163;15481;2247;8820;1255;904;351;694;125;24;204;73;31;80;607;23;43;231;15413;3132;8927;1559;927;615;253;;;;;;;;;;;""
"V";"06.09.2026";"20:37:53";7;7;"GEM";"15084550";"Weißenfels, Stadt";"B";0;4844;27;4817;1268;1393;520;555;170;433;34;7;54;38;12;21;278;13;21;71;4773;1699;1410;681;569;261;153;;;;;;;;;;;""
"Z";"06.09.2026";"20:49:08";39;38;"GEM";"15084550";"Weißenfels, Stadt";"";27030;20488;190;20298;3515;10213;1775;1459;521;1127;159;31;258;111;43;101;885;36;64;302;20186;4831;10337;2240;1496;876;406;;;;;;;;;;;""
"V";"06.09.2026";"19:59:34";1;1;"GEM";"15084560";"Wethau";"U";716;476;4;472;86;273;17;24;13;15;8;1;11;2;0;3;13;5;1;5;471;123;280;23;13;12;7;;11;;;;;;;;2;""
"V";"06.09.2026";"20:40:23";1;1;"GEM";"15084560";"Wethau";"B";0;124;0;124;30;38;12;15;4;12;3;0;0;0;1;1;7;0;1;0;124;51;37;12;4;11;4;;3;;;;;;;;2;""
"V";"06.09.2026";"20:40:23";2;2;"GEM";"15084560";"Wethau";"";716;600;4;596;116;311;29;39;17;27;11;1;11;2;1;4;20;5;2;5;595;174;317;35;17;23;11;;14;;;;;;;;4;""
"V";"06.09.2026";"21:18:55";3;3;"GEM";"15084565";"Wetterzeube";"U";1358;844;8;836;96;548;67;31;10;32;13;1;6;1;1;2;25;2;1;9;835;113;540;63;38;15;15;24;;;;;;24;;3;;""
"V";"06.09.2026";"21:20:18";1;1;"GEM";"15084565";"Wetterzeube";"B";0;287;1;286;66;96;35;23;10;25;11;0;4;0;0;1;14;1;0;1;286;76;91;42;25;10;10;17;;;;;;13;;2;;""
"V";"06.09.2026";"21:20:18";4;4;"GEM";"15084565";"Wetterzeube";"";1358;1131;9;1122;162;644;102;54;20;57;24;1;10;1;1;3;39;3;1;10;1121;189;631;105;63;25;25;41;;;;;;37;;5;;""
"V";"06.09.2026";"20:32:56";26;26;"GEM";"15084590";"Zeitz, Stadt";"U";21101;11286;138;11148;1517;6664;745;671;190;409;210;14;111;46;26;45;433;20;47;151;11135;1806;6610;841;673;205;174;414;;;;;;331;;81;;""
"Z";"06.09.2026";"21:29:38";3;2;"GEM";"15084590";"Zeitz, Stadt";"B";0;2304;13;2291;574;738;248;256;57;157;69;2;19;13;7;9;123;2;17;17;2287;664;721;243;269;56;73;121;;;;;;112;;28;;""
"Z";"06.09.2026";"21:29:38";29;28;"GEM";"15084590";"Zeitz, Stadt";"";21101;13590;151;13439;2091;7402;993;927;247;566;279;16;130;59;33;54;556;22;64;168;13422;2470;7331;1084;942;261;247;535;;;;;;443;;109;;""
"V";"06.09.2026";"20:07:25";7;7;"GEM";"15085040";"Ballenstedt, Stadt";"U";7163;4140;57;4083;554;2237;288;285;96;236;76;3;32;13;14;22;212;8;7;54;4086;728;2215;303;240;121;149;113;;;;;;187;;;30;""
"Z";"06.09.2026";"20:41:09";2;1;"GEM";"15085040";"Ballenstedt, Stadt";"B";0;568;6;562;153;164;62;57;18;34;13;3;6;6;0;0;44;0;2;8;560;182;152;76;49;15;19;22;;;;;;43;;;2;""
"Z";"06.09.2026";"20:41:09";9;8;"GEM";"15085040";"Ballenstedt, Stadt";"";7163;4708;63;4645;707;2401;350;342;114;270;89;6;38;19;14;22;256;8;9;62;4646;910;2367;379;289;136;168;135;;;;;;230;;;32;""
"V";"06.09.2026";"21:52:43";17;17;"GEM";"15085055";"Blankenburg (Harz), Stadt";"U";15849;9312;103;9209;1358;4757;577;863;159;551;147;22;120;40;55;41;492;10;17;118;9194;1699;4720;813;833;202;213;303;;;;;;411;;;;""
"V";"06.09.2026";"21:59:16";3;3;"GEM";"15085055";"Blankenburg (Harz), Stadt";"B";0;3001;11;2990;713;764;318;488;62;295;60;2;35;10;9;18;204;5;7;16;2985;835;730;487;434;85;123;106;;;;;;185;;;;""
"V";"06.09.2026";"21:59:16";20;20;"GEM";"15085055";"Blankenburg (Harz), Stadt";"";15849;12313;114;12199;2071;5521;895;1351;221;846;207;24;155;50;64;59;696;15;24;134;12179;2534;5450;1300;1267;287;336;409;;;;;;596;;;;""
"V";"06.09.2026";"20:03:50";1;1;"GEM";"15085090";"Ditfurt";"U";1178;806;11;795;128;446;43;44;17;56;7;1;5;2;0;4;37;1;4;10;796;150;445;55;47;22;33;12;;;;;;27;;;5;""
"V";"06.09.2026";"19:10:33";1;1;"GEM";"15085090";"Ditfurt";"B";0;164;5;159;35;53;14;16;2;17;5;1;1;0;0;1;13;0;1;7;157;37;50;21;11;4;10;8;;;;;;12;;;4;""
"V";"06.09.2026";"20:03:50";2;2;"GEM";"15085090";"Ditfurt";"";1178;970;16;954;163;499;57;60;19;73;12;2;6;2;0;5;50;1;5;17;953;187;495;76;58;26;43;20;;;;;;39;;;9;""
"V";"06.09.2026";"21:23:22";8;8;"GEM";"15085110";"Falkenstein/Harz, Stadt";"U";4203;2582;35;2547;403;1331;159;190;50;121;40;3;28;10;5;12;177;7;11;34;2548;512;1351;187;173;49;56;;;;;;;204;16;;;""
"L";;;1;0;"GEM";"15085110";"Falkenstein/Harz, Stadt";"B";0;0;0;0;0;0;0;0;0;0;0;0;0;0;0;0;0;0;0;0;0;0;0;0;0;0;0;;;;;;;0;0;;;""
"Z";"06.09.2026";"21:23:22";9;8;"GEM";"15085110";"Falkenstein/Harz, Stadt";"";4203;2582;35;2547;403;1331;159;190;50;121;40;3;28;10;5;12;177;7;11;34;2548;512;1351;187;173;49;56;;;;;;;204;16;;;""
"V";"06.09.2026";"20:26:55";1;1;"GEM";"15085125";"Groß Quenstedt";"U";729;434;8;426;54;210;46;39;8;19;10;1;5;2;1;2;26;2;1;3;431;80;219;50;25;11;5;18;;;;;;23;;;;""
"V";"06.09.2026";"20:32:27";1;1;"GEM";"15085125";"Groß Quenstedt";"B";0;135;7;128;26;37;9;16;11;8;8;1;0;1;1;0;10;0;0;8;127;36;35;13;16;5;6;8;;;;;;8;;;;""
"V";"06.09.2026";"20:32:27";2;2;"GEM";"15085125";"Groß Quenstedt";"";729;569;15;554;80;247;55;55;19;27;18;2;5;3;2;2;36;2;1;11;558;116;254;63;41;16;11;26;;;;;;31;;;;""
"V";"06.09.2026";"20:47:53";23;23;"GEM";"15085135";"Halberstadt, Stadt";"U";30398;15676;192;15484;2195;7958;1287;1219;242;1019;270;21;140;69;22;87;905;21;29;196;15480;3052;8028;1573;898;198;564;490;;;;;;677;;;;""
"V";"06.09.2026";"21:07:02";8;8;"GEM";"15085135";"Halberstadt, Stadt";"B";0;6716;43;6673;1854;1530;762;890;140;714;110;10;73;35;12;38;472;7;26;57;6659;2408;1513;964;522;122;476;234;;;;;;420;;;;""
"V";"06.09.2026";"21:07:02";31;31;"GEM";"15085135";"Halberstadt, Stadt";"";30398;22392;235;22157;4049;9488;2049;2109;382;1733;380;31;213;104;34;125;1377;28;55;253;22139;5460;9541;2537;1420;320;1040;724;;;;;;1097;;;;""
"V";"06.09.2026";"21:21:49";1;1;"GEM";"15085140";"Harsleben";"U";1823;1118;16;1102;159;614;67;85;18;50;14;1;15;7;3;4;57;3;5;5;1113;196;616;94;58;30;34;29;;;;;;51;;;5;""
"V";"06.09.2026";"19:36:47";1;1;"GEM";"15085140";"Harsleben";"B";0;396;1;395;89;101;39;57;16;28;14;0;6;3;0;8;30;2;2;3;393;116;101;36;45;12;27;26;;;;;;23;;;7;""
"V";"06.09.2026";"21:21:49";2;2;"GEM";"15085140";"Harsleben";"";1823;1514;17;1497;248;715;106;142;34;78;28;1;21;10;3;12;87;5;7;8;1506;312;717;130;103;42;61;55;;;;;;74;;;12;""
"V";"06.09.2026";"21:00:23";11;11;"GEM";"15085145";"Harzgerode, Stadt";"U";6142;3663;41;3622;606;2012;234;248;55;172;26;5;31;13;5;17;185;5;8;42;3621;797;1990;255;282;46;33;75;;;;;;143;;;;""
"V";"06.09.2026";"21:02:52";2;2;"GEM";"15085145";"Harzgerode, Stadt";"B";0;1178;29;1149;356;330;98;152;43;74;11;0;18;5;5;4;47;2;4;28;1150;437;313;123;161;26;20;29;;;;;;41;;;;""
"V";"06.09.2026";"21:02:52";13;13;"GEM";"15085145";"Harzgerode, Stadt";"";6142;4841;70;4771;962;2342;332;400;98;246;37;5;49;18;10;21;232;7;12;70;4771;1234;2303;378;443;72;53;104;;;;;;184;;;;""
"V";"06.09.2026";"22:14:15";1;1;"GEM";"15085160";"Hedersleben";"U";1058;718;10;708;128;445;33;14;22;17;7;17;3;1;2;6;12;0;1;15;703;124;436;41;28;24;9;12;;;;;;24;;;5;""
"V";"06.09.2026";"20:29:42";1;1;"GEM";"15085160";"Hedersleben";"B";0;148;0;148;60;39;12;11;6;6;1;0;2;1;0;2;8;0;0;1;147;49;40;8;19;10;8;4;;;;;;9;;;0;""
"V";"06.09.2026";"22:14:15";2;2;"GEM";"15085160";"Hedersleben";"";1058;866;10;856;188;484;45;25;28;23;8;17;5;2;2;8;20;0;1;16;850;173;476;49;47;34;17;16;;;;;;33;;;5;""
"V";"06.09.2026";"22:09:34";11;11;"GEM";"15085185";"Huy";"U";5665;3342;36;3306;481;1755;231;302;52;154;69;4;34;17;6;17;172;4;8;39;3303;580;1723;249;384;35;62;135;;;;;;135;;;;""
"V";"06.09.2026";"21:18:30";1;1;"GEM";"15085185";"Huy";"B";0;1021;6;1015;280;293;72;144;37;62;17;0;13;6;4;3;80;2;2;6;1015;276;290;75;205;24;38;33;;;;;;74;;;;""
"V";"06.09.2026";"22:09:34";12;12;"GEM";"15085185";"Huy";"";5665;4363;42;4321;761;2048;303;446;89;216;86;4;47;23;10;20;252;6;10;45;4318;856;2013;324;589;59;100;168;;;;;;209;;;;""
"V";"06.09.2026";"21:16:15";7;7;"GEM";"15085190";"Ilsenburg (Harz), Stadt";"U";7864;4552;52;4500;738;1836;328;611;92;429;74;9;48;15;19;37;214;11;39;60;4492;841;1787;408;867;86;128;180;;;;;;195;;;;""
"Z";"06.09.2026";"21:09:38";2;1;"GEM";"15085190";"Ilsenburg (Harz), Stadt";"B";0;843;1;842;204;150;65;194;16;91;43;0;11;4;0;4;59;0;1;8;835;233;136;87;200;16;52;59;;;;;;52;;;;""
"Z";"06.09.2026";"21:16:15";9;8;"GEM";"15085190";"Ilsenburg (Harz), Stadt";"";7864;5395;53;5342;942;1986;393;805;108;520;117;9;59;19;19;41;273;11;40;68;5327;1074;1923;495;1067;102;180;239;;;;;;247;;;;""
"V";"06.09.2026";"20:15:09";8;8;"GEM";"15085227";"Nordharz";"U";6276;4118;41;4077;570;2029;244;475;52;240;88;20;50;14;10;33;237;4;11;47;4071;683;2022;297;493;82;120;170;;;;;;204;;;;""
"V";"06.09.2026";"20:39:23";1;1;"GEM";"15085227";"Nordharz";"B";0;1096;2;1094;269;279;94;196;32;113;16;1;11;7;1;5;66;0;4;7;1089;303;267;112;210;36;53;38;;;;;;70;;;;""
"V";"06.09.2026";"20:39:23";9;9;"GEM";"15085227";"Nordharz";"";6276;5214;43;5171;839;2308;338;671;84;353;104;21;61;21;11;38;303;4;15;54;5160;986;2289;409;703;118;173;208;;;;;;274;;;;""
"V";"06.09.2026";"20:53:41";10;10;"GEM";"15085228";"Oberharz am Brocken, Stadt";"U";8219;4538;68;4470;709;2435;261;366;68;193;87;5;41;13;13;18;240;6;15;59;4479;884;2267;244;516;64;72;210;;;;;;222;;;;""
"V";"06.09.2026";"20:40:08";2;2;"GEM";"15085228";"Oberharz am Brocken, Stadt";"B";0;1838;7;1831;484;506;149;285;39;107;41;0;20;10;5;16;164;4;1;12;1826;535;447;129;408;29;43;69;;;;;;166;;;;""
"V";"06.09.2026";"20:53:41";12;12;"GEM";"15085228";"Oberharz am Brocken, Stadt";"";8219;6376;75;6301;1193;2941;410;651;107;300;128;5;61;23;18;34;404;10;16;71;6305;1419;2714;373;924;93;115;279;;;;;;388;;;;""
"V";"06.09.2026";"20:10:14";19;19;"GEM";"15085230";"Osterwieck, Stadt";"U";9051;5693;78;5615;840;2813;374;554;120;369;102;3;54;28;12;38;285;12;11;83;5610;1056;2769;474;601;128;152;226;;;;;;204;;;;""
"V";"06.09.2026";"20:43:45";2;2;"GEM";"15085230";"Osterwieck, Stadt";"B";0;1520;39;1481;379;394;159;240;36;114;37;0;27;6;6;12;69;1;1;38;1482;446;372;202;236;31;67;58;;;;;;70;;;;""
"V";"06.09.2026";"20:43:45";21;21;"GEM";"15085230";"Osterwieck, Stadt";"";9051;7213;117;7096;1219;3207;533;794;156;483;139;3;81;34;18;50;354;13;12;121;7092;1502;3141;676;837;159;219;284;;;;;;274;;;;""
"V";"06.09.2026";"22:19:35";13;13;"GEM";"15085235";"Quedlinburg, Welterbestadt";"U";19489;9431;121;9310;1257;4919;678;652;181;791;111;14;107;38;42;47;444;13;16;146;9285;1650;4854;792;581;183;557;186;;;;;;370;;;112;""
"V";"06.09.2026";"22:37:50";5;5;"GEM";"15085235";"Quedlinburg, Welterbestadt";"B";0;5356;72;5284;1366;1149;546;720;168;765;71;8;60;18;24;38;332;10;9;85;5271;1644;1118;606;652;139;577;126;;;;;;317;;;92;""
"V";"06.09.2026";"22:37:50";18;18;"GEM";"15085235";"Quedlinburg, Welterbestadt";"";19489;14787;193;14594;2623;6068;1224;1372;349;1556;182;22;167;56;66;85;776;23;25;231;14556;3294;5972;1398;1233;322;1134;312;;;;;;687;;;204;""
"V";"06.09.2026";"20:14:19";2;2;"GEM";"15085285";"Schwanebeck, Stadt";"U";1956;1247;20;1227;117;793;97;64;16;30;21;1;7;7;1;10;61;2;0;14;1233;150;801;104;73;16;12;27;;;;;;50;;;;""
"V";"06.09.2026";"19:41:21";1;1;"GEM";"15085285";"Schwanebeck, Stadt";"B";0;324;15;309;74;111;25;43;4;18;11;0;3;0;2;2;15;1;0;16;308;101;109;32;29;3;10;13;;;;;;11;;;;""
"V";"06.09.2026";"20:14:19";3;3;"GEM";"15085285";"Schwanebeck, Stadt";"";1956;1571;35;1536;191;904;122;107;20;48;32;1;10;7;3;12;76;3;0;30;1541;251;910;136;102;19;22;40;;;;;;61;;;;""
"V";"06.09.2026";"19:41:35";3;3;"GEM";"15085287";"Selke-Aue";"U";1088;817;9;808;168;431;58;44;9;36;6;1;6;3;2;3;39;2;0;13;804;180;430;63;36;13;27;16;;;;;;37;;;2;""
"V";"06.09.2026";"19:44:48";1;1;"GEM";"15085287";"Selke-Aue";"B";0;120;0;120;43;34;9;13;2;5;1;0;0;1;0;0;11;0;1;1;119;43;32;14;9;2;4;1;;;;;;12;;;2;""
"V";"06.09.2026";"19:44:48";4;4;"GEM";"15085287";"Selke-Aue";"";1088;937;9;928;211;465;67;57;11;41;7;1;6;4;2;3;50;2;1;14;923;223;462;77;45;15;31;17;;;;;;49;;;4;""
"V";"06.09.2026";"21:05:06";14;14;"GEM";"15085330";"Thale, Stadt";"U";13956;7880;110;7770;1073;4283;480;595;150;492;126;35;91;26;28;41;327;11;12;115;7765;1401;4304;715;404;134;246;214;;;;;;271;;;76;""
"V";"06.09.2026";"21:15:41";4;4;"GEM";"15085330";"Thale, Stadt";"B";0;2817;36;2781;723;733;286;378;81;251;54;2;50;14;12;21;167;6;3;37;2780;872;729;402;277;66;160;107;;;;;;135;;;32;""
"V";"06.09.2026";"21:15:41";18;18;"GEM";"15085330";"Thale, Stadt";"";13956;10697;146;10551;1796;5016;766;973;231;743;180;37;141;40;40;62;494;17;15;152;10545;2273;5033;1117;681;200;406;321;;;;;;406;;;108;""
"V";"06.09.2026";"19:24:40";4;4;"GEM";"15085365";"Wegeleben, Stadt";"U";2007;1158;15;1143;176;659;82;50;22;52;11;1;10;4;2;10;63;1;0;18;1140;212;668;95;45;24;30;10;;;;;;47;;;9;""
"V";"06.09.2026";"19:53:36";1;1;"GEM";"15085365";"Wegeleben, Stadt";"B";0;400;2;398;104;108;45;39;13;24;9;0;7;4;5;4;36;0;0;4;396;128;104;44;31;15;17;17;;;;;;36;;;4;""
"V";"06.09.2026";"19:53:36";5;5;"GEM";"15085365";"Wegeleben, Stadt";"";2007;1558;17;1541;280;767;127;89;35;76;20;1;17;8;7;14;99;1;0;22;1536;340;772;139;76;39;47;27;;;;;;83;;;13;""
"V";"06.09.2026";"20:50:54";20;20;"GEM";"15085370";"Wernigerode, Stadt";"U";25732;13903;136;13767;2078;5802;1042;1960;276;1280;191;20;149;56;37;79;750;17;30;160;13743;2486;5658;1087;2922;243;348;377;;;;;;622;;;;""
"Z";"06.09.2026";"21:21:32";6;5;"GEM";"15085370";"Wernigerode, Stadt";"B";0;5102;16;5086;1155;905;502;1112;150;682;99;11;66;27;15;27;304;8;23;28;5074;1266;849;496;1710;112;198;162;;;;;;281;;;;""
"Z";"06.09.2026";"21:21:32";26;25;"GEM";"15085370";"Wernigerode, Stadt";"";25732;19005;152;18853;3233;6707;1544;3072;426;1962;290;31;215;83;52;106;1054;25;53;188;18817;3752;6507;1583;4632;355;546;539;;;;;;903;;;;""
"V";"06.09.2026";"21:46:55";6;6;"GEM";"15086005";"Biederitz";"U";7041;4122;41;4081;595;1830;312;350;128;391;143;5;37;23;10;23;197;16;21;43;4079;688;1773;341;311;104;141;549;;;;;;127;;;45;""
"V";"06.09.2026";"21:15:12";2;2;"GEM";"15086005";"Biederitz";"B";0;1944;7;1937;474;411;162;281;63;287;113;2;23;10;6;9;84;1;11;10;1934;471;374;193;255;55;118;366;;;;;;55;;;47;""
"V";"06.09.2026";"21:46:55";8;8;"GEM";"15086005";"Biederitz";"";7041;6066;48;6018;1069;2241;474;631;191;678;256;7;60;33;16;32;281;17;32;53;6013;1159;2147;534;566;159;259;915;;;;;;182;;;92;""
"V";"06.09.2026";"22:10:05";16;16;"GEM";"15086015";"Burg, Stadt";"U";17857;9714;144;9570;1362;5257;698;649;187;522;146;7;133;36;28;46;463;11;25;160;9554;1774;5014;813;576;161;249;254;;;;;;324;;;389;""
"V";"06.09.2026";"22:05:11";3;3;"GEM";"15086015";"Burg, Stadt";"B";0;3526;32;3494;832;1034;334;446;92;314;79;9;43;30;12;30;218;9;12;37;3489;921;918;386;387;88;183;156;;;;;;182;;;268;""
"V";"06.09.2026";"22:10:05";19;19;"GEM";"15086015";"Burg, Stadt";"";17857;13240;176;13064;2194;6291;1032;1095;279;836;225;16;176;66;40;76;681;20;37;197;13043;2695;5932;1199;963;249;432;410;;;;;;506;;;657;""
"V";"06.09.2026";"20:39:46";7;7;"GEM";"15086035";"Elbe-Parey";"U";5313;3285;36;3249;541;1639;248;263;61;171;48;0;47;13;5;22;167;7;17;45;3240;720;1704;279;222;57;78;;;;;;;132;;;48;""
"V";"06.09.2026";"21:39:13";1;1;"GEM";"15086035";"Elbe-Parey";"B";0;1013;5;1008;244;269;133;120;28;83;10;0;15;10;0;7;77;2;10;7;1006;315;291;150;93;29;46;;;;;;;53;;;29;""
"V";"06.09.2026";"21:39:13";8;8;"GEM";"15086035";"Elbe-Parey";"";5313;4298;41;4257;785;1908;381;383;89;254;58;0;62;23;5;29;244;9;27;52;4246;1035;1995;429;315;86;124;;;;;;;185;;;77;""
"V";"06.09.2026";"22:37:02";12;12;"GEM";"15086040";"Genthin, Stadt";"U";10971;6027;112;5915;888;3060;481;450;111;324;70;4;74;33;20;30;329;16;25;101;5926;1263;3220;535;374;120;122;;;;;;;208;;;84;""
"V";"06.09.2026";"22:44:32";2;2;"GEM";"15086040";"Genthin, Stadt";"B";0;2277;9;2268;586;538;247;340;58;234;24;5;29;10;5;15;164;4;9;15;2262;766;568;278;285;54;104;;;;;;;141;;;66;""
"V";"06.09.2026";"22:44:32";14;14;"GEM";"15086040";"Genthin, Stadt";"";10971;8304;121;8183;1474;3598;728;790;169;558;94;9;103;43;25;45;493;20;34;116;8188;2029;3788;813;659;174;226;;;;;;;349;;;150;""
"V";"06.09.2026";"20:20:55";14;14;"GEM";"15086055";"Gommern, Stadt";"U";8455;5057;54;5003;827;2410;332;420;170;337;86;6;51;36;12;19;271;8;18;101;4956;1289;2376;459;384;305;143;;;;;;;;;;;""
"V";"06.09.2026";"20:55:56";1;1;"GEM";"15086055";"Gommern, Stadt";"B";0;1935;12;1923;497;514;169;267;56;206;40;3;16;12;5;8;122;4;4;62;1873;770;438;244;213;97;111;;;;;;;;;;;""
"V";"06.09.2026";"20:55:56";15;15;"GEM";"15086055";"Gommern, Stadt";"";8455;6992;66;6926;1324;2924;501;687;226;543;126;9;67;48;17;27;393;12;22;163;6829;2059;2814;703;597;402;254;;;;;;;;;;;""
"V";"06.09.2026";"21:43:16";12;12;"GEM";"15086080";"Jerichow, Stadt";"U";5542;3668;43;3625;556;1983;238;288;73;155;55;1;33;12;6;7;202;6;10;50;3618;738;2047;254;238;80;67;;;;;;;135;;;59;""
"L";;;1;0;"GEM";"15086080";"Jerichow, Stadt";"B";0;0;0;0;0;0;0;0;0;0;0;0;0;0;0;0;0;0;0;0;0;0;0;0;0;0;0;;;;;;;0;;;0;""
"Z";"06.09.2026";"21:43:16";13;12;"GEM";"15086080";"Jerichow, Stadt";"";5542;3668;43;3625;556;1983;238;288;73;155;55;1;33;12;6;7;202;6;10;50;3618;738;2047;254;238;80;67;;;;;;;135;;;59;""
"V";"06.09.2026";"22:37:54";28;28;"GEM";"15086140";"Möckern, Stadt";"U";10078;6225;86;6139;979;3194;465;418;145;321;141;11;55;32;12;33;303;9;21;86;6139;1212;3137;533;353;173;184;225;;;;;;214;;;108;""
"Z";"06.09.2026";"21:34:48";2;1;"GEM";"15086140";"Möckern, Stadt";"B";0;987;7;980;211;344;98;113;35;75;21;1;5;4;1;7;55;5;5;9;978;256;333;105;93;29;42;40;;;;;;45;;;35;""
"Z";"06.09.2026";"22:37:54";30;29;"GEM";"15086140";"Möckern, Stadt";"";10078;7212;93;7119;1190;3538;563;531;180;396;162;12;60;36;13;40;358;14;26;95;7117;1468;3470;638;446;202;226;265;;;;;;259;;;143;""
"V";"06.09.2026";"22:03:57";7;7;"GEM";"15086145";"Möser";"U";6969;3864;45;3819;597;1878;257;319;88;322;75;2;47;10;7;15;170;11;21;46;3818;740;1847;307;342;88;121;180;;;;;;124;;;69;""
"V";"06.09.2026";"23:42:22";2;2;"GEM";"15086145";"Möser";"B";0;2137;8;2129;593;483;168;287;86;250;49;2;25;8;5;12;145;3;13;7;2130;680;457;233;257;77;113;131;;;;;;103;;;79;""
"V";"06.09.2026";"23:42:22";9;9;"GEM";"15086145";"Möser";"";6969;6001;53;5948;1190;2361;425;606;174;572;124;4;72;18;12;27;315;14;34;53;5948;1420;2304;540;599;165;234;311;;;;;;227;;;148;""
"V";"06.09.2026";"20:03:53";1;1;"GEM";"15087010";"Ahlsdorf";"U";1259;745;6;739;96;473;40;37;18;19;2;0;6;1;2;2;40;1;2;9;736;115;480;57;38;28;13;;;;;;;;5;;;""
"V";"06.09.2026";"20:24:15";1;1;"GEM";"15087010";"Ahlsdorf";"B";0;268;2;266;75;83;26;28;13;10;5;0;3;2;1;0;16;4;0;2;266;76;96;44;23;16;4;;;;;;;;7;;;""
"V";"06.09.2026";"20:24:15";2;2;"GEM";"15087010";"Ahlsdorf";"";1259;1013;8;1005;171;556;66;65;31;29;7;0;9;3;3;2;56;5;2;11;1002;191;576;101;61;44;17;;;;;;;;12;;;""
"V";"06.09.2026";"22:14:08";14;14;"GEM";"15087015";"Allstedt, Stadt";"U";6258;3788;46;3742;555;2139;234;232;81;111;26;3;47;18;7;20;215;46;8;58;3730;652;2241;299;241;104;62;;;;;;;;131;;;""
"V";"06.09.2026";"21:51:27";1;1;"GEM";"15087015";"Allstedt, Stadt";"B";0;1123;7;1116;272;340;126;123;46;63;12;1;10;6;2;2;84;23;6;11;1112;306;361;149;141;50;40;;;;;;;;65;;;""
"V";"06.09.2026";"22:14:08";15;15;"GEM";"15087015";"Allstedt, Stadt";"";6258;4911;53;4858;827;2479;360;355;127;174;38;4;57;24;9;22;299;69;14;69;4842;958;2602;448;382;154;102;;;;;;;;196;;;""
"V";"06.09.2026";"19:47:29";12;12;"GEM";"15087031";"Arnstein, Stadt";"U";5217;3357;47;3310;504;1943;215;184;46;97;22;5;21;12;6;24;176;49;6;48;3309;523;1909;254;176;57;58;;;;;;;191;141;;;""
"V";"06.09.2026";"23:29:07";1;1;"GEM";"15087031";"Arnstein, Stadt";"B";0;805;3;802;202;256;68;87;20;43;3;0;9;5;5;10;76;15;3;4;801;207;252;81;83;22;19;;;;;;;89;48;;;""
"V";"06.09.2026";"23:29:07";13;13;"GEM";"15087031";"Arnstein, Stadt";"";5217;4162;50;4112;706;2199;283;271;66;140;25;5;30;17;11;34;252;64;9;52;4110;730;2161;335;259;79;77;;;;;;;280;189;;;""
"V";"06.09.2026";"20:05:40";1;1;"GEM";"15087045";"Benndorf";"U";1614;820;13;807;126;451;70;51;16;27;4;0;9;8;0;6;34;3;2;16;804;158;469;82;51;22;10;;;;;;;;12;;;""
"V";"06.09.2026";"20:02:11";1;1;"GEM";"15087045";"Benndorf";"B";0;259;1;258;68;86;26;34;3;8;0;0;3;1;1;0;21;6;1;4;255;80;89;38;22;8;7;;;;;;;;11;;;""
"V";"06.09.2026";"20:05:40";2;2;"GEM";"15087045";"Benndorf";"";1614;1079;14;1065;194;537;96;85;19;35;4;0;12;9;1;6;55;9;3;20;1059;238;558;120;73;30;17;;;;;;;;23;;;""
"V";"06.09.2026";"19:45:24";3;3;"GEM";"15087055";"Berga";"U";1335;779;9;770;113;470;38;38;14;17;11;2;12;2;2;4;44;3;0;11;768;160;485;55;25;23;11;;;;;;;;9;;;""
"V";"06.09.2026";"19:38:06";1;1;"GEM";"15087055";"Berga";"B";0;272;2;270;84;85;15;37;9;15;1;1;2;0;0;0;21;0;0;3;269;102;86;21;25;17;13;;;;;;;;5;;;""
"V";"06.09.2026";"19:45:24";4;4;"GEM";"15087055";"Berga";"";1335;1051;11;1040;197;555;53;75;23;32;12;3;14;2;2;4;65;3;0;14;1037;262;571;76;50;40;24;;;;;;;;14;;;""
"V";"06.09.2026";"19:25:34";1;1;"GEM";"15087070";"Blankenheim";"U";942;594;2;592;83;357;40;31;18;10;7;0;8;2;1;5;25;3;2;4;590;106;371;45;29;23;4;;;;;;;;12;;;""
"V";"06.09.2026";"20:32:29";1;1;"GEM";"15087070";"Blankenheim";"B";0;182;3;179;57;59;18;21;5;6;0;0;0;0;2;2;8;1;0;5;177;54;62;21;21;6;6;;;;;;;;7;;;""
"V";"06.09.2026";"20:32:29";2;2;"GEM";"15087070";"Blankenheim";"";942;776;5;771;140;416;58;52;23;16;7;0;8;2;3;7;33;4;2;9;767;160;433;66;50;29;10;;;;;;;;19;;;""
"V";"06.09.2026";"19:27:43";1;1;"GEM";"15087075";"Bornstedt";"U";635;395;7;388;46;237;22;29;6;9;7;0;7;0;2;2;19;0;2;8;387;59;246;30;29;17;4;;;;;;;;2;;;""
"V";"06.09.2026";"18:39:43";1;1;"GEM";"15087075";"Bornstedt";"B";0;105;1;104;36;30;8;18;1;4;1;0;3;1;0;1;1;0;0;2;103;44;29;10;13;5;2;;;;;;;;0;;;""
"V";"06.09.2026";"19:27:43";2;2;"GEM";"15087075";"Bornstedt";"";635;500;8;492;82;267;30;47;7;13;8;0;10;1;2;3;20;0;2;10;490;103;275;40;42;22;6;;;;;;;;2;;;""
"V";"06.09.2026";"19:38:40";2;2;"GEM";"15087101";"Brücken-Hackpfüffel";"U";810;577;9;568;100;316;39;39;9;17;1;2;9;3;1;3;25;1;3;9;568;123;328;51;35;13;10;;;;;;;;8;;;""
"V";"06.09.2026";"20:14:04";1;1;"GEM";"15087101";"Brücken-Hackpfüffel";"B";0;79;0;79;16;24;6;16;1;10;1;0;1;0;0;0;4;0;0;0;79;20;25;12;11;1;10;;;;;;;;0;;;""
"V";"06.09.2026";"20:14:04";3;3;"GEM";"15087101";"Brücken-Hackpfüffel";"";810;656;9;647;116;340;45;55;10;27;2;2;10;3;1;3;29;1;3;9;647;143;353;63;46;14;20;;;;;;;;8;;;""
"V";"06.09.2026";"19:57:52";1;1;"GEM";"15087125";"Edersleben";"U";771;496;5;491;98;251;44;28;9;16;3;1;7;2;0;3;27;1;1;7;489;127;262;47;19;19;9;;;;;;;;6;;;""
"V";"06.09.2026";"19:50:20";1;1;"GEM";"15087125";"Edersleben";"B";0;148;1;147;26;70;9;7;3;9;2;0;1;0;2;2;15;1;0;1;147;35;76;12;10;5;4;;;;;;;;5;;;""
"V";"06.09.2026";"19:57:52";2;2;"GEM";"15087125";"Edersleben";"";771;644;6;638;124;321;53;35;12;25;5;1;8;2;2;5;42;2;1;8;636;162;338;59;29;24;13;;;;;;;;11;;;""
"Z";"06.09.2026";"20:45:54";21;20;"GEM";"15087130";"Eisleben, Lutherstadt";"U";16314;9056;113;8943;1261;5290;603;533;200;309;67;11;90;42;18;47;426;31;15;132;8924;1688;5478;808;444;262;139;;;;;;;;105;;;""
"V";"06.09.2026";"20:23:02";3;3;"GEM";"15087130";"Eisleben, Lutherstadt";"B";0;3009;22;2987;710;939;347;351;99;216;25;2;29;16;10;17;201;22;3;35;2974;964;977;459;258;138;109;;;;;;;;69;;;""
"Z";"06.09.2026";"20:45:54";24;23;"GEM";"15087130";"Eisleben, Lutherstadt";"";16314;12065;135;11930;1971;6229;950;884;299;525;92;13;119;58;28;64;627;53;18;167;11898;2652;6455;1267;702;400;248;;;;;;;;174;;;""
"V";"06.09.2026";"20:07:34";14;14;"GEM";"15087165";"Gerbstedt, Stadt";"U";5599;3328;50;3278;435;2041;177;167;71;119;17;4;26;20;5;15;159;15;7;64;3264;536;2116;261;150;108;57;;;;;;;;36;;;""
"V";"06.09.2026";"20:09:45";1;1;"GEM";"15087165";"Gerbstedt, Stadt";"B";0;1040;3;1037;282;363;112;98;28;60;14;0;9;7;2;4;49;6;3;11;1029;331;378;149;73;48;41;;;;;;;;9;;;""
"V";"06.09.2026";"20:09:45";15;15;"GEM";"15087165";"Gerbstedt, Stadt";"";5599;4368;53;4315;717;2404;289;265;99;179;31;4;35;27;7;19;208;21;10;75;4293;867;2494;410;223;156;98;;;;;;;;45;;;""
"V";"06.09.2026";"20:27:53";2;2;"GEM";"15087205";"Helbra";"U";3176;1759;23;1736;251;1080;113;80;30;36;12;0;21;1;7;8;91;1;5;23;1736;305;1135;141;72;42;26;;;;;;;;15;;;""
"V";"06.09.2026";"19:53:53";1;1;"GEM";"15087205";"Helbra";"B";0;650;0;650;219;185;62;74;9;28;6;0;8;5;2;4;43;5;0;4;646;256;203;93;53;14;18;;;;;;;;9;;;""
"V";"06.09.2026";"20:27:53";3;3;"GEM";"15087205";"Helbra";"";3176;2409;23;2386;470;1265;175;154;39;64;18;0;29;6;9;12;134;6;5;27;2382;561;1338;234;125;56;44;;;;;;;;24;;;""
"V";"06.09.2026";"19:35:55";1;1;"GEM";"15087210";"Hergisdorf";"U";1233;649;2;647;113;379;38;34;17;9;11;0;7;1;3;3;30;1;1;2;647;133;387;54;31;32;8;;;;;;;;2;;;""
"V";"06.09.2026";"19:40:20";1;1;"GEM";"15087210";"Hergisdorf";"B";0;262;1;261;68;103;15;30;11;8;3;1;1;1;0;1;18;0;1;1;261;86;106;28;21;12;7;;;;;;;;1;;;""
"V";"06.09.2026";"19:40:20";2;2;"GEM";"15087210";"Hergisdorf";"";1233;911;3;908;181;482;53;64;28;17;14;1;8;2;3;4;48;1;2;3;908;219;493;82;52;44;15;;;;;;;;3;;;""
"V";"06.09.2026";"21:37:35";12;12;"GEM";"15087220";"Hettstedt, Stadt";"U";10487;5869;59;5810;795;3530;401;326;116;173;35;9;41;19;8;23;279;39;16;77;5792;929;3667;588;281;175;77;;;;;;;;75;;;""
"V";"06.09.2026";"19:49:56";3;3;"GEM";"15087220";"Hettstedt, Stadt";"B";0;1616;2;1614;416;540;192;179;44;71;8;1;12;5;3;11;106;23;3;11;1605;446;572;310;133;51;45;;;;;;;;48;;;""
"V";"06.09.2026";"21:37:35";15;15;"GEM";"15087220";"Hettstedt, Stadt";"";10487;7485;61;7424;1211;4070;593;505;160;244;43;10;53;24;11;34;385;62;19;88;7397;1375;4239;898;414;226;122;;;;;;;;123;;;""
"V";"06.09.2026";"19:26:57";5;5;"GEM";"15087250";"Kelbra (Kyffhäuser), Stadt";"U";2683;1508;20;1488;238;823;98;96;39;66;14;0;24;2;3;7;68;8;2;18;1490;314;848;133;87;53;34;;;;;;;;21;;;""
"V";"06.09.2026";"19:00:22";1;1;"GEM";"15087250";"Kelbra (Kyffhäuser), Stadt";"B";0;550;5;545;105;192;72;55;16;43;9;0;13;4;0;0;28;5;3;8;542;151;203;79;43;30;28;;;;;;;;8;;;""
"V";"06.09.2026";"19:26:57";6;6;"GEM";"15087250";"Kelbra (Kyffhäuser), Stadt";"";2683;2058;25;2033;343;1015;170;151;55;109;23;0;37;6;3;7;96;13;5;26;2032;465;1051;212;130;83;62;;;;;;;;29;;;""
"V";"06.09.2026";"20:06:51";1;1;"GEM";"15087260";"Klostermansfeld";"U";1841;1108;7;1101;200;620;76;64;26;38;10;0;9;2;0;2;51;2;1;11;1097;254;638;104;47;35;8;;;;;;;;11;;;""
"V";"06.09.2026";"19:00:24";1;1;"GEM";"15087260";"Klostermansfeld";"B";0;326;1;325;102;91;31;30;19;29;0;1;2;1;0;2;10;6;1;3;323;128;96;47;12;17;15;;;;;;;;8;;;""
"V";"06.09.2026";"20:06:51";2;2;"GEM";"15087260";"Klostermansfeld";"";1841;1434;8;1426;302;711;107;94;45;67;10;1;11;3;0;4;61;8;2;14;1420;382;734;151;59;52;23;;;;;;;;19;;;""
"V";"06.09.2026";"21:26:12";16;16;"GEM";"15087275";"Mansfeld, Stadt";"U";6897;4184;43;4141;613;2460;289;222;98;110;37;4;30;12;13;14;161;69;9;60;4124;715;2544;369;183;120;77;;;;;;;;116;;;""
"V";"06.09.2026";"20:20:15";1;1;"GEM";"15087275";"Mansfeld, Stadt";"B";0;1313;6;1307;349;412;100;135;34;76;22;0;18;9;2;9;91;46;4;14;1299;419;450;151;92;39;53;;;;;;;;95;;;""
"V";"06.09.2026";"21:26:12";17;17;"GEM";"15087275";"Mansfeld, Stadt";"";6897;5497;49;5448;962;2872;389;357;132;186;59;4;48;21;15;23;252;115;13;74;5423;1134;2994;520;275;159;130;;;;;;;;211;;;""
"V";"06.09.2026";"21:06:22";28;28;"GEM";"15087370";"Sangerhausen, Stadt";"U";20607;11284;142;11142;1813;6039;796;789;216;469;74;20;113;62;29;64;587;39;32;171;11113;2616;6265;1019;570;334;205;;;;;;;;104;;;""
"V";"06.09.2026";"21:25:24";5;5;"GEM";"15087370";"Sangerhausen, Stadt";"B";0;3846;26;3820;1120;1023;405;479;117;279;26;4;36;25;7;22;234;26;17;41;3805;1594;1046;504;275;179;140;;;;;;;;67;;;""
"V";"06.09.2026";"21:25:24";33;33;"GEM";"15087370";"Sangerhausen, Stadt";"";20607;15130;168;14962;2933;7062;1201;1268;333;748;100;24;149;87;36;86;821;65;49;212;14918;4210;7311;1523;845;513;345;;;;;;;;171;;;""
"V";"06.09.2026";"20:55:15";13;13;"GEM";"15087386";"Seegebiet Mansfelder Land";"U";7340;4671;52;4619;546;2834;306;243;104;170;40;9;56;15;12;17;237;25;5;66;4605;753;2894;426;203;149;61;;;;;;;;119;;;""
"V";"06.09.2026";"21:51:40";1;1;"GEM";"15087386";"Seegebiet Mansfelder Land";"B";0;1206;21;1185;277;452;115;114;34;68;29;1;6;5;3;6;66;1;8;26;1180;357;452;162;62;44;28;;;;;;;;75;;;""
"V";"06.09.2026";"21:51:40";14;14;"GEM";"15087386";"Seegebiet Mansfelder Land";"";7340;5877;73;5804;823;3286;421;357;138;238;69;10;62;20;15;23;303;26;13;92;5785;1110;3346;588;265;193;89;;;;;;;;194;;;""
"V";"06.09.2026";"21:46:15";16;16;"GEM";"15087412";"Südharz";"U";7319;4440;48;4392;732;2461;310;272;95;160;40;9;44;18;7;7;212;13;12;56;4384;972;2560;367;207;134;98;;;;;;;;46;;;""
"V";"06.09.2026";"19:31:59";2;2;"GEM";"15087412";"Südharz";"B";0;1271;6;1265;341;369;165;136;38;89;13;2;10;5;4;3;74;8;8;13;1258;446;377;190;91;66;72;;;;;;;;16;;;""
"V";"06.09.2026";"21:46:15";18;18;"GEM";"15087412";"Südharz";"";7319;5711;54;5657;1073;2830;475;408;133;249;53;11;54;23;11;10;286;21;20;69;5642;1418;2937;557;298;200;170;;;;;;;;62;;;""
"V";"06.09.2026";"19:35:55";4;4;"GEM";"15087440";"Wallhausen";"U";1991;1204;11;1193;169;687;64;70;22;46;8;2;18;4;3;14;75;4;7;22;1182;244;715;98;50;27;24;;;;;;;;24;;;""
"V";"06.09.2026";"19:17:09";1;1;"GEM";"15087440";"Wallhausen";"B";0;322;2;320;85;85;36;42;15;22;1;1;2;3;0;1;22;4;1;6;316;113;87;39;31;24;14;;;;;;;;8;;;""
"V";"06.09.2026";"19:35:55";5;5;"GEM";"15087440";"Wallhausen";"";1991;1526;13;1513;254;772;100;112;37;68;9;3;20;7;3;15;97;8;8;28;1498;357;802;137;81;51;38;;;;;;;;32;;;""
"V";"06.09.2026";"19:39:53";1;1;"GEM";"15087470";"Wimmelburg";"U";917;493;8;485;67;306;36;30;10;9;3;0;5;0;2;1;16;0;0;9;484;93;309;42;21;15;2;;;;;;;;2;;;""
"V";"06.09.2026";"19:04:04";1;1;"GEM";"15087470";"Wimmelburg";"B";0;231;1;230;51;68;28;31;5;17;0;0;1;2;0;1;24;2;0;1;230;91;71;38;14;10;1;;;;;;;;5;;;""
"V";"06.09.2026";"19:39:53";2;2;"GEM";"15087470";"Wimmelburg";"";917;724;9;715;118;374;64;61;15;26;3;0;6;2;2;2;40;2;0;10;714;184;380;80;35;25;3;;;;;;;;7;;;""
"V";"06.09.2026";"20:41:25";9;9;"GEM";"15088020";"Bad Dürrenberg, Stadt";"U";9061;4939;38;4901;731;2864;289;272;125;246;47;4;64;13;8;25;195;10;8;40;4899;897;2898;361;234;229;104;;;;;;;176;;;;""
"V";"06.09.2026";"21:16:58";1;1;"GEM";"15088020";"Bad Dürrenberg, Stadt";"B";0;1595;8;1587;507;446;152;150;54;144;12;2;15;7;9;4;77;2;6;14;1581;562;446;185;121;127;70;;;;;;;70;;;;""
"V";"06.09.2026";"21:16:58";10;10;"GEM";"15088020";"Bad Dürrenberg, Stadt";"";9061;6534;46;6488;1238;3310;441;422;179;390;59;6;79;20;17;29;272;12;14;54;6480;1459;3344;546;355;356;174;;;;;;;246;;;;""
"V";"06.09.2026";"21:59:16";7;7;"GEM";"15088025";"Bad Lauchstädt, Goethestadt";"U";7407;4189;47;4142;609;2509;182;211;92;179;45;8;54;17;8;18;187;8;15;53;4136;808;2607;276;168;151;78;;;;;;;;48;;;""
"Z";"06.09.2026";"22:01:10";2;1;"GEM";"15088025";"Bad Lauchstädt, Goethestadt";"B";0;838;4;834;226;287;72;77;22;78;9;0;8;7;0;6;35;2;5;7;831;305;300;88;51;36;40;;;;;;;;11;;;""
"Z";"06.09.2026";"22:01:10";9;8;"GEM";"15088025";"Bad Lauchstädt, Goethestadt";"";7407;5027;51;4976;835;2796;254;288;114;257;54;8;62;24;8;24;222;10;20;60;4967;1113;2907;364;219;187;118;;;;;;;;59;;;""
"V";"06.09.2026";"19:11:12";1;1;"GEM";"15088030";"Barnstädt";"U";773;449;2;447;77;253;24;27;10;13;7;0;3;1;2;1;28;1;0;3;446;94;261;32;25;19;8;;;;;;;;7;;;""
"V";"06.09.2026";"19:04:19";1;1;"GEM";"15088030";"Barnstädt";"B";0;169;0;169;45;53;21;15;10;8;1;0;2;1;1;1;11;0;0;0;169;48;55;28;15;13;5;;;;;;;;5;;;""
"V";"06.09.2026";"19:11:12";2;2;"GEM";"15088030";"Barnstädt";"";773;618;2;616;122;306;45;42;20;21;8;0;5;2;3;2;39;1;0;3;615;142;316;60;40;32;13;;;;;;;;12;;;""
"V";"06.09.2026";"21:22:30";10;10;"GEM";"15088065";"Braunsbedra, Stadt";"U";8564;4851;58;4793;702;2850;304;261;100;186;31;8;55;16;15;33;218;1;13;67;4784;900;2987;406;251;153;87;;;;;;;;;;;""
"L";;;1;0;"GEM";"15088065";"Braunsbedra, Stadt";"B";0;0;0;0;0;0;0;0;0;0;0;0;0;0;0;0;0;0;0;0;0;0;0;0;0;0;0;;;;;;;;;;;""
"Z";"06.09.2026";"21:22:30";11;10;"GEM";"15088065";"Braunsbedra, Stadt";"";8564;4851;58;4793;702;2850;304;261;100;186;31;8;55;16;15;33;218;1;13;67;4784;900;2987;406;251;153;87;;;;;;;;;;;""
"V";"06.09.2026";"19:53:33";2;2;"GEM";"15088100";"Farnstädt";"U";1216;789;13;776;122;474;49;34;13;17;12;3;10;5;1;2;33;1;0;10;779;135;497;62;35;21;14;;;;;;;;15;;;""
"V";"06.09.2026";"20:06:29";1;1;"GEM";"15088100";"Farnstädt";"B";0;182;0;182;40;55;20;22;10;15;1;0;2;1;0;0;10;5;1;0;182;48;56;31;24;9;7;;;;;;;;7;;;""
"V";"06.09.2026";"20:06:29";3;3;"GEM";"15088100";"Farnstädt";"";1216;971;13;958;162;529;69;56;23;32;13;3;12;6;1;2;43;6;1;10;961;183;553;93;59;30;21;;;;;;;;22;;;""
"V";"06.09.2026";"20:56:22";5;5;"GEM";"15088150";"Kabelsketal";"U";7101;4125;33;4092;529;2288;240;277;109;288;57;5;44;16;9;20;193;2;15;38;4087;770;2322;351;229;133;104;;;;;;;178;;;;""
"V";"06.09.2026";"21:31:05";1;1;"GEM";"15088150";"Kabelsketal";"B";0;1502;9;1493;433;397;134;175;63;155;17;2;13;5;4;10;74;5;6;11;1491;581;397;191;121;83;42;;;;;;;76;;;;""
"V";"06.09.2026";"21:31:05";6;6;"GEM";"15088150";"Kabelsketal";"";7101;5627;42;5585;962;2685;374;452;172;443;74;7;57;21;13;30;267;7;21;49;5578;1351;2719;542;350;216;146;;;;;;;254;;;;""
"Z";"06.09.2026";"20:36:41";17;15;"GEM";"15088195";"Landsberg, Stadt";"U";9174;5651;53;5598;889;2999;305;368;150;382;57;9;64;13;12;34;291;11;14;69;5582;1197;3008;415;319;213;131;;;;;;;299;;;;""
"Z";"06.09.2026";"20:27:18";3;2;"GEM";"15088195";"Landsberg, Stadt";"B";0;1557;8;1549;425;428;157;167;54;157;11;1;16;9;4;8;109;2;1;9;1548;546;429;208;130;65;44;;;;;;;126;;;;""
"Z";"06.09.2026";"20:36:41";20;17;"GEM";"15088195";"Landsberg, Stadt";"";9174;7208;61;7147;1314;3427;462;535;204;539;68;10;80;22;16;42;400;13;15;78;7130;1743;3437;623;449;278;175;;;;;;;425;;;;""
"V";"06.09.2026";"20:20:47";11;11;"GEM";"15088205";"Leuna, Stadt";"U";11388;5856;42;5814;817;3581;320;309;117;237;41;4;64;24;19;27;239;4;11;59;5797;1119;3646;392;245;169;98;;;;;;;128;;;;""
"V";"06.09.2026";"21:28:30";3;3;"GEM";"15088205";"Leuna, Stadt";"B";0;3178;11;3167;948;1032;265;298;92;218;31;4;29;14;12;19;184;9;12;27;3151;1134;1035;350;260;157;101;;;;;;;114;;;;""
"V";"06.09.2026";"21:28:30";14;14;"GEM";"15088205";"Leuna, Stadt";"";11388;9034;53;8981;1765;4613;585;607;209;455;72;8;93;38;31;46;423;13;23;86;8948;2253;4681;742;505;326;199;;;;;;;242;;;;""
"V";"06.09.2026";"21:07:25";10;10;"GEM";"15088216";"Wettin-Löbejün, Stadt";"U";7795;4612;50;4562;669;2605;265;268;100;289;36;1;44;23;4;32;204;10;12;61;4551;955;2684;337;240;187;100;;;;;;;;48;;;""
"V";"06.09.2026";"21:04:49";2;2;"GEM";"15088216";"Wettin-Löbejün, Stadt";"B";0;1692;1;1691;492;484;114;226;60;190;9;0;17;4;6;12;67;8;2;8;1684;658;496;151;185;103;68;;;;;;;;23;;;""
"V";"06.09.2026";"21:07:25";12;12;"GEM";"15088216";"Wettin-Löbejün, Stadt";"";7795;6304;51;6253;1161;3089;379;494;160;479;45;1;61;27;10;44;271;18;14;69;6235;1613;3180;488;425;290;168;;;;;;;;71;;;""
"V";"06.09.2026";"21:34:22";21;21;"GEM";"15088220";"Merseburg, Stadt";"U";24743;12496;127;12369;1856;6842;822;793;251;739;82;21;153;51;36;57;604;17;45;177;12319;2620;7151;1105;747;420;276;;;;;;;;;;;""
"V";"06.09.2026";"22:59:58";7;7;"GEM";"15088220";"Merseburg, Stadt";"B";0;5390;13;5377;1502;1529;530;638;177;517;44;10;44;20;26;24;286;14;16;45;5345;2066;1571;705;511;283;209;;;;;;;;;;;""
"V";"06.09.2026";"22:59:58";28;28;"GEM";"15088220";"Merseburg, Stadt";"";24743;17886;140;17746;3358;8371;1352;1431;428;1256;126;31;197;71;62;81;890;31;61;222;17664;4686;8722;1810;1258;703;485;;;;;;;;;;;""
"V";"06.09.2026";"22:51:53";11;11;"GEM";"15088235";"Mücheln (Geiseltal), Stadt";"U";6830;4043;46;3997;625;2434;207;226;64;132;35;12;29;7;8;20;177;13;8;55;3988;786;2497;280;193;113;84;;;;;;;;35;;;""
"V";"06.09.2026";"22:25:57";1;1;"GEM";"15088235";"Mücheln (Geiseltal), Stadt";"B";0;1238;8;1230;354;448;106;100;39;74;11;0;15;1;1;6;66;8;1;14;1224;423;458;157;69;51;44;;;;;;;;22;;;""
"V";"06.09.2026";"22:51:53";12;12;"GEM";"15088235";"Mücheln (Geiseltal), Stadt";"";6830;5281;54;5227;979;2882;313;326;103;206;46;12;44;8;9;26;243;21;9;69;5212;1209;2955;437;262;164;128;;;;;;;;57;;;""
"V";"06.09.2026";"19:37:06";1;1;"GEM";"15088250";"Nemsdorf-Göhrendorf";"U";675;427;5;422;78;244;24;27;9;12;1;0;4;0;0;2;20;1;0;10;417;97;254;30;23;6;5;;;;;;;;2;;;""
"V";"06.09.2026";"20:21:54";1;1;"GEM";"15088250";"Nemsdorf-Göhrendorf";"B";0;140;3;137;34;39;16;19;4;7;1;0;1;2;0;1;12;0;1;4;136;51;40;25;7;8;1;;;;;;;;4;;;""
"V";"06.09.2026";"20:21:54";2;2;"GEM";"15088250";"Nemsdorf-Göhrendorf";"";675;567;8;559;112;283;40;46;13;19;2;0;5;2;0;3;32;1;1;14;553;148;294;55;30;14;6;;;;;;;;6;;;""
"V";"06.09.2026";"20:10:33";2;2;"GEM";"15088265";"Obhausen";"U";1815;1114;16;1098;150;664;73;70;19;39;6;5;7;8;3;4;45;4;1;16;1098;200;685;90;59;32;20;;;;;;;;12;;;""
"V";"06.09.2026";"21:22:29";1;1;"GEM";"15088265";"Obhausen";"B";0;348;1;347;96;86;44;44;11;29;2;0;4;4;0;0;26;1;0;3;345;129;91;59;29;22;5;;;;;;;;10;;;""
"V";"06.09.2026";"21:22:29";3;3;"GEM";"15088265";"Obhausen";"";1815;1462;17;1445;246;750;117;114;30;68;8;5;11;12;3;4;71;5;1;19;1443;329;776;149;88;54;25;;;;;;;;22;;;""
"V";"06.09.2026";"22:36:43";11;11;"GEM";"15088295";"Petersberg";"U";7854;4792;48;4744;747;2565;253;312;135;296;40;2;45;22;13;33;263;12;6;59;4733;1094;2682;322;226;250;95;;;;;;;20;44;;;""
"Z";"06.09.2026";"18:56:09";2;1;"GEM";"15088295";"Petersberg";"B";0;98;0;98;33;34;5;10;0;4;2;0;2;1;0;1;5;1;0;0;98;40;36;8;5;2;2;;;;;;;5;0;;;""
"Z";"06.09.2026";"22:36:43";13;12;"GEM";"15088295";"Petersberg";"";7854;4890;48;4842;780;2599;258;322;135;300;42;2;47;23;13;34;268;13;6;59;4831;1134;2718;330;231;252;97;;;;;;;25;44;;;""
"V";"06.09.2026";"22:06:56";13;13;"GEM";"15088305";"Querfurt, Stadt";"U";8544;4806;56;4750;655;2799;316;247;101;182;47;9;58;20;8;37;243;15;13;79;4727;880;2897;410;206;172;70;;;;;;;;92;;;""
"V";"06.09.2026";"22:05:02";3;3;"GEM";"15088305";"Querfurt, Stadt";"B";0;1524;16;1508;462;424;145;134;58;105;20;3;17;5;2;6;115;11;1;26;1498;569;456;208;104;88;36;;;;;;;;37;;;""
"V";"06.09.2026";"22:06:56";16;16;"GEM";"15088305";"Querfurt, Stadt";"";8544;6330;72;6258;1117;3223;461;381;159;287;67;12;75;25;10;43;358;26;14;105;6225;1449;3353;618;310;260;106;;;;;;;;129;;;""
"V";"06.09.2026";"20:34:16";9;9;"GEM";"15088319";"Salzatal";"U";9559;5310;58;5252;846;2833;296;335;140;320;47;14;41;15;10;21;301;18;15;68;5242;1364;2922;388;216;193;95;;;;;;;;64;;;""
"V";"06.09.2026";"21:28:35";2;2;"GEM";"15088319";"Salzatal";"B";0;2485;7;2478;705;628;225;291;115;270;20;6;27;10;1;9;153;16;2;21;2464;1077;649;284;164;166;75;;;;;;;;49;;;""
"V";"06.09.2026";"21:28:35";11;11;"GEM";"15088319";"Salzatal";"";9559;7795;65;7730;1551;3461;521;626;255;590;67;20;68;25;11;30;454;34;17;89;7706;2441;3571;672;380;359;170;;;;;;;;113;;;""
"V";"06.09.2026";"20:26:56";13;13;"GEM";"15088330";"Schkopau";"U";8952;5692;65;5627;812;3105;317;377;123;354;52;9;71;22;11;28;316;7;23;69;5623;1133;3147;409;373;154;122;;;;;;;285;;;;""
"V";"06.09.2026";"21:54:07";2;2;"GEM";"15088330";"Schkopau";"B";0;1645;6;1639;514;425;138;196;47;159;10;1;27;8;4;11;92;0;7;9;1636;614;415;172;213;65;57;;;;;;;100;;;;""
"V";"06.09.2026";"21:54:07";15;15;"GEM";"15088330";"Schkopau";"";8952;7337;71;7266;1326;3530;455;573;170;513;62;10;98;30;15;39;408;7;30;78;7259;1747;3562;581;586;219;179;;;;;;;385;;;;""
"V";"06.09.2026";"19:49:10";1;1;"GEM";"15088340";"Schraplau, Stadt";"U";840;462;1;461;62;298;22;22;10;10;2;2;2;4;0;1;23;3;0;4;458;70;309;29;23;17;3;;;;;;;;7;;;""
"V";"06.09.2026";"19:42:45";1;1;"GEM";"15088340";"Schraplau, Stadt";"B";0;148;1;147;44;47;11;20;6;10;1;0;2;1;1;0;4;0;0;2;146;45;47;15;21;10;7;;;;;;;;1;;;""
"V";"06.09.2026";"19:49:10";2;2;"GEM";"15088340";"Schraplau, Stadt";"";840;610;2;608;106;345;33;42;16;20;3;2;4;5;1;1;27;3;0;6;604;115;356;44;44;27;10;;;;;;;;8;;;""
"V";"06.09.2026";"19:21:29";2;2;"GEM";"15088355";"Steigra";"U";897;502;7;495;92;285;28;31;7;17;6;2;3;3;0;0;16;5;0;7;495;113;292;35;30;15;5;;;;;;;;5;;;""
"V";"06.09.2026";"21:03:25";1;1;"GEM";"15088355";"Steigra";"B";0;219;1;218;74;68;5;20;8;16;1;0;4;1;0;1;9;10;1;2;217;95;65;12;16;10;6;;;;;;;;13;;;""
"V";"06.09.2026";"21:03:25";3;3;"GEM";"15088355";"Steigra";"";897;721;8;713;166;353;33;51;15;33;7;2;7;4;0;1;25;15;1;9;712;208;357;47;46;25;11;;;;;;;;18;;;""
"V";"06.09.2026";"20:58:48";13;13;"GEM";"15088365";"Teutschenthal";"U";11108;6631;57;6574;986;3721;360;432;167;338;58;4;64;18;12;41;341;16;16;79;6552;1483;3865;449;320;263;105;;;;;;;;67;;;""
"Z";"06.09.2026";"20:04:05";2;1;"GEM";"15088365";"Teutschenthal";"B";0;1096;4;1092;262;351;105;132;32;104;14;1;7;5;4;7;61;1;6;21;1075;406;353;135;76;41;31;;;;;;;;33;;;""
"Z";"06.09.2026";"20:58:48";15;14;"GEM";"15088365";"Teutschenthal";"";11108;7727;61;7666;1248;4072;465;564;199;442;72;5;71;23;16;48;402;17;22;100;7627;1889;4218;584;396;304;136;;;;;;;;100;;;""
"V";"06.09.2026";"20:19:32";3;3;"GEM";"15089005";"Alsleben (Saale), Stadt";"U";2001;1133;7;1126;175;686;61;58;33;32;5;1;12;4;0;5;48;3;3;8;1125;233;702;74;47;54;15;;;;;;;;;;;""
"L";;;1;0;"GEM";"15089005";"Alsleben (Saale), Stadt";"B";0;0;0;0;0;0;0;0;0;0;0;0;0;0;0;0;0;0;0;0;0;0;0;0;0;0;0;;;;;;;;;;;""
"Z";"06.09.2026";"20:19:32";4;3;"GEM";"15089005";"Alsleben (Saale), Stadt";"";2001;1133;7;1126;175;686;61;58;33;32;5;1;12;4;0;5;48;3;3;8;1125;233;702;74;47;54;15;;;;;;;;;;;""
"V";"06.09.2026";"21:11:40";23;23;"GEM";"15089015";"Aschersleben, Stadt";"U";20950;11284;145;11139;1564;5998;779;689;208;613;78;19;159;57;24;72;795;34;50;142;11142;1758;5922;932;789;266;271;;;;;;;1077;127;;;""
"Z";"06.09.2026";"23:39:55";3;1;"GEM";"15089015";"Aschersleben, Stadt";"B";0;626;1;625;155;198;60;61;22;31;9;0;8;6;2;3;62;2;6;6;620;161;168;73;59;28;15;;;;;;;109;7;;;""
"Z";"06.09.2026";"23:39:55";26;24;"GEM";"15089015";"Aschersleben, Stadt";"";20950;11910;146;11764;1719;6196;839;750;230;644;87;19;167;63;26;75;857;36;56;148;11762;1919;6090;1005;848;294;286;;;;;;;1186;134;;;""
"V";"06.09.2026";"22:19:32";13;13;"GEM";"15089026";"Barby, Stadt";"U";6583;4342;48;4294;709;2282;255;338;115;216;34;7;55;10;8;31;217;2;15;47;4295;949;2327;316;315;142;74;;;;;;;172;;;;""
"V";"06.09.2026";"23:53:20";1;1;"GEM";"15089026";"Barby, Stadt";"B";0;991;6;985;267;273;99;120;54;74;12;4;12;6;3;4;51;3;3;9;982;339;268;107;114;59;37;;;;;;;58;;;;""
"V";"06.09.2026";"23:53:20";14;14;"GEM";"15089026";"Barby, Stadt";"";6583;5333;54;5279;976;2555;354;458;169;290;46;11;67;16;11;35;268;5;18;56;5277;1288;2595;423;429;201;111;;;;;;;230;;;;""
"V";"06.09.2026";"19:57:38";23;23;"GEM";"15089030";"Bernburg (Saale), Stadt";"U";24920;14387;186;14201;2124;7485;1173;915;515;761;85;25;187;65;33;92;678;18;45;240;14147;2906;7747;1523;766;928;277;;;;;;;;;;;""
"Z";"06.09.2026";"23:31:45";4;1;"GEM";"15089030";"Bernburg (Saale), Stadt";"B";0;482;1;481;139;120;57;72;15;47;1;1;2;1;1;0;23;1;1;0;482;189;118;71;47;39;18;;;;;;;;;;;""
"Z";"06.09.2026";"23:31:45";27;24;"GEM";"15089030";"Bernburg (Saale), Stadt";"";24920;14869;187;14682;2263;7605;1230;987;530;808;86;26;189;66;34;92;701;19;46;240;14629;3095;7865;1594;813;967;295;;;;;;;;;;;""
"V";"06.09.2026";"20:06:31";2;2;"GEM";"15089041";"Bördeaue";"U";1425;966;18;948;138;547;73;57;17;33;11;1;9;5;2;5;46;0;4;14;952;243;533;64;42;26;5;;;;;;;39;;;;""
"V";"06.09.2026";"22:47:30";1;1;"GEM";"15089041";"Bördeaue";"B";0;200;2;198;42;60;20;17;7;16;3;0;1;4;0;2;26;0;0;2;198;75;58;17;6;12;5;;;;;;;25;;;;""
"V";"06.09.2026";"22:47:30";3;3;"GEM";"15089041";"Bördeaue";"";1425;1166;20;1146;180;607;93;74;24;49;14;1;10;9;2;7;72;0;4;16;1150;318;591;81;48;38;10;;;;;;;64;;;;""
"V";"06.09.2026";"20:49:53";7;7;"GEM";"15089042";"Bördeland";"U";6120;3890;54;3836;522;2190;250;252;98;181;29;12;45;20;5;28;185;6;13;60;3830;730;2227;295;246;123;65;;;;;;;144;;;;""
"V";"06.09.2026";"23:35:19";1;1;"GEM";"15089042";"Bördeland";"B";0;1131;9;1122;265;329;123;114;48;98;11;2;16;9;0;8;90;3;6;11;1120;361;330;151;101;51;32;;;;;;;94;;;;""
"V";"06.09.2026";"23:35:19";8;8;"GEM";"15089042";"Bördeland";"";6120;5021;63;4958;787;2519;373;366;146;279;40;14;61;29;5;36;275;9;19;71;4950;1091;2557;446;347;174;97;;;;;;;238;;;;""
"V";"06.09.2026";"19:44:44";3;3;"GEM";"15089043";"Börde-Hakel";"U";2423;1576;9;1567;275;900;87;83;30;53;14;2;17;6;3;6;88;0;3;14;1562;431;867;87;65;31;13;;;;;;;68;;;;""
"V";"06.09.2026";"21:13:44";1;1;"GEM";"15089043";"Börde-Hakel";"B";0;343;2;341;105;91;28;47;13;19;6;0;5;3;1;0;20;0;3;2;341;150;91;26;35;13;6;;;;;;;20;;;;""
"V";"06.09.2026";"21:13:44";4;4;"GEM";"15089043";"Börde-Hakel";"";2423;1919;11;1908;380;991;115;130;43;72;20;2;22;9;4;6;108;0;6;16;1903;581;958;113;100;44;19;;;;;;;88;;;;""
"V";"06.09.2026";"19:42:12";1;1;"GEM";"15089045";"Borne";"U";986;601;10;591;80;361;31;29;11;19;5;0;6;4;2;6;35;1;1;11;590;207;313;25;9;11;2;;;;;;;23;;;;""
"V";"06.09.2026";"21:30:53";1;1;"GEM";"15089045";"Borne";"B";0;190;1;189;34;70;22;23;6;17;2;0;0;0;0;0;13;0;2;1;189;89;58;14;8;6;5;;;;;;;9;;;;""
"V";"06.09.2026";"21:30:53";2;2;"GEM";"15089045";"Borne";"";986;791;11;780;114;431;53;52;17;36;7;0;6;4;2;6;48;1;3;12;779;296;371;39;17;17;7;;;;;;;32;;;;""
"V";"06.09.2026";"20:27:52";7;7;"GEM";"15089055";"Calbe (Saale), Stadt";"U";6617;3904;51;3853;597;2072;299;279;85;184;43;3;56;29;7;32;156;5;6;63;3841;787;2136;353;247;112;76;;;;;;;130;;;;""
"V";"06.09.2026";"23:12:58";1;1;"GEM";"15089055";"Calbe (Saale), Stadt";"B";0;994;7;987;275;293;92;134;17;76;5;1;21;2;0;7;60;1;3;10;984;323;294;113;119;38;39;;;;;;;58;;;;""
"V";"06.09.2026";"23:12:58";8;8;"GEM";"15089055";"Calbe (Saale), Stadt";"";6617;4898;58;4840;872;2365;391;413;102;260;48;4;77;31;7;39;216;6;9;73;4825;1110;2430;466;366;150;115;;;;;;;188;;;;""
"V";"06.09.2026";"20:43:58";3;3;"GEM";"15089075";"Egeln, Stadt";"U";2640;1575;30;1545;237;939;93;88;26;57;5;2;19;6;6;3;52;3;9;31;1544;407;917;77;50;37;15;;;;;;;41;;;;""
"V";"06.09.2026";"20:17:36";1;1;"GEM";"15089075";"Egeln, Stadt";"B";0;464;0;464;136;129;41;62;17;30;27;0;3;3;2;5;8;0;1;0;464;216;112;44;24;19;14;;;;;;;35;;;;""
"V";"06.09.2026";"20:43:58";4;4;"GEM";"15089075";"Egeln, Stadt";"";2640;2039;30;2009;373;1068;134;150;43;87;32;2;22;9;8;8;60;3;10;31;2008;623;1029;121;74;56;29;;;;;;;76;;;;""
"V";"06.09.2026";"19:19:22";1;1;"GEM";"15089130";"Giersleben";"U";777;506;5;501;73;281;27;35;10;16;5;0;8;1;0;5;35;1;4;7;499;92;310;40;31;11;15;;;;;;;;;;;""
"L";;;1;0;"GEM";"15089130";"Giersleben";"B";0;0;0;0;0;0;0;0;0;0;0;0;0;0;0;0;0;0;0;0;0;0;0;0;0;0;0;;;;;;;;;;;""
"Z";"06.09.2026";"19:19:22";2;1;"GEM";"15089130";"Giersleben";"";777;506;5;501;73;281;27;35;10;16;5;0;8;1;0;5;35;1;4;7;499;92;310;40;31;11;15;;;;;;;;;;;""
"V";"06.09.2026";"21:12:39";5;5;"GEM";"15089165";"Güsten, Stadt";"U";3183;1930;14;1916;221;1205;147;95;33;54;19;3;25;5;2;15;81;4;7;23;1907;289;1261;193;82;54;28;;;;;;;;;;;""
"L";;;1;0;"GEM";"15089165";"Güsten, Stadt";"B";0;0;0;0;0;0;0;0;0;0;0;0;0;0;0;0;0;0;0;0;0;0;0;0;0;0;0;;;;;;;;;;;""
"Z";"06.09.2026";"21:12:39";6;5;"GEM";"15089165";"Güsten, Stadt";"";3183;1930;14;1916;221;1205;147;95;33;54;19;3;25;5;2;15;81;4;7;23;1907;289;1261;193;82;54;28;;;;;;;;;;;""
"V";"06.09.2026";"20:08:21";5;5;"GEM";"15089175";"Hecklingen, Stadt";"U";5491;3271;29;3242;424;2028;196;143;43;95;36;4;46;14;8;22;174;5;4;34;3237;622;2049;222;107;72;34;;;;;;;131;;;;""
"V";"06.09.2026";"21:47:55";1;1;"GEM";"15089175";"Hecklingen, Stadt";"B";0;1041;6;1035;211;404;116;95;30;62;14;0;15;8;1;7;69;1;2;9;1032;320;395;100;65;46;28;;;;;;;78;;;;""
"V";"06.09.2026";"21:47:55";6;6;"GEM";"15089175";"Hecklingen, Stadt";"";5491;4312;35;4277;635;2432;312;238;73;157;50;4;61;22;9;29;243;6;6;43;4269;942;2444;322;172;118;62;;;;;;;209;;;;""
"V";"06.09.2026";"19:48:43";1;1;"GEM";"15089185";"Ilberstedt";"U";821;537;7;530;72;338;36;18;14;13;5;1;4;5;1;2;20;1;0;10;527;78;354;42;21;26;6;;;;;;;;;;;""
"L";;;1;0;"GEM";"15089185";"Ilberstedt";"B";0;0;0;0;0;0;0;0;0;0;0;0;0;0;0;0;0;0;0;0;0;0;0;0;0;0;0;;;;;;;;;;;""
"Z";"06.09.2026";"19:48:43";2;1;"GEM";"15089185";"Ilberstedt";"";821;537;7;530;72;338;36;18;14;13;5;1;4;5;1;2;20;1;0;10;527;78;354;42;21;26;6;;;;;;;;;;;""
"V";"06.09.2026";"22:03:19";10;10;"GEM";"15089195";"Könnern, Stadt";"U";6472;4011;48;3963;508;2386;234;223;142;122;46;2;49;14;11;24;181;6;15;59;3952;643;2459;300;251;252;47;;;;;;;;;;;""
"V";"06.09.2026";"23:00:24";1;1;"GEM";"15089195";"Könnern, Stadt";"B";0;1040;3;1037;264;317;97;82;57;95;11;2;11;8;2;6;80;1;4;15;1025;318;334;122;93;122;36;;;;;;;;;;;""
"V";"06.09.2026";"23:00:24";11;11;"GEM";"15089195";"Könnern, Stadt";"";6472;5051;51;5000;772;2703;331;305;199;217;57;4;60;22;13;30;261;7;19;74;4977;961;2793;422;344;374;83;;;;;;;;;;;""
"V";"06.09.2026";"20:48:06";8;8;"GEM";"15089235";"Nienburg (Saale), Stadt";"U";4844;3000;35;2965;404;1806;152;162;105;77;30;3;45;14;2;15;129;4;17;37;2963;542;1877;220;125;172;27;;;;;;;;;;;""
"V";"06.09.2026";"23:46:53";1;1;"GEM";"15089235";"Nienburg (Saale), Stadt";"B";0;975;12;963;274;311;78;101;53;60;9;0;10;3;2;3;51;2;6;10;965;363;326;80;85;81;30;;;;;;;;;;;""
"V";"06.09.2026";"23:46:53";9;9;"GEM";"15089235";"Nienburg (Saale), Stadt";"";4844;3975;47;3928;678;2117;230;263;158;137;39;3;55;17;4;18;180;6;23;47;3928;905;2203;300;210;253;57;;;;;;;;;;;""
"V";"06.09.2026";"19:07:06";3;3;"GEM";"15089245";"Plötzkau";"U";1012;688;5;683;80;448;31;36;23;15;8;2;7;4;2;3;23;1;0;6;682;109;460;41;28;33;11;;;;;;;;;;;""
"L";;;1;0;"GEM";"15089245";"Plötzkau";"B";0;0;0;0;0;0;0;0;0;0;0;0;0;0;0;0;0;0;0;0;0;0;0;0;0;0;0;;;;;;;;;;;""
"Z";"06.09.2026";"19:07:06";4;3;"GEM";"15089245";"Plötzkau";"";1012;688;5;683;80;448;31;36;23;15;8;2;7;4;2;3;23;1;0;6;682;109;460;41;28;33;11;;;;;;;;;;;""
"V";"06.09.2026";"22:41:47";23;23;"GEM";"15089305";"Schönebeck (Elbe), Stadt";"U";23931;14022;162;13860;2060;7110;1107;1054;330;834;89;25;209;77;33;90;768;25;49;176;13846;2731;7307;1334;1124;429;329;;;;;;;592;;;;""
"Z";"06.09.2026";"23:07:04";3;2;"GEM";"15089305";"Schönebeck (Elbe), Stadt";"B";0;2253;10;2243;551;552;271;344;83;224;17;3;22;17;2;14;134;1;8;21;2232;731;529;309;329;122;85;;;;;;;127;;;;""
"Z";"06.09.2026";"23:07:04";26;25;"GEM";"15089305";"Schönebeck (Elbe), Stadt";"";23931;16275;172;16103;2611;7662;1378;1398;413;1058;106;28;231;94;35;104;902;26;57;197;16078;3462;7836;1643;1453;551;414;;;;;;;719;;;;""
"V";"06.09.2026";"21:22:45";6;6;"GEM";"15089307";"Seeland, Stadt";"U";6258;3859;49;3810;602;2142;267;207;65;159;25;4;30;13;5;16;256;9;10;55;3804;715;2147;293;207;70;67;;;;;;;276;29;;;""
"V";"06.09.2026";"22:29:50";1;1;"GEM";"15089307";"Seeland, Stadt";"B";0;971;5;966;258;271;80;114;31;78;8;0;16;5;3;5;86;8;3;12;959;294;255;95;114;36;41;;;;;;;111;13;;;""
"V";"06.09.2026";"22:29:50";7;7;"GEM";"15089307";"Seeland, Stadt";"";6258;4830;54;4776;860;2413;347;321;96;237;33;4;46;18;8;21;342;17;13;67;4763;1009;2402;388;321;106;108;;;;;;;387;42;;;""
"V";"06.09.2026";"22:03:17";16;16;"GEM";"15089310";"Staßfurt, Salzstadt";"U";19791;11096;122;10974;1511;6680;715;564;214;343;80;5;131;65;15;74;531;17;29;129;10967;2155;6698;724;436;256;174;;;;;;;524;;;;""
"Z";"06.09.2026";"23:12:30";3;2;"GEM";"15089310";"Staßfurt, Salzstadt";"B";0;1832;8;1824;508;536;202;210;64;113;10;1;19;13;0;7;126;7;8;9;1823;705;513;205;111;88;46;;;;;;;155;;;;""
"Z";"06.09.2026";"23:12:30";19;18;"GEM";"15089310";"Staßfurt, Salzstadt";"";19791;12928;130;12798;2019;7216;917;774;278;456;90;6;150;78;15;81;657;24;37;138;12790;2860;7211;929;547;344;220;;;;;;;679;;;;""
"V";"06.09.2026";"19:32:57";1;1;"GEM";"15089365";"Wolmirsleben";"U";1129;733;7;726;110;437;51;37;4;34;3;0;4;2;1;4;38;1;0;6;727;191;425;35;25;9;8;;;;;;;34;;;;""
"V";"06.09.2026";"22:44:31";1;1;"GEM";"15089365";"Wolmirsleben";"B";0;208;2;206;54;60;17;23;6;18;3;0;4;2;0;0;17;1;1;2;206;101;56;17;9;6;1;;;;;;;16;;;;""
"V";"06.09.2026";"22:44:31";2;2;"GEM";"15089365";"Wolmirsleben";"";1129;941;9;932;164;497;68;60;10;52;6;0;8;4;1;4;55;2;1;8;933;292;481;52;34;15;9;;;;;;;50;;;;""
"V";"06.09.2026";"19:47:37";4;4;"GEM";"15090003";"Aland";"U";1114;790;10;780;108;402;67;63;16;58;11;3;8;3;3;2;33;1;2;10;780;154;406;96;44;19;30;;;;;;;31;;;;""
"V";"06.09.2026";"20:50:50";1;1;"GEM";"15090003";"Aland";"B";0;140;0;140;33;30;24;17;6;17;1;0;0;2;0;1;9;0;0;1;139;51;34;28;9;4;8;;;;;;;5;;;;""
"V";"06.09.2026";"20:50:50";5;5;"GEM";"15090003";"Aland";"";1114;930;10;920;141;432;91;80;22;75;12;3;8;5;3;3;42;1;2;11;919;205;440;124;53;23;38;;;;;;;36;;;;""
"V";"06.09.2026";"19:14:02";5;5;"GEM";"15090007";"Altmärkische Höhe";"U";1431;938;12;926;159;494;41;79;16;52;14;0;10;4;1;3;49;1;3;16;922;208;504;61;63;20;22;;;;;;;44;;;;""
"V";"06.09.2026";"19:56:46";1;1;"GEM";"15090007";"Altmärkische Höhe";"B";0;251;1;250;67;62;22;43;6;20;0;1;8;2;1;0;16;0;2;1;250;76;61;37;29;5;18;;;;;;;24;;;;""
"V";"06.09.2026";"19:56:46";6;6;"GEM";"15090007";"Altmärkische Höhe";"";1431;1189;13;1176;226;556;63;122;22;72;14;1;18;6;2;3;65;1;5;17;1172;284;565;98;92;25;40;;;;;;;68;;;;""
"V";"06.09.2026";"19:05:25";4;4;"GEM";"15090008";"Altmärkische Wische";"U";710;446;7;439;64;238;35;29;14;21;3;2;3;3;0;0;25;1;1;6;440;91;237;43;22;13;15;;;;;;;19;;;;""
"V";"06.09.2026";"18:42:24";1;1;"GEM";"15090008";"Altmärkische Wische";"B";0;105;0;105;27;36;9;13;2;11;1;0;1;0;0;1;4;0;0;0;105;34;35;10;18;0;5;;;;;;;3;;;;""
"V";"06.09.2026";"19:05:25";5;5;"GEM";"15090008";"Altmärkische Wische";"";710;551;7;544;91;274;44;42;16;32;4;2;4;3;0;1;29;1;1;6;545;125;272;53;40;13;20;;;;;;;22;;;;""
"V";"06.09.2026";"20:21:41";2;2;"GEM";"15090010";"Arneburg, Stadt";"U";1218;752;12;740;85;403;58;79;14;46;6;1;9;5;2;0;28;1;3;14;738;125;395;99;55;24;22;;;;;;;18;;;;""
"V";"06.09.2026";"20:57:04";1;1;"GEM";"15090010";"Arneburg, Stadt";"B";0;232;1;231;57;56;37;28;11;22;0;0;3;3;0;1;11;2;0;2;230;64;50;61;19;11;15;;;;;;;10;;;;""
"V";"06.09.2026";"20:57:04";3;3;"GEM";"15090010";"Arneburg, Stadt";"";1218;984;13;971;142;459;95;107;25;68;6;1;12;8;2;1;39;3;3;16;968;189;445;160;74;35;37;;;;;;;28;;;;""
"Z";"06.09.2026";"19:46:50";21;20;"GEM";"15090070";"Bismark (Altmark), Stadt";"U";5619;3775;47;3728;601;1813;302;325;112;215;40;10;31;12;9;15;225;5;13;51;3724;796;1819;330;340;138;120;;;;;;;181;;;;""
"V";"06.09.2026";"20:47:33";2;2;"GEM";"15090070";"Bismark (Altmark), Stadt";"B";0;1015;3;1012;275;227;116;156;43;90;15;1;11;2;1;6;67;2;0;10;1005;346;219;112;141;63;53;;;;;;;71;;;;""
"Z";"06.09.2026";"20:47:33";23;22;"GEM";"15090070";"Bismark (Altmark), Stadt";"";5619;4790;50;4740;876;2040;418;481;155;305;55;11;42;14;10;21;292;7;13;61;4729;1142;2038;442;481;201;173;;;;;;;252;;;;""
"V";"06.09.2026";"18:45:18";3;3;"GEM";"15090135";"Eichstedt (Altmark)";"U";673;508;3;505;84;258;37;45;12;23;10;1;3;4;4;0;20;2;2;7;501;96;260;73;30;20;10;;;;;;;12;;;;""
"V";"06.09.2026";"18:50:13";1;1;"GEM";"15090135";"Eichstedt (Altmark)";"B";0;85;2;83;26;17;9;11;7;9;0;0;0;0;0;0;4;0;0;2;83;28;18;21;5;5;2;;;;;;;4;;;;""
"V";"06.09.2026";"18:50:13";4;4;"GEM";"15090135";"Eichstedt (Altmark)";"";673;593;5;588;110;275;46;56;19;32;10;1;3;4;4;0;24;2;2;9;584;124;278;94;35;25;12;;;;;;;16;;;;""
"V";"06.09.2026";"19:27:08";2;2;"GEM";"15090180";"Goldbeck";"U";1133;723;4;719;109;347;84;57;25;41;11;3;4;4;1;1;29;0;3;9;714;119;346;136;41;30;21;;;;;;;21;;;;""
"V";"06.09.2026";"20:11:20";1;1;"GEM";"15090180";"Goldbeck";"B";0;210;0;210;62;33;44;28;4;14;3;0;1;0;1;0;20;0;0;1;209;67;32;72;10;3;9;;;;;;;16;;;;""
"V";"06.09.2026";"20:11:20";3;3;"GEM";"15090180";"Goldbeck";"";1133;933;4;929;171;380;128;85;29;55;14;3;5;4;2;1;49;0;3;10;923;186;378;208;51;33;30;;;;;;;37;;;;""
"V";"06.09.2026";"19:09:55";2;2;"GEM";"15090220";"Hassel";"U";763;537;4;533;96;254;33;46;9;44;6;0;4;0;0;1;39;1;0;4;533;133;249;58;38;9;19;;;;;;;27;;;;""
"V";"06.09.2026";"19:31:14";1;1;"GEM";"15090220";"Hassel";"B";0;114;0;114;21;26;12;22;4;17;0;0;1;0;1;0;10;0;0;0;114;36;25;24;9;4;9;;;;;;;7;;;;""
"V";"06.09.2026";"19:31:14";3;3;"GEM";"15090220";"Hassel";"";763;651;4;647;117;280;45;68;13;61;6;0;5;0;1;1;49;1;0;4;647;169;274;82;47;13;28;;;;;;;34;;;;""
"V";"06.09.2026";"21:22:51";8;8;"GEM";"15090225";"Havelberg, Hansestadt";"U";5184;2744;43;2701;358;1517;193;200;55;145;33;5;19;10;4;11;139;5;7;45;2699;542;1517;233;172;49;77;;;;;;;109;;;;""
"V";"06.09.2026";"20:38:10";2;2;"GEM";"15090225";"Havelberg, Hansestadt";"B";0;1077;2;1075;286;252;138;143;35;103;8;2;6;3;1;6;80;5;7;12;1065;416;239;164;102;32;34;;;;;;;78;;;;""
"V";"06.09.2026";"21:22:51";10;10;"GEM";"15090225";"Havelberg, Hansestadt";"";5184;3821;45;3776;644;1769;331;343;90;248;41;7;25;13;5;17;219;10;14;57;3764;958;1756;397;274;81;111;;;;;;;187;;;;""
"V";"06.09.2026";"19:07:19";3;3;"GEM";"15090245";"Hohenberg-Krusemark";"U";982;683;2;681;72;390;46;54;20;33;8;1;6;1;1;3;42;3;1;3;680;88;385;77;42;34;25;;;;;;;29;;;;""
"V";"06.09.2026";"19:04:16";1;1;"GEM";"15090245";"Hohenberg-Krusemark";"B";0;125;1;124;21;35;12;19;1;20;0;0;1;1;1;1;12;0;0;1;124;32;35;27;7;6;5;;;;;;;12;;;;""
"V";"06.09.2026";"19:07:19";4;4;"GEM";"15090245";"Hohenberg-Krusemark";"";982;808;3;805;93;425;58;73;21;53;8;1;7;2;2;4;54;3;1;4;804;120;420;104;49;40;30;;;;;;;41;;;;""
"V";"06.09.2026";"18:57:41";2;2;"GEM";"15090270";"Iden";"U";613;384;5;379;44;189;39;33;13;26;6;0;5;2;0;1;20;0;1;5;379;53;186;69;25;15;20;;;;;;;11;;;;""
"V";"06.09.2026";"19:53:55";1;1;"GEM";"15090270";"Iden";"B";0;94;0;94;20;24;15;8;4;9;1;0;0;1;1;1;10;0;0;0;94;22;22;27;5;4;5;;;;;;;9;;;;""
"V";"06.09.2026";"19:53:55";3;3;"GEM";"15090270";"Iden";"";613;478;5;473;64;213;54;41;17;35;7;0;5;3;1;2;30;0;1;5;473;75;208;96;30;19;25;;;;;;;20;;;;""
"V";"06.09.2026";"19:33:55";3;3;"GEM";"15090285";"Kamern";"U";990;604;11;593;95;272;44;51;8;50;8;2;4;2;2;5;48;2;0;10;594;144;279;65;49;6;15;;;;;;;36;;;;""
"V";"06.09.2026";"19:46:54";1;1;"GEM";"15090285";"Kamern";"B";0;187;2;185;52;57;20;19;3;18;1;1;4;0;1;1;8;0;0;1;186;74;50;23;13;6;11;;;;;;;9;;;;""
"V";"06.09.2026";"19:46:54";4;4;"GEM";"15090285";"Kamern";"";990;791;13;778;147;329;64;70;11;68;9;3;8;2;3;6;56;2;0;11;780;218;329;88;62;12;26;;;;;;;45;;;;""
"V";"06.09.2026";"19:48:28";3;3;"GEM";"15090310";"Klietz";"U";1231;838;6;832;108;465;42;89;13;32;8;0;5;5;1;2;56;1;5;4;834;190;461;68;56;9;9;;;;;;;41;;;;""
"V";"06.09.2026";"20:35:11";1;1;"GEM";"15090310";"Klietz";"B";0;198;0;198;56;49;27;19;3;22;4;0;1;0;0;0;17;0;0;0;198;76;45;36;11;4;11;;;;;;;15;;;;""
"V";"06.09.2026";"20:35:11";4;4;"GEM";"15090310";"Klietz";"";1231;1036;6;1030;164;514;69;108;16;54;12;0;6;5;1;2;73;1;5;4;1032;266;506;104;67;13;20;;;;;;;56;;;;""
"V";"06.09.2026";"21:43:28";13;13;"GEM";"15090415";"Osterburg (Altmark), Hansestadt";"U";7914;4719;57;4662;781;2269;417;400;98;274;81;9;38;16;9;10;242;5;13;55;4664;1040;2264;549;328;121;151;;;;;;;211;;;;""
"V";"06.09.2026";"20:31:41";2;2;"GEM";"15090415";"Osterburg (Altmark), Hansestadt";"B";0;1479;2;1477;401;382;176;181;60;137;14;3;10;7;1;4;98;1;2;6;1473;512;380;219;131;50;94;;;;;;;87;;;;""
"V";"06.09.2026";"21:43:28";15;15;"GEM";"15090415";"Osterburg (Altmark), Hansestadt";"";7914;6198;59;6139;1182;2651;593;581;158;411;95;12;48;23;10;14;340;6;15;61;6137;1552;2644;768;459;171;245;;;;;;;298;;;;""
"V";"06.09.2026";"19:05:44";2;2;"GEM";"15090435";"Rochau";"U";803;548;10;538;70;285;46;50;15;21;3;1;5;2;3;1;35;0;1;7;541;88;283;82;36;8;16;;;;;;;28;;;;""
"V";"06.09.2026";"20:44:00";1;1;"GEM";"15090435";"Rochau";"B";0;132;0;132;31;50;20;9;7;8;0;0;0;0;0;1;6;0;0;0;132;38;49;30;2;4;4;;;;;;;5;;;;""
"V";"06.09.2026";"20:44:00";3;3;"GEM";"15090435";"Rochau";"";803;680;10;670;101;335;66;59;22;29;3;1;5;2;3;2;41;0;1;7;673;126;332;112;38;12;20;;;;;;;33;;;;""
"V";"06.09.2026";"19:36:34";1;1;"GEM";"15090445";"Sandau (Elbe), Stadt";"U";707;434;4;430;58;262;18;21;10;23;10;0;3;2;1;5;17;0;0;5;429;84;265;25;20;7;9;;;;;;;19;;;;""
"V";"06.09.2026";"18:45:08";1;1;"GEM";"15090445";"Sandau (Elbe), Stadt";"B";0;132;0;132;40;40;14;14;0;11;1;1;0;0;0;0;11;0;0;0;132;50;39;15;11;0;5;;;;;;;12;;;;""
"V";"06.09.2026";"19:36:34";2;2;"GEM";"15090445";"Sandau (Elbe), Stadt";"";707;566;4;562;98;302;32;35;10;34;11;1;3;2;1;5;28;0;0;5;561;134;304;40;31;7;14;;;;;;;31;;;;""
"V";"06.09.2026";"19:45:31";1;1;"GEM";"15090485";"Schollene";"U";917;581;8;573;69;300;57;46;16;29;26;1;8;2;1;3;14;0;1;6;575;107;302;63;49;16;15;;;;;;;23;;;;""
"V";"06.09.2026";"21:01:48";1;1;"GEM";"15090485";"Schollene";"B";0;148;0;148;35;33;17;20;3;24;1;0;4;0;2;1;8;0;0;0;148;48;32;22;20;4;14;;;;;;;8;;;;""
"V";"06.09.2026";"21:01:48";2;2;"GEM";"15090485";"Schollene";"";917;729;8;721;104;333;74;66;19;53;27;1;12;2;3;4;22;0;1;6;723;155;334;85;69;20;29;;;;;;;31;;;;""
"V";"06.09.2026";"19:42:39";3;3;"GEM";"15090500";"Schönhausen (Elbe)";"U";1719;1123;11;1112;162;645;59;83;19;37;11;4;10;2;1;5;69;2;3;10;1113;228;645;79;61;22;15;;;;;;;63;;;;""
"V";"06.09.2026";"20:24:52";1;1;"GEM";"15090500";"Schönhausen (Elbe)";"B";0;325;2;323;92;96;31;32;17;24;4;0;3;1;0;0;23;0;0;3;322;122;92;39;22;14;10;;;;;;;23;;;;""
"V";"06.09.2026";"20:24:52";4;4;"GEM";"15090500";"Schönhausen (Elbe)";"";1719;1448;13;1435;254;741;90;115;36;61;15;4;13;3;1;5;92;2;3;13;1435;350;737;118;83;36;25;;;;;;;86;;;;""
"V";"06.09.2026";"21:18:32";5;5;"GEM";"15090520";"Seehausen (Altmark), Hansestadt";"U";3852;2246;36;2210;304;1183;177;188;52;115;41;10;14;15;3;4;100;1;3;38;2208;413;1187;240;170;54;60;;;;;;;84;;;;""
"V";"06.09.2026";"20:27:54";1;1;"GEM";"15090520";"Seehausen (Altmark), Hansestadt";"B";0;670;4;666;165;181;82;96;21;59;12;2;1;5;0;0;40;1;1;5;665;211;171;116;75;25;35;;;;;;;32;;;;""
"V";"06.09.2026";"21:18:32";6;6;"GEM";"15090520";"Seehausen (Altmark), Hansestadt";"";3852;2916;40;2876;469;1364;259;284;73;174;53;12;15;20;3;4;140;2;4;43;2873;624;1358;356;245;79;95;;;;;;;116;;;;""
"V";"06.09.2026";"20:58:22";36;36;"GEM";"15090535";"Stendal, Hansestadt";"U";29431;16385;216;16169;2261;7954;1355;1376;354;1230;143;21;188;82;40;79;1010;21;55;239;16146;3408;8033;1614;1255;512;574;;;;;;;750;;;;""
"V";"06.09.2026";"21:15:35";6;6;"GEM";"15090535";"Stendal, Hansestadt";"B";0;5649;28;5621;1414;1201;691;765;225;702;59;8;56;29;14;28;398;10;21;45;5604;2006;1146;757;705;245;383;;;;;;;362;;;;""
"V";"06.09.2026";"21:15:35";42;42;"GEM";"15090535";"Stendal, Hansestadt";"";29431;22034;244;21790;3675;9155;2046;2141;579;1932;202;29;244;111;54;107;1408;31;76;284;21750;5414;9179;2371;1960;757;957;;;;;;;1112;;;;""
"V";"06.09.2026";"21:07:46";19;19;"GEM";"15090546";"Tangerhütte, Stadt";"U";8380;5137;50;5087;743;2866;286;406;129;252;34;6;55;25;11;25;223;7;19;59;5078;1067;2957;301;312;135;106;;;;;;;155;;;45;""
"V";"06.09.2026";"22:01:11";2;2;"GEM";"15090546";"Tangerhütte, Stadt";"B";0;1529;6;1523;407;434;162;173;56;122;19;1;17;11;3;5;95;7;11;8;1521;531;465;164;144;39;52;;;;;;;92;;;34;""
"V";"06.09.2026";"22:01:11";21;21;"GEM";"15090546";"Tangerhütte, Stadt";"";8380;6666;56;6610;1150;3300;448;579;185;374;53;7;72;36;14;30;318;14;30;67;6599;1598;3422;465;456;174;158;;;;;;;247;;;79;""
"V";"06.09.2026";"21:06:41";12;12;"GEM";"15090550";"Tangermünde, Stadt";"U";8581;5334;57;5277;758;2865;370;386;108;327;53;4;54;24;10;26;263;4;25;54;5280;1051;2953;425;444;106;83;;;;;;;168;;;50;""
"V";"06.09.2026";"21:49:31";2;2;"GEM";"15090550";"Tangermünde, Stadt";"B";0;1657;34;1623;424;407;163;232;39;199;19;3;15;8;3;7;94;6;4;37;1620;571;432;176;252;34;59;;;;;;;68;;;28;""
"V";"06.09.2026";"21:49:31";14;14;"GEM";"15090550";"Tangermünde, Stadt";"";8581;6991;91;6900;1182;3272;533;618;147;526;72;7;69;32;13;33;357;10;29;91;6900;1622;3385;601;696;140;142;;;;;;;236;;;78;""
"V";"06.09.2026";"21:04:21";2;2;"GEM";"15090610";"Werben (Elbe), Hansestadt";"U";817;551;10;541;72;287;38;45;11;38;4;1;2;2;0;2;35;1;3;10;541;74;288;70;45;19;22;;;;;;;23;;;;""
"V";"06.09.2026";"21:17:13";1;1;"GEM";"15090610";"Werben (Elbe), Hansestadt";"B";0;102;0;102;24;29;11;20;2;6;1;0;3;1;0;1;4;0;0;0;102;26;26;19;15;4;8;;;;;;;4;;;;""
"V";"06.09.2026";"21:17:13";3;3;"GEM";"15090610";"Werben (Elbe), Hansestadt";"";817;653;10;643;96;316;49;65;13;44;5;1;5;3;0;3;39;1;3;10;643;100;314;89;60;23;30;;;;;;;27;;;;""
"V";"06.09.2026";"19:31:45";3;3;"GEM";"15090631";"Wust-Fischbeck";"U";966;627;11;616;75;346;33;47;19;41;18;3;3;3;1;2;23;1;1;11;616;128;358;44;30;19;15;;;;;;;22;;;;""
"V";"06.09.2026";"19:01:12";1;1;"GEM";"15090631";"Wust-Fischbeck";"B";0;184;1;183;39;45;20;37;2;21;4;0;0;1;0;0;14;0;0;2;182;64;47;25;20;4;9;;;;;;;13;;;;""
"V";"06.09.2026";"19:31:45";4;4;"GEM";"15090631";"Wust-Fischbeck";"";966;811;12;799;114;391;53;84;21;62;22;3;3;4;1;2;37;1;1;13;798;192;405;69;50;23;24;;;;;;;35;;;;""
"V";"06.09.2026";"19:16:52";2;2;"GEM";"15090635";"Zehrental";"U";672;458;6;452;71;231;25;55;7;27;5;0;2;3;0;2;21;1;2;7;451;94;235;39;43;10;14;;;;;;;16;;;;""
"V";"06.09.2026";"18:37:41";1;1;"GEM";"15090635";"Zehrental";"B";0;77;0;77;21;22;7;13;0;10;2;0;0;0;1;0;1;0;0;0;77;29;21;10;7;0;7;;;;;;;3;;;;""
"V";"06.09.2026";"19:16:52";3;3;"GEM";"15090635";"Zehrental";"";672;535;6;529;92;253;32;68;7;37;7;0;2;3;1;2;22;1;2;7;528;123;256;49;50;10;21;;;;;;;19;;;;""
"V";"06.09.2026";"21:23:27";12;12;"GEM";"15091010";"Annaburg, Stadt";"U";5145;3029;34;2995;440;1837;178;136;50;88;76;3;25;13;6;13;124;2;4;31;2998;575;1851;226;91;50;57;148;;;;;;;;;;""
"V";"06.09.2026";"20:14:39";2;2;"GEM";"15091010";"Annaburg, Stadt";"B";0;1009;16;993;283;325;97;76;10;52;34;3;13;6;3;5;77;4;5;21;988;330;347;117;77;18;25;74;;;;;;;;;;""
"V";"06.09.2026";"21:23:27";14;14;"GEM";"15091010";"Annaburg, Stadt";"";5145;4038;50;3988;723;2162;275;212;60;140;110;6;38;19;9;18;201;6;9;52;3986;905;2198;343;168;68;82;222;;;;;;;;;;""
"V";"06.09.2026";"19:43:12";12;12;"GEM";"15091020";"Bad Schmiedeberg, Stadt";"U";6625;4082;45;4037;739;2117;264;250;91;220;135;8;32;9;6;14;145;3;4;46;4036;907;2139;286;214;95;83;312;;;;;;;;;;""
"V";"06.09.2026";"20:24:08";1;1;"GEM";"15091020";"Bad Schmiedeberg, Stadt";"B";0;1156;3;1153;340;365;80;116;27;98;44;0;9;10;2;7;50;2;3;6;1150;427;356;95;97;20;43;112;;;;;;;;;;""
"V";"06.09.2026";"20:24:08";13;13;"GEM";"15091020";"Bad Schmiedeberg, Stadt";"";6625;5238;48;5190;1079;2482;344;366;118;318;179;8;41;19;8;21;195;5;7;52;5186;1334;2495;381;311;115;126;424;;;;;;;;;;""
"V";"06.09.2026";"22:51:05";23;23;"GEM";"15091060";"Coswig (Anhalt), Stadt";"U";9211;5702;66;5636;887;3140;379;370;107;258;105;3;57;23;17;32;237;4;17;69;5633;1131;3225;480;310;129;104;214;;;;;40;;;;;""
"V";"06.09.2026";"21:44:14";2;2;"GEM";"15091060";"Coswig (Anhalt), Stadt";"B";0;1623;8;1615;433;444;179;169;48;144;50;5;26;11;2;5;91;1;7;16;1607;603;449;204;127;50;73;78;;;;;23;;;;;""
"V";"06.09.2026";"22:51:05";25;25;"GEM";"15091060";"Coswig (Anhalt), Stadt";"";9211;7325;74;7251;1320;3584;558;539;155;402;155;8;83;34;19;37;328;5;24;85;7240;1734;3674;684;437;179;177;292;;;;;63;;;;;""
"V";"06.09.2026";"21:28:27";12;12;"GEM";"15091110";"Gräfenhainichen, Stadt";"U";9210;5400;63;5337;793;3103;356;325;107;217;84;3;62;21;11;30;200;10;15;68;5332;966;3166;451;296;104;111;238;;;;;;;;;;""
"V";"06.09.2026";"21:26:52";2;2;"GEM";"15091110";"Gräfenhainichen, Stadt";"B";0;1858;14;1844;518;568;192;190;38;128;36;4;20;8;4;14;114;4;6;32;1826;624;576;230;214;38;44;100;;;;;;;;;;""
"V";"06.09.2026";"21:28:27";14;14;"GEM";"15091110";"Gräfenhainichen, Stadt";"";9210;7258;77;7181;1311;3671;548;515;145;345;120;7;82;29;15;44;314;14;21;100;7158;1590;3742;681;510;142;155;338;;;;;;;;;;""
"V";"06.09.2026";"20:36:29";21;21;"GEM";"15091145";"Jessen (Elster), Stadt";"U";11105;6498;72;6426;1080;3530;416;392;131;250;104;10;67;32;15;28;338;8;25;78;6420;1449;3589;554;322;126;97;283;;;;;;;;;;""
"V";"06.09.2026";"19:53:56";2;2;"GEM";"15091145";"Jessen (Elster), Stadt";"B";0;2209;10;2199;665;581;231;203;67;159;64;0;32;17;1;10;149;8;12;26;2183;840;612;286;159;54;97;135;;;;;;;;;;""
"V";"06.09.2026";"20:36:29";23;23;"GEM";"15091145";"Jessen (Elster), Stadt";"";11105;8707;82;8625;1745;4111;647;595;198;409;168;10;99;49;16;38;487;16;37;104;8603;2289;4201;840;481;180;194;418;;;;;;;;;;""
"V";"06.09.2026";"20:12:00";15;15;"GEM";"15091160";"Kemberg, Stadt";"U";7841;4933;58;4875;961;2517;317;333;88;241;94;11;48;15;6;22;204;8;10;65;4868;1168;2564;421;286;88;85;256;;;;;;;;;;""
"V";"06.09.2026";"20:07:41";2;2;"GEM";"15091160";"Kemberg, Stadt";"B";0;1568;5;1563;449;433;166;168;28;140;54;0;19;9;3;12;76;1;5;14;1554;580;430;195;131;33;72;113;;;;;;;;;;""
"V";"06.09.2026";"20:12:00";17;17;"GEM";"15091160";"Kemberg, Stadt";"";7841;6501;63;6438;1410;2950;483;501;116;381;148;11;67;24;9;34;280;9;15;79;6422;1748;2994;616;417;121;157;369;;;;;;;;;;""
"V";"06.09.2026";"20:25:41";12;12;"GEM";"15091241";"Oranienbaum-Wörlitz, Stadt";"U";6433;4200;65;4135;701;2227;260;263;93;221;69;3;49;18;20;17;178;4;12;65;4135;1062;2228;293;215;96;64;141;;;;;36;;;;;""
"V";"06.09.2026";"20:47:00";2;2;"GEM";"15091241";"Oranienbaum-Wörlitz, Stadt";"B";0;1116;5;1111;273;340;104;129;45;98;30;2;14;5;3;10;56;0;2;12;1104;449;333;114;93;33;27;44;;;;;11;;;;;""
"V";"06.09.2026";"20:47:00";14;14;"GEM";"15091241";"Oranienbaum-Wörlitz, Stadt";"";6433;5316;70;5246;974;2567;364;392;138;319;99;5;63;23;23;27;234;4;14;77;5239;1511;2561;407;308;129;91;185;;;;;47;;;;;""
"V";"06.09.2026";"23:29:41";37;37;"GEM";"15091375";"Wittenberg, Lutherstadt";"U";36188;19278;204;19074;3469;9310;1446;1289;350;1372;444;28;225;86;59;103;801;42;50;237;19041;4765;9553;1761;1133;353;514;962;;;;;;;;;;""
"V";"06.09.2026";"21:41:23";12;12;"GEM";"15091375";"Wittenberg, Lutherstadt";"B";0;8396;54;8342;2353;1968;921;1026;231;981;261;13;73;35;25;51;370;12;22;86;8310;3315;2048;1063;796;193;411;484;;;;;;;;;;""
"V";"06.09.2026";"23:29:41";49;49;"GEM";"15091375";"Wittenberg, Lutherstadt";"";36188;27674;258;27416;5822;11278;2367;2315;581;2353;705;41;298;121;84;154;1171;54;72;323;27351;8080;11601;2824;1929;546;925;1446;;;;;;;;;;""
"V";"06.09.2026";"20:55:14";12;12;"GEM";"15091391";"Zahna-Elster, Stadt";"U";7436;4371;44;4327;814;2229;300;272;80;210;115;8;41;15;7;23;197;7;9;45;4326;1062;2279;356;226;79;76;248;;;;;;;;;;""
"V";"06.09.2026";"19:56:28";2;2;"GEM";"15091391";"Zahna-Elster, Stadt";"B";0;1751;10;1741;528;462;171;174;62;130;70;4;21;13;5;9;83;5;4;16;1735;687;473;212;124;44;64;131;;;;;;;;;;""
"V";"06.09.2026";"20:55:14";14;14;"GEM";"15091391";"Zahna-Elster, Stadt";"";7436;6122;54;6068;1342;2691;471;446;142;340;185;12;62;28;12;32;280;12;13;61;6061;1749;2752;568;350;123;140;379;;;;;;;;;;""
